tc_code,label,column_name,dimension,type,is_frozen,is_editable,is_aggregated,order_of_display,is_hidden,is_required,tc_mapping_code,child_tc_mapping_code,aggregate_type,formatter,is_row_span,footer,is_searchable,extra,is_sortable,width,is_deleted,is_master_group
1,Configuration name,name,Product,str,TRUE,FALSE,FALSE,1,FALSE,FALSE,15,,,,FALSE,,TRUE,{},TRUE,200,FALSE,FALSE
1,Applicable modules,applicable_modules,Product,str,TRUE,FALSE,FALSE,2,FALSE,FALSE,30,,,,FALSE,,TRUE,{},TRUE,200,FALSE,FALSE
1,Dimensions,dimensions,Product,str,FALSE,FALSE,FALSE,3,FALSE,FALSE,29,,,,FALSE,,TRUE,{},TRUE,200,FALSE,FALSE
1,Created by,created_by,Product,str,FALSE,FALSE,FALSE,4,FALSE,FALSE,32,,,,FALSE,,TRUE,{},TRUE,200,FALSE,FALSE
1,Created on,created_on,Product,str,FALSE,FALSE,FALSE,5,FALSE,FALSE,33,,,,FALSE,,TRUE,{},TRUE,200,FALSE,FALSE
2,Product Code,product_code,Product,str,FALSE,FALSE,FALSE,1,FALSE,FALSE,200042,,,,FALSE,,TRUE,"{""is_grouping_key"": true}",TRUE,200,FALSE,FALSE
2,Product Description,product_description,Product,str,FALSE,FALSE,FALSE,2,FALSE,FALSE,200043,,,,FALSE,,TRUE,{},TRUE,200,FALSE,FALSE
2,Size,size,Product,str,FALSE,FALSE,FALSE,3,FALSE,FALSE,200044,,,,FALSE,,TRUE,{},TRUE,200,FALSE,FALSE
2,Choice,l6_id,Product,str,FALSE,FALSE,FALSE,4,FALSE,FALSE,200045,,,,FALSE,,TRUE,{},TRUE,200,FALSE,FALSE
2,Choice Description,l6_name,Product,str,FALSE,FALSE,FALSE,5,FALSE,FALSE,200046,,,,FALSE,,TRUE,{},TRUE,200,FALSE,FALSE
2,Color,color,Product,str,FALSE,FALSE,FALSE,6,FALSE,FALSE,200047,,,,FALSE,,TRUE,{},TRUE,200,FALSE,FALSE
2,Brand,l0_name,Product,str,FALSE,FALSE,FALSE,7,FALSE,FALSE,200048,,,,FALSE,,TRUE,{},TRUE,200,FALSE,FALSE
2,Category,l2_name,Product,str,FALSE,FALSE,FALSE,8,FALSE,FALSE,200049,,,,FALSE,,TRUE,{},TRUE,200,FALSE,FALSE
2,Class,l3_name,Product,str,FALSE,FALSE,FALSE,9,FALSE,FALSE,200050,,,,FALSE,,TRUE,{},TRUE,200,FALSE,FALSE
2,Sub Class,l4_name,Product,str,FALSE,FALSE,FALSE,10,FALSE,FALSE,200051,,,,FALSE,,TRUE,{},TRUE,200,FALSE,FALSE
2,Style,l5_name,Product,str,FALSE,FALSE,FALSE,11,FALSE,FALSE,200052,,,,FALSE,,TRUE,{},TRUE,200,FALSE,FALSE
2,Collection,collection,Product,str,FALSE,FALSE,FALSE,12,FALSE,FALSE,200053,,,,FALSE,,TRUE,{},TRUE,200,FALSE,FALSE
2,Product Lifecycle,product_lifecycle,Product,str,FALSE,FALSE,FALSE,13,FALSE,FALSE,200054,,,,FALSE,,TRUE,{},TRUE,200,FALSE,FALSE
2,Masterstyle,masterstyle_descr,Product,str,FALSE,FALSE,FALSE,14,FALSE,FALSE,200055,,,,FALSE,,TRUE,{},TRUE,200,FALSE,FALSE
2,Subbrand,subbrand_code_desc,Product,str,FALSE,FALSE,FALSE,15,FALSE,FALSE,200056,,,,FALSE,,TRUE,{},TRUE,200,FALSE,FALSE
2,Flex Style,flex_style,Product,str,FALSE,FALSE,FALSE,16,FALSE,FALSE,200057,,,,FALSE,,TRUE,{},TRUE,200,FALSE,FALSE
2,Generic,generic,Product,str,FALSE,FALSE,FALSE,17,FALSE,FALSE,200058,,,,FALSE,,TRUE,{},TRUE,200,FALSE,FALSE
2,Sizes,sizes_mat,Product,str,FALSE,FALSE,FALSE,18,FALSE,FALSE,361777,,,,FALSE,,TRUE,{},TRUE,200,FALSE,FALSE
2,Form,form,Product,str,FALSE,FALSE,FALSE,19,FALSE,FALSE,200060,,,,FALSE,,TRUE,{},TRUE,200,FALSE,FALSE
2,User Defined 1,user_defined_1,Product,str,FALSE,FALSE,FALSE,20,FALSE,FALSE,200061,,,,FALSE,,TRUE,{},TRUE,200,FALSE,FALSE
2,User Defined 2,user_defined_2,Product,str,FALSE,FALSE,FALSE,21,FALSE,FALSE,200062,,,,FALSE,,TRUE,{},TRUE,200,FALSE,FALSE
2,User Defined 3,user_defined_3,Product,str,FALSE,FALSE,FALSE,22,FALSE,FALSE,200063,,,,FALSE,,TRUE,{},TRUE,200,FALSE,FALSE
2,User Defined 4,user_defined_4,Product,str,FALSE,FALSE,FALSE,23,FALSE,FALSE,200064,,,,FALSE,,TRUE,{},TRUE,200,FALSE,FALSE
2,User Defined 5,user_defined_5,Product,str,FALSE,FALSE,FALSE,24,FALSE,FALSE,200065,,,,FALSE,,TRUE,{},TRUE,200,FALSE,FALSE
2,User Defined 6,user_defined_6,Product,str,FALSE,FALSE,FALSE,25,FALSE,FALSE,200066,,,,FALSE,,TRUE,{},TRUE,200,FALSE,FALSE
2,Status,status,Product,list,FALSE,FALSE,FALSE,26,FALSE,FALSE,200067,,,,FALSE,,FALSE,{},FALSE,200,FALSE,FALSE
2,Supersession ID,supersession_id,Product,str,FALSE,FALSE,FALSE,27,FALSE,FALSE,200068,,,,FALSE,,TRUE,{},TRUE,200,FALSE,FALSE
3,Product group name,name,Product,str,TRUE,FALSE,FALSE,1,FALSE,FALSE,16,,,,FALSE,,TRUE,{},TRUE,200,FALSE,FALSE
3,Definitions,product_group_definitions,Product,str,FALSE,FALSE,FALSE,3,FALSE,FALSE,8,,,,FALSE,,FALSE,{},FALSE,200,FALSE,FALSE
3,# SKUs,product_count,Product,int,FALSE,FALSE,FALSE,2,FALSE,FALSE,10,,,,FALSE,,FALSE,{},TRUE,200,FALSE,FALSE
3,Time Period,time_period,Product,str,FALSE,FALSE,FALSE,6,TRUE,FALSE,12,,,,FALSE,,FALSE,{},FALSE,200,FALSE,FALSE
3,Status,status,Product,list,FALSE,FALSE,FALSE,6,TRUE,FALSE,103,,,,FALSE,,TRUE,{},TRUE,200,FALSE,FALSE
3,Type,type,Product,list,FALSE,FALSE,FALSE,7,TRUE,FALSE,102,,,,FALSE,,TRUE,{},TRUE,200,FALSE,FALSE
3,Created At,created_at,Product,date,FALSE,FALSE,TRUE,6,FALSE,FALSE,385,,,,FALSE,,FALSE,{},TRUE,200,FALSE,FALSE
3,Updated At,updated_at,Product,date,FALSE,FALSE,TRUE,7,FALSE,FALSE,386,,,,FALSE,,FALSE,{},TRUE,200,FALSE,FALSE
3,Created By,created_by,Product,str,FALSE,FALSE,TRUE,8,FALSE,FALSE,387,,,,FALSE,,TRUE,{},TRUE,200,FALSE,FALSE
3,Updated By,updated_by,Product,str,FALSE,FALSE,FALSE,9,,FALSE,388,,,,FALSE,,TRUE,{},TRUE,200,FALSE,FALSE
4,Definition Name,name,Product,str,TRUE,FALSE,FALSE,1,FALSE,FALSE,17,,,,FALSE,,TRUE,{},TRUE,200,FALSE,FALSE
4,Definition,pseudo_code,Product,str,FALSE,FALSE,FALSE,2,FALSE,FALSE,18,,,,FALSE,,TRUE,{},TRUE,200,FALSE,FALSE
5,Product Code,product_code,Product,str,FALSE,FALSE,FALSE,4,FALSE,FALSE,50246,,,,FALSE,,TRUE,{},TRUE,200,FALSE,FALSE
5,Product Description,product_description,Product,str,FALSE,FALSE,FALSE,5,FALSE,FALSE,50247,,,,FALSE,,TRUE,{},TRUE,200,FALSE,FALSE
5,Size,size,Product,str,TRUE,FALSE,FALSE,2,FALSE,FALSE,50248,,,,FALSE,,TRUE,{},TRUE,200,FALSE,FALSE
5,Choice,article,Product,str,TRUE,FALSE,FALSE,3,FALSE,FALSE,50249,,,,FALSE,,TRUE,{},TRUE,200,FALSE,FALSE
5,Choice Description,l6_name,Product,str,TRUE,FALSE,FALSE,1,FALSE,FALSE,50250,,,,FALSE,,TRUE,{},TRUE,200,FALSE,FALSE
5,Color,color,Product,str,FALSE,FALSE,FALSE,6,FALSE,FALSE,50251,,,,FALSE,,TRUE,{},TRUE,200,FALSE,FALSE
5,Brand,l0_name,Product,str,FALSE,FALSE,FALSE,7,FALSE,FALSE,50252,,,,FALSE,,TRUE,{},TRUE,200,FALSE,FALSE
5,Category,l2_name,Product,str,FALSE,FALSE,FALSE,8,FALSE,FALSE,50253,,,,FALSE,,TRUE,{},TRUE,200,FALSE,FALSE
5,Class,l3_name,Product,str,FALSE,FALSE,FALSE,9,FALSE,FALSE,50254,,,,FALSE,,TRUE,{},TRUE,200,FALSE,FALSE
5,Sub Class,l4_name,Product,str,FALSE,FALSE,FALSE,10,FALSE,FALSE,50255,,,,FALSE,,TRUE,{},TRUE,200,FALSE,FALSE
5,Style,l5_name,Product,str,FALSE,FALSE,FALSE,11,FALSE,FALSE,50256,,,,FALSE,,TRUE,{},TRUE,200,FALSE,FALSE
5,Sub Brand,subbrand_code_desc,Product,str,FALSE,FALSE,FALSE,12,FALSE,FALSE,50257,,,,FALSE,,TRUE,{},TRUE,200,FALSE,FALSE
5,Collection,collection,Product,str,FALSE,FALSE,FALSE,13,FALSE,FALSE,50258,,,,FALSE,,TRUE,{},TRUE,200,FALSE,FALSE
5,Master Style,masterstyle_descr,Product,str,FALSE,FALSE,FALSE,14,FALSE,FALSE,50259,,,,FALSE,,TRUE,{},TRUE,200,FALSE,FALSE
5,Product Lifecycle,product_lifecycle,Product,str,FALSE,FALSE,FALSE,15,FALSE,FALSE,50260,,,,FALSE,,TRUE,{},TRUE,200,FALSE,FALSE
5,Flex Style,flex_style,Product,str,FALSE,FALSE,FALSE,16,FALSE,FALSE,50261,,,,FALSE,,TRUE,{},TRUE,200,FALSE,FALSE
5,Generic,generic,Product,str,FALSE,FALSE,FALSE,17,FALSE,FALSE,50262,,,,FALSE,,TRUE,{},TRUE,200,FALSE,FALSE
5,Sizes,sizes_mat,Product,str,FALSE,FALSE,FALSE,18,FALSE,FALSE,50263,,,,FALSE,,TRUE,{},TRUE,200,FALSE,FALSE
5,Form,form,Product,str,FALSE,FALSE,FALSE,19,FALSE,FALSE,50264,,,,FALSE,,TRUE,{},TRUE,200,FALSE,FALSE
5,User Defined 1,user_defined_1,Product,str,FALSE,FALSE,FALSE,19,FALSE,FALSE,5019,,,,FALSE,,TRUE,{},TRUE,200,FALSE,FALSE
5,User Defined 2,user_defined_2,Product,str,FALSE,FALSE,FALSE,20,FALSE,FALSE,5020,,,,FALSE,,TRUE,{},TRUE,200,FALSE,FALSE
5,User Defined 3,user_defined_3,Product,str,FALSE,FALSE,FALSE,21,FALSE,FALSE,502133,,,,FALSE,,TRUE,{},TRUE,200,FALSE,FALSE
5,User Defined 4,user_defined_4,Product,str,FALSE,FALSE,FALSE,22,FALSE,FALSE,502233,,,,FALSE,,TRUE,{},TRUE,200,FALSE,FALSE
5,User Defined 5,user_defined_5,Product,str,FALSE,FALSE,FALSE,23,FALSE,FALSE,502333,,,,FALSE,,TRUE,{},TRUE,200,FALSE,FALSE
5,User Defined 6,user_defined_6,Product,str,FALSE,FALSE,FALSE,24,FALSE,FALSE,502433,,,,FALSE,,TRUE,{},TRUE,200,FALSE,FALSE
6,Store Number,store_code,Store,str,TRUE,FALSE,FALSE,1,FALSE,FALSE,600286,,,,FALSE,,TRUE,{},TRUE,200,FALSE,FALSE
6,Store Name,store_name,Store,str,TRUE,FALSE,FALSE,2,FALSE,FALSE,600287,,,,FALSE,,TRUE,{},TRUE,200,FALSE,FALSE
6,Channel,channel,Store,str,FALSE,FALSE,FALSE,3,FALSE,FALSE,600387,,,,FALSE,,TRUE,{},TRUE,200,FALSE,FALSE
6,Region,location_hierarchy_region_code,Store,str,FALSE,FALSE,FALSE,4,FALSE,FALSE,600288,,,,FALSE,,TRUE,{},TRUE,200,FALSE,FALSE
6,Country,s1_name,Store,str,FALSE,FALSE,FALSE,5,FALSE,FALSE,600289,,,,FALSE,,TRUE,{},TRUE,200,FALSE,FALSE
6,District,s3_name,Store,str,FALSE,FALSE,FALSE,6,FALSE,FALSE,600290,,,,FALSE,,TRUE,{},TRUE,200,FALSE,FALSE
6,City,s4_name,Store,str,FALSE,FALSE,FALSE,7,FALSE,FALSE,600291,,,,FALSE,,TRUE,{},TRUE,200,FALSE,FALSE
6,Status,status,Store,list,FALSE,FALSE,FALSE,8,FALSE,FALSE,600292,,,,FALSE,,FALSE,{},FALSE,200,FALSE,FALSE
7,Created At,created_at,Store,date,FALSE,FALSE,TRUE,6,FALSE,FALSE,7_created_at_Created At_Store,,,,FALSE,,FALSE,{},TRUE,200,FALSE,FALSE
7,Created By,created_by,Store,str,FALSE,FALSE,TRUE,8,FALSE,FALSE,7_created_by_Created By_Store,,,,FALSE,,TRUE,{},TRUE,200,FALSE,FALSE
7,Group Type,special_classification,Store,str,FALSE,FALSE,FALSE,5,FALSE,FALSE,7_special_classification_Group Type_Store,,,,FALSE,,FALSE,{},TRUE,200,FALSE,FALSE
7,Store Group Name,name,Store,str,TRUE,FALSE,FALSE,1,FALSE,FALSE,7_name_Store Grp Name_Store,,,,FALSE,,TRUE,{},TRUE,400,FALSE,FALSE
7,#Stores,store_count,Store,int,FALSE,FALSE,TRUE,3,FALSE,FALSE,7_store_count_#Stores_Store,,,roundOff,FALSE,,FALSE,{},TRUE,200,FALSE,FALSE
7,Updated At,updated_at,Store,date,FALSE,FALSE,TRUE,7,FALSE,FALSE,7_updated_at_Updated At_Store,,,,FALSE,,FALSE,{},TRUE,200,FALSE,FALSE
8,Group Division,l0_name,Product,str,FALSE,FALSE,FALSE,3,FALSE,FALSE,149,,,,FALSE,,TRUE,{},TRUE,200,FALSE,FALSE
8,Department,l2_name,Product,str,FALSE,FALSE,FALSE,4,FALSE,FALSE,150,,,,FALSE,,TRUE,{},TRUE,200,FALSE,FALSE
8,Material Number,article,Product,str,TRUE,FALSE,FALSE,4,FALSE,FALSE,55157,,,,FALSE,,TRUE,"{""is_grouping_key"": true}",TRUE,200,FALSE,FALSE
8,Status,status,Product,list,FALSE,TRUE,FALSE,5,FALSE,TRUE,152,,,,FALSE,,TRUE,"{""in_table_edit"": true}",FALSE,200,FALSE,FALSE
8,From Date ,status_start_time,Product,datetime,FALSE,TRUE,FALSE,7,FALSE,TRUE,167,,,,FALSE,,TRUE,"{""in_table_edit"": true}",FALSE,200,FALSE,FALSE
8,To Date,status_end_time,Product,datetime,FALSE,TRUE,FALSE,8,FALSE,FALSE,168,,,,FALSE,,TRUE,"{""in_table_edit"": true}",FALSE,200,FALSE,FALSE
8,Style ID,l5_id,Product,str,TRUE,FALSE,FALSE,1.0,FALSE,FALSE,148,,,,FALSE,,TRUE,{"is_grouping_key": true},TRUE,200,FALSE,FALSE
8,Brand,brand,Product,str,TRUE,FALSE,FALSE,9.0,FALSE,FALSE,153,,,,FALSE,,TRUE,{"is_grouping_key": true},TRUE,200,FALSE,FALSE
9,Product ID,product_code,Product,str,FALSE,FALSE,FALSE,0,FALSE,FALSE,70011,,,,FALSE,,TRUE,{},TRUE,200,FALSE,FALSE
9,Product Name,product_name,Product,str,FALSE,FALSE,FALSE,0,FALSE,FALSE,70012,,,,FALSE,,TRUE,{},TRUE,200,FALSE,FALSE
9,Material Number,article,Product,str,FALSE,FALSE,FALSE,0,FALSE,FALSE,70013,,,,FALSE,,TRUE,{},TRUE,200,FALSE,FALSE
10,Product ID,product_code,Product,str,TRUE,FALSE,FALSE,1,FALSE,FALSE,70025,,,,FALSE,,TRUE,{},TRUE,200,FALSE,FALSE
10,Material Number,article,Product,str,FALSE,FALSE,FALSE,2,FALSE,FALSE,70028,,,,FALSE,,TRUE,{},TRUE,200,FALSE,FALSE
10,Group Division,l0_name,Product,str,FALSE,FALSE,FALSE,2,FALSE,FALSE,70029,,,,FALSE,,TRUE,{},TRUE,200,FALSE,FALSE
10,Division,l1_name,Product,str,FALSE,FALSE,FALSE,2,FALSE,FALSE,70030,,,,FALSE,,TRUE,{},TRUE,200,FALSE,FALSE
10,Store Number,retail_facility_code,Store,str,FALSE,FALSE,FALSE,2,FALSE,FALSE,70031,,,,FALSE,,TRUE,{},TRUE,200,FALSE,FALSE
10,Description,product_name,Product,str,FALSE,FALSE,FALSE,3,FALSE,FALSE,70024,,,,FALSE,,TRUE,{},TRUE,200,FALSE,FALSE
10,Department,l2_name,Product,str,FALSE,FALSE,FALSE,4,FALSE,FALSE,70027,,,,FALSE,,TRUE,{},TRUE,200,FALSE,FALSE
11,Product ID,product_code,"{""Product""}",str,TRUE,FALSE,TRUE,1,FALSE,FALSE,42,,,,FALSE,,TRUE,{},TRUE,200,FALSE,FALSE
11,Group Division,l0_name,"{""Product""}",str,FALSE,FALSE,TRUE,2,FALSE,FALSE,6143,,,,FALSE,,TRUE,{},TRUE,200,FALSE,FALSE
11,Division,l1_name,"{""Product""}",str,FALSE,FALSE,TRUE,3,FALSE,FALSE,143,,,,FALSE,,TRUE,{},TRUE,200,FALSE,FALSE
11,Department,l2_name,"{""Product""}",str,FALSE,FALSE,TRUE,4,FALSE,FALSE,142,,,,FALSE,,TRUE,{},TRUE,200,FALSE,FALSE
11,Sub Department,l3_name,"{""Product""}",str,FALSE,FALSE,TRUE,5,FALSE,FALSE,55160,,,,FALSE,,TRUE,{},TRUE,200,FALSE,FALSE
11,Material Number,article,"{""Product""}",str,FALSE,FALSE,TRUE,7,FALSE,FALSE,7700,,,,FALSE,,TRUE,{},TRUE,200,FALSE,FALSE
11,Color,color,"{""Product""}",str,FALSE,FALSE,TRUE,8,FALSE,FALSE,84,,,,FALSE,,TRUE,{},TRUE,200,FALSE,FALSE
11,Product Type,article_status_tag,"{""Product""}",str,FALSE,FALSE,TRUE,8,FALSE,FALSE,55161,,,,FALSE,,TRUE,{},TRUE,200,FALSE,FALSE
11,Size,size,"{""Product""}",str,FALSE,FALSE,TRUE,9,FALSE,FALSE,41,,,,FALSE,,TRUE,{},TRUE,200,FALSE,FALSE
11,Mapped Stores,mapped_stores_count,"{""Product""}",link,FALSE,FALSE,TRUE,10,FALSE,FALSE,106,,,,FALSE,,FALSE,{},TRUE,200,FALSE,FALSE
11,Style Color ID,style_color_id,"{""Product""}",str,FALSE,FALSE,FALSE,6,,FALSE,9093,,,,FALSE,,TRUE,{},FALSE,200,FALSE,FALSE
12,Product id,product_code,Product,str,TRUE,FALSE,FALSE,1,FALSE,FALSE,27,,,,FALSE,,TRUE,{},TRUE,200,FALSE,FALSE
12,Product Description,description,Product,str,FALSE,FALSE,FALSE,2,FALSE,FALSE,31,,,,FALSE,,TRUE,{},TRUE,200,FALSE,FALSE
12,PO code,po_code,Product,str,FALSE,FALSE,FALSE,3,FALSE,FALSE,13,,,,FALSE,,TRUE,{},TRUE,200,FALSE,FALSE
12,PO Line item,line_number,Product,int,FALSE,FALSE,FALSE,4,FALSE,FALSE,14,,,,FALSE,,TRUE,{},TRUE,200,FALSE,FALSE
12,PO Issue Date,issue_date,Product,str,FALSE,FALSE,FALSE,5,FALSE,FALSE,24,,,,FALSE,,TRUE,{},TRUE,200,FALSE,FALSE
12,Vendor,vendor_name,Product,str,FALSE,FALSE,FALSE,6,FALSE,FALSE,46,,,,FALSE,,TRUE,{},TRUE,200,FALSE,FALSE
12,Total Qty,total_quantity,Product,int,FALSE,FALSE,FALSE,7,FALSE,FALSE,26,,,,FALSE,,TRUE,{},TRUE,200,FALSE,FALSE
12,Receive date,expected_receive_date,Product,date,FALSE,FALSE,FALSE,8,FALSE,FALSE,81,,,,FALSE,,TRUE,{},TRUE,200,FALSE,FALSE
13,Product id,product_code,Product,str,TRUE,FALSE,FALSE,1,FALSE,FALSE,57,,,,FALSE,,TRUE,{},TRUE,200,FALSE,FALSE
13,Product Description,description,Product,str,FALSE,FALSE,FALSE,2,FALSE,FALSE,58,,,,FALSE,,TRUE,{},TRUE,200,FALSE,FALSE
13,PO id,source_po_code,Product,str,FALSE,FALSE,FALSE,3,FALSE,FALSE,59,,,,FALSE,,TRUE,{},TRUE,200,FALSE,FALSE
13,PO line number,line_number,Product,int,FALSE,FALSE,FALSE,4,FALSE,FALSE,60,,,,FALSE,,TRUE,{},TRUE,200,FALSE,FALSE
13,PO Issue date,issue_date,Product,date,FALSE,FALSE,FALSE,5,FALSE,FALSE,61,,,,FALSE,,TRUE,{},TRUE,200,FALSE,FALSE
13,Vendor,vendor_name,Product,date,FALSE,FALSE,FALSE,6,FALSE,FALSE,67,,,,FALSE,,TRUE,{},TRUE,200,FALSE,FALSE
13,ASN id,source_asn_code,Product,str,FALSE,FALSE,FALSE,7,FALSE,FALSE,62,,,,FALSE,,TRUE,{},TRUE,200,FALSE,FALSE
13,Expected receive date,expected_receive_date,Product,date,FALSE,FALSE,FALSE,8,FALSE,FALSE,80,,,,FALSE,,TRUE,{},TRUE,200,FALSE,FALSE
14,Description,description,Product,list,FALSE,FALSE,FALSE,2,FALSE,FALSE,82,,,,FALSE,,TRUE,{},TRUE,200,FALSE,FALSE
14,Unit Definition,definition_type,Product,str,FALSE,FALSE,FALSE,3,FALSE,FALSE,56,,,,FALSE,,TRUE,{},TRUE,200,FALSE,FALSE
14,Mapped Definition,name,Product,list,FALSE,FALSE,FALSE,4,FALSE,FALSE,79,,,,FALSE,,FALSE,{},TRUE,200,FALSE,FALSE
15,Product Code,product_code,Product,str,FALSE,FALSE,FALSE,1,FALSE,FALSE,15_product_code,,,,FALSE,,TRUE,{},TRUE,200,FALSE,FALSE
15,Product Description,product_description,Product,str,FALSE,FALSE,FALSE,2,FALSE,FALSE,15_product_description,,,,FALSE,,TRUE,{},TRUE,200,FALSE,FALSE
15,Size,size,Product,str,FALSE,FALSE,FALSE,3,FALSE,FALSE,15_size,,,,FALSE,,TRUE,{},TRUE,200,FALSE,FALSE
15,Choice,article,Product,str,FALSE,FALSE,FALSE,4,FALSE,FALSE,15_article,,,,FALSE,,TRUE,{},TRUE,200,FALSE,FALSE
15,Choice Description,l6_name,Product,str,FALSE,FALSE,FALSE,5,FALSE,FALSE,15_l6_name,,,,FALSE,,TRUE,{},TRUE,200,FALSE,FALSE
15,Color,color,Product,str,FALSE,FALSE,FALSE,6,FALSE,FALSE,15_color,,,,FALSE,,TRUE,{},TRUE,200,FALSE,FALSE
15,Brand,brand,Product,str,FALSE,FALSE,FALSE,7,FALSE,FALSE,15_l0_name,,,,FALSE,,TRUE,{},TRUE,200,FALSE,FALSE
15,Category,l2_name,Product,str,FALSE,FALSE,FALSE,8,FALSE,FALSE,15_l2_name,,,,FALSE,,TRUE,{},TRUE,200,FALSE,FALSE
15,Class,l3_name,Product,str,FALSE,FALSE,FALSE,9,FALSE,FALSE,15_l3_name,,,,FALSE,,TRUE,{},TRUE,200,FALSE,FALSE
15,Sub Class,l4_name,Product,str,FALSE,FALSE,FALSE,10,FALSE,FALSE,15_l4_name,,,,FALSE,,TRUE,{},TRUE,200,FALSE,FALSE
15,Style,l5_name,Product,str,FALSE,FALSE,FALSE,11,FALSE,FALSE,15_l5_name,,,,FALSE,,TRUE,{},TRUE,200,FALSE,FALSE
15,Sub Brand,subbrand_code_desc,Product,str,FALSE,FALSE,FALSE,12,FALSE,FALSE,15_subbrand_code_desc,,,,FALSE,,TRUE,{},TRUE,200,FALSE,FALSE
15,Collection,collection,Product,str,FALSE,FALSE,FALSE,13,FALSE,FALSE,15_collection,,,,FALSE,,TRUE,{},TRUE,200,FALSE,FALSE
15,Master Style,masterstyle_descr,Product,str,FALSE,FALSE,FALSE,14,FALSE,FALSE,15_masterstyle_descr,,,,FALSE,,TRUE,{},TRUE,200,FALSE,FALSE
15,Product Lifecycle,product_lifecycle,Product,str,FALSE,FALSE,FALSE,15,FALSE,FALSE,15_product_lifecycle,,,,FALSE,,TRUE,{},TRUE,200,FALSE,FALSE
15,Flex Style,flex_style,Product,str,FALSE,FALSE,FALSE,16,FALSE,FALSE,15_flex_style,,,,FALSE,,TRUE,{},TRUE,200,FALSE,FALSE
15,Generic,generic,Product,str,FALSE,FALSE,FALSE,17,FALSE,FALSE,15_generic,,,,FALSE,,TRUE,{},TRUE,200,FALSE,FALSE
15,Sizes,sizes_mat,Product,str,FALSE,FALSE,FALSE,18,FALSE,FALSE,15_sizes_mat,,,,FALSE,,TRUE,{},TRUE,200,FALSE,FALSE
15,Form,form,Product,str,FALSE,FALSE,FALSE,19,FALSE,FALSE,15_form,,,,FALSE,,TRUE,{},TRUE,200,FALSE,FALSE
16,Channel,channel,Store,str,FALSE,FALSE,FALSE,3,FALSE,FALSE,390,,,,FALSE,,TRUE,{},TRUE,200,FALSE,FALSE
16,City,s4_name,Store,str,FALSE,FALSE,FALSE,7,FALSE,FALSE,394,,,,FALSE,,TRUE,{},TRUE,200,FALSE,FALSE
16,Country,s1_name,Store,str,FALSE,FALSE,FALSE,5,FALSE,FALSE,392,,,,FALSE,,TRUE,{},TRUE,200,FALSE,FALSE
16,District,s3_name,Store,str,FALSE,FALSE,FALSE,6,FALSE,FALSE,393,,,,FALSE,,TRUE,{},TRUE,200,FALSE,FALSE
16,Mapped DC,dc_map,Store,list,FALSE,TRUE,FALSE,8,FALSE,FALSE,87,,,,FALSE,,FALSE,{},FALSE,200,FALSE,FALSE
16,Region,location_hierarchy_region_code,Store,str,FALSE,FALSE,FALSE,4,FALSE,FALSE,391,,,,FALSE,,TRUE,{},TRUE,200,FALSE,FALSE
16,Store Number,store_code,Store,str,TRUE,FALSE,FALSE,1,FALSE,FALSE,16_store_code_Store Code_Store,,,,FALSE,,TRUE,{},TRUE,200,FALSE,FALSE
16,Store Name,store_name,Store,str,FALSE,FALSE,FALSE,2,FALSE,FALSE,389,,,,FALSE,,TRUE,{},TRUE,200,FALSE,FALSE
17,Store Name,store_name,Store,str,TRUE,FALSE,TRUE,1,FALSE,FALSE,48,,,,FALSE,,TRUE,{},TRUE,200,FALSE,FALSE
17,Store Number,retail_facility_code,Store,str,TRUE,FALSE,TRUE,1,FALSE,FALSE,13502,,,,FALSE,,TRUE,{},TRUE,200,FALSE,FALSE
17,Store Classification,store_classification,Store,str,FALSE,FALSE,TRUE,2,FALSE,FALSE,50,,,,FALSE,,TRUE,{},TRUE,200,FALSE,FALSE
17,Store Group,store_group,Store,str,FALSE,FALSE,TRUE,3,FALSE,FALSE,53,,,,FALSE,,TRUE,{},TRUE,200,FALSE,FALSE
17,FC,fc_map,Store,list,FALSE,TRUE,FALSE,5,FALSE,FALSE,86,,,,FALSE,,TRUE,{},TRUE,200,FALSE,FALSE
18,Country,s1_name,Store,str,FALSE,FALSE,FALSE,2,FALSE,FALSE,113,,,,FALSE,,TRUE,{},TRUE,200,FALSE,FALSE
18,Store Name,store_name,Store,str,FALSE,FALSE,FALSE,1,FALSE,FALSE,112,,,,FALSE,,TRUE,{},TRUE,200,FALSE,FALSE
18,Store Number,store_code,Store,str,TRUE,FALSE,FALSE,1,FALSE,FALSE,13503,,,,FALSE,,TRUE,{},TRUE,200,FALSE,FALSE
18,District,s3_name,Store,str,FALSE,FALSE,FALSE,4,FALSE,FALSE,2841,,,,FALSE,,TRUE,{},TRUE,200,FALSE,FALSE
18,City,s4_name,Store,str,FALSE,FALSE,FALSE,5,FALSE,FALSE,2851,,,,FALSE,,TRUE,{},TRUE,200,FALSE,FALSE
18,Climate,climate,Store,str,FALSE,FALSE,FALSE,6,FALSE,FALSE,2852,,,,FALSE,,TRUE,{},TRUE,200,FALSE,FALSE
18,Store Type,loctype,Store,str,FALSE,FALSE,FALSE,7,FALSE,FALSE,2853,,,,FALSE,,TRUE,{},TRUE,200,FALSE,FALSE
20,Product ID,product_code,Product,str,TRUE,FALSE,TRUE,1,FALSE,FALSE,119,,,,FALSE,,TRUE,{},TRUE,200,FALSE,FALSE
20,Color,color,Product,str,FALSE,FALSE,TRUE,4,FALSE,FALSE,155,,,,FALSE,,TRUE,{},TRUE,200,FALSE,FALSE
20,Size,size,Product,str,FALSE,FALSE,TRUE,5,FALSE,FALSE,117,,,,FALSE,,TRUE,{},TRUE,200,FALSE,FALSE
20,Mapped FC,fc_map,Product,list,FALSE,TRUE,FALSE,6,FALSE,FALSE,91,,,,FALSE,,FALSE,{},TRUE,200,FALSE,FALSE
21,Store Number,retail_facility_code,"{""Store""}",str,TRUE,FALSE,TRUE,1,FALSE,FALSE,13504,,,,FALSE,,TRUE,{},TRUE,200,FALSE,FALSE
21,Store Name,store_name,"{""Store""}",str,FALSE,FALSE,TRUE,2,FALSE,FALSE,128,,,,FALSE,,TRUE,{},TRUE,200,FALSE,FALSE
21,Area Code,area_code,"{""Store""}",str,FALSE,FALSE,TRUE,3,FALSE,FALSE,129,,,,FALSE,,TRUE,{},TRUE,200,FALSE,FALSE
21,Country,country,"{""Store""}",str,FALSE,FALSE,TRUE,5,FALSE,FALSE,131,,,,FALSE,,TRUE,{},TRUE,200,FALSE,FALSE
21,Mapped Products,num_products_mapped,"{""Store""}",str,FALSE,FALSE,TRUE,6,FALSE,FALSE,132,,,,FALSE,,FALSE,{},TRUE,200,FALSE,FALSE
21,View Unmapped,view_unmapped,"{""Store""}",str,FALSE,FALSE,TRUE,7,FALSE,FALSE,133,,,,FALSE,,FALSE,{},TRUE,200,FALSE,FALSE
21,Include Unmapped,include_unmapped,"{""Store""}",list,FALSE,TRUE,TRUE,8,FALSE,FALSE,123,,,,FALSE,,FALSE,{},TRUE,200,FALSE,FALSE
21,View Dates,view_dates,Date,link,FALSE,TRUE,FALSE,9,FALSE,FALSE,1940,,,,FALSE,,FALSE,{},TRUE,200,FALSE,FALSE
22,Material Number,article,"{""Style""}",str,TRUE,FALSE,TRUE,1,FALSE,FALSE,55179,,,,FALSE,,TRUE,{},TRUE,200,FALSE,FALSE
22,Group Division,l0_name,"{""Style""}",str,FALSE,FALSE,TRUE,2,FALSE,FALSE,6146,,,,FALSE,,TRUE,{},TRUE,200,FALSE,FALSE
22,Division,l1_name,"{""Style""}",str,FALSE,FALSE,TRUE,3,FALSE,FALSE,6147,,,,FALSE,,TRUE,{},TRUE,200,FALSE,FALSE
22,Department,l2_name,"{""Style""}",str,FALSE,FALSE,TRUE,4,FALSE,FALSE,6148,,,,FALSE,,TRUE,{},TRUE,200,FALSE,FALSE
22,Sub Department,l3_name,"{""Style""}",str,FALSE,FALSE,TRUE,5,FALSE,FALSE,96,,,,FALSE,,TRUE,{},TRUE,200,FALSE,FALSE
22,Color,color,"{""Style""}",str,FALSE,FALSE,TRUE,6,FALSE,FALSE,55162,,,,FALSE,,TRUE,{},TRUE,200,FALSE,FALSE
22,Style Description,product_description,Product,str,FALSE,FALSE,FALSE,7,FALSE,FALSE,70014,,,,FALSE,,TRUE,{},TRUE,200,FALSE,FALSE
22,Product Type,article_status_tag,"{""Style""}",str,FALSE,FALSE,TRUE,8,FALSE,FALSE,55163,,,,FALSE,,TRUE,{},TRUE,200,FALSE,FALSE
22,Mapped Stores,mapped_stores,"{""Style""}",str,FALSE,FALSE,TRUE,9,FALSE,FALSE,95,,,,FALSE,,FALSE,{},FALSE,200,FALSE,FALSE
23,Store Number,retail_facility_code,Store,str,TRUE,FALSE,TRUE,1,FALSE,FALSE,13505,,,,FALSE,,TRUE,{},TRUE,200,FALSE,FALSE
23,Store Name,store_name,Store,str,TRUE,FALSE,TRUE,2,FALSE,FALSE,195,,,,FALSE,,TRUE,{},TRUE,200,FALSE,FALSE
23,Channel,channel,Store,str,FALSE,FALSE,TRUE,4,FALSE,FALSE,3500,,,,FALSE,,TRUE,{},TRUE,200,FALSE,FALSE
23,Mapped Products,mapped_products_count,Store,link,FALSE,TRUE,FALSE,5,FALSE,FALSE,175,,,,FALSE,,FALSE,{},FALSE,200,FALSE,FALSE
24,Product ID,product_code,Product,str,TRUE,FALSE,TRUE,1,FALSE,FALSE,177,,,,FALSE,,TRUE,{},TRUE,200,FALSE,FALSE
24,Product Name,product_name,Product,str,TRUE,FALSE,TRUE,2,FALSE,FALSE,178,,,,FALSE,,TRUE,{},TRUE,200,FALSE,FALSE
24,Stores Mapped,num_stores_mapped,Product,str,FALSE,FALSE,TRUE,4,FALSE,FALSE,180,,,,FALSE,,TRUE,{},TRUE,200,FALSE,FALSE
24,Include Unmapped Stores,include_unmapped,Product,list,FALSE,TRUE,TRUE,5,FALSE,FALSE,170,,,,FALSE,,FALSE,{},TRUE,200,FALSE,FALSE
24,View Unmapped Stores,view_umapped,Product,str,FALSE,FALSE,TRUE,6,FALSE,FALSE,181,,,,FALSE,,FALSE,{},TRUE,200,FALSE,FALSE
24,View Dates,view_dates,Date,link,FALSE,TRUE,FALSE,7,FALSE,FALSE,1941,,,,FALSE,,FALSE,{},TRUE,200,FALSE,FALSE
25,Store Group Name,name,Store,str,TRUE,FALSE,TRUE,2,FALSE,FALSE,172,,,,FALSE,,TRUE,{},TRUE,200,FALSE,FALSE
25,Store Count,store_count,Store,int,FALSE,FALSE,TRUE,3,FALSE,FALSE,3501,,,,FALSE,,FALSE,{},FALSE,200,FALSE,FALSE
25,Store group type,special_classification,Store,str,TRUE,FALSE,TRUE,4,FALSE,FALSE,3502,,,,FALSE,,TRUE,{},TRUE,200,FALSE,FALSE
25,Mapped Products,mapped_products_count,Store,link,FALSE,TRUE,FALSE,5,FALSE,FALSE,176,,,,FALSE,,FALSE,{},FALSE,200,FALSE,FALSE
26,Product Group ID,pg_code,"{""Product""}",str,TRUE,FALSE,TRUE,1,FALSE,FALSE,21,,,,FALSE,,FALSE,{},TRUE,200,FALSE,FALSE
26,Product Group Name,name,"{""Product""}",str,TRUE,FALSE,TRUE,2,FALSE,FALSE,35,,,,FALSE,,TRUE,{},TRUE,200,FALSE,FALSE
26,Group Type,special_classification,"{""Product""}",str,FALSE,FALSE,TRUE,3,FALSE,FALSE,36,,,,FALSE,,TRUE,{},TRUE,200,FALSE,FALSE
26,#SKUs/Styles,product_count,"{""Product""}",str,FALSE,FALSE,TRUE,4,FALSE,FALSE,37,,,,FALSE,,FALSE,{},TRUE,200,FALSE,FALSE
26,#SKU Groups,pg_count,"{""Product""}",str,FALSE,FALSE,TRUE,5,FALSE,FALSE,38,,,,FALSE,,FALSE,{},TRUE,200,FALSE,FALSE
26,Mapped Stores,mapped_stores_count,"{""Product""}",link,FALSE,FALSE,TRUE,6,FALSE,FALSE,39,,,,FALSE,,FALSE,{},FALSE,200,FALSE,FALSE
26,Group Division,l0_name,"{""Product""}",str,FALSE,FALSE,TRUE,6,TRUE,FALSE,6039,,,,FALSE,,TRUE,{},TRUE,200,FALSE,FALSE
26,Division,l1_name,"{""Product""}",str,FALSE,FALSE,TRUE,6,TRUE,FALSE,6040,,,,FALSE,,TRUE,{},TRUE,200,FALSE,FALSE
26,Department,l2_name,"{""Product""}",str,FALSE,FALSE,TRUE,6,TRUE,FALSE,6041,,,,FALSE,,TRUE,{},TRUE,200,FALSE,FALSE
27,DC Code,store_code,Store,str,TRUE,FALSE,FALSE,1,FALSE,FALSE,27001,,,,FALSE,,TRUE,{},TRUE,200,FALSE,FALSE
27,DC Name,store_name,Store,str,TRUE,FALSE,FALSE,2,FALSE,FALSE,27002,,,,FALSE,,TRUE,{},TRUE,200,FALSE,FALSE
27,Channel,channel,Store,str,FALSE,FALSE,FALSE,3,FALSE,FALSE,27013,,,,FALSE,,TRUE,{},TRUE,200,FALSE,FALSE
27,Country,s1_name,Store,str,FALSE,FALSE,FALSE,5,FALSE,FALSE,27015,,,,FALSE,,TRUE,{},TRUE,200,FALSE,FALSE
27,City,s4_name,Store,str,FALSE,FALSE,FALSE,7,FALSE,FALSE,27017,,,,FALSE,,TRUE,{},TRUE,200,FALSE,FALSE
27,Status,status,Store,list,FALSE,TRUE,FALSE,8,FALSE,FALSE,27018,,,,FALSE,,FALSE,{},FALSE,200,FALSE,FALSE
28,FC name,name,Store,str,FALSE,FALSE,FALSE,1,FALSE,FALSE,225,,,,FALSE,,TRUE,{},TRUE,200,FALSE,FALSE
28,Status,status,Store,list,FALSE,TRUE,FALSE,3,FALSE,TRUE,207,,,,FALSE,,TRUE,{},TRUE,200,FALSE,FALSE
28,From Date,start_time,Store,DateTimeField,FALSE,TRUE,FALSE,4,FALSE,TRUE,73,,,,FALSE,,TRUE,{},TRUE,200,FALSE,FALSE
28,To Date,end_time,Store,DateTimeField,FALSE,TRUE,FALSE,5,FALSE,FALSE,208,,,,FALSE,,TRUE,{},TRUE,200,FALSE,FALSE
34,Product ID,product_code,Product,str,TRUE,FALSE,TRUE,1,FALSE,FALSE,88,,,,FALSE,,TRUE,{},TRUE,200,FALSE,FALSE
34,Description,product_description,Product,str,FALSE,FALSE,TRUE,2,FALSE,FALSE,161,,,,FALSE,,TRUE,{},TRUE,200,FALSE,FALSE
34,Color,color,Product,str,FALSE,FALSE,FALSE,3,FALSE,FALSE,162,,,,FALSE,,TRUE,{},TRUE,200,FALSE,FALSE
34,Size,product_size,Product,str,FALSE,FALSE,FALSE,4,FALSE,FALSE,163,,,,FALSE,,TRUE,{},TRUE,200,FALSE,FALSE
34,Revenue,total_revenue,Product,float,FALSE,FALSE,FALSE,5,FALSE,FALSE,164,,,roundOfftoTwoDecimals,FALSE,,TRUE,{},TRUE,200,FALSE,FALSE
34,Sell Through,sell_through,Product,float,FALSE,FALSE,FALSE,6,FALSE,FALSE,165,,,roundOfftoTwoDecimals,FALSE,,TRUE,{},TRUE,200,FALSE,FALSE
34,IA Classification,labels,Product,str,FALSE,FALSE,FALSE,7,FALSE,FALSE,166,,,,FALSE,,TRUE,{},TRUE,200,FALSE,FALSE
36,Request id,id,Product,str,TRUE,FALSE,TRUE,1,FALSE,TRUE,246,,,,FALSE,,TRUE,{},TRUE,200,FALSE,FALSE
36,Request Name,name,Product,str,TRUE,FALSE,TRUE,2,FALSE,TRUE,247,,,,FALSE,,TRUE,{},TRUE,200,FALSE,FALSE
36,Created At,created_at,Product,DateTimeField,TRUE,FALSE,TRUE,3,FALSE,TRUE,248,,,,FALSE,,TRUE,{},TRUE,200,FALSE,FALSE
36,Status,status,Product,str,TRUE,FALSE,TRUE,4,FALSE,TRUE,249,,,,FALSE,,TRUE,{},TRUE,200,FALSE,FALSE
36,Message,message,Other,str,FALSE,FALSE,TRUE,5,FALSE,FALSE,306,,,,FALSE,,TRUE,{},TRUE,200,FALSE,FALSE
36,Results,results,Product,review_btn,FALSE,TRUE,FALSE,6,FALSE,FALSE,7110,,,,FALSE,,TRUE,{},FALSE,200,FALSE,FALSE
37,Plan Name,name,Other,str,TRUE,FALSE,FALSE,1,FALSE,TRUE,40,,,,FALSE,,TRUE,{},TRUE,200,FALSE,FALSE
37,Created By,created_by,Other,str,FALSE,FALSE,FALSE,2,FALSE,TRUE,63,,,,FALSE,,TRUE,{},TRUE,200,FALSE,FALSE
37,Created On,created_at,Other,DateTimeField,FALSE,FALSE,FALSE,3,FALSE,TRUE,64,,,,FALSE,,TRUE,{},TRUE,200,FALSE,FALSE
37,Updated On,updated_at,Other,DateTimeField,FALSE,FALSE,FALSE,4,FALSE,FALSE,120,,,,FALSE,,TRUE,{},TRUE,200,FALSE,FALSE
37,Hierarchy,hierarchy_level,Other,str,FALSE,FALSE,FALSE,5,TRUE,TRUE,121,,,,FALSE,,TRUE,{},TRUE,200,FALSE,FALSE
37,Selling Period,selling_period,Other,DateTimeField,FALSE,FALSE,FALSE,6,FALSE,TRUE,124,,,,FALSE,,TRUE,{},TRUE,200,FALSE,FALSE
37,Channel Type,channel,Other,array,FALSE,FALSE,FALSE,7,FALSE,TRUE,125,,,,FALSE,,TRUE,{},TRUE,200,FALSE,FALSE
37,Sub Channel,sub_channel,Other,array,FALSE,FALSE,FALSE,7,FALSE,TRUE,80000,,,,FALSE,,TRUE,{},TRUE,200,FALSE,FALSE
37,No. of Materials Mapped,articles_mapped,Other,str,FALSE,FALSE,FALSE,8,TRUE,FALSE,126,,,,FALSE,,TRUE,{},TRUE,200,FALSE,FALSE
37,Approve,is_finialize_for_po,Other,ToogleField,FALSE,TRUE,FALSE,9,FALSE,FALSE,134,,,,FALSE,,FALSE,{},TRUE,200,FALSE,FALSE
37,Status,status,Other,str,FALSE,FALSE,FALSE,10,TRUE,TRUE,135,,,,FALSE,,TRUE,{},TRUE,200,FALSE,FALSE
37,Plan Step,plan_step_desc,Other,str,FALSE,FALSE,FALSE,11,FALSE,FALSE,139,,,,FALSE,,TRUE,{},TRUE,200,FALSE,FALSE
37,Plan Step,plan_step,Other,float,FALSE,FALSE,FALSE,13,TRUE,TRUE,332,,,roundOfftoTwoDecimals,FALSE,,FALSE,{},TRUE,125,FALSE,FALSE
38,User Name,user_name,User,str,FALSE,FALSE,FALSE,1,FALSE,FALSE,185,,,,FALSE,,TRUE,{},TRUE,200,FALSE,FALSE
38,User ID,email,User,str,FALSE,FALSE,FALSE,2,FALSE,FALSE,186,,,,FALSE,,TRUE,{},TRUE,200,FALSE,FALSE
39,User,name,User,str,TRUE,FALSE,FALSE,1,FALSE,FALSE,254,,,,FALSE,,TRUE,{},TRUE,200,FALSE,FALSE
39,User id,user_code,User,int,TRUE,FALSE,FALSE,2,FALSE,FALSE,255,,,,FALSE,,TRUE,{},TRUE,200,FALSE,FALSE
39,Application,application_name,User,str,FALSE,FALSE,FALSE,3,FALSE,FALSE,187,,,,FALSE,,TRUE,{},TRUE,200,FALSE,FALSE
39,Roles assigned,role_name,User,str,FALSE,FALSE,FALSE,4,FALSE,FALSE,226,,,,FALSE,,TRUE,{},TRUE,200,FALSE,FALSE
39,Department Accessible,hierarchies,Product,link,FALSE,TRUE,FALSE,5,FALSE,FALSE,156,,,,FALSE,,FALSE,{},TRUE,200,FALSE,FALSE
39,Edit,edit,User,edit_icon,FALSE,TRUE,FALSE,7,FALSE,FALSE,337,,,,FALSE,,FALSE,{},TRUE,200,FALSE,FALSE
39,Delete,delete,User,delete_icon,FALSE,TRUE,FALSE,8,FALSE,FALSE,1834,,,,FALSE,,FALSE,{},TRUE,200,FALSE,FALSE
40,Category,category,Product,str,FALSE,FALSE,FALSE,1,FALSE,FALSE,250,,,,FALSE,,TRUE,{},TRUE,200,FALSE,FALSE
40,Channel,channel,Store,str,FALSE,FALSE,FALSE,2,FALSE,FALSE,251,,,,FALSE,,TRUE,{},TRUE,200,FALSE,FALSE
40,Department Code,department_code,Product,str,FALSE,FALSE,FALSE,3,FALSE,FALSE,252,,,,FALSE,,TRUE,{},TRUE,200,FALSE,FALSE
40,Department Name,department_name,Product,str,FALSE,FALSE,FALSE,4,FALSE,FALSE,253,,,,FALSE,,TRUE,{},TRUE,200,FALSE,FALSE
41,Group Division,l0_name,DepthAndChoice,str,FALSE,FALSE,FALSE,1,TRUE,TRUE,310,,,,FALSE,,FALSE,{},TRUE,200,FALSE,FALSE
41,Division,l1_name,DepthAndChoice,str,FALSE,FALSE,FALSE,2,TRUE,TRUE,311,,,,FALSE,,FALSE,{},TRUE,200,FALSE,FALSE
41,Department,l2_name,DepthAndChoice,str,FALSE,FALSE,FALSE,3,TRUE,TRUE,312,,,,FALSE,,FALSE,{},TRUE,200,FALSE,FALSE
41,Sub Department,l3_name,DepthAndChoice,attribute,TRUE,FALSE,FALSE,4,FALSE,TRUE,313,,,,FALSE,,FALSE,{},TRUE,200,FALSE,FALSE
41,Drops,drop,DepthAndChoice,str,FALSE,FALSE,FALSE,6,TRUE,TRUE,1922,,,,FALSE,,FALSE,{},TRUE,200,FALSE,FALSE
41,Channel,channel,DepthAndChoice,str,FALSE,FALSE,FALSE,7,TRUE,FALSE,51603,,,,FALSE,,FALSE,{},TRUE,200,FALSE,FALSE
41,sub_channel,sub_channel,DepthAndChoice,str,FALSE,FALSE,FALSE,8,TRUE,TRUE,1859,,,,FALSE,,FALSE,{},TRUE,200,FALSE,FALSE
41,APS,aps,DepthAndChoice,float,FALSE,FALSE,FALSE,9,FALSE,FALSE,256,,,roundOfftoTwoDecimals,FALSE,,FALSE,{},TRUE,125,FALSE,FALSE
41,LY,aps_ly,DepthAndChoice,float,FALSE,FALSE,FALSE,9.1,FALSE,FALSE,259,256,,roundOfftoTwoDecimals,FALSE,,FALSE,{},TRUE,125,FALSE,FALSE
41,TY,aps_ty,DepthAndChoice,float,FALSE,TRUE,FALSE,9.2,FALSE,FALSE,260,256,,roundOfftoTwoDecimals,FALSE,,FALSE,{},TRUE,125,FALSE,FALSE
41,ST% ,st%,DepthAndChoice,percentage,FALSE,TRUE,FALSE,10,FALSE,FALSE,157,,,roundOff,FALSE,,FALSE,{},TRUE,125,FALSE,FALSE
41,LY,st_ly,DepthAndChoice,percentage,FALSE,FALSE,FALSE,10.1,FALSE,FALSE,261,157,,roundOff,FALSE,,FALSE,{},TRUE,125,FALSE,FALSE
41,TY,st_ty,DepthAndChoice,percentage,FALSE,TRUE,FALSE,10.2,FALSE,FALSE,262,157,,roundOff,FALSE,,FALSE,{},TRUE,125,FALSE,FALSE
41,Reg Wks ,reg_wks,DepthAndChoice,int,FALSE,FALSE,FALSE,11,FALSE,FALSE,158,,,,FALSE,,FALSE,{},TRUE,125,FALSE,FALSE
41,LY,reg_wks_ly,DepthAndChoice,int,FALSE,FALSE,FALSE,11.1,FALSE,FALSE,263,158,,roundOff,FALSE,,FALSE,{},TRUE,125,FALSE,FALSE
41,TY,reg_wks_ty,DepthAndChoice,int,FALSE,TRUE,FALSE,11.2,FALSE,FALSE,264,158,,roundOff,FALSE,,FALSE,{},TRUE,125,FALSE,FALSE
41,Max Choice Count,max_cc,DepthAndChoice,int,FALSE,TRUE,FALSE,12,FALSE,FALSE,160,,,roundOff,FALSE,,FALSE,{},TRUE,125,FALSE,FALSE
41,Min Choice Count,min_cc,DepthAndChoice,int,FALSE,TRUE,FALSE,13,FALSE,FALSE,55071,,,roundOff,FALSE,,FALSE,{},TRUE,125,FALSE,FALSE
41,Enable Or Disable All Door Choice,all_door_cc_enabled,DepthAndChoice,ToogleField,FALSE,TRUE,FALSE,14,TRUE,FALSE,2462,,,,FALSE,,FALSE,{},TRUE,200,FALSE,FALSE
41,MOQ,moq,DepthAndChoice,int,FALSE,TRUE,FALSE,14,FALSE,FALSE,55072,,,roundOff,FALSE,,FALSE,{},TRUE,125,FALSE,FALSE
41,All Door Choice,all_door_cc,DepthAndChoice,int,FALSE,FALSE,FALSE,15,FALSE,FALSE,50002,,,roundOff,FALSE,,FALSE,{},TRUE,125,FALSE,FALSE
43,Cluster,g_cluster,Other,str,FALSE,FALSE,FALSE,1,FALSE,FALSE,283,,,,FALSE,,FALSE,{},FALSE,200,FALSE,FALSE
43,Store Number,retail_facility_code,str,str,FALSE,FALSE,TRUE,2,TRUE,TRUE,13509,,,,FALSE,,FALSE,{},FALSE,200,FALSE,FALSE
43,Store Name,store_name,str,link,FALSE,FALSE,TRUE,3,FALSE,TRUE,296,,count,,FALSE,,FALSE,{},FALSE,200,FALSE,FALSE
43,performance_cluster_name,performance_cluster_name,str,str,FALSE,FALSE,FALSE,4,TRUE,TRUE,297,,,,FALSE,,FALSE,{},FALSE,200,FALSE,FALSE
43,attribute_cluster_name,attribute_cluster_name,str,str,FALSE,FALSE,FALSE,4,TRUE,TRUE,298,,,,FALSE,,FALSE,{},FALSE,200,FALSE,FALSE
43,Sales ($),sales_retail$,Other,dollar,FALSE,FALSE,TRUE,6,FALSE,FALSE,285,,average,roundOff,FALSE,,FALSE,{},FALSE,150,FALSE,FALSE
43,Avg. Basket Size ($),avg_basket_size,Other,dollar,FALSE,FALSE,TRUE,7,FALSE,FALSE,286,,average,roundOff,FALSE,,FALSE,{},FALSE,150,FALSE,FALSE
43,AUR,AUR,Other,dollar,FALSE,FALSE,TRUE,8,FALSE,FALSE,287,,average,roundOff,FALSE,,FALSE,{},FALSE,150,FALSE,FALSE
43,APS,APS,Ohter,float,FALSE,FALSE,TRUE,9,FALSE,FALSE,288,,average,roundOfftoTwoDecimals,FALSE,,FALSE,{},FALSE,125,FALSE,FALSE
43,Unit Sales,unit_sales,Other,float,FALSE,FALSE,TRUE,10,FALSE,FALSE,289,,average,roundOff,FALSE,,FALSE,{},FALSE,125,FALSE,FALSE
43,Lost Sales,lost_sales,Other,float,FALSE,FALSE,TRUE,11,FALSE,FALSE,290,,average,roundOff,FALSE,,FALSE,{},FALSE,125,FALSE,FALSE
43,Gross Margin ($),gross_margin,Other,dollar,FALSE,FALSE,TRUE,12,FALSE,FALSE,291,,average,roundOff,FALSE,,FALSE,{},FALSE,150,FALSE,FALSE
43,Margin %,margin%,Other,percentage,FALSE,FALSE,TRUE,13,FALSE,FALSE,292,,average,roundOfftoTwoDecimals,FALSE,,FALSE,{},FALSE,125,FALSE,FALSE
43,ST%,ST%,Other,percentage,FALSE,FALSE,TRUE,14,FALSE,FALSE,293,,average,roundOfftoTwoDecimals,FALSE,,FALSE,{},FALSE,125,FALSE,FALSE
43,Unit Receipt,unit_receipts,Other,float,FALSE,FALSE,TRUE,15,FALSE,FALSE,294,,average,roundOff,FALSE,,FALSE,{},FALSE,125,FALSE,FALSE
44,"KPI""s Name",attribute_name,Other,attribute,FALSE,FALSE,FALSE,1,FALSE,TRUE,299,,,,FALSE,,FALSE,{},TRUE,200,FALSE,FALSE
44,Significant Score,score,Other,roundOfftoTwoDecimal,FALSE,FALSE,FALSE,2,FALSE,TRUE,300,,,,FALSE,,FALSE,{},TRUE,200,FALSE,FALSE
44,Rank,rank,Other,int,FALSE,FALSE,FALSE,3,FALSE,TRUE,301,,,,FALSE,,FALSE,{},TRUE,125,FALSE,FALSE
44,Action,is_final,Other,bool,FALSE,FALSE,FALSE,4,TRUE,TRUE,302,,,,FALSE,,FALSE,{},TRUE,100,FALSE,FALSE
45,"KPI""s Name",attribute_name,Other,attribute,FALSE,FALSE,FALSE,1,FALSE,TRUE,303,,,,FALSE,,FALSE,{},TRUE,200,FALSE,FALSE
45,Attribute Type,is_primary,Other,boolean,FALSE,FALSE,FALSE,2,TRUE,TRUE,304,,,,FALSE,,FALSE,{},TRUE,200,FALSE,FALSE
45,Action,is_final,Other,bool,FALSE,FALSE,FALSE,3,TRUE,TRUE,305,,,,FALSE,,FALSE,{},TRUE,100,FALSE,FALSE
47,Store Number,retail_facility_code,Other,str,FALSE,FALSE,FALSE,1,FALSE,TRUE,13510,,,,FALSE,,FALSE,{},TRUE,200,FALSE,FALSE
47,Store Name,store_name,Other,str,FALSE,FALSE,FALSE,2,FALSE,TRUE,325,,,,FALSE,,FALSE,{},TRUE,200,FALSE,FALSE
47,Store Type,special_classification,Other,str,FALSE,FALSE,FALSE,3,FALSE,TRUE,326,,,,FALSE,,FALSE,{},TRUE,200,FALSE,FALSE
48,Sub Department,l3_name,product_list,str,TRUE,FALSE,FALSE,1,FALSE,FALSE,333,,,,FALSE,,TRUE,{},TRUE,200,FALSE,FALSE
48,Material Number,article,product_list,str,FALSE,FALSE,FALSE,2,FALSE,FALSE,334,,,,FALSE,,TRUE,{},TRUE,200,FALSE,FALSE
48,Name,style_name,product_list,str,FALSE,FALSE,FALSE,3,FALSE,FALSE,335,,,,FALSE,,TRUE,{},TRUE,200,FALSE,FALSE
48,Sales ($),price,product_list,dollar,FALSE,FALSE,FALSE,3,FALSE,FALSE,336,,,roundOfftoTwoDecimals,FALSE,,FALSE,{},TRUE,150,FALSE,FALSE
49,User Name,user_name,User,str,FALSE,FALSE,FALSE,1,FALSE,FALSE,339,,,,FALSE,,FALSE,{},TRUE,200,FALSE,FALSE
49,User id,email,User,str,FALSE,FALSE,FALSE,2,FALSE,FALSE,340,,,,FALSE,,FALSE,{},TRUE,200,FALSE,FALSE
49,Delete,delete,User,delete_icon,FALSE,TRUE,FALSE,3,FALSE,FALSE,341,,,,FALSE,,FALSE,{},TRUE,200,FALSE,FALSE
50,Product ID,product_code,Product,str,TRUE,FALSE,FALSE,1,FALSE,FALSE,510,,,,FALSE,,TRUE,{},TRUE,200,FALSE,FALSE
50,Description,product_description,Product,str,FALSE,FALSE,FALSE,2,FALSE,FALSE,511,,,,FALSE,,TRUE,{},TRUE,200,FALSE,FALSE
50,Group Division,l0_name,Product,str,FALSE,FALSE,FALSE,3,FALSE,FALSE,516,,,,FALSE,,TRUE,{},TRUE,200,FALSE,FALSE
50,Department,l2_name,Product,str,FALSE,FALSE,FALSE,4,FALSE,FALSE,514,,,,FALSE,,TRUE,{},TRUE,200,FALSE,FALSE
50,Status,status,Product,list,FALSE,TRUE,FALSE,6,FALSE,FALSE,517,,,,FALSE,,TRUE,{},TRUE,200,FALSE,FALSE
50,Type,type,Product,list,FALSE,TRUE,FALSE,7,FALSE,FALSE,515,,,,FALSE,,TRUE,{},TRUE,200,FALSE,FALSE
51,Group Division,l0_name,ReceiptDrawer,str,FALSE,FALSE,FALSE,1,TRUE,TRUE,342,,,,FALSE,,FALSE,{},TRUE,200,FALSE,FALSE
51,Division,l1_name,ReceiptDrawer,str,FALSE,FALSE,FALSE,2,TRUE,TRUE,343,,,,FALSE,,FALSE,{},TRUE,200,FALSE,FALSE
51,Department,l2_name,ReceiptDrawer,str,FALSE,FALSE,FALSE,3,TRUE,TRUE,344,,,,FALSE,,FALSE,{},TRUE,200,FALSE,FALSE
51,Sub Department,l3_name,ReceiptDrawer,attribute,TRUE,FALSE,FALSE,4,FALSE,TRUE,345,,,,TRUE,name,FALSE,{},TRUE,200,FALSE,FALSE
51,Drop,drop,ReceiptDrawer,str,FALSE,FALSE,FALSE,5,FALSE,TRUE,1936,,,,TRUE,,FALSE,{},TRUE,200,FALSE,FALSE
51,Units,units,ReceiptDrawer,str,FALSE,FALSE,FALSE,6,FALSE,TRUE,346,,,,FALSE,,FALSE,{},TRUE,200,FALSE,FALSE
51,Initial Units,initial_units,ReceiptDrawer,int,FALSE,FALSE,FALSE,6.1,FALSE,TRUE,347,346,,roundOff,FALSE,sum,FALSE,{},TRUE,125,FALSE,FALSE
51,Updated Units,updated_units,ReceiptDrawer,int,FALSE,FALSE,FALSE,6.2,FALSE,TRUE,348,346,,roundOff,FALSE,sum,FALSE,{},TRUE,125,FALSE,FALSE
51,Difference Units,difference_units,ReceiptDrawer,int,FALSE,FALSE,FALSE,7,FALSE,TRUE,349,,,,FALSE,,FALSE,{},TRUE,125,FALSE,FALSE
51,Diff Units,difference_units_no,ReceiptDrawer,int,FALSE,FALSE,FALSE,7.1,FALSE,TRUE,350,349,,roundOff,FALSE,sum,FALSE,{},TRUE,125,FALSE,FALSE
51,Diff Units (%),difference_units_%,ReceiptDrawer,percentage,FALSE,FALSE,FALSE,7.2,FALSE,TRUE,351,349,,roundOfftoTwoDecimals,FALSE,sum,FALSE,{},TRUE,125,FALSE,FALSE
51,Budget,budget,ReceiptDrawer,dollar,FALSE,FALSE,FALSE,8,FALSE,TRUE,352,,,roundOff,FALSE,,FALSE,{},TRUE,150,FALSE,FALSE
51,Initial Budget,initial_budget,ReceiptDrawer,dollar,FALSE,FALSE,FALSE,8.1,FALSE,TRUE,353,352,,roundOff,FALSE,sum,FALSE,{},TRUE,150,FALSE,FALSE
51,Updated Budget,updated_budget,ReceiptDrawer,dollar,FALSE,FALSE,FALSE,8.2,FALSE,TRUE,354,352,,roundOff,FALSE,sum,FALSE,{},TRUE,150,FALSE,FALSE
51,Difference Budget,difference_budget,ReceiptDrawer,dollar,FALSE,FALSE,FALSE,9,FALSE,TRUE,355,,,roundOff,FALSE,sum,FALSE,{},TRUE,150,FALSE,FALSE
51,Diff Budget,difference_budget_no,ReceiptDrawer,dollar,FALSE,FALSE,FALSE,9.1,FALSE,TRUE,356,355,,roundOff,FALSE,sum,FALSE,{},TRUE,150,FALSE,FALSE
51,Diff Budget (%),difference_budget_%,ReceiptDrawer,percentage,FALSE,FALSE,FALSE,9.2,FALSE,TRUE,357,355,,roundOfftoTwoDecimals,FALSE,sum,FALSE,{},TRUE,125,FALSE,FALSE
51,COGS,cogs,ReceiptDrawer,dollar,FALSE,FALSE,FALSE,10,FALSE,TRUE,55065,,,roundOff,FALSE,,FALSE,{},TRUE,150,FALSE,FALSE
51,Initial COGS,initial_cogs,ReceiptDrawer,dollar,FALSE,FALSE,FALSE,10.1,FALSE,TRUE,55066,55065,,roundOff,FALSE,sum,FALSE,{},TRUE,150,FALSE,FALSE
51,Updated COGS,updated_cogs,ReceiptDrawer,dollar,FALSE,FALSE,FALSE,10.2,FALSE,TRUE,55067,55065,,roundOff,FALSE,sum,FALSE,{},TRUE,150,FALSE,FALSE
51,Difference COGS,difference_cogs,ReceiptDrawer,dollar,FALSE,FALSE,FALSE,10.3,FALSE,TRUE,55068,55065,,roundOff,FALSE,sum,FALSE,{},TRUE,150,FALSE,FALSE
53,Cluster,g_cluster,Other,str,FALSE,FALSE,FALSE,1,FALSE,FALSE,364,,,,FALSE,,FALSE,{},TRUE,200,FALSE,FALSE
53,Store Name,store_name,Store,str,FALSE,FALSE,TRUE,2,FALSE,TRUE,361,,count,,FALSE,,FALSE,{},TRUE,200,FALSE,FALSE
53,Sales ($),sales_retail$,Other,dollar,FALSE,FALSE,TRUE,3,FALSE,FALSE,372,,average,roundOff,FALSE,,FALSE,{},TRUE,200,FALSE,FALSE
53,Avg. Basket Size ($),avg_basket_size,Other,dollar,FALSE,FALSE,TRUE,4,FALSE,FALSE,373,,average,roundOff,FALSE,,FALSE,{},TRUE,200,FALSE,FALSE
53,AUR,AUR,Other,dollar,FALSE,FALSE,TRUE,5,FALSE,FALSE,362,,average,roundOff,FALSE,,FALSE,{},TRUE,200,FALSE,FALSE
53,APS,APS,Ohter,float,FALSE,FALSE,TRUE,6,FALSE,FALSE,374,,average,roundOfftoTwoDecimals,FALSE,,FALSE,{},TRUE,200,FALSE,FALSE
53,Unit Sales,unit_sales,Other,float,FALSE,FALSE,TRUE,7,FALSE,FALSE,367,,average,roundOff,FALSE,,FALSE,{},TRUE,200,FALSE,FALSE
53,Lost Sales,lost_sales,Other,float,FALSE,FALSE,TRUE,8,FALSE,FALSE,368,,average,roundOff,FALSE,,FALSE,{},TRUE,200,FALSE,FALSE
53,Gross Margin ($),gross_margin,Other,dollar,FALSE,FALSE,TRUE,9,FALSE,FALSE,369,,average,roundOff,FALSE,,FALSE,{},TRUE,200,FALSE,FALSE
53,Margin %,margin%,Other,percentage,FALSE,FALSE,TRUE,10,FALSE,FALSE,375,,average,roundOfftoTwoDecimals,FALSE,,FALSE,{},TRUE,200,FALSE,FALSE
53,ST%,ST%,Other,percentage,FALSE,FALSE,TRUE,11,FALSE,FALSE,370,,average,roundOfftoTwoDecimals,FALSE,,FALSE,{},TRUE,200,FALSE,FALSE
53,Unit Receipt,unit_receipts,Other,float,FALSE,FALSE,TRUE,12,FALSE,FALSE,366,,average,roundOff,FALSE,,FALSE,{},TRUE,200,FALSE,FALSE
53,Store Number,retail_facility_code,str,str,FALSE,FALSE,TRUE,13,TRUE,TRUE,13512,,,,FALSE,,FALSE,{},TRUE,200,FALSE,FALSE
53,performance_cluster_name,performance_cluster_name,str,str,FALSE,FALSE,FALSE,14,TRUE,TRUE,371,,,,FALSE,,FALSE,{},TRUE,200,FALSE,FALSE
53,attribute_cluster_name,attribute_cluster_name,str,str,FALSE,FALSE,FALSE,15,TRUE,TRUE,363,,,,FALSE,,FALSE,{},TRUE,200,FALSE,FALSE
54,Season,season_name,Wedge,str,FALSE,FALSE,FALSE,1,TRUE,TRUE,565,,,,FALSE,,FALSE,{},TRUE,200,FALSE,FALSE
54,Season Date For Now,season_date_for_now,Wedge,str,FALSE,FALSE,FALSE,2,TRUE,TRUE,566,,,,FALSE,,FALSE,{},TRUE,200,FALSE,FALSE
54,Date From,season_start_date,Wedge,str,FALSE,FALSE,FALSE,2.1,TRUE,TRUE,567,566,,,FALSE,,FALSE,{},TRUE,200,FALSE,FALSE
54,Date To,season_end_date,Wedge,str,FALSE,FALSE,FALSE,2.2,TRUE,TRUE,568,566,,,FALSE,,FALSE,{},TRUE,200,FALSE,FALSE
54,Channel,channels,Wedge,str,FALSE,FALSE,FALSE,3,TRUE,TRUE,569,,,,FALSE,,FALSE,{},TRUE,200,FALSE,FALSE
54,Group Division,l0_name,Wedge,str,TRUE,FALSE,FALSE,4,TRUE,TRUE,419,,,,FALSE,,FALSE,{},TRUE,200,FALSE,FALSE
54,Division,l1_name,Wedge,str,TRUE,FALSE,FALSE,5,TRUE,TRUE,420,,,,FALSE,,FALSE,{},TRUE,200,FALSE,FALSE
54,Department,l2_name,Wedge,str,TRUE,FALSE,FALSE,6,TRUE,TRUE,421,,,,FALSE,,FALSE,{},TRUE,200,FALSE,FALSE
54,Sub Department,l3_name,Wedge,attribute,TRUE,FALSE,FALSE,7,TRUE,TRUE,422,,,,FALSE,,FALSE,{},TRUE,200,FALSE,FALSE
54,Choice Name,choice_name,Wedge,str,TRUE,FALSE,FALSE,9,FALSE,TRUE,425,,,,FALSE,,FALSE,{},TRUE,200,FALSE,FALSE
54,wedge_id,wedge_id,Wedge,str,TRUE,FALSE,FALSE,10,TRUE,TRUE,423,,,,FALSE,,FALSE,{},TRUE,200,FALSE,FALSE
54,parent_wedge_id,parent_wedge_id,Wedge,str,TRUE,FALSE,FALSE,11,TRUE,TRUE,424,,,,FALSE,,FALSE,{},TRUE,200,FALSE,FALSE
54,Drop Name,drop_name,Wedge,str,TRUE,FALSE,FALSE,13,TRUE,TRUE,1923,,,,FALSE,,FALSE,{},TRUE,200,FALSE,FALSE
54,Flow Name,flow_name,Wedge,str,FALSE,FALSE,FALSE,14,TRUE,FALSE,555,,,,FALSE,,FALSE,{},FALSE,200,FALSE,FALSE
54,Total Units,total_qty,Wedge,int,FALSE,TRUE,FALSE,15,FALSE,TRUE,443,,,roundOff,FALSE,,FALSE,{},TRUE,125,FALSE,FALSE
54,Total Forecasted Qty,forecasted_qty,Wedge,int,FALSE,FALSE,FALSE,16,FALSE,TRUE,1872,,,,FALSE,,FALSE,{},TRUE,125,FALSE,FALSE
54,All Door Choice,all_door_choice,Wedge,list,FALSE,TRUE,FALSE,17,FALSE,TRUE,51647,,,,FALSE,,FALSE,{},TRUE,200,FALSE,FALSE
54,Lock Choice,lock_choice,Wedge,list,FALSE,TRUE,FALSE,18,FALSE,TRUE,1873,,,,FALSE,,FALSE,{},TRUE,200,FALSE,FALSE
54,Material Number,article_number,Wedge,str,FALSE,TRUE,FALSE,20,FALSE,TRUE,2061,,,,FALSE,,TRUE,{},TRUE,200,FALSE,FALSE
54,Style Number,style_no,Wedge,str,FALSE,TRUE,FALSE,21,FALSE,TRUE,1877,,,nonCommaFormatter,FALSE,,TRUE,{},TRUE,200,FALSE,FALSE
54,Style Name,style_name,Wedge,str,FALSE,TRUE,FALSE,22,FALSE,TRUE,1874,,,nonCommaFormatter,FALSE,,TRUE,{},TRUE,200,FALSE,FALSE
54,Color Name,color_name,Wedge,str,FALSE,TRUE,FALSE,23,FALSE,TRUE,1875,,,nonCommaFormatter,FALSE,,TRUE,{},TRUE,200,FALSE,FALSE
54,DCS,dcs,Wedge,str,FALSE,TRUE,FALSE,24,FALSE,TRUE,70015,,,,FALSE,,TRUE,{},TRUE,200,FALSE,FALSE
54,Actual MSRP,actual_msrp,Wedge,dollar,FALSE,TRUE,FALSE,25,FALSE,TRUE,1878,,,roundOfftoTwodecimal,FALSE,,TRUE,{},TRUE,150,FALSE,FALSE
54,Cost,cost,Wedge,dollar,FALSE,TRUE,FALSE,26,FALSE,TRUE,1879,,,roundOfftoTwodecimal,FALSE,,TRUE,{},TRUE,150,FALSE,FALSE
54,Total Door count,total_door_count,Wedge,int,FALSE,FALSE,FALSE,27,FALSE,TRUE,70001,,,roundOff,FALSE,,TRUE,{},TRUE,200,FALSE,FALSE
54,Marketing CC,marketing_cc,Wedge,list,FALSE,TRUE,FALSE,28,FALSE,TRUE,70000,,,,FALSE,,TRUE,{},TRUE,200,FALSE,FALSE
54,Carryover Prev Season,carry_over_prev_season,Wedge,list,FALSE,TRUE,FALSE,29,FALSE,TRUE,52647,,,,FALSE,,FALSE,{},TRUE,200,FALSE,FALSE
54,Flow To Next Season,flow_to_next_season,Wedge,list,FALSE,TRUE,FALSE,30,FALSE,TRUE,1880,,,,FALSE,,FALSE,{},TRUE,200,FALSE,FALSE
54,Big Tall Size,big_tall_size,Wedge,list,FALSE,TRUE,FALSE,31,TRUE,TRUE,55069,,,,FALSE,,FALSE,{},TRUE,200,FALSE,FALSE
54,MOQ,moq,Wedge,int,FALSE,FALSE,FALSE,32,FALSE,FALSE,55070,,,roundOff,FALSE,,FALSE,{},TRUE,125,FALSE,FALSE
54,Delete Choice,delete_choice,Wedge,list,FALSE,TRUE,FALSE,33,FALSE,TRUE,2088,,,,FALSE,,FALSE,{},TRUE,200,FALSE,FALSE
54,All Door Count,all_door_count,Wedge,int,FALSE,FALSE,FALSE,35,TRUE,TRUE,55063,,,,FALSE,,TRUE,{},TRUE,200,FALSE,FALSE
54,ST,st,Wedge,int,FALSE,FALSE,FALSE,36,TRUE,TRUE,70039,,,,FALSE,,TRUE,{},TRUE,200,FALSE,FALSE
54,Reg WK,avg_wk_cnt_ty,Wedge,int,FALSE,FALSE,FALSE,37,TRUE,TRUE,70040,,,,FALSE,,TRUE,{},TRUE,200,FALSE,FALSE
55,Review,review,Finalize by Attribute grade,review_icon,TRUE,TRUE,FALSE,1,FALSE,FALSE,457,,,,FALSE,,FALSE,{},TRUE,200,FALSE,FALSE
55,Group Division,l0_name,Finalize by Attribute grade,str,FALSE,FALSE,FALSE,2,TRUE,TRUE,453,,,,FALSE,,FALSE,{},TRUE,200,FALSE,FALSE
55,Division,l1_name,Finalize by Attribute grade,str,FALSE,FALSE,FALSE,3,TRUE,TRUE,454,,,,FALSE,,FALSE,{},TRUE,200,FALSE,FALSE
55,Department,l2_name,Finalize by Attribute grade,str,FALSE,FALSE,FALSE,4,TRUE,TRUE,455,,,,FALSE,,FALSE,{},TRUE,200,FALSE,FALSE
55,Sub Department,l3_name,Finalize by Attribute grade,attribute,TRUE,FALSE,FALSE,5,FALSE,TRUE,456,,,,FALSE,,FALSE,{},TRUE,200,FALSE,FALSE
55,Receipt Units,receipt_units,Finalize by Attribute grade,str,FALSE,FALSE,FALSE,6,FALSE,TRUE,458,,,,FALSE,,FALSE,{},TRUE,200,FALSE,FALSE
55,LY,receipt_units_ly,Finalize by Attribute grade,int,FALSE,FALSE,FALSE,6.1,FALSE,TRUE,459,458,,roundOff,FALSE,,FALSE,{},TRUE,125,FALSE,FALSE
55,TY,receipt_units_ty,Finalize by Attribute grade,int,FALSE,FALSE,FALSE,6.2,FALSE,TRUE,460,458,,roundOff,FALSE,,FALSE,{},TRUE,125,FALSE,FALSE
55,ReceiptS ($),receipts,Finalize by Attribute grade,dollar,FALSE,FALSE,FALSE,7,FALSE,TRUE,461,,,,FALSE,,FALSE,{},TRUE,150,FALSE,FALSE
55,LY,receipts_ly,Finalize by Attribute grade,dollar,FALSE,FALSE,FALSE,7.1,FALSE,TRUE,462,461,,roundOff,FALSE,,FALSE,{},TRUE,150,FALSE,FALSE
55,TY,receipts_ty,Finalize by Attribute grade,dollar,FALSE,FALSE,FALSE,7.2,FALSE,TRUE,463,461,,roundOff,FALSE,,FALSE,{},TRUE,150,FALSE,FALSE
55,Choice Count,choice_count,Finalize by Attribute grade,str,FALSE,FALSE,FALSE,8,FALSE,TRUE,464,,,,FALSE,,FALSE,{},TRUE,200,FALSE,FALSE
55,LY,choice_count_ly,Finalize by Attribute grade,int,FALSE,FALSE,FALSE,8.1,FALSE,TRUE,465,464,,roundOff,FALSE,,FALSE,{},TRUE,125,FALSE,FALSE
55,TY,choice_count_ty,Finalize by Attribute grade,int,FALSE,FALSE,FALSE,8.2,FALSE,TRUE,466,464,,roundOff,FALSE,,FALSE,{},TRUE,125,FALSE,FALSE
55,Avg Depth,avg_depth,Finalize by Attribute grade,str,FALSE,FALSE,FALSE,9,FALSE,TRUE,467,,,,FALSE,,FALSE,{},TRUE,200,FALSE,FALSE
55,LY,avg_depth_ly,Finalize by Attribute grade,int,FALSE,FALSE,FALSE,9.1,FALSE,TRUE,468,467,,roundOff,FALSE,,FALSE,{},TRUE,125,FALSE,FALSE
55,TY,avg_depth_ty,Finalize by Attribute grade,int,FALSE,FALSE,FALSE,9.2,FALSE,TRUE,469,467,,roundOff,FALSE,,FALSE,{},TRUE,125,FALSE,FALSE
55,APS,aps,Finalize by Attribute grade,str,FALSE,FALSE,FALSE,10,FALSE,TRUE,470,,,,FALSE,,FALSE,{},TRUE,200,FALSE,FALSE
55,LY,aps_ly,Finalize by Attribute grade,float,FALSE,FALSE,FALSE,10.1,FALSE,TRUE,471,470,,roundOfftoTwoDecimals,FALSE,,FALSE,{},TRUE,125,FALSE,FALSE
55,TY,aps_ty,Finalize by Attribute grade,float,FALSE,FALSE,FALSE,10.2,FALSE,TRUE,472,470,,roundOfftoTwoDecimals,FALSE,,FALSE,{},TRUE,125,FALSE,FALSE
55,ST %,st,Finalize by Attribute grade,percentage,FALSE,FALSE,FALSE,11,FALSE,TRUE,473,,,roundOfftoTwoDecimals,FALSE,,FALSE,{},TRUE,125,FALSE,FALSE
55,LY,st_ly,Finalize by Attribute grade,percentage,FALSE,FALSE,FALSE,11.1,FALSE,TRUE,474,473,,roundOfftoTwoDecimals,FALSE,,FALSE,{},TRUE,125,FALSE,FALSE
55,TY,st_ty,Finalize by Attribute grade,percentage,FALSE,FALSE,FALSE,11.2,FALSE,TRUE,475,473,,roundOfftoTwoDecimals,FALSE,,FALSE,{},TRUE,125,FALSE,FALSE
55,AUR,aur,Finalize by Attribute grade,dollar,FALSE,FALSE,FALSE,12,FALSE,TRUE,476,,,roundOfftoTwoDecimals,FALSE,,FALSE,{},TRUE,150,FALSE,FALSE
55,LY,aur_ly,Finalize by Attribute grade,dollar,FALSE,FALSE,FALSE,12.1,FALSE,TRUE,477,476,,roundOfftoTwoDecimals,FALSE,,FALSE,{},TRUE,150,FALSE,FALSE
55,TY,aur_ty,Finalize by Attribute grade,dollar,FALSE,FALSE,FALSE,12.2,FALSE,TRUE,478,476,,roundOfftoTwoDecimals,FALSE,,FALSE,{},TRUE,150,FALSE,FALSE
56,Group Division,l0_name,Finalize by Attributes,str,FALSE,FALSE,FALSE,1,TRUE,TRUE,479,,,,FALSE,,FALSE,{},TRUE,200,FALSE,FALSE
56,Division,l1_name,Finalize by Attributes,str,FALSE,FALSE,FALSE,2,TRUE,TRUE,480,,,,FALSE,,FALSE,{},TRUE,200,FALSE,FALSE
56,Department,l2_name,Finalize by Attributes,str,FALSE,FALSE,FALSE,3,TRUE,TRUE,481,,,,FALSE,,FALSE,{},TRUE,200,FALSE,FALSE
56,Sub Department,l3_name,Finalize by Attributes,str,FALSE,FALSE,FALSE,4,TRUE,TRUE,482,,,,FALSE,,FALSE,{},TRUE,200,FALSE,FALSE
56,Product Attribute,attribute_name,Finalize by Attributes,str,TRUE,FALSE,FALSE,5,FALSE,TRUE,483,,,,TRUE,,FALSE,{},TRUE,200,FALSE,FALSE
56,Attribute value,attribute_value,Finalize by Attributes,str,TRUE,FALSE,FALSE,6,FALSE,TRUE,484,,,,FALSE,,FALSE,{},TRUE,200,FALSE,FALSE
56,Penetration,penetration,Finalize by Attributes,percentage,FALSE,FALSE,FALSE,7,FALSE,TRUE,487,,,,FALSE,,FALSE,{},TRUE,125,FALSE,FALSE
56,LY,pen_ly,Finalize by Attributes,percentage,FALSE,FALSE,FALSE,7.1,FALSE,TRUE,488,487,,roundOfftoTwoDecimals,FALSE,,FALSE,{},TRUE,125,FALSE,FALSE
56,TY,pen_ty,Finalize by Attributes,percentage,FALSE,FALSE,FALSE,7.2,FALSE,TRUE,489,487,,roundOfftoTwoDecimals,FALSE,,FALSE,{},TRUE,125,FALSE,FALSE
56,Receipt ($),receipt,Finalize by Attributes,dollar,FALSE,FALSE,FALSE,8,FALSE,TRUE,490,,,,FALSE,,FALSE,{},TRUE,150,FALSE,FALSE
56,LY,receipt$_ly,Finalize by Attributes,dollar,FALSE,FALSE,FALSE,8.1,FALSE,TRUE,491,490,,roundOff,FALSE,,FALSE,{},TRUE,150,FALSE,FALSE
56,TY,receipt$_ty,Finalize by Attributes,dollar,FALSE,FALSE,FALSE,8.2,FALSE,TRUE,492,490,,roundOff,FALSE,,FALSE,{},TRUE,150,FALSE,FALSE
56,Choice count,choice_count,Finalize by Attributes,str,FALSE,FALSE,FALSE,9,FALSE,TRUE,493,,,,FALSE,,FALSE,{},TRUE,200,FALSE,FALSE
56,LY,cc_ly,Finalize by Attributes,int,FALSE,FALSE,FALSE,9.1,FALSE,TRUE,494,493,,roundOff,FALSE,,FALSE,{},TRUE,125,FALSE,FALSE
56,TY,cc_ty,Finalize by Attributes,int,FALSE,FALSE,FALSE,9.2,FALSE,TRUE,495,493,,roundOff,FALSE,,FALSE,{},TRUE,125,FALSE,FALSE
56,Avg Depth,avg_depth,Finalize by Attributes,str,FALSE,FALSE,FALSE,10,FALSE,TRUE,496,,,,FALSE,,FALSE,{},TRUE,200,FALSE,FALSE
56,LY,avg_depth_ly,Finalize by Attributes,int,FALSE,FALSE,FALSE,10.1,FALSE,TRUE,497,496,,roundOff,FALSE,,FALSE,{},TRUE,125,FALSE,FALSE
56,TY,avg_depth_ty,Finalize by Attributes,int,FALSE,FALSE,FALSE,10.2,FALSE,TRUE,498,496,,roundOff,FALSE,,FALSE,{},TRUE,125,FALSE,FALSE
56,APS,aps,Finalize by Attributes,float,FALSE,FALSE,FALSE,11,FALSE,TRUE,499,,,roundOfftoTwoDecimals,FALSE,,FALSE,{},TRUE,125,FALSE,FALSE
56,LY,aps_ly,Finalize by Attributes,float,FALSE,FALSE,FALSE,11.1,FALSE,TRUE,500,499,,roundOfftoTwoDecimals,FALSE,,FALSE,{},TRUE,125,FALSE,FALSE
56,TY,aps_ty,Finalize by Attributes,float,FALSE,FALSE,FALSE,11.2,FALSE,TRUE,501,499,,roundOfftoTwoDecimals,FALSE,,FALSE,{},TRUE,125,FALSE,FALSE
56,ST %,st,Finalize by Attributes,str,FALSE,FALSE,FALSE,12,FALSE,TRUE,502,,,,FALSE,,FALSE,{},TRUE,200,FALSE,FALSE
56,LY,st_ly,Finalize by Attributes,percentage,FALSE,FALSE,FALSE,12.1,FALSE,TRUE,503,502,,roundOfftoTwoDecimals,FALSE,,FALSE,{},TRUE,125,FALSE,FALSE
56,TY,st_ty,Finalize by Attributes,percentage,FALSE,FALSE,FALSE,12.2,FALSE,TRUE,504,502,,roundOfftoTwoDecimals,FALSE,,FALSE,{},TRUE,125,FALSE,FALSE
57,Group Division,l0_name,DepthMultiplier,str,FALSE,FALSE,FALSE,1,TRUE,FALSE,505,,,,FALSE,,FALSE,{},TRUE,200,FALSE,FALSE
57,Division,l1_name,DepthMultiplier,str,FALSE,FALSE,FALSE,2,TRUE,FALSE,506,,,,FALSE,,FALSE,{},TRUE,200,FALSE,FALSE
57,Department,l2_name,DepthMultiplier,str,FALSE,FALSE,FALSE,3,TRUE,FALSE,507,,,,FALSE,,FALSE,{},TRUE,200,FALSE,FALSE
57,Sub Department,l3_name,DepthMultiplier,str,FALSE,FALSE,FALSE,4,TRUE,FALSE,508,,,,FALSE,,FALSE,{},TRUE,200,FALSE,FALSE
57,Metric,metric,DepthMultiplier,str,FALSE,FALSE,FALSE,5,FALSE,FALSE,509,,,,FALSE,,FALSE,{},TRUE,200,FALSE,FALSE
58,Store Name,store_name,Store,str,FALSE,FALSE,FALSE,2,FALSE,FALSE,1953,,,,FALSE,,TRUE,{},TRUE,200,FALSE,FALSE
58,Store Number,retail_facility_code,Store,str,FALSE,FALSE,FALSE,1,FALSE,FALSE,13513,,,,FALSE,,TRUE,{},TRUE,200,FALSE,FALSE
58,Mapping,is_mapped,Others,ToogleField,FALSE,TRUE,FALSE,3,FALSE,FALSE,1954,,,,FALSE,,FALSE,{},TRUE,200,FALSE,FALSE
58,Created By,created_by,user,str,FALSE,FALSE,FALSE,5,FALSE,FALSE,1956,,,,FALSE,,FALSE,{},TRUE,200,FALSE,FALSE
59,Choice,choice_name,Finalize_Buy,str,TRUE,FALSE,FALSE,1,FALSE,FALSE,522,,,,FALSE,,FALSE,{},TRUE,200,FALSE,FALSE
59,#Stores,stores,Finalize_Buy,int,FALSE,FALSE,FALSE,2,FALSE,FALSE,525,,roundOff,roundOff,FALSE,,FALSE,{},TRUE,125,FALSE,FALSE
59,Total Buy Units,total_buy_units,Finalize_Buy,int,FALSE,FALSE,FALSE,3,FALSE,FALSE,526,,roundOff,roundOff,FALSE,,FALSE,{},TRUE,125,FALSE,FALSE
59,Style Number,style_number,Finalize_Buy,str,FALSE,FALSE,FALSE,4,FALSE,FALSE,527,,,roundOff,FALSE,,FALSE,{},TRUE,200,FALSE,FALSE
59,Style Desc.,style_desc,Finalize_Buy,str,FALSE,FALSE,FALSE,5,FALSE,FALSE,528,,,,FALSE,,FALSE,{},TRUE,200,FALSE,FALSE
59,Size,size,Finalize_Buy,float,FALSE,FALSE,FALSE,6,FALSE,FALSE,529,,,roundOff,FALSE,,FALSE,{},TRUE,125,FALSE,FALSE
61,Group Division,l0_name,l2_budget,str,TRUE,FALSE,FALSE,1,TRUE,TRUE,537,,,,FALSE,,FALSE,{},TRUE,200,FALSE,FALSE
61,Division,l1_name,l2_budget,str,TRUE,FALSE,FALSE,2,FALSE,TRUE,538,,,,FALSE,,FALSE,{},TRUE,200,FALSE,FALSE
61,Channel,channel,l2_budget,str,FALSE,FALSE,FALSE,4,TRUE,FALSE,50001,,,,TRUE,,FALSE,{},TRUE,200,FALSE,FALSE
61,Sub Channel,sub_channel,l2_budget,str,FALSE,FALSE,FALSE,5,FALSE,FALSE,70038,,,,TRUE,,FALSE,{},TRUE,200,FALSE,FALSE
62,Group Division,l0_name,cluster_level_plan,str,TRUE,FALSE,FALSE,1,TRUE,TRUE,540,,,,FALSE,,FALSE,{},TRUE,200,FALSE,FALSE
62,Division,l1_name,cluster_level_plan,str,TRUE,FALSE,FALSE,2,TRUE,TRUE,541,,,,FALSE,,FALSE,{},TRUE,200,FALSE,FALSE
62,Department,l2_name,cluster_level_plan,str,TRUE,FALSE,FALSE,3,TRUE,TRUE,542,,,,FALSE,,FALSE,{},TRUE,200,FALSE,FALSE
62,Drops,drop,cluster_level_plan,str,TRUE,FALSE,FALSE,3,TRUE,TRUE,1921,,,,FALSE,,FALSE,{},TRUE,200,FALSE,FALSE
62,Sub Department,l3_name,cluster_level_plan,attribute,TRUE,FALSE,FALSE,4,FALSE,TRUE,543,,,,TRUE,name,FALSE,{},FALSE,200,FALSE,FALSE
62,Sub Channel,sub_channel,cluster_level_plan,str,FALSE,FALSE,FALSE,5,TRUE,TRUE,1890,,,,FALSE,,FALSE,{},TRUE,200,FALSE,FALSE
62,Pen%,pen%,cluster_level_plan,int,TRUE,FALSE,FALSE,6,FALSE,TRUE,544,,,,TRUE,,FALSE,{},TRUE,125,FALSE,FALSE
62,LY,penetration_ly,cluster_level_plan,percentage,FALSE,FALSE,FALSE,6.1,FALSE,TRUE,545,544,,roundOfftoTwoDecimals,FALSE,sum,FALSE,{},TRUE,125,FALSE,FALSE
62,TY,penetration_ty,cluster_level_plan,percentage,FALSE,FALSE,FALSE,6.2,FALSE,TRUE,546,544,,roundOfftoTwoDecimals,FALSE,sum,FALSE,{},TRUE,125,FALSE,FALSE
62,Attribute value,attribute_value,cluster_level_plan,attribute,TRUE,FALSE,FALSE,7,FALSE,TRUE,547,,,,FALSE,,FALSE,{},TRUE,200,FALSE,FALSE
62,Total,total,cluster_level_plan,attribute,FALSE,TRUE,FALSE,8,FALSE,TRUE,548,,,,TRUE,,FALSE,{},TRUE,200,FALSE,FALSE
62,LY,total_ly,cluster_level_plan,percentage,FALSE,FALSE,FALSE,8.1,FALSE,TRUE,549,548,,roundOfftoTwoDecimals,FALSE,avg,FALSE,{},TRUE,125,FALSE,FALSE
62,TY,total_ty,cluster_level_plan,percentage,FALSE,FALSE,FALSE,8.2,FALSE,TRUE,550,548,,roundOfftoTwoDecimals,FALSE,avg,FALSE,{},TRUE,125,FALSE,FALSE
66,Group Division,l0_name,bop,str,TRUE,FALSE,FALSE,1,TRUE,TRUE,584,,,,FALSE,,FALSE,{},TRUE,200,FALSE,FALSE
66,Division,l1_name,bop,str,TRUE,FALSE,FALSE,2,TRUE,TRUE,585,,,,FALSE,,FALSE,{},TRUE,200,FALSE,FALSE
66,Department,l2_name,bop,str,TRUE,FALSE,FALSE,3,FALSE,TRUE,586,,,,FALSE,,FALSE,{},TRUE,200,FALSE,FALSE
66,Sub Department,l3_name,bop,str,TRUE,FALSE,FALSE,4,FALSE,TRUE,587,,,,FALSE,name,FALSE,{},TRUE,200,FALSE,FALSE
66,BOP Cost $,bop_receipt,bop,int,TRUE,FALSE,FALSE,5,TRUE,TRUE,588,,,,FALSE,,FALSE,{},TRUE,200,FALSE,FALSE
66,BOP Quantity,bop_qty,bop,int,TRUE,FALSE,FALSE,6,TRUE,TRUE,589,,,,FALSE,,FALSE,{},TRUE,200,FALSE,FALSE
66,BOP Choice Count,bop_choice_count,bop,int,TRUE,FALSE,FALSE,7,FALSE,TRUE,590,,,,FALSE,,FALSE,{},TRUE,200,FALSE,FALSE
66,Choice view,style_view,bop,review_icon,TRUE,TRUE,FALSE,8,FALSE,TRUE,591,,,,FALSE,,FALSE,{},TRUE,200,FALSE,FALSE
67,Group Division,l0_name,bop,str,TRUE,FALSE,FALSE,1,TRUE,TRUE,592,,,,FALSE,,FALSE,{},TRUE,200,FALSE,FALSE
67,Division,l1_name,bop,str,TRUE,FALSE,FALSE,2,TRUE,TRUE,593,,,,FALSE,,FALSE,{},TRUE,200,FALSE,FALSE
67,Department,l2_name,bop,str,TRUE,FALSE,FALSE,3,TRUE,TRUE,594,,,,FALSE,,FALSE,{},TRUE,200,FALSE,FALSE
67,Sub Department,l3_name,bop,str,TRUE,FALSE,FALSE,4,FALSE,TRUE,595,,,,FALSE,name,FALSE,{},TRUE,200,FALSE,FALSE
67,Choice,choice,bop,str,TRUE,FALSE,FALSE,5,FALSE,TRUE,596,,,,FALSE,name,FALSE,{},TRUE,200,FALSE,FALSE
67,Attributes,attributes,bop,str,FALSE,FALSE,FALSE,6,FALSE,TRUE,597,,,,FALSE,name,FALSE,{},TRUE,200,FALSE,FALSE
67,Material Number,article_number,bop,str,FALSE,FALSE,FALSE,7,FALSE,TRUE,70032,,,,FALSE,,FALSE,{},TRUE,200,FALSE,FALSE
67,Style Name,style_name,bop,str,FALSE,FALSE,FALSE,8,FALSE,TRUE,598,,,,FALSE,name,FALSE,{},TRUE,200,FALSE,FALSE
67,Color Name,color_name,bop,str,FALSE,FALSE,FALSE,9,FALSE,TRUE,599,,,,FALSE,name,FALSE,{},TRUE,200,FALSE,FALSE
67,Style Number,style_number,bop,str,FALSE,FALSE,FALSE,10,FALSE,TRUE,600,,,,FALSE,,FALSE,{},TRUE,200,FALSE,FALSE
67,BOP Quantity,bop_qty,bop,float,FALSE,FALSE,FALSE,11,FALSE,TRUE,601,,,roundOfftoTwoDecimals,FALSE,,FALSE,{},TRUE,200,FALSE,FALSE
67,AUR,aur,bop,float,FALSE,FALSE,FALSE,12,FALSE,TRUE,602,,,roundOfftoTwoDecimals,FALSE,,FALSE,{},TRUE,200,FALSE,FALSE
67,SKU Productivity,sku_productivity,bop,float,FALSE,FALSE,FALSE,13,FALSE,TRUE,2527,,,roundOfftoTwoDecimals,FALSE,,FALSE,{},TRUE,200,FALSE,FALSE
68,Division,l1_name,ComparePlan,str,TRUE,FALSE,FALSE,1,TRUE,TRUE,1828,,,,FALSE,name,FALSE,{},TRUE,200,FALSE,FALSE
68,Department,l2_name,ComparePlan,str,TRUE,FALSE,FALSE,2,TRUE,TRUE,1769,,,,FALSE,name,FALSE,{},TRUE,200,FALSE,FALSE
68,Sub Department,l3_name,ComparePlan,str,TRUE,FALSE,FALSE,3,FALSE,TRUE,1770,,,,FALSE,name,FALSE,{},TRUE,200,FALSE,FALSE
68,Receipt $,receipt,ComparePlan,dollar,FALSE,FALSE,FALSE,4,FALSE,TRUE,1771,,,,FALSE,,FALSE,{},TRUE,200,FALSE,FALSE
68,LY,receipt_ly,ComparePlan,dollar,FALSE,FALSE,FALSE,4.1,FALSE,TRUE,1774,1771,,roundOff,FALSE,sum,FALSE,{},TRUE,200,FALSE,FALSE
68,Receipt Units,receipt_unit,ComparePlan,int,FALSE,FALSE,FALSE,5,FALSE,TRUE,1775,,,,FALSE,,FALSE,{},TRUE,200,FALSE,FALSE
68,LY,receipt_unit_ly,ComparePlan,int,FALSE,FALSE,FALSE,5.1,FALSE,TRUE,1778,1775,,roundOff,FALSE,sum,FALSE,{},TRUE,200,FALSE,FALSE
68,Choice Count,choice_count,ComparePlan,int,FALSE,FALSE,FALSE,6,FALSE,TRUE,1779,,,,FALSE,,FALSE,{},TRUE,200,FALSE,FALSE
68,LY,choice_count_ly,ComparePlan,int,FALSE,FALSE,FALSE,6.1,FALSE,TRUE,1782,1779,,roundOff,FALSE,sum,FALSE,{},TRUE,200,FALSE,FALSE
68,Avg Depth,avg_depth,ComparePlan,int,FALSE,FALSE,FALSE,7,FALSE,TRUE,1783,,,,FALSE,,FALSE,{},TRUE,200,FALSE,FALSE
68,LY,avg_depth_ly,ComparePlan,int,FALSE,FALSE,FALSE,7.1,FALSE,TRUE,1786,1783,,roundOff,FALSE,formula,FALSE,{},TRUE,200,FALSE,FALSE
68,ST%,st_grade,ComparePlan,percentage,FALSE,FALSE,FALSE,8,FALSE,TRUE,1787,,,,FALSE,,FALSE,{},TRUE,200,FALSE,FALSE
68,LY,st_grade_ly,ComparePlan,percentage,FALSE,FALSE,FALSE,8.1,FALSE,TRUE,1790,1787,,roundOff,FALSE,formula,FALSE,{},TRUE,200,FALSE,FALSE
68,AUR,aur,ComparePlan,dollar,FALSE,FALSE,FALSE,9,FALSE,TRUE,1791,,,,FALSE,,FALSE,{},TRUE,200,FALSE,FALSE
68,LY,aur_ly,ComparePlan,dollar,FALSE,FALSE,FALSE,9.1,FALSE,TRUE,1794,1791,,roundOfftoTwoDecimals,FALSE,formula,FALSE,{},TRUE,200,FALSE,FALSE
68,IMU,imu,ComparePlan,int,FALSE,FALSE,FALSE,10,FALSE,TRUE,1795,,,,FALSE,,FALSE,{},TRUE,200,FALSE,FALSE
68,LY,imu_ly,ComparePlan,int,FALSE,FALSE,FALSE,10.1,FALSE,TRUE,1798,1795,,roundOff,FALSE,formula,FALSE,{},TRUE,200,FALSE,FALSE
68,APS,aps,ComparePlan,float,FALSE,FALSE,FALSE,11,FALSE,TRUE,1800,,,roundOfftoTwoDecimals,FALSE,,FALSE,{},TRUE,200,FALSE,FALSE
68,LY,aps_ly,ComparePlan,float,FALSE,FALSE,FALSE,11.1,FALSE,TRUE,1803,1800,,roundOfftoTwoDecimals,FALSE,sum,FALSE,{},TRUE,200,FALSE,FALSE
70,Division,l1_name,ComparePlan,str,TRUE,FALSE,FALSE,1,TRUE,TRUE,1827,,,,FALSE,,FALSE,{},TRUE,200,FALSE,FALSE
70,Department,l2_name,ComparePlan,str,TRUE,FALSE,FALSE,2,TRUE,TRUE,1809,,,,FALSE,,FALSE,{},TRUE,200,FALSE,FALSE
70,Sub Department,l3_name,ComparePlan,str,TRUE,FALSE,FALSE,3,TRUE,TRUE,1810,,,,FALSE,,FALSE,{},TRUE,200,FALSE,FALSE
70,Cluster,cluster_name,ComparePlan,str,FALSE,FALSE,FALSE,4,FALSE,TRUE,1811,,,,FALSE,name,FALSE,{},TRUE,200,FALSE,FALSE
70,Receipt $,receipt,ComparePlan,dollar,FALSE,FALSE,FALSE,5,FALSE,TRUE,1812,,,,FALSE,,FALSE,{},TRUE,200,FALSE,FALSE
70,receipt_sub,receipt_sub,ComparePlan,dollar,FALSE,FALSE,FALSE,5.1,FALSE,TRUE,1813,1812,,roundOff,FALSE,sum,FALSE,{},TRUE,200,FALSE,FALSE
70,Choice Count,choice,ComparePlan,int,FALSE,FALSE,FALSE,6,FALSE,TRUE,1815,,,,FALSE,,FALSE,{},TRUE,200,FALSE,FALSE
70,choice_sub,choice_sub,ComparePlan,int,FALSE,FALSE,FALSE,6.1,FALSE,TRUE,1816,1815,,roundOff,FALSE,sum,FALSE,{},TRUE,200,FALSE,FALSE
70,Avg Depth,avg_depth,ComparePlan,int,FALSE,FALSE,FALSE,7,FALSE,TRUE,1818,,,,FALSE,,FALSE,{},TRUE,200,FALSE,FALSE
70,avg_depth_sub,avg_depth_sub,ComparePlan,int,FALSE,FALSE,FALSE,7.1,FALSE,TRUE,1819,1818,,roundOff,FALSE,formula,FALSE,{},TRUE,200,FALSE,FALSE
70,ST%,st_grade,ComparePlan,percentage,FALSE,FALSE,FALSE,8,FALSE,TRUE,1821,,,,FALSE,,FALSE,{},TRUE,200,FALSE,FALSE
70,st_grade_sub,st_grade_sub,ComparePlan,percentage,FALSE,FALSE,FALSE,8.1,FALSE,TRUE,1822,1821,,roundOff,FALSE,formula,FALSE,{},TRUE,200,FALSE,FALSE
70,APS,aps,ComparePlan,float,FALSE,FALSE,FALSE,9,FALSE,TRUE,1824,,,roundOfftoTwoDecimals,FALSE,,FALSE,{},TRUE,200,FALSE,FALSE
70,aps_sub,aps_sub,ComparePlan,float,FALSE,FALSE,FALSE,9.1,FALSE,TRUE,1825,1824,,roundOfftoTwoDecimals,FALSE,formula,FALSE,{},TRUE,200,FALSE,FALSE
72,Store Number,retail_facility_code,Store,str,TRUE,FALSE,TRUE,1,FALSE,FALSE,13514,,,,FALSE,,TRUE,{},TRUE,200,FALSE,FALSE
72,Store Name,store_name,Store,str,TRUE,FALSE,TRUE,2,FALSE,FALSE,679,,,,FALSE,,TRUE,{},TRUE,200,FALSE,FALSE
72,IA Classification,labels,Store,str,TRUE,FALSE,TRUE,3,FALSE,FALSE,680,,,,FALSE,,TRUE,{},TRUE,200,FALSE,FALSE
73,Plan Name,name,Other,str,TRUE,FALSE,FALSE,1,FALSE,TRUE,1846,,,,FALSE,,TRUE,{},TRUE,200,FALSE,FALSE
73,Created By,created_by,Other,str,FALSE,FALSE,FALSE,2,FALSE,TRUE,1847,,,,FALSE,,TRUE,{},TRUE,200,FALSE,FALSE
73,Created On,created_at,Other,DateTimeField,FALSE,FALSE,FALSE,3,FALSE,TRUE,1848,,,,FALSE,,TRUE,{},TRUE,200,FALSE,FALSE
73,Updated On,updated_at,Other,DateTimeField,FALSE,FALSE,FALSE,4,FALSE,FALSE,1849,,,,FALSE,,TRUE,{},TRUE,200,FALSE,FALSE
73,Hierarchy,hierarchy_level,Other,str,FALSE,FALSE,FALSE,5,TRUE,TRUE,1850,,,,FALSE,,TRUE,{},TRUE,200,FALSE,FALSE
73,Selling Period,selling_period,Other,DateTimeField,FALSE,FALSE,FALSE,6,FALSE,TRUE,1851,,,,FALSE,,TRUE,{},TRUE,200,FALSE,FALSE
73,Channel Type,channel,Other,list,FALSE,FALSE,FALSE,7,FALSE,TRUE,1845,,,,FALSE,,TRUE,{},TRUE,200,FALSE,FALSE
73,No. of Materials Mapped,articles_mapped,Other,str,FALSE,FALSE,FALSE,8,TRUE,FALSE,1852,,,,FALSE,,TRUE,{},TRUE,200,FALSE,FALSE
73,Status,status,Other,str,FALSE,FALSE,FALSE,10,TRUE,TRUE,1853,,,,FALSE,,TRUE,{},TRUE,200,FALSE,FALSE
73,Plan Step,plan_step_desc,Other,str,FALSE,FALSE,FALSE,11,FALSE,FALSE,1854,,,,FALSE,,TRUE,{},TRUE,200,FALSE,FALSE
73,Plan Step,plan_step,Other,float,FALSE,FALSE,FALSE,13,TRUE,TRUE,1855,,,roundOfftoTwoDecimals,FALSE,,FALSE,{},TRUE,200,FALSE,FALSE
74,Template Name,template_name,Report,str,FALSE,FALSE,FALSE,1,FALSE,FALSE,690,,,,FALSE,,FALSE,{},TRUE,200,FALSE,FALSE
74,Template Type,template_type,Report,str,FALSE,FALSE,FALSE,2,FALSE,FALSE,691,,,,FALSE,,FALSE,{},TRUE,200,FALSE,FALSE
74,Template View,view_type,Report,str,FALSE,FALSE,FALSE,3,FALSE,FALSE,692,,,,FALSE,,FALSE,{},TRUE,200,FALSE,FALSE
74,Start Date,start_date,Report,date,FALSE,FALSE,FALSE,4,FALSE,FALSE,693,,,,FALSE,,FALSE,{},TRUE,200,FALSE,FALSE
74,End Date,end_date,Report,date,FALSE,FALSE,FALSE,5,FALSE,FALSE,694,,,,FALSE,,FALSE,{},TRUE,200,FALSE,FALSE
75,File Name,name,files,file,FALSE,FALSE,FALSE,1,FALSE,TRUE,695,,,,FALSE,,FALSE,{},TRUE,200,FALSE,FALSE
75,Uploaded Date,uploaded_date,files,str,FALSE,FALSE,FALSE,2,FALSE,TRUE,697,,,,FALSE,,FALSE,{},TRUE,200,FALSE,FALSE
75,Created By,created_by,files,str,FALSE,FALSE,FALSE,3,FALSE,TRUE,696,,,,FALSE,,FALSE,{},TRUE,200,FALSE,FALSE
75,Action,download,files,download_icon,FALSE,TRUE,FALSE,4,FALSE,TRUE,698,,,,FALSE,,FALSE,{},TRUE,200,FALSE,FALSE
76,Plan Name,name,Other,str,TRUE,FALSE,FALSE,1,FALSE,TRUE,1893,,,,FALSE,,TRUE,{},TRUE,200,FALSE,FALSE
76,Hierarchy,hierarchy_level,Other,str,FALSE,FALSE,FALSE,5,TRUE,TRUE,1894,,,,FALSE,,TRUE,{},TRUE,200,FALSE,FALSE
76,Selling Period,selling_period,Other,DateTimeField,FALSE,FALSE,FALSE,6,FALSE,TRUE,1895,,,,FALSE,,TRUE,{},TRUE,200,FALSE,FALSE
76,Channel Type,channel,Other,array,FALSE,FALSE,FALSE,7,FALSE,TRUE,1891,,,,FALSE,,TRUE,{},TRUE,200,FALSE,FALSE
76,Season,season,Other,list,FALSE,FALSE,FALSE,8,FALSE,TRUE,1892,,,,FALSE,,TRUE,{},TRUE,200,FALSE,FALSE
76,Status,plan_step_desc,Other,str,FALSE,FALSE,FALSE,9,FALSE,TRUE,1896,,,,FALSE,,TRUE,{},TRUE,200,FALSE,FALSE
77,Product ID,product_code,Product,str,TRUE,FALSE,FALSE,1,FALSE,FALSE,1899,,,,FALSE,,TRUE,{},TRUE,200,FALSE,FALSE
77,Material Number,article,Product,str,FALSE,FALSE,FALSE,2,FALSE,FALSE,70006,,,,FALSE,,TRUE,{},TRUE,200,FALSE,FALSE
77,Group Division,l0_name,Product,str,FALSE,FALSE,FALSE,2,FALSE,FALSE,70007,,,,FALSE,,TRUE,{},TRUE,200,FALSE,FALSE
77,Division,l1_name,Product,str,FALSE,FALSE,FALSE,2,FALSE,FALSE,70008,,,,FALSE,,TRUE,{},TRUE,200,FALSE,FALSE
77,Description,product_name,Product,str,FALSE,FALSE,FALSE,3,FALSE,FALSE,1900,,,,FALSE,,TRUE,{},TRUE,200,FALSE,FALSE
77,Department,l2_name,Product,str,FALSE,FALSE,FALSE,4,FALSE,FALSE,1903,,,,FALSE,,TRUE,{},TRUE,200,FALSE,FALSE
78,GLOBAL CHOICE,global_choice,omni_mapping_table,str,TRUE,FALSE,FALSE,2,FALSE,TRUE,1910,,,,FALSE,,FALSE,{},TRUE,200,FALSE,FALSE
78,Sub Department,l3_name,omni_mapping_table,str,TRUE,FALSE,FALSE,3,FALSE,TRUE,1935,,,,FALSE,,FALSE,{},TRUE,200,FALSE,FALSE
78,GLOBAL STYLE NUMBER,global_style,omni_mapping_table,str,FALSE,TRUE,FALSE,4,FALSE,TRUE,1911,,,,FALSE,,FALSE,{},TRUE,200,FALSE,FALSE
78,OVERALL BUY UNITS,overall_buy_units,omni_mapping_table,int,FALSE,FALSE,FALSE,5,FALSE,TRUE,1912,,,,FALSE,,FALSE,{},TRUE,125,FALSE,FALSE
78,Parent Style,parent_style,omni_mapping_table,str,FALSE,FALSE,FALSE,7,FALSE,TRUE,51623,,,,FALSE,,FALSE,{},TRUE,200,FALSE,FALSE
78,Style Number,style_no,omni_mapping_table,str,FALSE,FALSE,FALSE,8,FALSE,TRUE,51624,,,,FALSE,,FALSE,{},TRUE,200,FALSE,FALSE
78,Style Name,style_name,omni_mapping_table,str,FALSE,FALSE,FALSE,9,FALSE,TRUE,51625,,,,FALSE,,FALSE,{},TRUE,200,FALSE,FALSE
78,Style Description,style_des,omni_mapping_table,str,FALSE,FALSE,FALSE,10,FALSE,TRUE,51626,,,,FALSE,,FALSE,{},TRUE,200,FALSE,FALSE
78,Color Code,color_code,omni_mapping_table,str,FALSE,FALSE,FALSE,11,FALSE,TRUE,51627,,,,FALSE,,FALSE,{},TRUE,200,FALSE,FALSE
78,Color Name,color_name,omni_mapping_table,str,FALSE,FALSE,FALSE,12,FALSE,TRUE,51628,,,,FALSE,,FALSE,{},TRUE,200,FALSE,FALSE
78,Suggested Size Range,suggested_size_range,omni_mapping_table,str,FALSE,FALSE,FALSE,13,FALSE,TRUE,51629,,,,FALSE,,FALSE,{},TRUE,200,FALSE,FALSE
78,Size,size,omni_mapping_table,str,FALSE,FALSE,FALSE,14,FALSE,TRUE,51630,,,,FALSE,,FALSE,{},TRUE,200,FALSE,FALSE
78,Actual MSRP,actual_msrp,omni_mapping_table,str,FALSE,FALSE,FALSE,15,FALSE,TRUE,51631,,,,FALSE,,FALSE,{},TRUE,200,FALSE,FALSE
78,Cost,cost,omni_mapping_table,str,FALSE,FALSE,FALSE,16,FALSE,TRUE,51632,,,,FALSE,,FALSE,{},TRUE,200,FALSE,FALSE
78,Colorway Season ID,colorway_season_id,omni_mapping_table,str,FALSE,TRUE,FALSE,17,FALSE,TRUE,51634,,,nonCommaFormatter,FALSE,,FALSE,{},TRUE,200,FALSE,FALSE
78,New vs Carryover,new_vs_carryover,omni_mapping_table,list,FALSE,TRUE,FALSE,18,FALSE,TRUE,51635,,,,FALSE,,FALSE,{},TRUE,200,FALSE,FALSE
78,Placeholder Name,placeholder_name,omni_mapping_table,str,FALSE,FALSE,FALSE,19,FALSE,FALSE,2460,,,nonCommaFormatter,FALSE,,FALSE,{},TRUE,200,FALSE,FALSE
78,Placeholder Description,placeholder_description,omni_mapping_table,str,FALSE,TRUE,FALSE,20,FALSE,TRUE,2488,,,,FALSE,,FALSE,{},TRUE,200,FALSE,FALSE
78,Delete,delete,omni_mapping_table,delete_icon,FALSE,TRUE,FALSE,21,FALSE,TRUE,1913,,,,FALSE,,FALSE,{},TRUE,200,FALSE,FALSE
80,Group Division,l0_name,assort_drop_feature,str,TRUE,FALSE,FALSE,1,TRUE,TRUE,832,,,,FALSE,,FALSE,{},TRUE,200,FALSE,FALSE
80,Division,l1_name,assort_drop_feature,str,TRUE,FALSE,FALSE,2,TRUE,TRUE,833,,,,FALSE,,FALSE,{},TRUE,200,FALSE,FALSE
80,Department,l2_name,assort_drop_feature,str,TRUE,FALSE,FALSE,3,FALSE,TRUE,834,,,,FALSE,,FALSE,{},TRUE,200,FALSE,FALSE
80,Channel,channel,assort_drop_feature,str,FALSE,FALSE,FALSE,4,FALSE,FALSE,50008,,,,FALSE,,FALSE,{},TRUE,200,FALSE,FALSE
80,Sub Channel,sub_channel,assort_drop_feature,str,FALSE,FALSE,FALSE,5,TRUE,FALSE,860,,,,FALSE,,FALSE,{},TRUE,200,FALSE,FALSE
83,Store ID,store_code,Store Mapping,list,FALSE,TRUE,FALSE,1,FALSE,TRUE,1914,,,,FALSE,,FALSE,{},TRUE,200,FALSE,FALSE
88,Product,product_code,Product Mapping,list,FALSE,TRUE,FALSE,1,FALSE,TRUE,1932,,,,FALSE,,FALSE,{},TRUE,200,FALSE,FALSE
90,Store Number,retail_facility_code,Product Mapping,str,FALSE,FALSE,FALSE,1,FALSE,TRUE,13516,,,,FALSE,,TRUE,{},TRUE,200,FALSE,FALSE
90,Store Name,store_name,Product Mapping,str,FALSE,FALSE,FALSE,2,FALSE,TRUE,2001,,,,FALSE,,TRUE,{},TRUE,200,FALSE,FALSE
90,Time Periods,time_period,DateTime,str,FALSE,FALSE,FALSE,4,FALSE,TRUE,2003,,count,,FALSE,,FALSE,{},TRUE,200,FALSE,FALSE
91,Product ID,product_code,Product,str,FALSE,FALSE,FALSE,1,FALSE,FALSE,1942,,,,FALSE,,TRUE,{},TRUE,200,FALSE,FALSE
91,Material Number,article,Product,str,FALSE,FALSE,FALSE,1,FALSE,FALSE,70009,,,,FALSE,,TRUE,{},TRUE,200,FALSE,FALSE
91,Product Name,product_name,Product,str,FALSE,FALSE,FALSE,3,FALSE,FALSE,1943,,,,FALSE,,TRUE,{},TRUE,200,FALSE,FALSE
91,Stores Mapped,num_stores_mapped,Store,link,FALSE,TRUE,FALSE,5,FALSE,FALSE,1945,,,,FALSE,,FALSE,{},TRUE,200,FALSE,FALSE
91,Include Unmapped Stores,include_unmapped,Store,ToogleField,FALSE,TRUE,FALSE,6,FALSE,FALSE,1946,,,,FALSE,,TRUE,{},TRUE,200,FALSE,FALSE
91,Is Mapped,is_mapped,Product,bool,FALSE,FALSE,FALSE,8,FALSE,FALSE,2515,,,,FALSE,,FALSE,{},FALSE,200,FALSE,FALSE
92,Hierarchy,hierarchy_level,Other,str,FALSE,FALSE,FALSE,1,TRUE,TRUE,2459,,,,FALSE,,TRUE,{},TRUE,200,FALSE,FALSE
92,Sub Department,l3_name,Other,str,FALSE,FALSE,FALSE,2,FALSE,TRUE,51589,,,,FALSE,,TRUE,{},TRUE,200,FALSE,FALSE
92,Channel Type,channel,Other,list,FALSE,FALSE,FALSE,3,FALSE,TRUE,1947,,,,FALSE,,TRUE,{},TRUE,200,FALSE,FALSE
92,Sub Channel,sub_channel,Other,list,FALSE,FALSE,FALSE,4,FALSE,TRUE,9204,,,,FALSE,,TRUE,{},TRUE,200,FALSE,FALSE
92,Year,year,Other,str,FALSE,FALSE,FALSE,5,FALSE,TRUE,1948,,,,FALSE,,TRUE,{},TRUE,200,FALSE,FALSE
92,Season,season,Other,str,FALSE,FALSE,FALSE,6,FALSE,TRUE,1979,,,,FALSE,,TRUE,{},TRUE,200,FALSE,FALSE
92,All Door Choice Count,all_door_cc,Other,int,FALSE,TRUE,FALSE,7,FALSE,TRUE,1951,,,,FALSE,,FALSE,{},TRUE,125,FALSE,FALSE
92,Enable Plan Detail,plan_detail,Other,array,FALSE,TRUE,FALSE,8,TRUE,FALSE,2456,,,,FALSE,,FALSE,{},TRUE,200,FALSE,FALSE
92,Mapped Plan,mapped,Other,link,FALSE,TRUE,FALSE,8.1,FALSE,FALSE,2457,,,,FALSE,,FALSE,{},TRUE,200,FALSE,FALSE
92,Unmapped Plan,unmapped,Other,link,FALSE,TRUE,FALSE,8.2,FALSE,FALSE,2458,,,,FALSE,,FALSE,{},TRUE,200,FALSE,FALSE
93,Group Division,l0_name,non_linear_edit,str,TRUE,FALSE,FALSE,1,TRUE,TRUE,1958,,,,FALSE,name,FALSE,{},TRUE,200,FALSE,FALSE
93,Division,l1_name,non_linear_edit,str,TRUE,FALSE,FALSE,2,TRUE,TRUE,1959,,,,FALSE,name,FALSE,{},TRUE,200,FALSE,FALSE
93,Department,l2_name,non_linear_edit,str,TRUE,FALSE,FALSE,3,TRUE,TRUE,1960,,,,FALSE,name,FALSE,{},TRUE,200,FALSE,FALSE
93,Sub Department,l3_name,non_linear_edit,attribute,TRUE,FALSE,FALSE,4,FALSE,TRUE,1961,,,,FALSE,name,FALSE,{},TRUE,200,FALSE,FALSE
93,Drops,drop,non_linear_edit,str,FALSE,FALSE,FALSE,5,FALSE,FALSE,1963,,,,FALSE,,FALSE,{},TRUE,200,FALSE,FALSE
93,Sub Channel,sub_channel,non_linear_edit,str,FALSE,FALSE,FALSE,6,FALSE,FALSE,1962,,,,FALSE,,FALSE,{},TRUE,200,FALSE,FALSE
93,Pen%,pen%,non_linear_edit,float,FALSE,FALSE,FALSE,7,FALSE,TRUE,1964,,,roundOfftoTwoDecimals,FALSE,,TRUE,{},TRUE,125,FALSE,FALSE
93,LY,penetration_ly,non_linear_edit,percentage,FALSE,FALSE,FALSE,7.1,FALSE,TRUE,1965,1964,,roundOfftoTwoDecimals,FALSE,sum,FALSE,{},TRUE,125,FALSE,FALSE
93,TY,penetration_ty,non_linear_edit,percentage,FALSE,TRUE,FALSE,7.2,FALSE,FALSE,1966,1964,,roundOfftoTwoDecimals,FALSE,sum,FALSE,{},TRUE,125,FALSE,FALSE
93,RCPTS Units,rcpts_units,non_linear_edit,float,FALSE,FALSE,FALSE,8,FALSE,TRUE,1967,,,roundOfftoTwoDecimals,FALSE,,TRUE,{},TRUE,125,FALSE,FALSE
93,LY,receipts_quantity_ly,non_linear_edit,int,FALSE,FALSE,FALSE,8.1,FALSE,TRUE,1968,1967,,roundOff,FALSE,sum,FALSE,{},TRUE,125,FALSE,FALSE
93,TY,receipts_quantity_ty,non_linear_edit,int,FALSE,TRUE,FALSE,8.2,FALSE,TRUE,1969,1967,,roundOff,FALSE,sum,FALSE,{},TRUE,125,FALSE,FALSE
93,Receipt($),receipt,non_linear_edit,dollar,FALSE,FALSE,FALSE,9,FALSE,TRUE,1970,,,,FALSE,,TRUE,{},TRUE,150,FALSE,FALSE
93,LY,budget_ly,non_linear_edit,dollar,FALSE,FALSE,FALSE,9.1,FALSE,TRUE,1971,1970,,roundOff,FALSE,sum,FALSE,{},TRUE,150,FALSE,FALSE
93,TY,budget_ty,non_linear_edit,dollar,FALSE,TRUE,FALSE,9.2,FALSE,TRUE,1972,1970,,roundOff,FALSE,sum,FALSE,{},TRUE,150,FALSE,FALSE
93,_ RCPTS,delta_rcpts,non_linear_edit,number,FALSE,FALSE,FALSE,10,TRUE,TRUE,1973,,,,FALSE,,TRUE,{},TRUE,200,FALSE,FALSE
93,$,budget_diff,non_linear_edit,dollar,FALSE,FALSE,FALSE,10.1,TRUE,TRUE,1974,1973,,roundOff,FALSE,sum,FALSE,{},TRUE,150,FALSE,FALSE
93,%,penetration_diff,non_linear_edit,percentage,FALSE,FALSE,FALSE,10.2,TRUE,TRUE,1975,1973,,roundOfftoTwoDecimals,FALSE,sum,FALSE,{},TRUE,125,FALSE,FALSE
93,AUR,aur,non_linear_edit,dollar,FALSE,FALSE,FALSE,11,FALSE,TRUE,1976,,,,FALSE,,TRUE,{},TRUE,150,FALSE,FALSE
93,LY,aur_ly,non_linear_edit,dollar,FALSE,FALSE,FALSE,11.1,FALSE,TRUE,1977,1976,,roundOfftoTwoDecimals,FALSE,formula,FALSE,{},TRUE,150,FALSE,FALSE
93,TY,aur_ty,non_linear_edit,dollar,FALSE,TRUE,FALSE,11.2,FALSE,TRUE,1978,1976,,roundOfftoTwoDecimals,FALSE,formula,FALSE,{},TRUE,150,FALSE,FALSE
154,Vendor ID,vendor_code,vendor,int,FALSE,FALSE,FALSE,1,FALSE,FALSE,5500,,,,FALSE,,FALSE,{},TRUE,200,FALSE,FALSE
154,Vendor Name,vendor_name,vendor,str,FALSE,FALSE,FALSE,2,FALSE,FALSE,5501,,,,FALSE,,TRUE,{},TRUE,200,FALSE,FALSE
154,Group Division,l0_name,vendor,str,FALSE,FALSE,FALSE,4,FALSE,FALSE,5503,,,,FALSE,,TRUE,{},TRUE,200,FALSE,FALSE
154,Division,l1_name,vendor,str,FALSE,FALSE,FALSE,5,FALSE,FALSE,5504,,,,FALSE,,TRUE,{},TRUE,200,FALSE,FALSE
154,Department,l2_name,vendor,str,FALSE,FALSE,FALSE,6,FALSE,FALSE,5505,,,,FALSE,,TRUE,{},TRUE,200,FALSE,FALSE
154,Style,style,vendor,str,FALSE,FALSE,FALSE,7,FALSE,FALSE,5507,,,,FALSE,,TRUE,{},TRUE,200,FALSE,FALSE
154,Status,status,vendor,list,FALSE,TRUE,FALSE,8,FALSE,FALSE,5509,,,,FALSE,,TRUE,{},TRUE,200,FALSE,FALSE
154,Preferred Status,preferred_status,vendor,list,FALSE,TRUE,FALSE,9,FALSE,FALSE,5510,,,,FALSE,,TRUE,{},TRUE,200,FALSE,FALSE
170,Store Number,retail_facility_code,Product,str,FALSE,FALSE,FALSE,1,FALSE,FALSE,13523,,,,FALSE,,TRUE,{},TRUE,200,FALSE,FALSE
170,Store Name,store_name,Product,str,FALSE,FALSE,FALSE,2,FALSE,FALSE,3001,,,,FALSE,,TRUE,{},TRUE,200,FALSE,FALSE
170,Products Mapped,num_products_mapped,Product,link,FALSE,TRUE,FALSE,4,FALSE,FALSE,3003,,,,FALSE,,FALSE,{},TRUE,200,FALSE,FALSE
170,Include Unmapped Products,include_unmapped,Product,ToogleField,FALSE,TRUE,FALSE,5,FALSE,FALSE,3004,,,,FALSE,,TRUE,{},TRUE,200,FALSE,FALSE
170,Is Mapped,is_mapped,Product,bool,FALSE,FALSE,FALSE,7,FALSE,FALSE,2526,,,,FALSE,,FALSE,{},FALSE,200,FALSE,FALSE
171,Product ID,product_code,Product,str,FALSE,FALSE,FALSE,1,FALSE,FALSE,3005,,,,FALSE,,TRUE,{},TRUE,200,FALSE,FALSE
171,Product Name,product_description,Product,str,FALSE,FALSE,FALSE,2,FALSE,FALSE,3006,,,,FALSE,,TRUE,{},TRUE,200,FALSE,FALSE
171,Mapping,is_mapped,Product,ToogleField,FALSE,FALSE,FALSE,3,FALSE,FALSE,3007,,,,FALSE,,FALSE,{},TRUE,200,FALSE,FALSE
171,Created By,created_by,Product,str,FALSE,FALSE,FALSE,5,FALSE,FALSE,3009,,,,FALSE,,FALSE,{},TRUE,200,FALSE,FALSE
172,Vendor ID,vendor_code,vendor,int,FALSE,FALSE,FALSE,1,FALSE,FALSE,2290,,,,FALSE,,FALSE,{},TRUE,200,FALSE,FALSE
172,Product Name,product_name,vendor,str,FALSE,FALSE,FALSE,1,FALSE,FALSE,2293,,,,FALSE,,TRUE,{},TRUE,200,FALSE,FALSE
172,Min. Order Qty,min_order_quantity,vendor,int,FALSE,TRUE,FALSE,1,FALSE,FALSE,2294,,,,FALSE,,TRUE,{},TRUE,200,FALSE,FALSE
172,Order Multiple,multiple_quantity,vendor,int,FALSE,TRUE,FALSE,1,FALSE,FALSE,2295,,,,FALSE,,TRUE,{},TRUE,200,FALSE,FALSE
172,Cycle time,cycle_time,vendor,int,FALSE,TRUE,FALSE,1,FALSE,FALSE,2296,,,,FALSE,,TRUE,{},TRUE,200,FALSE,FALSE
172,Mfg. Lead time,mfg_lead_time,vendor,int,FALSE,TRUE,FALSE,1,FALSE,FALSE,2297,,,,FALSE,,TRUE,{},TRUE,200,FALSE,FALSE
172,Landed Cost,landed_cost,vendor,int,FALSE,TRUE,FALSE,1,FALSE,FALSE,2298,,,,FALSE,,TRUE,{},TRUE,200,FALSE,FALSE
172,Vendor Name,vendor_name,vendor,str,FALSE,FALSE,FALSE,2,FALSE,FALSE,2291,,,,FALSE,,TRUE,{},TRUE,200,FALSE,FALSE
179,Vendor ID,vendor_code,vendor,int,FALSE,FALSE,FALSE,1,FALSE,FALSE,51590,,,,FALSE,,FALSE,{},TRUE,200,FALSE,FALSE
179,Vendor Name,vendor_name,vendor,str,FALSE,FALSE,FALSE,2,FALSE,FALSE,51591,,,,FALSE,,TRUE,{},TRUE,200,FALSE,FALSE
179,SKU Name,product_name,vendor,str,FALSE,FALSE,FALSE,4,FALSE,FALSE,51593,,,,FALSE,,TRUE,{},TRUE,200,FALSE,FALSE
179,Product Info.,product_information,vendor,str,FALSE,FALSE,FALSE,5,FALSE,FALSE,51595,,,,FALSE,,TRUE,{},TRUE,200,FALSE,FALSE
179,Group Division,l0_name,vendor,str,FALSE,FALSE,FALSE,5,FALSE,FALSE,51596,51595,,,FALSE,,TRUE,{},TRUE,200,FALSE,FALSE
179,Division,l1_name,vendor,str,FALSE,FALSE,FALSE,5,FALSE,FALSE,51597,51595,,,FALSE,,TRUE,{},TRUE,200,FALSE,FALSE
179,Store Info.,store_information,vendor,str,FALSE,FALSE,FALSE,6,FALSE,FALSE,51599,,,,FALSE,,TRUE,{},TRUE,200,FALSE,FALSE
179,Store Number,retail_facility_code,vendor,str,FALSE,FALSE,FALSE,7,FALSE,FALSE,13526,,,,FALSE,,TRUE,{},TRUE,200,FALSE,FALSE
183,Product ID,product_id,Product,str,FALSE,FALSE,FALSE,1,FALSE,FALSE,17001,,,,FALSE,,TRUE,{},TRUE,200,FALSE,FALSE
183,Colorway Season ID,colorway_season_id,Product,str,FALSE,FALSE,FALSE,3,FALSE,FALSE,17011,,,nonCommaFormatter,FALSE,,TRUE,{},TRUE,200,FALSE,FALSE
183,Colorway ID,colorway_id,Product,str,FALSE,FALSE,FALSE,4,FALSE,FALSE,17003,,,,FALSE,,TRUE,{},TRUE,200,FALSE,FALSE
183,Group Division,l0_name,Product,str,FALSE,FALSE,FALSE,5,TRUE,FALSE,17004,,,,FALSE,,TRUE,{},TRUE,200,FALSE,FALSE
183,Division,l1_name,Product,str,FALSE,FALSE,FALSE,6,TRUE,FALSE,17005,,,,FALSE,,TRUE,{},TRUE,200,FALSE,FALSE
183,Department,l2_name,Product,str,FALSE,FALSE,FALSE,7,TRUE,FALSE,17006,,,,FALSE,,TRUE,{},TRUE,200,FALSE,FALSE
183,Style number,style_no,Product,str,FALSE,FALSE,FALSE,8,FALSE,FALSE,17007,,,,FALSE,,TRUE,{},TRUE,200,FALSE,FALSE
183,Style description,style_des,Product,str,FALSE,FALSE,FALSE,9,FALSE,FALSE,17008,,,,FALSE,,TRUE,{},TRUE,200,FALSE,FALSE
183,Color name,color_name,Product,str,FALSE,FALSE,FALSE,10,FALSE,FALSE,17009,,,,FALSE,,TRUE,{},TRUE,200,FALSE,FALSE
183,Style name,style_name,Product,str,FALSE,FALSE,FALSE,11,FALSE,FALSE,17010,,,,FALSE,,TRUE,{},TRUE,200,FALSE,FALSE
184,Sub Department,l3_name,updated_budget_NLE,attribute,TRUE,FALSE,FALSE,1,FALSE,TRUE,51637,,,,FALSE,name,FALSE,{},TRUE,200,FALSE,FALSE
184,Drops,drop,updated_budget_NLE,str,FALSE,FALSE,FALSE,2,FALSE,FALSE,51638,,,,FALSE,,FALSE,{},TRUE,200,FALSE,FALSE
184,Sub Channel,sub_channel,updated_budget_NLE,str,FALSE,FALSE,FALSE,3,FALSE,FALSE,51646,,,,FALSE,,FALSE,{},TRUE,200,FALSE,FALSE
184,Original Depth,depth_ty,updated_budget_NLE,int,FALSE,FALSE,FALSE,4,FALSE,FALSE,51639,,,,FALSE,sum,FALSE,{},TRUE,125,FALSE,FALSE
184,Updated Depth,new_depth_ty,updated_budget_NLE,int,FALSE,FALSE,FALSE,5,FALSE,FALSE,51640,,,,FALSE,sum,FALSE,{},FALSE,125,FALSE,FALSE
184,Delta Depth,depth_delta,updated_budget_NLE,int,FALSE,FALSE,FALSE,6,FALSE,TRUE,51641,,,,FALSE,sum,TRUE,{},TRUE,125,FALSE,FALSE
184,Original Choice,choice_ty,updated_budget_NLE,int,FALSE,FALSE,FALSE,7,FALSE,TRUE,51642,,,,FALSE,sum,TRUE,{},TRUE,125,FALSE,FALSE
184,Updated Choice,new_choice_ty,updated_budget_NLE,int,FALSE,FALSE,FALSE,8,FALSE,TRUE,51645,,,,FALSE,sum,TRUE,{},TRUE,125,FALSE,FALSE
184,Delta Choice,choice_delta,updated_budget_NLE,int,FALSE,FALSE,FALSE,9,FALSE,TRUE,51643,,,,FALSE,sum,TRUE,{},TRUE,125,FALSE,FALSE
184,Delta Receipts($),receipts_delta,updated_budget_NLE,dollar,FALSE,FALSE,FALSE,10,FALSE,TRUE,51644,,,roundOff,FALSE,sum,FALSE,{},TRUE,150,FALSE,FALSE
185,Sub Department,l3_name,preview_delete_choice,attribute,TRUE,FALSE,FALSE,1,FALSE,TRUE,2450,,,,FALSE,,FALSE,{},TRUE,200,FALSE,FALSE
185,Choice Name,choice_name,preview_delete_choice,str,FALSE,FALSE,FALSE,2,FALSE,FALSE,2451,,,,FALSE,,FALSE,{},TRUE,200,FALSE,FALSE
186,Store Group ID,sg_code,Store,int,TRUE,FALSE,FALSE,1,FALSE,FALSE,7103,,,,FALSE,,TRUE,{},TRUE,200,FALSE,FALSE
186,Store Group Name,name,Store,str,FALSE,FALSE,FALSE,2,FALSE,FALSE,7104,,,,FALSE,,TRUE,{},TRUE,200,FALSE,FALSE
186,# Stores,store_count,Store,int,FALSE,FALSE,FALSE,3,FALSE,FALSE,7105,,,,FALSE,,TRUE,{},TRUE,100,FALSE,FALSE
193,Group Division,l0_name,bop,str,TRUE,FALSE,FALSE,1,TRUE,TRUE,2557,,,,FALSE,,FALSE,{},TRUE,200,FALSE,FALSE
193,Division,l1_name,bop,str,TRUE,FALSE,FALSE,2,TRUE,TRUE,2558,,,,FALSE,,FALSE,{},TRUE,200,FALSE,FALSE
193,Department,l2_name,bop,str,TRUE,FALSE,FALSE,3,FALSE,TRUE,2559,,,,FALSE,,FALSE,{},TRUE,200,FALSE,FALSE
193,Sub Department,l3_name,bop,str,TRUE,FALSE,FALSE,4,FALSE,TRUE,2560,,,,FALSE,name,FALSE,{},TRUE,200,FALSE,FALSE
193,Benchmark Cost $,bop_receipt,bop,int,TRUE,FALSE,FALSE,5,TRUE,TRUE,2561,,,,FALSE,,FALSE,{},TRUE,200,FALSE,FALSE
193,BOP Quantity,bop_qty,bop,int,TRUE,FALSE,FALSE,6,TRUE,TRUE,2562,,,,FALSE,,FALSE,{},TRUE,200,FALSE,FALSE
193,Benchmark Choice Count,bop_choice_count,bop,int,TRUE,FALSE,FALSE,7,FALSE,TRUE,2563,,,,FALSE,,FALSE,{},TRUE,200,FALSE,FALSE
193,Choice view,style_view,bop,review_icon,TRUE,TRUE,FALSE,8,FALSE,TRUE,2564,,,,FALSE,,FALSE,{},TRUE,200,FALSE,FALSE
198,Dimension,dimension,Others,list,FALSE,TRUE,FALSE,1,FALSE,FALSE,7279,,,,FALSE,,FALSE,{},TRUE,200,FALSE,FALSE
198,Filter,column_name,Others,list,FALSE,TRUE,FALSE,2,FALSE,FALSE,7268,,,,FALSE,,FALSE,{},TRUE,200,FALSE,FALSE
198,Level,level,Others,list,FALSE,TRUE,FALSE,3,FALSE,FALSE,7269,,,,FALSE,,FALSE,{},TRUE,200,FALSE,FALSE
198,Functionality,display_type,Others,list,FALSE,TRUE,FALSE,4,FALSE,FALSE,7270,,,,FALSE,,FALSE,{},TRUE,200,FALSE,FALSE
198,Filter Type,filter_type,Others,list,FALSE,TRUE,FALSE,5,FALSE,FALSE,7271,,,,FALSE,,FALSE,{},TRUE,200,FALSE,FALSE
198,Mandatory,is_mandatory,Others,ToogleField,FALSE,TRUE,FALSE,6,FALSE,FALSE,7272,,,,FALSE,,FALSE,{},TRUE,200,FALSE,FALSE
198,Multi Select,is_multiple_selection,Others,ToogleField,FALSE,TRUE,FALSE,4,FALSE,FALSE,727227,,,,FALSE,,FALSE,{},TRUE,200,FALSE,FALSE
198,Actions,action,Others,delete_icon,FALSE,TRUE,FALSE,7,FALSE,FALSE,7273,,,,FALSE,,FALSE,{},TRUE,200,FALSE,FALSE
198,Editable,is_editable,Others,ToogleField,FALSE,TRUE,FALSE,8,FALSE,FALSE,7274,,,,FALSE,,FALSE,{},TRUE,200,FALSE,FALSE
198,Hidden,is_hidden,Others,ToogleField,FALSE,TRUE,FALSE,9,FALSE,FALSE,7276,,,,FALSE,,FALSE,{},TRUE,200,FALSE,FALSE
198,Searchable,is_searchable,Others,ToogleField,FALSE,TRUE,FALSE,10,FALSE,FALSE,7277,,,,FALSE,,FALSE,{},TRUE,200,FALSE,FALSE
198,Sortable,is_sortable,Others,ToogleField,FALSE,TRUE,FALSE,11,FALSE,FALSE,7278,,,,FALSE,,FALSE,{},TRUE,200,FALSE,FALSE
198,Label,label,Others,str,FALSE,TRUE,FALSE,12,FALSE,FALSE,7280,,,,FALSE,,FALSE,{},TRUE,200,FALSE,FALSE
200,File Name,name,file,str,TRUE,FALSE,TRUE,1,FALSE,FALSE,7127,,,,FALSE,,TRUE,{},TRUE,200,FALSE,FALSE
200,Version,version,file,str,FALSE,FALSE,TRUE,2,FALSE,FALSE,7128,,,,FALSE,,TRUE,{},TRUE,200,FALSE,FALSE
200,Created at,timeCreated,file,str,FALSE,FALSE,TRUE,3,FALSE,FALSE,7129,,,,FALSE,,TRUE,{},TRUE,200,FALSE,FALSE
200,View,url,file,str,FALSE,FALSE,TRUE,4,FALSE,FALSE,7130,,,,FALSE,,TRUE,{},TRUE,200,FALSE,FALSE
209,Products,product_code,product,list,FALSE,TRUE,FALSE,1,FALSE,FALSE,55078,,,,FALSE,,FALSE,{},FALSE,200,FALSE,FALSE
209,Store ID,store_code,store,list,FALSE,TRUE,FALSE,2,FALSE,FALSE,13532,,,,FALSE,,FALSE,{},FALSE,200,FALSE,FALSE
209,Delete,delete_icon,product,delete_icon,FALSE,TRUE,FALSE,3,FALSE,FALSE,55077,,,,FALSE,,FALSE,{},FALSE,200,FALSE,FALSE
331,Cluster Code,cluster_code,Other,str,TRUE,FALSE,FALSE,1,FALSE,FALSE,50018,,,,FALSE,,FALSE,{},FALSE,200,FALSE,FALSE
331,Channel,channel,Other,str,FALSE,FALSE,FALSE,2,TRUE,FALSE,50020,,,roundOff,FALSE,,FALSE,{},FALSE,150,FALSE,FALSE
331,Display Cluster Name,cluster_name,Other,str,FALSE,TRUE,FALSE,3,FALSE,FALSE,50019,,,roundOff,FALSE,,FALSE,{},FALSE,150,FALSE,FALSE
350,Store Number,retail_facility_code,Product Mapping,str,FALSE,FALSE,FALSE,1,FALSE,TRUE,13534,,,,FALSE,,TRUE,{},TRUE,200,FALSE,FALSE
350,Store Name,store_name,Product Mapping,str,FALSE,FALSE,FALSE,2,FALSE,TRUE,55073,,,,FALSE,,TRUE,{},TRUE,200,FALSE,FALSE
350,District,s2_name,Product Mapping,str,FALSE,FALSE,FALSE,4,FALSE,TRUE,55075,,,,FALSE,,TRUE,{},TRUE,200,FALSE,FALSE
350,Region Description,s1_name,Product Mapping,str,FALSE,FALSE,FALSE,5,FALSE,TRUE,55128,,,,FALSE,,TRUE,{},TRUE,200,FALSE,FALSE
351,Store Number,retail_facility_code,store,str,FALSE,FALSE,FALSE,1,FALSE,FALSE,55176,,,,FALSE,,TRUE,{},TRUE,200,FALSE,FALSE
351,Store Name,store_name,store,str,FALSE,FALSE,FALSE,3,TRUE,FALSE,55177,,,,FALSE,,TRUE,{},TRUE,200,FALSE,FALSE
351,Transit Time,transit_time,store,float,FALSE,TRUE,FALSE,4,FALSE,FALSE,60175,,,roundOfftoTwoDecimals,FALSE,,FALSE,{},TRUE,200,FALSE,FALSE
500,Closed tickets,closed,Product,link,FALSE,TRUE,FALSE,5,FALSE,FALSE,200004,,,,FALSE,,TRUE,{},TRUE,200,FALSE,FALSE
500,Open tickets,open,Product,link,FALSE,TRUE,FALSE,4,FALSE,FALSE,200003,,,,FALSE,,TRUE,{},TRUE,200,FALSE,FALSE
500,Product name,module_type,Product,link,FALSE,TRUE,FALSE,1,FALSE,FALSE,200000,,,,FALSE,,TRUE,{},FALSE,200,FALSE,FALSE
500,Total tickets,total,Product,link,FALSE,TRUE,FALSE,3,FALSE,FALSE,200002,,,,FALSE,,TRUE,{},TRUE,200,FALSE,FALSE
501,Closed tickets,closed,Product,link,FALSE,TRUE,FALSE,5,FALSE,FALSE,200009,,,,FALSE,,TRUE,{},TRUE,200,FALSE,FALSE
501,Open tickets,open,Product,link,FALSE,TRUE,FALSE,4,FALSE,FALSE,200008,,,,FALSE,,TRUE,{},TRUE,200,FALSE,FALSE
501,Requestor name,user_name,Product,str,FALSE,FALSE,FALSE,2,FALSE,FALSE,200006,,,,FALSE,,TRUE,{},TRUE,200,FALSE,FALSE
501,Total tickets,total,Product,link,FALSE,TRUE,FALSE,3,FALSE,FALSE,200007,,,,FALSE,,TRUE,{},TRUE,200,FALSE,FALSE
501,User id,user_id,Product,link,FALSE,TRUE,FALSE,1,FALSE,FALSE,200005,,,,FALSE,,TRUE,{},TRUE,200,FALSE,FALSE
502,Closed on,closed_on,Product,str,FALSE,FALSE,FALSE,6,FALSE,FALSE,200015,,,,FALSE,,TRUE,{},TRUE,200,FALSE,FALSE
502,Created on,created_on,Product,str,FALSE,FALSE,FALSE,4,FALSE,FALSE,200013,,,,FALSE,,TRUE,{},TRUE,200,FALSE,FALSE
502,Issue Type,issue_type,Product,str,FALSE,FALSE,FALSE,9,FALSE,FALSE,200018,,,,FALSE,,TRUE,{},TRUE,200,FALSE,FALSE
502,Module,module_type,Product,str,FALSE,FALSE,FALSE,12,FALSE,FALSE,200021,,,,FALSE,,TRUE,{},TRUE,200,FALSE,FALSE
502,Priority,priority,Product,str,FALSE,FALSE,FALSE,3,FALSE,FALSE,200012,,,,FALSE,,TRUE,{},TRUE,200,FALSE,FALSE
502,Status,status,Product,str,FALSE,FALSE,FALSE,2,FALSE,FALSE,200011,,,,FALSE,,TRUE,{},TRUE,200,FALSE,FALSE
502,Ticket id,id,Product,int,FALSE,FALSE,FALSE,1,FALSE,FALSE,200010,,,,FALSE,,TRUE,{},TRUE,200,FALSE,FALSE
502,Title,title,Product,str,FALSE,FALSE,FALSE,11,FALSE,FALSE,200020,,,,FALSE,,TRUE,{},TRUE,200,FALSE,FALSE
502,Updated on,updated_on,Product,str,FALSE,FALSE,FALSE,5,FALSE,FALSE,200014,,,,FALSE,,TRUE,{},TRUE,200,FALSE,FALSE
502,User Id,user_id,Product,int,FALSE,FALSE,FALSE,7,FALSE,FALSE,200016,,,,FALSE,,TRUE,{},TRUE,200,FALSE,FALSE
502,User Name,user_name,Product,str,FALSE,FALSE,FALSE,8,FALSE,FALSE,200017,,,,FALSE,,TRUE,{},TRUE,200,FALSE,FALSE
503,Issue Type,issue_type,Product,str,FALSE,FALSE,FALSE,8,FALSE,FALSE,200029,,,,FALSE,,TRUE,{},TRUE,200,FALSE,FALSE
503,Module,module_type,Product,str,FALSE,FALSE,FALSE,3,FALSE,FALSE,200024,,,,FALSE,,TRUE,{},TRUE,200,FALSE,FALSE
503,Priority,priority,Product,str,FALSE,FALSE,FALSE,2,FALSE,FALSE,200023,,,,FALSE,,TRUE,{},TRUE,200,FALSE,FALSE
503,Recent Activity,update_details,Product,str,FALSE,FALSE,FALSE,9,FALSE,FALSE,200039,,,,FALSE,,TRUE,{},TRUE,200,FALSE,FALSE
503,Ticket id,id,Product,int,FALSE,FALSE,FALSE,1,FALSE,FALSE,200022,,,,FALSE,,TRUE,{},TRUE,200,FALSE,FALSE
503,Title,title,Product,str,FALSE,FALSE,FALSE,7,FALSE,FALSE,200028,,,,FALSE,,TRUE,{},TRUE,200,FALSE,FALSE
503,Updated on,updated_on,Product,str,FALSE,FALSE,FALSE,4,FALSE,FALSE,200025,,,,FALSE,,TRUE,{},TRUE,200,FALSE,FALSE
503,User Id,user_id,Product,int,FALSE,FALSE,FALSE,6,FALSE,FALSE,200027,,,,FALSE,,TRUE,{},TRUE,200,FALSE,FALSE
503,User Name,user_name,Product,str,FALSE,FALSE,FALSE,5,FALSE,FALSE,200026,,,,FALSE,,TRUE,{},TRUE,200,FALSE,FALSE
504,Created Date,created_on,Product,date,FALSE,FALSE,FALSE,8,FALSE,FALSE,200037,,,"MM-DD-YYYY, HH:mm:ss",FALSE,,TRUE,{},TRUE,200,FALSE,FALSE
504,Last modified date,updated_on,Product,date,FALSE,FALSE,FALSE,9,FALSE,FALSE,200038,,,"MM-DD-YYYY, HH:mm:ss",FALSE,,TRUE,{},TRUE,200,FALSE,FALSE
504,Priority,priority,Product,chip,TRUE,FALSE,FALSE,4,FALSE,FALSE,200033,,,,FALSE,,TRUE,{},TRUE,200,FALSE,FALSE
504,Product,module_type,Product,str,FALSE,FALSE,FALSE,6,FALSE,FALSE,200035,,,,FALSE,,TRUE,{},TRUE,200,FALSE,FALSE
504,Requestor Name,user_name,Product,str,FALSE,FALSE,FALSE,5,FALSE,FALSE,200034,,,,FALSE,,TRUE,{},TRUE,200,FALSE,FALSE
504,Status,status,Product,chip,TRUE,FALSE,FALSE,2,FALSE,FALSE,200031,,,,FALSE,,TRUE,{},TRUE,200,FALSE,FALSE
504,Subject,title,Product,str,TRUE,FALSE,FALSE,3,FALSE,FALSE,200032,,,,FALSE,,TRUE,{},TRUE,200,FALSE,FALSE
504,Ticket id,id,Product,link,TRUE,TRUE,FALSE,1,FALSE,FALSE,200030,,,,FALSE,,TRUE,{},TRUE,200,FALSE,FALSE
250,Product Code,product_code,Product,str,true,false,false,1.0,false,false,"250_product_code_Product Code_Product",,,,false,,true,"{""json_parent"" : ""rcl_dimension""}",false,200,false,false
250,Choice,l6_id,Product,str,true,false,false,3.0,false,false,"250003",,,,false,,true,"{""json_parent"" : ""rcl_dimension""}",false,200,false,false
250,Choice Description,l6_name,Product,str,TRUE,FALSE,FALSE,4,FALSE,FALSE,250_l6_name_Choice Description_Product,,,,FALSE,,TRUE,"{""json_parent"" : ""rcl_dimension""}",FALSE,200,FALSE,FALSE
250,Color,color,Product,str,FALSE,FALSE,FALSE,6,FALSE,FALSE,461666,,,,FALSE,,TRUE,"{""json_parent"" : ""rcl_dimension""}",FALSE,200,FALSE,FALSE
250,Brand,brand,Product,str,FALSE,FALSE,FALSE,7,FALSE,FALSE,462666,,,,FALSE,,TRUE,"{""json_parent"" : ""rcl_dimension""}",FALSE,200,FALSE,FALSE
250,Category,l2_name,Product,str,FALSE,FALSE,FALSE,8,FALSE,FALSE,466663,,,,FALSE,,TRUE,"{""json_parent"" : ""rcl_dimension""}",FALSE,200,FALSE,FALSE
250,Class,l3_name,Product,str,FALSE,FALSE,FALSE,9,FALSE,FALSE,464666,,,,FALSE,,TRUE,"{""json_parent"" : ""rcl_dimension""}",FALSE,200,FALSE,FALSE
250,Sub Class,l4_name,Product,str,FALSE,FALSE,FALSE,10,FALSE,FALSE,465666,,,,FALSE,,TRUE,"{""json_parent"" : ""rcl_dimension""}",FALSE,200,FALSE,FALSE
250,Collection,collection,Product,str,FALSE,FALSE,FALSE,12,FALSE,FALSE,467666,,,,FALSE,,TRUE,"{""json_parent"" : ""rcl_dimension""}",FALSE,200,FALSE,FALSE
250,Product Lifecycle,product_lifecycle,Product,str,FALSE,FALSE,FALSE,13,FALSE,FALSE,468666,,,,FALSE,,TRUE,"{""json_parent"" : ""rcl_dimension""}",FALSE,200,FALSE,FALSE
250,Subbrand,subbrand_code_desc,Product,str,FALSE,FALSE,FALSE,15,FALSE,FALSE,470666,,,,FALSE,,TRUE,"{""json_parent"" : ""rcl_dimension""}",FALSE,200,FALSE,FALSE
250,Size,size,Product,str,FALSE,FALSE,FALSE,5,FALSE,FALSE,459666,,,,FALSE,,TRUE,"{""json_parent"" : ""rcl_dimension""}",FALSE,200,FALSE,FALSE
250,Style,l5_name,Product,str,FALSE,FALSE,FALSE,11,FALSE,FALSE,466666,,,,FALSE,,TRUE,"{""json_parent"" : ""rcl_dimension""}",FALSE,200,FALSE,FALSE
250,Masterstyle,masterstyle_descr,Product,str,FALSE,FALSE,FALSE,14,FALSE,FALSE,469666,,,,FALSE,,TRUE,"{""json_parent"" : ""rcl_dimension""}",FALSE,200,FALSE,FALSE
250,Product Description,product_description,Product,str,TRUE,FALSE,FALSE,2,FALSE,FALSE,458666,,,,FALSE,,TRUE,"{""json_parent"" : ""rcl_dimension""}",FALSE,200,FALSE,FALSE
250,Mapped Stores,mapped_stores_count,Product,link,FALSE,FALSE,TRUE,16,FALSE,FALSE,a1c72d1e-4773-4215-94cf-d1f90cfd00ec,,,,FALSE,,FALSE,{},FALSE,200,FALSE,FALSE
250,# Stores,store_count,Product,str,false,false,true,8.0,false,false,a1c72d1-4215-94cf-d1f90cfd00ec,,,,false,,false,"{}",false,200,false,false
253,From date,from_date,Product Mapping,datetime,FALSE,FALSE,FALSE,9,FALSE,TRUE,e8528958-12d7-40d8-a81a-9fbf16e313d3,cc3569bc-11c2-48ef-bcf4-71f8323f4ffb,,,FALSE,,FALSE,{},FALSE,200,FALSE,FALSE
253,Time Periods,validity,Product Mapping,str,FALSE,FALSE,FALSE,8,FALSE,TRUE,cc3569bc-11c2-48ef-bcf4-71f8323f4ffb,,,,FALSE,,FALSE,{},FALSE,200,FALSE,FALSE
253,To Date,to_date,Product Mapping,datetime,FALSE,FALSE,FALSE,10,FALSE,TRUE,9551a8ed-4b3c-4f8d-92e9-487682fe788d,cc3569bc-11c2-48ef-bcf4-71f8323f4ffb,,,FALSE,,FALSE,{},FALSE,200,FALSE,FALSE
253,Region,location_hierarchy_region_code,store,str,FALSE,FALSE,FALSE,4,FALSE,FALSE,472666,,,,FALSE,,TRUE,{},TRUE,200,FALSE,FALSE
253,Store Name,store_name,store,str,TRUE,FALSE,FALSE,2,FALSE,FALSE,473666,,,,FALSE,,TRUE,{},TRUE,200,FALSE,FALSE
253,Country,s1_name,store,str,FALSE,FALSE,FALSE,5,FALSE,FALSE,474666,,,,FALSE,,TRUE,{},TRUE,200,FALSE,FALSE
253,District,s3_name,store,str,FALSE,FALSE,FALSE,6,FALSE,FALSE,475666,,,,FALSE,,TRUE,{},TRUE,200,FALSE,FALSE
253,Channel,channel,store,str,FALSE,FALSE,FALSE,3,FALSE,FALSE,476666,,,,FALSE,,TRUE,{},TRUE,200,FALSE,FALSE
253,City,s4_name,store,str,FALSE,FALSE,FALSE,7,FALSE,FALSE,47666,,,,FALSE,,TRUE,{},TRUE,200,FALSE,FALSE
253,Store Number,psa_name,store,str,TRUE,FALSE,FALSE,1,FALSE,FALSE,471666,,,,FALSE,,TRUE,{},TRUE,200,FALSE,FALSE
253,Climate,climate,store,str,TRUE,FALSE,FALSE,8,FALSE,FALSE,471667,,,,FALSE,,TRUE,{},TRUE,200,FALSE,FALSE
253,LocType,loctype,store,str,TRUE,FALSE,FALSE,9,FALSE,FALSE,471668,,,,FALSE,,TRUE,{},TRUE,200,FALSE,FALSE
117,# styles,no_style_color,Store,int,false,false,false,1.0,,false,"117001",,,,false,,false,"{}",false,200,false,false
117,# Eligbile Stores,eligible_stores,Store,int,false,false,false,2.0,,false,"117002",,,,false,,false,"{}",false,200,false,false
117,# Allocated Stores,allocated_stores,Store,int,false,false,false,3.0,,false,"117003",,,,false,,false,"{}",false,200,false,false
117,Allocated store per style,allocated_stores_per_style_color,Store,int,false,false,false,4.0,,false,"117004",,,,false,,false,"{}",false,200,false,false
117,Allocated Quantity,total_allocated_qty,Store,int,false,false,false,5.0,,false,"117005",,,,false,,false,"{}",false,200,false,false
117,Net DC Available,net_dc_available,Store,int,false,false,false,6.0,,false,"117006",,,,false,,false,"{}",false,200,false,false
117,Allocated Quantity(by Size),allocated_qty,Store,int,false,false,false,7.0,,false,"117007",,,,false,,false,"{}",false,200,false,false
118,# Styles,art_cnt,Product,int,false,false,false,1.0,false,false,"7072",,,,false,,true,"{}",true,200,false,false
118,# Allocated Stores,store_cnt,Product,int,false,false,false,2.0,false,false,"7073",,,,false,,true,"{}",true,200,false,false
118,Style Depth Per Store,store_avg,Product,int,false,false,false,3.0,false,false,"7074",,,,false,,true,"{}",true,200,false,false
118,Allocated Qty,dc_allocated,Product,int,false,false,false,4.0,false,false,"7078",,,,false,,true,"{}",true,200,false,false
118,Net DC Available ,dc_available,Product,int,false,false,false,5.0,false,false,"7079",,,,false,,true,"{}",true,200,false,false
118,Store Grade Allocated Qty,store_grade_allocated,Product,int,false,false,false,6.0,false,false,"7080",,,,false,,true,"{}",true,200,false,false
118,Store Grade Allocated Percentage,store_grade_perc,Product,percentage,false,false,false,7.0,false,false,"7081",,,roundOff,false,,true,"{}",true,200,false,false
119,Style-Color ID,article,Product,link,true,true,false,1.0,false,false,"7028",,,,false,,true,"{}",true,200,false,false
119,Demand Type,demand_type,Product,str,false,false,false,2.0,false,false,"7038",,,,false,,true,"{}",true,200,false,false
119,# Stores,all_stores,Product,str,false,false,false,3.0,false,false,"7031",,,,false,,true,"{}",true,200,false,false
119,Style Information,style_information,Product,str,false,true,false,4.0,false,false,"321019",,,,false,,true,"{}",true,200,false,false
119,Division,l1_name,Product,str,false,false,false,4.1,false,false,"7032","321019",,,false,,true,"{""enableColumnExpand"": true, ""columnGroupShow"": ""open""}",true,200,false,false
119,Department,l2_name,Product,str,false,false,false,4.2,false,false,"7033","321019",,,false,,true,"{""enableColumnExpand"": true, ""columnGroupShow"": ""open""}",true,200,false,false
119,Major Class,l3_name,Product,str,false,false,false,4.3,false,false,"7034","321019",,,false,,true,"{""enableColumnExpand"": true, ""columnGroupShow"": ""open""}",true,200,false,false
119,Sub Class,l4_name,Product,str,false,false,false,4.4,false,false,"7035","321019",,,false,,true,"{""enableColumnExpand"": true, ""columnGroupShow"": ""open""}",true,200,false,false
119,# Allocated Stores,store_cnt,Product,str,false,false,false,5.0,false,false,"7030",,,,false,,true,"{}",true,200,false,false
119,Min Constraint ,min,Product,int,false,false,false,6.0,false,false,"7042",,,,false,,true,"{}",true,200,false,false
119,Max Constraint ,max,Product,int,false,false,false,7.0,false,false,"7043",,,,false,,true,"{}",true,200,false,false
119,Allocated Size Quantity,allocated_quantity_size,Product,int,false,false,false,8.0,false,false,"7049",,,,false,,true,"{}",true,200,false,false
119,Net DC Available,net_available,Product,int,false,false,false,9.0,false,false,"7048",,,,false,,true,"{}",true,200,false,false
119,Total allocated Qty,total_allocated_qty,Product,int,false,false,false,10.0,false,false,"7051",,,,false,,true,"{}",true,200,false,false
121,Store Number,store_code,Product,str,false,false,false,1.0,false,false,"7052","323012",,,false,,true,"{}",true,200,false,false
121,Store Information,store_information,Store,link,false,true,false,2.0,false,false,"323012",,,,false,,true,"{}",true,200,false,false
121,Store Name,store_name,Product,str,false,false,false,2.1,false,false,"7053","323012",,,false,,true,"{""enableColumnExpand"": true, ""columnGroupShow"": ""open""}",true,200,false,false
121,Store Grade,q_str_grade,Product,str,false,false,false,2.2,false,false,"7054","323012",,,false,,true,"{""enableColumnExpand"": true, ""columnGroupShow"": ""open""}",true,200,false,false
121,Aggregated Demand (For the Target WoC),aggregated_demand,Product,int,false,false,false,3.0,false,false,"7056",,,,false,,true,"{}",true,200,false,false
121,Allocated Pack Quantity,allocated_qty_by_pack_dc_level,Product,int,false,true,false,4.0,false,false,"7069",,,,false,,true,"{}",true,200,false,false
121,Allocated Total Quantity,allocated_quantity,Product,int,false,false,false,5.0,false,false,"7065",,,,false,,true,"{}",true,200,false,false
121,Allocated For Min,min_allocation,Product,int,false,false,false,6.0,false,false,"7097",,,,false,,true,"{}",true,200,false,false
121,Allocated For Demand,wos_allocation,Product,int,false,false,false,7.0,false,false,"7098",,,,false,,true,"{}",true,200,false,false
121,Store On Hand,oh,Product,int,false,false,false,8.0,false,false,"7060",,,,false,,true,"{}",true,200,false,false
121,Store On Order,oo,Product,int,false,false,false,9.0,false,false,"7061",,,,false,,true,"{}",true,200,false,false
121,In Transit to Store,it,Product,int,false,false,false,10.0,false,false,"7062",,,,false,,true,"{}",true,200,false,false
121,OH+IT+OO,oh_oo_it_total,Product,int,false,false,false,11.0,false,false,"7066",,,,false,,true,"{}",true,200,false,false
121,Min Constraint,min_store,Product,int,false,false,false,12.0,false,false,"7063",,,,false,,true,"{}",true,200,false,false
121,Max Constraint,max_store,Product,int,false,false,false,13.0,false,false,"7064",,,,false,,true,"{}",true,200,false,false
121,Available Pack Quantity,available_qty_by_pack,Product,int,false,false,false,19.0,false,false,"7070",,,,false,,true,"{}",true,200,false,false
330,Store Information,store_information,Store,str,false,false,false,1.0,false,false,"324004",,[NULL],[NULL],false,[NULL],true,"{}",false,200,false,false
330,Store Number,store_code,Product,link,false,true,false,1.1,false,false,"7082","324004",,,false,,true,"{}",true,200,false,false
330,Store Name,store_name,Product,str,false,false,false,1.2,false,false,"7083","324004",,,false,,true,"{""enableColumnExpand"": true, ""columnGroupShow"": ""open""}",true,200,false,false
330,Store Grade,q_str_grade,Product,str,false,false,false,1.3,false,false,"7084","324004",,,false,,true,"{""enableColumnExpand"": true, ""columnGroupShow"": ""open""}",true,200,false,false
330,# Style,style_color_cnt,Product,int,false,false,false,2.0,false,false,"7086",,,,false,,true,"{}",true,200,false,false
330,Store on Hand,oh,Product,int,false,false,false,3.0,false,false,"7087",,,,false,,true,"{}",true,200,false,false
330,Store on Order,oo,Product,int,false,false,false,4.0,false,false,"7088",,,,false,,true,"{}",true,200,false,false
330,In Transit to Store,it,Product,int,false,false,false,5.0,false,false,"7089",,,,false,,true,"{}",true,200,false,false
330,OH+OO+IT,oh_oo_it,Product,int,false,false,false,6.0,false,false,"330009",,,,false,,true,"{}",true,200,false,false
330,Min constraint ,min_store,Product,int,false,false,false,7.0,false,false,"7092",,,,false,,true,"{}",true,200,false,false
330,Max constraint,max_store,Product,int,false,false,false,8.0,false,false,"7093",,,,false,,true,"{}",true,200,false,false
330,Allocated Qty,allocated_quantity,Product,int,false,false,false,9.0,false,false,"7096",,,,false,,true,"{}",true,200,false,false
330,Allocated For Min,min_allocation,Product,int,false,false,false,10.0,false,false,"7094",,,,false,,true,"{}",true,200,false,false
330,Allocated For Demand,wos_allocation,Product,int,false,false,false,11.0,false,false,"7095",,,,false,,true,"{}",true,200,false,false
