tc_code,label,column_name,dimension,type,is_frozen,is_editable,is_aggregated,order_of_display,is_hidden,is_required,tc_mapping_code,child_tc_mapping_code,aggregate_type,formatter,is_row_span,footer,is_searchable,extra,is_sortable,width,is_deleted,is_master_group
80,Master SKU ID,article,product,link,TRUE,TRUE,FALSE,1,FALSE,TRUE,2007,,,,FALSE,,TRUE,{},TRUE,200,FALSE,FALSE
80,Master SKU Information,product_description,product,str,FALSE,FALSE,FALSE,1.5,FALSE,TRUE,321006,,,,FALSE,,TRUE,{},TRUE,200,FALSE,FALSE
80,Master SKU Description,product_description,product,str,FALSE,FALSE,FALSE,2,FALSE,TRUE,2008,321006,,,FALSE,,TRUE,{},TRUE,200,FALSE,FALSE
80,Buyer,l2_name,product,str,FALSE,FALSE,FALSE,3,FALSE,TRUE,2009,321006,,,FALSE,,TRUE,"{""enableColumnExpand"": true, ""columnGroupShow"": ""open""}",TRUE,200,FALSE,FALSE
80,Primary Trait,primary_trait_desc,Product Profile,str,FALSE,FALSE,FALSE,4,FALSE,TRUE,2040,321006,,,FALSE,,TRUE,"{""enableColumnExpand"": true, ""columnGroupShow"": ""open""}",TRUE,200,FALSE,FALSE
80,Department,l3_name,product,str,FALSE,FALSE,FALSE,5,FALSE,FALSE,2011,321006,,,FALSE,,TRUE,"{""enableColumnExpand"": true, ""columnGroupShow"": ""open""}",TRUE,200,FALSE,FALSE
80,Class,l4_name,product,str,FALSE,FALSE,FALSE,6,FALSE,TRUE,2030,321006,,,FALSE,,TRUE,"{""enableColumnExpand"": true, ""columnGroupShow"": ""open""}",TRUE,200,FALSE,FALSE
80,Subclass,l5_name,product,str,FALSE,FALSE,FALSE,7,FALSE,FALSE,2012,321006,,,FALSE,,TRUE,"{""enableColumnExpand"": true, ""columnGroupShow"": ""open""}",TRUE,200,FALSE,FALSE
80,Product Type,product_type,Product Profile,str,FALSE,FALSE,FALSE,8,FALSE,TRUE,2041,321006,,,FALSE,,TRUE,"{""enableColumnExpand"": true, ""columnGroupShow"": ""open""}",TRUE,200,FALSE,FALSE
80,Product Status,item_status,Product Profile,str,FALSE,FALSE,FALSE,9,FALSE,TRUE,2042,321006,,,FALSE,,TRUE,"{""enableColumnExpand"": true, ""columnGroupShow"": ""open""}",TRUE,200,FALSE,FALSE
80,Size Range,size,Product Profile,str,FALSE,FALSE,FALSE,10,FALSE,TRUE,2043,,,,FALSE,,TRUE,{},TRUE,200,FALSE,FALSE
81,Time Attribute,date_value,Product Profile,str,FALSE,FALSE,FALSE,4,FALSE,TRUE,2017,,,,FALSE,,FALSE,{},TRUE,200,FALSE,FALSE
81,Delete,delete,Product Profile,delete_icon,FALSE,TRUE,FALSE,8,FALSE,TRUE,2021,,,,FALSE,,FALSE,{},TRUE,200,FALSE,FALSE
81,Edit,edit,Product Profile,edit_icon,FALSE,TRUE,FALSE,7,FALSE,TRUE,2020,,,,FALSE,,FALSE,{},TRUE,200,FALSE,FALSE
81,Product Profile,name,Product Profile,link,TRUE,TRUE,FALSE,1,FALSE,TRUE,2013,,,,FALSE,,TRUE,{},TRUE,200,FALSE,FALSE
81,Department,l3_name,product,str,FALSE,FALSE,FALSE,2,FALSE,FALSE,2022,,,,FALSE,,TRUE,{},TRUE,200,FALSE,FALSE
81,Class,l4_name,product,str,FALSE,FALSE,FALSE,3,FALSE,TRUE,2023,,,,FALSE,,TRUE,{},TRUE,200,FALSE,FALSE
81,Created At,created_at,product,datetime,FALSE,FALSE,FALSE,5,FALSE,TRUE,2018,,,,FALSE,,TRUE,{},TRUE,200,FALSE,FALSE
81,Created By,user_name,Product Profile,str,FALSE,FALSE,FALSE,6,FALSE,TRUE,2019,,,,FALSE,,TRUE,{},TRUE,200,FALSE,FALSE
82,Contribution __ia_char_11,contribution,Product Profile,percentage,FALSE,FALSE,FALSE,4,FALSE,TRUE,2028,,,roundOfftoTwoDecimals,FALSE,,FALSE,"{""multiplier"": true}",TRUE,200,FALSE,FALSE
82,Master SKU ID,article,product,str,FALSE,FALSE,FALSE,1,FALSE,TRUE,2029,,,,FALSE,,TRUE,{},TRUE,200,FALSE,FALSE
82,Product Description,product_description,product,str,FALSE,FALSE,FALSE,3,FALSE,TRUE,2032,,,,FALSE,,TRUE,{},TRUE,200,FALSE,FALSE
83,Contribution __ia_char_11,contribution,Product Profile,percentage,FALSE,FALSE,FALSE,4,FALSE,TRUE,32004,,,roundOfftoTwoDecimals,FALSE,,FALSE,"{""multiplier"": true}",TRUE,200,FALSE,FALSE
83,Sales Qty,sales,Product Profile,int,FALSE,FALSE,FALSE,5,FALSE,TRUE,32003,,,,FALSE,,TRUE,{},TRUE,200,FALSE,FALSE
83,Master SKU ID,article,product,str,FALSE,FALSE,FALSE,1,FALSE,TRUE,2044,,,,FALSE,,TRUE,{},TRUE,200,FALSE,FALSE
83,Master SKU Description,product_description,product,str,FALSE,FALSE,FALSE,2,FALSE,TRUE,2058,,,,FALSE,,TRUE,{},TRUE,200,FALSE,FALSE
83,Department,l3_name,product,str,FALSE,FALSE,FALSE,3,FALSE,TRUE,32002,,,,FALSE,,TRUE,{},TRUE,200,FALSE,FALSE
244,Store Code,store_code,store,str,TRUE,FALSE,FALSE,2,FALSE,TRUE,2039,,,,FALSE,,TRUE,{},TRUE,200,FALSE,FALSE
244,Store Name,store_name,store,str,TRUE,FALSE,FALSE,1,FALSE,TRUE,2047,,,,FALSE,,TRUE,{},TRUE,200,FALSE,FALSE
244,Overall Proportion __ia_char_11,overall_proportion,others,percentage,FALSE,FALSE,FALSE,3,FALSE,TRUE,2048,,,roundOfftoTwoDecimals,FALSE,,TRUE,"{""defaultSortBy"": ""desc"", ""multiplier"": true}",TRUE,200,FALSE,FALSE
244,Product Profile Pen __ia_char_11,product_profile_pen,others,percentage,FALSE,FALSE,FALSE,4,FALSE,FALSE,2049,,,roundOfftoTwoDecimals,FALSE,,FALSE,"{""multiplier"": true}",TRUE,200,FALSE,FALSE
240,Overall Proportion %,overall_proportion,others,percentage,FALSE,TRUE,FALSE,4,FALSE,TRUE,2053,,,roundOfftoTwoDecimals,FALSE,,FALSE,"{""defaultSortBy"": ""desc"", ""multiplier"": true}",TRUE,200,FALSE,FALSE
240,Product Profile Pen %,product_profile_pen,others,percentage,FALSE,TRUE,FALSE,5,FALSE,FALSE,2052,,,roundOfftoTwoDecimals,FALSE,,FALSE,"{""multiplier"": true}",TRUE,200,FALSE,FALSE
240,Store Tier,store_tier,others,str,TRUE,FALSE,FALSE,3,FALSE,TRUE,2059,,,,FALSE,,TRUE,{},TRUE,200,FALSE,FALSE
240,Store Code,store_code,others,str,TRUE,FALSE,FALSE,2,FALSE,TRUE,2051,,,,FALSE,,TRUE,{},TRUE,200,FALSE,FALSE
240,Store Name,store_name,others,str,TRUE,FALSE,FALSE,1,FALSE,TRUE,2050,,,,FALSE,,TRUE,{},TRUE,200,FALSE,FALSE
242,Overall Proportion __ia_char_11,overall_proportion,others,percentage,FALSE,FALSE,FALSE,4,FALSE,TRUE,2056,,,roundOfftoTwoDecimals,FALSE,,FALSE,"{""defaultSortBy"": ""desc"", ""multiplier"": true}",TRUE,200,FALSE,FALSE
242,Store Code,store_code,store,str,FALSE,FALSE,FALSE,2,FALSE,TRUE,2054,,,,FALSE,,TRUE,{},TRUE,200,FALSE,FALSE
242,Store Name,store_name,store,str,TRUE,FALSE,FALSE,1,FALSE,TRUE,2057,,,,FALSE,,TRUE,{},TRUE,200,FALSE,FALSE
242,Product Profile Pen __ia_char_11,product_profile_pen,others,percentage,FALSE,FALSE,FALSE,5,FALSE,FALSE,2055,,,roundOfftoTwoDecimals,FALSE,,FALSE,"{""multiplier"": true}",TRUE,200,FALSE,FALSE
242,Store Tier,store_tier,store,str,FALSE,FALSE,FALSE,3,FALSE,TRUE,3220651,,,,FALSE,,TRUE,{},TRUE,200,FALSE,FALSE
263,Rule ID,c_rule_code,Inventory,str,TRUE,FALSE,FALSE,1,FALSE,FALSE,322050,,,,FALSE,,TRUE,{},FALSE,200,FALSE,FALSE
263,Rule Creation Level,c_rcl_code,Inventory,str,TRUE,FALSE,FALSE,2,FALSE,FALSE,322051,,,,FALSE,,TRUE,{},FALSE,200,FALSE,FALSE
263,Rule Name,rule_name,Inventory,str,TRUE,FALSE,FALSE,2.1,FALSE,FALSE,323059,,,,FALSE,,TRUE,{},FALSE,200,FALSE,FALSE
263,Buyer,l2_name,Product,str,FALSE,FALSE,FALSE,3,FALSE,FALSE,322052,,,,FALSE,,TRUE,{},FALSE,200,FALSE,FALSE
263,Primary Trait,primary_trait_desc,Product,str,FALSE,FALSE,FALSE,4,FALSE,FALSE,322053,,,,FALSE,,TRUE,{},FALSE,200,FALSE,FALSE
263,Department,l3_name,Product,str,FALSE,FALSE,FALSE,5,FALSE,FALSE,322054,,,,FALSE,,TRUE,{},FALSE,200,FALSE,FALSE
263,Class,l4_name,Product,str,FALSE,FALSE,FALSE,7,FALSE,FALSE,322056,,,,FALSE,,TRUE,{},FALSE,200,FALSE,FALSE
263,Subclass,l5_name,Product,str,FALSE,FALSE,FALSE,8,FALSE,FALSE,322057,,,,FALSE,,TRUE,{},FALSE,200,FALSE,FALSE
263,Master SKU ID,article,Product,str,FALSE,FALSE,FALSE,9,FALSE,FALSE,322058,,,,FALSE,,TRUE,{},FALSE,200,FALSE,FALSE
263,Size,size,Product,str,FALSE,FALSE,FALSE,9.1,FALSE,FALSE,33111,,,,FALSE,,TRUE,{},FALSE,200,FALSE,FALSE
263,Product Type,product_type,Product,str,FALSE,FALSE,FALSE,9.2,FALSE,FALSE,33112,,,,FALSE,,TRUE,{},FALSE,200,FALSE,FALSE
263,Product Status,item_status,Product,str,FALSE,FALSE,FALSE,9.3,FALSE,FALSE,33113,,,,FALSE,,TRUE,{},FALSE,200,FALSE,FALSE
263,Store/Store Groups Mapped,store_store_groups_mapped,Inventory,link,FALSE,FALSE,FALSE,13,FALSE,FALSE,322062,,,,FALSE,,FALSE,{},FALSE,200,FALSE,FALSE
263,From Date,start_date,Inventory,datetime,FALSE,TRUE,FALSE,14,FALSE,FALSE,322063,,,,FALSE,,TRUE,{},FALSE,400,FALSE,FALSE
263,To Date,end_date,Inventory,datetime,FALSE,TRUE,FALSE,15,FALSE,FALSE,322064,,,,FALSE,,TRUE,{},FALSE,400,FALSE,FALSE
263,Product Profile,product_profile,Inventory,link,FALSE,FALSE,FALSE,16,FALSE,FALSE,322065,,,,FALSE,,FALSE,{},FALSE,200,FALSE,FALSE
263,DC To Store Strategy,dc_store_rule_name,Inventory,link,FALSE,FALSE,FALSE,17,FALSE,FALSE,322066,,,,FALSE,,FALSE,{},FALSE,200,FALSE,FALSE
263,Auto Allocation Rules,auto_allocation_rule_name,Inventory,link,FALSE,FALSE,FALSE,18,FALSE,FALSE,322067,,,,FALSE,,FALSE,{},FALSE,200,FALSE,FALSE
263,Auto Allocation Scheduler,auto_allocation_schedular_name,Inventory,link,FALSE,FALSE,FALSE,19,FALSE,FALSE,322068,,,,FALSE,,TRUE,{},FALSE,200,FALSE,FALSE
264,Store Group Code,sg_code,Inventory,str,TRUE,FALSE,FALSE,1,FALSE,FALSE,322075,,,,FALSE,,FALSE,{},FALSE,200,FALSE,FALSE
264,Store Group Name,name,Inventory,str,TRUE,FALSE,FALSE,2,FALSE,FALSE,322076,,,,FALSE,,TRUE,{},FALSE,200,FALSE,FALSE
264,Store Name,store_name,Inventory,str,FALSE,FALSE,FALSE,4,FALSE,FALSE,322078,,,,FALSE,,FALSE,{},FALSE,200,FALSE,FALSE
264,Store Number,store_code,Inventory,str,FALSE,FALSE,FALSE,3,FALSE,FALSE,322077,,,,FALSE,,FALSE,{},FALSE,200,FALSE,FALSE
265,Brand,l2_name,Product,str,FALSE,FALSE,FALSE,4,FALSE,FALSE,322072,,,,FALSE,,FALSE,{},FALSE,200,FALSE,FALSE
265,Channel,l1_name,Product,str,FALSE,FALSE,FALSE,3,FALSE,FALSE,322071,,,,FALSE,,FALSE,{},FALSE,200,FALSE,FALSE
265,Country,l0_name,Product,str,FALSE,FALSE,FALSE,2,FALSE,FALSE,322070,,,,FALSE,,FALSE,{},FALSE,200,FALSE,FALSE
265,Department,l4_name,Product,str,FALSE,FALSE,FALSE,6,FALSE,FALSE,322074,,,,FALSE,,FALSE,{},FALSE,200,FALSE,FALSE
265,PP Code,pp_code,Product,str,FALSE,FALSE,FALSE,1,FALSE,FALSE,322188,,,,FALSE,,FALSE,{},FALSE,200,FALSE,FALSE
265,SBU,l3_name,Product,str,FALSE,FALSE,FALSE,5,FALSE,FALSE,322073,,,,FALSE,,FALSE,{},FALSE,200,FALSE,FALSE
266,Modified At,updated_at,Inventory,str,FALSE,FALSE,FALSE,4,FALSE,FALSE,322082,,,,FALSE,,FALSE,{},FALSE,200,FALSE,FALSE
266,Modified By,updated_by,Inventory,str,FALSE,FALSE,FALSE,3,FALSE,FALSE,322081,,,,FALSE,,FALSE,{},FALSE,200,FALSE,FALSE
266,Rule Name,rule_name,Inventory,str,FALSE,FALSE,FALSE,2,FALSE,FALSE,322080,,,,FALSE,,FALSE,{},FALSE,200,FALSE,FALSE
267,Modified At,updated_at,Inventory,str,FALSE,FALSE,FALSE,4,FALSE,FALSE,322086,,,,FALSE,,FALSE,{},FALSE,200,FALSE,FALSE
267,Modified By,updated_by,Inventory,str,FALSE,FALSE,FALSE,3,FALSE,FALSE,322085,,,,FALSE,,FALSE,{},FALSE,200,FALSE,FALSE
267,Rule Name,rule_name,Inventory,str,FALSE,FALSE,FALSE,2,FALSE,FALSE,322084,,,,FALSE,,FALSE,{},FALSE,200,FALSE,FALSE
268,Channel,l1_name,Product Profile,str,FALSE,FALSE,FALSE,3,FALSE,FALSE,322089,,,,FALSE,,FALSE,{},FALSE,200,FALSE,FALSE
268,Country,l0_name,Product Profile,str,FALSE,FALSE,FALSE,2,FALSE,FALSE,322088,,,,FALSE,,FALSE,{},FALSE,200,FALSE,FALSE
268,Created At,created_at,Product Profile,datetime,FALSE,FALSE,FALSE,5,FALSE,FALSE,322092,,,,FALSE,,FALSE,{},FALSE,200,FALSE,FALSE
268,Created By,user_name,Product Profile,str,FALSE,FALSE,FALSE,6,FALSE,FALSE,322091,,,,FALSE,,FALSE,{},FALSE,200,FALSE,FALSE
268,Product Profile,name,Product Profile,str,TRUE,FALSE,FALSE,1,FALSE,FALSE,322087,,,,FALSE,,FALSE,{},FALSE,200,FALSE,FALSE
268,Time Attribute,date_value,Product Profile,str,FALSE,FALSE,FALSE,4,FALSE,FALSE,322090,,,,FALSE,,FALSE,{},FALSE,200,FALSE,FALSE
269,Rule Name,rule_name,Inventory,link,FALSE,FALSE,FALSE,2,FALSE,FALSE,2690001,,,,FALSE,,TRUE,{},FALSE,200,FALSE,FALSE
269,Modified By,updated_by,Inventory,str,FALSE,FALSE,FALSE,3,FALSE,FALSE,2690002,,,,FALSE,,FALSE,{},FALSE,200,FALSE,FALSE
269,Modified At,updated_at,Inventory,str,FALSE,FALSE,FALSE,4,FALSE,FALSE,2690003,,,,FALSE,,FALSE,{},FALSE,200,FALSE,FALSE
269,Edit,edit,Inventory,edit_icon,FALSE,TRUE,FALSE,5,FALSE,FALSE,2690004,,,,FALSE,,FALSE,{},FALSE,200,FALSE,FALSE
269,Delete,delete,Inventory,delete_icon,FALSE,TRUE,FALSE,6,FALSE,FALSE,2690005,,,,FALSE,,FALSE,{},FALSE,200,FALSE,FALSE
270,Delete,delete,Inventory,delete_icon,FALSE,TRUE,FALSE,6,FALSE,FALSE,322111,,,,FALSE,,FALSE,{},FALSE,200,FALSE,FALSE
270,Edit,edit,Inventory,edit_icon,FALSE,TRUE,FALSE,5,FALSE,FALSE,322110,,,,FALSE,,FALSE,{},FALSE,200,FALSE,FALSE
270,Modified At,updated_at,Inventory,str,FALSE,FALSE,FALSE,4,FALSE,FALSE,322109,,,,FALSE,,FALSE,{},FALSE,200,FALSE,FALSE
270,Modified By,updated_by,Inventory,str,FALSE,FALSE,FALSE,3,FALSE,FALSE,322108,,,,FALSE,,FALSE,{},FALSE,200,FALSE,FALSE
270,Rule Name,rule_name,Inventory,link,FALSE,FALSE,FALSE,2,FALSE,FALSE,322107,,,,FALSE,,TRUE,{},FALSE,200,FALSE,FALSE
271,Action,action,Product,link,FALSE,FALSE,FALSE,7,FALSE,TRUE,322112,,FALSE,FALSE,FALSE,FALSE,FALSE,{},TRUE,200,FALSE,FALSE
271,Last Modified,updated_at,Product,str,FALSE,FALSE,FALSE,6,FALSE,TRUE,322113,,FALSE,FALSE,FALSE,FALSE,FALSE,{},TRUE,200,FALSE,FALSE
271,Lowest Level,lowest_level,Product,str,FALSE,FALSE,FALSE,3,FALSE,TRUE,322114,,FALSE,FALSE,FALSE,FALSE,FALSE,{},TRUE,200,FALSE,FALSE
271,Priority,priority,Product,str,FALSE,FALSE,FALSE,4,FALSE,TRUE,322115,,FALSE,FALSE,FALSE,FALSE,FALSE,{},TRUE,200,FALSE,FALSE
271,Rule Level ID,rcl_code,Product,str,FALSE,FALSE,FALSE,1,FALSE,TRUE,322116,,FALSE,FALSE,FALSE,FALSE,FALSE,{},TRUE,200,FALSE,FALSE
271,Selected Level,level,Product,str,FALSE,FALSE,FALSE,2,FALSE,TRUE,322117,,,,FALSE,,FALSE,{},TRUE,200,FALSE,FALSE
271,Updated By,user,Product,str,FALSE,FALSE,FALSE,5,FALSE,TRUE,322118,,FALSE,FALSE,FALSE,FALSE,FALSE,{},TRUE,200,FALSE,FALSE
272,Rule ID,c_rule_code,Inventory,str,TRUE,FALSE,FALSE,1,FALSE,FALSE,272016,,,,FALSE,,TRUE,{},FALSE,200,FALSE,FALSE
272,Rule Creation Level,c_rcl_code,Inventory,str,TRUE,FALSE,FALSE,2,FALSE,FALSE,272015,,,,FALSE,,TRUE,{},FALSE,200,FALSE,FALSE
272,Rule Name,rule_name,product,str,TRUE,FALSE,FALSE,2.2,FALSE,FALSE,272099,,,,FALSE,,TRUE,{},FALSE,200,FALSE,FALSE
272,Buyer,l2_name,Product,str,FALSE,FALSE,FALSE,3,FALSE,FALSE,272005,,,,FALSE,,TRUE,{},FALSE,200,FALSE,FALSE
272,Primary Trait,primary_trait_desc,Product,str,FALSE,FALSE,FALSE,4,FALSE,FALSE,272017,,,,FALSE,,TRUE,{},FALSE,200,FALSE,FALSE
272,Department,l3_name,Product,str,FALSE,FALSE,FALSE,5,FALSE,FALSE,272011,,,,FALSE,,TRUE,{},FALSE,200,FALSE,FALSE
272,Class,l4_name,Product,str,FALSE,FALSE,FALSE,7,FALSE,FALSE,272006,,,,FALSE,,TRUE,{},FALSE,200,FALSE,FALSE
272,Subclass,l5_name,Product,str,FALSE,FALSE,FALSE,8,FALSE,FALSE,272023,,,,FALSE,,TRUE,{},FALSE,200,FALSE,FALSE
272,Master SKU ID,article,Product,str,FALSE,FALSE,FALSE,9,FALSE,FALSE,272007,,,,FALSE,,TRUE,{},FALSE,200,FALSE,FALSE
272,Size,size,Product,str,FALSE,FALSE,FALSE,9.1,FALSE,FALSE,34111,,,,FALSE,,TRUE,{},FALSE,200,FALSE,FALSE
272,Product Type,product_type,Product,str,FALSE,FALSE,FALSE,9.2,FALSE,FALSE,34112,,,,FALSE,,TRUE,{},FALSE,200,FALSE,FALSE
272,Color,color_desc,product,str,FALSE,FALSE,FALSE,9.25,FALSE,FALSE,272020,,,,FALSE,,TRUE,{},FALSE,200,FALSE,FALSE
272,Product Status,item_status,Product,str,FALSE,FALSE,FALSE,9.3,FALSE,FALSE,34113,,,,FALSE,,TRUE,{},FALSE,200,FALSE,FALSE
272,Store/Store Groups Mapped,store_store_groups_mapped,Inventory,link,FALSE,FALSE,FALSE,13,FALSE,FALSE,272021,,,,FALSE,,FALSE,{},FALSE,200,FALSE,FALSE
272,From Date,start_date,Inventory,datetime,FALSE,TRUE,FALSE,14,FALSE,FALSE,272012,,,,FALSE,,TRUE,{},FALSE,400,FALSE,FALSE
272,To Date,end_date,Inventory,datetime,FALSE,TRUE,FALSE,15,FALSE,FALSE,272024,,,,FALSE,,TRUE,{},FALSE,400,FALSE,FALSE
272,Product Profile,product_profile,Inventory,link,FALSE,FALSE,FALSE,16,FALSE,FALSE,272013,,,,FALSE,,FALSE,{},FALSE,200,FALSE,FALSE
272,DC To Store Strategy,dc_store_rule_name,Inventory,link,FALSE,FALSE,FALSE,17,FALSE,FALSE,272010,,,,FALSE,,FALSE,{},FALSE,200,FALSE,FALSE
272,Auto Allocation Rules,auto_allocation_rule_name,Inventory,link,FALSE,FALSE,FALSE,18,FALSE,FALSE,272002,,,,FALSE,,FALSE,{},FALSE,200,FALSE,FALSE
272,Auto Allocation Scheduler,auto_allocation_schedular_name,Inventory,link,FALSE,FALSE,FALSE,19,FALSE,FALSE,272003,,,,FALSE,,FALSE,{},FALSE,200,FALSE,FALSE
273,Edit,edit,Inventory,edit_icon,FALSE,TRUE,FALSE,5,FALSE,FALSE,322154,,,,FALSE,,FALSE,{},FALSE,200,FALSE,FALSE
273,Delete,delete,Inventory,delete_icon,FALSE,TRUE,FALSE,6,FALSE,FALSE,322155,,,,FALSE,,FALSE,{},FALSE,200,FALSE,FALSE
273,Modified At,updated_at,Inventory,str,FALSE,FALSE,FALSE,4,FALSE,FALSE,322153,,,,FALSE,,FALSE,{},FALSE,200,FALSE,FALSE
273,Modified By,updated_by,Inventory,str,FALSE,FALSE,FALSE,3,FALSE,FALSE,322152,,,,FALSE,,FALSE,{},FALSE,200,FALSE,FALSE
273,Scheduler Frequency,sh_frequency,Inventory,link,FALSE,FALSE,FALSE,2,FALSE,FALSE,322151,,,,FALSE,,FALSE,{},FALSE,200,FALSE,FALSE
273,Scheduler Name,sh_name,Inventory,link,FALSE,FALSE,FALSE,1,FALSE,FALSE,322150,,,,FALSE,,TRUE,{},FALSE,200,FALSE,FALSE
274,Modified At,updated_at,Inventory,str,FALSE,FALSE,FALSE,4,FALSE,FALSE,322253,,,,FALSE,,FALSE,{},FALSE,200,FALSE,FALSE
274,Modified By,updated_by,Inventory,str,FALSE,FALSE,FALSE,3,FALSE,FALSE,322252,,,,FALSE,,FALSE,{},FALSE,200,FALSE,FALSE
274,Scheduler Name,sh_name,Inventory,str,FALSE,FALSE,FALSE,2,FALSE,FALSE,322251,,,,FALSE,,FALSE,{},FALSE,200,FALSE,FALSE
275,Store/Store Groups Mapped,store_store_groups_mapped,Inventory,link,FALSE,FALSE,FALSE,14,FALSE,FALSE,275062,,,,FALSE,,FALSE,{},FALSE,200,FALSE,FALSE
275,Rule Name,rule_name,Inventory,str,FALSE,TRUE,FALSE,13,FALSE,FALSE,275063,,,,FALSE,,FALSE,{},FALSE,200,FALSE,FALSE
275,From Date,start_date,Inventory,datetime,FALSE,TRUE,FALSE,15,FALSE,FALSE,275064,,,,FALSE,,TRUE,{},FALSE,400,FALSE,FALSE
275,To Date,end_date,Inventory,datetime,FALSE,TRUE,FALSE,16,FALSE,FALSE,275065,,,,FALSE,,TRUE,{},FALSE,400,FALSE,FALSE
275,Product Profile,product_profile,Inventory,link,FALSE,FALSE,FALSE,17,FALSE,FALSE,275066,,,,FALSE,,FALSE,{},FALSE,200,FALSE,FALSE
275,DC To Store Strategy,dc_store_rule_name,Inventory,link,FALSE,FALSE,FALSE,18,FALSE,FALSE,275067,,,,FALSE,,FALSE,{},FALSE,200,FALSE,FALSE
275,Auto Allocation Rules,auto_allocation_rule_name,Inventory,link,FALSE,FALSE,FALSE,19,FALSE,FALSE,275068,,,,FALSE,,FALSE,{},FALSE,200,FALSE,FALSE
275,Auto Allocation Scheduler,auto_allocation_schedular_name,Inventory,link,FALSE,FALSE,FALSE,20,FALSE,FALSE,275069,,,,FALSE,,FALSE,{},FALSE,200,FALSE,FALSE
241,User Reserve Quantity,quantity,product,IntegerField,FALSE,TRUE,FALSE,1,,FALSE,320051,,,,FALSE,,FALSE,{},FALSE,200,FALSE,FALSE
241,User Reserve %,percentage,product,IntegerField,FALSE,TRUE,FALSE,2,,FALSE,320052,,,,FALSE,,FALSE,{},FALSE,200,FALSE,FALSE
241,Reservation Till Date,reservation_till_date,product,DateTimeField,FALSE,TRUE,FALSE,3,,FALSE,320053,,,,FALSE,,FALSE,{},FALSE,200,FALSE,FALSE
241,Comment,comment,product,TextField,FALSE,TRUE,FALSE,4,,FALSE,320054,,,,FALSE,,FALSE,{},FALSE,200,FALSE,FALSE
505,Rule ID,rule_code,product,str,TRUE,FALSE,FALSE,1,,FALSE,50502,,,,FALSE,,TRUE,{},FALSE,200,FALSE,FALSE
505,Rule Creation Level,rcl_code,product,str,TRUE,FALSE,FALSE,2,,FALSE,50501,,,,FALSE,,TRUE,{},FALSE,200,FALSE,FALSE
505,Rule Name,rule_name,product,str,FALSE,FALSE,FALSE,3,,FALSE,50528,,,,FALSE,,TRUE,{},FALSE,200,FALSE,FALSE
505,Buyer,l2_name,product,str,FALSE,FALSE,FALSE,4,,FALSE,50503,,,,FALSE,,TRUE,{},FALSE,200,FALSE,FALSE
505,Department,l3_name,product,str,FALSE,FALSE,FALSE,5,,FALSE,50504,,,,FALSE,,TRUE,{},FALSE,200,FALSE,FALSE
505,Primary Trait,primary_trait_desc,product,str,FALSE,FALSE,FALSE,6,,FALSE,50505,,,,FALSE,,TRUE,{},FALSE,200,FALSE,FALSE
505,Class,l4_name,product,str,FALSE,FALSE,FALSE,7,,FALSE,50506,,,,FALSE,,TRUE,{},FALSE,200,FALSE,FALSE
505,Subclass,l5_name,product,str,FALSE,FALSE,FALSE,8,,FALSE,50507,,,,FALSE,,TRUE,{},FALSE,200,FALSE,FALSE
505,Product Type,product_type,product,str,FALSE,FALSE,FALSE,9,,FALSE,50510,,,,FALSE,,TRUE,{},FALSE,200,FALSE,FALSE
505,Color,color_desc,product,str,FALSE,FALSE,FALSE,10,,FALSE,50532,,,,FALSE,,TRUE,{},FALSE,200,FALSE,FALSE
505,Product Status,item_status,product,str,FALSE,FALSE,FALSE,11,,FALSE,50511,,,,FALSE,,TRUE,{},FALSE,200,FALSE,FALSE
505,Master SKU,article,product,str,FALSE,FALSE,FALSE,12,,FALSE,50508,,,,FALSE,,TRUE,{},FALSE,200,FALSE,FALSE
505,Store Grade,psa_name,product,str,FALSE,FALSE,FALSE,14,,FALSE,50519,,,,FALSE,,TRUE,{},FALSE,200,FALSE,FALSE
505,Min,min_stock,product,int,FALSE,TRUE,FALSE,15,,FALSE,50522,,,,FALSE,,FALSE,"{""dynamicMaxKey"": ""max_stock"",""dynamicMinMaxOnBlur"": true,""typeFormat"": ""number"",""width"": 250}",FALSE,200,FALSE,FALSE
505,Max,max_stock,product,int,FALSE,TRUE,FALSE,16,,FALSE,50521,,,,FALSE,,FALSE,"{""dynamicMinKey"": ""min_stock"",""dynamicMinMaxOnBlur"": true,""typeFormat"": ""number"",""noNullValues"": true,""width"": 250}",FALSE,200,FALSE,FALSE
505,Min Distribution By Size,min_distribution,product,link,FALSE,TRUE,FALSE,21.1,FALSE,FALSE,50530,,,,FALSE,,FALSE,{},FALSE,200,FALSE,FALSE
505,Size Selection Data,x_units_per_size,product,str,FALSE,TRUE,FALSE,21.2,TRUE,FALSE,50531,,,,FALSE,,FALSE,{},FALSE,200,FALSE,FALSE
505,WOS,wos,product,int,FALSE,TRUE,FALSE,17,,FALSE,50520,,,,FALSE,,FALSE,"{ ""min"": 0, ""max"": 52 }",FALSE,200,FALSE,FALSE
505,Start Date,start_date,product,datetime,FALSE,TRUE,FALSE,18,,FALSE,50523,,,,FALSE,,FALSE,"{""dateFormat"": ""MM-DD-YYYY""}",FALSE,200,FALSE,FALSE
505,End Date,end_date,product,datetime,FALSE,TRUE,FALSE,19,,FALSE,50524,,,,FALSE,,FALSE,"{""dateFormat"": ""MM-DD-YYYY""}",FALSE,200,FALSE,FALSE
505,Updated By,user,Product,str,FALSE,FALSE,FALSE,20,,TRUE,50526,,FALSE,FALSE,FALSE,FALSE,FALSE,{},FALSE,200,FALSE,FALSE
505,Last Modified,updated_at,Product,datetime,FALSE,FALSE,FALSE,21,,TRUE,50527,,FALSE,MM-DD-YYYY,FALSE,FALSE,FALSE,"{""dateFormat"": ""MM-DD-YYYY""}",FALSE,200,FALSE,FALSE
505,Action,action,product,action,FALSE,FALSE,FALSE,22,,FALSE,50529,,,,FALSE,,FALSE,{},FALSE,200,FALSE,FALSE
511,Rule Level ID,rcl_code,Product,str,FALSE,FALSE,FALSE,1,FALSE,TRUE,51101,,FALSE,FALSE,FALSE,FALSE,FALSE,{},FALSE,200,FALSE,FALSE
511,Selected Level,level,Product,str,FALSE,FALSE,FALSE,2,FALSE,TRUE,51102,,,,FALSE,,FALSE,{},FALSE,200,FALSE,FALSE
511,Lowest Level,lowest_level,Product,str,FALSE,FALSE,FALSE,3,FALSE,TRUE,51103,,FALSE,FALSE,FALSE,FALSE,FALSE,{},FALSE,200,FALSE,FALSE
511,Priority,priority,Product,str,FALSE,FALSE,FALSE,4,FALSE,TRUE,51104,,FALSE,FALSE,FALSE,FALSE,FALSE,{},FALSE,200,FALSE,FALSE
511,Updated By,user,Product,str,FALSE,FALSE,FALSE,5,FALSE,TRUE,51107,,FALSE,FALSE,FALSE,FALSE,FALSE,{},FALSE,200,FALSE,FALSE
511,Last Modified,updated_at,Product,date,FALSE,FALSE,FALSE,6,FALSE,TRUE,51106,,FALSE,MM-DD-YYYY,FALSE,FALSE,FALSE,{},FALSE,200,FALSE,FALSE
511,Action,action,Product,link,FALSE,FALSE,FALSE,7,FALSE,TRUE,51105,,FALSE,FALSE,FALSE,FALSE,FALSE,{},FALSE,200,FALSE,FALSE
381,Primary Trait,primary_trait_desc,product,str,FALSE,FALSE,FALSE,5,FALSE,FALSE,38200,,,,FALSE,,TRUE,{},TRUE,200,FALSE,FALSE
381,Buyer,l2_name,product,str,FALSE,FALSE,FALSE,4,FALSE,FALSE,38202,,,,FALSE,,TRUE,{},TRUE,200,FALSE,FALSE
381,Department,l3_name,product,str,FALSE,FALSE,FALSE,6,FALSE,FALSE,38203,,,,FALSE,,TRUE,{},TRUE,200,FALSE,FALSE
381,Class,l4_name,product,str,FALSE,FALSE,FALSE,7,FALSE,FALSE,38204,,,,FALSE,,TRUE,{},TRUE,200,FALSE,FALSE
381,Subclass,l5_name,product,str,FALSE,FALSE,FALSE,8,FALSE,FALSE,38205,,,,FALSE,,TRUE,{},TRUE,200,FALSE,FALSE
381,Master SKU ID,article,product,str,TRUE,FALSE,FALSE,1,FALSE,FALSE,38206,,,,FALSE,,TRUE,{},TRUE,200,FALSE,FALSE
381,Master SKU Description,product_description,product,str,TRUE,FALSE,FALSE,2,FALSE,FALSE,38199,,,,FALSE,,TRUE,{},TRUE,200,FALSE,FALSE
381,DC Code,dc_code_display,product,str,FALSE,FALSE,FALSE,9,FALSE,FALSE,38207,,,,FALSE,,TRUE,{},TRUE,200,FALSE,FALSE
381,Inventory Source,channel,product,str,FALSE,FALSE,FALSE,11,FALSE,FALSE,38201,,,,FALSE,,TRUE,{},TRUE,200,FALSE,FALSE
381,New Store Reserve,new_store_reserve,product,str,FALSE,FALSE,FALSE,15,FALSE,FALSE,38212,,,,FALSE,,TRUE,{},TRUE,200,FALSE,FALSE
381,New Store Reservation Date,reservation_date,product,str,FALSE,FALSE,FALSE,16,FALSE,FALSE,38213,,,,FALSE,,TRUE,{},TRUE,200,FALSE,FALSE
381,Incoming PO 30,incoming_po_30,product,str,FALSE,FALSE,FALSE,18,FALSE,FALSE,38215,,,,FALSE,,TRUE,{},TRUE,200,FALSE,FALSE
381,Incoming PO 60,incoming_po_31_60,product,str,FALSE,FALSE,FALSE,19,FALSE,FALSE,38216,,,,FALSE,,TRUE,{},TRUE,200,FALSE,FALSE
381,Incoming PO 90,incoming_po_61_90,product,str,FALSE,FALSE,FALSE,20,FALSE,FALSE,38217,,,,FALSE,,TRUE,{},TRUE,200,FALSE,FALSE
381,Allocated Reserve,allocated_reserve,product,int,FALSE,FALSE,FALSE,12,FALSE,FALSE,38298,,,,FALSE,,TRUE,{},TRUE,200,FALSE,FALSE
381,User Reserve (In Packs),user_reserve,product,int,FALSE,TRUE,FALSE,13,FALSE,FALSE,38218,,,,FALSE,,TRUE,{},TRUE,200,FALSE,FALSE
381,User Reserve (In %),user_reserve_percentage,product,percentage,FALSE,TRUE,FALSE,14,FALSE,FALSE,38219,,,,FALSE,,TRUE,{},TRUE,200,FALSE,FALSE
381,Total Units Reserved,total_units_reserved,product,str,FALSE,FALSE,FALSE,15,FALSE,FALSE,38220,,,,FALSE,,TRUE,{},TRUE,200,FALSE,FALSE
381,Reservation Till Date,reservation_till_date,product,datetime,FALSE,TRUE,FALSE,17,FALSE,FALSE,38221,,,,FALSE,,TRUE,"{""disablePast"":true}",TRUE,200,FALSE,FALSE
381,Last Updated By,updated_by,product,str,FALSE,FALSE,FALSE,21,FALSE,FALSE,38222,,,,FALSE,,TRUE,{},TRUE,200,FALSE,FALSE
381,Comment,comment,store,str,FALSE,TRUE,FALSE,22,FALSE,FALSE,38110,,,,FALSE,,TRUE,{},TRUE,200,FALSE,FALSE
381,Pack ID,pack_type_id,product,str,FALSE,FALSE,FALSE,3,FALSE,FALSE,38208,,,,FALSE,,TRUE,{},TRUE,200,FALSE,FALSE
381,Net DC Available,net_dc_available,product,str,FALSE,FALSE,FALSE,16,FALSE,FALSE,38214,,,,FALSE,,TRUE,{},TRUE,200,FALSE,FALSE
381,DC OH,dc_oh,product,int,FALSE,FALSE,FALSE,11,FALSE,FALSE,38209,,,,FALSE,,TRUE,{},TRUE,200,FALSE,FALSE
381,Pack Units,units_in_pack,Inventory,int,FALSE,FALSE,FALSE,10,FALSE,FALSE,38223,,,,FALSE,,TRUE,{},TRUE,200,FALSE,FALSE
120,Master SKU ID,article,Product,str,FALSE,FALSE,FALSE,1.0,FALSE,FALSE,120_style_style_Product,321017,,,FALSE,,TRUE,{},FALSE,200,FALSE,FALSE
120,Master SKU Information,master_sku_info,Custom,str,FALSE,FALSE,FALSE,1.5,FALSE,FALSE,321017,,,,FALSE,,TRUE,{},FALSE,200,FALSE,FALSE
120,Master SKU Description,product_description,Product,str,FALSE,FALSE,FALSE,2.0,FALSE,FALSE,120_style_description_style_description_Product,321017,,,FALSE,,TRUE,"{""enableColumnExpand"": true, ""columnGroupShow"": ""open""}",FALSE,200,FALSE,FALSE
120,Primary Trait,primary_trait_desc,Product,str,FALSE,FALSE,FALSE,4.0,FALSE,FALSE,120_primary_trait_desc,321017,,,FALSE,,TRUE,"{""enableColumnExpand"": true, ""columnGroupShow"": ""open""}",FALSE,200,FALSE,FALSE
120,Buyer,l2_name,Product,str,FALSE,FALSE,FALSE,4.0,FALSE,FALSE,120_brand_brand_Product,321017,,,FALSE,,TRUE,"{""enableColumnExpand"": true, ""columnGroupShow"": ""open""}",FALSE,200,FALSE,FALSE
120,Department,l3_name,Product,str,FALSE,FALSE,FALSE,5.0,FALSE,FALSE,120_sbu_sbu_Product,321017,,,FALSE,,TRUE,"{""enableColumnExpand"": true, ""columnGroupShow"": ""open""}",FALSE,200,FALSE,FALSE
120,Class,l4_name,Product,str,FALSE,FALSE,FALSE,6.0,FALSE,FALSE,120_department_department_Product,321017,,,FALSE,,TRUE,"{""enableColumnExpand"": true, ""columnGroupShow"": ""open""}",FALSE,200,FALSE,FALSE
120,Subclass,l5_name,Product,str,FALSE,FALSE,FALSE,7.0,FALSE,FALSE,120_collection_total_collection_total_Product,321017,,,FALSE,,TRUE,"{""enableColumnExpand"": true, ""columnGroupShow"": ""open""}",FALSE,200,FALSE,FALSE
120,Product Type,product_type,Product,str,FALSE,FALSE,FALSE,8.0,FALSE,FALSE,120_product_life_cycle_product_life_cycle_Product,321017,,,FALSE,,TRUE,"{""enableColumnExpand"": true, ""columnGroupShow"": ""open""}",FALSE,200,FALSE,FALSE
120,Product Status,item_status,Product,str,FALSE,FALSE,FALSE,8.0,FALSE,FALSE,120_item_status,321017,,,FALSE,,TRUE,"{""enableColumnExpand"": true, ""columnGroupShow"": ""open""}",FALSE,200,FALSE,FALSE
120,Launch Date,launch_date,Product,datetime,FALSE,FALSE,FALSE,9.0,FALSE,FALSE,120_launch_date_launch_date_Product,,,,FALSE,,TRUE,{},FALSE,200,FALSE,FALSE
120,Last Allocated,last_allocated,Custom,date,FALSE,FALSE,FALSE,10.0,FALSE,FALSE,120_last_allocated_last_allocated_Product,,,MM-DD-YYYY,FALSE,,FALSE,{},FALSE,200,FALSE,FALSE
120,Demand Type,demand_type,Custom,list,FALSE,TRUE,FALSE,11.0,FALSE,FALSE,120_demand_type_demand_type_Product,,,,FALSE,,FALSE,"{""options"": [{""label"": ""Fixed"",""value"": ""Fixed""},{""label"": ""IA Forecast"",""value"": ""IA""}]}",FALSE,200,FALSE,FALSE
120,Planned WOS,wos,Custom,float,FALSE,FALSE,FALSE,13.0,FALSE,FALSE,120_fwos_fwos_Product,,,,FALSE,,FALSE,{},FALSE,200,FALSE,FALSE
120,Product Profile,product_profiles,Custom,dynamic-list,FALSE,TRUE,FALSE,15.0,FALSE,FALSE,120_product_profile_product_profile_Product,,,,FALSE,,FALSE,"{""options_column"": ""product_profiles_options""}",FALSE,200,FALSE,FALSE
120,Size Profile,sizes,Custom,dynamic-list,FALSE,TRUE,FALSE,16.0,FALSE,FALSE,120_size_profile_size_profile_Product,,,,FALSE,,FALSE,"{""options_column"": ""sizes_options"", ""is_multi"": true, ""width"": 200}",FALSE,200,FALSE,FALSE
120,Store Eligibility Groups,store_groups,Custom,dynamic-list,FALSE,TRUE,FALSE,17.0,FALSE,FALSE,120_store_eligibility_groups_store_eligibility_groups_Product,,,,FALSE,,FALSE,"{""options_column"": ""store_groups_options"", ""is_multi"": true}",FALSE,200,FALSE,FALSE
120,No. Eligible Stores,mapped_stores_count,Custom,str,FALSE,FALSE,FALSE,18.0,FALSE,FALSE,120_no_eligible_stores_no_eligible_stores_Product,,,,FALSE,,FALSE,{},FALSE,200,FALSE,FALSE
120,DC,dcs,Custom,dynamic-list,FALSE,TRUE,FALSE,19.0,FALSE,FALSE,120_dcs_Product,,,,FALSE,,FALSE,"{""options_column"": ""dcs_options"", ""is_multi"": true}",FALSE,200,FALSE,FALSE
120,Beginning Available To Allocate OH (Eaches),beginning_available_to_allocate_eaches_oh,Custom,int,FALSE,FALSE,FALSE,19.0,FALSE,FALSE,120_beginning_available_to_allocate_eaches_beginning_available_to_allocate_eaches_oh_Product,,,,FALSE,,FALSE,{},FALSE,200,FALSE,FALSE
120,Beginning Available To Allocate OH + OO (Eaches),beginning_available_to_allocate_eaches_oh_oo,Custom,int,FALSE,FALSE,FALSE,19.0,FALSE,FALSE,120_beginning_available_to_allocate_eaches_beginning_available_to_allocate_eaches_oh_oo_Product,,,,FALSE,,FALSE,{},FALSE,200,FALSE,FALSE
120,Beginning Available To Allocate OH + OO (Packs),beginning_available_to_allocate_packs_oh_oo,Custom,int,FALSE,FALSE,FALSE,20.0,FALSE,FALSE,120_beginning_available_to_allocate_packs_beginning_available_to_allocate_packs_oh_oo_Product,,,,FALSE,,FALSE,{},FALSE,200,FALSE,FALSE
120,Beginning Available To Allocate OH (Packs),beginning_available_to_allocate_packs_oh,Custom,int,FALSE,FALSE,FALSE,20.0,FALSE,FALSE,120_beginning_available_to_allocate_packs_beginning_available_to_allocate_packs_oh_Product,,,,FALSE,,FALSE,{},FALSE,200,FALSE,FALSE
120,DC Inv (OH + OO),oh_oo,Custom,int,FALSE,FALSE,FALSE,21.0,FALSE,FALSE,120_dc_inv_on_hand_oo_dc_inv_on_hand_oo_Product,,,,FALSE,,FALSE,{},FALSE,200,FALSE,FALSE
120,DC Inv On Hand,oh,Custom,int,FALSE,FALSE,FALSE,21.0,FALSE,FALSE,120_dc_inv_on_hand_dc_inv_on_hand_Product,,,,FALSE,,FALSE,{},FALSE,200,FALSE,FALSE
120,Reserve Quantity At DC,reserve_quantity,Custom,int,FALSE,FALSE,FALSE,23.0,FALSE,FALSE,120_reserve_quantity_at_dc_reserve_quantity_at_dc_Product,,,,FALSE,,FALSE,{},FALSE,200,FALSE,FALSE
120,Allocation Reserve Quantity,allocated_units,Custom,int,FALSE,FALSE,FALSE,24.0,FALSE,FALSE,120_allocation_reserve_quantity_allocation_reserve_quantity_Product,,,,FALSE,,FALSE,{},FALSE,200,FALSE,FALSE
120,Inv. Source,inventory_source,Custom,list,FALSE,TRUE,FALSE,25.0,FALSE,FALSE,120_inv_source_inv_source_Product,,,,FALSE,,FALSE,"{""dc"": {""options"": [{""label"": ""DC Inv. OH"",""value"": ""on_hand""},{""label"": ""DC Inv. OH + OO"",""value"": ""oh_oo""}]},""po"": {""options"": [{""label"": ""PO"",""value"": ""po""}]},""options"": [{""label"": ""DC Inv. OH"",""value"": ""on_hand""},{""label"": ""DC Inv. OH + OO"",""value"": ""oh_oo""}]}",FALSE,200,FALSE,FALSE
120,Current Available To Allocate OH,net_available_inventory_oh,Custom,int,FALSE,FALSE,FALSE,26.0,FALSE,FALSE,120_current_available_to_allocate_eaches_current_available_to_allocate_oh_Product,,,,FALSE,,FALSE,{},FALSE,200,FALSE,FALSE
120,Current Available To Allocate OH + OO,net_available_inventory_oh_oo,Custom,int,FALSE,FALSE,FALSE,26.0,FALSE,FALSE,120_current_available_to_allocate_eaches_current_available_to_allocate_oh_oo_Product,,,,FALSE,,FALSE,{},FALSE,200,FALSE,FALSE
120,In Stock %,in_stock_perc,AID,percentage,FALSE,FALSE,FALSE,30.0,FALSE,FALSE,120_in_stock_in_stock_Product,,,roundOff,FALSE,,FALSE,"{
  ""format"": ""ROUND(CAST(CASE WHEN COUNT(*) != 0 THEN COUNT(CASE WHEN in_stock = 1 THEN 1 ELSE NULL END) / CAST(COUNT(*) AS FLOAT) ELSE 0 END AS NUMERIC), 2)""
}",FALSE,200,FALSE,FALSE
120,LW Sales Units,lw_units,AID,dollar,FALSE,FALSE,FALSE,31.0,FALSE,FALSE,120_lw_sales_units_lw_sales_units_Product,,,roundOff,FALSE,,FALSE,"{
  ""isHyphenDisplayedForEmpty"": true,
  ""format"": ""CAST(ROUND(SUM(COALESCE(lw_units, 0))) AS INTEGER)""
}",FALSE,200,FALSE,FALSE
120,LW Sales $,lw_revenue,AID,dollar,FALSE,FALSE,FALSE,32.0,FALSE,FALSE,120_lw_sales_lw_sales_Product,,,roundOff,FALSE,,FALSE,"{
  ""isHyphenDisplayedForEmpty"": true,
  ""format"": ""CAST(ROUND(SUM(COALESCE(lw_revenue, 0))) AS INTEGER)""
}",FALSE,200,FALSE,FALSE
120,LW Sales Margin,lw_margin,AID,int,FALSE,FALSE,FALSE,33.0,FALSE,FALSE,120_lw_sales_margin_lw_sales_margin_Product,,,,FALSE,,FALSE,"{
  ""isHyphenDisplayedForEmpty"": true,
  ""format"":""CAST(ROUND(SUM(COALESCE(lw_margin, 0))) AS INTEGER)""
}",FALSE,200,FALSE,FALSE
120,Discount Percentage,discount,AID,percentage,FALSE,FALSE,FALSE,34.0,FALSE,FALSE,120_discount_percentage_discount_percentage_Product,,,roundOff,FALSE,,FALSE,"{
  ""format"": ""ROUND(CAST(COALESCE(COALESCE(SUM(msrp*discount)/NULLIF(SUM(msrp), 0), 0), 0) AS NUMERIC), 2)""
}",FALSE,200,FALSE,FALSE
120,AUR,price,AID,str,FALSE,FALSE,FALSE,35.0,FALSE,FALSE,120_aur_aur_Product,,,,FALSE,,FALSE,"{
  ""isHyphenDisplayedForEmpty"": true,
  ""format"":""round(coalesce((sum(lw_revenue) / nullif( sum(lw_units), 0 )),0)::decimal,2)""
}",FALSE,200,FALSE,FALSE
120,User Defined Inv. In %,user_def_inv_perc,Custom,int,FALSE,TRUE,FALSE,36.0,FALSE,FALSE,120_user_defined_inv_in_user_defined_inv_in_Product,,,,FALSE,,FALSE,"{""min"": 0,""max"": 100}",FALSE,200,FALSE,FALSE
120,Fixed Inv. Push,user_def_inv,Custom,int,FALSE,TRUE,FALSE,37.0,FALSE,FALSE,120_fixed_inv_push_fixed_inv_push_Product,,,,FALSE,,FALSE,{},FALSE,200,FALSE,FALSE
4002,Max Stock,max_stock,Product,int,FALSE,FALSE,FALSE,4,FALSE,TRUE,40024,,,,FALSE,,TRUE,{},TRUE,200,FALSE,FALSE
4002,Min Stock,min_stock,Product,int,FALSE,FALSE,FALSE,3,FALSE,TRUE,40023,,,,FALSE,,TRUE,{},TRUE,200,FALSE,FALSE
4002,Store Code,store_code,Store,str,TRUE,FALSE,FALSE,1,FALSE,TRUE,40021,,,,FALSE,,TRUE,{},TRUE,200,FALSE,FALSE
4002,WOS,wos,Product,int,FALSE,FALSE,FALSE,2,FALSE,TRUE,40022,,,,FALSE,,TRUE,{},TRUE,200,FALSE,FALSE
510,Rule ID,rule_code,product,str,TRUE,FALSE,FALSE,1,,FALSE,50540,,,,FALSE,,TRUE,{},FALSE,200,FALSE,FALSE
510,Rule Creation Level,rcl_code,product,str,TRUE,FALSE,FALSE,2,,FALSE,50541,,,,FALSE,,TRUE,{},FALSE,200,FALSE,FALSE
510,Rule Name,rule_name,product,str,FALSE,FALSE,FALSE,3,,FALSE,50542,,,,FALSE,,TRUE,{},FALSE,200,FALSE,FALSE
510,Division,l0_name,product,str,FALSE,FALSE,FALSE,4,,FALSE,50543,,,,FALSE,,TRUE,{},FALSE,200,FALSE,FALSE
510,Group,l1_name,product,str,FALSE,FALSE,FALSE,5,,FALSE,50544,,,,FALSE,,TRUE,{},FALSE,200,FALSE,FALSE
510,Buyer,l2_name,product,str,FALSE,FALSE,FALSE,6,,FALSE,50545,,,,FALSE,,TRUE,{},FALSE,200,FALSE,FALSE
510,Department,l3_name,product,str,FALSE,FALSE,FALSE,7,,FALSE,50546,,,,FALSE,,TRUE,{},FALSE,200,FALSE,FALSE
510,Primary Trait,primary_trait_desc,product,str,FALSE,FALSE,FALSE,8,,FALSE,50547,,,,FALSE,,TRUE,{},FALSE,200,FALSE,FALSE
510,Class,l4_name,product,str,FALSE,FALSE,FALSE,9,,FALSE,50548,,,,FALSE,,TRUE,{},FALSE,200,FALSE,FALSE
510,Subclass,l5_name,product,str,FALSE,FALSE,FALSE,10,,FALSE,50549,,,,FALSE,,TRUE,{},FALSE,200,FALSE,FALSE
510,Master SKU ID,article,product,str,FALSE,FALSE,FALSE,11,,FALSE,50550,,,,FALSE,,TRUE,{},FALSE,200,FALSE,FALSE
510,Color,color_desc,product,str,FALSE,FALSE,FALSE,12,,FALSE,50551,,,,FALSE,,TRUE,{},FALSE,200,FALSE,FALSE
510,Product Type,product_type,product,str,FALSE,FALSE,FALSE,13,,FALSE,50552,,,,FALSE,,TRUE,{},FALSE,200,FALSE,FALSE
510,Product Status,item_status,product,str,FALSE,FALSE,FALSE,14,,FALSE,50553,,,,FALSE,,TRUE,{},FALSE,200,FALSE,FALSE
508,Channel,channel,Store,str,FALSE,FALSE,FALSE,1,FALSE,FALSE,50801,,,,FALSE,,TRUE,{},TRUE,200,FALSE,FALSE
508,District,district,Store,str,FALSE,FALSE,FALSE,4,FALSE,FALSE,50804,,,,FALSE,,TRUE,{},TRUE,200,FALSE,FALSE
508,Region,region,Store,str,FALSE,FALSE,FALSE,2,FALSE,FALSE,50802,,,,FALSE,,TRUE,{},TRUE,200,FALSE,FALSE
508,State,state,Store,str,FALSE,FALSE,FALSE,3,FALSE,FALSE,50803,,,,FALSE,,TRUE,{},TRUE,200,FALSE,FALSE
508,Store Code,store_code,Store,str,FALSE,FALSE,FALSE,5,FALSE,FALSE,50805,,,,FALSE,,TRUE,{},TRUE,200,FALSE,FALSE
508,Store Name,store_name,Store,str,FALSE,FALSE,FALSE,6,FALSE,FALSE,50806,,,,FALSE,,TRUE,{},TRUE,200,FALSE,FALSE
508,Store Tier,store_tier,Store,str,FALSE,FALSE,FALSE,7,FALSE,FALSE,50807,,,,FALSE,,TRUE,{},TRUE,200,FALSE,FALSE
508,Store Layout,store_attribute_1,Store,str,FALSE,FALSE,FALSE,8,FALSE,FALSE,50808,,,,FALSE,,TRUE,{},TRUE,200,FALSE,FALSE
506,Rule ID,rule_code,product,str,TRUE,FALSE,FALSE,1,,FALSE,50601,,,,FALSE,,TRUE,{},FALSE,200,FALSE,FALSE
506,Rule Creation Level,rcl_code,product,str,TRUE,FALSE,FALSE,2,,FALSE,50602,,,,FALSE,,TRUE,{},FALSE,200,FALSE,FALSE
506,Rule Name,rule_name,product,str,FALSE,FALSE,FALSE,2.2,,FALSE,50603,,,,FALSE,,TRUE,{},FALSE,200,FALSE,FALSE
506,Exception Rule Name,exception_rule_name,product,str,TRUE,TRUE,FALSE,2.4,,FALSE,50698,,,,FALSE,,FALSE,{},FALSE,200,FALSE,FALSE
506,Division,l0_name,product,str,FALSE,FALSE,FALSE,3.1,,FALSE,50604,,,,FALSE,,TRUE,{},FALSE,200,FALSE,FALSE
506,Group,l1_name,product,str,FALSE,FALSE,FALSE,3.2,,FALSE,50605,,,,FALSE,,TRUE,{},FALSE,200,FALSE,FALSE
506,Buyer,l2_name,product,str,FALSE,FALSE,FALSE,4,,FALSE,50606,,,,FALSE,,TRUE,{},FALSE,200,FALSE,FALSE
506,Department,l3_name,product,str,FALSE,FALSE,FALSE,5,,FALSE,50607,,,,FALSE,,TRUE,{},FALSE,200,FALSE,FALSE
506,Primary Trait,primary_trait_desc,product,str,FALSE,FALSE,FALSE,6,,FALSE,50608,,,,FALSE,,TRUE,{},FALSE,200,FALSE,FALSE
506,Class,l4_name,product,str,FALSE,FALSE,FALSE,7,,FALSE,50609,,,,FALSE,,TRUE,{},FALSE,200,FALSE,FALSE
506,Subclass,l5_name,product,str,FALSE,FALSE,FALSE,8,,FALSE,50610,,,,FALSE,,TRUE,{},FALSE,200,FALSE,FALSE
506,Master SKU ID,article,product,str,FALSE,FALSE,FALSE,9,,FALSE,50611,,,,FALSE,,TRUE,{},FALSE,200,FALSE,FALSE
506,Color,color_desc,product,str,FALSE,FALSE,FALSE,10,,FALSE,50612,,,,FALSE,,TRUE,{},FALSE,200,FALSE,FALSE
506,Product Type,product_type,product,str,FALSE,FALSE,FALSE,11,,FALSE,50613,,,,FALSE,,TRUE,{},FALSE,200,FALSE,FALSE
506,Product Status,item_status,product,str,FALSE,FALSE,FALSE,12,,FALSE,50614,,,,FALSE,,TRUE,{},FALSE,200,FALSE,FALSE
506,Store Code,store_code,product,str,FALSE,FALSE,FALSE,12.1,,FALSE,50626,,,,FALSE,,TRUE,{},FALSE,200,FALSE,FALSE
506,Updated By,user,Product,str,FALSE,FALSE,FALSE,14,FALSE,TRUE,50616,,FALSE,FALSE,FALSE,FALSE,FALSE,{},FALSE,200,FALSE,FALSE
506,Last Modified,updated_at,Product,datetime,FALSE,FALSE,FALSE,15,,TRUE,50617,,FALSE,MM-DD-YYYY,FALSE,FALSE,FALSE,"{""dateFormat"": ""MM-DD-YYYY""}",FALSE,200,FALSE,FALSE
506,Min,min_stock,product,int,FALSE,TRUE,FALSE,16,,FALSE,50620,,,,FALSE,,FALSE,"{""dynamicMaxKey"": ""max_stock"",""dynamicMinMaxOnBlur"": true,""typeFormat"": ""number"",""width"": 250}",FALSE,200,FALSE,FALSE
506,Max,max_stock,product,int,FALSE,TRUE,FALSE,17,,FALSE,50619,,,,FALSE,,FALSE,"{""dynamicMinKey"": ""min_stock"",""dynamicMinMaxOnBlur"": true,""typeFormat"": ""number"",""noNullValues"": true,""width"": 250}",FALSE,200,FALSE,FALSE
506,WOS,wos,product,int,FALSE,TRUE,FALSE,18,,FALSE,50618,,,,FALSE,,FALSE,"{ ""min"": 0, ""max"": 52 }",FALSE,200,FALSE,FALSE
506,Start Date,start_date,product,datetime,FALSE,TRUE,FALSE,19,,FALSE,50621,,,,FALSE,,FALSE,"{""dateFormat"": ""MM-DD-YYYY""}",FALSE,200,FALSE,FALSE
506,End Date,end_date,product,datetime,FALSE,TRUE,FALSE,20,,FALSE,50622,,,,FALSE,,FALSE,"{""dateFormat"": ""MM-DD-YYYY""}",FALSE,200,FALSE,FALSE
506,Action,action,product,action,FALSE,FALSE,FALSE,21,,FALSE,50625,,,,FALSE,,FALSE,{},FALSE,200,FALSE,FALSE
122,Master SKU Information,master_sku_info,Product,str,FALSE,FALSE,FALSE,1.5,FALSE,FALSE,321050,,,,FALSE,,TRUE,{},TRUE,300,FALSE,FALSE
122,Master SKU ID,article,Product,str,TRUE,FALSE,FALSE,1,FALSE,FALSE,122010,,,,FALSE,,TRUE,{},TRUE,300,FALSE,FALSE
122,Master SKU Description,style_description,Product,str,FALSE,FALSE,FALSE,2,FALSE,FALSE,1220057,321050,,,FALSE,,TRUE,{},TRUE,300,FALSE,FALSE
122,Buyer,l2_name,Product,str,FALSE,FALSE,FALSE,16,FALSE,FALSE,1220091,321050,,,FALSE,,TRUE,"{""enableColumnExpand"": true, ""columnGroupShow"": ""open""}",TRUE,300,FALSE,FALSE
122,Primary Trait,primary_trait_desc,Product,str,FALSE,FALSE,FALSE,17,FALSE,FALSE,122008,321050,,,FALSE,,TRUE,"{""enableColumnExpand"": true, ""columnGroupShow"": ""open""}",TRUE,300,FALSE,FALSE
122,Department,l3_name,Product,str,FALSE,FALSE,FALSE,18,FALSE,FALSE,122018,321050,,,FALSE,,TRUE,"{""enableColumnExpand"": true, ""columnGroupShow"": ""open""}",TRUE,300,FALSE,FALSE
122,Class,l4_name,Product,str,FALSE,FALSE,FALSE,19,FALSE,FALSE,122007,321050,,,FALSE,,TRUE,"{""enableColumnExpand"": true, ""columnGroupShow"": ""open""}",TRUE,300,FALSE,FALSE
122,Subclass,l5_name,Product,str,FALSE,FALSE,FALSE,20,FALSE,FALSE,122006,321050,,,FALSE,,TRUE,"{""enableColumnExpand"": true, ""columnGroupShow"": ""open""}",TRUE,300,FALSE,FALSE
122,Product Type,product_type,Product,str,FALSE,FALSE,FALSE,22,FALSE,FALSE,122004,321050,,,FALSE,,TRUE,"{""enableColumnExpand"": true, ""columnGroupShow"": ""open""}",TRUE,300,FALSE,FALSE
122,Product Status,item_status,Product,str,FALSE,FALSE,FALSE,23,FALSE,FALSE,122003,321050,,,FALSE,,TRUE,"{""enableColumnExpand"": true, ""columnGroupShow"": ""open""}",TRUE,300,FALSE,FALSE
122,Product Tag,product_tag,Product,str,FALSE,FALSE,FALSE,24,FALSE,FALSE,323014,,,,FALSE,,TRUE,{},TRUE,300,FALSE,FALSE
122,Sales Performance,Sales Performance,Product,int,FALSE,FALSE,FALSE,25,FALSE,FALSE,122013,,,,FALSE,,TRUE,{},TRUE,300,FALSE,FALSE
122,LW Units,lw_units,Product,int,FALSE,FALSE,FALSE,25.1,FALSE,FALSE,122014,122013,,roundOff,FALSE,,FALSE,{},TRUE,300,FALSE,FALSE
122,LW Revenue,lw_revenue,Product,int,FALSE,FALSE,FALSE,25.2,FALSE,FALSE,122015,122013,,roundOff,FALSE,,FALSE,{},TRUE,300,FALSE,FALSE
122,LW Margin,lw_margin,Product,int,FALSE,FALSE,FALSE,25.3,FALSE,FALSE,122016,122013,,roundOff,FALSE,,FALSE,{},TRUE,300,FALSE,FALSE
122,Promo %,promo_percentage,Product,progress-bar,FALSE,FALSE,FALSE,25.4,FALSE,FALSE,122017,122013,,roundOff,FALSE,,FALSE,"{""multiplier"": true}",TRUE,300,FALSE,FALSE
122,Sales Last 8 Weeks,sales_last_8_weeks,Product,table-chart,FALSE,FALSE,FALSE,25.5,FALSE,FALSE,323001,122013,,,FALSE,,TRUE,"{""plotType"": ""line"", ""dataLabels"": [""-W8"", ""-W7"", ""-W6"", ""-W5"", ""-W4"", ""-W3"", ""-W2"", ""-W1""]}",TRUE,200,FALSE,FALSE
122,Sales - WTD vs LW,sales_cw_vs_lw,Product,table-chart,FALSE,FALSE,FALSE,25.6,FALSE,FALSE,323002,122013,,,FALSE,,TRUE,"{""plotType"": ""bar"", ""dataLabels"": [""Last Week"", ""This Week""]}",TRUE,200,FALSE,FALSE
122,Store Inventory,Store Inventory,Product,int,FALSE,FALSE,FALSE,26,FALSE,FALSE,122023,,,roundOff,FALSE,,TRUE,{},TRUE,300,FALSE,FALSE
122,Store OH,oh,Product,int,FALSE,FALSE,FALSE,26.1,FALSE,FALSE,122024,122023,,roundOff,FALSE,,FALSE,{},TRUE,300,FALSE,FALSE
122,In Transit To Store,it,Product,int,FALSE,FALSE,FALSE,26.2,FALSE,FALSE,122025,122023,,roundOff,FALSE,,FALSE,{},TRUE,300,FALSE,FALSE
122,Store On Order,oo,Product,int,FALSE,FALSE,FALSE,26.3,FALSE,FALSE,122026,122023,,roundOff,FALSE,,FALSE,{},TRUE,300,FALSE,FALSE
122,Total Store Inventory,tot_inv,Product,int,FALSE,FALSE,FALSE,26.4,FALSE,FALSE,122027,122023,,roundOff,FALSE,,FALSE,{},TRUE,300,FALSE,FALSE
122,WOS (Store),WOS (Store),Product,int,FALSE,FALSE,FALSE,27,FALSE,FALSE,122033,,,,FALSE,,TRUE,{},TRUE,300,FALSE,FALSE
122,WOS (OH),wos_oh,Product,int,FALSE,FALSE,FALSE,27.1,FALSE,FALSE,122034,122033,,,FALSE,,FALSE,{},TRUE,300,FALSE,FALSE
122,WOS (OH + OO),wos_oh_oo,Product,int,FALSE,FALSE,FALSE,27.2,FALSE,FALSE,122035,122033,,roundOff,FALSE,,FALSE,{},TRUE,300,FALSE,FALSE
122,WOS (OH + OO + IT),wos_oh_oo_it,Product,int,FALSE,FALSE,FALSE,27.3,FALSE,FALSE,122036,122033,,roundOff,FALSE,,FALSE,{},TRUE,300,FALSE,FALSE
122,DC Inventory (Available To Allocate),DC Inventory (Available To Allocate),Product,int,FALSE,FALSE,FALSE,28,FALSE,FALSE,122043,,,,FALSE,,TRUE,{},TRUE,300,FALSE,FALSE
122,DC ATA (Eaches),ata_eaches,Product,int,FALSE,FALSE,FALSE,28.1,FALSE,FALSE,122044,122043,,,FALSE,,FALSE,{},TRUE,300,FALSE,FALSE
122,DC ATA (Packs),ata_packs,Product,int,FALSE,FALSE,FALSE,28.2,FALSE,FALSE,122045,122043,,roundOff,FALSE,,FALSE,{},TRUE,300,FALSE,FALSE
122,DC ATA (Total),ata_total,Product,int,FALSE,FALSE,FALSE,28.3,FALSE,FALSE,122046,122043,,roundOff,FALSE,,FALSE,{},TRUE,300,FALSE,FALSE
122,DC Inventory,DC Inventory,Product,int,FALSE,FALSE,FALSE,29,FALSE,FALSE,122057,,,,FALSE,,TRUE,{},TRUE,300,FALSE,FALSE
122,DC OH,dc_oh,Product,int,FALSE,FALSE,FALSE,29.1,FALSE,FALSE,122053,122057,,,FALSE,,FALSE,{},TRUE,300,FALSE,FALSE
122,DC OO,dc_oo,Product,int,FALSE,FALSE,FALSE,29.2,FALSE,FALSE,122054,122057,,roundOff,FALSE,,FALSE,{},TRUE,300,FALSE,FALSE
122,DC IT,dc_it,Product,int,FALSE,FALSE,FALSE,29.3,FALSE,FALSE,122055,122057,,roundOff,FALSE,,FALSE,{},TRUE,300,FALSE,FALSE
122,DC (OH + OO + IT),dc_oo_oh_it,Product,int,FALSE,FALSE,FALSE,29.4,FALSE,FALSE,122056,122057,,roundOff,FALSE,,FALSE,{},TRUE,300,FALSE,FALSE
122,Current WOS (OH),cwos,Store,cell-tag,FALSE,FALSE,FALSE,30,FALSE,FALSE,323015,,,,FALSE,,TRUE,"{""badgeLabel"": ""Target WOS""}",TRUE,200,FALSE,FALSE
122,Store Inv. Snapshot,snapshot,Store,box-plot,FALSE,FALSE,FALSE,31,FALSE,FALSE,323016,,,,FALSE,,TRUE,{},FALSE,200,FALSE,FALSE
122,Store Count,Store Count,Store,str,FALSE,FALSE,FALSE,32,FALSE,FALSE,12229,,,,FALSE,,FALSE,{},FALSE,200,FALSE,FALSE
122,Stockout,stockout,Store,link,FALSE,TRUE,FALSE,33,FALSE,FALSE,12230,12229,,roundOff,FALSE,,FALSE,{},TRUE,200,FALSE,FALSE
122,Shortfall,shortfall,Store,link,FALSE,TRUE,FALSE,34,FALSE,FALSE,12231,12229,,roundOff,FALSE,,FALSE,{},TRUE,200,FALSE,FALSE
122,Normal,normal,Store,link,FALSE,TRUE,FALSE,35,FALSE,FALSE,12232,12229,,roundOff,FALSE,,FALSE,{},TRUE,200,FALSE,FALSE
122,Excess,excess,Store,link,FALSE,TRUE,FALSE,36,FALSE,FALSE,12233,12229,,roundOff,FALSE,,FALSE,{},TRUE,200,FALSE,FALSE
122,Last Allocated,last_allocated,Product,date,FALSE,FALSE,FALSE,37,FALSE,FALSE,122_last_allocated_last_allocated_Product,,,,FALSE,,FALSE,{},TRUE,200,FALSE,FALSE
122,Instock %,in_stock,Store,progress-bar,FALSE,FALSE,FALSE,38,FALSE,FALSE,323017,,,roundOff,FALSE,,FALSE,{},FALSE,200,FALSE,FALSE
130,Buyer,l2_name,product,str,false,false,false,2.0,false,false,"323003","323000",,,false,,true,"{""enableColumnExpand"": true, ""columnGroupShow"": ""open"", ""be_configs"": {""is_in_group_by_clause"": true}}",true,200,false,false
130,Primary Trait,primary_trait_desc,product,str,false,false,false,3.0,false,false,"323004","323000",,,false,,true,"{""enableColumnExpand"": true, ""columnGroupShow"": ""open"", ""be_configs"": {""is_in_group_by_clause"": true}}",true,200,false,false
130,Master SKU ID,article,product,str,false,false,false,4.0,false,false,"323008","323000",,,false,,true,"{""be_configs"": {""is_in_group_by_clause"": true}}",true,200,false,false
130,Master SKU Description,style_description,product,str,false,false,false,5.0,false,false,"323011","323000",,,false,,true,"{""be_configs"": {""is_in_group_by_clause"": true}}",true,200,false,false
130,Master SKU Status,article_status,product,str,false,false,false,6.0,false,false,"323013","323000",,,false,,true,"{""enableColumnExpand"": true, ""columnGroupShow"": ""open"", ""be_configs"": {""is_in_group_by_clause"": true}}",true,200,false,false
130,Department,l3_name,product,str,false,false,false,7.0,false,false,"323005","323000",,,false,,true,"{""enableColumnExpand"": true, ""columnGroupShow"": ""open"", ""be_configs"": {""is_in_group_by_clause"": true}}",true,200,false,false
130,Class,l4_name,product,str,false,false,false,8.0,false,false,"323006","323000",,,false,,true,"{""enableColumnExpand"": true, ""columnGroupShow"": ""open"", ""be_configs"": {""is_in_group_by_clause"": true}}",true,200,false,false
130,Sub Class,l5_name,product,str,false,false,false,9.0,false,false,"323007","323000",,,false,,true,"{""enableColumnExpand"": true, ""columnGroupShow"": ""open"", ""be_configs"": {""is_in_group_by_clause"": true}}",true,200,false,false
130,Product Type,product_type,product,str,false,false,false,10.0,false,false,"323009","323000",,,false,,true,"{""enableColumnExpand"": true, ""columnGroupShow"": ""open"", ""be_configs"": {""is_in_group_by_clause"": true}}",true,200,false,false
130,Product Status,item_status,product,str,false,false,false,11.0,false,false,"323010","323000",,,false,,true,"{""enableColumnExpand"": true, ""columnGroupShow"": ""open"", ""be_configs"": {""is_in_group_by_clause"": true}}",true,200,false,false
130,Launch Date,launch_date,product,date,false,false,false,12.0,false,false,"323012","323000",,,false,,true,"{""enableColumnExpand"": true, ""columnGroupShow"": ""open"", ""be_configs"": {""is_in_group_by_clause"": true}}",true,200,false,false
130,Store ID,store_code,product,int,false,false,false,19.0,false,false,"322018","322017",,,false,,true,"{""be_configs"": {""is_in_group_by_clause"": true}}",true,200,false,false
130,Store Name,store_name,product,str,false,false,false,20.0,false,false,"322019","322017",,,false,,true,"{""be_configs"": {""is_in_group_by_clause"": true}}",true,200,false,false
130,Channel,channel,product,str,false,false,false,21.0,false,false,"322020","322017",,,false,,true,"{""enableColumnExpand"": true, ""columnGroupShow"": ""open"", ""be_configs"": {""is_in_group_by_clause"": true}}",true,200,false,false
130,Store Tier,store_tier,product,str,false,false,false,25.0,false,false,"322024","322017",,,false,,true,"{""enableColumnExpand"": true, ""columnGroupShow"": ""open"", ""be_configs"": {""is_in_group_by_clause"": true}}",true,200,false,false
130,Store Format,store_attribute_1,product,int,false,false,false,26.0,false,false,"322025","322017",,,false,,true,"{""enableColumnExpand"": true, ""columnGroupShow"": ""open"", ""be_configs"": {""is_in_group_by_clause"": true}}",true,200,false,false
130,Store Status,article_store_status,product,str,false,false,false,26.5,false,false,"322015","322017",,,false,,true,"{""enableColumnExpand"": true, ""columnGroupShow"": ""open"", ""be_configs"": {""is_in_group_by_clause"": true}}",true,200,false,false
130,LW Units,lw_units,product,float,false,false,false,27.0,false,false,"322026",,,,false,,true,"{""enableColumnExpand"": true, ""columnGroupShow"": ""open"", ""be_configs"": {""sql_alias"": ""SUM(COALESCE(lw_units, 0)) AS lw_units""}}",true,200,false,false
130,LW Sales $,lw_revenue,product,float,false,false,false,27.5,false,false,"322016",,,,false,,true,"{""enableColumnExpand"": true, ""columnGroupShow"": ""open"", ""be_configs"": {""sql_alias"": ""SUM(COALESCE(lw_revenue, 0)) AS lw_revenue""}}",true,200,false,false
130,Store On Hand,oh,product,link,false,true,false,39.0,false,false,"322038",,,,false,,true,"{""be_configs"": {""sql_alias"": ""SUM(COALESCE(oh, 0)) AS oh""}}",true,200,false,false
130,Store In Transit,it,product,link,false,true,false,40.0,false,false,"322039",,,,false,,true,"{""be_configs"": {""sql_alias"": ""SUM(COALESCE(it, 0)) AS it""}}",true,200,false,false
130,Store On Order,oo,product,link,false,true,false,41.0,false,false,"322040",,,,false,,true,"{""be_configs"": {""sql_alias"": ""SUM(COALESCE(oo, 0)) AS oo""}}",true,200,false,false
130,Total Store Inventory,total_inv,product,link,false,true,false,42.0,false,false,"322041",,,,false,,true,"{""be_configs"": {""sql_alias"": ""SUM(COALESCE(total_inv, 0)) AS total_inv""}}",true,200,false,false
130,WOS DC (OH + OO + IT),dc_wos_oh_oo_it,product,int,false,false,false,29.0,false,false,"322028","322027",,,false,,true,"{""be_configs"": {""sql_alias"": ""ROUND(IFNULL(SAFE_DIVIDE(SUM(dc_wos_oh_oo_it*total_inv), SUM(ata)),0),2) AS dc_wos_oh_oo_it""}}",true,200,false,false
130,WOS DC (OH + OO),dc_wos_oh_oo,product,int,false,false,false,30.0,false,false,"322029","322027",,,false,,true,"{""be_configs"": {""sql_alias"": ""ROUND(IFNULL(SAFE_DIVIDE(SUM(dc_wos_oh_oo*total_inv), SUM(ata)),0),2) AS dc_wos_oh_oo""}}",true,200,false,false
130,WOS DC (OH),dc_wos_oh,product,int,false,false,false,31.0,false,false,"322030","322027",,,false,,true,"{""be_configs"": {""sql_alias"": ""ROUND(IFNULL(SAFE_DIVIDE(SUM(dc_wos_oh*total_inv), SUM(ata)),0),2) AS dc_wos_oh""}}",true,200,false,false
130,WOS (OH + OO + IT),wos_oh_oo_it,product,int,false,false,false,36.0,false,false,"322035","322034",,,false,,true,"{""be_configs"": {""sql_alias"": ""ROUND(IFNULL(SAFE_DIVIDE(SUM(wos_oh_oo_it*total_inv), SUM(total_inv)),0),2) AS wos_oh_oo_it""}}",true,200,false,false
130,WOS (OH + OO),wos_oh_oo,product,int,false,false,false,37.0,false,false,"322036","322034",,,false,,true,"{""be_configs"": {""sql_alias"": ""ROUND(IFNULL(SAFE_DIVIDE(SUM(wos_oh_oo*total_inv), SUM(total_inv)),0),2) AS wos_oh_oo""}}",true,200,false,false
130,WOS (OH),wos_oh,product,int,false,false,false,38.0,false,false,"322037","322034",,,false,,true,"{""be_configs"": {""sql_alias"": ""ROUND(IFNULL(SAFE_DIVIDE(SUM(wos_oh*total_inv), SUM(total_inv)),0),2) AS wos_oh""}}",true,200,false,false
130,Store In-Stock,str_instock,product,int,false,false,false,47.0,false,false,"322046",,,,false,,true,"{""be_configs"": {""sql_alias"": ""SUM(COALESCE(str_instock, 0)) AS str_instock""}}",true,200,false,false
130,DC ATA (Eaches),ata_eaches,product,int,false,false,false,44.0,false,false,"322043","322042",,,false,,true,"{""be_configs"": {""sql_alias"": ""SUM(COALESCE(ata_eaches, 0)) AS ata_eaches""}}",true,200,false,false
130,DC ATA (Packs),ata_packs,product,int,false,false,false,45.0,false,false,"322044","322042",,,false,,true,"{""be_configs"": {""sql_alias"": ""SUM(COALESCE(ata_packs, 0)) AS ata_packs""}}",true,200,false,false
130,DC ATA (Total),ata,product,int,false,false,false,46.0,false,false,"322045","322042",,,false,,true,"{""be_configs"": {""sql_alias"": ""SUM(COALESCE(ata, 0)) AS ata""}}",true,200,false,false
130,Product Info,info,product,str,false,false,false,1.0,false,false,"323000",,,,false,,true,"{""is_header"": true}",true,200,false,false
130,Store Info,store,product,str,false,false,false,18.0,false,false,"322017",,,,false,,true,"{""is_header"": true}",true,200,false,false
130,DC WOS,dc,product,int,false,false,false,28.0,false,false,"322027",,,,false,,true,"{""is_header"": true}",true,200,false,false
130,Store WOS,store_wos,product,int,false,false,false,35.0,false,false,"322034",,,,false,,true,"{""is_header"": true}",true,200,false,false
130,DC Available to Allocate,dc_ava,product,int,false,false,false,43.0,false,false,"322042",,,,false,,true,"{""is_header"": true}",true,200,false,false
238,Store Code,store_code,product,str,FALSE,FALSE,FALSE,1,FALSE,FALSE,322047,,,,FALSE,,FALSE,{},FALSE,200,FALSE,FALSE
238,Store Name,store_name,product,str,FALSE,FALSE,FALSE,2,FALSE,FALSE,322048,,,,FALSE,,FALSE,{},FALSE,200,FALSE,FALSE
238,Sizes,sizes,product,int,FALSE,FALSE,FALSE,3,FALSE,FALSE,322049,,,,FALSE,,FALSE,{},FALSE,200,FALSE,FALSE
522,Fiscal Year,fiscal_year,Product,str,FALSE,FALSE,FALSE,1,FALSE,FALSE,3113,,,,FALSE,,TRUE,{},TRUE,200,FALSE,FALSE
522,Fiscal Week,fiscal_week,Product,int,FALSE,FALSE,FALSE,2,FALSE,FALSE,3114,,,,FALSE,,TRUE,{},TRUE,200,FALSE,FALSE
522,Channel,channel,Product,str,FALSE,FALSE,FALSE,3,FALSE,FALSE,3111,,,,FALSE,,TRUE,{},TRUE,300,FALSE,FALSE
522,Master SKU Information,info,product,str,FALSE,FALSE,FALSE,1.5,FALSE,FALSE,321018,,,,FALSE,,TRUE,"{""is_header"": true}",TRUE,200,FALSE,FALSE
522,Buyer,l2_name,Product,str,FALSE,FALSE,FALSE,4,FALSE,FALSE,3112,321018,,,FALSE,,TRUE,"{""enableColumnExpand"": true, ""columnGroupShow"": ""open""}",TRUE,300,FALSE,FALSE
522,Primary Trait,primary_trait_desc,Product,str,FALSE,FALSE,FALSE,5,FALSE,FALSE,3115,321018,,,FALSE,,TRUE,"{""enableColumnExpand"": true, ""columnGroupShow"": ""open""}",TRUE,300,FALSE,FALSE
522,Department,l3_name,Product,str,FALSE,FALSE,FALSE,6,FALSE,FALSE,3116,321018,,,FALSE,,TRUE,"{""enableColumnExpand"": true, ""columnGroupShow"": ""open""}",TRUE,300,FALSE,FALSE
522,Class,l4_name,Product,str,FALSE,FALSE,FALSE,7,FALSE,FALSE,3117,321018,,,FALSE,,TRUE,"{""enableColumnExpand"": true, ""columnGroupShow"": ""open""}",TRUE,300,FALSE,FALSE
522,Subclass,l5_name,Product,str,FALSE,FALSE,FALSE,8,FALSE,FALSE,3118,321018,,,FALSE,,TRUE,"{""enableColumnExpand"": true, ""columnGroupShow"": ""open""}",TRUE,300,FALSE,FALSE
522,Master SKU ID,article,Product,str,FALSE,FALSE,FALSE,1,FALSE,FALSE,3119,321018,,,FALSE,,TRUE,{},TRUE,300,FALSE,FALSE
522,Product Type,product_type,Product,str,FALSE,FALSE,FALSE,10,FALSE,FALSE,3120,321018,,,FALSE,,TRUE,"{""enableColumnExpand"": true, ""columnGroupShow"": ""open""}",TRUE,300,FALSE,FALSE
522,Product Status,item_status,Product,str,FALSE,FALSE,FALSE,11,FALSE,FALSE,3121,321018,,,FALSE,,TRUE,"{""enableColumnExpand"": true, ""columnGroupShow"": ""open""}",TRUE,300,FALSE,FALSE
522,Store Information,store_info,Product,str,FALSE,FALSE,FALSE,12,FALSE,FALSE,321158,,,,FALSE,,TRUE,"{""enableColumnExpand"": true, ""columnGroupShow"": ""open"",""is_header"": true}",TRUE,200,FALSE,FALSE
522,Store ID,store_code,Product,str,FALSE,FALSE,FALSE,12,FALSE,FALSE,3122,321158,,,FALSE,,TRUE,{},TRUE,300,FALSE,FALSE
522,Store Name,store_name,Product,str,FALSE,FALSE,FALSE,13,FALSE,FALSE,3123,321158,,,FALSE,,TRUE,"{""enableColumnExpand"": true, ""columnGroupShow"": ""open""}",TRUE,300,FALSE,FALSE
522,Store Tier,store_tier,Product,str,FALSE,FALSE,FALSE,14,FALSE,FALSE,3124,321158,,,FALSE,,TRUE,"{""enableColumnExpand"": true, ""columnGroupShow"": ""open""}",TRUE,300,FALSE,FALSE
522,Units Sold,units_sold,Product,float,FALSE,FALSE,FALSE,15,FALSE,FALSE,3137,,,,FALSE,,FALSE,"{""be_configs"": {""sql_alias"": ""CAST(COALESCE(units, 0) AS int64) AS units_sold""}}",TRUE,200,FALSE,FALSE
522,Cluster Avg Sales,cluster_avg_sales,Product,int,FALSE,FALSE,FALSE,16,FALSE,FALSE,3138,,,roundOfftoTwoDecimals,FALSE,,FALSE,{},TRUE,200,FALSE,FALSE
522,Lost Opportunity (Units),lost_units,Product,int,FALSE,FALSE,FALSE,17,FALSE,FALSE,3139,,,,FALSE,,FALSE,{},TRUE,200,FALSE,FALSE
522,Lost Opportunity (revenue) $,lost_sales,Product,dollar,FALSE,FALSE,FALSE,18,FALSE,FALSE,3140,,,roundOfftoTwoDecimals,FALSE,,FALSE,{},TRUE,200,FALSE,FALSE
522,Lost Sales $,selling_price,Product,dollar,FALSE,FALSE,FALSE,19,FALSE,FALSE,3141,,,,FALSE,,FALSE,{},TRUE,200,FALSE,FALSE
522,Instock With DC ATA,available_to_allocate,Product,int,FALSE,FALSE,FALSE,20,FALSE,FALSE,3142,,,,FALSE,,FALSE,{},TRUE,200,FALSE,FALSE
522,Store Instock,str_oh,Product,int,FALSE,FALSE,FALSE,21,FALSE,FALSE,3143,,,,FALSE,,FALSE,{},TRUE,200,FALSE,FALSE
149,Allocation Plan Name,name,Inventory,str,TRUE,FALSE,FALSE,1,FALSE,FALSE,149001,,,,FALSE,,TRUE,{},TRUE,200,FALSE,FALSE
149,Master SKU ID,article,Inventory,str,FALSE,FALSE,FALSE,2,FALSE,FALSE,149002,,,,FALSE,,FALSE,{},TRUE,200,FALSE,FALSE
149,Inventory,inventory,Inventory,list,FALSE,FALSE,FALSE,3,FALSE,FALSE,149003,,,,FALSE,,FALSE,{},TRUE,200,FALSE,FALSE
149,Created By,created_by,Inventory,str,FALSE,FALSE,FALSE,4,FALSE,FALSE,149088,,,,FALSE,,TRUE,{},TRUE,200,FALSE,FALSE
149,Created On,created_at,Inventory,datetime,FALSE,FALSE,FALSE,5,FALSE,FALSE,149099,,,MM-DD-YYYY,FALSE,,TRUE,{},TRUE,200,FALSE,FALSE
149,Status,status,Inventory,str,FALSE,FALSE,FALSE,6,FALSE,FALSE,149011,,,,FALSE,,TRUE,{},TRUE,200,FALSE,FALSE
149,# Allocated Master SKUs,no_allocated_articles,Inventory,int,FALSE,FALSE,FALSE,7,FALSE,FALSE,149012,,,,FALSE,,FALSE,{},TRUE,200,FALSE,FALSE
149,# Allocated Stores,no_stores_allocated,Inventory,int,FALSE,FALSE,FALSE,8,FALSE,FALSE,149013,,,,FALSE,,FALSE,{},TRUE,200,FALSE,FALSE
160,#Allocated StyleColor-Stores,allocated_stylecolor_store_cnt,Store,int,FALSE,FALSE,FALSE,3.1,,FALSE,7114,,,,FALSE,,FALSE,"{""iconType"": ""stylecolor_store""}",FALSE,200,FALSE,FALSE
160,# Allocated Stores,allocated_stores,Store,int,FALSE,FALSE,FALSE,2,,FALSE,7007,,,,FALSE,,FALSE,"{""iconType"": ""store""}",FALSE,200,FALSE,FALSE
160,DC Allocated Quantity (By Size),allocated_qty,Store,int,FALSE,FALSE,FALSE,7,,FALSE,7011,,,,FALSE,,FALSE,"{""iconType"": ""dc_allocated_qty""}",FALSE,200,FALSE,FALSE
160,LW Margin,lw_margin,Store,int,FALSE,FALSE,FALSE,5,,FALSE,7010,,,,FALSE,,FALSE,"{""iconType"": ""lw_margin""}",FALSE,200,FALSE,FALSE
160,LW Sales Units,lw_qty,Store,int,FALSE,FALSE,FALSE,4,,FALSE,7009,,,,FALSE,,FALSE,"{""iconType"": ""sales_unit""}",FALSE,200,FALSE,FALSE
160,Remaining DC Available To Allocate (Net DC Available),net_dc_available,Store,int,FALSE,FALSE,FALSE,6,,FALSE,7008,,,,FALSE,,FALSE,"{""iconType"": ""dc_available""}",FALSE,200,FALSE,FALSE
160,# Master SKUs,no_style_color,Store,int,FALSE,FALSE,FALSE,1,,FALSE,7006,,,,FALSE,,FALSE,"{""iconType"": ""style""}",FALSE,200,FALSE,FALSE
160,Total Allocated Quantity,total_allocated_qty,Store,int,FALSE,FALSE,FALSE,8,,FALSE,7013,,,,FALSE,,FALSE,"{""iconType"": ""allocated_qty_total""}",FALSE,200,FALSE,FALSE
160,Allocation Retail Value ($),price,Product,dollar,FALSE,FALSE,FALSE,9,FALSE,FALSE,7000,,,,FALSE,,TRUE,"{""iconType"": ""lw_margin""}",TRUE,200,FALSE,FALSE
160,Total Store Inventory,oh_oo_it,Product,str,FALSE,FALSE,FALSE,10,FALSE,FALSE,7001,,,,FALSE,,TRUE,"{""iconType"": ""dc_allocated_qty""}",TRUE,200,FALSE,FALSE
118,# Allocated Stores,store_cnt,Product,str,FALSE,FALSE,FALSE,2,FALSE,FALSE,7073,,,,FALSE,,TRUE,"{""iconType"": ""store""}",TRUE,200,FALSE,FALSE
118,#Allocated StyleColor-Stores,allocated_stylecolor_store_cnt,Product,str,FALSE,FALSE,FALSE,2.1,FALSE,FALSE,7174,,,,FALSE,,TRUE,"{""iconType"": ""stylecolor_store""}",TRUE,200,FALSE,FALSE
118,Avg Units Per Store,avg_units_per_store,Product,str,FALSE,FALSE,FALSE,4,FALSE,FALSE,7075,,,,FALSE,,TRUE,"{""iconType"": ""avg_unit_per_store""}",TRUE,200,FALSE,FALSE
118,DC Allocated Quantity,dc_allocated,Product,int,FALSE,FALSE,FALSE,7,FALSE,FALSE,7078,,,,FALSE,,TRUE,"{""iconType"": ""dc_allocated_qty""}",TRUE,200,FALSE,FALSE
118,DC Remaining Available To Allocate,dc_available,Product,int,FALSE,FALSE,FALSE,8,FALSE,FALSE,7079,,,,FALSE,,TRUE,"{""iconType"": ""dc_available""}",TRUE,200,FALSE,FALSE
118,LW Margin,lw_margin,Product,int,FALSE,FALSE,FALSE,5,FALSE,FALSE,7077,,,,FALSE,,TRUE,"{""iconType"": ""lw_margin""}",TRUE,200,FALSE,FALSE
118,LW Sales Units,lw_qty,Product,int,FALSE,FALSE,FALSE,6,FALSE,FALSE,7076,,,,FALSE,,TRUE,"{""iconType"": ""sales_unit""}",TRUE,200,FALSE,FALSE
118,SKU Depth Per Store,sku_depth_per_store,Product,str,FALSE,FALSE,FALSE,3,FALSE,FALSE,7074,,,,FALSE,,TRUE,"{""iconType"": ""style_depth_per_store""}",TRUE,200,FALSE,FALSE
118,# Master SKUs,art_cnt,Product,str,FALSE,FALSE,FALSE,1,FALSE,FALSE,7072,,,,FALSE,,TRUE,"{""iconType"": ""style""}",TRUE,200,FALSE,FALSE
118,Total Allocated Quantity + OH,total_allocated_oh,Product,str,FALSE,FALSE,FALSE,19,FALSE,FALSE,7014,,,,FALSE,,TRUE,"{""iconType"": ""dc_allocated_qty""}",TRUE,200,FALSE,FALSE
162,Master SKU ID,article,Product,link,TRUE,TRUE,FALSE,1,FALSE,FALSE,7028,,,,FALSE,,TRUE,{},TRUE,200,FALSE,FALSE
162,Master SKU Information,info,Product,str,FALSE,FALSE,FALSE,2,FALSE,FALSE,321019,,,,FALSE,,TRUE,{},TRUE,200,FALSE,FALSE
162,Master SKU Description,description,Product,str,FALSE,FALSE,FALSE,2,FALSE,FALSE,7029,321019,,,FALSE,,TRUE,{},TRUE,200,FALSE,FALSE
162,Buyer,l2_name,Product,str,FALSE,FALSE,FALSE,3,FALSE,FALSE,7033,321019,,,FALSE,,TRUE,"{""enableColumnExpand"": true, ""columnGroupShow"": ""open""}",TRUE,200,FALSE,FALSE
162,Department,l3_name,Product,str,FALSE,FALSE,FALSE,4,FALSE,FALSE,7034,321019,,,FALSE,,TRUE,"{""enableColumnExpand"": true, ""columnGroupShow"": ""open""}",TRUE,200,FALSE,FALSE
162,Class,l4_name,Product,str,FALSE,FALSE,FALSE,5,FALSE,FALSE,7035,321019,,,FALSE,,TRUE,"{""enableColumnExpand"": true, ""columnGroupShow"": ""open""}",TRUE,200,FALSE,FALSE
162,Subclass,l5_name,Product,str,FALSE,FALSE,FALSE,6,FALSE,FALSE,7099,321019,,,FALSE,,TRUE,"{""enableColumnExpand"": true, ""columnGroupShow"": ""open""}",TRUE,200,FALSE,FALSE
162,# Allocated Stores,store_cnt,Product,str,FALSE,FALSE,FALSE,7,FALSE,FALSE,7030,,,,FALSE,,TRUE,{},TRUE,200,FALSE,FALSE
162,# Eligible Stores,all_stores,Product,str,FALSE,FALSE,FALSE,8,FALSE,FALSE,7031,,,,FALSE,,TRUE,{},TRUE,200,FALSE,FALSE
162,Aggregated Demand (For the Target WOS),demand,Product,int,FALSE,FALSE,FALSE,10,FALSE,FALSE,7037,,,,FALSE,,TRUE,{},TRUE,200,FALSE,FALSE
162,Demand Type,demand_type,Product,str,FALSE,FALSE,FALSE,11,FALSE,FALSE,7038,,,,FALSE,,TRUE,{},TRUE,200,FALSE,FALSE
162,LW Sales Units,lw_qty,Product,int,FALSE,FALSE,FALSE,13,FALSE,FALSE,7040,,,,FALSE,,TRUE,{},TRUE,200,FALSE,FALSE
162,LW Margin,lw_margin,Product,int,FALSE,FALSE,FALSE,14,FALSE,FALSE,7041,,,,FALSE,,TRUE,{},TRUE,200,FALSE,FALSE
162,Aggregated MIN,min,Product,int,FALSE,FALSE,FALSE,15,FALSE,FALSE,7042,,,,FALSE,,TRUE,{},TRUE,200,FALSE,FALSE
162,Aggregated MAX,max,Product,int,FALSE,FALSE,FALSE,16,FALSE,FALSE,7043,,,,FALSE,,TRUE,{},TRUE,200,FALSE,FALSE
162,Store On Hand,oh,Product,int,FALSE,FALSE,FALSE,17,FALSE,FALSE,7044,,,,FALSE,,TRUE,{},TRUE,200,FALSE,FALSE
162,Store On Order,oo,Product,int,FALSE,FALSE,FALSE,18,FALSE,FALSE,7045,,,,FALSE,,TRUE,{},TRUE,200,FALSE,FALSE
162,Store In Transit,it,Product,int,FALSE,FALSE,FALSE,19,FALSE,FALSE,7046,,,,FALSE,,TRUE,{},TRUE,200,FALSE,FALSE
162,Launch Date,launch_date,Product,date,FALSE,FALSE,FALSE,20,FALSE,FALSE,7047,,,,FALSE,,TRUE,{},TRUE,200,FALSE,FALSE
162,Remaining DC Available To Allocate,net_available,Product,int,FALSE,FALSE,FALSE,21,FALSE,FALSE,7048,,,,FALSE,,TRUE,{},TRUE,200,FALSE,FALSE
162,Allocated Quantity (By Size),allocated_quantity_size,Product,int,FALSE,FALSE,FALSE,22,FALSE,FALSE,7049,,,,FALSE,,TRUE,{},TRUE,200,FALSE,FALSE
162,Allocation % (By Size),allocated_percentage,Product,percentage,FALSE,FALSE,FALSE,23,FALSE,FALSE,7050,,,roundOff,FALSE,,TRUE,{},TRUE,200,FALSE,FALSE
162,Total Allocated Quantity,total_allocated_qty,Product,int,FALSE,FALSE,FALSE,24,FALSE,FALSE,7051,,,,FALSE,,TRUE,{},TRUE,200,FALSE,FALSE
162,Allocation Retail Value ($),price,Product,dollar,FALSE,FALSE,FALSE,25,FALSE,FALSE,7100,,,,FALSE,,TRUE,{},TRUE,200,FALSE,FALSE
162,Total Store Inventory,oh_oo_it,Product,int,FALSE,FALSE,FALSE,25,FALSE,FALSE,7101,,,,FALSE,,TRUE,{},TRUE,200,FALSE,FALSE
164,Aggregated Demand (For The Target WOS),aggregated_demand,Product,float,FALSE,FALSE,FALSE,5,FALSE,FALSE,7056,,,roundOff,FALSE,,TRUE,{},TRUE,200,FALSE,FALSE
164,Aggregated MAX,max_store,Product,int,FALSE,FALSE,FALSE,13,FALSE,FALSE,7064,,,,FALSE,,TRUE,{},TRUE,200,FALSE,FALSE
164,Aggregated MIN,min_store,Product,int,FALSE,FALSE,FALSE,12,FALSE,FALSE,7063,,,,FALSE,,TRUE,{},TRUE,200,FALSE,FALSE
164,Allocated For Demand,wos_allocation,Product,int,FALSE,FALSE,FALSE,22,FALSE,FALSE,7098,,,,FALSE,,TRUE,{},TRUE,200,FALSE,FALSE
164,Allocated For MIN,min_allocation,Product,int,FALSE,FALSE,FALSE,21,FALSE,FALSE,7097,,,,FALSE,,TRUE,{},TRUE,200,FALSE,FALSE
164,Allocated Pack Quantity,allocated_qty_by_pack_dc_level,Product,int,FALSE,TRUE,FALSE,18,FALSE,FALSE,7069,,,,FALSE,,TRUE,{},TRUE,200,FALSE,FALSE
164,Allocated Quantity (By Pack-ID),allocated_qty_by_pack_id,Product,int,FALSE,FALSE,FALSE,20,FALSE,FALSE,7071,,,,FALSE,,TRUE,{},TRUE,200,FALSE,FALSE
164,Allocated Total Quantity,allocated_quantity,Product,int,FALSE,FALSE,FALSE,14,FALSE,FALSE,7065,,,,FALSE,,TRUE,{},TRUE,200,FALSE,FALSE
164,Available Pack Quantity,available_qty_by_pack,Product,int,FALSE,FALSE,FALSE,19,FALSE,FALSE,7070,,,,FALSE,,TRUE,{},TRUE,200,FALSE,FALSE
164,DC Name,dc_names,Product,str,FALSE,FALSE,FALSE,3,FALSE,FALSE,7157,,,,FALSE,,TRUE,{},TRUE,200,FALSE,FALSE
164,End Date,store_end_date,Product,datetime,FALSE,TRUE,FALSE,4,FALSE,FALSE,7055,,,,FALSE,,TRUE,{},TRUE,200,FALSE,FALSE
164,In Store Date,store_start_date,Product,datetime,FALSE,TRUE,FALSE,17,FALSE,FALSE,7068,,,,FALSE,,TRUE,{},TRUE,200,FALSE,FALSE
164,Demand Type,demand_type,Product,str,FALSE,FALSE,FALSE,6,FALSE,FALSE,7057,,,,FALSE,,TRUE,{},TRUE,200,FALSE,FALSE
164,Store In Transit,it,Product,int,FALSE,FALSE,FALSE,11,FALSE,FALSE,7062,,,,FALSE,,TRUE,{},TRUE,200,FALSE,FALSE
164,LW Margin,lw_margin,Product,int,FALSE,FALSE,FALSE,8,FALSE,FALSE,7059,,,,FALSE,,TRUE,{},TRUE,200,FALSE,FALSE
164,LW Sales Units,lw_qty,Product,int,FALSE,FALSE,FALSE,7,FALSE,FALSE,7058,,,,FALSE,,TRUE,{},TRUE,200,FALSE,FALSE
164,Total Store Inventory,oh_oo_it_total,Product,int,FALSE,FALSE,FALSE,15,FALSE,FALSE,7066,,,,FALSE,,TRUE,{},TRUE,200,FALSE,FALSE
164,Store Information,store_info,Product,str,FALSE,FALSE,FALSE,1,FALSE,FALSE,321156,,,,FALSE,,TRUE,{},TRUE,200,FALSE,FALSE
164,Store Name,store_name,Product,str,FALSE,FALSE,FALSE,2,FALSE,FALSE,7053,321156,,,FALSE,,TRUE,"{""enableColumnExpand"": true, ""columnGroupShow"": ""open""}",TRUE,200,FALSE,FALSE
164,Store Number,store_code,Product,str,FALSE,FALSE,FALSE,1,FALSE,FALSE,7052,321156,,,FALSE,,TRUE,{},TRUE,200,FALSE,FALSE
164,Store On Hand,oh,Product,int,FALSE,FALSE,FALSE,9,FALSE,FALSE,7060,,,,FALSE,,TRUE,{},TRUE,200,FALSE,FALSE
164,Store On Order,oo,Product,int,FALSE,FALSE,FALSE,10,FALSE,FALSE,7061,,,,FALSE,,TRUE,{},TRUE,200,FALSE,FALSE
164,Total Allocated Quantity + Total Store Inventory,total_allocated_qty_oh_oo_it,Product,int,FALSE,FALSE,FALSE,26,FALSE,FALSE,7104,,,,FALSE,,TRUE,{},TRUE,200,FALSE,FALSE
164,Store Tier,store_tier,Product,str,FALSE,FALSE,FALSE,2.1,FALSE,FALSE,7105,321156,,,FALSE,,TRUE,"{""enableColumnExpand"": true, ""columnGroupShow"": ""open""}",TRUE,200,FALSE,FALSE
164,Store Layout,store_attribute_1,Product,str,FALSE,FALSE,FALSE,2.2,FALSE,FALSE,7273,321156,,,FALSE,,TRUE,"{""enableColumnExpand"": true, ""columnGroupShow"": ""open""}",TRUE,200,FALSE,FALSE
165,Aggregated MAX,max_store,Product,int,FALSE,FALSE,FALSE,12,FALSE,FALSE,7093,,,,FALSE,,TRUE,{},TRUE,200,FALSE,FALSE
165,Aggregated MIN,min_store,Product,int,FALSE,FALSE,FALSE,11,FALSE,FALSE,7092,,,,FALSE,,TRUE,{},TRUE,200,FALSE,FALSE
165,Allocated For Demand,wos_allocation,Product,int,FALSE,FALSE,FALSE,14,FALSE,FALSE,7095,,,,FALSE,,TRUE,{},TRUE,200,FALSE,FALSE
165,Allocated For MIN,min_allocation,Product,int,FALSE,FALSE,FALSE,13,FALSE,FALSE,7094,,,,FALSE,,TRUE,{},TRUE,200,FALSE,FALSE
165,Allocated Quantity,allocated_quantity,Product,int,FALSE,FALSE,FALSE,15,FALSE,FALSE,7096,,,,FALSE,,TRUE,{},TRUE,200,FALSE,FALSE
165,Store In Transit,it,Product,int,FALSE,FALSE,FALSE,8,FALSE,FALSE,7089,,,,FALSE,,TRUE,{},TRUE,200,FALSE,FALSE
165,LW Margin,lw_margin,Product,int,FALSE,FALSE,FALSE,10,FALSE,FALSE,7091,,,,FALSE,,TRUE,{},TRUE,200,FALSE,FALSE
165,LW Sales Units,lw_qty,Product,int,FALSE,FALSE,FALSE,9,FALSE,FALSE,7090,,,,FALSE,,TRUE,{},TRUE,200,FALSE,FALSE
165,FWOS,fwos_target,Product,int,FALSE,FALSE,FALSE,9.1,FALSE,FALSE,33020,,,,FALSE,,TRUE,{},TRUE,200,FALSE,FALSE
165,Store Information,store_info,Product,str,FALSE,FALSE,FALSE,16,FALSE,FALSE,321157,,,,FALSE,,TRUE,{},TRUE,200,FALSE,FALSE
165,Store Name,store_name,Product,str,FALSE,FALSE,FALSE,2,FALSE,FALSE,7083,321157,,,FALSE,,TRUE,"{""enableColumnExpand"": true, ""columnGroupShow"": ""open""}",TRUE,200,FALSE,FALSE
165,Store Number,store_code,Product,link,FALSE,TRUE,FALSE,1,FALSE,FALSE,7082,321157,,,FALSE,,TRUE,{},TRUE,200,FALSE,FALSE
165,Store On Hand,oh,Product,int,FALSE,FALSE,FALSE,6,FALSE,FALSE,7087,,,,FALSE,,TRUE,{},TRUE,200,FALSE,FALSE
165,Store On Order,oo,Product,int,FALSE,FALSE,FALSE,7,FALSE,FALSE,7088,,,,FALSE,,TRUE,{},TRUE,200,FALSE,FALSE
165,# Master SKUs,style_color_cnt,Product,str,FALSE,FALSE,FALSE,5,FALSE,FALSE,7086,,,,FALSE,,TRUE,{},TRUE,200,FALSE,FALSE
165,Total Store Inventory,oh_oo_it,Product,int,FALSE,FALSE,FALSE,25,FALSE,FALSE,7102,,,,FALSE,,TRUE,{},TRUE,200,FALSE,FALSE
165,Allocation Retail Value ($),price,Product,dollar,FALSE,FALSE,FALSE,25,FALSE,FALSE,7103,,,,FALSE,,TRUE,{},TRUE,200,FALSE,FALSE
165,State,state,Product,str,FALSE,FALSE,FALSE,16,FALSE,FALSE,7002,321157,,,FALSE,,TRUE,"{""enableColumnExpand"": true, ""columnGroupShow"": ""open""}",TRUE,200,FALSE,FALSE
165,Store Format,store_attribute_1,Product,str,FALSE,FALSE,FALSE,17,FALSE,FALSE,7003,321157,,,FALSE,,TRUE,"{""enableColumnExpand"": true, ""columnGroupShow"": ""open""}",TRUE,200,FALSE,FALSE
165,Store Tier,store_tier,Product,str,FALSE,FALSE,FALSE,18,FALSE,FALSE,7004,321157,,,FALSE,,TRUE,"{""enableColumnExpand"": true, ""columnGroupShow"": ""open""}",TRUE,200,FALSE,FALSE
165,% Allocated Of DC,dc_allocated_percentage,Product,percentage,FALSE,FALSE,FALSE,19,FALSE,FALSE,33019,,,,FALSE,,TRUE,"{""multiplier"": true}",TRUE,200,FALSE,FALSE
137,Master SKU Information,info,product,str,FALSE,FALSE,FALSE,1.5,FALSE,FALSE,323050,,,,FALSE,,TRUE,{},TRUE,200,FALSE,FALSE
137,Buyer,l2_name,product,str,FALSE,FALSE,FALSE,3,FALSE,FALSE,323051,323050,,,FALSE,,TRUE,"{""enableColumnExpand"": true, ""columnGroupShow"": ""open""}",TRUE,200,FALSE,FALSE
137,Primary Trait,primary_trait_desc,product,str,FALSE,FALSE,FALSE,4,FALSE,FALSE,323052,323050,,,FALSE,,TRUE,"{""enableColumnExpand"": true, ""columnGroupShow"": ""open""}",TRUE,200,FALSE,FALSE
137,Master SKU ID,ia_custom_style_id,product,str,TRUE,FALSE,FALSE,1,FALSE,FALSE,323053,,,,FALSE,,TRUE,{},TRUE,200,FALSE,FALSE
137,Master SKU Description,product_description,product,str,FALSE,FALSE,FALSE,2,FALSE,FALSE,323054,323050,,,FALSE,,TRUE,{},TRUE,200,FALSE,FALSE
137,Department,l3_name,product,str,FALSE,FALSE,FALSE,7,FALSE,FALSE,323057,323050,,,FALSE,,TRUE,"{
  ""enableColumnExpand"": true,
  ""columnGroupShow"": ""open""
}",TRUE,200,FALSE,FALSE
137,Class,l4_name,product,str,FALSE,FALSE,FALSE,8,FALSE,FALSE,323058,323050,,,FALSE,,TRUE,"{
  ""enableColumnExpand"": true,
  ""columnGroupShow"": ""open""
}",TRUE,200,FALSE,FALSE
137,Subclass,l5_name,product,str,FALSE,FALSE,FALSE,9,FALSE,FALSE,323055,323050,,,FALSE,,TRUE,"{
  ""enableColumnExpand"": true,
  ""columnGroupShow"": ""open""
}",TRUE,200,FALSE,FALSE
137,Product Type,product_type,product,str,FALSE,FALSE,FALSE,10,FALSE,FALSE,323060,323050,,,FALSE,,TRUE,"{
  ""enableColumnExpand"": true,
  ""columnGroupShow"": ""open""
}",TRUE,200,FALSE,FALSE
137,Launch Date,launch_date,product,date,FALSE,FALSE,FALSE,12,FALSE,FALSE,323062,,,,FALSE,,TRUE,"{
  ""enableColumnExpand"": true,
  ""columnGroupShow"": ""open""
}",TRUE,200,FALSE,FALSE
137,Store Information,store,product,str,FALSE,FALSE,FALSE,18,FALSE,FALSE,323063,,,,FALSE,,TRUE,{},TRUE,200,FALSE,FALSE
137,Store ID,store_code,product,int,FALSE,FALSE,FALSE,19,FALSE,FALSE,323064,323063,,,FALSE,,TRUE,{},TRUE,200,FALSE,FALSE
137,Store Name,store_name,product,str,FALSE,FALSE,FALSE,20,FALSE,FALSE,323065,323063,,,FALSE,,TRUE,"{""enableColumnExpand"": true, ""columnGroupShow"": ""open""}",TRUE,200,FALSE,FALSE
137,Channel,channel,product,str,FALSE,FALSE,FALSE,21,FALSE,FALSE,323066,323063,,,FALSE,,TRUE,"{
  ""enableColumnExpand"": true,
  ""columnGroupShow"": ""open""
}",TRUE,200,FALSE,FALSE
137,Store Tier,store_tier,product,str,FALSE,FALSE,FALSE,22,FALSE,FALSE,323067,323063,,,FALSE,,TRUE,"{
  ""enableColumnExpand"": true,
  ""columnGroupShow"": ""open""
}",TRUE,200,FALSE,FALSE
137,Fiscal Year,fiscal_year,product,str,FALSE,FALSE,FALSE,23,FALSE,FALSE,323068,,,,FALSE,,TRUE,{},TRUE,200,FALSE,FALSE
137,Fiscal Week,fiscal_week,product,int,FALSE,FALSE,FALSE,24,FALSE,FALSE,323069,,,,FALSE,,TRUE,{},TRUE,200,FALSE,FALSE
137,Fiscal Year Week,fiscal_year_week,product,str,FALSE,FALSE,FALSE,25,FALSE,FALSE,323070,,,,FALSE,,TRUE,{},TRUE,200,FALSE,FALSE
137,OH,oh,product,int,FALSE,FALSE,FALSE,26,FALSE,FALSE,323071,,,,FALSE,,TRUE,{},TRUE,200,FALSE,FALSE
137,IT,it,product,int,FALSE,FALSE,FALSE,27,FALSE,FALSE,323072,,,,FALSE,,TRUE,{},TRUE,200,FALSE,FALSE
137,OO,oo,product,int,FALSE,FALSE,FALSE,28,FALSE,FALSE,323073,,,,FALSE,,TRUE,{},TRUE,200,FALSE,FALSE
137,Units Sold,units_sold,product,int,FALSE,FALSE,FALSE,29,FALSE,FALSE,323074,,,,FALSE,,TRUE,{},TRUE,200,FALSE,FALSE
137,WOS Threshold,wos_threshold,product,int,FALSE,FALSE,FALSE,30,FALSE,FALSE,323075,,,,FALSE,,TRUE,{},TRUE,200,FALSE,FALSE
137,Target WOS,target_wos,product,int,FALSE,FALSE,FALSE,31,FALSE,FALSE,323076,,,,FALSE,,TRUE,{},TRUE,200,FALSE,FALSE
137,Forward WOS,forward_wos,product,int,FALSE,FALSE,FALSE,32,FALSE,FALSE,323077,,,,FALSE,,FALSE,{},TRUE,200,FALSE,FALSE
137,Excess Inventory,excess_inv,product,int,FALSE,FALSE,FALSE,33,FALSE,FALSE,323078,,,,FALSE,,TRUE,{},TRUE,200,FALSE,FALSE
137,Excess Inventory $,excess_inv_cost,product,float,FALSE,FALSE,FALSE,34,FALSE,FALSE,323079,,,,FALSE,,TRUE,{},TRUE,200,FALSE,FALSE
137,Inventory Closing Balance,inventory_closing_balance,product,float,FALSE,FALSE,FALSE,35,FALSE,FALSE,323080,,,,FALSE,,TRUE,{},TRUE,200,FALSE,FALSE
97,Store In Stock,it,Store,int,FALSE,FALSE,FALSE,5,FALSE,FALSE,2772,,,,FALSE,,TRUE,{},TRUE,300,FALSE,FALSE
97,WOS (OH),wos_oh,Store,int,FALSE,FALSE,FALSE,6.2,FALSE,FALSE,2775,,,roundOfftoTwoDecimals,FALSE,,FALSE,{},TRUE,300,FALSE,FALSE
97,WOS (OH + OO + IT),wos_oh_oo_it,Store,int,FALSE,FALSE,FALSE,6.1,FALSE,FALSE,2777,,,roundOfftoTwoDecimals,FALSE,,FALSE,{},TRUE,300,FALSE,FALSE
97,Store Name,store_name,Store,str,FALSE,FALSE,FALSE,2,FALSE,FALSE,2771,,,,FALSE,,TRUE,{},TRUE,300,FALSE,FALSE
97,Store Number,store_code,Store,str,FALSE,FALSE,FALSE,1,FALSE,FALSE,2770,,,,FALSE,,TRUE,{},TRUE,300,FALSE,FALSE
97,Store On Hand,oh,Store,int,FALSE,FALSE,FALSE,3,FALSE,FALSE,2773,,,,FALSE,,TRUE,{},TRUE,300,FALSE,FALSE
97,Store On Order,oo,Store,int,FALSE,FALSE,FALSE,4,FALSE,FALSE,2774,,,,FALSE,,TRUE,{},TRUE,300,FALSE,FALSE
189,Aggregated MAX,max_stock_sum,Others,int,FALSE,FALSE,FALSE,12,FALSE,TRUE,119,,,,FALSE,,TRUE,"{""dynamicMaxKey"": ""max_stock"",""disableCommaFormatting"": true}",TRUE,200,FALSE,FALSE
189,Aggregated MIN,min_stock_sum,Others,int,FALSE,FALSE,FALSE,11,FALSE,TRUE,120,,,,FALSE,,TRUE,"{""dynamicMinKey"": ""min_stock"",""disableCommaFormatting"": true}",TRUE,200,FALSE,FALSE
189,APS/User Defined ROS,aps/ros_rounded,Others,float,FALSE,FALSE,FALSE,6,FALSE,TRUE,5008,,,roundOfftoTwoDecimals,FALSE,,TRUE,{},TRUE,320,FALSE,FALSE
189,Estimated Demand,estimated_demand,Others,float,FALSE,FALSE,FALSE,10,FALSE,TRUE,5072,,,roundOfftoTwoDecimals,FALSE,,TRUE,{},TRUE,260,FALSE,FALSE
189,Max,max_stock,Others,int,FALSE,TRUE,FALSE,4,FALSE,TRUE,5009,,,,FALSE,,TRUE,"{""disableCommaFormatting"": true}",TRUE,200,FALSE,FALSE
189,Min,min_stock,Others,int,FALSE,TRUE,FALSE,3.5,FALSE,TRUE,5006,,,,FALSE,,TRUE,"{""disableCommaFormatting"": true}",TRUE,200,FALSE,FALSE
189,OH + OO + IT,oh_oo_it,Others,float,FALSE,FALSE,FALSE,18,FALSE,TRUE,85,,,roundOfftoTwoDecimals,FALSE,,FALSE,{},TRUE,200,FALSE,FALSE
189,Overall Proportion (%),overall_proportion,Others,percentage,FALSE,FALSE,FALSE,5,FALSE,TRUE,5011,,,roundOfftoTwoDecimals,FALSE,,FALSE,{},TRUE,400,FALSE,FALSE
189,Size To Overall Store Contribution %,size_level_proportion,Others,str,FALSE,FALSE,FALSE,5,FALSE,TRUE,5005,,,,FALSE,,FALSE,{},TRUE,400,FALSE,FALSE
189,Store In Transit,in_transit,Others,float,FALSE,FALSE,FALSE,15,FALSE,TRUE,70002,,,roundOfftoTwoDecimals,FALSE,,FALSE,{},TRUE,200,FALSE,FALSE
189,Store Name,store_name,Store,str,TRUE,FALSE,FALSE,2,FALSE,TRUE,5004,,,,FALSE,,TRUE,{},TRUE,200,FALSE,FALSE
189,Store Number,store_code,Store,str,TRUE,FALSE,FALSE,1,FALSE,TRUE,5007,,,,FALSE,,TRUE,{},TRUE,200,FALSE,FALSE
189,Store On Hand,on_hand,Others,float,FALSE,FALSE,FALSE,14,FALSE,TRUE,55188,,,roundOfftoTwoDecimals,FALSE,,FALSE,{},TRUE,200,FALSE,FALSE
189,Store On Order,on_order,Others,float,FALSE,FALSE,FALSE,16,FALSE,TRUE,55189,,,roundOfftoTwoDecimals,FALSE,,FALSE,{},TRUE,200,FALSE,FALSE
189,Store Tier,store_grade,Store,str,TRUE,FALSE,FALSE,3,FALSE,TRUE,5000,,,,FALSE,,TRUE,{},TRUE,200,FALSE,FALSE
189,Transit Time,transit_time,Others,float,FALSE,FALSE,FALSE,13,FALSE,TRUE,5073,,,roundOfftoTwoDecimals,FALSE,,TRUE,{},TRUE,200,FALSE,FALSE
189,Like Store,ref_store,Store,list,FALSE,TRUE,FALSE,6,FALSE,TRUE,5012,,,,FALSE,,TRUE,{},TRUE,200,FALSE,FALSE
189,WOS,wos_rounded,Others,int,FALSE,TRUE,FALSE,13,FALSE,TRUE,5003,,,,FALSE,,TRUE,"{""typeFormat"": ""number""}",TRUE,200,FALSE,FALSE
95,DC Code,_dc_code,product,str,FALSE,FALSE,FALSE,1,FALSE,FALSE,95_dccode_dccode_,,,,FALSE,,FALSE,{},FALSE,200,FALSE,FALSE
95,DC Name,_dc_name,product,str,FALSE,FALSE,FALSE,2,FALSE,FALSE,95_dcname_dcname_,,,,FALSE,,FALSE,{},FALSE,200,FALSE,FALSE
95,Available Inventory,available,product,str,FALSE,FALSE,FALSE,3,FALSE,FALSE,95_available_available,,,,FALSE,,FALSE,"{""is_dynamic"": true}",FALSE,200,FALSE,FALSE
95,Quantity Reserved,reserved,product,str,FALSE,FALSE,FALSE,4,FALSE,FALSE,95_reserved_reserved,,,,FALSE,,FALSE,"{""is_dynamic"": true}",FALSE,200,FALSE,FALSE
95,Allocated Units,allocated,product,str,FALSE,FALSE,FALSE,5,FALSE,FALSE,95_allocated_allocated_,,,,FALSE,,FALSE,"{""is_dynamic"": true}",FALSE,200,FALSE,FALSE
126,DC Name,dc_name,Inventory,str,FALSE,FALSE,FALSE,6,FALSE,FALSE,321054,,,,FALSE,,TRUE,{},TRUE,200,FALSE,FALSE
126,Store ID,store,Inventory,str,FALSE,FALSE,FALSE,1,FALSE,FALSE,2824,,,,FALSE,,TRUE,{},TRUE,200,FALSE,FALSE
126,Store Name,store_name,Inventory,str,FALSE,FALSE,FALSE,2,FALSE,FALSE,2283,,,,FALSE,,TRUE,{},TRUE,200,FALSE,FALSE
126,Master SKU ID,article,Inventory,str,FALSE,FALSE,FALSE,3,FALSE,FALSE,2284,,,,FALSE,,TRUE,{},TRUE,200,FALSE,FALSE
126,Allocated Quantity,allocated_total,Inventory,int,FALSE,FALSE,FALSE,8.1,FALSE,FALSE,406,,,,FALSE,,FALSE,{},TRUE,130,FALSE,FALSE
126,Store Tier,store_grade,store,str,FALSE,FALSE,FALSE,5,FALSE,FALSE,2286,,,,FALSE,,TRUE,{},TRUE,200,FALSE,FALSE
126,Store Format,store_attribute_1,store,str,FALSE,FALSE,FALSE,5,FALSE,FALSE,2289,,,,FALSE,,TRUE,{},TRUE,200,FALSE,FALSE
126,Min Constraint,min,Inventory,int,FALSE,FALSE,FALSE,7,FALSE,FALSE,321055,,,,FALSE,,TRUE,{},TRUE,200,FALSE,FALSE
126,Allocation Plan Name,allocation_name,Product,link,FALSE,TRUE,FALSE,11,FALSE,FALSE,2281,,,,FALSE,,TRUE,{},TRUE,300,FALSE,FALSE
126,Allocation Plan ID,allocation_code,Product,link,FALSE,TRUE,FALSE,12,FALSE,FALSE,2282,,,,FALSE,,TRUE,{},TRUE,300,FALSE,FALSE
126,Order Priority,order_priority,non_linear_edit,list,FALSE,TRUE,FALSE,14,FALSE,FALSE,2288,,,,FALSE,,FALSE,"{""options"":[{""label"":""1"",""value"":""1""},{""label"": ""2"",""value"":""2""},{""label"": ""3"",""value"":""3""}]}",FALSE,200,FALSE,FALSE
126,Created At,created_at,Inventory,datetime,FALSE,FALSE,FALSE,20,FALSE,FALSE,321056,,,,FALSE,,FALSE,{},TRUE,200,FALSE,FALSE
126,Created By,created_by,Inventory,str,FALSE,FALSE,FALSE,21,FALSE,FALSE,321057,,,,FALSE,,TRUE,{},TRUE,200,FALSE,FALSE
1505,DC ID/PO Code,dc_code,Inventory,str,FALSE,FALSE,FALSE,1,FALSE,FALSE,321070,,,,FALSE,,TRUE,{},TRUE,200,FALSE,FALSE
1505,Store ID,store,Inventory,str,FALSE,FALSE,FALSE,2,FALSE,FALSE,321078,,,,FALSE,,TRUE,{},TRUE,200,FALSE,FALSE
1505,Store Name,store_name,Inventory,str,FALSE,FALSE,FALSE,3,FALSE,FALSE,321079,,,,FALSE,,TRUE,{},TRUE,200,FALSE,FALSE
1505,Allocated Quantity,allocated_total,Inventory,int,FALSE,FALSE,FALSE,4,FALSE,FALSE,321071,,,,FALSE,,FALSE,{},TRUE,130,FALSE,FALSE
1505,# Master SKUs,style_count,Inventory,int,FALSE,FALSE,FALSE,5,FALSE,FALSE,321072,,,,FALSE,,TRUE,{},TRUE,200,FALSE,FALSE
1505,# Allocations,allocation_count,Inventory,int,FALSE,FALSE,FALSE,6,FALSE,FALSE,321074,,,,FALSE,,TRUE,{},TRUE,200,FALSE,FALSE
1505,Current Available To Allocate (OH),dc_net_available_inventory_oh,Inventory,int,FALSE,FALSE,FALSE,7,FALSE,FALSE,321075,,,,FALSE,,FALSE,{},TRUE,200,FALSE,FALSE
1505,Current Available To Allocate (OH + OO),dc_net_available_inventory_oh_oo,Inventory,int,FALSE,FALSE,FALSE,7,FALSE,FALSE,3210750,,,,FALSE,,FALSE,{},TRUE,200,FALSE,FALSE
5002,Master SKU ID,article,Product,str,TRUE,FALSE,FALSE,1,FALSE,FALSE,400,,,,FALSE,,TRUE,{},TRUE,200,FALSE,FALSE
5002,Master SKU Information,master_sku_info,Product,str,FALSE,FALSE,FALSE,1.5,FALSE,FALSE,401,,,,FALSE,,TRUE,{},TRUE,200,FALSE,FALSE
5002,Master SKU Description,product_description,Product,str,FALSE,FALSE,FALSE,2,FALSE,FALSE,4500,401,,,FALSE,,TRUE,{},TRUE,200,FALSE,FALSE
5002,Buyer,l2_name,Product,str,FALSE,FALSE,FALSE,3,FALSE,FALSE,402,401,,,FALSE,,TRUE,"{""enableColumnExpand"": true, ""columnGroupShow"": ""open""}",TRUE,200,FALSE,FALSE
5002,Department,l3_name,Product,str,FALSE,FALSE,FALSE,4,FALSE,FALSE,403,401,,,FALSE,,TRUE,"{""enableColumnExpand"": true, ""columnGroupShow"": ""open""}",TRUE,200,FALSE,FALSE
5002,Primary Trait,primary_trait_desc,Product,str,FALSE,FALSE,FALSE,5,FALSE,FALSE,404,401,,,FALSE,,TRUE,"{""enableColumnExpand"": true, ""columnGroupShow"": ""open""}",TRUE,200,FALSE,FALSE
5002,Class,l4_name,Product,str,FALSE,FALSE,FALSE,6,FALSE,FALSE,405,401,,,FALSE,,TRUE,"{""enableColumnExpand"": true, ""columnGroupShow"": ""open""}",TRUE,200,FALSE,FALSE
5002,Subclass,l5_name,Product,str,FALSE,FALSE,FALSE,7,FALSE,FALSE,409,401,,,FALSE,,TRUE,"{""enableColumnExpand"": true, ""columnGroupShow"": ""open""}",TRUE,200,FALSE,FALSE
5002,LW Units,lw_units,Product,float,FALSE,FALSE,FALSE,8,FALSE,FALSE,441,,,roundOfftoTwoDecimals,FALSE,,FALSE,{},TRUE,200,FALSE,FALSE
5002,LW Revenue $,lw_revenue,Product,dollar,FALSE,FALSE,FALSE,9,FALSE,FALSE,440,,,,FALSE,,FALSE,{},TRUE,200,FALSE,FALSE
5002,LW Margin $,lw_margin,Product,dollar,FALSE,FALSE,FALSE,10,FALSE,FALSE,447,,,,FALSE,,FALSE,{},TRUE,200,FALSE,FALSE
5002,Promo %,promo_percentage,Product,percentage,FALSE,FALSE,FALSE,11,FALSE,FALSE,448,,,roundOfftoTwoDecimals,FALSE,,FALSE,"{""multiplier"": true}",TRUE,200,FALSE,FALSE
5002,Store On Hand,oh,Product,int,FALSE,FALSE,FALSE,12,FALSE,FALSE,435,,,,FALSE,,FALSE,{},TRUE,200,FALSE,FALSE
5002,Store On Order,oo,Product,int,FALSE,FALSE,FALSE,13,FALSE,FALSE,437,,,,FALSE,,FALSE,{},TRUE,200,FALSE,FALSE
5002,Store In Transit,it,Product,int,FALSE,FALSE,FALSE,14,FALSE,FALSE,436,,,,FALSE,,FALSE,{},TRUE,200,FALSE,FALSE
5002,OH + OO + IT,tot_inv,Product,int,FALSE,FALSE,FALSE,15,FALSE,FALSE,438,,,,FALSE,,FALSE,{},TRUE,200,FALSE,FALSE
5002,WOS (OH),wos_oh,Product,float,FALSE,FALSE,FALSE,16,FALSE,FALSE,604,,,roundOfftoTwoDecimals,FALSE,,FALSE,{},TRUE,200,FALSE,FALSE
5002,WOS (OH + IT),wos_oh_it,Product,float,FALSE,FALSE,FALSE,17,FALSE,FALSE,605,,,roundOfftoTwoDecimals,FALSE,,FALSE,{},TRUE,200,FALSE,FALSE
5002,WOS (OH + OO + IT),wos_oh_oo_it,Product,float,FALSE,FALSE,FALSE,18,FALSE,FALSE,606,,,roundOfftoTwoDecimals,FALSE,,FALSE,{},TRUE,200,FALSE,FALSE
5002,Store Count,store_count,Product,str,FALSE,FALSE,FALSE,37.1,FALSE,FALSE,320,,,,FALSE,,TRUE,{},TRUE,200,FALSE,FALSE
5002,Stockout,stockout,Product,link,FALSE,TRUE,FALSE,19,FALSE,FALSE,603,320,,,FALSE,,FALSE,{},TRUE,200,FALSE,FALSE
5002,Shortfall,shortfall,Product,link,FALSE,TRUE,FALSE,20,FALSE,FALSE,452,320,,,FALSE,,FALSE,{},TRUE,200,FALSE,FALSE
5002,Normal,normal,Product,link,FALSE,TRUE,FALSE,21,FALSE,FALSE,451,320,,,FALSE,,FALSE,{},TRUE,200,FALSE,FALSE
5002,Overstock,excess,Product,link,FALSE,TRUE,FALSE,22,FALSE,FALSE,450,320,,,FALSE,,FALSE,{},TRUE,200,FALSE,FALSE
5002,Last Allocated Date,last_allocated_date,Inventory,date,FALSE,FALSE,FALSE,28,,FALSE,32000010,,,,FALSE,,TRUE,{},TRUE,200,FALSE,FALSE
280,Action,action,Product,link,FALSE,FALSE,FALSE,7,FALSE,TRUE,280_action_Action_Product,,FALSE,FALSE,FALSE,FALSE,FALSE,{},FALSE,200,FALSE,FALSE
280,Priority,priority,Product,str,FALSE,FALSE,FALSE,4,FALSE,TRUE,280_priority_Priority_Product,,FALSE,FALSE,FALSE,FALSE,FALSE,{},FALSE,200,FALSE,FALSE
280,Rule Level ID,rcl_code,Product,str,FALSE,FALSE,FALSE,1,FALSE,TRUE,280_rcl_code_Rule Level ID_Product,,FALSE,FALSE,FALSE,FALSE,FALSE,{},FALSE,200,FALSE,FALSE
280,Selected Level,level,Product,list,FALSE,FALSE,FALSE,2,FALSE,TRUE,280_selected_level_Selected Level_Product,,,,FALSE,,FALSE,{},FALSE,200,FALSE,FALSE
180,Plan Name,name,Inventory,str,TRUE,FALSE,FALSE,1,FALSE,FALSE,2330,,,,FALSE,,TRUE,{},TRUE,300,FALSE,FALSE
180,# Allocated Master SKUs,no_allocated_articles,Inventory,int,FALSE,FALSE,FALSE,2,FALSE,FALSE,2337,,,,FALSE,,FALSE,{},TRUE,300,FALSE,FALSE
180,# Stores,no_stores_allocated,Inventory,int,FALSE,FALSE,FALSE,3,FALSE,FALSE,2338,,,,FALSE,,FALSE,{},TRUE,300,FALSE,FALSE
180,Total Allocated Quantity,total_allocated_qty,Inventory,int,FALSE,FALSE,FALSE,4,FALSE,FALSE,2339,,,,FALSE,,FALSE,{},TRUE,300,FALSE,FALSE
180,Created On,created_at,Inventory,datetime,FALSE,FALSE,FALSE,5,FALSE,FALSE,2336,,,MM-DD-YYYY,FALSE,,TRUE,"{""dateFormat"": ""MM-DD-YYYY""}",TRUE,300,FALSE,FALSE
180,Created By,created_by,Inventory,str,FALSE,FALSE,FALSE,6,FALSE,FALSE,2335,,,,FALSE,,TRUE,{},TRUE,300,FALSE,FALSE
180,Released On,updated_at,Inventory,datetime,FALSE,FALSE,FALSE,7,FALSE,FALSE,2332,,,MM-DD-YYYY,FALSE,,TRUE,"{""dateFormat"": ""MM-DD-YYYY""}",TRUE,300,FALSE,FALSE
180,Action,action,Inventory,review_btn,FALSE,TRUE,FALSE,8,FALSE,FALSE,2340,,,,FALSE,,FALSE,"{""ignore_in_api"": true}",FALSE,300,FALSE,FALSE
301,Action Item,name,Product,str,FALSE,FALSE,FALSE,1,FALSE,FALSE,2481,,,,FALSE,1,TRUE,{},TRUE,260,FALSE,FALSE
301,Description,description,Product,str,FALSE,FALSE,FALSE,2,FALSE,FALSE,2483,,,,FALSE,,TRUE,{},TRUE,670,FALSE,FALSE
301,# Master SKUs,article_count,Product,int,FALSE,FALSE,FALSE,3,FALSE,FALSE,2482,,,,FALSE,,TRUE,{},TRUE,260,FALSE,FALSE
187,PO Number,po_code,Inventory,str,FALSE,FALSE,FALSE,1,FALSE,FALSE,3270001,,,,FALSE,,TRUE,{},TRUE,200,FALSE,FALSE
187,# Master SKUs,style_count,Inventory,int,FALSE,FALSE,FALSE,1.2,FALSE,FALSE,3270010,,,,FALSE,,TRUE,{},TRUE,200,FALSE,FALSE
187,Master SKU ID,article,Inventory,str,FALSE,FALSE,FALSE,2,FALSE,FALSE,3270003,,,,FALSE,,TRUE,{},TRUE,200,FALSE,FALSE
187,Master SKU Description,product_description,Inventory,str,FALSE,FALSE,FALSE,3,FALSE,FALSE,3270007,,,,FALSE,,TRUE,{},TRUE,200,FALSE,FALSE
187,Delivery Date,requirement_date,Inventory,date,FALSE,FALSE,FALSE,4,FALSE,FALSE,3270002,,,MM-DD-YYYY,FALSE,,TRUE,{},TRUE,200,FALSE,FALSE
187,Launch Date,launch_date,Inventory,date,FALSE,FALSE,FALSE,5,FALSE,FALSE,3270009,,,MM-DD-YYYY,FALSE,,TRUE,"{""dateFormat"": ""MM-DD-YYYY""}",TRUE,200,FALSE,FALSE
187,Available To Allocate (Eaches),available_qty_eaches,Inventory,int,FALSE,FALSE,FALSE,6,FALSE,FALSE,3270004,,,,FALSE,,TRUE,{},TRUE,200,FALSE,FALSE
187,Available To Allocate (Packs),available_qty_packs,Inventory,int,FALSE,FALSE,FALSE,7,FALSE,FALSE,3270008,,,,FALSE,,FALSE,{},TRUE,200,FALSE,FALSE
324,PO Number,po_code,Inventory,str,FALSE,FALSE,FALSE,1,FALSE,FALSE,3280001,,,,FALSE,,FALSE,{},TRUE,200,FALSE,FALSE
324,Master SKU ID,style,Inventory,str,FALSE,FALSE,FALSE,2,FALSE,FALSE,3280002,,,,FALSE,,TRUE,{},TRUE,200,FALSE,FALSE
324,Master SKU Description,product_description,Inventory,str,FALSE,FALSE,FALSE,3,FALSE,FALSE,3280005,,,,FALSE,,TRUE,{},TRUE,200,FALSE,FALSE
324,Pack ID,pack_type_id,Inventory,str,FALSE,FALSE,FALSE,4,FALSE,FALSE,3280003,,,,FALSE,,TRUE,{},TRUE,200,FALSE,FALSE
324,Buyer,l2_name,Inventory,str,FALSE,FALSE,FALSE,6,FALSE,FALSE,3280006,,,,FALSE,,TRUE,{},TRUE,200,FALSE,FALSE
324,Primary Trait,primary_trait_desc,Inventory,str,FALSE,FALSE,FALSE,6.1,FALSE,FALSE,3280014,,,,FALSE,,TRUE,{},TRUE,200,FALSE,FALSE
324,Department,l3_name,Inventory,str,FALSE,FALSE,FALSE,7,FALSE,FALSE,3280007,,,,FALSE,,TRUE,{},TRUE,200,FALSE,FALSE
324,Class,l4_name,Inventory,str,FALSE,FALSE,FALSE,8,FALSE,FALSE,3280008,,,,FALSE,,TRUE,{},TRUE,200,FALSE,FALSE
324,Subclass,l5_name,Inventory,str,FALSE,FALSE,FALSE,9,FALSE,FALSE,3280009,,,,FALSE,,TRUE,{},TRUE,200,FALSE,FALSE
324,Launch Date,launch_date,Inventory,date,FALSE,FALSE,FALSE,11,FALSE,FALSE,3280011,,,,FALSE,,TRUE,{},TRUE,200,FALSE,FALSE
324,Available To Allocate (Eaches),available_qty_eaches,Inventory,int,FALSE,FALSE,FALSE,12,FALSE,FALSE,3280012,,,,FALSE,,TRUE,{},TRUE,200,FALSE,FALSE
324,Available To Allocate (Packs),available_qty_packs,Inventory,int,FALSE,FALSE,FALSE,13,FALSE,FALSE,3280013,,,,FALSE,,TRUE,{},TRUE,200,FALSE,FALSE
324,Last Allocated Date,last_allocated_date,Inventory,date,FALSE,FALSE,FALSE,14,,FALSE,32000012,,,,FALSE,,TRUE,{},TRUE,200,FALSE,FALSE
195,Allocation Name,plan_code,Inventory,str,TRUE,FALSE,FALSE,1,FALSE,FALSE,1650001,,,,FALSE,,FALSE,{},TRUE,200,FALSE,FALSE
195,Master SKU Information,master_sku_info,Product,str,FALSE,FALSE,FALSE,2.5,FALSE,FALSE,321032,,,,FALSE,,TRUE,{},TRUE,300,FALSE,FALSE
195,Master SKU ID,article,Inventory,str,FALSE,FALSE,FALSE,2,FALSE,FALSE,1650003,,,,FALSE,,TRUE,{},TRUE,200,FALSE,FALSE
195,Master SKU Description,product_description,Inventory,str,FALSE,FALSE,FALSE,3,FALSE,FALSE,1650006,321032,,,FALSE,,TRUE,"{""enableColumnExpand"": true, ""columnGroupShow"": ""open""}",TRUE,200,FALSE,FALSE
195,Buyer,l2_name,Inventory,str,FALSE,FALSE,FALSE,4,FALSE,FALSE,1650007,321032,,,FALSE,,TRUE,"{""enableColumnExpand"": true, ""columnGroupShow"": ""open""}",TRUE,200,FALSE,FALSE
195,Primary Trait,primary_trait_desc,Inventory,str,FALSE,FALSE,FALSE,5,FALSE,FALSE,1650002,321032,,,FALSE,,TRUE,"{""enableColumnExpand"": true, ""columnGroupShow"": ""open""}",TRUE,200,FALSE,FALSE
195,Department,l3_name,Inventory,str,FALSE,FALSE,FALSE,6,FALSE,FALSE,1650005,321032,,,FALSE,,TRUE,"{""enableColumnExpand"": true, ""columnGroupShow"": ""open""}",TRUE,200,FALSE,FALSE
195,Class,l4_name,Inventory,str,FALSE,FALSE,FALSE,7,FALSE,FALSE,1650004,321032,,,FALSE,,TRUE,"{""enableColumnExpand"": true, ""columnGroupShow"": ""open""}",TRUE,200,FALSE,FALSE
195,Subclass,l5_name,Inventory,str,FALSE,FALSE,FALSE,8,FALSE,FALSE,1650009,321032,,,FALSE,,TRUE,"{""enableColumnExpand"": true, ""columnGroupShow"": ""open""}",TRUE,200,FALSE,FALSE
195,Product Type,product_type,Inventory,str,FALSE,FALSE,FALSE,9,FALSE,FALSE,16500007,321032,,,FALSE,,TRUE,"{""enableColumnExpand"": true, ""columnGroupShow"": ""open""}",TRUE,200,FALSE,FALSE
195,Product Status,item_status,Inventory,str,FALSE,FALSE,FALSE,10,FALSE,FALSE,16500008,321032,,,FALSE,,TRUE,"{""enableColumnExpand"": true, ""columnGroupShow"": ""open""}",TRUE,200,FALSE,FALSE
195,Creation Date,created_at,Inventory,datetime,FALSE,FALSE,FALSE,15,FALSE,FALSE,165000017,,,MM-DD-YYYY,FALSE,,TRUE,{},TRUE,200,FALSE,FALSE
195,LW Units,lw_qty,Inventory,int,FALSE,FALSE,FALSE,17,FALSE,FALSE,165000011,,,,FALSE,,TRUE,{},TRUE,200,FALSE,FALSE
195,Allocated Quantity,allocated_total,Inventory,int,FALSE,FALSE,FALSE,18,FALSE,FALSE,165000018,,,,FALSE,,TRUE,{},TRUE,200,FALSE,FALSE
195,Bulk Remaining,net_available_to_allocate,Inventory,int,FALSE,FALSE,FALSE,19,FALSE,FALSE,165000019,,,,FALSE,,FALSE,{},TRUE,200,FALSE,FALSE
196,Allocation Name,plan_code,Inventory,str,TRUE,FALSE,FALSE,1,FALSE,FALSE,1660001,,,,FALSE,,FALSE,{},TRUE,200,FALSE,FALSE
196,# Master SKUs,art_count,Inventory,int,FALSE,FALSE,FALSE,2,FALSE,FALSE,1660010,,,,FALSE,,FALSE,{},TRUE,200,FALSE,FALSE
196,Creation Date,created_at,Inventory,datetime,FALSE,FALSE,FALSE,8,FALSE,FALSE,1660004,,,DD-MM-YYYY,FALSE,,FALSE,{},TRUE,200,FALSE,FALSE
196,Bulk Remaining,net_available_to_allocate,Inventory,int,FALSE,FALSE,FALSE,9,FALSE,FALSE,1660006,,,,FALSE,,FALSE,{},TRUE,200,FALSE,FALSE
196,Allocated Quantity,allocated_total,Inventory,int,FALSE,FALSE,FALSE,9.1,FALSE,FALSE,1660009,,,,FALSE,,FALSE,{},TRUE,200,FALSE,FALSE
196,Primary Trait,primary_trait_desc,Inventory,str,FALSE,FALSE,FALSE,1.2,FALSE,FALSE,1660011,,,,FALSE,,FALSE,{},TRUE,200,FALSE,FALSE
196,Last Allocated Date,last_allocated_date,Inventory,date,FALSE,FALSE,FALSE,9.3,,FALSE,32000030,,,,FALSE,,TRUE,{},TRUE,200,FALSE,FALSE
155,Master SKU ID,article,Product,str,TRUE,FALSE,FALSE,1,FALSE,FALSE,195001,,,,FALSE,,TRUE,{},TRUE,200,FALSE,FALSE
155,Master SKU Information,master_sku_info,Product,str,TRUE,FALSE,FALSE,1.5,FALSE,FALSE,195002,,,,FALSE,,TRUE,{},TRUE,200,FALSE,FALSE
155,Master SKU Description,product_description,Product,str,FALSE,FALSE,FALSE,2,FALSE,FALSE,1950002,195002,,,FALSE,,TRUE,{},TRUE,200,FALSE,FALSE
155,Buyer,l2_name,Product,str,FALSE,FALSE,FALSE,3,FALSE,FALSE,1950021,195002,,,FALSE,,TRUE,"{""enableColumnExpand"": true, ""columnGroupShow"": ""open""}",TRUE,200,FALSE,FALSE
155,Department,l3_name,Product,str,FALSE,FALSE,FALSE,4,FALSE,FALSE,195003,195002,,,FALSE,,TRUE,"{""enableColumnExpand"": true, ""columnGroupShow"": ""open""}",TRUE,200,FALSE,FALSE
155,Primary Trait,primary_trait_desc,Product,str,FALSE,FALSE,FALSE,5,FALSE,FALSE,195004,195002,,,FALSE,,TRUE,"{""enableColumnExpand"": true, ""columnGroupShow"": ""open""}",TRUE,200,FALSE,FALSE
155,Class,l4_name,Product,str,FALSE,FALSE,FALSE,6,FALSE,FALSE,195005,195002,,,FALSE,,TRUE,"{""enableColumnExpand"": true, ""columnGroupShow"": ""open""}",TRUE,200,FALSE,FALSE
155,Subclass,l5_name,Product,str,FALSE,FALSE,FALSE,7,FALSE,FALSE,195006,195002,,,FALSE,,TRUE,"{""enableColumnExpand"": true, ""columnGroupShow"": ""open""}",TRUE,200,FALSE,FALSE
155,Product Type,product_type,Product,str,FALSE,FALSE,FALSE,8,FALSE,FALSE,195007,,,,FALSE,,FALSE,{},TRUE,200,FALSE,FALSE
155,Product Status,item_status,Product,str,FALSE,FALSE,FALSE,9,FALSE,FALSE,195008,,,,FALSE,,FALSE,{},TRUE,200,FALSE,FALSE
155,Launch Date,launch_date,Product,str,FALSE,FALSE,FALSE,10,FALSE,FALSE,195009,,,,FALSE,,FALSE,{},TRUE,200,FALSE,FALSE
155,Store ID,store_code,Product,str,FALSE,FALSE,FALSE,12,FALSE,FALSE,195010,,,,FALSE,,FALSE,{},TRUE,200,FALSE,FALSE
155,Store Name,store_name,Product,str,FALSE,FALSE,FALSE,13,FALSE,FALSE,195011,,,,FALSE,,FALSE,{},TRUE,200,FALSE,FALSE
155,Channel,channel,Product,str,FALSE,FALSE,FALSE,14,FALSE,FALSE,195012,195011,,,FALSE,,FALSE,"{""enableColumnExpand"": true, ""columnGroupShow"": ""open""}",TRUE,200,FALSE,FALSE
155,Region,region,Product,str,FALSE,FALSE,FALSE,15,FALSE,FALSE,195013,195011,,,FALSE,,FALSE,"{""enableColumnExpand"": true, ""columnGroupShow"": ""open""}",TRUE,200,FALSE,FALSE
155,State,state,Product,str,FALSE,FALSE,FALSE,16,FALSE,FALSE,195014,195011,,,FALSE,,FALSE,"{""enableColumnExpand"": true, ""columnGroupShow"": ""open""}",TRUE,200,FALSE,FALSE
155,District,district,Product,str,FALSE,FALSE,FALSE,17,FALSE,FALSE,195015,195011,,,FALSE,,FALSE,"{""enableColumnExpand"": true, ""columnGroupShow"": ""open""}",TRUE,200,FALSE,FALSE
155,Store Format,store_attribute_1,Product,str,FALSE,FALSE,FALSE,18,FALSE,FALSE,195016,195011,,,FALSE,,FALSE,"{""enableColumnExpand"": true, ""columnGroupShow"": ""open""}",TRUE,200,FALSE,FALSE
155,Next 4 Weeks Forecast,next_4_week_forecast,Product,float,FALSE,FALSE,FALSE,19,FALSE,FALSE,195017,,,roundOfftoTwoDecimals,FALSE,,FALSE,{},TRUE,200,FALSE,FALSE
155,Past 4 Weeks Actuals,past_4_week_actuals,Product,float,FALSE,FALSE,FALSE,20,FALSE,FALSE,195018,,,roundOfftoTwoDecimals,FALSE,,FALSE,{},TRUE,200,FALSE,FALSE
155,Store OH,oh,Product,int,FALSE,FALSE,FALSE,21,FALSE,FALSE,195019,,,,FALSE,,FALSE,{},TRUE,200,FALSE,FALSE
155,Store OO,oo,Product,int,FALSE,FALSE,FALSE,22,FALSE,FALSE,195020,,,,FALSE,,FALSE,{},TRUE,200,FALSE,FALSE
155,Store IT,it,Product,int,FALSE,FALSE,FALSE,37.1,FALSE,FALSE,195021,,,,FALSE,,TRUE,{},TRUE,200,FALSE,FALSE
1600,Master SKU ID,article,product,str,FALSE,FALSE,FALSE,1,FALSE,FALSE,160001,,,,FALSE,,TRUE,{},TRUE,200,FALSE,FALSE
1600,Master SKU Information,product_description,product,str,FALSE,FALSE,FALSE,1.5,FALSE,FALSE,160002,,,,FALSE,,TRUE,{},TRUE,200,FALSE,FALSE
1600,Master SKU Description,product_description,product,str,FALSE,FALSE,FALSE,2,FALSE,FALSE,1600002,160002,,,FALSE,,TRUE,{},TRUE,200,FALSE,FALSE
1600,Buyer,l2_name,product,str,FALSE,FALSE,FALSE,3,FALSE,FALSE,160003,160002,,,FALSE,,TRUE,"{""enableColumnExpand"": true, ""columnGroupShow"": ""open""}",TRUE,200,FALSE,FALSE
1600,Primary Trait,primary_trait_desc,product,str,FALSE,FALSE,FALSE,5,FALSE,FALSE,160004,160002,,,FALSE,,TRUE,"{""enableColumnExpand"": true, ""columnGroupShow"": ""open""}",TRUE,200,FALSE,FALSE
1600,Department,l3_name,product,str,FALSE,FALSE,FALSE,4,FALSE,FALSE,160005,160002,,,FALSE,,TRUE,"{""enableColumnExpand"": true, ""columnGroupShow"": ""open""}",TRUE,200,FALSE,FALSE
1600,Class,l4_name,product,str,FALSE,FALSE,FALSE,6,FALSE,FALSE,160006,160002,,,FALSE,,TRUE,"{""enableColumnExpand"": true, ""columnGroupShow"": ""open""}",TRUE,200,FALSE,FALSE
1600,Subclass,l5_name,product,str,FALSE,FALSE,FALSE,7,FALSE,FALSE,160007,160002,,,FALSE,,TRUE,"{""enableColumnExpand"": true, ""columnGroupShow"": ""open""}",TRUE,200,FALSE,FALSE
1600,Product Type,product_type,product,str,FALSE,FALSE,FALSE,8,FALSE,FALSE,160008,,,,FALSE,,TRUE,"{""enableColumnExpand"": true, ""columnGroupShow"": ""open""}",TRUE,200,FALSE,FALSE
1600,Product Status,item_status,product,str,FALSE,FALSE,FALSE,9,FALSE,FALSE,160009,,,,FALSE,,TRUE,"{""enableColumnExpand"": true, ""columnGroupShow"": ""open""}",TRUE,200,FALSE,FALSE
1600,OH,oh,product,int,FALSE,FALSE,FALSE,10,FALSE,FALSE,160010,,,,FALSE,,TRUE,{},TRUE,200,FALSE,FALSE
1600,OO,oo,product,int,FALSE,FALSE,FALSE,11,FALSE,FALSE,160011,,,,FALSE,,TRUE,{},TRUE,200,FALSE,FALSE
1600,IT,it,product,int,FALSE,FALSE,FALSE,12,FALSE,FALSE,160012,,,,FALSE,,TRUE,{},TRUE,200,FALSE,FALSE
1600,OH + OO + IT,oh_oo_it,product,int,FALSE,FALSE,FALSE,13,FALSE,FALSE,160013,,,,FALSE,,TRUE,{},TRUE,200,FALSE,FALSE
1600,Past 4 Weeks Actuals,article_past_4_week_actuals,product,float,FALSE,FALSE,FALSE,14,FALSE,FALSE,160014,,,roundOfftoTwoDecimals,FALSE,,TRUE,{},TRUE,200,FALSE,FALSE
1600,Next 4 Weeks Forecast,article_next_4_week_forecast,product,float,FALSE,FALSE,FALSE,15,FALSE,FALSE,160015,,,roundOfftoTwoDecimals,FALSE,,TRUE,{},TRUE,200,FALSE,FALSE
249,Rule ID,rule_code,product,str,TRUE,FALSE,FALSE,1,,FALSE,60502,,,,FALSE,,TRUE,{},FALSE,200,FALSE,FALSE
249,Rule Creation Level,rcl_code,product,str,TRUE,FALSE,FALSE,2,,FALSE,60501,,,,FALSE,,TRUE,{},FALSE,200,FALSE,FALSE
249,Rule Name,rule_name,product,str,FALSE,TRUE,FALSE,3,,FALSE,60528,,,,FALSE,,TRUE,{},FALSE,200,FALSE,FALSE
249,Division,l0_name,product,str,FALSE,FALSE,FALSE,3.1,,FALSE,60530,,,,FALSE,,TRUE,{},FALSE,200,FALSE,FALSE
249,Group,l1_name,product,str,FALSE,FALSE,FALSE,3.2,,FALSE,60529,,,,FALSE,,TRUE,{},FALSE,200,FALSE,FALSE
249,Buyer,l2_name,product,str,FALSE,FALSE,FALSE,4,,FALSE,60503,,,,FALSE,,TRUE,{},FALSE,200,FALSE,FALSE
249,Department,l3_name,product,str,FALSE,FALSE,FALSE,5,,FALSE,60504,,,,FALSE,,TRUE,{},FALSE,200,FALSE,FALSE
249,Primary Trait,Primary_trait_desc,product,str,FALSE,FALSE,FALSE,6,,FALSE,60505,,,,FALSE,,TRUE,{},FALSE,200,FALSE,FALSE
249,Class,l4_name,product,str,FALSE,FALSE,FALSE,7,,FALSE,60506,,,,FALSE,,TRUE,{},FALSE,200,FALSE,FALSE
249,Subclass,l5_name,product,str,FALSE,FALSE,FALSE,8,,FALSE,60507,,,,FALSE,,TRUE,{},FALSE,200,FALSE,FALSE
249,Master SKU ID,article,product,str,FALSE,FALSE,FALSE,9,,FALSE,60508,,,,FALSE,,TRUE,{},FALSE,200,FALSE,FALSE
249,Secondary Trait,Uda_value_desc,product,str,FALSE,FALSE,FALSE,10,,FALSE,60509,,,,FALSE,,TRUE,{},FALSE,200,FALSE,FALSE
249,Product Type,Product_type,product,str,FALSE,FALSE,FALSE,11,,FALSE,60510,,,,FALSE,,TRUE,{},FALSE,200,FALSE,FALSE
249,Product Status,Item_status,product,str,FALSE,FALSE,FALSE,12,,FALSE,60511,,,,FALSE,,TRUE,{},FALSE,200,FALSE,FALSE
249,Color,color_desc,product,str,FALSE,FALSE,FALSE,12.2,,FALSE,60532,,,,FALSE,,TRUE,{},FALSE,200,FALSE,FALSE
249,Size,size,product,str,FALSE,FALSE,FALSE,12.3,,FALSE,60533,,,,FALSE,,TRUE,{},FALSE,200,FALSE,FALSE
249,Store,psa_name,product,str,FALSE,FALSE,FALSE,13,,FALSE,60519,,,,FALSE,,TRUE,{},FALSE,200,FALSE,FALSE
249,Updated By,user,Product,str,FALSE,FALSE,FALSE,14,FALSE,TRUE,60526,,FALSE,FALSE,FALSE,FALSE,FALSE,{},FALSE,200,FALSE,FALSE
249,Last modified,updated_at,Product,datetime,FALSE,FALSE,FALSE,15,,TRUE,60527,,FALSE,MM-DD-YYYY,FALSE,FALSE,FALSE,"{""dateFormat"": ""MM-DD-YYYY""}",FALSE,200,FALSE,FALSE
249,WOS,wos,product,int,FALSE,TRUE,FALSE,16,,FALSE,60520,,,,FALSE,,FALSE,"{ ""min"": 0, ""max"": 52 }",FALSE,200,FALSE,FALSE
249,Max,max_stock,product,int,FALSE,TRUE,FALSE,17,,FALSE,60521,,,,FALSE,,FALSE,"{""dynamicMinKey"": ""min_stock"",""dynamicMinMaxOnBlur"": true,""typeFormat"": ""number"",""noNullValues"": true,""width"": 250}",FALSE,200,FALSE,FALSE
249,Min,min_stock,product,int,FALSE,TRUE,FALSE,18,,FALSE,60522,,,,FALSE,,FALSE,"{""dynamicMaxKey"": ""max_stock"",""dynamicMinMaxOnBlur"": true,""typeFormat"": ""number"",""width"": 250}",FALSE,200,FALSE,FALSE
249,Min Distribution By Size,min_distribution_type,product,str,FALSE,FALSE,FALSE,18.1,,FALSE,60525,,,,FALSE,,TRUE,{},FALSE,200,FALSE,FALSE
249,Start Date,start_date,product,datetime,FALSE,TRUE,FALSE,19,,FALSE,60523,,,,FALSE,,FALSE,"{""dateFormat"": ""MM-DD-YYYY"",""disablePast"": true}",FALSE,200,FALSE,FALSE
249,End Date,end_date,product,datetime,FALSE,TRUE,FALSE,20,,FALSE,60524,,,,FALSE,,FALSE,"{""dateFormat"": ""MM-DD-YYYY"",""disablePast"": true}",FALSE,200,FALSE,FALSE
147,Main Master SKU,new_article,Inventory,str,FALSE,FALSE,FALSE,3,,FALSE,650062,,,,FALSE,,FALSE,{},FALSE,200,FALSE,FALSE
147,Sub Master SKU,old_article,Inventory,str,FALSE,FALSE,FALSE,6,,FALSE,650066,,,,FALSE,,FALSE,{},FALSE,200,FALSE,FALSE
147,Main Product Code,new_product_code,Inventory,str,FALSE,FALSE,FALSE,1,,FALSE,650060,,,,FALSE,,FALSE,{},FALSE,210,FALSE,FALSE
147,Main Product Size,new_style_size,Inventory,str,FALSE,FALSE,FALSE,2,,FALSE,650061,,,,FALSE,,FALSE,{},FALSE,210,FALSE,FALSE
147,Sub Product Code,old_product_code,Inventory,str,FALSE,FALSE,FALSE,4,,FALSE,650064,,,,FALSE,,FALSE,{},FALSE,210,FALSE,FALSE
147,Sub Product Size,old_style_size,Inventory,str,FALSE,FALSE,FALSE,5,,FALSE,650065,,,,FALSE,,FALSE,{},FALSE,210,FALSE,FALSE
147,Main Product Description,new_product_description,Inventory,str,FALSE,FALSE,FALSE,4,,FALSE,650063,,,,FALSE,,FALSE,{},FALSE,210,FALSE,FALSE
147,Sub Product Description,old_product_description,Inventory,str,FALSE,FALSE,FALSE,5,,FALSE,650067,,,,FALSE,,FALSE,{},FALSE,210,FALSE,FALSE
140,Channel,channel,Store,TextField,FALSE,FALSE,FALSE,9,FALSE,TRUE,2811,,,,FALSE,,FALSE,"{""store_attribute_column"": true}",FALSE,300,FALSE,FALSE
140,Country,country,Store,TextField,FALSE,FALSE,FALSE,7,FALSE,TRUE,2810,,,,FALSE,,FALSE,"{""store_attribute_column"": true}",FALSE,300,FALSE,FALSE
140,District,district,Store,TextField,FALSE,FALSE,FALSE,6,FALSE,TRUE,2814,,,,FALSE,,FALSE,"{""store_attribute_column"": true}",FALSE,300,FALSE,FALSE
140,Region,region,Store,TextField,FALSE,FALSE,FALSE,4,FALSE,TRUE,2813,,,,FALSE,,FALSE,"{""store_attribute_column"": true}",FALSE,300,FALSE,FALSE
140,State,state,Store,TextField,FALSE,FALSE,FALSE,5,FALSE,TRUE,2812,,,,FALSE,,FALSE,"{""store_attribute_column"": true}",FALSE,300,FALSE,FALSE
140,Store ID,store_code,Store,list,FALSE,TRUE,FALSE,1,FALSE,TRUE,2821,,,,FALSE,,FALSE,"{""store_attribute_column"": false}",FALSE,300,FALSE,FALSE
140,Store Layout,store_attribute_1,Store,TextField,FALSE,FALSE,FALSE,2,FALSE,TRUE,2820,,,,FALSE,,FALSE,"{""store_attribute_column"": true}",FALSE,300,FALSE,FALSE
140,Store Name,store_name,Store,TextField,FALSE,FALSE,FALSE,8,FALSE,TRUE,2819,,,,FALSE,,FALSE,"{""store_attribute_column"": false}",FALSE,300,FALSE,FALSE
140,Store Opening Date,open_date,Store,TextField,FALSE,FALSE,FALSE,8,FALSE,FALSE,2823,,,,FALSE,,FALSE,"{""store_attribute_column"": true}",FALSE,300,FALSE,FALSE
151,Main Product Code,new_product_code,Inventory,str,FALSE,FALSE,FALSE,2,,FALSE,650072,,,,FALSE,,FALSE,{},FALSE,210,FALSE,FALSE
151,Main Product Size,new_style_size,Inventory,str,FALSE,FALSE,FALSE,1,,FALSE,650070,,,,FALSE,,FALSE,{},FALSE,210,FALSE,FALSE
151,Sub Product Code,old_product_code_num_arr,Inventory,str,FALSE,FALSE,FALSE,3,,FALSE,650071,,,,FALSE,,FALSE,{},FALSE,210,FALSE,FALSE
151,Sub Product Size,old_product_code,Inventory,dynamic-list,FALSE,TRUE,FALSE,4,,FALSE,650073,,,,FALSE,,FALSE,"{""is_multi"":true,""is_clearable"":true,""options_column"":""old_product_code_options"",""is_option_clearable"":true}",FALSE,210,FALSE,FALSE
104,Store Number,store_code,Inventory,str,FALSE,FALSE,FALSE,1,FALSE,FALSE,32403,,,,FALSE,,TRUE,{},TRUE,170,FALSE,FALSE
104,Store Name,store_name,Inventory,str,FALSE,FALSE,FALSE,2,FALSE,FALSE,32402,,,,FALSE,,TRUE,{},TRUE,170,FALSE,FALSE
104,Store Opening Date,store_opening_date,Inventory,date,FALSE,FALSE,FALSE,3,FALSE,FALSE,32404,,,,FALSE,,FALSE,{},TRUE,170,FALSE,FALSE
104,Edit,edit,Inventory,edit_icon,FALSE,TRUE,FALSE,4,FALSE,FALSE,32401,,,,FALSE,,FALSE,{},FALSE,170,FALSE,FALSE
104,Delete,delete,Inventory,delete_icon,FALSE,TRUE,FALSE,5,FALSE,FALSE,32400,,,,FALSE,,FALSE,{},FALSE,170,FALSE,FALSE
107,Buyer,l2_name,product,dynamic-list,FALSE,TRUE,FALSE,3,FALSE,TRUE,32412,,,,FALSE,,FALSE,"{
  ""options_column"": ""l2_name_options"",
  ""is_multi"": true,
  ""width"": 200,
  ""onChangeCustomFunction"": true
}",TRUE,170,FALSE,FALSE
107,Sister Store,store_code,store,dynamic-list,FALSE,TRUE,FALSE,16,FALSE,FALSE,32425,,,,FALSE,,FALSE,"{
  ""options_column"": ""store_code_options"",
  ""is_multi"": false,
  ""width"": 200,
  ""onChangeCustomFunction"": true
}",TRUE,170,FALSE,FALSE
107,Multiplier,multiplier,Inventory,float,FALSE,TRUE,FALSE,17,FALSE,FALSE,32426,,,,FALSE,,FALSE,"{""ignoreFormatting"": true}",TRUE,170,FALSE,FALSE
243,Master SKU Information,product_description,Product,str,FALSE,FALSE,FALSE,1.5,FALSE,FALSE,321020,,,,FALSE,,TRUE,{},TRUE,200,FALSE,FALSE
243,Buyer,l2_name,product,str,FALSE,FALSE,FALSE,2,FALSE,FALSE,243001,321020,,,FALSE,,FALSE,"{""enableColumnExpand"": true, ""columnGroupShow"": ""open""}",FALSE,200,FALSE,FALSE
243,Primary Trait,primary_trait_desc,product,str,FALSE,FALSE,FALSE,4,FALSE,FALSE,243002,321020,,,FALSE,,TRUE,"{""enableColumnExpand"": true, ""columnGroupShow"": ""open""}",TRUE,200,FALSE,FALSE
243,Department,l3_name,product,str,FALSE,FALSE,TRUE,3,FALSE,FALSE,243003,321020,,,FALSE,,TRUE,"{""enableColumnExpand"": true, ""columnGroupShow"": ""open""}",TRUE,200,FALSE,FALSE
243,Class,l4_name,product,str,FALSE,FALSE,FALSE,4,FALSE,FALSE,243004,321020,,,FALSE,,TRUE,"{""enableColumnExpand"": true, ""columnGroupShow"": ""open""}",TRUE,200,FALSE,FALSE
243,Subclass,l5_name,product,str,FALSE,FALSE,FALSE,5,FALSE,FALSE,243005,321020,,,FALSE,,TRUE,"{""enableColumnExpand"": true, ""columnGroupShow"": ""open""}",TRUE,200,FALSE,FALSE
243,Master SKU ID,article,product,str,TRUE,FALSE,FALSE,1,FALSE,FALSE,243006,,,,FALSE,,FALSE,"{""enableColumnExpand"": true, ""columnGroupShow"": ""open""}",FALSE,200,FALSE,FALSE
243,Master SKU Description,product_description,product,str,FALSE,FALSE,FALSE,2,FALSE,FALSE,243007,321020,,,FALSE,,FALSE,{},FALSE,200,FALSE,FALSE
243,Product Type,product_type,product,str,FALSE,FALSE,FALSE,8,FALSE,FALSE,243008,321020,,,FALSE,,FALSE,"{""enableColumnExpand"": true, ""columnGroupShow"": ""open""}",FALSE,200,FALSE,FALSE
243,Launch Date,launch_date,product,str,FALSE,FALSE,FALSE,8,FALSE,FALSE,243009,,,,FALSE,,FALSE,{},FALSE,200,FALSE,FALSE
243,Product Status,item_status,product,str,FALSE,FALSE,FALSE,10,FALSE,FALSE,243010,,,,FALSE,,FALSE,{},FALSE,200,FALSE,FALSE
243,Store Information,store,product,str,FALSE,FALSE,FALSE,11,FALSE,FALSE,321148,,,,FALSE,,FALSE,{},FALSE,200,FALSE,FALSE
243,Store ID,store_code,store,str,FALSE,FALSE,FALSE,11,FALSE,FALSE,243011,321148,,,FALSE,,FALSE,{},FALSE,200,FALSE,FALSE
243,Store Name,store_name,store,str,FALSE,FALSE,FALSE,12,FALSE,FALSE,243012,321148,,,FALSE,,FALSE,"{""enableColumnExpand"": true, ""columnGroupShow"": ""open""}",FALSE,200,FALSE,FALSE
243,Store Tier,store_tier,store,str,FALSE,FALSE,FALSE,13,FALSE,FALSE,243013,321148,,,FALSE,,FALSE,"{""enableColumnExpand"": true, ""columnGroupShow"": ""open""}",FALSE,200,FALSE,FALSE
243,Store Format,store_attribute_1,store,str,FALSE,FALSE,FALSE,14,FALSE,FALSE,243014,321148,,,FALSE,,FALSE,"{""enableColumnExpand"": true, ""columnGroupShow"": ""open""}",FALSE,200,FALSE,FALSE
243,Total Allocated,total_allocated,product,str,FALSE,FALSE,FALSE,15,FALSE,FALSE,243015,,,,FALSE,,FALSE,{},FALSE,200,FALSE,FALSE
243,Qty Match % (Plan vs Actual),qty_match_plan_vs_actual,product,percentage,FALSE,FALSE,FALSE,16,FALSE,FALSE,243016,,,,FALSE,,FALSE,{},FALSE,200,FALSE,FALSE
243,Size Match % (Plan vs Actual),size_match_plan_vs_actual,product,percentage,FALSE,FALSE,FALSE,17,FALSE,FALSE,243017,,,,FALSE,,FALSE,{},FALSE,200,FALSE,FALSE
243,Qty Match % (Actual vs Sales),qty_match_actual_vs_sales,product,percentage,FALSE,FALSE,FALSE,18,FALSE,FALSE,243018,,,,FALSE,,FALSE,{},FALSE,200,FALSE,FALSE
243,Size Match % (Actual vs Sales),size_match_actual_vs_sales,product,percentage,FALSE,FALSE,FALSE,19,FALSE,FALSE,243019,,,,FALSE,,FALSE,{},FALSE,200,FALSE,FALSE
243,Demand Forecast,demand_forecast,product,int,FALSE,FALSE,FALSE,20,FALSE,FALSE,243020,,,,FALSE,,FALSE,{},FALSE,200,FALSE,FALSE
243,Min,min,product,int,FALSE,FALSE,FALSE,21,FALSE,FALSE,243021,,,,FALSE,,FALSE,{},FALSE,200,FALSE,FALSE
243,Max,max,product,int,FALSE,FALSE,FALSE,22,FALSE,FALSE,243022,,,,FALSE,,FALSE,{},FALSE,200,FALSE,FALSE
243,WOS,wos,product,int,FALSE,FALSE,FALSE,23,FALSE,FALSE,243023,,,,FALSE,,FALSE,{},FALSE,200,FALSE,FALSE
243,(OH + OO + IT) + Allocated,wos_oh_oo_it_allocated,product,float,FALSE,FALSE,FALSE,24,FALSE,FALSE,243024,,,,FALSE,,FALSE,{},FALSE,200,FALSE,FALSE
243,(OH + OO + IT),wos_oh_oo_it,product,float,FALSE,FALSE,FALSE,25,FALSE,FALSE,243025,,,,FALSE,,FALSE,{},FALSE,200,FALSE,FALSE
243,(OH + OO),wos_oh_oo,product,float,FALSE,FALSE,FALSE,26,FALSE,FALSE,243026,,,,FALSE,,FALSE,{},FALSE,200,FALSE,FALSE
243,(OH),wos_oh,product,float,FALSE,FALSE,FALSE,27,FALSE,FALSE,243027,,,,FALSE,,FALSE,{},FALSE,200,FALSE,FALSE
243,Store In Stock,in_stock_perc,product,percentage,FALSE,FALSE,FALSE,28,FALSE,FALSE,243028,,,,FALSE,,FALSE,{},FALSE,200,FALSE,FALSE
243,On Hand,oh,product,float,FALSE,FALSE,FALSE,29,FALSE,FALSE,243029,,,,FALSE,,FALSE,{},FALSE,200,FALSE,FALSE
243,In Transit,it,product,float,FALSE,FALSE,FALSE,30,FALSE,FALSE,243030,,,,FALSE,,FALSE,{},FALSE,200,FALSE,FALSE
243,On Order,oo,product,float,FALSE,FALSE,FALSE,31,FALSE,FALSE,243031,,,,FALSE,,FALSE,{},FALSE,200,FALSE,FALSE
243,Total Inventory,total_inv,product,float,FALSE,FALSE,FALSE,32,FALSE,FALSE,243032,,,,FALSE,,FALSE,{},FALSE,200,FALSE,FALSE
243,Remaining Available To Allocate,remaining_available_to_allocate,product,float,FALSE,FALSE,FALSE,33,FALSE,FALSE,243033,,,,FALSE,,FALSE,{},FALSE,200,FALSE,FALSE
317,Allocation Plan Name,allocated_plan_name,Inventory,str,FALSE,FALSE,FALSE,1,FALSE,FALSE,9103,,,,FALSE,,TRUE,{},TRUE,200,FALSE,FALSE
317,DC Number,dc_code,Store,int,FALSE,FALSE,FALSE,1.1,FALSE,FALSE,271189,,,,FALSE,,TRUE,"{""cast"" : ""dc_code::integer"", ""disableCommaFormatting"": true}",TRUE,200,FALSE,FALSE
317,Master SKU Information,product_description,Product,str,FALSE,FALSE,FALSE,1.5,FALSE,FALSE,321021,,,,FALSE,,TRUE,{},TRUE,200,FALSE,FALSE
317,Buyer,l2_name,Inventory,str,FALSE,FALSE,FALSE,4,FALSE,FALSE,9115,321021,,,FALSE,,TRUE,"{""enableColumnExpand"": true, ""columnGroupShow"": ""open""}",TRUE,200,FALSE,FALSE
317,Master SKU ID,article,Inventory,str,TRUE,FALSE,FALSE,1,FALSE,FALSE,9105,,,,FALSE,,TRUE,"{""enableColumnExpand"": true, ""columnGroupShow"": ""open""}",TRUE,200,FALSE,FALSE
317,Primary Trait,primary_trait_desc,Inventory,str,FALSE,FALSE,FALSE,5,FALSE,FALSE,9104,321021,,,FALSE,,TRUE,"{""enableColumnExpand"": true, ""columnGroupShow"": ""open""}",TRUE,200,FALSE,FALSE
317,Master SKU Description,product_description,Inventory,str,FALSE,FALSE,FALSE,2,FALSE,FALSE,9112,321021,,,FALSE,,TRUE,{},TRUE,200,FALSE,FALSE
317,Total Units Allocated,total_units_allocated,Inventory,int,FALSE,FALSE,FALSE,6,FALSE,FALSE,19109,,,roundOfftoTwoDecimals,FALSE,,TRUE,"{""multiplier"": true}",TRUE,200,FALSE,FALSE
317,Min Units Allocated,min_units_allocation,Inventory,int,FALSE,FALSE,FALSE,7,FALSE,FALSE,9100,,,,FALSE,,TRUE,{},TRUE,200,FALSE,FALSE
317,WOS Units Allocated,wos_units_allocation,Inventory,int,FALSE,FALSE,FALSE,8,FALSE,FALSE,9107,,,,FALSE,,TRUE,{},TRUE,200,FALSE,FALSE
317,DC Available,inv_avai,Inventory,int,FALSE,FALSE,FALSE,9,FALSE,FALSE,9113,,,,FALSE,,TRUE,{},TRUE,200,FALSE,FALSE
317,Reserve Quantity,reserve_quantity,Inventory,int,FALSE,FALSE,FALSE,10,FALSE,FALSE,317007,,,,FALSE,,TRUE,{},TRUE,200,FALSE,FALSE
317,# Of Packs,ata_packs,Inventory,int,FALSE,FALSE,FALSE,11,FALSE,FALSE,9111,,,,FALSE,,TRUE,{},TRUE,200,FALSE,FALSE
317,# Of Eaches,ata_eaches,Inventory,int,FALSE,FALSE,FALSE,12,FALSE,FALSE,19110,,,,FALSE,,TRUE,{},TRUE,200,FALSE,FALSE
317,Store In Stock,store_in_stock,Inventory,int,FALSE,FALSE,FALSE,13,FALSE,FALSE,9106,,,,FALSE,,TRUE,{},TRUE,200,FALSE,FALSE
317,Instock With DC ATA,store_in_stock_ata,Inventory,int,FALSE,FALSE,FALSE,14,FALSE,FALSE,9108,,,roundOfftoTwoDecimals,FALSE,,TRUE,"{""multiplier"": true}",TRUE,200,FALSE,FALSE
317,Store OH,oh_total,Inventory,int,FALSE,FALSE,FALSE,15,FALSE,FALSE,9109,,,,FALSE,,TRUE,{},TRUE,200,FALSE,FALSE
317,Store OO,oo_total,Inventory,int,FALSE,FALSE,FALSE,16,FALSE,FALSE,9110,,,,FALSE,,TRUE,{},TRUE,200,FALSE,FALSE
317,Store IT,it_total,Inventory,int,FALSE,FALSE,FALSE,17,FALSE,FALSE,9102,,,,FALSE,,TRUE,{},TRUE,200,FALSE,FALSE
317,Remaining Available To Allocate,remaining_available_to_allocate,Inventory,int,FALSE,FALSE,FALSE,18,FALSE,FALSE,9101,,,,FALSE,,TRUE,{},TRUE,200,FALSE,FALSE
276,Rule ID,c_rule_code,Inventory,str,TRUE,FALSE,FALSE,1,FALSE,FALSE,882050,,,,FALSE,,TRUE,{},FALSE,200,FALSE,FALSE
276,Rule Creation Level,c_rcl_code,Inventory,str,TRUE,FALSE,FALSE,2,FALSE,FALSE,882051,,,,FALSE,,TRUE,{},FALSE,200,FALSE,FALSE
276,Rule Name,rule_name,Inventory,str,TRUE,FALSE,FALSE,2.1,FALSE,FALSE,883059,,,,FALSE,,TRUE,{},FALSE,200,FALSE,FALSE
276,Buyer,l2_name,Product,str,FALSE,FALSE,FALSE,3,FALSE,FALSE,882052,,,,FALSE,,TRUE,{},FALSE,200,FALSE,FALSE
276,Primary Trait,primary_trait_desc,Product,str,FALSE,FALSE,FALSE,4,FALSE,FALSE,882053,,,,FALSE,,TRUE,{},FALSE,200,FALSE,FALSE
276,Department,l3_name,Product,str,FALSE,FALSE,FALSE,5,FALSE,FALSE,882054,,,,FALSE,,TRUE,{},FALSE,200,FALSE,FALSE
276,Class,l4_name,Product,str,FALSE,FALSE,FALSE,7,FALSE,FALSE,882056,,,,FALSE,,TRUE,{},FALSE,200,FALSE,FALSE
276,Sub Class,l5_name,Product,str,FALSE,FALSE,FALSE,8,FALSE,FALSE,882057,,,,FALSE,,TRUE,{},FALSE,200,FALSE,FALSE
276,Master SKU ID,article,Product,str,FALSE,FALSE,FALSE,9,FALSE,FALSE,882058,,,,FALSE,,TRUE,{},FALSE,200,FALSE,FALSE
276,Secondary Trait,uda_value_desc,Product,str,FALSE,FALSE,FALSE,9.1,FALSE,FALSE,88111,,,,FALSE,,TRUE,{},FALSE,200,FALSE,FALSE
276,Product Type,product_type,Product,str,FALSE,FALSE,FALSE,9.2,FALSE,FALSE,88112,,,,FALSE,,TRUE,{},FALSE,200,FALSE,FALSE
276,Product Status,item_status,Product,date,FALSE,FALSE,FALSE,9.3,FALSE,FALSE,88113,,,,FALSE,,TRUE,{},FALSE,200,FALSE,FALSE
276,Store/Store Groups Mapped,store_store_groups_mapped,Inventory,link,FALSE,FALSE,FALSE,13,FALSE,FALSE,882062,,,,FALSE,,FALSE,{},FALSE,200,FALSE,FALSE
276,From Date,start_date,Inventory,datetime,FALSE,TRUE,FALSE,14,FALSE,FALSE,882063,,,,FALSE,,TRUE,{},FALSE,400,FALSE,FALSE
276,To Date,end_date,Inventory,datetime,FALSE,TRUE,FALSE,15,FALSE,FALSE,882064,,,,FALSE,,TRUE,{},FALSE,400,FALSE,FALSE
276,Product Profile,product_profile,Inventory,link,FALSE,FALSE,FALSE,16,FALSE,FALSE,882065,,,,FALSE,,FALSE,{},FALSE,200,FALSE,FALSE
276,DC To Store Strategy,dc_store_rule_name,Inventory,link,FALSE,FALSE,FALSE,17,FALSE,FALSE,882066,,,,FALSE,,FALSE,{},FALSE,200,FALSE,FALSE
276,Auto Allocation Rules,auto_allocation_rule_name,Inventory,link,FALSE,FALSE,FALSE,18,FALSE,FALSE,882067,,,,FALSE,,FALSE,{},FALSE,200,FALSE,FALSE
276,Auto Allocation Scheduler,auto_allocation_schedular_name,Inventory,link,FALSE,FALSE,FALSE,19,FALSE,FALSE,882068,,,,FALSE,,TRUE,{},FALSE,200,FALSE,FALSE
86,Product Profile,name,Product Profile,link,TRUE,TRUE,FALSE,1,FALSE,TRUE,320047,,,,FALSE,,TRUE,{},TRUE,200,FALSE,FALSE
86,Buyer,l2_name,Product Profile,str,FALSE,FALSE,FALSE,2,FALSE,TRUE,320042,,,,FALSE,,TRUE,{},TRUE,200,FALSE,FALSE
86,Department,l3_name,Product Profile,str,FALSE,FALSE,FALSE,3,FALSE,TRUE,320049,,,,FALSE,,TRUE,{},TRUE,200,FALSE,FALSE
86,Class,l4_name,Product Profile,str,FALSE,FALSE,FALSE,4,FALSE,TRUE,320048,,,,FALSE,,TRUE,{},TRUE,200,FALSE,FALSE
86,Subclass,l5_name,Product Profile,str,FALSE,FALSE,FALSE,5,FALSE,TRUE,320050,,,,FALSE,,TRUE,{},TRUE,200,FALSE,FALSE
86,Product Attribute,product_value,Product Profile,str,FALSE,FALSE,FALSE,6,FALSE,TRUE,320046,,,,FALSE,,FALSE,{},TRUE,200,FALSE,FALSE
86,Created At,created_at,Product Profile,datetime,FALSE,FALSE,FALSE,7,FALSE,TRUE,320043,,,MM-DD-YYYY,FALSE,,TRUE,{},TRUE,200,FALSE,FALSE
86,Created By,user_name,Product Profile,str,FALSE,FALSE,FALSE,8,FALSE,TRUE,320044,,,,FALSE,,TRUE,{},TRUE,200,FALSE,FALSE
86,Delete,delete,Product Profile,delete_icon,FALSE,TRUE,FALSE,9,FALSE,TRUE,320045,,,,FALSE,,FALSE,{},TRUE,200,FALSE,FALSE
12,Master SKU ID,article,Product,str,FALSE,FALSE,FALSE,1,FALSE,FALSE,281_article_Article_Product,,,,FALSE,,TRUE,{},TRUE,200,FALSE,FALSE
12,Master SKU Description,product_description,Product,str,FALSE,FALSE,FALSE,2,,FALSE,b5d9a5f8-add4-45c1-b539-891743ec7f87,,,,FALSE,,TRUE,{},TRUE,200,FALSE,FALSE
12,Buyer,l2_name,Product,str,FALSE,FALSE,FALSE,3,FALSE,FALSE,281_l2_name_Brand_Product,,,,FALSE,,TRUE,{},TRUE,200,FALSE,FALSE
12,Primary Trait,primary_trait_desc,Product,str,FALSE,FALSE,FALSE,4,FALSE,FALSE,281_l0_name_Country_Product,,,,FALSE,,TRUE,{},TRUE,200,FALSE,FALSE
12,Department,l3_name,Product,str,FALSE,FALSE,FALSE,5,FALSE,FALSE,281_l3_name_SBU_Product,,,,FALSE,,TRUE,{},TRUE,200,FALSE,FALSE
12,Class,l4_name,Product,str,FALSE,FALSE,FALSE,6,FALSE,FALSE,281_size_Size_Product,,,,FALSE,,TRUE,{},TRUE,200,FALSE,FALSE
12,Subclass,l5_name,Product,str,FALSE,FALSE,FALSE,7,FALSE,FALSE,281_l5_name_Collection Total_Product,,,,FALSE,,TRUE,{},TRUE,200,FALSE,FALSE
12,Product Type,product_type,Product,str,FALSE,FALSE,FALSE,8,FALSE,FALSE,281_l1_name_Channel_Product,,,,FALSE,,TRUE,{},TRUE,200,FALSE,FALSE
12,Product Status,item_status,Product,str,FALSE,FALSE,FALSE,9,,FALSE,2d33f25a-829f-42f1-952b-8a9617f5653d,,,,FALSE,,TRUE,{},TRUE,200,FALSE,FALSE
12,Store Code,psa_code,store,str,FALSE,FALSE,FALSE,10,FALSE,FALSE,281_psa_name_Store Code_Store,,,,FALSE,,TRUE,{},TRUE,200,FALSE,FALSE
12,Store Name,psa_name,store,str,FALSE,FALSE,FALSE,11,,FALSE,998c5735-acb7-463e-9745-8a0df127e094,,,,FALSE,,TRUE,{},TRUE,200,FALSE,FALSE
12,From Date,from_date,Product Mapping,datetime,FALSE,TRUE,FALSE,12,FALSE,TRUE,281_from_date_From date_Product Mapping,281_validity_Time Periods_Product Mapping,,,FALSE,,FALSE,{},FALSE,200,FALSE,FALSE
12,Time Periods,validity,Product Mapping,str,FALSE,FALSE,FALSE,12,FALSE,TRUE,281_validity_Time Periods_Product Mapping,,,,FALSE,,FALSE,{},FALSE,200,FALSE,FALSE
12,To Date,to_date,Product Mapping,datetime,FALSE,TRUE,FALSE,13,FALSE,TRUE,281_to_date_To Date_Product Mapping,281_validity_Time Periods_Product Mapping,,,FALSE,,FALSE,{},FALSE,200,FALSE,FALSE
5004,Master SKU ID,article,Product,str,TRUE,FALSE,FALSE,1,FALSE,FALSE,400113,,,,FALSE,,TRUE,{},TRUE,200,FALSE,FALSE
5004,Master SKU Information,master_sku_info,Product,str,FALSE,FALSE,FALSE,1.5,FALSE,FALSE,mno,,,,FALSE,,TRUE,{},TRUE,200,FALSE,FALSE
5004,Master SKU Description,product_description,Product,str,FALSE,FALSE,FALSE,2,FALSE,FALSE,400013,mno,,,FALSE,,TRUE,{},TRUE,200,FALSE,FALSE
5004,Buyer,l2_name,Product,str,FALSE,FALSE,FALSE,3,FALSE,FALSE,402113,mno,,,FALSE,,TRUE,"{""enableColumnExpand"": true, ""columnGroupShow"": ""open""}",TRUE,200,FALSE,FALSE
5004,Department,l3_name,Product,str,FALSE,FALSE,FALSE,4,FALSE,FALSE,403113,mno,,,FALSE,,TRUE,"{""enableColumnExpand"": true, ""columnGroupShow"": ""open""}",TRUE,200,FALSE,FALSE
5004,Primary Trait,primary_trait_desc,Product,str,FALSE,FALSE,FALSE,5,FALSE,FALSE,404113,mno,,,FALSE,,TRUE,"{""enableColumnExpand"": true, ""columnGroupShow"": ""open""}",TRUE,200,FALSE,FALSE
5004,Class,l4_name,Product,str,FALSE,FALSE,FALSE,6,FALSE,FALSE,405113,mno,,,FALSE,,TRUE,"{""enableColumnExpand"": true, ""columnGroupShow"": ""open""}",TRUE,200,FALSE,FALSE
5004,Sub Class,l5_name,Product,str,FALSE,FALSE,FALSE,7,FALSE,FALSE,409113,mno,,,FALSE,,TRUE,"{""enableColumnExpand"": true, ""columnGroupShow"": ""open""}",TRUE,200,FALSE,FALSE
5004,LW Units,lw_units,Product,float,FALSE,FALSE,FALSE,8,FALSE,FALSE,441113,,,roundOfftoTwoDecimals,FALSE,,FALSE,{},TRUE,200,FALSE,FALSE
5004,LW Revenue $,lw_revenue,Product,dollar,FALSE,FALSE,FALSE,9,FALSE,FALSE,440113,,,,FALSE,,FALSE,{},TRUE,200,FALSE,FALSE
5004,LW Margin $,lw_margin,Product,dollar,FALSE,FALSE,FALSE,10,FALSE,FALSE,447113,,,,FALSE,,FALSE,{},TRUE,200,FALSE,FALSE
5004,Promo %,promo_percentage,Product,percentage,FALSE,FALSE,FALSE,11,FALSE,FALSE,448113,,,roundOfftoTwoDecimals,FALSE,,FALSE,"{""multiplier"": true}",TRUE,200,FALSE,FALSE
5004,Store On Hand,oh,Product,int,FALSE,FALSE,FALSE,12,FALSE,FALSE,435113,,,,FALSE,,FALSE,{},TRUE,200,FALSE,FALSE
5004,Store On Order,oo,Product,int,FALSE,FALSE,FALSE,13,FALSE,FALSE,437113,,,,FALSE,,FALSE,{},TRUE,200,FALSE,FALSE
5004,In Transit To Store,it,Product,int,FALSE,FALSE,FALSE,14,FALSE,FALSE,436113,,,,FALSE,,FALSE,{},TRUE,200,FALSE,FALSE
5004,OH + OO + IT,tot_inv,Product,int,FALSE,FALSE,FALSE,15,FALSE,FALSE,438113,,,,FALSE,,FALSE,{},TRUE,200,FALSE,FALSE
5004,WOS (OH),wos_oh,Product,float,FALSE,FALSE,FALSE,16,FALSE,FALSE,604113,,,roundOfftoTwoDecimals,FALSE,,FALSE,{},TRUE,200,FALSE,FALSE
5004,WOS (OH + IT),wos_oh_it,Product,float,FALSE,FALSE,FALSE,17,FALSE,FALSE,605113,,,roundOfftoTwoDecimals,FALSE,,FALSE,{},TRUE,200,FALSE,FALSE
5004,WOS (OH + OO + IT),wos_oh_oo_it,Product,float,FALSE,FALSE,FALSE,18,FALSE,FALSE,606113,,,roundOfftoTwoDecimals,FALSE,,FALSE,{},TRUE,200,FALSE,FALSE
5004,Store Count,store_count,Product,str,FALSE,FALSE,FALSE,37.1,FALSE,FALSE,azc,,,,FALSE,,TRUE,{},TRUE,200,FALSE,FALSE
5004,Stockout,stockout,Product,link,FALSE,TRUE,FALSE,19,FALSE,FALSE,603113,azc,,,FALSE,,FALSE,{},TRUE,200,FALSE,FALSE
5004,Shortfall,shortfall,Product,link,FALSE,TRUE,FALSE,20,FALSE,FALSE,452113,azc,,,FALSE,,FALSE,{},TRUE,200,FALSE,FALSE
5004,Normal,normal,Product,link,FALSE,TRUE,FALSE,21,FALSE,FALSE,451113,azc,,,FALSE,,FALSE,{},TRUE,200,FALSE,FALSE
5004,Overstock,excess,Product,link,FALSE,TRUE,FALSE,22,FALSE,FALSE,450113,azc,,,FALSE,,FALSE,{},TRUE,200,FALSE,FALSE
5004,Last Allocated Date,last_allocated_date,Inventory,date,FALSE,FALSE,FALSE,23,,FALSE,32000016,,,,FALSE,,TRUE,{},TRUE,200,FALSE,FALSE
5003,Master SKU ID,article,Product,str,TRUE,FALSE,FALSE,1,FALSE,FALSE,4001131,,,,FALSE,,TRUE,{},TRUE,200,FALSE,FALSE
5003,Master SKU Information,master_sku_info,Product,str,FALSE,FALSE,FALSE,1.5,FALSE,FALSE,prz,,,,FALSE,,TRUE,{},TRUE,200,FALSE,FALSE
5003,Master SKU Description,product_description,Product,str,FALSE,FALSE,FALSE,2,FALSE,FALSE,4001132,prz,,,FALSE,,TRUE,{},TRUE,200,FALSE,FALSE
5003,Buyer,l2_name,Product,str,FALSE,FALSE,FALSE,3,FALSE,FALSE,4021131,prz,,,FALSE,,TRUE,"{""enableColumnExpand"": true, ""columnGroupShow"": ""open""}",TRUE,200,FALSE,FALSE
5003,Department,l3_name,Product,str,FALSE,FALSE,FALSE,4,FALSE,FALSE,4031131,prz,,,FALSE,,TRUE,"{""enableColumnExpand"": true, ""columnGroupShow"": ""open""}",TRUE,200,FALSE,FALSE
5003,Primary Trait,primary_trait_desc,Product,str,FALSE,FALSE,FALSE,5,FALSE,FALSE,4041131,prz,,,FALSE,,TRUE,"{""enableColumnExpand"": true, ""columnGroupShow"": ""open""}",TRUE,200,FALSE,FALSE
5003,Class,l4_name,Product,str,FALSE,FALSE,FALSE,6,FALSE,FALSE,4051131,prz,,,FALSE,,TRUE,"{""enableColumnExpand"": true, ""columnGroupShow"": ""open""}",TRUE,200,FALSE,FALSE
5003,Subclass,l5_name,Product,str,FALSE,FALSE,FALSE,7,FALSE,FALSE,4091131,prz,,,FALSE,,TRUE,"{""enableColumnExpand"": true, ""columnGroupShow"": ""open""}",TRUE,200,FALSE,FALSE
5003,LW Units,lw_units,Product,float,FALSE,FALSE,FALSE,8,FALSE,FALSE,4411131,,,roundOfftoTwoDecimals,FALSE,,FALSE,{},TRUE,200,FALSE,FALSE
5003,LW Revenue $,lw_revenue,Product,dollar,FALSE,FALSE,FALSE,9,FALSE,FALSE,4401131,,,roundOfftoTwoDecimals,FALSE,,FALSE,{},TRUE,200,FALSE,FALSE
5003,LW Margin $,lw_margin,Product,dollar,FALSE,FALSE,FALSE,10,FALSE,FALSE,4471131,,,roundOfftoTwoDecimals,FALSE,,FALSE,{},TRUE,200,FALSE,FALSE
5003,Promo %,promo_percentage,Product,percentage,FALSE,FALSE,FALSE,11,FALSE,FALSE,4481131,,,roundOfftoTwoDecimals,FALSE,,FALSE,"{""multiplier"": true}",TRUE,200,FALSE,FALSE
5003,Store On Hand,oh,Product,int,FALSE,FALSE,FALSE,12,FALSE,FALSE,4351131,,,,FALSE,,FALSE,{},TRUE,200,FALSE,FALSE
5003,Store On Order,oo,Product,int,FALSE,FALSE,FALSE,13,FALSE,FALSE,4371131,,,,FALSE,,FALSE,{},TRUE,200,FALSE,FALSE
5003,In Transit To Store,it,Product,int,FALSE,FALSE,FALSE,14,FALSE,FALSE,4361131,,,,FALSE,,FALSE,{},TRUE,200,FALSE,FALSE
5003,OH + OO + IT,total_inv,Product,int,FALSE,FALSE,FALSE,15,FALSE,FALSE,4381131,,,,FALSE,,FALSE,{},TRUE,200,FALSE,FALSE
5003,WOS (OH),wos_oh,Product,float,FALSE,FALSE,FALSE,16,FALSE,FALSE,6041131,,,roundOfftoTwoDecimals,FALSE,,FALSE,{},TRUE,200,FALSE,FALSE
5003,WOS (OH + IT),wos_oh_it,Product,float,FALSE,FALSE,FALSE,17,FALSE,FALSE,6051131,,,roundOfftoTwoDecimals,FALSE,,FALSE,{},TRUE,200,FALSE,FALSE
5003,WOS (OH + OO + IT),wos_oh_oo_it,Product,float,FALSE,FALSE,FALSE,18,FALSE,FALSE,6061131,,,roundOfftoTwoDecimals,FALSE,,FALSE,{},TRUE,200,FALSE,FALSE
5003,Store Count,store_count,Product,str,FALSE,FALSE,FALSE,37.1,FALSE,FALSE,dya,,,,FALSE,,TRUE,{},TRUE,200,FALSE,FALSE
5003,Stockout,stockout,Product,link,FALSE,TRUE,FALSE,19,FALSE,FALSE,6031131,dya,,,FALSE,,FALSE,{},TRUE,200,FALSE,FALSE
5003,Shortfall,shortfall,Product,link,FALSE,TRUE,FALSE,20,FALSE,FALSE,4521131,dya,,,FALSE,,FALSE,{},TRUE,200,FALSE,FALSE
5003,Normal,normal,Product,link,FALSE,TRUE,FALSE,21,FALSE,FALSE,4511131,dya,,,FALSE,,FALSE,{},TRUE,200,FALSE,FALSE
5003,Overstock,excess,Product,link,FALSE,TRUE,FALSE,22,FALSE,FALSE,4501131,dya,,,FALSE,,FALSE,{},TRUE,200,FALSE,FALSE
5003,Last Allocated Date,last_allocated_date,Inventory,date,FALSE,FALSE,FALSE,23,,FALSE,32000015,,,,FALSE,,TRUE,{},TRUE,200,FALSE,FALSE
9000,Store Codes,store_code,store,str,FALSE,TRUE,FALSE,2,FALSE,FALSE,9000_store_code_Store Codes_store,,,,FALSE,,TRUE,{},TRUE,200,FALSE,FALSE
9000,Store Group Name,name,store,str,FALSE,TRUE,FALSE,1,FALSE,FALSE,9000_name_StoreGroupName_store,,,,FALSE,,TRUE,{},TRUE,200,FALSE,FALSE
133,Master SKU ID,article,product,str,TRUE,FALSE,FALSE,1,FALSE,FALSE,133008,,,,FALSE,,TRUE,"{""be_configs"": {""is_in_group_by_clause"": true}}",TRUE,200,FALSE,FALSE
133,Master SKU Information,info,product,str,FALSE,FALSE,FALSE,1.5,FALSE,FALSE,133000,,,,FALSE,,TRUE,"{""is_header"": true}",TRUE,200,FALSE,FALSE
133,Master SKU Description,style_description,product,str,FALSE,FALSE,FALSE,2,FALSE,FALSE,133011,133000,,,FALSE,,TRUE,"{""be_configs"": {""is_in_group_by_clause"": true}}",TRUE,200,FALSE,FALSE
133,Buyer,l2_name,product,str,FALSE,FALSE,FALSE,3,FALSE,FALSE,133003,133000,,,FALSE,,TRUE,"{""enableColumnExpand"": true, ""columnGroupShow"": ""open"", ""be_configs"": {""is_in_group_by_clause"": true}}",TRUE,200,FALSE,FALSE
133,Primary Trait,primary_trait_desc,product,str,FALSE,FALSE,FALSE,4,FALSE,FALSE,133004,133000,,,FALSE,,TRUE,"{""enableColumnExpand"": true, ""columnGroupShow"": ""open"", ""be_configs"": {""is_in_group_by_clause"": true}}",TRUE,200,FALSE,FALSE
133,Master SKU Status,article_status,product,str,FALSE,FALSE,FALSE,6,FALSE,FALSE,133013,133000,,,FALSE,,TRUE,"{""enableColumnExpand"": true, ""columnGroupShow"": ""open"", ""be_configs"": {""is_in_group_by_clause"": true}}",TRUE,200,FALSE,FALSE
133,Department,l3_name,product,str,FALSE,FALSE,FALSE,7,FALSE,FALSE,133005,133000,,,FALSE,,TRUE,"{""enableColumnExpand"": true, ""columnGroupShow"": ""open"", ""be_configs"": {""is_in_group_by_clause"": true}}",TRUE,200,FALSE,FALSE
133,Class,l4_name,product,str,FALSE,FALSE,FALSE,8,FALSE,FALSE,133006,133000,,,FALSE,,TRUE,"{""enableColumnExpand"": true, ""columnGroupShow"": ""open"", ""be_configs"": {""is_in_group_by_clause"": true}}",TRUE,200,FALSE,FALSE
133,Subclass,l5_name,product,str,FALSE,FALSE,FALSE,9,FALSE,FALSE,133007,133000,,,FALSE,,TRUE,"{""enableColumnExpand"": true, ""columnGroupShow"": ""open"", ""be_configs"": {""is_in_group_by_clause"": true}}",TRUE,200,FALSE,FALSE
133,Product Type,product_type,product,str,FALSE,FALSE,FALSE,10,FALSE,FALSE,133009,133000,,,FALSE,,TRUE,"{""enableColumnExpand"": true, ""columnGroupShow"": ""open"", ""be_configs"": {""is_in_group_by_clause"": true}}",TRUE,200,FALSE,FALSE
133,Product Status,item_status,product,str,FALSE,FALSE,FALSE,11,FALSE,FALSE,133010,133000,,,FALSE,,TRUE,"{""enableColumnExpand"": true, ""columnGroupShow"": ""open"", ""be_configs"": {""is_in_group_by_clause"": true}}",TRUE,200,FALSE,FALSE
133,Launch Date,launch_date,product,date,FALSE,FALSE,FALSE,12,FALSE,FALSE,133012,,,,FALSE,,TRUE,"{""enableColumnExpand"": true, ""columnGroupShow"": ""open"", ""be_configs"": {""is_in_group_by_clause"": true}}",TRUE,200,FALSE,FALSE
133,#Stores,store_count,product,str,FALSE,FALSE,FALSE,18,FALSE,FALSE,133017,,,,FALSE,,TRUE,"{""be_configs"": {""sql_alias"": ""COUNT(DISTINCT store_code) AS store_count""}}",TRUE,200,FALSE,FALSE
133,Sizes,sizes,Inventory,str,FALSE,FALSE,FALSE,19,FALSE,FALSE,133047,,,,FALSE,,FALSE,"{""be_configs"": {""sql_alias"": ""string_agg(distinct size) AS sizes""}}",FALSE,200,FALSE,FALSE
133,LW Units,lw_units,product,float,FALSE,FALSE,FALSE,27,FALSE,FALSE,133026,,,,FALSE,,TRUE,"{""enableColumnExpand"": true, ""columnGroupShow"": ""open"", ""be_configs"": {""sql_alias"": ""SUM(COALESCE(lw_units, 0)) AS lw_units""}}",TRUE,200,FALSE,FALSE
133,LW Sales $,lw_revenue,product,float,FALSE,FALSE,FALSE,27.5,FALSE,FALSE,133016,,,,FALSE,,TRUE,"{""enableColumnExpand"": true, ""columnGroupShow"": ""open"", ""be_configs"": {""sql_alias"": ""SUM(COALESCE(lw_revenue, 0)) AS lw_revenue""}}",TRUE,200,FALSE,FALSE
133,DC WOS,dc,product,int,FALSE,FALSE,FALSE,28,FALSE,FALSE,133027,,,,FALSE,,TRUE,"{""is_header"": true}",TRUE,200,FALSE,FALSE
133,WOS DC (OH + OO + IT),dc_wos_oh_oo_it,product,int,FALSE,FALSE,FALSE,29,FALSE,FALSE,133028,133027,,,FALSE,,TRUE,"{""be_configs"": {""sql_alias"": ""ROUND(IFNULL(SAFE_DIVIDE(SUM(dc_wos_oh_oo_it*total_inv), SUM(ata)),0),2) AS dc_wos_oh_oo_it""}}",TRUE,200,FALSE,FALSE
133,WOS DC (OH + OO),dc_wos_oh_oo,product,int,FALSE,FALSE,FALSE,30,FALSE,FALSE,133029,133027,,,FALSE,,TRUE,"{""be_configs"": {""sql_alias"": ""ROUND(IFNULL(SAFE_DIVIDE(SUM(dc_wos_oh_oo*total_inv), SUM(ata)),0),2) AS dc_wos_oh_oo""}}",TRUE,200,FALSE,FALSE
133,WOS DC (OH),dc_wos_oh,product,int,FALSE,FALSE,FALSE,31,FALSE,FALSE,133030,133027,,,FALSE,,TRUE,"{""be_configs"": {""sql_alias"": ""ROUND(IFNULL(SAFE_DIVIDE(SUM(dc_wos_oh*total_inv), SUM(ata)),0),2) AS dc_wos_oh""}}",TRUE,200,FALSE,FALSE
133,Store WOS,store,product,int,FALSE,FALSE,FALSE,35,FALSE,FALSE,133034,,,,FALSE,,TRUE,"{""is_header"": true}",TRUE,200,FALSE,FALSE
133,WOS (OH + OO + IT),wos_oh_oo_it,product,int,FALSE,FALSE,FALSE,36,FALSE,FALSE,133035,133034,,,FALSE,,TRUE,"{""be_configs"": {""sql_alias"": ""ROUND(IFNULL(SAFE_DIVIDE(SUM(wos_oh_oo_it*total_inv), SUM(total_inv)),0),2) AS wos_oh_oo_it""}}",TRUE,200,FALSE,FALSE
133,WOS (OH + OO),wos_oh_oo,product,int,FALSE,FALSE,FALSE,37,FALSE,FALSE,133036,133034,,,FALSE,,TRUE,"{""be_configs"": {""sql_alias"": ""ROUND(IFNULL(SAFE_DIVIDE(SUM(wos_oh_oo*total_inv), SUM(total_inv)),0),2) AS wos_oh_oo""}}",TRUE,200,FALSE,FALSE
133,WOS (OH),wos_oh,product,int,FALSE,FALSE,FALSE,38,FALSE,FALSE,133037,133034,,,FALSE,,TRUE,"{""be_configs"": {""sql_alias"": ""ROUND(IFNULL(SAFE_DIVIDE(SUM(wos_oh*total_inv), SUM(total_inv)),0),2) AS wos_oh""}}",TRUE,200,FALSE,FALSE
133,Store On Hand,oh,product,link,FALSE,TRUE,FALSE,39,FALSE,FALSE,133038,,,,FALSE,,TRUE,"{""be_configs"": {""sql_alias"": ""SUM(COALESCE(oh, 0)) AS oh""}}",TRUE,200,FALSE,FALSE
133,Store In Transit,it,product,link,FALSE,TRUE,FALSE,40,FALSE,FALSE,133039,,,,FALSE,,TRUE,"{""be_configs"": {""sql_alias"": ""SUM(COALESCE(it, 0)) AS it""}}",TRUE,200,FALSE,FALSE
133,Store On Order,oo,product,link,FALSE,TRUE,FALSE,41,FALSE,FALSE,133040,,,,FALSE,,TRUE,"{""be_configs"": {""sql_alias"": ""SUM(COALESCE(oo, 0)) AS oo""}}",TRUE,200,FALSE,FALSE
133,Total Store Inventory,total_inv,product,link,FALSE,TRUE,FALSE,42,FALSE,FALSE,133041,,,,FALSE,,TRUE,"{""be_configs"": {""sql_alias"": ""SUM(COALESCE(total_inv, 0)) AS total_inv""}}",TRUE,200,FALSE,FALSE
133,DC Available To Allocate,dc_ava,product,int,FALSE,FALSE,FALSE,43,FALSE,FALSE,133042,,,,FALSE,,TRUE,"{""is_header"": true}",TRUE,200,FALSE,FALSE
133,DC ATA (Eaches),ata_eaches,product,int,FALSE,FALSE,FALSE,44,FALSE,FALSE,133043,133042,,,FALSE,,TRUE,"{""be_configs"": {""sql_alias"": ""SUM(DISTINCT(COALESCE(ata_eaches, 0))) AS ata_eaches""}}",TRUE,200,FALSE,FALSE
133,DC ATA (Packs),ata_packs,product,int,FALSE,FALSE,FALSE,45,FALSE,FALSE,133044,133042,,,FALSE,,TRUE,"{""be_configs"": {""sql_alias"": ""SUM(DISTINCT(COALESCE(ata_packs, 0))) AS ata_packs""}}",TRUE,200,FALSE,FALSE
133,DC ATA (Total),ata,product,int,FALSE,FALSE,FALSE,46,FALSE,FALSE,133045,133042,,,FALSE,,TRUE,"{""be_configs"": {""sql_alias"": ""SUM(DISTINCT(COALESCE(ata, 0))) AS ata""}}",TRUE,200,FALSE,FALSE
133,Store Instock,str_instock,product,int,FALSE,FALSE,FALSE,47,FALSE,FALSE,133046,,,,FALSE,,TRUE,"{""be_configs"": {""sql_alias"": ""ROUND(AVG(COALESCE(str_instock, 0)),2) AS str_instock""}}",TRUE,200,FALSE,FALSE
136,Store Name,store_name,Store,str,FALSE,FALSE,FALSE,2,FALSE,FALSE,24102,,,,FALSE,,FALSE,{},FALSE,200,FALSE,FALSE
136,Store Number,store_code,Store,str,FALSE,FALSE,FALSE,1.1,FALSE,FALSE,24101,,,,FALSE,,FALSE,{},FALSE,200,FALSE,FALSE
136,Sizes,sizes,Inventory,str,FALSE,FALSE,FALSE,3,FALSE,FALSE,330000,,,,FALSE,,TRUE,{},TRUE,200,FALSE,FALSE
1506,Old Master SKU ID,old_article,Inventory,str,FALSE,FALSE,FALSE,1,FALSE,FALSE,1506_old_article,,,,FALSE,,FALSE,{},TRUE,200,FALSE,FALSE
1506,New Master SKU ID,new_article,Inventory,str,FALSE,FALSE,FALSE,2,FALSE,FALSE,1506_new_article,,,,FALSE,,FALSE,{},TRUE,200,FALSE,FALSE
1506,Priority,priority,Inventory,int,FALSE,TRUE,FALSE,3,FALSE,FALSE,1506_priority,,,,FALSE,,FALSE,{},FALSE,200,FALSE,FALSE
2,Product Code,product_code,product,str,TRUE,FALSE,FALSE,1,FALSE,FALSE,20001,,,,FALSE,,TRUE,"{""is_grouping_key"": true}",TRUE,200,FALSE,FALSE
2,Master SKU ID,article,product,str,TRUE,FALSE,FALSE,2,FALSE,FALSE,20002,,,,FALSE,,TRUE,{},TRUE,200,FALSE,FALSE
2,Master SKU Information,product_description,Product,str,FALSE,FALSE,FALSE,2,FALSE,FALSE,321022,,,,FALSE,,TRUE,{},TRUE,200,FALSE,FALSE
2,Master SKU Description,product_description,product,str,FALSE,FALSE,FALSE,2,FALSE,FALSE,32103455,321022,,,FALSE,,TRUE,{},TRUE,200,FALSE,FALSE
2,Buyer,l2_name,product,str,FALSE,FALSE,FALSE,3,FALSE,FALSE,20003,321022,,,FALSE,,TRUE,"{""enableColumnExpand"": true, ""columnGroupShow"": ""open""}",TRUE,200,FALSE,FALSE
2,Department,l3_name,product,str,FALSE,FALSE,FALSE,4,FALSE,FALSE,20004,321022,,,FALSE,,TRUE,"{""enableColumnExpand"": true, ""columnGroupShow"": ""open""}",TRUE,200,FALSE,FALSE
2,Primary Trait,primary_trait_desc,product,str,FALSE,FALSE,FALSE,5,FALSE,FALSE,20005,321022,,,FALSE,,TRUE,"{""enableColumnExpand"": true, ""columnGroupShow"": ""open""}",TRUE,200,FALSE,FALSE
2,Class,l4_name,product,str,FALSE,FALSE,FALSE,6,FALSE,FALSE,20006,321022,,,FALSE,,TRUE,"{""enableColumnExpand"": true, ""columnGroupShow"": ""open""}",TRUE,200,FALSE,FALSE
2,Subclass,l5_name,product,str,FALSE,FALSE,FALSE,7,FALSE,FALSE,20007,321022,,,FALSE,,TRUE,"{""enableColumnExpand"": true, ""columnGroupShow"": ""open""}",TRUE,200,FALSE,FALSE
2,Status,status,product,list,FALSE,TRUE,FALSE,10,FALSE,FALSE,20010,,,,FALSE,,FALSE,"{""in_table_edit"":true}",FALSE,200,FALSE,FALSE
2,Status From Date,status_start_time,product,datetime,FALSE,TRUE,FALSE,11,FALSE,FALSE,20011,,,,FALSE,,FALSE,"{""in_table_edit"":true}",FALSE,200,FALSE,FALSE
2,Status To Date,status_end_time,product,datetime,FALSE,TRUE,FALSE,12,FALSE,FALSE,20012,,,,FALSE,,FALSE,"{""in_table_edit"":true}",FALSE,200,FALSE,FALSE
2,Updated At,updated_at,product,date,FALSE,FALSE,FALSE,13,FALSE,FALSE,20013,,,,FALSE,,FALSE,{},FALSE,200,FALSE,FALSE
2,Updated By,updated_by,product,str,FALSE,FALSE,FALSE,14,FALSE,FALSE,20014,,,,FALSE,,FALSE,{},FALSE,200,FALSE,FALSE
8,Master SKU ID,article,product,str,TRUE,FALSE,FALSE,2,FALSE,FALSE,80002,,,,FALSE,,TRUE,"{""is_grouping_key"": true}",TRUE,200,FALSE,FALSE
8,Master SKU Information,product_description,Product,str,FALSE,FALSE,FALSE,2,FALSE,FALSE,321023,,,,FALSE,,TRUE,{},TRUE,200,FALSE,FALSE
8,Master SKU Description,product_description,product,str,FALSE,FALSE,FALSE,2,FALSE,FALSE,321034551,321023,,,FALSE,,TRUE,{},TRUE,200,FALSE,FALSE
8,Buyer,l2_name,product,str,FALSE,FALSE,FALSE,3,FALSE,FALSE,80003,321023,,,FALSE,,TRUE,"{""enableColumnExpand"": true, ""columnGroupShow"": ""open""}",TRUE,200,FALSE,FALSE
8,Department,l3_name,product,str,FALSE,FALSE,FALSE,4,FALSE,FALSE,80004,321023,,,FALSE,,TRUE,"{""enableColumnExpand"": true, ""columnGroupShow"": ""open""}",TRUE,200,FALSE,FALSE
8,Primary Trait,primary_trait_desc,product,str,FALSE,FALSE,FALSE,5,FALSE,FALSE,80005,321023,,,FALSE,,TRUE,"{""enableColumnExpand"": true, ""columnGroupShow"": ""open""}",TRUE,200,FALSE,FALSE
8,Class,l4_name,product,str,FALSE,FALSE,FALSE,6,FALSE,FALSE,80006,321023,,,FALSE,,TRUE,"{""enableColumnExpand"": true, ""columnGroupShow"": ""open""}",TRUE,200,FALSE,FALSE
8,Subclass,l5_name,product,str,FALSE,FALSE,FALSE,7,FALSE,FALSE,80007,321023,,,FALSE,,TRUE,"{""enableColumnExpand"": true, ""columnGroupShow"": ""open""}",TRUE,200,FALSE,FALSE
8,Status,status,product,list,FALSE,TRUE,FALSE,10,FALSE,FALSE,80010,,,,FALSE,,FALSE,"{""in_table_edit"": true}",FALSE,200,FALSE,FALSE
8,Status From Date,status_start_time,product,datetime,FALSE,TRUE,FALSE,11,FALSE,FALSE,80011,,,,FALSE,,FALSE,"{""in_table_edit"": true}",FALSE,200,FALSE,FALSE
8,Status To Date,status_end_time,product,datetime,FALSE,TRUE,FALSE,12,FALSE,FALSE,80012,,,,FALSE,,FALSE,"{""in_table_edit"": true}",FALSE,200,FALSE,FALSE
8,Updated At,updated_at,product,date,FALSE,FALSE,FALSE,13,FALSE,FALSE,80013,,,,FALSE,,FALSE,{},FALSE,200,FALSE,FALSE
8,Updated By,updated_by,product,str,FALSE,FALSE,FALSE,14,FALSE,FALSE,80014,,,,FALSE,,FALSE,{},FALSE,200,FALSE,FALSE
6,Store Code,store_code,Store,str,TRUE,FALSE,FALSE,1,FALSE,FALSE,13500,,,,FALSE,,TRUE,"{""is_grouping_key"": true}",TRUE,200,FALSE,FALSE
6,Store Name,store_name,Store,str,TRUE,FALSE,FALSE,2,FALSE,FALSE,70,,unique,,FALSE,,TRUE,{},TRUE,200,FALSE,FALSE
6,Region,region,Store,str,FALSE,FALSE,FALSE,3,FALSE,FALSE,78,,unique,,FALSE,,TRUE,{},TRUE,200,FALSE,FALSE
6,Channel,channel,Store,str,FALSE,FALSE,FALSE,3,FALSE,FALSE,77,,unique,,FALSE,,TRUE,{},TRUE,200,FALSE,FALSE
6,State,state,Store,str,FALSE,FALSE,FALSE,4,FALSE,FALSE,6001004,,unique,,FALSE,,TRUE,{},TRUE,200,FALSE,FALSE
6,District,district,Store,str,FALSE,FALSE,FALSE,6,FALSE,FALSE,6001006,,unique,,FALSE,,TRUE,{},TRUE,200,FALSE,FALSE
6,Status,status,Store,list,FALSE,TRUE,FALSE,7,FALSE,TRUE,107,,count,,FALSE,,FALSE,{},FALSE,200,FALSE,FALSE
6,From Date,status_start_time,Store,datetime,FALSE,TRUE,FALSE,8,FALSE,TRUE,1081111,,,,FALSE,,FALSE,"{""show-inactive"": true}",FALSE,200,FALSE,FALSE
6,To Date,status_end_time,Store,datetime,FALSE,TRUE,FALSE,9,FALSE,FALSE,109111,,,,FALSE,,FALSE,"{""show-inactive"": true}",FALSE,200,FALSE,FALSE
6,Updated At,updated_at,Store,DateTimeField,FALSE,FALSE,FALSE,10,FALSE,FALSE,200004,,,,FALSE,,FALSE,{},FALSE,200,FALSE,FALSE
6,Updated By,updated_by,Store,str,FALSE,FALSE,FALSE,11,FALSE,FALSE,200003,,,,FALSE,,FALSE,{},FALSE,200,FALSE,FALSE
27,DC Number,dc_code,Store,int,FALSE,FALSE,FALSE,1,FALSE,FALSE,270089,,,,FALSE,,TRUE,"{""is_grouping_key"": true, ""cast"" : ""dc_code::integer"", ""disableCommaFormatting"": true}",TRUE,200,FALSE,FALSE
27,DC Name,name,Store,str,FALSE,FALSE,FALSE,2,FALSE,FALSE,89,,,,FALSE,,TRUE,{},TRUE,200,FALSE,FALSE
27,Channel,channel,Store,str,FALSE,FALSE,FALSE,3,FALSE,FALSE,270090,,,,FALSE,,TRUE,{},TRUE,200,FALSE,FALSE
27,Status,status,Store,list,FALSE,TRUE,FALSE,4,FALSE,TRUE,138,,count,,FALSE,,FALSE,{},FALSE,200,FALSE,FALSE
27,From Date,start_time,Store,datetime,FALSE,TRUE,FALSE,5,FALSE,TRUE,206,,,,FALSE,,FALSE,{},FALSE,200,FALSE,FALSE
27,To Date,end_time,Store,datetime,FALSE,TRUE,FALSE,6,FALSE,FALSE,75,,,,FALSE,,FALSE,{},FALSE,200,FALSE,FALSE
27,Pin Code,zipcode,Store,str,FALSE,FALSE,FALSE,7,FALSE,FALSE,90,,,,FALSE,,TRUE,{},TRUE,200,FALSE,FALSE
250,Master SKU ID,article,dimension,str,TRUE,FALSE,FALSE,1,FALSE,FALSE,250001,,,,FALSE,,TRUE,"{""json_parent"" : ""rcl_dimension""}",FALSE,200,FALSE,FALSE
250,Master SKU Information,product_description,Product,str,FALSE,FALSE,FALSE,,FALSE,FALSE,321024,,,,FALSE,,TRUE,{},TRUE,200,FALSE,FALSE
250,Master Style Desc,style_desc,dimension,str,FALSE,FALSE,FALSE,2,TRUE,FALSE,250002,321024,,,FALSE,,TRUE,"{""json_parent"" : ""rcl_dimension""}",FALSE,200,TRUE,FALSE
250,Product Code,product_code,dimension,str,FALSE,FALSE,FALSE,3,TRUE,FALSE,250003,321024,,,FALSE,,TRUE,"{""enableColumnExpand"": true, ""columnGroupShow"": ""open""}",FALSE,200,FALSE,FALSE
250,Color,color_desc,dimension,str,FALSE,FALSE,FALSE,11,FALSE,FALSE,250004,321024,,,FALSE,,TRUE,"{""json_parent"" : ""rcl_dimension"", ""enableColumnExpand"": true, ""columnGroupShow"": ""open""}",FALSE,200,FALSE,FALSE
250,Size,size,dimension,str,FALSE,FALSE,FALSE,4,FALSE,FALSE,250005,321024,,,FALSE,,TRUE,"{""json_parent"" : ""rcl_dimension"", ""enableColumnExpand"": true, ""columnGroupShow"": ""open""}",FALSE,200,FALSE,FALSE
250,Buyer,l2_name,dimension,str,FALSE,FALSE,FALSE,5,FALSE,FALSE,250006,321024,,,FALSE,,TRUE,"{""json_parent"" : ""rcl_dimension"", ""enableColumnExpand"": true, ""columnGroupShow"": ""open""}",FALSE,200,FALSE,FALSE
250,Department,l3_name,dimension,str,FALSE,FALSE,FALSE,6,FALSE,FALSE,250007,321024,,,FALSE,,TRUE,"{""json_parent"" : ""rcl_dimension"", ""enableColumnExpand"": true, ""columnGroupShow"": ""open""}",FALSE,200,FALSE,FALSE
250,Primary Trait,primary_trait_desc,dimension,str,FALSE,FALSE,FALSE,7,FALSE,FALSE,250008,321024,,,FALSE,,TRUE,"{""json_parent"" : ""rcl_dimension"", ""enableColumnExpand"": true, ""columnGroupShow"": ""open""}",FALSE,200,FALSE,FALSE
250,Master SKU Desc,product_description,product,str,FALSE,FALSE,FALSE,3,,FALSE,876456786,321024,,,FALSE,,TRUE,"{""json_parent"" : ""rcl_dimension""}",TRUE,200,FALSE,FALSE
250,Class,l4_name,dimension,str,FALSE,FALSE,FALSE,8,FALSE,FALSE,250009,321024,,,FALSE,,TRUE,"{""json_parent"" : ""rcl_dimension"", ""enableColumnExpand"": true, ""columnGroupShow"": ""open""}",FALSE,200,FALSE,FALSE
250,Subclass,l5_name,dimension,str,FALSE,FALSE,FALSE,9,FALSE,FALSE,250010,321024,,,FALSE,,TRUE,"{""json_parent"" : ""rcl_dimension"", ""enableColumnExpand"": true, ""columnGroupShow"": ""open""}",FALSE,200,FALSE,FALSE
250,Product Type,product_type,dimension,str,FALSE,FALSE,FALSE,10,FALSE,FALSE,250011,321024,,,FALSE,,TRUE,"{""json_parent"" : ""rcl_dimension"", ""enableColumnExpand"": true, ""columnGroupShow"": ""open""}",FALSE,200,FALSE,FALSE
250,Product Status,item_status,dimension,str,FALSE,FALSE,FALSE,12,FALSE,FALSE,250012,,,,FALSE,,TRUE,"{""json_parent"" : ""rcl_dimension""}",FALSE,200,FALSE,FALSE
250,Stores,store_count,dimension,str,FALSE,FALSE,FALSE,13,FALSE,FALSE,243089450013,,,,FALSE,,TRUE,{},FALSE,200,FALSE,FALSE
250,Mapped Stores,mapped_stores_count,dimension,link,FALSE,FALSE,FALSE,13,FALSE,FALSE,250013,,,,FALSE,,FALSE,{},FALSE,200,FALSE,FALSE
251,Store Code,store_code,Store,str,TRUE,FALSE,FALSE,1,FALSE,FALSE,251001,,,,FALSE,,TRUE,{},TRUE,200,FALSE,FALSE
251,Channel,channel,Store,str,FALSE,FALSE,FALSE,2,FALSE,FALSE,251002,,,,FALSE,,TRUE,{},TRUE,200,FALSE,FALSE
251,City,city,Store,str,FALSE,FALSE,FALSE,3,FALSE,FALSE,251003,,,,FALSE,,TRUE,{},TRUE,200,FALSE,FALSE
251,Region,region,Store,str,FALSE,FALSE,FALSE,4,FALSE,FALSE,251004,,,,FALSE,,TRUE,{},TRUE,200,FALSE,FALSE
251,State,state,Store,str,FALSE,FALSE,FALSE,5,FALSE,FALSE,251005,,,,FALSE,,TRUE,{},TRUE,200,FALSE,FALSE
251,District,district,Store,str,FALSE,FALSE,FALSE,6,FALSE,FALSE,251006,,,,FALSE,,TRUE,{},TRUE,200,FALSE,FALSE
251,Store Layout,store_attribute_1,Store,str,FALSE,FALSE,FALSE,7,FALSE,FALSE,251007,,,,FALSE,,TRUE,{},TRUE,200,FALSE,FALSE
251,Store Tier,store_tier,Store,str,FALSE,FALSE,FALSE,8,FALSE,FALSE,251008,,,,FALSE,,TRUE,{},TRUE,200,FALSE,FALSE
251,Action,action,Product,edit_icon,FALSE,TRUE,FALSE,9,FALSE,FALSE,251009,,,,FALSE,,FALSE,{},FALSE,200,FALSE,FALSE
19,Master SKU ID,article,Product,str,FALSE,FALSE,FALSE,1,FALSE,FALSE,18003,,,,FALSE,,TRUE,{},TRUE,200,FALSE,FALSE
19,Master SKU Description,product_description,Product,str,FALSE,FALSE,FALSE,2,FALSE,FALSE,18004,,,,FALSE,,TRUE,{},TRUE,200,FALSE,FALSE
19,Department,l3_name,Product,str,FALSE,FALSE,FALSE,3,FALSE,FALSE,18002,,,,FALSE,,TRUE,{},TRUE,200,FALSE,FALSE
19,Mapped DC's,dc_map,Product,list,FALSE,TRUE,FALSE,4,FALSE,FALSE,18005,,,,FALSE,,FALSE,{},FALSE,200,FALSE,FALSE
16,Channel,channel,store,str,FALSE,FALSE,TRUE,4,FALSE,FALSE,34,,,,FALSE,,TRUE,{},TRUE,200,FALSE,FALSE
16,DC,dc_map,store,list,FALSE,TRUE,FALSE,5,FALSE,FALSE,87,,,,FALSE,,FALSE,{},FALSE,200,FALSE,FALSE
16,Store Name,store_name,store,str,TRUE,FALSE,TRUE,2,FALSE,FALSE,28,,,,FALSE,,TRUE,{},TRUE,200,FALSE,FALSE
16,Store Number,store_code,store,str,TRUE,FALSE,TRUE,1,FALSE,FALSE,25,,,,FALSE,,TRUE,"{""ignoreSearchSpecialCharacters"":true}",TRUE,200,FALSE,FALSE
253,Store Code,store_code,Store,str,TRUE,FALSE,FALSE,1,FALSE,FALSE,253001,,,,FALSE,,TRUE,{},TRUE,200,FALSE,FALSE
253,Store Name,store_name,Store,str,FALSE,FALSE,FALSE,2,FALSE,FALSE,253002,,,,FALSE,,TRUE,{},TRUE,200,FALSE,FALSE
253,Channel,channel,Store,str,FALSE,FALSE,FALSE,3,FALSE,FALSE,253003,,,,FALSE,,TRUE,{},TRUE,200,FALSE,FALSE
253,Region,region,Store,str,FALSE,FALSE,FALSE,4,FALSE,FALSE,253004,,,,FALSE,,TRUE,{},TRUE,200,FALSE,FALSE
253,State,state,Store,str,FALSE,FALSE,FALSE,5,FALSE,FALSE,253005,,,,FALSE,,TRUE,{},TRUE,200,FALSE,FALSE
253,District,district,Store,str,FALSE,FALSE,FALSE,6,FALSE,FALSE,253006,,,,FALSE,,TRUE,{},TRUE,200,FALSE,FALSE
253,City,city,Store,str,FALSE,FALSE,FALSE,7,FALSE,FALSE,253007,,,,FALSE,,TRUE,{},TRUE,200,FALSE,FALSE
253,Store Layout,store_attribute_1,Store,str,FALSE,FALSE,FALSE,8,FALSE,FALSE,253008,,,,FALSE,,TRUE,{},TRUE,200,FALSE,FALSE
253,Store Tier,store_tier,Store,str,FALSE,FALSE,FALSE,9,FALSE,FALSE,253009,,,,FALSE,,TRUE,{},TRUE,200,FALSE,FALSE
253,Time Periods,validity,Product Mapping,str,FALSE,FALSE,FALSE,10,FALSE,FALSE,pyz,,,,FALSE,,FALSE,{},FALSE,200,FALSE,FALSE
253,From Date,from_date,Product Mapping,datetime,FALSE,FALSE,FALSE,11,FALSE,FALSE,253011,pyz,,,FALSE,,FALSE,{},FALSE,200,FALSE,FALSE
253,To Date,to_date,Product Mapping,datetime,FALSE,FALSE,FALSE,12,FALSE,FALSE,253012,pyz,,,FALSE,,FALSE,{},FALSE,200,FALSE,FALSE
258,City,city,store,str,FALSE,FALSE,FALSE,1,FALSE,TRUE,258878001,,,,FALSE,,TRUE,{},TRUE,200,FALSE,FALSE
258,State,state,store,str,FALSE,FALSE,FALSE,1,FALSE,TRUE,258002,,,,FALSE,,TRUE,{},TRUE,200,FALSE,FALSE
258,District,district,store,str,FALSE,FALSE,FALSE,1,FALSE,TRUE,258003,,,,FALSE,,TRUE,{},TRUE,200,FALSE,FALSE
258,Store Layout,store_attribute_1,store,str,FALSE,FALSE,FALSE,1,FALSE,TRUE,258004,,,,FALSE,,TRUE,{},TRUE,200,FALSE,FALSE
258,Region,region,store,str,FALSE,FALSE,FALSE,1,FALSE,TRUE,258001,,,,FALSE,,TRUE,{},TRUE,200,FALSE,FALSE
258,Store Tier,store_tier,store,str,FALSE,FALSE,FALSE,1,FALSE,TRUE,258005,,,,FALSE,,TRUE,{},TRUE,200,FALSE,FALSE
232,Master SKU ID,article,Product Mapping,list,FALSE,TRUE,FALSE,1,FALSE,TRUE,232002,,,,FALSE,,FALSE,{},FALSE,200,FALSE,FALSE
9,Article ID,product_code,product,str,TRUE,FALSE,FALSE,1,FALSE,FALSE,9001,,,,FALSE,,TRUE,{},TRUE,200,TRUE,FALSE
9,Article Season Name,article_season_name,product,str,FALSE,FALSE,FALSE,0,,FALSE,9_article_season_name_Article Season Name_product,,,,FALSE,,TRUE,{},,200,FALSE,
9,Article Size,size,product,str,FALSE,FALSE,FALSE,1,,FALSE,9_size_Article Size_product,,,,FALSE,,TRUE,{},,200,FALSE,
9,Brand ID,brand_id,product,str,FALSE,FALSE,FALSE,2,,FALSE,9_brand_id_Brand Id_product,,,,FALSE,,TRUE,{},,200,FALSE,
9,Category,l1_name,product,str,FALSE,FALSE,FALSE,1,,FALSE,9_l1_name_Category_product,,,,FALSE,,TRUE,{},,200,FALSE,
9,Generic Article ID,l5_name,product,str,TRUE,FALSE,FALSE,2,FALSE,FALSE,9002,,,,FALSE,,TRUE,{},TRUE,200,TRUE,FALSE
9,Sub Category,l2_name,product,str,FALSE,FALSE,FALSE,4,,FALSE,9_l2_name_Sub Category_product,,,,FALSE,,TRUE,{},,200,FALSE,
351,Store Name,store_name,Store,str,FALSE,FALSE,FALSE,2,FALSE,FALSE,700102,,,,FALSE,,TRUE,{},TRUE,200,TRUE,FALSE
351,Store Code,store_code,Store,str,FALSE,FALSE,FALSE,1,FALSE,FALSE,700101,,,,FALSE,,TRUE,"{""ignoreSearchSpecialCharacters"": true}",TRUE,200,TRUE,FALSE
351,Article Season Name,article_season_name,product,str,FALSE,FALSE,FALSE,0,,FALSE,351_article_season_name_Article Season Name_product,,,,FALSE,,TRUE,{},,200,FALSE,
351,Article Size,size,product,str,FALSE,FALSE,FALSE,0,,FALSE,351_size_Article Size_product,,,,FALSE,,TRUE,{},,200,FALSE,