"attribute_id","data_type","input_type","input_values","input_validation_ids","default_visibility","is_static","is_dynamic","is_editable_from_app","is_editable_from_file","is_filterable","column_order","cell_render_params","is_active","cell_render_type","comparison_attributes","column_data_format","attribute_update_level","is_competitive_rule","is_resettable","extra_params","depends_on","rule_types","product_store_impacted_attributes","created_at","updated_at","database_column","report_display_name","frontend_display_name","attribute_name","is_value_preserved","forecast_kpi","forecast_type"
1,int4,"","[]",{},false,true,false,false,false,false,,"[]",true,"",{},"","",true,false,"[{""is_sort"": true, ""is_search"": true, ""is_advance_search"": false}]","","[]",{},2026-03-20 13:01:26.936,2026-03-20 13:01:26.936,"",Strategy ID,Strategy ID,strategy_id,true,,
2,varchar,"","[]",{},false,true,false,false,false,false,,"[{""on_click"": ""handleStrategyRedirection""}]",true,CLICK,{},"","",true,false,"[{""is_sort"": true, ""is_search"": true, ""is_advance_search"": false}]","","[]",{},2026-03-20 13:01:26.936,2026-03-20 13:01:26.936,"",Strategy Name,Strategy Name,strategy_name,true,,
3,int2,"","[]",{},false,true,false,false,false,false,,"{""customColor"": true}",true,BADGE,{},"","",true,false,"[{""is_sort"": true, ""is_search"": true, ""is_advance_search"": false}]","","[]",{},2026-03-20 13:01:26.936,2026-03-20 13:01:26.936,"",Strategy Status,Strategy Status,strategy_status,true,,
4,int4,"","[]",{},false,true,false,false,false,false,,"[]",true,"",{},"","",true,false,"[{""is_sort"": true, ""is_search"": true, ""is_advance_search"": false}]","","[]",{},2026-03-20 13:01:26.936,2026-03-20 13:01:26.936,"",Product ID,Product ID,product_id,true,,
5,varchar,"","[]",{},false,true,false,false,false,false,,"[]",true,"",{},"","",true,false,"[{""is_sort"": true, ""is_search"": true, ""is_advance_search"": false}]","","[]",{},2026-03-20 13:01:26.936,2026-03-20 13:01:26.936,"",SKU,SKU,product_name,true,,
6,varchar,"","[]",{},false,false,true,false,false,false,,"[]",true,"",{},"","",true,false,"[{""is_sort"": true, ""is_search"": true, ""is_advance_search"": false}]","","[]",{},2026-03-20 13:01:26.936,2026-03-20 13:01:26.936,"",Channel,Channel,channel,true,,
7,int4,"","[]",{},false,true,false,false,false,false,,"[]",true,"",{},"","",true,false,"[{""is_sort"": true, ""is_search"": true, ""is_advance_search"": false}]","","[]",{},2026-03-20 13:01:26.936,2026-03-20 13:01:26.936,"",Store ID,Store ID,store_id,true,,
8,varchar,"","[]",{},false,false,true,false,false,false,,"[]",true,"",{},"","",true,false,"[{""is_sort"": true, ""is_search"": true, ""is_advance_search"": false}]","","[]",{},2026-03-20 13:01:26.936,2026-03-20 13:01:26.936,"",Line Group,Line Group,line_group,true,,
9,varchar,"","[]",{},false,true,false,false,false,false,,"[]",true,"",{},"","",true,false,"[{""is_sort"": true, ""is_search"": true, ""is_advance_search"": false}]","","[]",{},2026-03-20 13:01:26.936,2026-03-20 13:01:26.936,"",Zone Structure,Zone Structure,zone_structure_name,true,,
10,varchar,"","[]",{},false,true,false,false,false,false,,"[]",true,"",{},"","",true,false,"[{""is_sort"": true, ""is_search"": true, ""is_advance_search"": false}]","","[]",{},2026-03-20 13:01:26.936,2026-03-20 13:01:26.936,"",Price Zone,Price Zone,price_zone_name,true,,
11,varchar,"","[]",{},false,false,true,false,false,false,,"[]",true,"",{},"","",true,false,"[{""is_sort"": true, ""is_search"": true, ""is_advance_search"": false}]","","[]",{},2026-03-20 13:01:26.936,2026-03-20 13:01:26.936,"",Size Family,Size Family,size_family,true,,
12,varchar,"","[]",{},false,false,true,false,false,false,,"[]",true,"",{},"","",true,false,"[{""is_sort"": true, ""is_search"": true, ""is_advance_search"": false}]","","[]",{},2026-03-20 13:01:26.936,2026-03-20 13:01:26.936,"",Size Class,Size Class,size_class,true,,
13,varchar,"","[]",{},false,false,true,false,false,false,,"[]",true,"",{},"","",true,false,"[{""is_sort"": true, ""is_search"": true, ""is_advance_search"": false}]","","[]",{},2026-03-20 13:01:26.936,2026-03-20 13:01:26.936,"",Brand Family,Brand Family,brand_family,true,,
14,varchar,"","[]",{},false,false,true,false,false,false,,"[]",true,"",{},"","",true,false,"[{""is_sort"": true, ""is_search"": true, ""is_advance_search"": false}]","","[]",{},2026-03-20 13:01:26.936,2026-03-20 13:01:26.936,"",Brand Class,Brand Class,brand_class,true,,
15,varchar,"","[]",{},false,false,true,false,false,false,,"[]",false,"",{},"","",true,false,"[{""is_sort"": true, ""is_search"": true, ""is_advance_search"": false}]","","[]",{},2026-03-20 13:01:26.936,2026-03-20 13:01:26.936,"",Other Family 1,Other Family 1,other_family_1,true,,
16,varchar,"","[]",{},false,false,true,false,false,false,,"[]",false,"",{},"","",true,false,"[{""is_sort"": true, ""is_search"": true, ""is_advance_search"": false}]","","[]",{},2026-03-20 13:01:26.936,2026-03-20 13:01:26.936,"",Other Class 1,Other Class 1,other_class_1,true,,
17,float8,"","[]",{},false,true,false,false,false,false,,"[]",true,"",{},currency-usd-comma-decimal,"",true,false,"[{""is_sort"": true, ""is_search"": true, ""is_advance_search"": false}]","","[]",{},2026-03-20 13:01:26.936,2026-03-20 13:01:26.936,"",Cost ($),Cost ($),cost,true,,
18,int4,"","[]",{},false,true,false,false,false,false,,"[]",false,"",{},number-comma-decimal,"",true,false,"[{""is_sort"": true, ""is_search"": true, ""is_advance_search"": false}]","","[]",{},2026-03-20 13:01:26.936,2026-03-20 13:01:26.936,"",Size,Size,size,true,,
19,varchar,"","[]",{},false,true,false,false,false,false,,"[]",false,"",{},"","",true,false,"[{""is_sort"": true, ""is_search"": true, ""is_advance_search"": false}]","","[]",{},2026-03-20 13:01:26.936,2026-03-20 13:01:26.936,"",UOM,UOM,uom,true,,
20,varchar,"","[]",{},false,true,false,false,false,false,,"[]",true,"",{},"","",true,false,"[{""is_sort"": true, ""is_search"": true, ""is_advance_search"": false}]","","[]",{},2026-03-20 13:01:26.936,2026-03-20 13:01:26.936,"",Price Change Reason,Price Change Reason,price_change_reason,true,,
21,float8,"","[]",{},false,true,false,false,false,false,,"[]",true,"",{},currency-usd-comma-decimal,"",true,false,"[{""is_sort"": true, ""is_search"": true, ""is_advance_search"": false}]","","[]",{},2026-03-20 13:01:26.936,2026-03-20 13:01:26.936,"",Price ($),Price ($),price,true,,
22,float8,"","[]",{},false,false,true,false,false,false,,"[]",true,"",{},currency-usd-comma-decimal,"",true,false,"[{""is_sort"": true, ""is_search"": true, ""is_advance_search"": false}]","","[]",{},2026-03-20 13:01:26.936,2026-03-20 13:01:26.936,"",Competitor Price ($),Competitor Price ($),competitor_price,true,,
23,array,"","[]",{},false,true,false,false,false,false,,"{""redirect_url"": ""/base-pricing/reporting/exception-report/:strategy_id/:param1/:param2/:segment_id/:channel_id""}",true,REDIRECT,{},"","",true,false,"[{""is_sort"": true, ""is_search"": true, ""is_advance_search"": false}]","","[]",{},2026-03-20 13:01:26.936,2026-03-20 13:01:26.936,"",Exceptions,Exceptions,exception_list,true,,
24,varchar,"","[]",{},false,true,false,false,false,false,,"[]",true,"",{},"","",true,false,"[{""is_sort"": true, ""is_search"": true, ""is_advance_search"": false}]","","[]",{},2026-03-20 13:01:26.936,2026-03-20 13:01:26.936,"",Scope,Scope,scope_level_display_name,true,,
25,varchar,"","[]",{},false,true,false,false,false,false,,"[{""conditional_behaviors"": {""disabled"": [{""field"": ""rule_type_id"", ""values"": [""1001"", ""1002"", ""1003""]}]}}, {""on_click"": ""handleRuleRedirection""}]",true,CLICK,{},"","",true,false,"[{""is_sort"": true, ""is_search"": true, ""is_advance_search"": false}]","","[]",{},2026-03-20 13:01:26.936,2026-03-20 13:01:26.936,"",Rule Name,Rule Name,rule_name,true,,
26,varchar,"","[]",{},false,true,false,false,false,false,,"[]",true,"",{},"","",true,false,"[{""is_sort"": true, ""is_search"": true, ""is_advance_search"": false}]","","[]",{},2026-03-20 13:01:26.936,2026-03-20 13:01:26.936,"",Rule Type,Rule Type,rule_type,true,,
27,int4,"","[]",{},false,true,false,false,false,false,,"[]",true,"",{},"","",true,false,"[{""is_sort"": true, ""is_search"": true, ""is_advance_search"": false}]","","[]",{},2026-03-20 13:01:26.936,2026-03-20 13:01:26.936,"",Priority,Priority,priority,true,,
28,varchar,"","[]",{},false,true,false,false,false,false,,"[]",true,"",{},"","",true,false,"[{""is_sort"": true, ""is_search"": true, ""is_advance_search"": false}]","","[]",{},2026-03-20 13:01:26.936,2026-03-20 13:01:26.936,"",Flexibility,Flexibility,rule_flexibility,true,,
29,float8,"","[]",{},false,true,false,false,false,false,,"[]",true,"",{},currency-usd-comma-decimal,"",true,false,"[{""is_sort"": true, ""is_search"": true, ""is_advance_search"": false}]","","[]",{},2026-03-20 13:01:26.936,2026-03-20 13:01:26.936,"",Finalized Price ($),Finalized Price ($),finalized_price,true,,
30,float8,"","[]",{},false,true,false,false,false,false,,"[]",true,"",{},number-comma,"",true,false,"[{""is_sort"": true, ""is_search"": true, ""is_advance_search"": false}]","","[]",{},2026-03-20 13:01:26.936,2026-03-20 13:01:26.936,"",Sales Units,Sales Units,sales_units,true,,
31,float8,"","[]",{},false,true,false,false,false,false,,"[]",true,"",{},currency-usd-comma-decimal,"",true,false,"[{""is_sort"": true, ""is_search"": true, ""is_advance_search"": false}]","","[]",{},2026-03-20 13:01:26.936,2026-03-20 13:01:26.936,"",Revenue ($),Revenue ($),revenue,true,,
32,float8,"","[]",{},false,true,false,false,false,false,,"[]",true,"",{},currency-usd-comma-decimal,"",true,false,"[{""is_sort"": true, ""is_search"": true, ""is_advance_search"": false}]","","[]",{},2026-03-20 13:01:26.936,2026-03-20 13:01:26.936,"",Gross Margin ($),Gross Margin ($),gross_margin_dollar,true,,
33,float8,"","[]",{},false,true,false,false,false,false,,"[]",true,"",{},percentage-decimal,"",true,false,"[{""is_sort"": true, ""is_search"": true, ""is_advance_search"": false}]","","[]",{},2026-03-20 13:01:26.936,2026-03-20 13:01:26.936,"",Gross Margin (%),Gross Margin (%),gross_margin_percentage,true,,
34,varchar,"","[]",{},false,true,false,false,false,false,,"[]",true,BADGE,{},"","",true,false,"[{""is_sort"": true, ""is_search"": true, ""is_advance_search"": false}]","","[]",{},2026-03-20 13:01:26.936,2026-03-20 13:01:26.936,"",Status,Status,finalized_status,true,,
35,varchar,"","[]",{},false,true,false,false,false,false,,"[]",true,DATE_RANGE,{},"","",true,false,"[{""is_sort"": true, ""is_search"": true, ""is_advance_search"": false}]","","[]",{},2026-03-20 13:01:26.936,2026-03-20 13:01:26.936,"",Date Range,Date Range,date_range,true,,
36,varchar,"","[]",{},false,true,false,false,false,false,,"[]",true,"",{},"","",true,false,"[{""is_sort"": true, ""is_search"": true, ""is_advance_search"": false}]","","[]",{},2026-03-20 13:01:26.936,2026-03-20 13:01:26.936,"",Product Selection Type,Product Selection Type,product_selection_type,true,,
37,varchar,"","[]",{},false,true,false,false,false,false,,"[]",true,"",{},"","",true,false,"[{""is_sort"": true, ""is_search"": true, ""is_advance_search"": false}]","","[]",{},2026-03-20 13:01:26.936,2026-03-20 13:01:26.936,"",Product Hierarchy Level,Product Hierarchy Level,product_hierarchy_level,true,,
38,int4,"","[]",{},false,true,false,false,false,false,,"[]",true,"",{},number-comma,"",true,false,"[{""is_sort"": true, ""is_search"": true, ""is_advance_search"": false}]","","[]",{},2026-03-20 13:01:26.936,2026-03-20 13:01:26.936,"",# Products,# Products,product_count,true,,
39,varchar,"","[]",{},false,true,false,false,false,false,,"[]",true,"",{},"","",true,false,"[{""is_sort"": true, ""is_search"": true, ""is_advance_search"": false}]","","[]",{},2026-03-20 13:01:26.936,2026-03-20 13:01:26.936,"",Store Selection Type,Store Selection Type,store_selection_type,true,,
40,varchar,"","[]",{},false,true,false,false,false,false,,"[]",true,"",{},"","",true,false,"[{""is_sort"": true, ""is_search"": true, ""is_advance_search"": false}]","","[]",{},2026-03-20 13:01:26.936,2026-03-20 13:01:26.936,"",Store Hierarchy Level,Store Hierarchy Level,store_hierarchy_level,true,,
41,int4,"","[]",{},false,true,false,false,false,false,,"[]",true,"",{},number-comma,"",true,false,"[{""is_sort"": true, ""is_search"": true, ""is_advance_search"": false}]","","[]",{},2026-03-20 13:01:26.936,2026-03-20 13:01:26.936,"",# Stores,# Stores,store_count,true,,
42,float8,"","[]",{},false,true,false,false,false,false,,"[]",true,"",{},number-comma,"",true,false,"[{""is_sort"": true, ""is_search"": true, ""is_mertics"": true, ""is_advance_search"": false}]","","[]",{},2026-03-20 13:01:26.936,2026-03-20 13:01:26.936,"",Sales Units.Target,Sales Units.Target,sales_units.target,true,sales_units,
43,float8,"","[]",{},false,true,false,false,false,false,,"[]",true,"",{},number-comma,"",true,false,"[{""is_sort"": true, ""is_search"": true, ""is_mertics"": true, ""is_advance_search"": false}]","","[]",{},2026-03-20 13:01:26.936,2026-03-20 13:01:26.936,"",Sales Units.IA Recommended,Sales Units.IA Recommended,sales_units.ia_recommended,true,sales_units,
44,float8,"","[]",{},false,true,false,false,false,false,,"[]",true,"",{},number-comma,"",true,false,"[{""is_sort"": true, ""is_search"": true, ""is_mertics"": true, ""is_advance_search"": false}]","","[]",{},2026-03-20 13:01:26.936,2026-03-20 13:01:26.936,"",Sales Units.Finalized,Sales Units.Finalized,sales_units.finalized,true,sales_units,
45,float8,"","[]",{},false,true,false,false,false,false,,"[]",true,"",{},currency-usd-comma-decimal,"",true,false,"[{""is_sort"": true, ""is_search"": true, ""is_mertics"": true, ""is_advance_search"": false}]","","[]",{},2026-03-20 13:01:26.936,2026-03-20 13:01:26.936,"",Revenue ($).Target,Revenue ($).Target,revenue.target,true,revenue,
46,float8,"","[]",{},false,true,false,false,false,false,,"[]",true,"",{},currency-usd-comma-decimal,"",true,false,"[{""is_sort"": true, ""is_search"": true, ""is_mertics"": true, ""is_advance_search"": false}]","","[]",{},2026-03-20 13:01:26.936,2026-03-20 13:01:26.936,"",Revenue ($).IA Recommended,Revenue ($).IA Recommended,revenue.ia_recommended,true,revenue,
47,float8,"","[]",{},false,true,false,false,false,false,,"[]",true,"",{},currency-usd-comma-decimal,"",true,false,"[{""is_sort"": true, ""is_search"": true, ""is_mertics"": true, ""is_advance_search"": false}]","","[]",{},2026-03-20 13:01:26.936,2026-03-20 13:01:26.936,"",Revenue ($).Finalized,Revenue ($).Finalized,revenue.finalized,true,revenue,
48,float8,"","[]",{},false,true,false,false,false,false,,"[]",true,"",{},currency-usd-comma-decimal,"",true,false,"[{""is_sort"": true, ""is_search"": true, ""is_mertics"": true, ""is_advance_search"": false}]","","[]",{},2026-03-20 13:01:26.936,2026-03-20 13:01:26.936,"",Gross Margin ($).Target,Gross Margin ($).Target,gross_margin_dollar.target,true,gross_margin_dollar,
49,float8,"","[]",{},false,true,false,false,false,false,,"[]",true,"",{},currency-usd-comma-decimal,"",true,false,"[{""is_sort"": true, ""is_search"": true, ""is_mertics"": true, ""is_advance_search"": false}]","","[]",{},2026-03-20 13:01:26.936,2026-03-20 13:01:26.936,"",Gross Margin ($).IA Recommended,Gross Margin ($).IA Recommended,gross_margin_dollar.ia_recommended,true,gross_margin_dollar,
50,float8,"","[]",{},false,true,false,false,false,false,,"[]",true,"",{},currency-usd-comma-decimal,"",true,false,"[{""is_sort"": true, ""is_search"": true, ""is_mertics"": true, ""is_advance_search"": false}]","","[]",{},2026-03-20 13:01:26.936,2026-03-20 13:01:26.936,"",Gross Margin ($).Finalized,Gross Margin ($).Finalized,gross_margin_dollar.finalized,true,gross_margin_dollar,
51,float8,"","[]",{},false,true,false,false,false,false,,"[]",true,"",{},percentage-decimal,"",true,false,"[{""is_sort"": true, ""is_search"": true, ""is_mertics"": true, ""is_advance_search"": false}]","","[]",{},2026-03-20 13:01:26.936,2026-03-20 13:01:26.936,"",Gross Margin (%).Target,Gross Margin (%).Target,gross_margin_percentage.target,true,gross_margin_percentage,
52,float8,"","[]",{},false,true,false,false,false,false,,"[]",true,"",{},percentage-decimal,"",true,false,"[{""is_sort"": true, ""is_search"": true, ""is_mertics"": true, ""is_advance_search"": false}]","","[]",{},2026-03-20 13:01:26.936,2026-03-20 13:01:26.936,"",Gross Margin (%).IA Recommended,Gross Margin (%).IA Recommended,gross_margin_percentage.ia_recommended,true,gross_margin_percentage,
53,float8,"","[]",{},false,true,false,false,false,false,,"[]",true,"",{},percentage-decimal,"",true,false,"[{""is_sort"": true, ""is_search"": true, ""is_mertics"": true, ""is_advance_search"": false}]","","[]",{},2026-03-20 13:01:26.936,2026-03-20 13:01:26.936,"",Gross Margin (%).Finalized,Gross Margin (%).Finalized,gross_margin_percentage.finalized,true,gross_margin_percentage,
54,float8,"","[]",{},false,true,false,false,false,false,,"[]",true,"",{},currency-usd-comma-decimal,"",true,false,"[{""is_sort"": true, ""is_search"": true, ""is_mertics"": true, ""is_advance_search"": false}]","","[]",{},2026-03-20 13:01:26.936,2026-03-20 13:01:26.936,"",ASP ($).Target,ASP ($).Target,average_selling_price.target,true,,
55,float8,"","[]",{},false,true,false,false,false,false,,"[]",true,"",{},currency-usd-comma-decimal,"",true,false,"[{""is_sort"": true, ""is_search"": true, ""is_mertics"": true, ""is_advance_search"": false}]","","[]",{},2026-03-20 13:01:26.936,2026-03-20 13:01:26.936,"",ASP ($).IA Recommended,ASP ($).IA Recommended,average_selling_price.ia_recommended,true,,
56,float8,"","[]",{},false,true,false,false,false,false,,"[]",true,"",{},currency-usd-comma-decimal,"",true,false,"[{""is_sort"": true, ""is_search"": true, ""is_mertics"": true, ""is_advance_search"": false}]","","[]",{},2026-03-20 13:01:26.936,2026-03-20 13:01:26.936,"",ASP ($).Finalized,ASP ($).Finalized,average_selling_price.finalized,true,,
57,float8,"","[]",{},false,true,false,false,false,false,,"[]",true,"",{},currency-usd-comma-decimal,"",true,false,"[{""is_sort"": true, ""is_search"": true, ""is_mertics"": true, ""is_advance_search"": false}]","","[]",{},2026-03-20 13:01:26.936,2026-03-20 13:01:26.936,"",AUM ($).Target,AUM ($).Target,average_unit_margin.target,true,,
58,float8,"","[]",{},false,true,false,false,false,false,,"[]",true,"",{},currency-usd-comma-decimal,"",true,false,"[{""is_sort"": true, ""is_search"": true, ""is_mertics"": true, ""is_advance_search"": false}]","","[]",{},2026-03-20 13:01:26.936,2026-03-20 13:01:26.936,"",AUM ($).IA Recommended,AUM ($).IA Recommended,average_unit_margin.ia_recommended,true,,
59,float8,"","[]",{},false,true,false,false,false,false,,"[]",true,"",{},currency-usd-comma-decimal,"",true,false,"[{""is_sort"": true, ""is_search"": true, ""is_mertics"": true, ""is_advance_search"": false}]","","[]",{},2026-03-20 13:01:26.936,2026-03-20 13:01:26.936,"",AUM ($).Finalized,AUM ($).Finalized,average_unit_margin.finalized,true,,
60,int4,"","[]",{},false,true,false,false,false,false,,"[]",true,"",{},number-comma,"",true,false,"[{""is_sort"": true, ""is_search"": true, ""is_advance_search"": false}]","","[]",{},2026-03-20 13:01:26.936,2026-03-20 13:01:26.936,"",Price Change Overview.# Changed,Price Change Overview.# Changed,price_changes,true,,
61,float8,"","[]",{},false,true,false,false,false,false,,"[]",true,"",{},percentage-decimal,"",true,false,"[{""is_sort"": true, ""is_search"": true, ""is_advance_search"": false}]","","[]",{},2026-03-20 13:01:26.936,2026-03-20 13:01:26.936,"",Price Change Overview.% Changed,Price Change Overview.% Changed,percent_of_price_changes,true,,
62,int4,"","[]",{},false,true,false,false,false,false,,"[]",true,"",{},number-comma,"",true,false,"[{""is_sort"": true, ""is_search"": true, ""is_advance_search"": false}]","","[]",{},2026-03-20 13:01:26.936,2026-03-20 13:01:26.936,"",Price Change Overview.#  Increased,Price Change Overview.#  Increased,price_increased,true,,
63,float8,"","[]",{},false,true,false,false,false,false,,"[]",true,"",{},percentage-decimal,"",true,false,"[{""is_sort"": true, ""is_search"": true, ""is_advance_search"": false}]","","[]",{},2026-03-20 13:01:26.936,2026-03-20 13:01:26.936,"",Price Change Overview.% Increased,Price Change Overview.% Increased,percent_of_price_increased,true,,
64,int4,"","[]",{},false,true,false,false,false,false,,"[]",true,"",{},number-comma,"",true,false,"[{""is_sort"": true, ""is_search"": true, ""is_advance_search"": false}]","","[]",{},2026-03-20 13:01:26.936,2026-03-20 13:01:26.936,"",Price Change Overview.#  Decreased,Price Change Overview.#  Decreased,price_decreased,true,,
65,float8,"","[]",{},false,true,false,false,false,false,,"[]",true,"",{},percentage-decimal,"",true,false,"[{""is_sort"": true, ""is_search"": true, ""is_advance_search"": false}]","","[]",{},2026-03-20 13:01:26.936,2026-03-20 13:01:26.936,"",Price Change Overview.% Decreased,Price Change Overview.% Decreased,percent_of_price_decreased,true,,
66,varchar,"","[]",{},false,true,false,false,false,false,,"[]",true,"",{},"","",true,false,"[{""is_sort"": true, ""is_search"": true, ""is_advance_search"": false}]","","[]",{},2026-03-20 13:01:26.936,2026-03-20 13:01:26.936,"",Audit Trail.Created By,Audit Trail.Created By,created_by,true,,
67,varchar,"","[]",{},false,true,false,false,false,false,,"[]",true,DATE,{},"","",true,false,"[{""is_sort"": true, ""is_search"": true, ""is_advance_search"": false}]","","[]",{},2026-03-20 13:01:26.936,2026-03-20 13:01:26.936,"",Audit Trail.Created On,Audit Trail.Created On,created_on,true,,
68,varchar,"","[]",{},false,true,false,false,false,false,,"[]",true,"",{},"","",true,false,"[{""is_sort"": true, ""is_search"": true, ""is_advance_search"": false}]","","[]",{},2026-03-20 13:01:26.936,2026-03-20 13:01:26.936,"",Audit Trail.Modified By,Audit Trail.Modified By,modified_by,true,,
69,varchar,"","[]",{},false,true,false,false,false,false,,"[]",true,DATE,{},"","",true,false,"[{""is_sort"": true, ""is_search"": true, ""is_advance_search"": false}]","","[]",{},2026-03-20 13:01:26.936,2026-03-20 13:01:26.936,"",Audit Trail.Modified On,Audit Trail.Modified On,modified_on,true,,
70,varchar,"","[]",{},false,true,false,false,false,false,,"[]",true,"",{},"","",true,false,"[{""is_sort"": true, ""is_search"": true, ""is_advance_search"": false}]","","[]",{},2026-03-20 13:01:26.936,2026-03-20 13:01:26.936,"",Department,Department,l0_name,true,,
71,varchar,"","[]",{},false,true,false,false,false,false,,"[]",true,"",{},"","",true,false,"[{""is_sort"": true, ""is_search"": true, ""is_advance_search"": false}]","","[]",{},2026-03-20 13:01:26.936,2026-03-20 13:01:26.936,"",Sub Department,Sub Department,l1_name,true,,
72,varchar,"","[]",{},false,true,false,false,false,false,,"[]",true,"",{},"","",true,false,"[{""is_sort"": true, ""is_search"": true, ""is_advance_search"": false}]","","[]",{},2026-03-20 13:01:26.936,2026-03-20 13:01:26.936,"",Class,Class,l2_name,true,,
73,int4,"","[]",{},false,true,false,false,false,false,,"[]",true,"",{},number-comma,"",true,false,"[{""is_sort"": true, ""is_search"": true, ""is_advance_search"": false}]","","[]",{},2026-03-20 13:01:26.936,2026-03-20 13:01:26.936,"",Sales Volume,Sales Volume,sales_volume,true,,
74,varchar,"","[]",{},false,true,false,false,false,false,,"[]",true,"",{},"","",true,false,"[{""is_sort"": true, ""is_search"": true, ""is_advance_search"": false}]","","[]",{},2026-03-20 13:01:26.936,2026-03-20 13:01:26.936,"",Competitor,Competitor,competitor,true,,
75,float8,"","[]",{},false,true,false,false,false,false,,"[]",true,"",{},number-comma-decimal,"",true,false,"[{""is_sort"": true, ""is_search"": true, ""is_advance_search"": false}]","","[]",{},2026-03-20 13:01:26.936,2026-03-20 13:01:26.936,"",VW CPI,VW CPI,vw_cpi,true,,
76,float8,"","[]",{},false,true,false,false,false,false,,"[]",true,"",{},number-comma-decimal,"",true,false,"[{""is_sort"": true, ""is_search"": true, ""is_advance_search"": false}]","","[]",{},2026-03-20 13:01:26.936,2026-03-20 13:01:26.936,"",NVW CPI,NVW CPI,nvw_cpi,true,,
77,float8,"","[]",{},false,true,false,false,false,false,,"[]",true,"",{},currency-usd-comma-decimal,"",true,false,"[{""is_sort"": true, ""is_search"": true, ""is_advance_search"": false}]","","[]",{},2026-03-20 13:01:26.936,2026-03-20 13:01:26.936,"",Historical Price ($),Historical Price ($),historical_price,true,,
78,float8,"","[]",{},false,true,false,false,false,false,,"[]",true,"",{},currency-usd-comma-decimal,"",true,false,"[{""is_sort"": true, ""is_search"": true, ""is_advance_search"": false}]","","[]",{},2026-03-20 13:01:26.936,2026-03-20 13:01:26.936,"",Current Cost ($),Current Cost ($),current_cost,true,,
79,float8,"","[]",{},false,true,false,false,false,false,,"[]",true,"",{},currency-usd-comma-decimal,"",true,false,"[{""is_sort"": true, ""is_search"": true, ""is_advance_search"": false}]","","[]",{},2026-03-20 13:01:26.936,2026-03-20 13:01:26.936,"",Current Price ($),Current Price ($),current_price,true,,
80,float8,"","[]",{},false,true,false,false,false,false,,"[]",true,"",{},currency-usd-comma-decimal,"",true,false,"[{""is_sort"": true, ""is_search"": true, ""is_advance_search"": false}]","","[]",{},2026-03-20 13:01:26.936,2026-03-20 13:01:26.936,"",Price Difference ($),Price Difference ($),price_difference,true,,
81,varchar,"","[]",{},false,true,false,false,false,false,,"[]",true,"",{},"","",true,false,"[{""is_sort"": true, ""is_search"": true, ""is_advance_search"": false}]","","[]",{},2026-03-20 13:01:26.936,2026-03-20 13:01:26.936,"",Current Strategy,Current Strategy,current_strategy,true,,
82,int4,"","[]",{},false,true,false,false,false,false,,"[]",true,"",{},number-comma,"",true,false,"[{""is_sort"": true, ""is_search"": true, ""is_advance_search"": false}]","","[]",{},2026-03-20 13:01:26.936,2026-03-20 13:01:26.936,"",Price Change Overview.Total Price Points,Price Change Overview.Total Price Points,price_change_overview.total_price_points,true,,
83,int4,"","[]",{},false,true,false,false,false,false,,"[]",true,"",{},number-comma,"",true,false,"[{""is_sort"": true, ""is_search"": true, ""is_advance_search"": false}]","","[]",{},2026-03-20 13:01:26.936,2026-03-20 13:01:26.936,"",Price Change Overview.# Changed,Price Change Overview.# Changed,price_change_overview.price_changes,true,,
84,float8,"","[]",{},false,true,false,false,false,false,,"[]",true,"",{},percentage-decimal,"",true,false,"[{""is_sort"": true, ""is_search"": true, ""is_advance_search"": false}]","","[]",{},2026-03-20 13:01:26.936,2026-03-20 13:01:26.936,"",Price Change Overview.% Changed,Price Change Overview.% Changed,price_change_overview.percent_of_price_change,true,,
85,int4,"","[]",{},false,true,false,false,false,false,,"[]",true,"",{},number-comma,"",true,false,"[{""is_sort"": true, ""is_search"": true, ""is_advance_search"": false}]","","[]",{},2026-03-20 13:01:26.936,2026-03-20 13:01:26.936,"",Price Change Overview.#  Increased,Price Change Overview.#  Increased,price_change_overview.price_increased,true,,
86,float8,"","[]",{},false,true,false,false,false,false,,"[]",true,"",{},percentage-decimal,"",true,false,"[{""is_sort"": true, ""is_search"": true, ""is_advance_search"": false}]","","[]",{},2026-03-20 13:01:26.936,2026-03-20 13:01:26.936,"",Price Change Overview.% Increased,Price Change Overview.% Increased,price_change_overview.percent_of_price_increased,true,,
87,int4,"","[]",{},false,true,false,false,false,false,,"[]",true,"",{},number-comma,"",true,false,"[{""is_sort"": true, ""is_search"": true, ""is_advance_search"": false}]","","[]",{},2026-03-20 13:01:26.936,2026-03-20 13:01:26.936,"",Price Change Overview.#  Decreased,Price Change Overview.#  Decreased,price_change_overview.price_decreased,true,,
88,float8,"","[]",{},false,true,false,false,false,false,,"[]",true,"",{},percentage-decimal,"",true,false,"[{""is_sort"": true, ""is_search"": true, ""is_advance_search"": false}]","","[]",{},2026-03-20 13:01:26.936,2026-03-20 13:01:26.936,"",Price Change Overview.% Decreased,Price Change Overview.% Decreased,price_change_overview.percent_of_price_decreased,true,,
89,varchar,"","[]",{},false,true,false,false,false,false,,"[]",true,"",{},"","",true,false,"[{""is_sort"": true, ""is_search"": true, ""is_advance_search"": false}]","","[]",{},2026-03-20 13:01:26.936,2026-03-20 13:01:26.936,"",Audit Trail.Created By,Audit Trail.Created By,created_by,true,,
90,varchar,"","[]",{},false,true,false,false,false,false,,"[]",true,DATE,{},"","",true,false,"[{""is_sort"": true, ""is_search"": true, ""is_advance_search"": false}]","","[]",{},2026-03-20 13:01:26.936,2026-03-20 13:01:26.936,"",Audit Trail.Created On,Audit Trail.Created On,created_on,true,,
91,varchar,"","[]",{},false,true,false,false,false,false,,"[]",true,"",{},"","",true,false,"[{""is_sort"": true, ""is_search"": true, ""is_advance_search"": false}]","","[]",{},2026-03-20 13:01:26.936,2026-03-20 13:01:26.936,"",Audit Trail.Modified By,Audit Trail.Modified By,modified_by,true,,
92,varchar,"","[]",{},false,true,false,false,false,false,,"[]",true,DATE,{},"","",true,false,"[{""is_sort"": true, ""is_search"": true, ""is_advance_search"": false}]","","[]",{},2026-03-20 13:01:26.936,2026-03-20 13:01:26.936,"",Audit Trail.Modified On,Audit Trail.Modified On,modified_on,true,,
93,varchar,"","[]",{},false,true,false,false,false,false,,"[]",true,"",{},"","",true,false,"[{""is_sort"": true, ""is_search"": true, ""is_advance_search"": false}]","","[]",{},2026-03-20 13:01:26.936,2026-03-20 13:01:26.936,"",Strategy Description,Strategy Description,description,true,,
94,varchar,"","[]",{},false,true,false,false,false,false,,"[]",true,"",{},"","",true,false,"[{""is_sort"": true, ""is_search"": true, ""is_advance_search"": false}]","","[]",{},2026-03-20 13:01:26.936,2026-03-20 13:01:26.936,"",Stage,Stage,current_stage,true,,
95,varchar,"","[]",{},false,true,false,false,false,false,,"[]",true,DATE,{},"","",true,false,"[{""is_sort"": true, ""is_search"": true, ""is_advance_search"": false}]","","[]",{},2026-03-20 13:01:26.936,2026-03-20 13:01:26.936,"",Start Date,Start Date,start_date,true,,
96,varchar,"","[]",{},false,true,false,false,false,false,,"[]",true,DATE,{},"","",true,false,"[{""is_sort"": true, ""is_search"": true, ""is_advance_search"": false}]","","[]",{},2026-03-20 13:01:26.936,2026-03-20 13:01:26.936,"",End Date,End Date,end_date,true,,
97,int4,"","[]",{},false,true,false,false,false,false,,"[]",true,"",{},number-comma,"",true,false,"[{""is_sort"": true, ""is_search"": true, ""is_advance_search"": false}]","","[]",{},2026-03-20 13:01:26.936,2026-03-20 13:01:26.936,"",#Rules,#Rules,rules_count,true,,
98,int4,"","[]",{},false,true,false,false,false,false,,"[]",true,"",{},number-comma,"",true,false,"[{""is_sort"": true, ""is_search"": true, ""is_advance_search"": false}]","","[]",{},2026-03-20 13:01:26.936,2026-03-20 13:01:26.936,"",#Exceptions,#Exceptions,rules_exception_count,true,,
99,float8,"","[]",{},false,true,false,false,false,false,,"[]",true,"",{},number-comma,"",true,false,"[{""is_sort"": true, ""is_search"": true, ""is_mertics"": true, ""is_advance_search"": false}]","","[]",{},2026-03-20 13:01:26.936,2026-03-20 13:01:26.936,"",Sales Units Target,Sales Units Target,sales_units_target,true,,
100,float8,"","[]",{},false,true,false,false,false,false,,"[]",true,"",{},number-comma,"",true,false,"[{""is_sort"": true, ""is_search"": true, ""is_mertics"": true, ""is_advance_search"": false}]","","[]",{},2026-03-20 13:01:26.936,2026-03-20 13:01:26.936,"",Sales Units Priority,Sales Units Priority,sales_units_priority,true,,
101,float8,"","[]",{},false,true,false,false,false,false,,"[]",true,"",{},currency-usd-comma-decimal,"",true,false,"[{""is_sort"": true, ""is_search"": true, ""is_mertics"": true, ""is_advance_search"": false}]","","[]",{},2026-03-20 13:01:26.936,2026-03-20 13:01:26.936,"",Revenue ($) Target,Revenue ($) Target,revenue_target,true,,
102,float8,"","[]",{},false,true,false,false,false,false,,"[]",true,"",{},number-comma,"",true,false,"[{""is_sort"": true, ""is_search"": true, ""is_mertics"": true, ""is_advance_search"": false}]","","[]",{},2026-03-20 13:01:26.936,2026-03-20 13:01:26.936,"",Revenue ($) Priority,Revenue ($) Priority,revenue_priority,true,,
103,float8,"","[]",{},false,true,false,false,false,false,,"[]",true,"",{},currency-usd-comma-decimal,"",true,false,"[{""is_sort"": true, ""is_search"": true, ""is_mertics"": true, ""is_advance_search"": false}]","","[]",{},2026-03-20 13:01:26.936,2026-03-20 13:01:26.936,"",GM ($) Target,GM ($) Target,gm_dollar_target,true,,
104,float8,"","[]",{},false,true,false,false,false,false,,"[]",true,"",{},number-comma,"",true,false,"[{""is_sort"": true, ""is_search"": true, ""is_mertics"": true, ""is_advance_search"": false}]","","[]",{},2026-03-20 13:01:26.936,2026-03-20 13:01:26.936,"",GM ($) Priority,GM ($) Priority,gm_dollar_priority,true,,
105,float8,"","[]",{},false,true,false,false,false,false,,"[]",true,"",{},currency-usd-decimal,"",true,false,"[{""is_sort"": true, ""is_search"": true, ""is_mertics"": true, ""is_advance_search"": false}]","","[]",{},2026-03-20 13:01:26.936,2026-03-20 13:01:26.936,"",Gross Margin $,Gross Margin $,gm_dollar,true,,
106,float8,"","[]",{},false,true,false,false,false,false,,"[]",true,"",{},percentage-decimal,"",true,false,"[{""is_sort"": true, ""is_search"": true, ""is_advance_search"": false}]","","[]",{},2026-03-20 13:01:26.936,2026-03-20 13:01:26.936,"",Gross Margin %,Gross Margin %,gm_percent,true,,
107,float8,"","[]",{},false,true,false,false,false,false,,"[]",true,"",{},percentage-decimal,"",true,false,"[{""is_sort"": true, ""is_search"": true, ""is_mertics"": true, ""is_advance_search"": false}]","","[]",{},2026-03-20 13:01:26.936,2026-03-20 13:01:26.936,"",GM (%) Target,GM (%) Target,gm_percent_target,true,,
108,float8,"","[]",{},false,true,false,false,false,false,,"[]",true,"",{},number-comma,"",true,false,"[{""is_sort"": true, ""is_search"": true, ""is_mertics"": true, ""is_advance_search"": false}]","","[]",{},2026-03-20 13:01:26.936,2026-03-20 13:01:26.936,"",GM (%) Priority,GM (%) Priority,gm_percent_priority,true,,
109,varchar,"","[]",{},false,true,false,false,false,false,,"[]",true,"",{},"","",true,false,"[{""is_sort"": true, ""is_search"": true, ""is_advance_search"": false}]","","[]",{},2026-03-20 13:01:26.936,2026-03-20 13:01:26.936,"",Audit Trail.Approved By,Audit Trail.Approved By,approved_by,true,,
110,varchar,"","[]",{},false,true,false,false,false,false,,"[]",true,DATE,{},"","",true,false,"[{""is_sort"": true, ""is_search"": true, ""is_advance_search"": false}]","","[]",{},2026-03-20 13:01:26.936,2026-03-20 13:01:26.936,"",Audit Trail.Approved On,Audit Trail.Approved On,approved_on,true,,
111,varchar,"","[]",{},false,false,true,false,false,false,,"[{""on_click"": ""handleStrategyRedirection""}]",true,CLICK,{},"","",true,false,"[{""is_sort"": true, ""is_search"": true, ""is_advance_search"": false}]","","[]",{},2026-03-20 13:01:26.936,2026-03-20 13:01:26.936,"",Channel,Channel,channel_name,true,,
112,int4,"","[]",{},false,true,false,false,false,false,,"[]",true,"",{},number-comma,"",true,false,"[{""is_sort"": true, ""is_search"": true, ""is_advance_search"": false}]","","[]",{},2026-03-20 13:01:26.936,2026-03-20 13:01:26.936,"",# Segments,# Segments,segment_count,true,,
113,varchar,"","[]",{},false,true,false,false,false,false,,"[]",true,"",{},"","",true,false,"[{""is_sort"": true, ""is_search"": true, ""is_advance_search"": false}]","","[]",{},2026-03-20 13:01:26.936,2026-03-20 13:01:26.936,"",Customer Segments,Customer Segments,customer_segments,true,,
114,int4,"","[]",{},false,true,false,false,false,false,,"[]",true,"",{},number-comma,"",true,false,"[{""is_sort"": true, ""is_search"": true, ""is_advance_search"": false}]","","[]",{},2026-03-20 13:01:26.936,2026-03-20 13:01:26.936,"",Price Change Overview.Total Price Points,Price Change Overview.Total Price Points,total_price_points,true,,
115,varchar,"","[]",{},false,true,false,false,false,false,,"[]",true,"",{},"","",true,false,"[{""is_sort"": true, ""is_search"": true, ""is_advance_search"": false}]","","[]",{},2026-03-20 13:01:26.936,2026-03-20 13:01:26.936,"",Department,Department,department,true,,
116,varchar,"","[]",{},false,true,false,false,false,false,,"[]",true,"",{},"","",true,false,"[{""is_sort"": true, ""is_search"": true, ""is_advance_search"": false}]","","[]",{},2026-03-20 13:01:26.936,2026-03-20 13:01:26.936,zone_structure,Zone Structure,Zone Structure,zone_structure,true,,
117,varchar,"","[]",{},false,true,false,false,false,false,,"[]",true,"",{},"","",true,false,"[{""is_sort"": true, ""is_search"": true, ""is_advance_search"": false}]","","[]",{},2026-03-20 13:01:26.936,2026-03-20 13:01:26.936,price_zone,Price Zone,Price Zone,price_zone,true,,
118,_varchar,"","[]",{},false,true,false,false,false,false,,"[]",true,"",{},array-to-text,"",true,false,"[{""is_sort"": true, ""is_search"": true, ""is_advance_search"": false}]","","[]",{},2026-03-20 13:01:26.936,2026-03-20 13:01:26.936,primary_bucket,Current Mass Competitor,Current Mass Competitor,primary_bucket,true,,
119,varchar,"","[]",{},false,true,false,false,false,false,,"[]",true,"",{},array-to-text,"",true,false,"[{""is_sort"": true, ""is_search"": true, ""is_advance_search"": false}]","","[]",{},2026-03-20 13:01:26.936,2026-03-20 13:01:26.936,primary_mode,Current Mass Mode,Current Mass Mode,primary_mode,true,,
120,varchar,dropdown,"["""", ""Ace Hardware"", ""Bjs"", ""Homedepot"", ""Lowe's"", ""Pinch A Penny"", ""Sam's Club"", ""Walmart"", ""Pools Etc"", ""Discount Pool Mart"", ""Doheny"", ""Namco"", ""The Great Escape"", ""Watsons""]","{2,3}",false,true,true,true,true,false,,"[]",true,MULTI_SELECT_WITH_ID_VALUE,{},"","",true,false,"[{""is_sort"": true, ""is_search"": true, ""is_advance_search"": false}]","","[]",{},2026-03-20 13:01:26.936,2026-03-20 13:01:26.936,"",Updated Mass Competitor,Updated Mass Competitor,primary_bucket_dropdown,true,,
121,varchar,dropdown,"[""Minimum"", ""Maximum"", ""Average"", ""Mode"", ""Median""]","{2,3,14,15,16}",false,true,true,true,true,false,,"[]",true,SELECT,{},"","",true,false,"[{""is_sort"": true, ""is_search"": true, ""is_advance_search"": false}]",primary_bucket_dropdown,"[]",{},2026-03-20 13:01:26.936,2026-03-20 13:01:26.936,"",Updated Mass Mode,Updated Mass Mode,primary_mode_dropdown,true,,
122,_varchar,"","[]",{},false,true,false,false,false,false,,"[]",true,"",{},array-to-text,"",true,false,"[{""is_sort"": true, ""is_search"": true, ""is_advance_search"": false}]","","[]",{},2026-03-20 13:01:26.936,2026-03-20 13:01:26.936,secondary_bucket,Current Specialty Competitor,Current Specialty Competitor,secondary_bucket,true,,
123,varchar,"","[]",{},false,true,false,false,false,false,,"[]",true,"",{},array-to-text,"",true,false,"[{""is_sort"": true, ""is_search"": true, ""is_advance_search"": false}]","","[]",{},2026-03-20 13:01:26.936,2026-03-20 13:01:26.936,secondary_mode,Current Specialty Mode,Current Specialty Mode,secondary_mode,true,,
124,varchar,dropdown,"["""", ""Ace Hardware"", ""Bjs"", ""Homedepot"", ""Lowe's"", ""Pinch A Penny"", ""Sam's Club"", ""Walmart"", ""Pools Etc"", ""Discount Pool Mart"", ""Doheny"", ""Namco"", ""The Great Escape"", ""Watsons""]","{2,3}",false,true,true,true,true,false,,"[]",true,MULTI_SELECT_WITH_ID_VALUE,{},"","",true,false,"[{""is_sort"": true, ""is_search"": true, ""is_advance_search"": false}]","","[]",{},2026-03-20 13:01:26.936,2026-03-20 13:01:26.936,"",Updated Specialty Competitor,Updated Specialty Competitor,secondary_bucket_dropdown,true,,
125,varchar,dropdown,"[""Minimum"", ""Maximum"", ""Average"", ""Mode"", ""Median""]","{2,3,14,15,16}",false,true,true,true,true,false,,"[]",true,SELECT,{},"","",true,false,"[{""is_sort"": true, ""is_search"": true, ""is_advance_search"": false}]",secondary_bucket_dropdown,"[]",{},2026-03-20 13:01:26.936,2026-03-20 13:01:26.936,"",Updated Specialty Mode,Updated Specialty Mode,secondary_mode_dropdown,true,,
126,_varchar,"","[]",{},false,true,false,false,false,false,,"[]",true,"",{},array-to-text,"",true,false,"[{""is_sort"": true, ""is_search"": true, ""is_advance_search"": false}]","","[]",{},2026-03-20 13:01:26.936,2026-03-20 13:01:26.936,tertiary_bucket,Current Ecom Competitor,Current Ecom Competitor,tertiary_bucket,true,,
127,varchar,"","[]",{},false,true,false,false,false,false,,"[]",true,"",{},array-to-text,"",true,false,"[{""is_sort"": true, ""is_search"": true, ""is_advance_search"": false}]","","[]",{},2026-03-20 13:01:26.936,2026-03-20 13:01:26.936,tertiary_mode,Current Ecom Mode,Current Ecom Mode,tertiary_mode,true,,
128,varchar,dropdown,"["""", ""Ace Hardware"", ""Bjs"", ""Homedepot"", ""Lowe's"", ""Pinch A Penny"", ""Sam's Club"", ""Walmart"", ""Pools Etc"", ""Discount Pool Mart"", ""Doheny"", ""Namco"", ""The Great Escape"", ""Watsons""]","{2,3}",false,true,true,true,true,false,,"[]",true,MULTI_SELECT_WITH_ID_VALUE,{},"","",true,false,"[{""is_sort"": true, ""is_search"": true, ""is_advance_search"": false}]","","[]",{},2026-03-20 13:01:26.936,2026-03-20 13:01:26.936,"",Updated Ecom Competitor,Updated Ecom Competitor,tertiary_bucket_dropdown,true,,
129,varchar,dropdown,"[""Minimum"", ""Maximum"", ""Average"", ""Mode"", ""Median""]","{2,3,14,15,16}",false,true,false,true,true,false,,"[]",true,SELECT,{},"","",true,false,"[{""is_sort"": true, ""is_search"": true, ""is_advance_search"": false}]",tertiary_bucket_dropdown,"[]",{},2026-03-20 13:01:26.936,2026-03-20 13:01:26.936,"",Updated Ecom Mode,Updated Ecom Mode,tertiary_mode_dropdown,true,,
130,_varchar,"","[]",{},false,true,false,false,false,false,,"[]",true,"",{},array-to-text,"",true,false,"[{""is_sort"": true, ""is_search"": true, ""is_advance_search"": false}]","","[]",{},2026-03-20 13:01:26.936,2026-03-20 13:01:26.936,quaternary_bucket,Current Others Competitor,Current Others Competitor,quaternary_bucket,true,,
131,varchar,"","[]",{},false,true,false,false,false,false,,"[]",true,"",{},array-to-text,"",true,false,"[{""is_sort"": true, ""is_search"": true, ""is_advance_search"": false}]","","[]",{},2026-03-20 13:01:26.936,2026-03-20 13:01:26.936,quaternary_mode,Current Others Mode,Current Others Mode,quaternary_mode,true,,
132,varchar,dropdown,"["""", ""Ace Hardware"", ""Bjs"", ""Homedepot"", ""Lowe's"", ""Pinch A Penny"", ""Sam's Club"", ""Walmart"", ""Pools Etc"", ""Discount Pool Mart"", ""Doheny"", ""Namco"", ""The Great Escape"", ""Watsons""]","{2,3}",false,true,true,true,true,false,,"[]",true,MULTI_SELECT_WITH_ID_VALUE,{},"","",true,false,"[{""is_sort"": true, ""is_search"": true, ""is_advance_search"": false}]","","[]",{},2026-03-20 13:01:26.936,2026-03-20 13:01:26.936,"",Updated Others Competitor,Updated Others Competitor,quaternary_bucket_dropdown,true,,
133,varchar,dropdown,"[""Minimum"", ""Maximum"", ""Average"", ""Mode"", ""Median""]","{2,3,14,15,16}",false,true,true,true,true,false,,"[]",true,SELECT,{},"","",true,false,"[{""is_sort"": true, ""is_search"": true, ""is_advance_search"": false}]",quaternary_bucket_dropdown,"[]",{},2026-03-20 13:01:26.936,2026-03-20 13:01:26.936,"",Updated Others Mode,Updated Others Mode,quaternary_mode_dropdown,true,,
134,varchar,"","[]",{},false,true,false,false,false,false,,"[]",true,"",{},"","",true,false,"[{""is_sort"": true, ""is_search"": true, ""is_advance_search"": false}]","","[]",{},2026-03-20 13:01:26.936,2026-03-20 13:01:26.936,"",SKU,SKU,product_names,true,,
135,varchar,"","[]",{},false,true,false,false,false,false,,"[]",true,"",{},"","",true,false,"[{""is_sort"": true, ""is_search"": true, ""is_advance_search"": false}]","","[]",{},2026-03-20 13:01:26.936,2026-03-20 13:01:26.936,"",Store,Store,store_name,true,,
136,float8,"","[]",{},false,true,false,false,false,false,,"[]",true,"",{},currency-usd-comma-decimal,"",true,false,"[{""is_sort"": true, ""is_search"": true, ""is_mertics"": true, ""is_advance_search"": false}]","","[]",{},2026-03-20 13:01:26.936,2026-03-20 13:01:26.936,"",Base Price ($).Current Price,Base Price ($).Current Price,base_price.current,true,,
137,float8,"","[]",{},false,true,false,false,false,false,,"[]",true,"",{},currency-usd-comma-decimal,"",true,false,"[{""is_sort"": true, ""is_search"": true, ""is_mertics"": true, ""is_advance_search"": false}]","","[]",{},2026-03-20 13:01:26.936,2026-03-20 13:01:26.936,"",Base Price ($).IA Recommended,Base Price ($).IA Recommended,base_price.ia_recommended,true,,
138,float8,"","[]","{1,2,4,9}",false,true,false,true,true,false,,"[]",true,"",{Cost($)},currency-usd-comma-decimal,"",true,false,"[{""is_sort"": true, ""is_search"": true, ""is_mertics"": true, ""is_advance_search"": false}]","","[]",{},2026-03-20 13:01:26.936,2026-03-27 05:21:30.237,"",Base Price ($).Finalized Price,Base Price ($).Finalized Price,base_price.finalized,true,,
139,varchar,"","[]","{2,6}",false,true,false,true,true,false,,"[]",true,"",{},"","",true,false,"[{""is_sort"": true, ""is_search"": true, ""is_advance_search"": false}]","","[]",{},2026-03-20 13:01:26.936,2026-03-20 13:01:26.936,"",Comments,Comments,comments,true,,
140,varchar,"","[]",{},false,true,false,false,false,false,,"[]",false,"",{},"","",true,false,"[{""is_sort"": true, ""is_search"": true, ""is_advance_search"": false}]","","[]",{},2026-03-20 13:01:26.936,2026-03-20 13:01:26.936,"",Source,Source,source,true,,
141,float8,"","[]",{},false,true,false,false,false,false,,"[]",true,"",{},currency-usd-comma-decimal,"",true,false,"[{""is_sort"": true, ""is_search"": true, ""is_mertics"": true, ""is_advance_search"": false}]","","[]",{},2026-03-20 13:01:26.936,2026-03-20 13:01:26.936,"",Old Cost ($),Old Cost ($),old_cost,true,,
142,float8,"","[]",{},false,true,false,false,false,false,,"[]",true,"",{},currency-usd-comma-decimal,"",true,false,"[{""is_sort"": true, ""is_search"": true, ""is_mertics"": true, ""is_advance_search"": false}]","","[]",{},2026-03-20 13:01:26.936,2026-03-20 13:01:26.936,"",Cost Changes ($),Cost Changes ($),cost_changes,true,,
143,int4,"","[]",{},false,true,false,false,false,false,,"[]",true,"",{},currency-usd-comma-decimal,"",true,false,"[{""is_sort"": true, ""is_search"": true, ""is_advance_search"": false}]","","[]",{},2026-03-20 13:01:26.936,2026-03-20 13:01:26.936,"",Price Change($).IA Recommended,Price Change($).IA Recommended,price_change.ia_recommended,true,,
144,int4,"","[]",{},false,true,false,false,false,false,,"[]",true,"",{},currency-usd-comma-decimal,"",true,false,"[{""is_sort"": true, ""is_search"": true, ""is_advance_search"": false}]","","[]",{},2026-03-20 13:01:26.936,2026-03-20 13:01:26.936,"",Price Change($).Finalized,Price Change($).Finalized,price_change.finalized,true,,
145,int4,"","[]",{},false,true,false,false,false,false,,"[]",true,"",{},percentage-decimal,"",true,false,"[{""is_sort"": true, ""is_search"": true, ""is_advance_search"": false}]","","[]",{},2026-03-20 13:01:26.936,2026-03-20 13:01:26.936,"",Price Change(%).IA Recommended,Price Change(%).IA Recommended,price_change_percentage.ia_recommended,true,,
146,int4,"","[]",{},false,true,false,false,false,false,,"[]",true,"",{},percentage-decimal,"",true,false,"[{""is_sort"": true, ""is_search"": true, ""is_advance_search"": false}]","","[]",{},2026-03-20 13:01:26.936,2026-03-20 13:01:26.936,"",Price Change(%).Finalized,Price Change(%).Finalized,price_change_percentage.finalized,true,,
147,int4,"","[]",{},false,true,false,false,false,false,,"[]",true,"",{},number-comma,"",true,false,"[{""is_sort"": true, ""is_search"": true, ""is_mertics"": true, ""is_advance_search"": false}]","","[]",{},2026-03-20 13:01:26.936,2026-03-20 13:01:26.936,"",Sales Units.Current,Sales Units.Current,sales_unit.current,true,,
148,float8,"","[]",{},false,true,false,false,false,false,,"[]",true,"",{},percentage-decimal,"",true,false,"[{""is_sort"": true, ""is_search"": true, ""is_mertics"": true, ""is_advance_search"": false}]","","[]",{},2026-03-20 13:01:26.936,2026-03-20 13:01:26.936,"",Sales Units Change(%).IA Recommended,Sales Units Change(%).IA Recommended,sales_units_change_percentage.ia_recommended,true,,
149,float8,"","[]",{},false,true,false,false,false,false,,"[]",true,"",{},percentage-decimal,"",true,false,"[{""is_sort"": true, ""is_search"": true, ""is_mertics"": true, ""is_advance_search"": false}]","","[]",{},2026-03-20 13:01:26.936,2026-03-20 13:01:26.936,"",Sales Units Change(%).Finalized,Sales Units Change(%).Finalized,sales_units_change_percentage.finalized,true,,
150,varchar,"","[]",{},false,true,false,false,false,false,,"[]",true,"",{},"","",true,false,"[{""is_sort"": true, ""is_search"": true, ""is_advance_search"": false}]","","[]",{},2026-03-20 13:01:26.936,2026-03-20 13:01:26.936,"",Customer Segment,Customer Segment,segment_name,true,,
151,float8,"","[]",{},false,true,false,false,false,false,,"[]",true,"",{},currency-usd-comma-decimal,"",true,false,"[{""is_sort"": true, ""is_search"": true, ""is_mertics"": true, ""is_advance_search"": false}]","","[]",{},2026-03-20 13:01:26.936,2026-03-20 13:01:26.936,"",Revenue ($).Current,Revenue ($).Current,revenue.current,true,revenue,
152,float8,"","[]",{},false,true,false,false,false,false,,"[]",true,"",{},percentage-decimal,"",true,false,"[{""is_sort"": true, ""is_search"": true, ""is_advance_search"": false}]","","[]",{},2026-03-20 13:01:26.936,2026-03-20 13:01:26.936,"",Revenue Change(%).IA Recommended,Revenue Change(%).IA Recommended,revenue_change_percentage.ia_recommended,true,,
153,float8,"","[]",{},false,true,false,false,false,false,,"[]",true,"",{},percentage-decimal,"",true,false,"[{""is_sort"": true, ""is_search"": true, ""is_advance_search"": false}]","","[]",{},2026-03-20 13:01:26.936,2026-03-20 13:01:26.936,"",Revenue Change(%).Finalized,Revenue Change(%).Finalized,revenue_change_percentage.finalized,true,,
154,float8,"","[]",{},false,true,false,false,false,false,,"[]",true,"",{},currency-usd-comma-decimal,"",true,false,"[{""is_sort"": true, ""is_search"": true, ""is_mertics"": true, ""is_advance_search"": false}]","","[]",{},2026-03-20 13:01:26.936,2026-03-20 13:01:26.936,"",Gross Margin ($).Current,Gross Margin ($).Current,gross_margin.current,true,,
155,float8,"","[]",{},false,true,false,false,false,false,,"[]",true,"",{},percentage-decimal,"",true,false,"[{""is_sort"": true, ""is_search"": true, ""is_advance_search"": false}]","","[]",{},2026-03-20 13:01:26.936,2026-03-20 13:01:26.936,"",Gross Margin Change(%).IA Recommended,Gross Margin Change(%).IA Recommended,gross_margin_change_percentage.ia_recommended,true,,
156,float8,"","[]",{},false,true,false,false,false,false,,"[]",true,"",{},percentage-decimal,"",true,false,"[{""is_sort"": true, ""is_search"": true, ""is_advance_search"": false}]","","[]",{},2026-03-20 13:01:26.936,2026-03-20 13:01:26.936,"",Gross Margin Change(%).Finalized,Gross Margin Change(%).Finalized,gross_margin_change_percentage.finalized,true,,
157,bool,checkbox,"[]",{},false,true,false,false,false,false,,"[]",true,SWITCH,{},"","",true,false,"[{""is_sort"": true, ""is_search"": true, ""is_advance_search"": false}]","","[]",{},2026-03-20 13:01:26.936,2026-03-20 13:01:26.936,"",Price Lock,Price Lock,price_lock,true,,
158,bool,checkbox,"[]",{},false,true,false,false,false,false,,"[]",true,SWITCH,{},"","",true,false,"[{""is_sort"": true, ""is_search"": true, ""is_advance_search"": false}]","","[]",{},2026-03-20 13:01:26.936,2026-03-20 13:01:26.936,"",Pre Price,Pre Price,pre_price,true,,
159,bool,checkbox,"[]",{},false,true,false,false,false,false,,"[]",true,SWITCH,{},"","",true,false,"[{""is_sort"": true, ""is_search"": true, ""is_advance_search"": false}]","","[]",{},2026-03-20 13:01:26.936,2026-03-20 13:01:26.936,"",Zone Exception,Zone Exception,zone_exception,true,,
160,varchar,"","[]",{},false,true,false,false,false,false,,"[]",true,"",{},"","",true,false,"[{""is_sort"": true, ""is_search"": true, ""is_advance_search"": false}]","","[]",{},2026-03-20 13:01:26.936,2026-03-20 13:01:26.936,"",Price Change,Price Change,price_change_reason,true,,
161,int4,"","[]",{},false,true,false,false,false,false,,"[{""on_click"": ""openException""}, {""override_renderer"": ""cell_intencity""}]",true,CLICK,{},number-comma,"",true,false,"[{""is_sort"": true, ""is_search"": true, ""is_advance_search"": false}]","","[]",{},2026-03-20 13:01:26.936,2026-03-20 13:01:26.936,"",Rules Exception.Current,Rules Exception.Current,rules_exception.current,true,,
162,int4,"","[]",{},false,true,false,false,false,false,,"[{""on_click"": ""openException""}, {""override_renderer"": ""cell_intencity""}]",true,CLICK,{},number-comma,"",true,false,"[{""is_sort"": true, ""is_search"": true, ""is_advance_search"": false}]","","[]",{},2026-03-20 13:01:26.936,2026-03-20 13:01:26.936,"",Rules Exception.IA Recommended,Rules Exception.IA Recommended,rules_exception.ia_recommended,true,,
163,int4,"","[]",{},false,true,false,false,false,false,,"[{""on_click"": ""openException""}, {""override_renderer"": ""cell_intencity""}]",true,CLICK,{},number-comma,"",true,false,"[{""is_sort"": true, ""is_search"": true, ""is_advance_search"": false}]","","[]",{},2026-03-20 13:01:26.936,2026-03-20 13:01:26.936,"",Rules Exception.Finalized,Rules Exception.Finalized,rules_exception.finalized,true,,
164,float8,"","[]",{},false,true,false,false,false,false,,"[]",true,"",{},percentage-decimal,"",true,false,"[{""is_sort"": true, ""is_search"": true, ""is_mertics"": true, ""is_advance_search"": false}]","","[]",{},2026-03-20 13:01:26.936,2026-03-20 13:01:26.936,"",Gross Margin (%).Current,Gross Margin (%).Current,gross_margin_percentage.current,true,gross_margin_percentage,
165,float8,"","[]",{},false,true,false,false,false,false,,"[]",true,"",{},currency-usd-comma-decimal,"",true,false,"[{""is_sort"": true, ""is_search"": true, ""is_mertics"": true, ""is_advance_search"": false}]",{},"[]",{},2026-03-20 13:01:26.936,2026-03-20 13:01:26.936,"",ASP ($).Current Price,ASP ($).Current Price,asp.current,true,asp,
166,float8,"","[]",{},false,true,false,false,false,false,,"[]",true,"",{},currency-usd-comma-decimal,"",true,false,"[{""is_sort"": true, ""is_search"": true, ""is_mertics"": true, ""is_advance_search"": false}]",{},"[]",{},2026-03-20 13:01:26.936,2026-03-20 13:01:26.936,"",ASP ($).IA Recommended,ASP ($).IA Recommended,asp.ia_recommended,true,asp,
167,float8,"","[]",{},false,true,false,false,false,false,,"[]",true,"",{},currency-usd-comma-decimal,"",true,false,"[{""is_sort"": true, ""is_search"": true, ""is_mertics"": true, ""is_advance_search"": false}]",{},"[]",{},2026-03-20 13:01:26.936,2026-03-20 13:01:26.936,"",ASP ($).Finalized Price,ASP ($).Finalized Price,asp.finalized,true,asp,
168,float8,"","[]",{},false,true,false,false,false,false,,"[]",true,"",{},currency-usd-comma-decimal,"",true,false,"[{""is_sort"": true, ""is_search"": true, ""is_mertics"": true, ""is_advance_search"": false}]","","[]",{},2026-03-20 13:01:26.936,2026-03-20 13:01:26.936,"",AUM ($).Current Price,AUM ($).Current Price,aum.current,true,aum,
169,float8,"","[]",{},false,true,false,false,false,false,,"[]",true,"",{},currency-usd-comma-decimal,"",true,false,"[{""is_sort"": true, ""is_search"": true, ""is_mertics"": true, ""is_advance_search"": false}]","","[]",{},2026-03-20 13:01:26.936,2026-03-20 13:01:26.936,"",AUM ($).IA Recommended,AUM ($).IA Recommended,aum.ia_recommended,true,aum,
170,float8,"","[]",{},false,true,false,false,false,false,,"[]",true,"",{},currency-usd-comma-decimal,"",true,false,"[{""is_sort"": true, ""is_search"": true, ""is_mertics"": true, ""is_advance_search"": false}]","","[]",{},2026-03-20 13:01:26.936,2026-03-20 13:01:26.936,"",AUM ($).Finalized Price,AUM ($).Finalized Price,aum.finalized,true,aum,
171,float8,"","[]",{},false,true,false,false,false,false,,"[]",true,"",{},currency-usd-comma-decimal,"",true,false,"[{""is_sort"": true, ""is_search"": true, ""is_mertics"": true, ""is_advance_search"": false}]","","[]",{},2026-03-20 13:01:26.936,2026-03-20 13:01:26.936,"",Average Promotion,Average Promotion,promotion_applied,true,,
172,float8,"","[]",{},false,true,false,false,false,false,,"[]",false,"",{},currency-usd-comma-decimal,"",true,false,"[{""is_sort"": true, ""is_search"": true, ""is_mertics"": true, ""is_advance_search"": false}]","","[]",{},2026-03-20 13:01:26.936,2026-03-20 13:01:26.936,"",Revenue With Promotions ($).Current,Revenue With Promotions ($).Current,revenue_with_promotion.current,true,,
173,float8,"","[]",{},false,true,false,false,false,false,,"[]",false,"",{},currency-usd-comma-decimal,"",true,false,"[{""is_sort"": true, ""is_search"": true, ""is_mertics"": true, ""is_advance_search"": false}]","","[]",{},2026-03-20 13:01:26.936,2026-03-20 13:01:26.936,"",Revenue With Promotions ($).IA Recommended,Revenue With Promotions ($).IA Recommended,revenue_with_promotion.ia_recommended,true,,
174,float8,"","[]",{},false,true,false,false,false,false,,"[]",false,"",{},currency-usd-comma-decimal,"",true,false,"[{""is_sort"": true, ""is_search"": true, ""is_mertics"": true, ""is_advance_search"": false}]","","[]",{},2026-03-20 13:01:26.936,2026-03-20 13:01:26.936,"",Revenue With Promotions ($).Finalized Price,Revenue With Promotions ($).Finalized Price,revenue_with_promotion.finalized,true,,
175,float8,"","[]",{},false,true,false,false,false,false,,"[]",false,"",{},currency-usd-comma-decimal,"",true,false,"[{""is_sort"": true, ""is_search"": true, ""is_mertics"": true, ""is_advance_search"": false}]","","[]",{},2026-03-20 13:01:26.936,2026-03-20 13:01:26.936,"",Gross Margin With Promotions ($).Current,Gross Margin With Promotions ($).Current,gross_margin_with_promotion.current,true,,
176,float8,"","[]",{},false,true,false,false,false,false,,"[]",false,"",{},currency-usd-comma-decimal,"",true,false,"[{""is_sort"": true, ""is_search"": true, ""is_mertics"": true, ""is_advance_search"": false}]","","[]",{},2026-03-20 13:01:26.936,2026-03-20 13:01:26.936,"",Gross Margin With Promotions ($).IA Recommended,Gross Margin With Promotions ($).IA Recommended,gross_margin_with_promotion.ia_recommended,true,,
177,float8,"","[]",{},false,true,false,false,false,false,,"[]",false,"",{},currency-usd-comma-decimal,"",true,false,"[{""is_sort"": true, ""is_search"": true, ""is_mertics"": true, ""is_advance_search"": false}]","","[]",{},2026-03-20 13:01:26.936,2026-03-20 13:01:26.936,"",Gross Margin With Promotions ($).Finalized Price,Gross Margin With Promotions ($).Finalized Price,gross_margin_with_promotion.finalized,true,,
178,float8,"","[]",{},false,true,false,false,false,false,,"[]",false,"",{},percentage-decimal,"",true,false,"[{""is_sort"": true, ""is_search"": true, ""is_mertics"": true, ""is_advance_search"": false}]","","[]",{},2026-03-20 13:01:26.936,2026-03-20 13:01:26.936,"",Gross Margin With Promotions (%).Current,Gross Margin With Promotions (%).Current,gross_margin_with_promotion_percentage.current,true,,
179,float8,"","[]",{},false,true,false,false,false,false,,"[]",false,"",{},percentage-decimal,"",true,false,"[{""is_sort"": true, ""is_search"": true, ""is_mertics"": true, ""is_advance_search"": false}]","","[]",{},2026-03-20 13:01:26.936,2026-03-20 13:01:26.936,"",Gross Margin With Promotions (%).IA Recommended,Gross Margin With Promotions (%).IA Recommended,gross_margin_with_promotion_percentage.ia_recommended,true,,
180,float8,"","[]",{},false,true,false,false,false,false,,"[]",false,"",{},percentage-decimal,"",true,false,"[{""is_sort"": true, ""is_search"": true, ""is_mertics"": true, ""is_advance_search"": false}]","","[]",{},2026-03-20 13:01:26.936,2026-03-20 13:01:26.936,"",Gross Margin With Promotions (%).Finalized Price,Gross Margin With Promotions (%).Finalized Price,gross_margin_with_promotion_percentage.finalized,true,,
181,text,"","[]",{},false,true,false,false,false,false,,"[]",true,"",{},"","",true,false,"[{""is_sort"": true, ""is_search"": true, ""is_mertics"": true, ""is_advance_search"": false}]","","[]",{},2026-03-20 13:01:26.936,2026-03-20 13:01:26.936,"",Mass Competitors.Name,Mass Competitors.Name,competitor_details.primary.name,true,,
183,varchar,"","[]",{},false,true,false,false,false,false,,"[]",true,"",{},"","",true,false,"[{""is_sort"": true, ""is_search"": true, ""is_mertics"": true, ""is_advance_search"": false}]","","[]",{},2026-03-20 13:01:26.936,2026-03-20 13:01:26.936,"",Mass Competitors.Comparison Mode,Mass Competitors.Comparison Mode,competitor_details.primary.mode,true,,
184,float8,"","[]",{},false,true,false,false,false,false,,"{""on_click"": ""openCompetitorMapping""}",true,CLICK,{},currency-usd-comma-decimal,"",true,false,"[{""is_sort"": true, ""is_search"": true, ""is_mertics"": true, ""is_advance_search"": false}]","","[]",{},2026-03-20 13:01:26.936,2026-03-20 13:01:26.936,"",Mass Competitors.Price,Mass Competitors.Price,competitor_details.primary.price,true,,
185,float8,"","[]",{},false,true,false,false,false,false,,"[]",true,"",{},currency-usd-comma-decimal,"",true,false,"[{""is_sort"": true, ""is_search"": true, ""is_mertics"": true, ""is_advance_search"": false}]","","[]",{},2026-03-20 13:01:26.936,2026-03-20 13:01:26.936,"",Mass Competitors.Price Difference ($).Current,Mass Competitors.Price Difference ($).Current,competitor_details.primary.differences.dollar.current,true,,
186,float8,"","[]",{},false,true,false,false,false,false,,"[]",true,"",{},currency-usd-comma-decimal,"",true,false,"[{""is_sort"": true, ""is_search"": true, ""is_mertics"": true, ""is_advance_search"": false}]","","[]",{},2026-03-20 13:01:26.936,2026-03-20 13:01:26.936,"",Mass Competitors.Price Difference ($).IA recommended,Mass Competitors.Price Difference ($).IA recommended,competitor_details.primary.differences.dollar.ia_recommended,true,,
187,float8,"","[]",{},false,true,false,false,false,false,,"[]",true,"",{},currency-usd-comma-decimal,"",true,false,"[{""is_sort"": true, ""is_search"": true, ""is_mertics"": true, ""is_advance_search"": false}]","","[]",{},2026-03-20 13:01:26.936,2026-03-20 13:01:26.936,"",Mass Competitors.Price Difference ($).Finalized,Mass Competitors.Price Difference ($).Finalized,competitor_details.primary.differences.dollar.finalized,true,,
188,float8,"","[]",{},false,true,false,false,false,false,,"[]",true,"",{},percentage-decimal,"",true,false,"[{""is_sort"": true, ""is_search"": true, ""is_mertics"": true, ""is_advance_search"": false}]","","[]",{},2026-03-20 13:01:26.936,2026-03-20 13:01:26.936,"",Mass Competitors.Price Difference (%).Current,Mass Competitors.Price Difference (%).Current,competitor_details.primary.differences.percentage.current,true,,
189,float8,"","[]",{},false,true,false,false,false,false,,"[]",true,"",{},percentage-decimal,"",true,false,"[{""is_sort"": true, ""is_search"": true, ""is_mertics"": true, ""is_advance_search"": false}]","","[]",{},2026-03-20 13:01:26.936,2026-03-20 13:01:26.936,"",Mass Competitors.Price Difference (%).IA recommended,Mass Competitors.Price Difference (%).IA recommended,competitor_details.primary.differences.percentage.ia_recommended,true,,
190,float8,"","[]",{},false,true,false,false,false,false,,"[]",true,"",{},percentage-decimal,"",true,false,"[{""is_sort"": true, ""is_search"": true, ""is_mertics"": true, ""is_advance_search"": false}]","","[]",{},2026-03-20 13:01:26.936,2026-03-20 13:01:26.936,"",Mass Competitors.Price Difference (%).Finalized,Mass Competitors.Price Difference (%).Finalized,competitor_details.primary.differences.percentage.finalized,true,,
191,text,"","[]",{},false,true,false,false,false,false,,"[]",true,"",{},"","",true,false,"[{""is_sort"": true, ""is_search"": true, ""is_mertics"": true, ""is_advance_search"": false}]","","[]",{},2026-03-20 13:01:26.936,2026-03-20 13:01:26.936,"",Specialty Competitors.Name,Specialty Competitors.Name,competitor_details.secondary.name,true,,
192,varchar,"","[]",{},false,true,false,false,false,false,,"[]",true,"",{},"","",true,false,"[{""is_sort"": true, ""is_search"": true, ""is_mertics"": true, ""is_advance_search"": false}]","","[]",{},2026-03-20 13:01:26.936,2026-03-20 13:01:26.936,"",Specialty Competitors.Comparison Mode,Specialty Competitors.Comparison Mode,competitor_details.secondary.mode,true,,
193,float8,"","[]",{},false,true,false,false,false,false,,"{""on_click"": ""openCompetitorMapping""}",true,CLICK,{},currency-usd-comma-decimal,"",true,false,"[{""is_sort"": true, ""is_search"": true, ""is_mertics"": true, ""is_advance_search"": false}]","","[]",{},2026-03-20 13:01:26.936,2026-03-20 13:01:26.936,"",Specialty Competitors.Price,Specialty Competitors.Price,competitor_details.secondary.price,true,,
194,float8,"","[]",{},false,true,false,false,false,false,,"[]",true,"",{},currency-usd-comma-decimal,"",true,false,"[{""is_sort"": true, ""is_search"": true, ""is_mertics"": true, ""is_advance_search"": false}]","","[]",{},2026-03-20 13:01:26.936,2026-03-20 13:01:26.936,"",Specialty Competitors.Price Difference ($).Current,Specialty Competitors.Price Difference ($).Current,competitor_details.secondary.differences.dollar.current,true,,
195,float8,"","[]",{},false,true,false,false,false,false,,"[]",true,"",{},currency-usd-comma-decimal,"",true,false,"[{""is_sort"": true, ""is_search"": true, ""is_mertics"": true, ""is_advance_search"": false}]","","[]",{},2026-03-20 13:01:26.936,2026-03-20 13:01:26.936,"",Specialty Competitors.Price Difference ($).IA recommended,Specialty Competitors.Price Difference ($).IA recommended,competitor_details.secondary.differences.dollar.ia_recommended,true,,
196,float8,"","[]",{},false,true,false,false,false,false,,"[]",true,"",{},currency-usd-comma-decimal,"",true,false,"[{""is_sort"": true, ""is_search"": true, ""is_mertics"": true, ""is_advance_search"": false}]","","[]",{},2026-03-20 13:01:26.936,2026-03-20 13:01:26.936,"",Specialty Competitors.Price Difference ($).Finalized,Specialty Competitors.Price Difference ($).Finalized,competitor_details.secondary.differences.dollar.finalized,true,,
197,float8,"","[]",{},false,true,false,false,false,false,,"[]",true,"",{},percentage-decimal,"",true,false,"[{""is_sort"": true, ""is_search"": true, ""is_mertics"": true, ""is_advance_search"": false}]","","[]",{},2026-03-20 13:01:26.936,2026-03-20 13:01:26.936,"",Specialty Competitors.Price Difference (%).Current,Specialty Competitors.Price Difference (%).Current,competitor_details.secondary.differences.percentage.current,true,,
198,float8,"","[]",{},false,true,false,false,false,false,,"[]",true,"",{},percentage-decimal,"",true,false,"[{""is_sort"": true, ""is_search"": true, ""is_mertics"": true, ""is_advance_search"": false}]","","[]",{},2026-03-20 13:01:26.936,2026-03-20 13:01:26.936,"",Specialty Competitors.Price Difference (%).IA recommended,Specialty Competitors.Price Difference (%).IA recommended,competitor_details.secondary.differences.percentage.ia_recommended,true,,
199,float8,"","[]",{},false,true,false,false,false,false,,"[]",true,"",{},percentage-decimal,"",true,false,"[{""is_sort"": true, ""is_search"": true, ""is_mertics"": true, ""is_advance_search"": false}]","","[]",{},2026-03-20 13:01:26.936,2026-03-20 13:01:26.936,"",Specialty Competitors.Price Difference (%).Finalized,Specialty Competitors.Price Difference (%).Finalized,competitor_details.secondary.differences.percentage.finalized,true,,
200,text,"","[]",{},false,true,false,false,false,false,,"[]",true,"",{},"","",true,false,"[{""is_sort"": true, ""is_search"": true, ""is_mertics"": true, ""is_advance_search"": false}]","","[]",{},2026-03-20 13:01:26.936,2026-03-20 13:01:26.936,"",Ecom Competitors.Name,Ecom Competitors.Name,competitor_details.tertiary.name,true,,
201,varchar,"","[]",{},false,true,false,false,false,false,,"[]",true,"",{},"","",true,false,"[{""is_sort"": true, ""is_search"": true, ""is_mertics"": true, ""is_advance_search"": false}]","","[]",{},2026-03-20 13:01:26.936,2026-03-20 13:01:26.936,"",Ecom Competitors.Comparison Mode,Ecom Competitors.Comparison Mode,competitor_details.tertiary.mode,true,,
202,float8,"","[]",{},false,true,false,false,false,false,,"{""on_click"": ""openCompetitorMapping""}",true,CLICK,{},currency-usd-comma-decimal,"",true,false,"[{""is_sort"": true, ""is_search"": true, ""is_mertics"": true, ""is_advance_search"": false}]","","[]",{},2026-03-20 13:01:26.936,2026-03-20 13:01:26.936,"",Ecom Competitors.Price,Ecom Competitors.Price,competitor_details.tertiary.price,true,,
203,float8,"","[]",{},false,true,false,false,false,false,,"[]",true,"",{},currency-usd-comma-decimal,"",true,false,"[{""is_sort"": true, ""is_search"": true, ""is_mertics"": true, ""is_advance_search"": false}]","","[]",{},2026-03-20 13:01:26.936,2026-03-20 13:01:26.936,"",Ecom Competitors.Price Difference ($).Current,Ecom Competitors.Price Difference ($).Current,competitor_details.tertiary.differences.dollar.current,true,,
204,float,"","[]",{},false,true,false,false,false,false,,"[]",true,"",{},currency-usd-comma-decimal,"",true,false,"[{""is_sort"": true, ""is_search"": true, ""is_mertics"": true, ""is_advance_search"": false}]","","[]",{},2026-03-20 13:01:26.936,2026-03-20 13:01:26.936,"",Ecom Competitors.Price Difference ($).IA recommended,Ecom Competitors.Price Difference ($).IA recommended,competitor_details.tertiary.differences.dollar.ia_recommended,true,,
205,float8,"","[]",{},false,true,false,false,false,false,,"[]",true,"",{},currency-usd-comma-decimal,"",true,false,"[{""is_sort"": true, ""is_search"": true, ""is_mertics"": true, ""is_advance_search"": false}]","","[]",{},2026-03-20 13:01:26.936,2026-03-20 13:01:26.936,"",Ecom Competitors.Price Difference ($).Finalized,Ecom Competitors.Price Difference ($).Finalized,competitor_details.tertiary.differences.dollar.finalized,true,,
206,float8,"","[]",{},false,true,false,false,false,false,,"[]",true,"",{},percentage-decimal,"",true,false,"[{""is_sort"": true, ""is_search"": true, ""is_mertics"": true, ""is_advance_search"": false}]","","[]",{},2026-03-20 13:01:26.936,2026-03-20 13:01:26.936,"",Ecom Competitors.Price Difference (%).Current,Ecom Competitors.Price Difference (%).Current,competitor_details.tertiary.differences.percentage.current,true,,
207,float,"","[]",{},false,true,false,false,false,false,,"[]",true,"",{},percentage-decimal,"",true,false,"[{""is_sort"": true, ""is_search"": true, ""is_mertics"": true, ""is_advance_search"": false}]","","[]",{},2026-03-20 13:01:26.936,2026-03-20 13:01:26.936,"",Ecom Competitors.Price Difference (%).IA recommended,Ecom Competitors.Price Difference (%).IA recommended,competitor_details.tertiary.differences.percentage.ia_recommended,true,,
208,float8,"","[]",{},false,true,false,false,false,false,,"[]",true,"",{},percentage-decimal,"",true,false,"[{""is_sort"": true, ""is_search"": true, ""is_mertics"": true, ""is_advance_search"": false}]","","[]",{},2026-03-20 13:01:26.936,2026-03-20 13:01:26.936,"",Ecom Competitors.Price Difference (%).Finalized,Ecom Competitors.Price Difference (%).Finalized,competitor_details.tertiary.differences.percentage.finalized,true,,
209,text,"","[]",{},false,true,false,false,false,false,,"[]",true,"",{},"","",true,false,"[{""is_sort"": true, ""is_search"": true, ""is_mertics"": true, ""is_advance_search"": false}]","","[]",{},2026-03-20 13:01:26.936,2026-03-20 13:01:26.936,"",Other Competitors.Name,Other Competitors.Name,competitor_details.quaternary.name,true,,
210,varchar,"","[]",{},false,true,false,false,false,false,,"[]",true,"",{},"","",true,false,"[{""is_sort"": true, ""is_search"": true, ""is_mertics"": true, ""is_advance_search"": false}]","","[]",{},2026-03-20 13:01:26.936,2026-03-20 13:01:26.936,"",Other Competitors.Comparison Mode,Other Competitors.Comparison Mode,competitor_details.quaternary.mode,true,,
211,float8,"","[]",{},false,true,false,false,false,false,,"{""on_click"": ""openCompetitorMapping""}",true,CLICK,{},currency-usd-comma-decimal,"",true,false,"[{""is_sort"": true, ""is_search"": true, ""is_mertics"": true, ""is_advance_search"": false}]","","[]",{},2026-03-20 13:01:26.936,2026-03-20 13:01:26.936,"",Other Competitors.Price,Other Competitors.Price,competitor_details.quaternary.price,true,,
212,float8,"","[]",{},false,true,false,false,false,false,,"[]",true,"",{},currency-usd-comma-decimal,"",true,false,"[{""is_sort"": true, ""is_search"": true, ""is_mertics"": true, ""is_advance_search"": false}]","","[]",{},2026-03-20 13:01:26.936,2026-03-20 13:01:26.936,"",Other Competitors.Price Difference ($).Current,Other Competitors.Price Difference ($).Current,competitor_details.quaternary.differences.dollar.current,true,,
213,float,"","[]",{},false,true,false,false,false,false,,"[]",true,"",{},currency-usd-comma-decimal,"",true,false,"[{""is_sort"": true, ""is_search"": true, ""is_mertics"": true, ""is_advance_search"": false}]","","[]",{},2026-03-20 13:01:26.936,2026-03-20 13:01:26.936,"",Other Competitors.Price Difference ($).IA recommended,Other Competitors.Price Difference ($).IA recommended,competitor_details.quaternary.differences.dollar.ia_recommended,true,,
214,float8,"","[]",{},false,true,false,false,false,false,,"[]",true,"",{},currency-usd-comma-decimal,"",true,false,"[{""is_sort"": true, ""is_search"": true, ""is_mertics"": true, ""is_advance_search"": false}]","","[]",{},2026-03-20 13:01:26.936,2026-03-20 13:01:26.936,"",Other Competitors.Price Difference ($).Finalized,Other Competitors.Price Difference ($).Finalized,competitor_details.quaternary.differences.dollar.finalized,true,,
215,float8,"","[]",{},false,true,false,false,false,false,,"[]",true,"",{},percentage-decimal,"",true,false,"[{""is_sort"": true, ""is_search"": true, ""is_mertics"": true, ""is_advance_search"": false}]","","[]",{},2026-03-20 13:01:26.936,2026-03-20 13:01:26.936,"",Other Competitors.Price Difference (%).Current,Other Competitors.Price Difference (%).Current,competitor_details.quaternary.differences.percentage.current,true,,
216,float,"","[]",{},false,true,false,false,false,false,,"[]",true,"",{},percentage-decimal,"",true,false,"[{""is_sort"": true, ""is_search"": true, ""is_mertics"": true, ""is_advance_search"": false}]","","[]",{},2026-03-20 13:01:26.936,2026-03-20 13:01:26.936,"",Other Competitors.Price Difference (%).IA recommended,Other Competitors.Price Difference (%).IA recommended,competitor_details.quaternary.differences.percentage.ia_recommended,true,,
217,float8,"","[]",{},false,true,false,false,false,false,,"[]",true,"",{},percentage-decimal,"",true,false,"[{""is_sort"": true, ""is_search"": true, ""is_mertics"": true, ""is_advance_search"": false}]","","[]",{},2026-03-20 13:01:26.936,2026-03-20 13:01:26.936,"",Other Competitors.Price Difference (%).Finalized,Other Competitors.Price Difference (%).Finalized,competitor_details.quaternary.differences.percentage.finalized,true,,
218,float,"","[]",{},false,true,false,false,false,false,,"[]",true,"",{},"","",true,false,"[{""is_sort"": true, ""is_search"": true, ""is_advance_search"": false}]","","[]",{},2026-03-20 13:01:26.936,2026-03-20 13:01:26.936,"",Size,Size,derived_size,true,,
219,varchar,"","[]",{},false,true,false,false,false,false,,"[]",true,"",{},"","",true,false,"[{""is_sort"": true, ""is_search"": true, ""is_advance_search"": false}]","","[]",{},2026-03-20 13:01:26.936,2026-03-20 13:01:26.936,"",UOM,UOM,derived_uom,true,,
220,float8,"","[]",{},false,true,false,false,false,false,,"[]",true,"",{},currency-usd-comma-decimal,"",true,false,"[{""is_sort"": true, ""is_search"": true, ""is_mertics"": true, ""is_advance_search"": false}]","","[]",{},2026-03-20 13:01:26.936,2026-03-20 13:01:26.936,"",Base Price Per Unit ($).Current Price,Base Price Per Unit ($).Current Price,base_price_per_unit.current,true,,
221,float8,"","[]",{},false,true,false,false,false,false,,"[]",true,"",{},currency-usd-comma-decimal,"",true,false,"[{""is_sort"": true, ""is_search"": true, ""is_mertics"": true, ""is_advance_search"": false}]","","[]",{},2026-03-20 13:01:26.936,2026-03-20 13:01:26.936,"",Base Price Per Unit ($).IA Recommended,Base Price Per Unit ($).IA Recommended,base_price_per_unit.ia_recommended,true,,
222,float8,"","[]",{},false,true,false,false,false,false,,"[]",true,"",{},currency-usd-comma-decimal,"",true,false,"[{""is_sort"": true, ""is_search"": true, ""is_mertics"": true, ""is_advance_search"": false}]","","[]",{},2026-03-20 13:01:26.936,2026-03-20 13:01:26.936,"",Base Price Per Unit ($).Finalized Price,Base Price Per Unit ($).Finalized Price,base_price_per_unit.finalized,true,,
223,varchar,"","[]",{},false,true,false,false,false,false,,"[]",true,BADGE,{},"","",true,false,"[{""is_sort"": true, ""is_search"": true, ""is_advance_search"": false}]","","[]",{},2026-03-20 13:01:26.936,2026-03-20 13:01:26.936,"",Price Change,Price Change,price_changes,true,,
224,varchar,"","[]",{},false,true,false,false,false,false,,"[]",true,"",{},"","",true,false,"[{""is_sort"": true, ""is_search"": true, ""is_advance_search"": false}]","","[]",{},2026-03-20 13:01:26.936,2026-03-20 13:01:26.936,"",Sub Class,Sub Class,l3_name,true,,
225,varchar,"","[]",{},false,true,false,false,false,false,,"[]",true,"",{},"","",true,false,"[{""is_sort"": true, ""is_search"": true, ""is_advance_search"": false}]","","[]",{},2026-03-20 13:01:26.936,2026-03-20 13:01:26.936,"",SKU,SKU,l4_name,true,,
226,float8,"","[]",{},false,true,false,false,false,false,,"[]",true,"",{},number-comma,"",true,false,"[{""is_sort"": true, ""is_search"": true, ""is_mertics"": true, ""is_advance_search"": false}]","","[]",{},2026-03-20 13:01:26.936,2026-03-20 13:01:26.936,"",Sales Units.Finalized,Sales Units.Finalized,sales_unit.current,true,,
227,float8,"","[]",{},false,true,false,false,false,false,,"[]",true,"",{},number-comma,"",true,false,"[{""is_sort"": true, ""is_search"": true, ""is_mertics"": true, ""is_advance_search"": false}]","","[]",{},2026-03-20 13:01:26.936,2026-03-20 13:01:26.936,"",Sales Units.IA Recommended,Sales Units.IA Recommended,sales_unit.ia_recommended,true,,
228,float8,"","[]",{},false,true,false,false,false,false,,"[]",true,"",{},number-comma,"",true,false,"[{""is_sort"": true, ""is_search"": true, ""is_mertics"": true, ""is_advance_search"": false}]","","[]",{},2026-03-20 13:01:26.936,2026-03-20 13:01:26.936,"",Sales Units.Finalized,Sales Units.Finalized,sales_unit.finalized,true,,
229,varchar,"","[]",{},false,true,false,false,false,false,,"[]",true,BADGE,{},"","",true,false,"[{""is_sort"": true, ""is_search"": true, ""is_mertics"": true, ""is_advance_search"": false}]","","[]",{},2026-03-20 13:01:26.936,2026-03-20 13:01:26.936,"",Scope,Scope,rule_scope,true,,
230,int4,"","[]",{},false,true,false,false,false,false,,"[]",true,"",{},"","",true,false,"[{""is_sort"": true, ""is_search"": true, ""is_advance_search"": false}]","","[]",{},2026-03-20 13:01:26.936,2026-03-20 13:01:26.936,"",Rule ID,Rule ID,rule_id,true,,
231,varchar,"","[]",{},false,true,false,false,false,false,,"[]",true,"",{},"","",true,false,"[{""is_sort"": true, ""is_search"": true, ""is_advance_search"": false}]","","[]",{},2026-03-20 13:01:26.936,2026-03-20 13:01:26.936,"",Rule Description,Rule Description,rule_description,true,,
232,varchar,"","[]",{},false,true,false,false,false,false,,"{""customColor"": true}",true,BADGE,{},"","",true,false,"[{""is_sort"": true, ""is_search"": true, ""is_advance_search"": false}]","","[]",{},2026-03-20 13:01:26.936,2026-03-20 13:01:26.936,"",Status,Status,status,true,,
235,varchar,"","[]",{},false,true,false,false,false,false,,"{""redirect_url"": ""/base-pricing/product-group-config/create-product-group/:product_group_id""}",true,REDIRECT,{},"","",true,false,"[{""is_sort"": true, ""is_search"": true, ""is_advance_search"": false}]","","[]",{},2026-03-20 13:01:26.936,2026-03-20 13:01:26.936,"",Group Name,Group Name,product_group_name,true,,
236,varchar,"","[]",{},false,true,false,false,false,false,,"[]",true,"",{},"","",true,false,"[{""is_sort"": true, ""is_search"": true, ""is_advance_search"": false}]","","[]",{},2026-03-20 13:01:26.936,2026-03-20 13:01:26.936,"",Group Description,Group Description,product_group_description,true,,
237,varchar,"","[]",{},false,true,false,false,false,false,,"[]",true,"",{},"","",true,false,"[{""is_sort"": true, ""is_search"": true, ""is_advance_search"": false}]","","[]",{},2026-03-20 13:01:26.936,2026-03-20 13:01:26.936,"",Product Group Type,Product Group Type,product_group_type,true,,
238,int4,"","[]",{},false,true,false,false,false,false,,"[]",true,"",{},number-comma,"",true,false,"[{""is_sort"": true, ""is_search"": true, ""is_advance_search"": false}]","","[]",{},2026-03-20 13:01:26.936,2026-03-20 13:01:26.936,"",Total Inventory,Total Inventory,total_inventory,true,,
239,varchar,"","[]",{},false,false,true,false,false,false,,"[]",true,"",{},"","",true,false,"[{""is_sort"": true, ""is_search"": true, ""is_advance_search"": false}]","","[]",{},2026-03-20 13:01:26.936,2026-03-20 13:01:26.936,"",Channel,Channel,s0_name,true,,
240,varchar,"","[]",{},false,false,true,false,false,false,,"[]",true,"",{},"","",true,false,"[{""is_sort"": true, ""is_search"": true, ""is_advance_search"": false}]","","[]",{},2026-03-20 13:01:26.936,2026-03-20 13:01:26.936,"",Region,Region,s1_name,true,,
241,varchar,"","[]",{},false,false,true,false,false,false,,"[]",true,"",{},"","",true,false,"[{""is_sort"": true, ""is_search"": true, ""is_advance_search"": false}]","","[]",{},2026-03-20 13:01:26.936,2026-03-20 13:01:26.936,"",State,State,s2_name,true,,
242,varchar,"","[]",{},false,true,false,false,false,false,,"{""redirect_url"": ""/base-pricing/store-group-config/create-store-group/:store_group_id""}",true,REDIRECT,{},"","",true,false,"[{""is_sort"": true, ""is_search"": true, ""is_advance_search"": false}]","","[]",{},2026-03-20 13:01:26.936,2026-03-20 13:01:26.936,"",Group Name,Group Name,store_group_name,true,,
243,varchar,"","[]",{},false,true,false,false,false,false,,"[]",true,"",{},"","",true,false,"[{""is_sort"": true, ""is_search"": true, ""is_advance_search"": false}]","","[]",{},2026-03-20 13:01:26.936,2026-03-20 13:01:26.936,"",Group Description,Group Description,store_group_description,true,,
244,varchar,"","[]",{},false,true,false,false,false,false,,"[]",true,"",{},"","",true,false,"[{""is_sort"": true, ""is_search"": true, ""is_advance_search"": false}]","","[]",{},2026-03-20 13:01:26.936,2026-03-20 13:01:26.936,"",Store Group Type,Store Group Type,sg_group_type,true,,
245,varchar,"","[]",{},false,true,false,false,false,false,,"[]",true,"",{},"","",true,false,"[{""is_sort"": true, ""is_search"": true, ""is_advance_search"": false}]","","[]",{},2026-03-20 13:01:26.936,2026-03-20 13:01:26.936,"",Customer Segment Name,Customer Segment Name,customer_segment_name,true,,
246,varchar,"","[]",{},false,true,false,false,false,false,,"[]",true,"",{},"","",true,false,"[{""is_sort"": true, ""is_search"": true, ""is_advance_search"": false}]","","[]",{},2026-03-20 13:01:26.936,2026-03-20 13:01:26.936,"",Current Zone Structure,Current Zone Structure,structure_name,true,,
247,varchar,dropdown,"[]",{},false,true,false,true,false,false,,"[{""method"": ""GET"", ""api_end_point"": ""/stores/zone-structures""}]",true,SELECT,{},"","",true,false,"[{""is_sort"": true, ""is_search"": true, ""aliasField"": ""zone_structure_id"", ""needToFlatArray"": true, ""is_advance_search"": false}]","","[]",{},2026-03-20 13:01:26.936,2026-03-20 13:01:26.936,"",Updated Zone Structure,Updated Zone Structure,updated_structure_name,true,,
248,int4,"","[]",{},false,true,false,false,false,false,,"[]",true,"",{},"","",true,false,"[{""is_sort"": true, ""is_search"": true, ""is_advance_search"": false}]","","[]",{},2026-03-20 13:01:26.936,2026-03-20 13:01:26.936,"",Product Id,Product Id,product_id,true,,
249,float8,"","[]",{},false,true,false,false,false,false,,"[]",true,"",{},currency-usd-comma-decimal,"",true,false,"[{""is_sort"": true, ""is_search"": true, ""is_mertics"": true, ""is_advance_search"": false}]","","[]",{},2026-03-20 13:01:26.936,2026-03-20 13:01:26.936,"",Gross Margin ($).IA Recommended,Gross Margin ($).IA Recommended,gross_margin.ia_recommended,true,,
250,float8,"","[]",{},false,true,false,false,false,false,,"[]",true,"",{},currency-usd-comma-decimal,"",true,false,"[{""is_sort"": true, ""is_search"": true, ""is_mertics"": true, ""is_advance_search"": false}]","","[]",{},2026-03-20 13:01:26.936,2026-03-20 13:01:26.936,"",Gross Margin ($).Finalized,Gross Margin ($).Finalized,gross_margin.finalized,true,,
251,int4,"","[]",{},false,true,false,false,false,false,,"[]",true,"",{},"","",true,false,"[{""is_sort"": true, ""is_search"": true, ""is_mertics"": true, ""is_advance_search"": false}]","","[]",{},2026-03-20 13:01:26.936,2026-03-20 13:01:26.936,"",Manual Overrides,Manual Overrides,manual_overrides,true,,
252,int4,"","[]",{},false,true,false,false,false,false,,"[]",true,"",{},number-comma,"",true,false,"[{""is_sort"": true, ""is_search"": true, ""is_advance_search"": false}]","","[]",{},2026-03-20 13:01:26.936,2026-03-20 13:01:26.936,"",Total Inventory,Total Inventory,available_inventory,true,,
253,varchar,"","[]",{},false,true,false,false,false,false,,"[]",true,"",{},"","",true,false,"[{""is_sort"": true, ""is_search"": true, ""is_advance_search"": false}]","","[]",{},2026-03-20 13:01:26.936,2026-03-20 13:01:26.936,"",Product Name,Product Name,style_description,true,,
254,varchar,"","[]",{},false,true,false,false,false,false,,"[]",true,DATE,{},"","",true,false,"[{""is_sort"": true, ""is_search"": true, ""is_advance_search"": false}]","","[]",{},2026-03-20 13:01:26.936,2026-03-20 13:01:26.936,"",Launch Date,Launch Date,launch_date,true,,
255,int4,"","[]",{},false,true,false,false,false,false,,"[]",true,"",{},number-comma,"",true,false,"[{""is_sort"": true, ""is_search"": true, ""is_mertics"": true, ""is_advance_search"": false}]","","[]",{},2026-03-20 13:01:26.936,2026-03-20 13:01:26.936,"",Cost Changes,Cost Changes,cost_changes,true,,
256,int4,"","[]",{},false,true,false,false,false,false,,"[{""on_click"": ""handleStrategyViewChange""}]",true,CLICK,{},number-comma,"",true,false,"[{""is_sort"": true, ""is_search"": true, ""is_advance_search"": false}]","","[]",{},2026-03-20 13:01:26.936,2026-03-20 13:01:26.936,"",# Stores,# Stores,distinct_store_count,true,,
257,int4,"","[]",{},false,true,false,false,false,false,,"[]",true,"",{},number-comma,"",true,false,"[{""is_sort"": true, ""is_search"": true, ""is_advance_search"": false}]","","[]",{},2026-03-20 13:01:26.936,2026-03-20 13:01:26.936,"",# Products,# Products,distinct_product_count,true,,
258,int4,"","[]",{},false,true,false,false,false,false,,"[]",true,"",{},number-comma,"",true,false,"[{""is_sort"": true, ""is_search"": true, ""is_advance_search"": false}]","","[]",{},2026-03-20 13:01:26.936,2026-03-20 13:01:26.936,"",# Prices,# Prices,distinct_price_count,true,,
259,int4,"","[]",{},false,true,false,false,false,false,,"[{""on_click"": ""handleStrategyViewChange""}]",true,CLICK,{},number-comma,"",true,false,"[{""is_sort"": true, ""is_search"": true, ""is_advance_search"": false}]","","[]",{},2026-03-20 13:01:26.936,2026-03-20 13:01:26.936,"",# Price Points,# Price Points,distinct_price_points_count,true,,
260,varchar,"","[]",{},false,false,true,false,false,false,,"[]",true,"",{},"","",true,false,"[{""is_sort"": true, ""is_search"": true, ""is_advance_search"": false}]","","[]",{},2026-03-20 13:01:26.936,2026-03-20 13:01:26.936,"",Custom Family,Custom Family,custom_family_1,true,,
261,varchar,"","[]",{},false,false,true,false,false,false,,"[]",true,"",{},"","",true,false,"[{""is_sort"": true, ""is_search"": true, ""is_advance_search"": false}]","","[]",{},2026-03-20 13:01:26.936,2026-03-20 13:01:26.936,"",Custom Class,Custom Class,custom_class_1,true,,
262,float8,"","[]",{},false,true,false,false,false,false,,"[]",true,"",{},percentage-decimal,"",true,false,"[{""is_sort"": true, ""is_search"": true, ""is_advance_search"": false}]","","[]",{},2026-03-20 13:01:26.936,2026-03-20 13:01:26.936,"",Price Difference (%),Price Difference (%),price_difference_percent,true,,
263,float8,"","[]",{},false,true,false,false,false,false,,"[]",true,"",{},number-comma,"",true,false,"[{""is_sort"": true, ""is_search"": true, ""is_mertics"": true, ""is_advance_search"": false}]","","[]",{},2026-03-20 13:01:26.936,2026-03-20 13:01:26.936,"",Sales Units.Actuals,Sales Units.Actuals,sales_unit.actuals_sales_units,true,,
264,float8,"","[]",{},false,true,false,false,false,false,,"[]",true,"",{},currency-usd-comma-decimal,"",true,false,"[{""is_sort"": true, ""is_search"": true, ""is_mertics"": true, ""is_advance_search"": false}]","","[]",{},2026-03-20 13:01:26.936,2026-03-20 13:01:26.936,"",Revenue ($).Actuals,Revenue ($).Actuals,revenue.actuals_revenue,true,revenue,
265,float8,"","[]",{},false,true,false,false,false,false,,"[]",true,"",{},currency-usd-comma-decimal,"",true,false,"[{""is_sort"": true, ""is_search"": true, ""is_mertics"": true, ""is_advance_search"": false}]","","[]",{},2026-03-20 13:01:26.936,2026-03-20 13:01:26.936,"",Gross Margin ($).Actuals,Gross Margin ($).Actuals,gross_margin.actuals_gross_margin_dollar,true,,
266,float8,"","[]",{},false,true,false,false,false,false,,"[]",true,"",{},percentage-decimal,"",true,false,"[{""is_sort"": true, ""is_search"": true, ""is_mertics"": true, ""is_advance_search"": false}]","","[]",{},2026-03-20 13:01:26.936,2026-03-20 13:01:26.936,"",Gross Margin (%).Actuals,Gross Margin (%).Actuals,gross_margin_percentage.actuals_gross_margin_percentage,true,gross_margin_percentage,
267,float8,"","[]",{},false,true,false,false,false,false,,"[]",true,"",{},currency-usd-comma-decimal,"",true,false,"[{""is_sort"": true, ""is_search"": true, ""is_mertics"": true, ""is_advance_search"": false}]",{},"[]",{},2026-03-20 13:01:26.936,2026-03-20 13:01:26.936,"",ASP ($).Actuals,ASP ($).Actuals,asp.actuals_asp,true,asp,
268,float8,"","[]",{},false,true,false,false,false,false,,"[]",true,"",{},currency-usd-comma-decimal,"",true,false,"[{""is_sort"": true, ""is_search"": true, ""is_mertics"": true, ""is_advance_search"": false}]","","[]",{},2026-03-20 13:01:26.936,2026-03-20 13:01:26.936,"",AUM ($).Actuals,AUM ($).Actuals,aum.actuals_aum,true,aum,
269,int4,"","[]",{},false,true,false,false,false,false,,"[]",true,"",{},number-comma,"",true,false,"[{""is_sort"": true, ""is_search"": true, ""is_advance_search"": false}]","","[]",{},2026-03-20 13:01:26.936,2026-03-20 13:01:26.936,"",Total Price Points,Total Price Points,total_price_points,true,,
270,varchar,"","[]",{},false,true,false,false,false,false,,"[]",true,"",{},"","",true,false,"[{""is_sort"": true, ""is_search"": true, ""is_advance_search"": false}]","","[]",{},2026-03-20 13:01:26.936,2026-03-20 13:01:26.936,"",Price Changes,Price Changes,price_changes,true,,
271,float8,"","[]",{},false,true,false,false,false,false,,"[]",true,"",{},number-comma,"",true,false,"[{""is_sort"": true, ""is_search"": true, ""is_mertics"": true, ""is_advance_search"": false}]","","[]",{},2026-03-20 13:01:26.936,2026-03-20 13:01:26.936,"",Sales Units.Priority,Sales Units.Priority,sales_units.priority,true,sales_units,
272,float8,"","[]",{},false,true,false,false,false,false,,"[]",true,"",{},number-comma,"",true,false,"[{""is_sort"": true, ""is_search"": true, ""is_mertics"": true, ""is_advance_search"": false}]","","[]",{},2026-03-20 13:01:26.936,2026-03-20 13:01:26.936,"",Sales Units.Actuals,Sales Units.Actuals,sales_units.actuals,true,sales_units,
273,float8,"","[]",{},false,true,false,false,false,false,,"[]",true,"",{},number-comma,"",true,false,"[{""is_sort"": true, ""is_search"": true, ""is_mertics"": true, ""is_advance_search"": false}]","","[]",{},2026-03-20 13:01:26.936,2026-03-20 13:01:26.936,"",Revenue ($).Priority,Revenue ($).Priority,revenue.priority,true,revenue,
274,float8,"","[]",{},false,true,false,false,false,false,,"[]",true,"",{},currency-usd-comma-decimal,"",true,false,"[{""is_sort"": true, ""is_search"": true, ""is_mertics"": true, ""is_advance_search"": false}]","","[]",{},2026-03-20 13:01:26.936,2026-03-20 13:01:26.936,"",Revenue ($).Actuals,Revenue ($).Actuals,revenue.actuals,true,revenue,
275,float8,"","[]",{},false,true,false,false,false,false,,"[]",true,"",{},number-comma,"",true,false,"[{""is_sort"": true, ""is_search"": true, ""is_mertics"": true, ""is_advance_search"": false}]","","[]",{},2026-03-20 13:01:26.936,2026-03-20 13:01:26.936,"",Gross Margin ($).Priority,Gross Margin ($).Priority,gross_margin_dollar.priority,true,gross_margin_dollar,
276,float8,"","[]",{},false,true,false,false,false,false,,"[]",true,"",{},currency-usd-comma-decimal,"",true,false,"[{""is_sort"": true, ""is_search"": true, ""is_mertics"": true, ""is_advance_search"": false}]","","[]",{},2026-03-20 13:01:26.936,2026-03-20 13:01:26.936,"",Gross Margin ($).Actuals,Gross Margin ($).Actuals,gross_margin_dollar.actuals,true,gross_margin_dollar,
277,float8,"","[]",{},false,true,false,false,false,false,,"[]",true,"",{},number-comma,"",true,false,"[{""is_sort"": true, ""is_search"": true, ""is_mertics"": true, ""is_advance_search"": false}]","","[]",{},2026-03-20 13:01:26.936,2026-03-20 13:01:26.936,"",Gross Margin (%).Priority,Gross Margin (%).Priority,gross_margin_percentage.priority,true,gross_margin_percentage,
278,float8,"","[]",{},false,true,false,false,false,false,,"[]",true,"",{},percentage-decimal,"",true,false,"[{""is_sort"": true, ""is_search"": true, ""is_mertics"": true, ""is_advance_search"": false}]","","[]",{},2026-03-20 13:01:26.936,2026-03-20 13:01:26.936,"",Gross Margin (%).Actuals,Gross Margin (%).Actuals,gross_margin_percentage.actuals,true,gross_margin_percentage,
279,float8,"","[]",{},false,true,false,false,false,false,,"[]",true,"",{},number-comma,"",true,false,"[{""is_sort"": true, ""is_search"": true, ""is_mertics"": true, ""is_advance_search"": false}]","","[]",{},2026-03-20 13:01:26.936,2026-03-20 13:01:26.936,"",ASP ($).Priority,ASP ($).Priority,average_selling_price.priority,true,,
280,float8,"","[]",{},false,true,false,false,false,false,,"[]",true,"",{},currency-usd-comma-decimal,"",true,false,"[{""is_sort"": true, ""is_search"": true, ""is_mertics"": true, ""is_advance_search"": false}]","","[]",{},2026-03-20 13:01:26.936,2026-03-20 13:01:26.936,"",ASP ($).Actuals,ASP ($).Actuals,average_selling_price.actuals,true,,
281,float8,"","[]",{},false,true,false,false,false,false,,"[]",true,"",{},number-comma,"",true,false,"[{""is_sort"": true, ""is_search"": true, ""is_mertics"": true, ""is_advance_search"": false}]","","[]",{},2026-03-20 13:01:26.936,2026-03-20 13:01:26.936,"",AUM ($).Priority,AUM ($).Priority,average_unit_margin.priority,true,,
282,float8,"","[]",{},false,true,false,false,false,false,,"[]",true,"",{},currency-usd-comma-decimal,"",true,false,"[{""is_sort"": true, ""is_search"": true, ""is_mertics"": true, ""is_advance_search"": false}]","","[]",{},2026-03-20 13:01:26.936,2026-03-20 13:01:26.936,"",AUM ($).Actuals,AUM ($).Actuals,average_unit_margin.actuals,true,,
1000,varchar,"","[]",{},false,true,false,false,false,false,,"[]",true,DESCRIPTION,{},"","",true,false,"[{""is_sort"": true, ""is_search"": true, ""is_advance_search"": false}]","","[]",{},2026-03-20 13:01:26.936,2026-03-20 13:01:26.936,"",Errors,Errors,errors,true,,
1009,float8,"","[]",{},false,true,false,false,false,false,,"[]",true,"",{},number-comma,"",true,false,"[{""is_sort"": true, ""is_search"": true, ""is_mertics"": true, ""is_advance_search"": false}]","","[]",{},2026-03-20 13:01:26.936,2026-03-27 05:21:56.988,"",Strategy Period.Sales Units.Current,Sales Units.Strategy Period.Current,sales_units.strategy_period.current,true,sales_units,CURRENT_STRATEGY_PERIOD
1010,float8,"","[]",{},false,true,false,false,false,false,,"[]",true,"",{},number-comma,"",true,false,"[{""is_sort"": true, ""is_search"": true, ""is_mertics"": true, ""is_advance_search"": false}]","","[]",{},2026-03-20 13:01:26.936,2026-03-27 05:21:56.988,"",Strategy Period.Sales Units.IA Recommended,Sales Units.Strategy Period.IA Recommended,sales_units.strategy_period.ia_recommended,true,sales_units,CURRENT_STRATEGY_PERIOD
1011,float8,"","[]",{},false,true,false,false,false,false,,"[]",true,"",{},number-comma,"",true,false,"[{""is_sort"": true, ""is_search"": true, ""is_mertics"": true, ""is_advance_search"": false}]","","[]",{},2026-03-20 13:01:26.936,2026-03-27 05:21:56.988,"",Strategy Period.Sales Units.Finalized,Sales Units.Strategy Period.Finalized,sales_units.strategy_period.finalized,true,sales_units,CURRENT_STRATEGY_PERIOD
1012,float8,"","[]",{},false,true,false,false,false,false,,"[]",true,"",{},number-comma,"",true,false,"[{""is_sort"": true, ""is_search"": true, ""is_mertics"": true, ""is_advance_search"": false}]","","[]",{},2026-03-20 13:01:26.936,2026-03-27 05:21:56.988,"",Fiscal Year.Sales Units.Current,Sales Units.Fiscal Year.Current,sales_units.fiscal_year.current,true,sales_units,FISCAL_YEAR
1013,float8,"","[]",{},false,true,false,false,false,false,,"[]",true,"",{},number-comma,"",true,false,"[{""is_sort"": true, ""is_search"": true, ""is_mertics"": true, ""is_advance_search"": false}]","","[]",{},2026-03-20 13:01:26.936,2026-03-27 05:21:56.988,"",Fiscal Year.Sales Units.IA Recommended,Sales Units.Fiscal Year.IA Recommended,sales_units.fiscal_year.ia_recommended,true,sales_units,FISCAL_YEAR
1014,float8,"","[]",{},false,true,false,false,false,false,,"[]",true,"",{},number-comma,"",true,false,"[{""is_sort"": true, ""is_search"": true, ""is_mertics"": true, ""is_advance_search"": false}]","","[]",{},2026-03-20 13:01:26.936,2026-03-27 05:21:56.988,"",Fiscal Year.Sales Units.Finalized,Sales Units.Fiscal Year.Finalized,sales_units.fiscal_year.finalized,true,sales_units,FISCAL_YEAR
1015,float8,"","[]",{},false,true,false,false,false,false,,"[]",true,"",{},number-comma,"",true,false,"[{""is_sort"": true, ""is_search"": true, ""is_mertics"": true, ""is_advance_search"": false}]","","[]",{},2026-03-20 13:01:26.936,2026-03-27 05:21:56.988,"",Calendar Year.Sales Units.Current,Sales Units.Calendar Year.Current,sales_units.calendar_year.current,true,sales_units,CALENDAR_YEAR
1016,float8,"","[]",{},false,true,false,false,false,false,,"[]",true,"",{},number-comma,"",true,false,"[{""is_sort"": true, ""is_search"": true, ""is_mertics"": true, ""is_advance_search"": false}]","","[]",{},2026-03-20 13:01:26.936,2026-03-27 05:21:56.988,"",Calendar Year.Sales Units.IA Recommended,Sales Units.Calendar Year.IA Recommended,sales_units.calendar_year.ia_recommended,true,sales_units,CALENDAR_YEAR
1017,float8,"","[]",{},false,true,false,false,false,false,,"[]",true,"",{},number-comma,"",true,false,"[{""is_sort"": true, ""is_search"": true, ""is_mertics"": true, ""is_advance_search"": false}]","","[]",{},2026-03-20 13:01:26.936,2026-03-27 05:21:56.988,"",Calendar Year.Sales Units.Finalized,Sales Units.Calendar Year.Finalized,sales_units.calendar_year.finalized,true,sales_units,CALENDAR_YEAR
1018,float8,"","[]",{},false,true,false,false,false,false,,"[]",true,"",{},number-comma,"",true,false,"[{""is_sort"": true, ""is_search"": true, ""is_mertics"": true, ""is_advance_search"": false}]","","[]",{},2026-03-20 13:01:26.936,2026-03-27 05:21:56.988,"",Strategy Period.Sales Units.Actuals,Sales Units.Strategy Period.Actuals,sales_units.strategy_period.actuals,true,sales_units,CURRENT_STRATEGY_PERIOD
1019,float8,"","[]",{},false,true,false,false,false,false,,"[]",true,"",{},number-comma,"",true,false,"[{""is_sort"": true, ""is_search"": true, ""is_mertics"": true, ""is_advance_search"": false}]","","[]",{},2026-03-20 13:01:26.936,2026-03-27 05:21:56.988,"",Fiscal Year.Sales Units.Actuals,Sales Units.Fiscal Year.Actuals,sales_units.fiscal_year.actuals,true,sales_units,FISCAL_YEAR
1020,float8,"","[]",{},false,true,false,false,false,false,,"[]",true,"",{},number-comma,"",true,false,"[{""is_sort"": true, ""is_search"": true, ""is_mertics"": true, ""is_advance_search"": false}]","","[]",{},2026-03-20 13:01:26.936,2026-03-27 05:21:56.988,"",Calendar Year.Sales Units.Actuals,Sales Units.Calendar Year.Actuals,sales_units.calendar_year.actuals,true,sales_units,CALENDAR_YEAR
1021,float8,"","[]",{},false,true,false,false,false,false,,"[]",true,"",{},number-comma,"",true,false,"[{""is_sort"": true, ""is_search"": true, ""is_mertics"": true, ""is_advance_search"": false}]","","[]",{},2026-03-20 13:01:26.936,2026-03-27 05:21:56.988,"",Fiscal Year Q1.Sales Units.Current,Sales Units.Fiscal Year Q1.Current,sales_units.fiscal_year_q1.current,true,sales_units,FISCAL_YEAR_Q1
1022,float8,"","[]",{},false,true,false,false,false,false,,"[]",true,"",{},number-comma,"",true,false,"[{""is_sort"": true, ""is_search"": true, ""is_mertics"": true, ""is_advance_search"": false}]","","[]",{},2026-03-20 13:01:26.936,2026-03-27 05:21:56.988,"",Fiscal Year Q1.Sales Units.IA Recommended,Sales Units.Fiscal Year Q1.IA Recommended,sales_units.fiscal_year_q1.ia_recommended,true,sales_units,FISCAL_YEAR_Q1
1023,float8,"","[]",{},false,true,false,false,false,false,,"[]",true,"",{},number-comma,"",true,false,"[{""is_sort"": true, ""is_search"": true, ""is_mertics"": true, ""is_advance_search"": false}]","","[]",{},2026-03-20 13:01:26.936,2026-03-27 05:21:56.988,"",Fiscal Year Q1.Sales Units.Finalized,Sales Units.Fiscal Year Q1.Finalized,sales_units.fiscal_year_q1.finalized,true,sales_units,FISCAL_YEAR_Q1
1024,float8,"","[]",{},false,true,false,false,false,false,,"[]",true,"",{},number-comma,"",true,false,"[{""is_sort"": true, ""is_search"": true, ""is_mertics"": true, ""is_advance_search"": false}]","","[]",{},2026-03-20 13:01:26.936,2026-03-27 05:21:56.988,"",Fiscal Year Q1.Sales Units.Actuals,Sales Units.Fiscal Year Q1.Actuals,sales_units.fiscal_year_q1.actuals,true,sales_units,FISCAL_YEAR_Q1
1025,float8,"","[]",{},false,true,false,false,false,false,,"[]",true,"",{},number-comma,"",true,false,"[{""is_sort"": true, ""is_search"": true, ""is_mertics"": true, ""is_advance_search"": false}]","","[]",{},2026-03-20 13:01:26.936,2026-03-27 05:21:56.988,"",Fiscal Year Q2.Sales Units.Current,Sales Units.Fiscal Year Q2.Current,sales_units.fiscal_year_q2.current,true,sales_units,FISCAL_YEAR_Q2
1026,float8,"","[]",{},false,true,false,false,false,false,,"[]",true,"",{},number-comma,"",true,false,"[{""is_sort"": true, ""is_search"": true, ""is_mertics"": true, ""is_advance_search"": false}]","","[]",{},2026-03-20 13:01:26.936,2026-03-27 05:21:56.988,"",Fiscal Year Q2.Sales Units.IA Recommended,Sales Units.Fiscal Year Q2.IA Recommended,sales_units.fiscal_year_q2.ia_recommended,true,sales_units,FISCAL_YEAR_Q2
1027,float8,"","[]",{},false,true,false,false,false,false,,"[]",true,"",{},number-comma,"",true,false,"[{""is_sort"": true, ""is_search"": true, ""is_mertics"": true, ""is_advance_search"": false}]","","[]",{},2026-03-20 13:01:26.936,2026-03-27 05:21:56.988,"",Fiscal Year Q2.Sales Units.Finalized,Sales Units.Fiscal Year Q2.Finalized,sales_units.fiscal_year_q2.finalized,true,sales_units,FISCAL_YEAR_Q2
1028,float8,"","[]",{},false,true,false,false,false,false,,"[]",true,"",{},number-comma,"",true,false,"[{""is_sort"": true, ""is_search"": true, ""is_mertics"": true, ""is_advance_search"": false}]","","[]",{},2026-03-20 13:01:26.936,2026-03-27 05:21:56.988,"",Fiscal Year Q2.Sales Units.Actuals,Sales Units.Fiscal Year Q2.Actuals,sales_units.fiscal_year_q2.actuals,true,sales_units,FISCAL_YEAR_Q2
1029,float8,"","[]",{},false,true,false,false,false,false,,"[]",true,"",{},number-comma,"",true,false,"[{""is_sort"": true, ""is_search"": true, ""is_mertics"": true, ""is_advance_search"": false}]","","[]",{},2026-03-20 13:01:26.936,2026-03-27 05:21:56.988,"",Fiscal Year Q3.Sales Units.Current,Sales Units.Fiscal Year Q3.Current,sales_units.fiscal_year_q3.current,true,sales_units,FISCAL_YEAR_Q3
1030,float8,"","[]",{},false,true,false,false,false,false,,"[]",true,"",{},number-comma,"",true,false,"[{""is_sort"": true, ""is_search"": true, ""is_mertics"": true, ""is_advance_search"": false}]","","[]",{},2026-03-20 13:01:26.936,2026-03-27 05:21:56.988,"",Fiscal Year Q3.Sales Units.IA Recommended,Sales Units.Fiscal Year Q3.IA Recommended,sales_units.fiscal_year_q3.ia_recommended,true,sales_units,FISCAL_YEAR_Q3
1031,float8,"","[]",{},false,true,false,false,false,false,,"[]",true,"",{},number-comma,"",true,false,"[{""is_sort"": true, ""is_search"": true, ""is_mertics"": true, ""is_advance_search"": false}]","","[]",{},2026-03-20 13:01:26.936,2026-03-27 05:21:56.988,"",Fiscal Year Q3.Sales Units.Finalized,Sales Units.Fiscal Year Q3.Finalized,sales_units.fiscal_year_q3.finalized,true,sales_units,FISCAL_YEAR_Q3
1032,float8,"","[]",{},false,true,false,false,false,false,,"[]",true,"",{},number-comma,"",true,false,"[{""is_sort"": true, ""is_search"": true, ""is_mertics"": true, ""is_advance_search"": false}]","","[]",{},2026-03-20 13:01:26.936,2026-03-27 05:21:56.988,"",Fiscal Year Q3.Sales Units.Actuals,Sales Units.Fiscal Year Q3.Actuals,sales_units.fiscal_year_q3.actuals,true,sales_units,FISCAL_YEAR_Q3
1033,float8,"","[]",{},false,true,false,false,false,false,,"[]",true,"",{},number-comma,"",true,false,"[{""is_sort"": true, ""is_search"": true, ""is_mertics"": true, ""is_advance_search"": false}]","","[]",{},2026-03-20 13:01:26.936,2026-03-27 05:21:56.988,"",Fiscal Year Q4.Sales Units.Current,Sales Units.Fiscal Year Q4.Current,sales_units.fiscal_year_q4.current,true,sales_units,FISCAL_YEAR_Q4
1034,float8,"","[]",{},false,true,false,false,false,false,,"[]",true,"",{},number-comma,"",true,false,"[{""is_sort"": true, ""is_search"": true, ""is_mertics"": true, ""is_advance_search"": false}]","","[]",{},2026-03-20 13:01:26.936,2026-03-27 05:21:56.988,"",Fiscal Year Q4.Sales Units.IA Recommended,Sales Units.Fiscal Year Q4.IA Recommended,sales_units.fiscal_year_q4.ia_recommended,true,sales_units,FISCAL_YEAR_Q4
1035,float8,"","[]",{},false,true,false,false,false,false,,"[]",true,"",{},number-comma,"",true,false,"[{""is_sort"": true, ""is_search"": true, ""is_mertics"": true, ""is_advance_search"": false}]","","[]",{},2026-03-20 13:01:26.936,2026-03-27 05:21:56.988,"",Fiscal Year Q4.Sales Units.Finalized,Sales Units.Fiscal Year Q4.Finalized,sales_units.fiscal_year_q4.finalized,true,sales_units,FISCAL_YEAR_Q4
1036,float8,"","[]",{},false,true,false,false,false,false,,"[]",true,"",{},number-comma,"",true,false,"[{""is_sort"": true, ""is_search"": true, ""is_mertics"": true, ""is_advance_search"": false}]","","[]",{},2026-03-20 13:01:26.936,2026-03-27 05:21:56.988,"",Fiscal Year Q4.Sales Units.Actuals,Sales Units.Fiscal Year Q4.Actuals,sales_units.fiscal_year_q4.actuals,true,sales_units,FISCAL_YEAR_Q4
1040,varchar,"","[]",{},false,true,false,false,false,false,,"[]",true,"",{},"","",true,false,"[{""is_sort"": true, ""is_search"": true, ""is_advance_search"": false}]","","[]",{},2026-03-20 13:01:26.936,2026-03-20 13:01:26.936,"",SKU Code,SKU Code,product_code,true,,
1041,varchar,"","[]",{},false,true,false,false,false,false,,"[]",true,"",{},"","",true,false,"[{""is_sort"": true, ""is_search"": true, ""is_advance_search"": false}]","","[]",{},2026-03-20 13:01:26.936,2026-03-20 13:01:26.936,"",Store Code,Store Code,store_code,true,,
1042,float8,"","[]",{},false,false,false,true,true,false,,"[]",true,"",{},currency-usd-comma-decimal,,true,false,"[]",,"[]",{},2026-03-20 10:10:41.079,2026-03-27 05:21:52.523,,Strategy Period.Revenue.Current,Revenue($).Strategy Period.Current,revenue.strategy_period.current,true,revenue,CURRENT_STRATEGY_PERIOD
1043,float8,"","[]",{},false,false,false,true,true,false,,"[]",true,"",{},currency-usd-comma-decimal,,true,false,"[]",,"[]",{},2026-03-20 10:10:41.079,2026-03-27 05:21:52.523,,Strategy Period.Revenue.IA Recommended,Revenue($).Strategy Period.IA Recommended,revenue.strategy_period.ia_recommended,true,revenue,CURRENT_STRATEGY_PERIOD
1044,float8,"","[]",{},false,false,false,true,true,false,,"[]",true,"",{},currency-usd-comma-decimal,,true,false,"[]",,"[]",{},2026-03-20 10:10:41.079,2026-03-27 05:21:52.523,,Strategy Period.Revenue.Finalized,Revenue($).Strategy Period.Finalized,revenue.strategy_period.finalized,true,revenue,CURRENT_STRATEGY_PERIOD
1045,float8,"","[]",{},false,false,false,true,true,false,,"[]",true,"",{},currency-usd-comma-decimal,,true,false,"[]",,"[]",{},2026-03-20 10:10:41.079,2026-03-27 05:21:52.523,,Strategy Period.Revenue.Actuals,Revenue($).Strategy Period.Actuals,revenue.strategy_period.actuals,true,revenue,CURRENT_STRATEGY_PERIOD
1046,float8,"","[]",{},false,false,false,true,true,false,,"[]",true,"",{},currency-usd-comma-decimal,,true,false,"[]",,"[]",{},2026-03-20 10:10:41.079,2026-03-27 05:21:52.523,,Fiscal Year.Revenue.Current,Revenue($).Fiscal Year.Current,revenue.fiscal_year.current,true,revenue,FISCAL_YEAR
1047,float8,"","[]",{},false,false,false,true,true,false,,"[]",true,"",{},currency-usd-comma-decimal,,true,false,"[]",,"[]",{},2026-03-20 10:10:41.079,2026-03-27 05:21:52.523,,Fiscal Year.Revenue.IA Recommended,Revenue($).Fiscal Year.IA Recommended,revenue.fiscal_year.ia_recommended,true,revenue,FISCAL_YEAR
1048,float8,"","[]",{},false,false,false,true,true,false,,"[]",true,"",{},currency-usd-comma-decimal,,true,false,"[]",,"[]",{},2026-03-20 10:10:41.079,2026-03-27 05:21:52.523,,Fiscal Year.Revenue.Finalized,Revenue($).Fiscal Year.Finalized,revenue.fiscal_year.finalized,true,revenue,FISCAL_YEAR
1049,float8,"","[]",{},false,false,false,true,true,false,,"[]",true,"",{},currency-usd-comma-decimal,,true,false,"[]",,"[]",{},2026-03-20 10:10:41.079,2026-03-27 05:21:52.523,,Fiscal Year.Revenue.Actuals,Revenue($).Fiscal Year.Actuals,revenue.fiscal_year.actuals,true,revenue,FISCAL_YEAR
1050,float8,"","[]",{},false,false,false,true,true,false,,"[]",true,"",{},currency-usd-comma-decimal,,true,false,"[]",,"[]",{},2026-03-20 10:10:41.079,2026-03-27 05:21:52.523,,Calendar Year.Revenue.Current,Revenue($).Calendar Year.Current,revenue.calendar_year.current,true,revenue,CALENDAR_YEAR
1051,float8,"","[]",{},false,false,false,true,true,false,,"[]",true,"",{},currency-usd-comma-decimal,,true,false,"[]",,"[]",{},2026-03-20 10:10:41.079,2026-03-27 05:21:52.523,,Calendar Year.Revenue.IA Recommended,Revenue($).Calendar Year.IA Recommended,revenue.calendar_year.ia_recommended,true,revenue,CALENDAR_YEAR
1052,float8,"","[]",{},false,false,false,true,true,false,,"[]",true,"",{},currency-usd-comma-decimal,,true,false,"[]",,"[]",{},2026-03-20 10:10:41.079,2026-03-27 05:21:52.523,,Calendar Year.Revenue.Finalized,Revenue($).Calendar Year.Finalized,revenue.calendar_year.finalized,true,revenue,CALENDAR_YEAR
1053,float8,"","[]",{},false,false,false,true,true,false,,"[]",true,"",{},currency-usd-comma-decimal,,true,false,"[]",,"[]",{},2026-03-20 10:10:41.079,2026-03-27 05:21:52.523,,Calendar Year.Revenue.Actuals,Revenue($).Calendar Year.Actuals,revenue.calendar_year.actuals,true,revenue,CALENDAR_YEAR
1054,float8,"","[]",{},false,false,false,true,true,false,,"[]",true,"",{},currency-usd-comma-decimal,,true,false,"[]",,"[]",{},2026-03-20 10:10:41.079,2026-03-27 05:21:52.523,,Fiscal Year Q1.Revenue.Current,Revenue($).Fiscal Year Q1.Current,revenue.fiscal_year_q1.current,true,revenue,FISCAL_YEAR_Q1
1055,float8,"","[]",{},false,false,false,true,true,false,,"[]",true,"",{},currency-usd-comma-decimal,,true,false,"[]",,"[]",{},2026-03-20 10:10:41.079,2026-03-27 05:21:52.523,,Fiscal Year Q1.Revenue.IA Recommended,Revenue($).Fiscal Year Q1.IA Recommended,revenue.fiscal_year_q1.ia_recommended,true,revenue,FISCAL_YEAR_Q1
1056,float8,"","[]",{},false,false,false,true,true,false,,"[]",true,"",{},currency-usd-comma-decimal,,true,false,"[]",,"[]",{},2026-03-20 10:10:41.079,2026-03-27 05:21:52.523,,Fiscal Year Q1.Revenue.Finalized,Revenue($).Fiscal Year Q1.Finalized,revenue.fiscal_year_q1.finalized,true,revenue,FISCAL_YEAR_Q1
1057,float8,"","[]",{},false,false,false,true,true,false,,"[]",true,"",{},currency-usd-comma-decimal,,true,false,"[]",,"[]",{},2026-03-20 10:10:41.079,2026-03-27 05:21:52.523,,Fiscal Year Q1.Revenue.Actuals,Revenue($).Fiscal Year Q1.Actuals,revenue.fiscal_year_q1.actuals,true,revenue,FISCAL_YEAR_Q1
1058,float8,"","[]",{},false,false,false,true,true,false,,"[]",true,"",{},currency-usd-comma-decimal,,true,false,"[]",,"[]",{},2026-03-20 10:10:41.079,2026-03-27 05:21:52.523,,Fiscal Year Q2.Revenue.Current,Revenue($).Fiscal Year Q2.Current,revenue.fiscal_year_q2.current,true,revenue,FISCAL_YEAR_Q2
1059,float8,"","[]",{},false,false,false,true,true,false,,"[]",true,"",{},currency-usd-comma-decimal,,true,false,"[]",,"[]",{},2026-03-20 10:10:41.079,2026-03-27 05:21:52.523,,Fiscal Year Q2.Revenue.IA Recommended,Revenue($).Fiscal Year Q2.IA Recommended,revenue.fiscal_year_q2.ia_recommended,true,revenue,FISCAL_YEAR_Q2
1060,float8,"","[]",{},false,false,false,true,true,false,,"[]",true,"",{},currency-usd-comma-decimal,,true,false,"[]",,"[]",{},2026-03-20 10:10:41.079,2026-03-27 05:21:52.523,,Fiscal Year Q2.Revenue.Finalized,Revenue($).Fiscal Year Q2.Finalized,revenue.fiscal_year_q2.finalized,true,revenue,FISCAL_YEAR_Q2
1061,float8,"","[]",{},false,false,false,true,true,false,,"[]",true,"",{},currency-usd-comma-decimal,,true,false,"[]",,"[]",{},2026-03-20 10:10:41.079,2026-03-27 05:21:52.523,,Fiscal Year Q2.Revenue.Actuals,Revenue($).Fiscal Year Q2.Actuals,revenue.fiscal_year_q2.actuals,true,revenue,FISCAL_YEAR_Q2
1062,float8,"","[]",{},false,false,false,true,true,false,,"[]",true,"",{},currency-usd-comma-decimal,,true,false,"[]",,"[]",{},2026-03-20 10:10:41.079,2026-03-27 05:21:52.523,,Fiscal Year Q3.Revenue.Current,Revenue($).Fiscal Year Q3.Current,revenue.fiscal_year_q3.current,true,revenue,FISCAL_YEAR_Q3
1063,float8,"","[]",{},false,false,false,true,true,false,,"[]",true,"",{},currency-usd-comma-decimal,,true,false,"[]",,"[]",{},2026-03-20 10:10:41.079,2026-03-27 05:21:52.523,,Fiscal Year Q3.Revenue.IA Recommended,Revenue($).Fiscal Year Q3.IA Recommended,revenue.fiscal_year_q3.ia_recommended,true,revenue,FISCAL_YEAR_Q3
1064,float8,"","[]",{},false,false,false,true,true,false,,"[]",true,"",{},currency-usd-comma-decimal,,true,false,"[]",,"[]",{},2026-03-20 10:10:41.079,2026-03-27 05:21:52.523,,Fiscal Year Q3.Revenue.Finalized,Revenue($).Fiscal Year Q3.Finalized,revenue.fiscal_year_q3.finalized,true,revenue,FISCAL_YEAR_Q3
1065,float8,"","[]",{},false,false,false,true,true,false,,"[]",true,"",{},currency-usd-comma-decimal,,true,false,"[]",,"[]",{},2026-03-20 10:10:41.079,2026-03-27 05:21:52.523,,Fiscal Year Q3.Revenue.Actuals,Revenue($).Fiscal Year Q3.Actuals,revenue.fiscal_year_q3.actuals,true,revenue,FISCAL_YEAR_Q3
1066,float8,"","[]",{},false,false,false,true,true,false,,"[]",true,"",{},currency-usd-comma-decimal,,true,false,"[]",,"[]",{},2026-03-20 10:10:41.079,2026-03-27 05:21:52.523,,Fiscal Year Q4.Revenue.Current,Revenue($).Fiscal Year Q4.Current,revenue.fiscal_year_q4.current,true,revenue,FISCAL_YEAR_Q4
1067,float8,"","[]",{},false,false,false,true,true,false,,"[]",true,"",{},currency-usd-comma-decimal,,true,false,"[]",,"[]",{},2026-03-20 10:10:41.079,2026-03-27 05:21:52.523,,Fiscal Year Q4.Revenue.IA Recommended,Revenue($).Fiscal Year Q4.IA Recommended,revenue.fiscal_year_q4.ia_recommended,true,revenue,FISCAL_YEAR_Q4
1068,float8,"","[]",{},false,false,false,true,true,false,,"[]",true,"",{},currency-usd-comma-decimal,,true,false,"[]",,"[]",{},2026-03-20 10:10:41.079,2026-03-27 05:21:52.523,,Fiscal Year Q4.Revenue.Finalized,Revenue($).Fiscal Year Q4.Finalized,revenue.fiscal_year_q4.finalized,true,revenue,FISCAL_YEAR_Q4
1069,float8,"","[]",{},false,false,false,true,true,false,,"[]",true,"",{},currency-usd-comma-decimal,,true,false,"[]",,"[]",{},2026-03-20 10:10:41.079,2026-03-27 05:21:52.523,,Fiscal Year Q4.Revenue.Actuals,Revenue($).Fiscal Year Q4.Actuals,revenue.fiscal_year_q4.actuals,true,revenue,FISCAL_YEAR_Q4
1070,float8,"","[]",{},false,false,false,true,true,false,,"[]",true,"",{},currency-usd-comma-decimal,,true,false,"[]",,"[]",{},2026-03-20 10:10:41.079,2026-03-27 05:21:53.417,,Strategy Period.Gross Margin Dollar.Current,Gross Margin($).Strategy Period.Current,gross_margin_dollar.strategy_period.current,true,gross_margin_dollar,CURRENT_STRATEGY_PERIOD
1071,float8,"","[]",{},false,false,false,true,true,false,,"[]",true,"",{},currency-usd-comma-decimal,,true,false,"[]",,"[]",{},2026-03-20 10:10:41.079,2026-03-27 05:21:53.417,,Strategy Period.Gross Margin Dollar.IA Recommended,Gross Margin($).Strategy Period.IA Recommended,gross_margin_dollar.strategy_period.ia_recommended,true,gross_margin_dollar,CURRENT_STRATEGY_PERIOD
1072,float8,"","[]",{},false,false,false,true,true,false,,"[]",true,"",{},currency-usd-comma-decimal,,true,false,"[]",,"[]",{},2026-03-20 10:10:41.079,2026-03-27 05:21:53.417,,Strategy Period.Gross Margin Dollar.Finalized,Gross Margin($).Strategy Period.Finalized,gross_margin_dollar.strategy_period.finalized,true,gross_margin_dollar,CURRENT_STRATEGY_PERIOD
1073,float8,"","[]",{},false,false,false,true,true,false,,"[]",true,"",{},currency-usd-comma-decimal,,true,false,"[]",,"[]",{},2026-03-20 10:10:41.079,2026-03-27 05:21:53.417,,Strategy Period.Gross Margin Dollar.Actuals,Gross Margin($).Strategy Period.Actuals,gross_margin_dollar.strategy_period.actuals,true,gross_margin_dollar,CURRENT_STRATEGY_PERIOD
1074,float8,"","[]",{},false,false,false,true,true,false,,"[]",true,"",{},currency-usd-comma-decimal,,true,false,"[]",,"[]",{},2026-03-20 10:10:41.079,2026-03-27 05:21:53.417,,Fiscal Year.Gross Margin Dollar.Current,Gross Margin($).Fiscal Year.Current,gross_margin_dollar.fiscal_year.current,true,gross_margin_dollar,FISCAL_YEAR
1075,float8,"","[]",{},false,false,false,true,true,false,,"[]",true,"",{},currency-usd-comma-decimal,,true,false,"[]",,"[]",{},2026-03-20 10:10:41.079,2026-03-27 05:21:53.417,,Fiscal Year.Gross Margin Dollar.IA Recommended,Gross Margin($).Fiscal Year.IA Recommended,gross_margin_dollar.fiscal_year.ia_recommended,true,gross_margin_dollar,FISCAL_YEAR
1076,float8,"","[]",{},false,false,false,true,true,false,,"[]",true,"",{},currency-usd-comma-decimal,,true,false,"[]",,"[]",{},2026-03-20 10:10:41.079,2026-03-27 05:21:53.417,,Fiscal Year.Gross Margin Dollar.Finalized,Gross Margin($).Fiscal Year.Finalized,gross_margin_dollar.fiscal_year.finalized,true,gross_margin_dollar,FISCAL_YEAR
1077,float8,"","[]",{},false,false,false,true,true,false,,"[]",true,"",{},currency-usd-comma-decimal,,true,false,"[]",,"[]",{},2026-03-20 10:10:41.079,2026-03-27 05:21:53.417,,Fiscal Year.Gross Margin Dollar.Actuals,Gross Margin($).Fiscal Year.Actuals,gross_margin_dollar.fiscal_year.actuals,true,gross_margin_dollar,FISCAL_YEAR
1078,float8,"","[]",{},false,false,false,true,true,false,,"[]",true,"",{},currency-usd-comma-decimal,,true,false,"[]",,"[]",{},2026-03-20 10:10:41.079,2026-03-27 05:21:53.417,,Calendar Year.Gross Margin Dollar.Current,Gross Margin($).Calendar Year.Current,gross_margin_dollar.calendar_year.current,true,gross_margin_dollar,CALENDAR_YEAR
1079,float8,"","[]",{},false,false,false,true,true,false,,"[]",true,"",{},currency-usd-comma-decimal,,true,false,"[]",,"[]",{},2026-03-20 10:10:41.079,2026-03-27 05:21:53.417,,Calendar Year.Gross Margin Dollar.IA Recommended,Gross Margin($).Calendar Year.IA Recommended,gross_margin_dollar.calendar_year.ia_recommended,true,gross_margin_dollar,CALENDAR_YEAR
1080,float8,"","[]",{},false,false,false,true,true,false,,"[]",true,"",{},currency-usd-comma-decimal,,true,false,"[]",,"[]",{},2026-03-20 10:10:41.079,2026-03-27 05:21:53.417,,Calendar Year.Gross Margin Dollar.Finalized,Gross Margin($).Calendar Year.Finalized,gross_margin_dollar.calendar_year.finalized,true,gross_margin_dollar,CALENDAR_YEAR
1081,float8,"","[]",{},false,false,false,true,true,false,,"[]",true,"",{},currency-usd-comma-decimal,,true,false,"[]",,"[]",{},2026-03-20 10:10:41.079,2026-03-27 05:21:53.417,,Calendar Year.Gross Margin Dollar.Actuals,Gross Margin($).Calendar Year.Actuals,gross_margin_dollar.calendar_year.actuals,true,gross_margin_dollar,CALENDAR_YEAR
1082,float8,"","[]",{},false,false,false,true,true,false,,"[]",true,"",{},currency-usd-comma-decimal,,true,false,"[]",,"[]",{},2026-03-20 10:10:41.079,2026-03-27 05:21:53.417,,Fiscal Year Q1.Gross Margin Dollar.Current,Gross Margin($).Fiscal Year Q1.Current,gross_margin_dollar.fiscal_year_q1.current,true,gross_margin_dollar,FISCAL_YEAR_Q1
1083,float8,"","[]",{},false,false,false,true,true,false,,"[]",true,"",{},currency-usd-comma-decimal,,true,false,"[]",,"[]",{},2026-03-20 10:10:41.079,2026-03-27 05:21:53.417,,Fiscal Year Q1.Gross Margin Dollar.IA Recommended,Gross Margin($).Fiscal Year Q1.IA Recommended,gross_margin_dollar.fiscal_year_q1.ia_recommended,true,gross_margin_dollar,FISCAL_YEAR_Q1
1084,float8,"","[]",{},false,false,false,true,true,false,,"[]",true,"",{},currency-usd-comma-decimal,,true,false,"[]",,"[]",{},2026-03-20 10:10:41.079,2026-03-27 05:21:53.417,,Fiscal Year Q1.Gross Margin Dollar.Finalized,Gross Margin($).Fiscal Year Q1.Finalized,gross_margin_dollar.fiscal_year_q1.finalized,true,gross_margin_dollar,FISCAL_YEAR_Q1
1085,float8,"","[]",{},false,false,false,true,true,false,,"[]",true,"",{},currency-usd-comma-decimal,,true,false,"[]",,"[]",{},2026-03-20 10:10:41.079,2026-03-27 05:21:53.417,,Fiscal Year Q1.Gross Margin Dollar.Actuals,Gross Margin($).Fiscal Year Q1.Actuals,gross_margin_dollar.fiscal_year_q1.actuals,true,gross_margin_dollar,FISCAL_YEAR_Q1
1086,float8,"","[]",{},false,false,false,true,true,false,,"[]",true,"",{},currency-usd-comma-decimal,,true,false,"[]",,"[]",{},2026-03-20 10:10:41.079,2026-03-27 05:21:53.417,,Fiscal Year Q2.Gross Margin Dollar.Current,Gross Margin($).Fiscal Year Q2.Current,gross_margin_dollar.fiscal_year_q2.current,true,gross_margin_dollar,FISCAL_YEAR_Q2
1087,float8,"","[]",{},false,false,false,true,true,false,,"[]",true,"",{},currency-usd-comma-decimal,,true,false,"[]",,"[]",{},2026-03-20 10:10:41.079,2026-03-27 05:21:53.417,,Fiscal Year Q2.Gross Margin Dollar.IA Recommended,Gross Margin($).Fiscal Year Q2.IA Recommended,gross_margin_dollar.fiscal_year_q2.ia_recommended,true,gross_margin_dollar,FISCAL_YEAR_Q2
1088,float8,"","[]",{},false,false,false,true,true,false,,"[]",true,"",{},currency-usd-comma-decimal,,true,false,"[]",,"[]",{},2026-03-20 10:10:41.079,2026-03-27 05:21:53.417,,Fiscal Year Q2.Gross Margin Dollar.Finalized,Gross Margin($).Fiscal Year Q2.Finalized,gross_margin_dollar.fiscal_year_q2.finalized,true,gross_margin_dollar,FISCAL_YEAR_Q2
1089,float8,"","[]",{},false,false,false,true,true,false,,"[]",true,"",{},currency-usd-comma-decimal,,true,false,"[]",,"[]",{},2026-03-20 10:10:41.079,2026-03-27 05:21:53.417,,Fiscal Year Q2.Gross Margin Dollar.Actuals,Gross Margin($).Fiscal Year Q2.Actuals,gross_margin_dollar.fiscal_year_q2.actuals,true,gross_margin_dollar,FISCAL_YEAR_Q2
1090,float8,"","[]",{},false,false,false,true,true,false,,"[]",true,"",{},currency-usd-comma-decimal,,true,false,"[]",,"[]",{},2026-03-20 10:10:41.079,2026-03-27 05:21:53.417,,Fiscal Year Q3.Gross Margin Dollar.Current,Gross Margin($).Fiscal Year Q3.Current,gross_margin_dollar.fiscal_year_q3.current,true,gross_margin_dollar,FISCAL_YEAR_Q3
1091,float8,"","[]",{},false,false,false,true,true,false,,"[]",true,"",{},currency-usd-comma-decimal,,true,false,"[]",,"[]",{},2026-03-20 10:10:41.079,2026-03-27 05:21:53.417,,Fiscal Year Q3.Gross Margin Dollar.IA Recommended,Gross Margin($).Fiscal Year Q3.IA Recommended,gross_margin_dollar.fiscal_year_q3.ia_recommended,true,gross_margin_dollar,FISCAL_YEAR_Q3
1092,float8,"","[]",{},false,false,false,true,true,false,,"[]",true,"",{},currency-usd-comma-decimal,,true,false,"[]",,"[]",{},2026-03-20 10:10:41.079,2026-03-27 05:21:53.417,,Fiscal Year Q3.Gross Margin Dollar.Finalized,Gross Margin($).Fiscal Year Q3.Finalized,gross_margin_dollar.fiscal_year_q3.finalized,true,gross_margin_dollar,FISCAL_YEAR_Q3
1093,float8,"","[]",{},false,false,false,true,true,false,,"[]",true,"",{},currency-usd-comma-decimal,,true,false,"[]",,"[]",{},2026-03-20 10:10:41.079,2026-03-27 05:21:53.417,,Fiscal Year Q3.Gross Margin Dollar.Actuals,Gross Margin($).Fiscal Year Q3.Actuals,gross_margin_dollar.fiscal_year_q3.actuals,true,gross_margin_dollar,FISCAL_YEAR_Q3
1094,float8,"","[]",{},false,false,false,true,true,false,,"[]",true,"",{},currency-usd-comma-decimal,,true,false,"[]",,"[]",{},2026-03-20 10:10:41.079,2026-03-27 05:21:53.417,,Fiscal Year Q4.Gross Margin Dollar.Current,Gross Margin($).Fiscal Year Q4.Current,gross_margin_dollar.fiscal_year_q4.current,true,gross_margin_dollar,FISCAL_YEAR_Q4
1095,float8,"","[]",{},false,false,false,true,true,false,,"[]",true,"",{},currency-usd-comma-decimal,,true,false,"[]",,"[]",{},2026-03-20 10:10:41.079,2026-03-27 05:21:53.417,,Fiscal Year Q4.Gross Margin Dollar.IA Recommended,Gross Margin($).Fiscal Year Q4.IA Recommended,gross_margin_dollar.fiscal_year_q4.ia_recommended,true,gross_margin_dollar,FISCAL_YEAR_Q4
1096,float8,"","[]",{},false,false,false,true,true,false,,"[]",true,"",{},currency-usd-comma-decimal,,true,false,"[]",,"[]",{},2026-03-20 10:10:41.079,2026-03-27 05:21:53.417,,Fiscal Year Q4.Gross Margin Dollar.Finalized,Gross Margin($).Fiscal Year Q4.Finalized,gross_margin_dollar.fiscal_year_q4.finalized,true,gross_margin_dollar,FISCAL_YEAR_Q4
1097,float8,"","[]",{},false,false,false,true,true,false,,"[]",true,"",{},currency-usd-comma-decimal,,true,false,"[]",,"[]",{},2026-03-20 10:10:41.079,2026-03-27 05:21:53.417,,Fiscal Year Q4.Gross Margin Dollar.Actuals,Gross Margin($).Fiscal Year Q4.Actuals,gross_margin_dollar.fiscal_year_q4.actuals,true,gross_margin_dollar,FISCAL_YEAR_Q4
1098,float8,"","[]",{},false,false,false,true,true,false,,"[]",true,"",{},percentage-decimal,,true,false,"[]",,"[]",{},2026-03-20 10:10:52.931,2026-03-27 05:21:54.302,,Strategy Period.Gross Margin %.Current,Gross Margin(%).Strategy Period.Current,gross_margin_percentage.strategy_period.current,true,gross_margin_percentage,CURRENT_STRATEGY_PERIOD
1099,float8,"","[]",{},false,false,false,true,true,false,,"[]",true,"",{},percentage-decimal,,true,false,"[]",,"[]",{},2026-03-20 10:10:52.931,2026-03-27 05:21:54.302,,Strategy Period.Gross Margin %.IA Recommended,Gross Margin(%).Strategy Period.IA Recommended,gross_margin_percentage.strategy_period.ia_recommended,true,gross_margin_percentage,CURRENT_STRATEGY_PERIOD
1100,float8,"","[]",{},false,false,false,true,true,false,,"[]",true,"",{},percentage-decimal,,true,false,"[]",,"[]",{},2026-03-20 10:10:52.931,2026-03-27 05:21:54.302,,Strategy Period.Gross Margin %.Finalized,Gross Margin(%).Strategy Period.Finalized,gross_margin_percentage.strategy_period.finalized,true,gross_margin_percentage,CURRENT_STRATEGY_PERIOD
1101,float8,"","[]",{},false,false,false,true,true,false,,"[]",true,"",{},percentage-decimal,,true,false,"[]",,"[]",{},2026-03-20 10:10:52.931,2026-03-27 05:21:54.302,,Strategy Period.Gross Margin %.Actuals,Gross Margin(%).Strategy Period.Actuals,gross_margin_percentage.strategy_period.actuals,true,gross_margin_percentage,CURRENT_STRATEGY_PERIOD
1102,float8,"","[]",{},false,false,false,true,true,false,,"[]",true,"",{},percentage-decimal,,true,false,"[]",,"[]",{},2026-03-20 10:10:52.931,2026-03-27 05:21:54.302,,Fiscal Year.Gross Margin %.Current,Gross Margin(%).Fiscal Year.Current,gross_margin_percentage.fiscal_year.current,true,gross_margin_percentage,FISCAL_YEAR
1103,float8,"","[]",{},false,false,false,true,true,false,,"[]",true,"",{},percentage-decimal,,true,false,"[]",,"[]",{},2026-03-20 10:10:52.931,2026-03-27 05:21:54.302,,Fiscal Year.Gross Margin %.IA Recommended,Gross Margin(%).Fiscal Year.IA Recommended,gross_margin_percentage.fiscal_year.ia_recommended,true,gross_margin_percentage,FISCAL_YEAR
1104,float8,"","[]",{},false,false,false,true,true,false,,"[]",true,"",{},percentage-decimal,,true,false,"[]",,"[]",{},2026-03-20 10:10:52.931,2026-03-27 05:21:54.302,,Fiscal Year.Gross Margin %.Finalized,Gross Margin(%).Fiscal Year.Finalized,gross_margin_percentage.fiscal_year.finalized,true,gross_margin_percentage,FISCAL_YEAR
1105,float8,"","[]",{},false,false,false,true,true,false,,"[]",true,"",{},percentage-decimal,,true,false,"[]",,"[]",{},2026-03-20 10:10:52.931,2026-03-27 05:21:54.302,,Fiscal Year.Gross Margin %.Actuals,Gross Margin(%).Fiscal Year.Actuals,gross_margin_percentage.fiscal_year.actuals,true,gross_margin_percentage,FISCAL_YEAR
1106,float8,"","[]",{},false,false,false,true,true,false,,"[]",true,"",{},percentage-decimal,,true,false,"[]",,"[]",{},2026-03-20 10:10:52.931,2026-03-27 05:21:54.302,,Calendar Year.Gross Margin %.Current,Gross Margin(%).Calendar Year.Current,gross_margin_percentage.calendar_year.current,true,gross_margin_percentage,CALENDAR_YEAR
1107,float8,"","[]",{},false,false,false,true,true,false,,"[]",true,"",{},percentage-decimal,,true,false,"[]",,"[]",{},2026-03-20 10:10:52.931,2026-03-27 05:21:54.302,,Calendar Year.Gross Margin %.IA Recommended,Gross Margin(%).Calendar Year.IA Recommended,gross_margin_percentage.calendar_year.ia_recommended,true,gross_margin_percentage,CALENDAR_YEAR
1108,float8,"","[]",{},false,false,false,true,true,false,,"[]",true,"",{},percentage-decimal,,true,false,"[]",,"[]",{},2026-03-20 10:10:52.931,2026-03-27 05:21:54.302,,Calendar Year.Gross Margin %.Finalized,Gross Margin(%).Calendar Year.Finalized,gross_margin_percentage.calendar_year.finalized,true,gross_margin_percentage,CALENDAR_YEAR
1109,float8,"","[]",{},false,false,false,true,true,false,,"[]",true,"",{},percentage-decimal,,true,false,"[]",,"[]",{},2026-03-20 10:10:52.931,2026-03-27 05:21:54.302,,Calendar Year.Gross Margin %.Actuals,Gross Margin(%).Calendar Year.Actuals,gross_margin_percentage.calendar_year.actuals,true,gross_margin_percentage,CALENDAR_YEAR
1110,float8,"","[]",{},false,false,false,true,true,false,,"[]",true,"",{},percentage-decimal,,true,false,"[]",,"[]",{},2026-03-20 10:10:52.931,2026-03-27 05:21:54.302,,Fiscal Year Q1.Gross Margin %.Current,Gross Margin(%).Fiscal Year Q1.Current,gross_margin_percentage.fiscal_year_q1.current,true,gross_margin_percentage,FISCAL_YEAR_Q1
1111,float8,"","[]",{},false,false,false,true,true,false,,"[]",true,"",{},percentage-decimal,,true,false,"[]",,"[]",{},2026-03-20 10:10:52.931,2026-03-27 05:21:54.302,,Fiscal Year Q1.Gross Margin %.IA Recommended,Gross Margin(%).Fiscal Year Q1.IA Recommended,gross_margin_percentage.fiscal_year_q1.ia_recommended,true,gross_margin_percentage,FISCAL_YEAR_Q1
1112,float8,"","[]",{},false,false,false,true,true,false,,"[]",true,"",{},percentage-decimal,,true,false,"[]",,"[]",{},2026-03-20 10:10:52.931,2026-03-27 05:21:54.302,,Fiscal Year Q1.Gross Margin %.Finalized,Gross Margin(%).Fiscal Year Q1.Finalized,gross_margin_percentage.fiscal_year_q1.finalized,true,gross_margin_percentage,FISCAL_YEAR_Q1
1113,float8,"","[]",{},false,false,false,true,true,false,,"[]",true,"",{},percentage-decimal,,true,false,"[]",,"[]",{},2026-03-20 10:10:52.931,2026-03-27 05:21:54.302,,Fiscal Year Q1.Gross Margin %.Actuals,Gross Margin(%).Fiscal Year Q1.Actuals,gross_margin_percentage.fiscal_year_q1.actuals,true,gross_margin_percentage,FISCAL_YEAR_Q1
1114,float8,"","[]",{},false,false,false,true,true,false,,"[]",true,"",{},percentage-decimal,,true,false,"[]",,"[]",{},2026-03-20 10:10:52.931,2026-03-27 05:21:54.302,,Fiscal Year Q2.Gross Margin %.Current,Gross Margin(%).Fiscal Year Q2.Current,gross_margin_percentage.fiscal_year_q2.current,true,gross_margin_percentage,FISCAL_YEAR_Q2
1115,float8,"","[]",{},false,false,false,true,true,false,,"[]",true,"",{},percentage-decimal,,true,false,"[]",,"[]",{},2026-03-20 10:10:52.931,2026-03-27 05:21:54.302,,Fiscal Year Q2.Gross Margin %.IA Recommended,Gross Margin(%).Fiscal Year Q2.IA Recommended,gross_margin_percentage.fiscal_year_q2.ia_recommended,true,gross_margin_percentage,FISCAL_YEAR_Q2
1116,float8,"","[]",{},false,false,false,true,true,false,,"[]",true,"",{},percentage-decimal,,true,false,"[]",,"[]",{},2026-03-20 10:10:52.931,2026-03-27 05:21:54.302,,Fiscal Year Q2.Gross Margin %.Finalized,Gross Margin(%).Fiscal Year Q2.Finalized,gross_margin_percentage.fiscal_year_q2.finalized,true,gross_margin_percentage,FISCAL_YEAR_Q2
1117,float8,"","[]",{},false,false,false,true,true,false,,"[]",true,"",{},percentage-decimal,,true,false,"[]",,"[]",{},2026-03-20 10:10:52.931,2026-03-27 05:21:54.302,,Fiscal Year Q2.Gross Margin %.Actuals,Gross Margin(%).Fiscal Year Q2.Actuals,gross_margin_percentage.fiscal_year_q2.actuals,true,gross_margin_percentage,FISCAL_YEAR_Q2
1118,float8,"","[]",{},false,false,false,true,true,false,,"[]",true,"",{},percentage-decimal,,true,false,"[]",,"[]",{},2026-03-20 10:10:52.931,2026-03-27 05:21:54.302,,Fiscal Year Q3.Gross Margin %.Current,Gross Margin(%).Fiscal Year Q3.Current,gross_margin_percentage.fiscal_year_q3.current,true,gross_margin_percentage,FISCAL_YEAR_Q3
1119,float8,"","[]",{},false,false,false,true,true,false,,"[]",true,"",{},percentage-decimal,,true,false,"[]",,"[]",{},2026-03-20 10:10:52.931,2026-03-27 05:21:54.302,,Fiscal Year Q3.Gross Margin %.IA Recommended,Gross Margin(%).Fiscal Year Q3.IA Recommended,gross_margin_percentage.fiscal_year_q3.ia_recommended,true,gross_margin_percentage,FISCAL_YEAR_Q3
1120,float8,"","[]",{},false,false,false,true,true,false,,"[]",true,"",{},percentage-decimal,,true,false,"[]",,"[]",{},2026-03-20 10:10:52.931,2026-03-27 05:21:54.302,,Fiscal Year Q3.Gross Margin %.Finalized,Gross Margin(%).Fiscal Year Q3.Finalized,gross_margin_percentage.fiscal_year_q3.finalized,true,gross_margin_percentage,FISCAL_YEAR_Q3
1121,float8,"","[]",{},false,false,false,true,true,false,,"[]",true,"",{},percentage-decimal,,true,false,"[]",,"[]",{},2026-03-20 10:10:52.931,2026-03-27 05:21:54.302,,Fiscal Year Q3.Gross Margin %.Actuals,Gross Margin(%).Fiscal Year Q3.Actuals,gross_margin_percentage.fiscal_year_q3.actuals,true,gross_margin_percentage,FISCAL_YEAR_Q3
1122,float8,"","[]",{},false,false,false,true,true,false,,"[]",true,"",{},percentage-decimal,,true,false,"[]",,"[]",{},2026-03-20 10:10:52.931,2026-03-27 05:21:54.302,,Fiscal Year Q4.Gross Margin %.Current,Gross Margin(%).Fiscal Year Q4.Current,gross_margin_percentage.fiscal_year_q4.current,true,gross_margin_percentage,FISCAL_YEAR_Q4
1123,float8,"","[]",{},false,false,false,true,true,false,,"[]",true,"",{},percentage-decimal,,true,false,"[]",,"[]",{},2026-03-20 10:10:52.931,2026-03-27 05:21:54.302,,Fiscal Year Q4.Gross Margin %.IA Recommended,Gross Margin(%).Fiscal Year Q4.IA Recommended,gross_margin_percentage.fiscal_year_q4.ia_recommended,true,gross_margin_percentage,FISCAL_YEAR_Q4
1124,float8,"","[]",{},false,false,false,true,true,false,,"[]",true,"",{},percentage-decimal,,true,false,"[]",,"[]",{},2026-03-20 10:10:52.931,2026-03-27 05:21:54.302,,Fiscal Year Q4.Gross Margin %.Finalized,Gross Margin(%).Fiscal Year Q4.Finalized,gross_margin_percentage.fiscal_year_q4.finalized,true,gross_margin_percentage,FISCAL_YEAR_Q4
1125,float8,"","[]",{},false,false,false,true,true,false,,"[]",true,"",{},percentage-decimal,,true,false,"[]",,"[]",{},2026-03-20 10:10:52.931,2026-03-27 05:21:54.302,,Fiscal Year Q4.Gross Margin %.Actuals,Gross Margin(%).Fiscal Year Q4.Actuals,gross_margin_percentage.fiscal_year_q4.actuals,true,gross_margin_percentage,FISCAL_YEAR_Q4
1126,float8,"","[]",{},false,false,false,true,true,false,,"[]",true,"",{},currency-usd-comma-decimal,,true,false,"[]",,"[]",{},2026-03-20 10:10:52.931,2026-03-27 05:21:55.237,,Strategy Period.AUM.Current,AUM($).Strategy Period.Current,aum.strategy_period.current,true,aum,CURRENT_STRATEGY_PERIOD
1127,float8,"","[]",{},false,false,false,true,true,false,,"[]",true,"",{},currency-usd-comma-decimal,,true,false,"[]",,"[]",{},2026-03-20 10:10:52.931,2026-03-27 05:21:55.237,,Strategy Period.AUM.IA Recommended,AUM($).Strategy Period.IA Recommended,aum.strategy_period.ia_recommended,true,aum,CURRENT_STRATEGY_PERIOD
1128,float8,"","[]",{},false,false,false,true,true,false,,"[]",true,"",{},currency-usd-comma-decimal,,true,false,"[]",,"[]",{},2026-03-20 10:10:52.931,2026-03-27 05:21:55.237,,Strategy Period.AUM.Finalized,AUM($).Strategy Period.Finalized,aum.strategy_period.finalized,true,aum,CURRENT_STRATEGY_PERIOD
1129,float8,"","[]",{},false,false,false,true,true,false,,"[]",true,"",{},currency-usd-comma-decimal,,true,false,"[]",,"[]",{},2026-03-20 10:10:52.931,2026-03-27 05:21:55.237,,Strategy Period.AUM.Actuals,AUM($).Strategy Period.Actuals,aum.strategy_period.actuals,true,aum,CURRENT_STRATEGY_PERIOD
1130,float8,"","[]",{},false,false,false,true,true,false,,"[]",true,"",{},currency-usd-comma-decimal,,true,false,"[]",,"[]",{},2026-03-20 10:10:52.931,2026-03-27 05:21:55.237,,Fiscal Year.AUM.Current,AUM($).Fiscal Year.Current,aum.fiscal_year.current,true,aum,FISCAL_YEAR
1131,float8,"","[]",{},false,false,false,true,true,false,,"[]",true,"",{},currency-usd-comma-decimal,,true,false,"[]",,"[]",{},2026-03-20 10:10:52.931,2026-03-27 05:21:55.237,,Fiscal Year.AUM.IA Recommended,AUM($).Fiscal Year.IA Recommended,aum.fiscal_year.ia_recommended,true,aum,FISCAL_YEAR
1132,float8,"","[]",{},false,false,false,true,true,false,,"[]",true,"",{},currency-usd-comma-decimal,,true,false,"[]",,"[]",{},2026-03-20 10:10:52.931,2026-03-27 05:21:55.237,,Fiscal Year.AUM.Finalized,AUM($).Fiscal Year.Finalized,aum.fiscal_year.finalized,true,aum,FISCAL_YEAR
1133,float8,"","[]",{},false,false,false,true,true,false,,"[]",true,"",{},currency-usd-comma-decimal,,true,false,"[]",,"[]",{},2026-03-20 10:10:52.931,2026-03-27 05:21:55.237,,Fiscal Year.AUM.Actuals,AUM($).Fiscal Year.Actuals,aum.fiscal_year.actuals,true,aum,FISCAL_YEAR
1134,float8,"","[]",{},false,false,false,true,true,false,,"[]",true,"",{},currency-usd-comma-decimal,,true,false,"[]",,"[]",{},2026-03-20 10:10:52.931,2026-03-27 05:21:55.237,,Calendar Year.AUM.Current,AUM($).Calendar Year.Current,aum.calendar_year.current,true,aum,CALENDAR_YEAR
1135,float8,"","[]",{},false,false,false,true,true,false,,"[]",true,"",{},currency-usd-comma-decimal,,true,false,"[]",,"[]",{},2026-03-20 10:10:52.931,2026-03-27 05:21:55.237,,Calendar Year.AUM.IA Recommended,AUM($).Calendar Year.IA Recommended,aum.calendar_year.ia_recommended,true,aum,CALENDAR_YEAR
1136,float8,"","[]",{},false,false,false,true,true,false,,"[]",true,"",{},currency-usd-comma-decimal,,true,false,"[]",,"[]",{},2026-03-20 10:10:52.931,2026-03-27 05:21:55.237,,Calendar Year.AUM.Finalized,AUM($).Calendar Year.Finalized,aum.calendar_year.finalized,true,aum,CALENDAR_YEAR
1137,float8,"","[]",{},false,false,false,true,true,false,,"[]",true,"",{},currency-usd-comma-decimal,,true,false,"[]",,"[]",{},2026-03-20 10:10:52.931,2026-03-27 05:21:55.237,,Calendar Year.AUM.Actuals,AUM($).Calendar Year.Actuals,aum.calendar_year.actuals,true,aum,CALENDAR_YEAR
1138,float8,"","[]",{},false,false,false,true,true,false,,"[]",true,"",{},currency-usd-comma-decimal,,true,false,"[]",,"[]",{},2026-03-20 10:10:52.931,2026-03-27 05:21:55.237,,Fiscal Year Q1.AUM.Current,AUM($).Fiscal Year Q1.Current,aum.fiscal_year_q1.current,true,aum,FISCAL_YEAR_Q1
1139,float8,"","[]",{},false,false,false,true,true,false,,"[]",true,"",{},currency-usd-comma-decimal,,true,false,"[]",,"[]",{},2026-03-20 10:10:52.931,2026-03-27 05:21:55.237,,Fiscal Year Q1.AUM.IA Recommended,AUM($).Fiscal Year Q1.IA Recommended,aum.fiscal_year_q1.ia_recommended,true,aum,FISCAL_YEAR_Q1
1140,float8,"","[]",{},false,false,false,true,true,false,,"[]",true,"",{},currency-usd-comma-decimal,,true,false,"[]",,"[]",{},2026-03-20 10:10:52.931,2026-03-27 05:21:55.237,,Fiscal Year Q1.AUM.Finalized,AUM($).Fiscal Year Q1.Finalized,aum.fiscal_year_q1.finalized,true,aum,FISCAL_YEAR_Q1
1141,float8,"","[]",{},false,false,false,true,true,false,,"[]",true,"",{},currency-usd-comma-decimal,,true,false,"[]",,"[]",{},2026-03-20 10:10:52.931,2026-03-27 05:21:55.237,,Fiscal Year Q1.AUM.Actuals,AUM($).Fiscal Year Q1.Actuals,aum.fiscal_year_q1.actuals,true,aum,FISCAL_YEAR_Q1
1142,float8,"","[]",{},false,false,false,true,true,false,,"[]",true,"",{},currency-usd-comma-decimal,,true,false,"[]",,"[]",{},2026-03-20 10:10:52.931,2026-03-27 05:21:55.237,,Fiscal Year Q2.AUM.Current,AUM($).Fiscal Year Q2.Current,aum.fiscal_year_q2.current,true,aum,FISCAL_YEAR_Q2
1143,float8,"","[]",{},false,false,false,true,true,false,,"[]",true,"",{},currency-usd-comma-decimal,,true,false,"[]",,"[]",{},2026-03-20 10:10:52.931,2026-03-27 05:21:55.237,,Fiscal Year Q2.AUM.IA Recommended,AUM($).Fiscal Year Q2.IA Recommended,aum.fiscal_year_q2.ia_recommended,true,aum,FISCAL_YEAR_Q2
1144,float8,"","[]",{},false,false,false,true,true,false,,"[]",true,"",{},currency-usd-comma-decimal,,true,false,"[]",,"[]",{},2026-03-20 10:10:52.931,2026-03-27 05:21:55.237,,Fiscal Year Q2.AUM.Finalized,AUM($).Fiscal Year Q2.Finalized,aum.fiscal_year_q2.finalized,true,aum,FISCAL_YEAR_Q2
1145,float8,"","[]",{},false,false,false,true,true,false,,"[]",true,"",{},currency-usd-comma-decimal,,true,false,"[]",,"[]",{},2026-03-20 10:10:52.931,2026-03-27 05:21:55.237,,Fiscal Year Q2.AUM.Actuals,AUM($).Fiscal Year Q2.Actuals,aum.fiscal_year_q2.actuals,true,aum,FISCAL_YEAR_Q2
1146,float8,"","[]",{},false,false,false,true,true,false,,"[]",true,"",{},currency-usd-comma-decimal,,true,false,"[]",,"[]",{},2026-03-20 10:10:52.931,2026-03-27 05:21:55.237,,Fiscal Year Q3.AUM.Current,AUM($).Fiscal Year Q3.Current,aum.fiscal_year_q3.current,true,aum,FISCAL_YEAR_Q3
1147,float8,"","[]",{},false,false,false,true,true,false,,"[]",true,"",{},currency-usd-comma-decimal,,true,false,"[]",,"[]",{},2026-03-20 10:10:52.931,2026-03-27 05:21:55.237,,Fiscal Year Q3.AUM.IA Recommended,AUM($).Fiscal Year Q3.IA Recommended,aum.fiscal_year_q3.ia_recommended,true,aum,FISCAL_YEAR_Q3
1148,float8,"","[]",{},false,false,false,true,true,false,,"[]",true,"",{},currency-usd-comma-decimal,,true,false,"[]",,"[]",{},2026-03-20 10:10:52.931,2026-03-27 05:21:55.237,,Fiscal Year Q3.AUM.Finalized,AUM($).Fiscal Year Q3.Finalized,aum.fiscal_year_q3.finalized,true,aum,FISCAL_YEAR_Q3
1149,float8,"","[]",{},false,false,false,true,true,false,,"[]",true,"",{},currency-usd-comma-decimal,,true,false,"[]",,"[]",{},2026-03-20 10:10:52.931,2026-03-27 05:21:55.237,,Fiscal Year Q3.AUM.Actuals,AUM($).Fiscal Year Q3.Actuals,aum.fiscal_year_q3.actuals,true,aum,FISCAL_YEAR_Q3
1150,float8,"","[]",{},false,false,false,true,true,false,,"[]",true,"",{},currency-usd-comma-decimal,,true,false,"[]",,"[]",{},2026-03-20 10:10:52.931,2026-03-27 05:21:55.237,,Fiscal Year Q4.AUM.Current,AUM($).Fiscal Year Q4.Current,aum.fiscal_year_q4.current,true,aum,FISCAL_YEAR_Q4
1151,float8,"","[]",{},false,false,false,true,true,false,,"[]",true,"",{},currency-usd-comma-decimal,,true,false,"[]",,"[]",{},2026-03-20 10:10:52.931,2026-03-27 05:21:55.237,,Fiscal Year Q4.AUM.IA Recommended,AUM($).Fiscal Year Q4.IA Recommended,aum.fiscal_year_q4.ia_recommended,true,aum,FISCAL_YEAR_Q4
1152,float8,"","[]",{},false,false,false,true,true,false,,"[]",true,"",{},currency-usd-comma-decimal,,true,false,"[]",,"[]",{},2026-03-20 10:10:52.931,2026-03-27 05:21:55.237,,Fiscal Year Q4.AUM.Finalized,AUM($).Fiscal Year Q4.Finalized,aum.fiscal_year_q4.finalized,true,aum,FISCAL_YEAR_Q4
1153,float8,"","[]",{},false,false,false,true,true,false,,"[]",true,"",{},currency-usd-comma-decimal,,true,false,"[]",,"[]",{},2026-03-20 10:10:52.931,2026-03-27 05:21:55.237,,Fiscal Year Q4.AUM.Actuals,AUM($).Fiscal Year Q4.Actuals,aum.fiscal_year_q4.actuals,true,aum,FISCAL_YEAR_Q4
1154,float8,"","[]",{},false,false,false,true,true,false,,"[]",true,"",{},currency-usd-comma-decimal,,true,false,"[]",,"[]",{},2026-03-20 10:11:02.660,2026-03-27 05:21:56.113,,Strategy Period.ASP.Current,ASP($).Strategy Period.Current,asp.strategy_period.current,true,asp,CURRENT_STRATEGY_PERIOD
1155,float8,"","[]",{},false,false,false,true,true,false,,"[]",true,"",{},currency-usd-comma-decimal,,true,false,"[]",,"[]",{},2026-03-20 10:11:02.660,2026-03-27 05:21:56.113,,Strategy Period.ASP.IA Recommended,ASP($).Strategy Period.IA Recommended,asp.strategy_period.ia_recommended,true,asp,CURRENT_STRATEGY_PERIOD
1156,float8,"","[]",{},false,false,false,true,true,false,,"[]",true,"",{},currency-usd-comma-decimal,,true,false,"[]",,"[]",{},2026-03-20 10:11:02.660,2026-03-27 05:21:56.113,,Strategy Period.ASP.Finalized,ASP($).Strategy Period.Finalized,asp.strategy_period.finalized,true,asp,CURRENT_STRATEGY_PERIOD
1157,float8,"","[]",{},false,false,false,true,true,false,,"[]",true,"",{},currency-usd-comma-decimal,,true,false,"[]",,"[]",{},2026-03-20 10:11:02.660,2026-03-27 05:21:56.113,,Strategy Period.ASP.Actuals,ASP($).Strategy Period.Actuals,asp.strategy_period.actuals,true,asp,CURRENT_STRATEGY_PERIOD
1158,float8,"","[]",{},false,false,false,true,true,false,,"[]",true,"",{},currency-usd-comma-decimal,,true,false,"[]",,"[]",{},2026-03-20 10:11:02.660,2026-03-27 05:21:56.113,,Fiscal Year.ASP.Current,ASP($).Fiscal Year.Current,asp.fiscal_year.current,true,asp,FISCAL_YEAR
1159,float8,"","[]",{},false,false,false,true,true,false,,"[]",true,"",{},currency-usd-comma-decimal,,true,false,"[]",,"[]",{},2026-03-20 10:11:02.660,2026-03-27 05:21:56.113,,Fiscal Year.ASP.IA Recommended,ASP($).Fiscal Year.IA Recommended,asp.fiscal_year.ia_recommended,true,asp,FISCAL_YEAR
1160,float8,"","[]",{},false,false,false,true,true,false,,"[]",true,"",{},currency-usd-comma-decimal,,true,false,"[]",,"[]",{},2026-03-20 10:11:02.660,2026-03-27 05:21:56.113,,Fiscal Year.ASP.Finalized,ASP($).Fiscal Year.Finalized,asp.fiscal_year.finalized,true,asp,FISCAL_YEAR
1161,float8,"","[]",{},false,false,false,true,true,false,,"[]",true,"",{},currency-usd-comma-decimal,,true,false,"[]",,"[]",{},2026-03-20 10:11:02.660,2026-03-27 05:21:56.113,,Fiscal Year.ASP.Actuals,ASP($).Fiscal Year.Actuals,asp.fiscal_year.actuals,true,asp,FISCAL_YEAR
1162,float8,"","[]",{},false,false,false,true,true,false,,"[]",true,"",{},currency-usd-comma-decimal,,true,false,"[]",,"[]",{},2026-03-20 10:11:02.660,2026-03-27 05:21:56.113,,Calendar Year.ASP.Current,ASP($).Calendar Year.Current,asp.calendar_year.current,true,asp,CALENDAR_YEAR
1163,float8,"","[]",{},false,false,false,true,true,false,,"[]",true,"",{},currency-usd-comma-decimal,,true,false,"[]",,"[]",{},2026-03-20 10:11:02.660,2026-03-27 05:21:56.113,,Calendar Year.ASP.IA Recommended,ASP($).Calendar Year.IA Recommended,asp.calendar_year.ia_recommended,true,asp,CALENDAR_YEAR
1164,float8,"","[]",{},false,false,false,true,true,false,,"[]",true,"",{},currency-usd-comma-decimal,,true,false,"[]",,"[]",{},2026-03-20 10:11:02.660,2026-03-27 05:21:56.113,,Calendar Year.ASP.Finalized,ASP($).Calendar Year.Finalized,asp.calendar_year.finalized,true,asp,CALENDAR_YEAR
1165,float8,"","[]",{},false,false,false,true,true,false,,"[]",true,"",{},currency-usd-comma-decimal,,true,false,"[]",,"[]",{},2026-03-20 10:11:02.660,2026-03-27 05:21:56.113,,Calendar Year.ASP.Actuals,ASP($).Calendar Year.Actuals,asp.calendar_year.actuals,true,asp,CALENDAR_YEAR
1166,float8,"","[]",{},false,false,false,true,true,false,,"[]",true,"",{},currency-usd-comma-decimal,,true,false,"[]",,"[]",{},2026-03-20 10:11:02.660,2026-03-27 05:21:56.113,,Fiscal Year Q1.ASP.Current,ASP($).Fiscal Year Q1.Current,asp.fiscal_year_q1.current,true,asp,FISCAL_YEAR_Q1
1167,float8,"","[]",{},false,false,false,true,true,false,,"[]",true,"",{},currency-usd-comma-decimal,,true,false,"[]",,"[]",{},2026-03-20 10:11:02.660,2026-03-27 05:21:56.113,,Fiscal Year Q1.ASP.IA Recommended,ASP($).Fiscal Year Q1.IA Recommended,asp.fiscal_year_q1.ia_recommended,true,asp,FISCAL_YEAR_Q1
1168,float8,"","[]",{},false,false,false,true,true,false,,"[]",true,"",{},currency-usd-comma-decimal,,true,false,"[]",,"[]",{},2026-03-20 10:11:02.660,2026-03-27 05:21:56.113,,Fiscal Year Q1.ASP.Finalized,ASP($).Fiscal Year Q1.Finalized,asp.fiscal_year_q1.finalized,true,asp,FISCAL_YEAR_Q1
1169,float8,"","[]",{},false,false,false,true,true,false,,"[]",true,"",{},currency-usd-comma-decimal,,true,false,"[]",,"[]",{},2026-03-20 10:11:02.660,2026-03-27 05:21:56.113,,Fiscal Year Q1.ASP.Actuals,ASP($).Fiscal Year Q1.Actuals,asp.fiscal_year_q1.actuals,true,asp,FISCAL_YEAR_Q1
1170,float8,"","[]",{},false,false,false,true,true,false,,"[]",true,"",{},currency-usd-comma-decimal,,true,false,"[]",,"[]",{},2026-03-20 10:11:02.660,2026-03-27 05:21:56.113,,Fiscal Year Q2.ASP.Current,ASP($).Fiscal Year Q2.Current,asp.fiscal_year_q2.current,true,asp,FISCAL_YEAR_Q2
1171,float8,"","[]",{},false,false,false,true,true,false,,"[]",true,"",{},currency-usd-comma-decimal,,true,false,"[]",,"[]",{},2026-03-20 10:11:02.660,2026-03-27 05:21:56.113,,Fiscal Year Q2.ASP.IA Recommended,ASP($).Fiscal Year Q2.IA Recommended,asp.fiscal_year_q2.ia_recommended,true,asp,FISCAL_YEAR_Q2
1172,float8,"","[]",{},false,false,false,true,true,false,,"[]",true,"",{},currency-usd-comma-decimal,,true,false,"[]",,"[]",{},2026-03-20 10:11:02.660,2026-03-27 05:21:56.113,,Fiscal Year Q2.ASP.Finalized,ASP($).Fiscal Year Q2.Finalized,asp.fiscal_year_q2.finalized,true,asp,FISCAL_YEAR_Q2
1173,float8,"","[]",{},false,false,false,true,true,false,,"[]",true,"",{},currency-usd-comma-decimal,,true,false,"[]",,"[]",{},2026-03-20 10:11:02.660,2026-03-27 05:21:56.113,,Fiscal Year Q2.ASP.Actuals,ASP($).Fiscal Year Q2.Actuals,asp.fiscal_year_q2.actuals,true,asp,FISCAL_YEAR_Q2
1174,float8,"","[]",{},false,false,false,true,true,false,,"[]",true,"",{},currency-usd-comma-decimal,,true,false,"[]",,"[]",{},2026-03-20 10:11:02.660,2026-03-27 05:21:56.113,,Fiscal Year Q3.ASP.Current,ASP($).Fiscal Year Q3.Current,asp.fiscal_year_q3.current,true,asp,FISCAL_YEAR_Q3
1175,float8,"","[]",{},false,false,false,true,true,false,,"[]",true,"",{},currency-usd-comma-decimal,,true,false,"[]",,"[]",{},2026-03-20 10:11:02.660,2026-03-27 05:21:56.113,,Fiscal Year Q3.ASP.IA Recommended,ASP($).Fiscal Year Q3.IA Recommended,asp.fiscal_year_q3.ia_recommended,true,asp,FISCAL_YEAR_Q3
1176,float8,"","[]",{},false,false,false,true,true,false,,"[]",true,"",{},currency-usd-comma-decimal,,true,false,"[]",,"[]",{},2026-03-20 10:11:02.660,2026-03-27 05:21:56.113,,Fiscal Year Q3.ASP.Finalized,ASP($).Fiscal Year Q3.Finalized,asp.fiscal_year_q3.finalized,true,asp,FISCAL_YEAR_Q3
1177,float8,"","[]",{},false,false,false,true,true,false,,"[]",true,"",{},currency-usd-comma-decimal,,true,false,"[]",,"[]",{},2026-03-20 10:11:02.660,2026-03-27 05:21:56.113,,Fiscal Year Q3.ASP.Actuals,ASP($).Fiscal Year Q3.Actuals,asp.fiscal_year_q3.actuals,true,asp,FISCAL_YEAR_Q3
1178,float8,"","[]",{},false,false,false,true,true,false,,"[]",true,"",{},currency-usd-comma-decimal,,true,false,"[]",,"[]",{},2026-03-20 10:11:02.660,2026-03-27 05:21:56.113,,Fiscal Year Q4.ASP.Current,ASP($).Fiscal Year Q4.Current,asp.fiscal_year_q4.current,true,asp,FISCAL_YEAR_Q4
1179,float8,"","[]",{},false,false,false,true,true,false,,"[]",true,"",{},currency-usd-comma-decimal,,true,false,"[]",,"[]",{},2026-03-20 10:11:02.660,2026-03-27 05:21:56.113,,Fiscal Year Q4.ASP.IA Recommended,ASP($).Fiscal Year Q4.IA Recommended,asp.fiscal_year_q4.ia_recommended,true,asp,FISCAL_YEAR_Q4
1180,float8,"","[]",{},false,false,false,true,true,false,,"[]",true,"",{},currency-usd-comma-decimal,,true,false,"[]",,"[]",{},2026-03-20 10:11:02.660,2026-03-27 05:21:56.113,,Fiscal Year Q4.ASP.Finalized,ASP($).Fiscal Year Q4.Finalized,asp.fiscal_year_q4.finalized,true,asp,FISCAL_YEAR_Q4
1181,float8,"","[]",{},false,false,false,true,true,false,,"[]",true,"",{},currency-usd-comma-decimal,,true,false,"[]",,"[]",{},2026-03-20 10:11:02.660,2026-03-27 05:21:56.113,,Fiscal Year Q4.ASP.Actuals,ASP($).Fiscal Year Q4.Actuals,asp.fiscal_year_q4.actuals,true,asp,FISCAL_YEAR_Q4
