attribute_code,name,attribute_type,description,status,attribute_value,application_code,user_edited,module_code
251,ecomm_store_codes,APPLICATION,ecomm_store_codes,TRUE,"{""value"": [""STB""]}",3,FALSE,
1723,master_plan_stage,APPLICATION,master plan stage options,TRUE,"{""in-season"": {""value"": [""Working Forecast"", ""Final Forecast""]}, ""pre-season"": {""value"": [""Working Plan"", ""Original Plan""]}}",4,FALSE,
1697,plan_smart_editable_kpis,APPLICATION,plan smart editable kpis,TRUE,"{""metrics"": {""editable"": {""auc"": {""lock"": ""aur"", ""label"": ""AUC"", ""formula"": ""Sales Cost/Sales Units"", ""dependent_kpi"": {""aur"": [{""label"": ""Gross Margin %"", ""value"": ""margin_per"", ""formula"": ""AUR-AUC / AUR"", ""ranking"": 1, ""formula_val"": ""(aur-auc)/aur""}, {""label"": ""COGS"", ""value"": ""cost"", ""formula"": ""Sales Unit * AUC"", ""ranking"": 1, ""formula_val"": ""qty*auc""}, {""label"": ""Gross Margin $"", ""value"": ""margin"", ""formula"": ""Margin% * Sales"", ""ranking"": 2, ""formula_val"": ""margin_per*sales""}]}, ""default_visibility"": true, ""lock_dropdown_values"": [{""label"": ""AUR"", ""value"": ""aur""}]}, ""aur"": {""lock"": ""aur"", ""label"": ""AUR"", ""formula"": ""Sales Dollars / Sales Units"", ""dependent_kpi"": {""aur"": [{""label"": ""Gross Margin %"", ""value"": ""margin_per"", ""formula"": ""AUR-AUC / AUR"", ""ranking"": 1, ""formula_val"": ""(aur-auc)/aur""}, {""label"": ""Sales $"", ""value"": ""sales"", ""formula"": ""Sales Unit * AUR"", ""ranking"": 1, ""formula_val"": ""qty*aur""}, {""label"": ""Gross Margin $"", ""value"": ""margin"", ""formula"": ""Margin% * Sales $"", ""ranking"": 2, ""formula_val"": ""margin_per*sales""}]}, ""default_visibility"": true, ""lock_dropdown_values"": [{""label"": ""AUR"", ""value"": ""aur""}]}, ""qty"": {""lock"": ""sales"", ""label"": ""Sales Units"", ""formula"": ""Sum of Units Sold"", ""dependent_kpi"": {""aur"": [{""label"": ""Gross Margin $"", ""value"": ""margin"", ""formula"": ""Margin% * Sales"", ""ranking"": 2, ""formula_val"": ""margin_per*sales""}, {""label"": ""Receipt Unit"", ""value"": ""rcpt_units"", ""formula"": ""(Sales units/ ST%) - BOH"", ""ranking"": 1, ""formula_val"": ""(qty/st_perc)-bop_units""}, {""label"": ""On Order Units (Additional)"", ""value"": ""oo_units_add"", ""formula"": ""Receipt Units - On Order Units (System)"", ""ranking"": 2, ""formula_val"": ""rcpt_units - oo_units_sys""}, {""label"": ""Receipt Cost"", ""value"": ""rcpt_cost"", ""formula"": ""Receipt Units * Receipt AUC"", ""ranking"": 2, ""formula_val"": ""rcpt_units*rcpt_auc""}, {""label"": ""COGS"", ""value"": ""cost"", ""formula"": ""Sales Unit * AUC"", ""ranking"": 1, ""formula_val"": ""qty*auc""}, {""label"": ""EOH Units"", ""value"": ""eop_units"", ""formula"": ""Receipt + BOH Units- Sales units - Adjustment Unit"", ""ranking"": 2, ""formula_val"": ""rcpt_units+bop_units-qty-adj_units""}, {""label"": ""Average Inventory"", ""value"": ""avg_inv"", ""formula"": ""(BOH units + EOH units) / 2"", ""ranking"": 3, ""formula_val"": ""(bop_units+eop_units)/2""}, {""label"": ""EOH Cost"", ""value"": ""eop_cost"", ""formula"": ""EOH units * EOP AUC"", ""ranking"": 3, ""formula_val"": ""eop_units*eop_auc""}, {""label"": ""Sales $"", ""value"": ""sales"", ""formula"": ""Sales unit * AUR"", ""ranking"": 1, ""formula_val"": ""qty*aur""}, {""label"": ""WOS"", ""value"": ""wos"", ""formula"": ""(BOH units + Receipt units) / Sales units"", ""ranking"": 2, ""formula_val"": ""(bop_units+rcpt_units)/qty""}], ""sales"": [{""label"": ""AUR"", ""value"": ""aur"", ""formula"": ""Sales$/Sales unit"", ""ranking"": 1, ""formula_val"": ""sales / qty""}, {""label"": ""COGS"", ""value"": ""cost"", ""formula"": ""Sales Unit * AUC"", ""ranking"": 1, ""formula_val"": ""qty*auc""}, {""label"": ""Receipt Unit"", ""value"": ""rcpt_units"", ""formula"": ""(Sales units/ ST%) - BOH"", ""ranking"": 1, ""formula_val"": ""(qty/st_perc)-bop_units""}, {""label"": ""On Order Units (Additional)"", ""value"": ""oo_units_add"", ""formula"": ""Receipt Units - On Order Units (System)"", ""ranking"": 2, ""formula_val"": ""rcpt_units - oo_units_sys""}, {""label"": ""Receipt Cost"", ""value"": ""rcpt_cost"", ""formula"": ""Receipt * Receipt AUC"", ""ranking"": 2, ""formula_val"": ""rcpt_units*rcpt_auc""}, {""label"": ""EOH Units"", ""value"": ""eop_units"", ""formula"": ""Receipt units + BOH - Sales units - Adjustment Unit"", ""ranking"": 2, ""formula_val"": ""rcpt_units+bop_units-qty-adj_units""}, {""label"": ""Gross Margin %"", ""value"": ""margin_per"", ""formula"": ""AUR-AUC / AUR"", ""ranking"": 2, ""formula_val"": ""(aur-auc)/aur""}, {""label"": ""Margin $"", ""value"": ""margin"", ""formula"": ""Margin% * Sales $"", ""ranking"": 3, ""formula_val"": ""margin_per*sales""}, {""label"": ""Average Inventory"", ""value"": ""avg_inv"", ""formula"": ""(BOH units + EOH units) / 2"", ""ranking"": 3, ""formula_val"": ""(bop_units+eop_units)/2""}, {""label"": ""EOH Cost"", ""value"": ""eop_cost"", ""formula"": ""EOH units * EOP AUC"", ""ranking"": 3, ""formula_val"": ""eop_units*eop_auc""}, {""label"": ""WOS"", ""value"": ""wos"", ""formula"": ""(BOH units + Receipt units) / Sales units"", ""ranking"": 2, ""formula_val"": ""(bop_units+rcpt_units)/qty""}]}, ""default_visibility"": true, ""lock_dropdown_values"": [{""label"": ""Sales $"", ""value"": ""sales""}, {""label"": ""AUR"", ""value"": ""aur""}]}, ""sales"": {""lock"": ""aur"", ""label"": ""Sales $"", ""formula"": ""Sum of Dollar Sales"", ""dependent_kpi"": {""aur"": [{""label"": ""Sales Units"", ""value"": ""qty"", ""formula"": ""Sales$/AUR"", ""ranking"": 1, ""formula_val"": ""sales/aur""}, {""label"": ""Gross Margin $"", ""value"": ""margin"", ""formula"": ""Margin% * Sales"", ""ranking"": 2, ""formula_val"": ""margin_per*sales""}, {""label"": ""COGS"", ""value"": ""cost"", ""formula"": ""Sales Unit * AUC"", ""ranking"": 2, ""formula_val"": ""qty*auc""}, {""label"": ""Receipt Units"", ""value"": ""rcpt_units"", ""formula"": ""(Sales units/ ST%) - BOH"", ""ranking"": 2, ""formula_val"": ""(qty/st_perc)-bop_units""}, {""label"": ""On Order Units (Additional)"", ""value"": ""oo_units_add"", ""formula"": ""Receipt Units - On Order Units (System)"", ""ranking"": 3, ""formula_val"": ""rcpt_units - oo_units_sys""}, {""label"": ""Receipt Cost"", ""value"": ""rcpt_cost"", ""formula"": ""Receipt Units * Receipt AUC"", ""ranking"": 3, ""formula_val"": ""rcpt_units*rcpt_auc""}, {""label"": ""EOH Units"", ""value"": ""eop_units"", ""formula"": ""Receipt + BOH - Sales units - Adjustment Unit"", ""ranking"": 3, ""formula_val"": ""rcpt_units+bop_units-qty-adj_units""}, {""label"": ""Average Inventory"", ""value"": ""avg_inv"", ""formula"": ""(BOH units + EOH units) / 2"", ""ranking"": 4, ""formula_val"": ""(bop_units+eop_units)/2""}, {""label"": ""WOS"", ""value"": ""wos"", ""formula"": ""(BOH units + Receipt units) / Sales units"", ""ranking"": 3, ""formula_val"": ""(bop_units+rcpt_units)/qty""}, {""label"": ""EOH Cost"", ""value"": ""eop_cost"", ""formula"": ""EOH units * EOP AUC"", ""ranking"": 4, ""formula_val"": ""eop_units*eop_auc""}]}, ""default_visibility"": true, ""lock_dropdown_values"": [{""label"": ""AUR"", ""value"": ""aur""}]}, ""margin"": {""lock"": ""margin"", ""label"": ""Gross Margin $"", ""formula"": ""Gross Margin $ = (Gross Sales - COGS)"", ""dependent_kpi"": {""margin"": [{""label"": ""AUR"", ""value"": ""aur"", ""formula"": ""Sales$/Sales Unit"", ""ranking"": 2, ""formula_val"": ""sales/qty""}, {""label"": ""Sales $"", ""value"": ""sales"", ""formula"": ""Gross Margin $ + COGS"", ""ranking"": 1, ""formula_val"": ""margin+cost""}, {""label"": ""Gross Margin %"", ""value"": ""margin_per"", ""formula"": ""(AUR-AUC)/AUR"", ""ranking"": 3, ""formula_val"": ""(aur-auc)/aur""}]}, ""default_visibility"": true, ""lock_dropdown_values"": [{""label"": ""Gross Margin $"", ""value"": ""margin""}]}, ""st_perc"": {""lock"": ""st_perc"", ""label"": ""Sell Through %"", ""formula"": ""Sales unit/(Sales units + EOH units)"", ""dependent_kpi"": {""st_perc"": [{""label"": ""EOH Units"", ""value"": ""eop_units"", ""formula"": ""BOH - Sales Unit + Receipts - Adjustment Units"", ""ranking"": 3, ""formula_val"": ""bop_units+rcpt_units-qty - adj_units""}, {""label"": ""Receipt Cost"", ""value"": ""rcpt_cost"", ""formula"": ""Receipts Unit * Receipts AUC"", ""ranking"": 2, ""formula_val"": ""rcpt_units*rcpt_auc""}, {""label"": ""Receipt Units"", ""value"": ""rcpt_units"", ""formula"": ""Sales unit/Sell Through % - BOH Units"", ""ranking"": 1, ""formula_val"": ""(qty/st_perc) - bop_units""}, {""label"": ""On Order Units (Additional)"", ""value"": ""oo_units_add"", ""formula"": ""Receipt Units - On Order Units (System)"", ""ranking"": 2, ""formula_val"": ""rcpt_units - oo_units_sys""}, {""label"": ""EOH Cost"", ""value"": ""eop_cost"", ""formula"": ""EOH Units *EOH AUC"", ""ranking"": 4, ""formula_val"": ""eop_units*eop_auc""}, {""label"": ""WOS"", ""value"": ""wos"", ""formula"": ""(BOH units + Receipt units) / Sales units"", ""ranking"": 2, ""formula_val"": ""(bop_units+rcpt_units)/qty""}, {""label"": ""Average Inventory"", ""value"": ""avg_inv"", ""formula"": ""(BOH units + EOH units) / 2"", ""ranking"": 4, ""formula_val"": ""(bop_units+eop_units)/2""}]}, ""default_visibility"": true, ""lock_dropdown_values"": [{""label"": ""Sell Through %"", ""value"": ""st_perc""}]}, ""bop_cost"": {""lock"": ""bop_auc"", ""label"": ""BOH Cost"", ""formula"": ""Cost of Initial Inventory Units"", ""dependent_kpi"": {""bop_auc"": [{""label"": ""Receipt Units"", ""value"": ""rcpt_units"", ""formula"": ""(Sales units/ ST%) - BOH units"", ""ranking"": 2, ""formula_val"": ""(qty/st_perc)-bop_units""}, {""label"": ""On Order Units (Additional)"", ""value"": ""oo_units_add"", ""formula"": ""Receipt Units - On Order Units (System)"", ""ranking"": 3, ""formula_val"": ""rcpt_units - oo_units_sys""}, {""label"": ""Receipt Cost"", ""value"": ""rcpt_cost"", ""formula"": ""Receipt * Receipt AUC"", ""ranking"": 3, ""formula_val"": ""rcpt_units*rcpt_auc""}, {""label"": ""BOH Units"", ""value"": ""bop_units"", ""formula"": ""BOH Cost / BOH AUC"", ""ranking"": 1, ""formula_val"": ""bop_cost/bop_auc""}, {""label"": ""WOS"", ""value"": ""wos"", ""formula"": ""(BOH units + Receipt units) / Sales units"", ""ranking"": 3, ""formula_val"": ""(bop_units+rcpt_units)/qty""}, {""label"": ""Average Inventory"", ""value"": ""avg_inv"", ""formula"": ""(BOH units + EOH units) / 2"", ""ranking"": 2, ""formula_val"": ""(bop_units+eop_units)/2""}]}, ""default_visibility"": true, ""lock_dropdown_values"": [{""label"": ""BOH AUC"", ""value"": ""bop_auc""}]}, ""adj_units"": {""lock"": ""adj_units"", ""label"": ""Inventory Adjustment Units"", ""formula"": ""Sum of Inventory Adjustment"", ""dependent_kpi"": {""adj_units"": [{""label"": ""EOH Units"", ""value"": ""eop_units"", ""formula"": ""BOH - Sales Unit + Receipts - Adjustment Units"", ""ranking"": 1, ""formula_val"": ""bop_units+rcpt_units-qty - adj_units""}, {""label"": ""Sell Through %"", ""value"": ""st_perc"", ""formula"": ""Sales units/(EOH Units + Sales units)"", ""ranking"": 2, ""formula_val"": ""qty/(eop_units+qty)""}, {""label"": ""EOH Cost"", ""value"": ""eop_cost"", ""formula"": ""EOH Units *EOH AUC"", ""ranking"": 2, ""formula_val"": ""eop_units*eop_auc""}, {""label"": ""Average Inventory"", ""value"": ""avg_inv"", ""formula"": ""(BOH units + EOH units) / 2"", ""ranking"": 2, ""formula_val"": ""(bop_units+eop_units)/2""}]}, ""default_visibility"": true, ""lock_dropdown_values"": [{""label"": ""Inventory Adjustment Units"", ""value"": ""adj_units""}]}, ""bop_units"": {""lock"": ""bop_units"", ""label"": ""BOH Units"", ""formula"": ""Sum of Initial Inventory Units"", ""dependent_kpi"": {""bop_units"": [{""label"": ""Receipt Units"", ""value"": ""rcpt_units"", ""formula"": ""(Sales units/ ST%) - BOH units"", ""ranking"": 1, ""formula_val"": ""(qty/st_perc)-bop_units""}, {""label"": ""On Order Units (Additional)"", ""value"": ""oo_units_add"", ""formula"": ""Receipt Units - On Order Units (System)"", ""ranking"": 2, ""formula_val"": ""rcpt_units - oo_units_sys""}, {""label"": ""Receipt Cost"", ""value"": ""rcpt_cost"", ""formula"": ""Receipt * AUC"", ""ranking"": 2, ""formula_val"": ""rcpt_units*rcpt_auc""}, {""label"": ""BOH Cost"", ""value"": ""bop_cost"", ""formula"": ""BOH Unit * BOH AUC"", ""ranking"": 1, ""formula_val"": ""bop_units*bop_auc""}, {""label"": ""WOS"", ""value"": ""wos"", ""formula"": ""(BOH units + Receipt units) / Sales units"", ""ranking"": 2, ""formula_val"": ""(bop_units+rcpt_units)/qty""}, {""label"": ""Average Inventory"", ""value"": ""avg_inv"", ""formula"": ""(BOH units + EOH units) / 2"", ""ranking"": 2, ""formula_val"": ""(bop_units+eop_units)/2""}]}, ""default_visibility"": true, ""lock_dropdown_values"": [{""label"": ""BOH Units"", ""value"": ""bop_units""}]}, ""rcpt_cost"": {""lock"": ""rcpt_cost"", ""label"": ""Receipt Cost"", ""formula"": ""Sum of Receipts Cost"", ""dependent_kpi"": {""rcpt_cost"": [{""label"": ""Receipts Unit"", ""value"": ""rcpt_units"", ""formula"": ""Receipt Cost/Receipt AUC"", ""ranking"": 1, ""formula_val"": ""rcpt_cost/rcpt_auc""}, {""label"": ""On Order Units (Additional)"", ""value"": ""oo_units_add"", ""formula"": ""Receipt Units - On Order Units (System)"", ""ranking"": 2, ""formula_val"": ""rcpt_units - oo_units_sys""}, {""label"": ""EOH Units"", ""value"": ""eop_units"", ""formula"": ""BOH - Sales Unit + Receipts - Adjustment Units"", ""ranking"": 2, ""formula_val"": ""bop_units+rcpt_units-qty - adj_units""}, {""label"": ""Sell Through %"", ""value"": ""st_perc"", ""formula"": ""Sales units/(Sales unit + EOH Units)"", ""ranking"": 3, ""formula_val"": ""qty/(eop_units+qty)""}, {""label"": ""EOH Cost"", ""value"": ""eop_cost"", ""formula"": ""EOH units * EOP AUC"", ""ranking"": 3, ""formula_val"": ""eop_units*eop_auc""}, {""label"": ""WOS"", ""value"": ""wos"", ""formula"": ""(BOH units + Receipt units) / Sales units"", ""ranking"": 2, ""formula_val"": ""(bop_units+rcpt_units)/qty""}, {""label"": ""Average Inventory"", ""value"": ""avg_inv"", ""formula"": ""(BOH units + EOH units) / 2"", ""ranking"": 3, ""formula_val"": ""(bop_units+eop_units)/2""}]}, ""default_visibility"": true, ""lock_dropdown_values"": [{""label"": ""Receipt Cost"", ""value"": ""rcpt_cost""}]}, ""margin_per"": {""lock"": ""margin_per"", ""label"": ""Gross Margin %"", ""formula"": ""Gross Margin % = (Gross Sales - Cogs)/Gross Sales * 100"", ""dependent_kpi"": {""margin_per"": [{""label"": ""AUR"", ""value"": ""aur"", ""formula"": ""AUC/(1- Margin%)"", ""ranking"": 1, ""formula_val"": ""auc/(1- margin_per)""}, {""label"": ""Sales"", ""value"": ""sales"", ""formula"": ""Sales Units * AUR"", ""ranking"": 2, ""formula_val"": ""qty*aur""}, {""label"": ""Gross Margin $"", ""value"": ""margin"", ""formula"": ""Margin % * Sales"", ""ranking"": 3, ""formula_val"": ""margin_per*sales""}]}, ""default_visibility"": true, ""lock_dropdown_values"": [{""label"": ""Gross Margin %"", ""value"": ""margin_per""}]}, ""rcpt_units"": {""lock"": ""rcpt_units"", ""label"": ""Receipt Units"", ""formula"": ""Sales Unit/Sell through - BOH Units"", ""dependent_kpi"": {""rcpt_units"": [{""label"": ""EOH Units"", ""value"": ""eop_units"", ""formula"": ""BOH - Sales Unit + Receipts - Adjustment Units"", ""ranking"": 1, ""formula_val"": ""bop_units+rcpt_units-qty - adj_units""}, {""label"": ""On Order Units (Additional)"", ""value"": ""oo_units_add"", ""formula"": ""Receipt Units - On Order Units (System)"", ""ranking"": 1, ""formula_val"": ""rcpt_units - oo_units_sys""}, {""label"": ""Receipt Cost"", ""value"": ""rcpt_cost"", ""formula"": ""Receipts Unit * Receipts AUC"", ""ranking"": 1, ""formula_val"": ""rcpt_units*rcpt_auc""}, {""label"": ""Sell Through %"", ""value"": ""st_perc"", ""formula"": ""Sales units/(EOH Units + Sales units)"", ""ranking"": 2, ""formula_val"": ""qty/(eop_units+qty)""}, {""label"": ""EOH Cost"", ""value"": ""eop_cost"", ""formula"": ""EOH Units *EOH AUC"", ""ranking"": 2, ""formula_val"": ""eop_units*eop_auc""}, {""label"": ""WOS"", ""value"": ""wos"", ""formula"": ""(BOH units + Receipt units) / Sales units"", ""ranking"": 1, ""formula_val"": ""(bop_units+rcpt_units)/qty""}, {""label"": ""Average Inventory"", ""value"": ""avg_inv"", ""formula"": ""(BOH units + EOH units) / 2"", ""ranking"": 2, ""formula_val"": ""(bop_units+eop_units)/2""}]}, ""default_visibility"": true, ""lock_dropdown_values"": [{""label"": ""Receipt Units"", ""value"": ""rcpt_units""}]}, ""oo_units_add"": {""lock"": ""oo_units_add"", ""label"": ""On Order Units (Additional)"", ""formula"": ""Receipt Units - OO Units System"", ""dependent_kpi"": {""oo_units_add"": [{""label"": ""EOH Units"", ""value"": ""eop_units"", ""formula"": ""BOH - Sales Unit + Receipts - Adjustment Units"", ""ranking"": 2, ""formula_val"": ""bop_units+rcpt_units-qty - adj_units""}, {""label"": ""Receipts Units"", ""value"": ""rcpt_units"", ""formula"": ""OO Units Additional+OO Units System"", ""ranking"": 1, ""formula_val"": ""oo_units_add+oo_units_sys""}, {""label"": ""Receipt Cost"", ""value"": ""rcpt_cost"", ""formula"": ""Receipts Unit * Receipts AUC"", ""ranking"": 2, ""formula_val"": ""rcpt_units*rcpt_auc""}, {""label"": ""Sell Through %"", ""value"": ""st_perc"", ""formula"": ""Sales units/(EOH Units + Sales units)"", ""ranking"": 3, ""formula_val"": ""qty/(eop_units+qty)""}, {""label"": ""EOH Cost"", ""value"": ""eop_cost"", ""formula"": ""EOH Units *EOH AUC"", ""ranking"": 3, ""formula_val"": ""eop_units*eop_auc""}, {""label"": ""WOS"", ""value"": ""wos"", ""formula"": ""(BOH units + Receipt units) / Sales units"", ""ranking"": 2, ""formula_val"": ""(bop_units+rcpt_units)/qty""}, {""label"": ""Average Inventory"", ""value"": ""avg_inv"", ""formula"": ""(BOH units + EOH units) / 2"", ""ranking"": 3, ""formula_val"": ""(bop_units+eop_units)/2""}]}, ""default_visibility"": true, ""lock_dropdown_values"": [{""label"": ""On Order Units (Additional)"", ""value"": ""oo_units_add""}]}}, ""non_editable"": {}}}",4,FALSE,
237,inventory_product_rule_client_columns,string,inventory client specific columns,TRUE,"{""value"": {""dc_channel"": [], ""pp_channel"": [], ""common_columns"": [], ""product_attribute_filters"": {""article_status_tag"": [{""type"": ""list"", ""values"": [""Old""], ""operator"": ""not in""}]}}}",1,FALSE,
1700,plansmart_gcp_configuration,APPLICATION,client specific configuration for running analytic query,TRUE,"{""value"": {""rough"": ""Rough"", ""ai_schema"": ""ai-ps6060"", ""iaf_table_in"": ""Plansmart_Sample_Intermediate_IAF_Table_Inseason_v2"", ""master_table"": ""master_table"", ""store_master"": ""store_master"", ""iaf_table_pre"": ""Plansmart_Sample_Intermediate_IAF_Table_v5"", ""join_condition"": ""inner"", ""Planned_receipts"": ""Planned_Receipts_FP_Version_20220407_cleaned"", ""filter_condition"": ""on b.week_filter = a.fiscal_year_week"", ""sku_filter_table"": ""PlanSmart_InSeason_SKU_Filtering_Source_Table_vb_staging""}}",4,FALSE,
1890,plansmart_lockable_config,APPLICATION,client specific configuration on what to lock,TRUE,"{""value"": [""l1_name""]}",4,FALSE,
300,below_moq,APPLICATION,Key to identify if we should delete or highlight choices below MOQ in wedge,TRUE,"{""value"": ""highlight""}",2,FALSE,
1974,aggregation_level_club_data,APPLICATION,aggregation_level_club_data,TRUE,"{""club_data"": true}",3,FALSE,
1753,store_hierarchies,APPLICATION,Get store hierarchies for display,TRUE,"{""value"": {""join_col"": true, ""hierarchies"": [""district"", ""state"", ""climate""]}}",1,FALSE,
2010,product_profile_store_additional_attributes,APPLICATION,product_profile_store_additional_attributes,TRUE,"{""value"": [""channel""]}",1,FALSE,
2053,dynamic_level,dynamic_level,dynamic_level,TRUE,"{""value"": [""l0_name"", ""l1_name"", ""l2_name"", ""l3_name""]}",2,FALSE,
240,default_date_format,APPLICATION,default_date_format,TRUE,"{""value"": ""MM-DD-YYYY""}",3,FALSE,
241,inventory_view_plans_current_day_filter,APPLICATION,inventory client specific setting on whether to enable or disable current day filter,TRUE,"{""value"": {""status"": true}}",1,FALSE,
248,channel_query_flag,APPLICATION,channel_query_flag,TRUE,"{""value"": true}",1,FALSE,
249,optimization_threshold,APPLICATION,optimization constraints for various heirarchy of data,TRUE,"{""l3_l4_optimization_threshold"": 0.1, ""l4_clusters_optimization_threshold"": 0.1, ""cluster_attributes_optimization_threshold"": 0.1}",1,FALSE,
62,$: maximum allowable Budget Change :(% vs Comparable period),APPLICATION,$: maximum allowable Budget Change :(% vs Comparable period),TRUE,"{""value"": ""25%""}",2,FALSE,
99,optimisation_receipt_filter,EXTERNAL_FEATURES,value to check if receipt>0 filter is needed,TRUE,"{""value"": ""inner""}",2,FALSE,
207,article_hierarchy,APPLICATION,article hierarchy columns,TRUE,"{""value"": [""l0_name"", ""l1_name"", ""l2_name""]}",1,FALSE,
208,pack_identifier,APPLICATION,article hierarchy columns,TRUE,"{""value"": ""packs""}",1,FALSE,
220,dashboard_filter_exclusion_value,APPLICATION,dashboard_filter_exclusion_value,TRUE,"{""value"": {""product"": [{""values"": [""Old""], ""operator"": ""not in"", ""dimension"": ""Product"", ""attribute_name"": ""article_status_tag""}]}}",1,FALSE,
20,assort_wedge_download,APPLICATION,assort wedge download value,TRUE,"{""value"": ""multiple"", ""wedge_upload_config"": {""wedge_level"": {""style_level"": ""No"", ""choice_level"": ""Yes""}, ""csv_cols_to_copy"": [""plan_code"", ""channel_qty"", ""choice_name"", ""style_name"", ""color_name"", ""style_des"", ""style_no"", ""flow_to_next_season"", ""msrp"", ""cost"", ""l0_name"", ""l1_name"", ""l2_name"", ""l3_name"", ""launch"", ""delivery"", ""lock_choice"", ""selling_collection"", ""fabrication"", ""style_id"", ""product_price"", ""actual_msrp"", ""parent_style"", ""merchant_pyramid"", ""suggested_size_range"", ""color_code"", ""subclass"", ""carry_over_prev_season"", ""size"", ""aur"", ""st"", ""pillar"", ""gwp"", ""dropship_choice"", ""channel"", ""color"", ""choice_carryover_flag"", ""style_carryover_flag""], ""str_type_col_group"": [""Choice Name"", ""Style Name"", ""Color Name"", ""Style Description"", ""Style Number"", ""Flow To Next Season"", ""Initial Style ID"", ""Actual MSRP"", ""Parent Style"", ""Merchant Pyramid"", ""Suggested Size Range"", ""Color Code"", ""Sub Class"", ""Carry Over From Previous Season"", ""Size"", ""GWP"", ""Pillar"", ""Tag""], ""file_cols_to_rename"": {""AIC"": ""aur"", ""GWP"": ""gwp"", ""ST%"": ""st"", ""Cost"": ""cost"", ""MSRP"": ""msrp"", ""Size"": ""size"", ""Color"": ""color"", ""Pillar"": ""pillar"", ""Channel"": ""channel"", ""Drop Ship"": ""dropship_choice"", ""Plan Code"": ""plan_code"", ""Sub Class"": ""subclass"", ""Color Code"": ""color_code"", ""Color Name"": ""color_name"", ""Style Name"": ""style_name"", ""Actual MSRP"": ""actual_msrp"", ""Choice Name"": ""choice_name"", ""Launch Name"": ""launch"", ""Lock Choice"": ""lock_choice"", ""Merch Class"": ""l2_name"", ""Merchpyramid"": ""l3_name"", ""Parent Style"": ""parent_style"", ""Style Number"": ""style_no"", ""Delivery Name"": ""delivery"", ""Product Price"": ""product_price"", ""Total Buy Units"": ""channel_qty"", ""Initial Style ID"": ""style_id"", ""Merch Department"": ""l1_name"", ""Merchant Pyramid"": ""merchant_pyramid"", ""Style Description"": ""style_des"", ""Flow To Next Season"": ""flow_to_next_season"", ""Style Carryover Flag"": ""style_carryover_flag"", ""Suggested Size Range"": ""suggested_size_range"", ""Choice Carryover Flag"": ""choice_carryover_flag"", ""Merch Business Category"": ""l0_name"", ""Carry Over From Previous Season"": ""carry_over_prev_season""}, ""attribute_cols_group"": [""choice_name"", ""style_name"", ""color_name"", ""style_des"", ""total_qty"", ""channel_qty"", ""style_no"", ""flow_to_next_season"", ""msrp"", ""cost"", ""lock_choice"", ""selling_collection"", ""fabrication"", ""style_id"", ""actual_msrp"", ""parent_style"", ""size"", ""merchant_pyramid"", ""product_price"", ""cluster_qty"", ""color"", ""suggested_size_range"", ""color_code"", ""subclass"", ""carry_over_prev_season"", ""aur"", ""st"", ""pillar"", ""gwp"", ""dropship_choice""], ""cols_remove_spcl_char"": [""Style Name"", ""Color Name"", ""Cost"", ""Style Description"", ""Style Number"", ""Flow To Next Season"", ""MSRP"", ""Initial Style ID"", ""Actual MSRP"", ""Parent Style"", ""Merchant Pyramid"", ""Suggested Size Range"", ""Color Code"", ""Sub Class"", ""Carry Over From Previous Season"", ""Tag""]}}",2,FALSE,
21,assort_selling_period_value,APPLICATION,assort_selling_period_value,TRUE,"{""value"": {""enable_end_days"": [""Saturday""], ""enable_start_days"": [""Sunday""]}}",2,FALSE,
202,plan_stage,APPLICATION,plan stage options,TRUE,"{""in-season"": {""value"": [""Working Forecast"", ""Scenario Forecast""]}, ""pre-season"": {""value"": [""Working Plan"", ""Scenario Plan""]}}",4,FALSE,
310,demand_type_default,APPLICATION,Default Demand types,TRUE,"{""value"": {""new"": [{""label"": ""APS"", ""value"": ""APS""}], ""fresh"": [{""label"": ""Fixed"", ""value"": ""Fixed""}], ""default"": [{""label"": ""IA Forecast"", ""value"": ""IA""}], ""inseason"": [{""label"": ""IA Forecast"", ""value"": ""IA""}], ""clearance"": [{""label"": ""IA Forecast"", ""value"": ""IA""}], ""new in dc"": [{""label"": ""IA Forecast"", ""value"": ""IA""}], ""retirement"": [{""label"": ""IA Forecast"", ""value"": ""IA""}]}}",1,FALSE,
1749,uom_check,APPLICATION,Check if uom round off is needed,TRUE,"{""value"": true}",1,FALSE,
103,assort_cluster_value_prefix,EXTERNAL_FEATURES_CHANNEL,channel,TRUE,"{""value"": ""channel""}",2,FALSE,
445,assort_image_wedge_attr_config,APPLICATION,image attribute,TRUE,"{""wedge_level"": ""choice_level"", ""is_wedge_level"": true, ""default_attribute_group"": [""color_name""], ""product_attribute_group"": [""style_des"", ""fabrication"", ""selling_collection""]}",2,FALSE,
215,inventorysmart_channels_allowed,APPLICATION,Allowed channels for an application in a tenant,TRUE,"{""value"": {""channel"": [""Factory Line Retail"", ""Full Line Retail""]}}",1,FALSE,
800,plansmart_match_with_config,string,plansmart match with configuration for client,FALSE,"{""common"": {""compare"": ""Compare"", ""weekList"": [""week1"", ""week2"", ""week3"", ""week4"", ""week5""], ""__MonthList"": [""January"", ""February"", ""March"", ""April"", ""May"", ""June"", ""July"", ""August"", ""September"", ""October"", ""November"", ""December""], ""__Assortment"": ""PlanSmart"", ""match_with_af"": ""Seed WF with:"", ""match_with_sf"": ""Seed SF with:"", ""match_with_sp"": ""Match SP with:"", ""match_with_wp"": ""Match WP With:"", ""__RejectBtnText"": ""No"", ""__ConfirmBtnText"": ""Yes"", ""__Multiple_Value"": ""(s)"", ""performance_analysis"": ""Performance Analysis"", ""__seed_with_constants"": [""IAF"", ""LY"", ""LLY""], ""__compare_yr_constants"": [""LY"", ""LLY"", ""LLLY""]}}",4,FALSE,
15,default_moq_constraint,APPLICATION,default_moq_constraint,TRUE,"{""value"": 0}",2,FALSE,
22,assort_year_value,APPLICATION,year options,TRUE,"{""value"": [2021, 2022, 2023, 2024, 2025, 2026, 2027]}",2,FALSE,
23,channel_exclude_in_hindsight,APPLICATION,channels to exclude in case of hindsight,TRUE,"{""value"": [""Ecom"", ""Wholesale""]}",2,FALSE,
1824,store_groups_flag,APPLICATION,Get store group names for display,TRUE,"{""value"": true}",1,FALSE,
210,store_cluster_columns,APPLICATION,store_cluster_columns,TRUE,"{""value"": [""store_code""]}",1,FALSE,
213,cluster_detail_level,APPLICATION,cluster_detail_level,TRUE,"{""value"": [""l0_name""]}",1,FALSE,
214,plan_smart_tenant_metrics,APPLICATION,plan_smart_tenant_metrics,TRUE,"{""value"": [{""label"": ""Total Sales Units"", ""value"": ""total_qty""}, {""label"": ""Clr Sales Units"", ""value"": ""clr_qty""}, {""label"": ""Reg Sales Units"", ""value"": ""reg_qty""}, {""label"": ""Total Sales $"", ""value"": ""total_sales""}, {""label"": ""Clr Sales $"", ""value"": ""clr_sales""}, {""label"": ""Reg Sales $"", ""value"": ""reg_sales""}, {""label"": ""Total AUR"", ""value"": ""total_aur""}, {""label"": ""Clr AUR"", ""value"": ""clr_aur""}, {""label"": ""Reg AUR"", ""value"": ""reg_aur""}, {""label"": ""Total AUC"", ""value"": ""total_auc""}, {""label"": ""Clr AUC"", ""value"": ""clr_auc""}, {""label"": ""Reg AUC"", ""value"": ""reg_auc""}, {""label"": ""Total GM $"", ""value"": ""total_margin""}, {""label"": ""Clr GM $"", ""value"": ""clr_margin""}, {""label"": ""Reg GM $"", ""value"": ""reg_margin""}, {""label"": ""Total GM %"", ""value"": ""total_margin_per""}, {""label"": ""Clr GM %"", ""value"": ""clr_margin_per""}, {""label"": ""Reg GM %"", ""value"": ""reg_margin_per""}, {""label"": ""Total MSRP"", ""value"": ""total_msrp""}, {""label"": ""Clr MSRP"", ""value"": ""clr_msrp""}, {""label"": ""Reg MSRP"", ""value"": ""reg_msrp""}, {""label"": ""Total Cost"", ""value"": ""total_cost""}, {""label"": ""Clr Cost"", ""value"": ""clr_cost""}, {""label"": ""Reg Cost"", ""value"": ""reg_cost""}, {""label"": ""Total Discount %"", ""value"": ""total_disc""}, {""label"": ""Clr Discount %"", ""value"": ""clr_disc""}, {""label"": ""Reg Discount %"", ""value"": ""reg_disc""}, {""label"": ""Total BOP Units"", ""value"": ""total_bop_units""}, {""label"": ""Clr BOP Units"", ""value"": ""clr_bop_units""}, {""label"": ""Reg BOP Units"", ""value"": ""reg_bop_units""}, {""label"": ""Total BOP $"", ""value"": ""total_bop_dollars""}, {""label"": ""Clr BOP $"", ""value"": ""clr_bop_dollars""}, {""label"": ""Reg BOP $"", ""value"": ""reg_bop_dollars""}, {""label"": ""Total BOP AUC"", ""value"": ""total_bop_auc""}, {""label"": ""Clr BOP AUC"", ""value"": ""clr_bop_auc""}, {""label"": ""Reg BOP AUC"", ""value"": ""reg_bop_auc""}, {""label"": ""Total BOP AUR"", ""value"": ""total_bop_aur""}, {""label"": ""Clr BOP AUR"", ""value"": ""clr_bop_aur""}, {""label"": ""Reg BOP AUR"", ""value"": ""reg_bop_aur""}, {""label"": ""Total BOP Cost"", ""value"": ""total_bop_cost""}, {""label"": ""Clr BOP Cost"", ""value"": ""clr_bop_cost""}, {""label"": ""Reg BOP Cost"", ""value"": ""reg_bop_cost""}, {""label"": ""Total EOP Units"", ""value"": ""total_eop_units""}, {""label"": ""Clr EOP Units"", ""value"": ""clr_eop_units""}, {""label"": ""Reg EOP Units"", ""value"": ""reg_eop_units""}, {""label"": ""Total EOP $"", ""value"": ""total_eop_dollars""}, {""label"": ""Clr EOP $"", ""value"": ""clr_eop_dollars""}, {""label"": ""Reg EOP $"", ""value"": ""reg_eop_dollars""}]}",4,FALSE,
2230,refresh_date_check,APPLICATION,refresh date check,TRUE,"{""value"": [""default_attribute""]}",1,FALSE,
231,product_profile_additional_attributes,APPLICATION,additional_attributes,TRUE,"{""value"": [""style"", ""style_description"", ""color_code"", ""color"", ""selling_collection"", ""fabrication"", ""launch_date"", ""l3_name""]}",1,FALSE,
226,show_dropship,APPLICATION,2-3 screen drop ship icon,TRUE,"{""value"": true}",2,FALSE,
235,store_inventory_kpi,APPLICATION,Store Inventory KPI on Dashboard,TRUE,"{""value"": {""get_dashboard_kpi"": {""func"": ""get_dashboard_kpi"", ""value"": [[""oh"", ""in_stock"", ""oh_it"", ""oh_it_oo"", ""wos_oh"", ""wos_oh_it"", ""wos""]]}}}",1,FALSE,
238,dc_channel_flag,APPLICATION,dc_channel_flag,TRUE,"{""value"": true}",1,FALSE,
244,no_size_flag,APPLICATION,no_size_flag,TRUE,"{""value"": false}",1,FALSE,
342,method_post_batching,APPLICATION,method to be called post batching,TRUE,"{""value"": ""get_finalised_details""}",1,TRUE,
1711,forecast_profile,APPLICATION,forecast_profile,TRUE,"{""value"": false}",1,FALSE,
804,plansmart_dashboard_config,string,plansmart dashboard configuration for client,FALSE,"{""statusValueBasedOnTabSelection"": {""/plan-smart/in-season"": {""0"": [4, 5], ""1"": [3]}, ""/plan-smart/pre-season"": {""0"": [0, 1], ""1"": [2]}}}",4,FALSE,
105,assort_sidebar_value_exclude,APPLICATION,Sidebar option to be excluded for a client,TRUE,"{""value"": """"}",2,FALSE,
221,rollup_attributes,APPLICATION,rollup_attributes,TRUE,"{""attr_for_rollup"": [""merchant_pyramid"", ""parent_style_description"", ""sub_class""], ""attr_deletion_rollup"": [""product_price""]}",2,FALSE,
805,plansmart_configs,string,plansmart all configuration for client,TRUE,"{""defaultBucket"": [""Comp""], ""defaultMetrics"": [""qty"", ""sales"", ""aur"", ""auc"", ""margin"", ""margin_per"", ""bop_cost"", ""eop_cost"", ""gmroi"", ""wos"", ""adj_cost"", ""rcpt_units"", ""rcpt_cost"", ""turn_cost"", ""oo_units"", ""oo_cost"", ""oo_units_add"", ""oo_cost_sys"", ""oo_cost_add"", ""Sales"", ""Sales Units"", ""AUR"", ""AUC"", ""Sales"", ""Sales $"", ""Margin"", ""GM %"", ""GM $"", ""Inventory"", ""BOH Cost"", ""EOH Cost"", ""GMROI"", ""WOS"", ""Inventory Adjustment Cost"", ""Receipt Units"", ""Receipt Cost"", ""Turn Cost"", ""On Order Units"", ""On Order Cost"", ""On Order Units (Additional)"", ""On Order Cost (System)"", ""On Order Cost (Additional)""], ""metrics_with_formatter"": {""auc"": {""type"": ""dollar"", ""fixTo"": 2, ""formatter"": ""roundOfftoTwoDecimals"", ""inputAttribute"": ""$"", ""is_default_editable"": {""in_season"": {""current"": true}, ""pre_season"": {""current"": true}}}, ""aur"": {""type"": ""dollar"", ""fixTo"": 2, ""formatter"": ""roundOfftoTwoDecimals"", ""inputAttribute"": ""$"", ""is_default_editable"": {""in_season"": {""current"": true}, ""pre_season"": {""current"": true}}}, ""qty"": {""type"": ""int"", ""fixTo"": 2, ""formatter"": ""roundOfftoTwoDecimals"", ""typeFormat"": ""number"", ""inputAttribute"": """", ""is_default_editable"": {""in_season"": {""current"": true, ""variance"": true}, ""pre_season"": {""current"": true, ""variance"": true}}}, ""wos"": {""type"": ""int"", ""fixTo"": 0, ""formatter"": ""roundOff"", ""typeFormat"": ""number"", ""inputAttribute"": """"}, ""cost"": {""type"": ""dollar"", ""fixTo"": 0, ""formatter"": ""roundOff"", ""inputAttribute"": ""$""}, ""disc"": {""type"": ""percentage"", ""fixTo"": 2, ""formatter"": ""roundOfftoTwoDecimals"", ""inputAttribute"": ""%""}, ""msrp"": {""type"": ""dollar"", ""fixTo"": 2, ""formatter"": ""roundOfftoTwoDecimals"", ""inputAttribute"": ""$""}, ""gmroi"": {""type"": ""int"", ""fixTo"": 2, ""formatter"": ""roundOfftoTwoDecimals"", ""typeFormat"": ""number"", ""inputAttribute"": """"}, ""sales"": {""type"": ""int"", ""fixTo"": 0, ""formatter"": ""roundOff"", ""inputAttribute"": ""$"", ""is_default_editable"": {""in_season"": {""current"": true, ""variance"": true}, ""pre_season"": {""current"": true, ""variance"": true}}}, ""margin"": {""type"": ""dollar"", ""fixTo"": 0, ""formatter"": ""roundOff"", ""inputAttribute"": ""$"", ""is_default_editable"": {""in_season"": {""current"": true}, ""pre_season"": {""current"": true}}}, ""avg_inv"": {""type"": ""int"", ""fixTo"": 2, ""formatter"": ""roundOfftoTwoDecimals"", ""typeFormat"": ""number"", ""inputAttribute"": """"}, ""bop_auc"": {""type"": ""dollar"", ""fixTo"": 2, ""formatter"": ""roundOfftoTwoDecimals"", ""inputAttribute"": ""$""}, ""bop_aur"": {""type"": ""dollar"", ""fixTo"": 2, ""formatter"": ""roundOfftoTwoDecimals"", ""inputAttribute"": ""$""}, ""eop_auc"": {""type"": ""dollar"", ""fixTo"": 2, ""formatter"": ""roundOfftoTwoDecimals"", ""inputAttribute"": ""$""}, ""eop_aur"": {""type"": ""dollar"", ""fixTo"": 2, ""formatter"": ""roundOfftoTwoDecimals"", ""inputAttribute"": ""$""}, ""it_cost"": {""type"": ""dollar"", ""fixTo"": 0, ""formatter"": ""roundOff"", ""inputAttribute"": ""$""}, ""oo_cost"": {""type"": ""dollar"", ""fixTo"": 0, ""formatter"": ""roundOff"", ""inputAttribute"": ""$"", ""is_default_editable"": {""in_season"": {""current"": true}}}, ""st_perc"": {""type"": ""percentage"", ""fixTo"": 2, ""formatter"": ""roundOfftoTwoDecimals"", ""inputAttribute"": ""%"", ""is_default_editable"": {""in_season"": {""current"": true}, ""pre_season"": {""current"": true}}}, ""adj_cost"": {""type"": ""dollar"", ""fixTo"": 0, ""formatter"": ""roundOff"", ""inputAttribute"": ""$""}, ""bop_cost"": {""type"": ""dollar"", ""fixTo"": 0, ""formatter"": ""roundOff"", ""inputAttribute"": ""$"", ""is_default_editable"": {""pre_season"": {""current"": true}}}, ""comp_aur"": {""type"": ""dollar"", ""fixTo"": 2, ""formatter"": ""roundOfftoTwoDecimals"", ""inputAttribute"": ""$""}, ""eop_cost"": {""type"": ""dollar"", ""fixTo"": 2, ""formatter"": ""roundOfftoTwoDecimals"", ""inputAttribute"": ""$""}, ""it_units"": {""type"": ""int"", ""fixTo"": 0, ""formatter"": ""roundOff"", ""typeFormat"": ""number"", ""inputAttribute"": """"}, ""oo_units"": {""type"": ""int"", ""fixTo"": 2, ""formatter"": ""roundOfftoTwoDecimals"", ""typeFormat"": ""number"", ""inputAttribute"": """"}, ""rcpt_auc"": {""type"": ""dollar"", ""fixTo"": 0, ""formatter"": ""roundOff"", ""inputAttribute"": ""$""}, ""rcpt_aur"": {""type"": ""dollar"", ""fixTo"": 2, ""formatter"": ""roundOfftoTwoDecimals"", ""inputAttribute"": ""$""}, ""adj_units"": {""type"": ""int"", ""fixTo"": 2, ""formatter"": ""roundOfftoTwoDecimals"", ""typeFormat"": ""number"", ""inputAttribute"": """", ""is_default_editable"": {""in_season"": {""current"": true}, ""pre_season"": {""current"": true}}}, ""bop_units"": {""type"": ""int"", ""fixTo"": 2, ""formatter"": ""roundOfftoTwoDecimals"", ""typeFormat"": ""number"", ""inputAttribute"": """", ""is_default_editable"": {""pre_season"": {""current"": true}}}, ""eop_units"": {""type"": ""int"", ""fixTo"": 2, ""formatter"": ""roundOfftoTwoDecimals"", ""typeFormat"": ""number"", ""inputAttribute"": """"}, ""rcpt_cost"": {""type"": ""dollar"", ""fixTo"": 2, ""formatter"": ""roundOfftoTwoDecimals"", ""inputAttribute"": ""$"", ""is_default_editable"": {""in_season"": {""current"": true}, ""pre_season"": {""current"": true}}}, ""turn_cost"": {""type"": ""dollar"", ""fixTo"": 0, ""formatter"": ""roundOff"", ""typeFormat"": ""number"", ""inputAttribute"": ""$""}, ""comp_units"": {""type"": ""int"", ""fixTo"": 0, ""formatter"": ""roundOff"", ""typeFormat"": ""number"", ""inputAttribute"": """"}, ""it_dollars"": {""type"": ""dollar"", ""fixTo"": 0, ""formatter"": ""roundOff"", ""inputAttribute"": ""$""}, ""margin_per"": {""type"": ""percentage"", ""fixTo"": 2, ""formatter"": ""roundOfftoTwoDecimals"", ""inputAttribute"": ""%"", ""is_default_editable"": {""in_season"": {""current"": true}, ""pre_season"": {""current"": true}}}, ""markup_per"": {""type"": ""percentage"", ""fixTo"": 2, ""formatter"": ""roundOfftoTwoDecimals"", ""inputAttribute"": ""%""}, ""oo_dollars"": {""type"": ""dollar"", ""fixTo"": 0, ""formatter"": ""roundOff"", ""inputAttribute"": ""$""}, ""rcpt_units"": {""type"": ""int"", ""fixTo"": 2, ""formatter"": ""roundOfftoTwoDecimals"", ""typeFormat"": ""number"", ""inputAttribute"": """", ""is_default_editable"": {""in_season"": {""current"": true}, ""pre_season"": {""current"": true}}}, ""turn_units"": {""type"": ""int"", ""fixTo"": 2, ""formatter"": ""roundOfftoTwoDecimals"", ""typeFormat"": ""number"", ""inputAttribute"": """"}, ""adj_dollars"": {""type"": ""dollar"", ""fixTo"": 2, ""formatter"": ""roundOfftoTwoDecimals"", ""inputAttribute"": ""$""}, ""bop_dollars"": {""type"": ""dollar"", ""fixTo"": 2, ""formatter"": ""roundOfftoTwoDecimals"", ""inputAttribute"": ""$""}, ""eop_dollars"": {""type"": ""dollar"", ""fixTo"": 0, ""formatter"": ""roundOff"", ""inputAttribute"": ""$""}, ""oo_cost_add"": {""type"": ""dollar"", ""fixTo"": 2, ""formatter"": ""roundOff"", ""inputAttribute"": ""$""}, ""oo_cost_sys"": {""type"": ""dollar"", ""fixTo"": 0, ""formatter"": ""roundOff"", ""inputAttribute"": ""$""}, ""otb_dollars"": {""type"": ""dollar"", ""fixTo"": 0, ""formatter"": ""roundOff"", ""inputAttribute"": ""$""}, ""comp_dollars"": {""type"": ""dollar"", ""fixTo"": 0, ""formatter"": ""roundOff"", ""inputAttribute"": ""$""}, ""in_stock_per"": {""type"": ""percentage"", ""fixTo"": 2, ""formatter"": ""roundOfftoTwoDecimals"", ""inputAttribute"": ""%""}, ""non_comp_aur"": {""type"": ""dollar"", ""fixTo"": 2, ""formatter"": ""roundOfftoTwoDecimals"", ""inputAttribute"": ""$""}, ""oo_units_add"": {""type"": ""int"", ""fixTo"": 2, ""formatter"": ""roundOfftoTwoDecimals"", ""typeFormat"": ""number"", ""inputAttribute"": """", ""is_default_editable"": {""in_season"": {""current"": true}}}, ""oo_units_sys"": {""type"": ""int"", ""fixTo"": 2, ""formatter"": ""roundOfftoTwoDecimals"", ""typeFormat"": ""number"", ""inputAttribute"": """"}, ""rcpt_dollars"": {""type"": ""dollar"", ""fixTo"": 0, ""formatter"": ""roundOff"", ""inputAttribute"": ""$""}, ""turn_dollars"": {""type"": ""int"", ""fixTo"": 0, ""formatter"": ""roundOff"", ""typeFormat"": ""number"", ""inputAttribute"": """"}, ""non_comp_units"": {""type"": ""int"", ""fixTo"": 0, ""formatter"": ""roundOff"", ""typeFormat"": ""number"", ""inputAttribute"": """"}, ""eop_cost_target"": {""type"": ""dollar"", ""fixTo"": 0, ""formatter"": ""roundOff"", ""inputAttribute"": ""$""}, ""eop_units_target"": {""type"": ""int"", ""fixTo"": 2, ""formatter"": ""roundOfftoTwoDecimals"", ""typeFormat"": ""number"", ""inputAttribute"": """"}, ""non_comp_dollars"": {""type"": ""dollar"", ""fixTo"": 0, ""formatter"": ""roundOff"", ""inputAttribute"": ""$""}, ""recom_rcpt_units"": {""type"": ""int"", ""fixTo"": 2, ""formatter"": ""roundOfftoTwoDecimals"", ""typeFormat"": ""number"", ""inputAttribute"": """"}, ""dollar_build_ratio"": {""type"": ""int"", ""fixTo"": 0, ""formatter"": ""roundOff"", ""inputAttribute"": """"}}, ""weekAggregationFormula"": {""auc"": ""(sum(cost))/(sum(qty))"", ""aur"": ""(sum(sales))/(sum(qty))"", ""qty"": ""sum(qty)"", ""cost"": ""sum(cost)"", ""sales"": ""sum(sales)"", ""margin"": ""sum(margin)"", ""bop_auc"": ""first(bop_auc)"", ""bop_aur"": ""first(bop_aur)"", ""eop_auc"": ""last(eop_auc)"", ""oo_cost"": ""sum(oo_cost)"", ""adj_cost"": ""sum(adj_cost)"", ""bop_cost"": ""first(bop_cost)"", ""eop_cost"": ""last(eop_cost)"", ""oo_units"": ""sum(oo_units)"", ""rcpt_auc"": ""(sum(rcpt_cost)/sum(rcpt_units))"", ""adj_units"": ""sum(adj_units)"", ""bop_units"": ""first(bop_units)"", ""eop_units"": ""last(eop_units)"", ""rcpt_cost"": ""sum(rcpt_cost)"", ""margin_per"": ""(sum(margin))/(sum(sales))"", ""rcpt_units"": ""sum(rcpt_units)"", ""adj_dollars"": ""sum(adj_dollars)"", ""bop_dollars"": ""first(bop_dollars)"", ""oo_cost_add"": null, ""oo_cost_sys"": null, ""otb_dollars"": null, ""in_stock_per"": null, ""oo_units_add"": null, ""oo_units_sys"": null, ""eop_cost_target"": null, ""eop_units_target"": null, ""recom_rcpt_units"": null}, ""firstLastBucketTotalColumn"": [""bop_units"", ""eop_units""], ""totalBucketAggregrationFormulas"": {""auc"": ""(sum(cost))/(sum(qty))"", ""aur"": ""(sum(sales))/(sum(qty))"", ""qty"": ""sum(qty)"", ""cost"": ""sum(cost)"", ""sales"": ""sum(sales)"", ""margin"": ""sum(margin)"", ""bop_auc"": ""sum(bop_cost)/sum(bop_units)"", ""bop_aur"": ""sum(bop_dollars)/sum(bop_units)"", ""eop_auc"": ""sum(eop_cost)/sum(eop_units)"", ""oo_cost"": ""sum(oo_cost)"", ""adj_cost"": ""sum(adj_cost)"", ""bop_cost"": ""sum(bop_cost)"", ""eop_cost"": ""sum(eop_cost)"", ""oo_units"": ""sum(oo_units)"", ""rcpt_auc"": ""(sum(rcpt_cost)/sum(rcpt_units))"", ""adj_units"": ""sum(adj_units)"", ""bop_units"": ""sum(bop_units)"", ""eop_units"": ""sum(eop_units)"", ""rcpt_cost"": ""sum(rcpt_cost)"", ""margin_per"": ""(sum(margin))/(sum(sales))"", ""rcpt_units"": ""sum(rcpt_units)"", ""adj_dollars"": ""sum(adj_dollars)"", ""bop_dollars"": ""sum(bop_dollars)"", ""oo_cost_add"": null, ""oo_cost_sys"": null, ""otb_dollars"": null, ""in_stock_per"": null, ""oo_units_add"": null, ""oo_units_sys"": null, ""eop_cost_target"": null, ""eop_units_target"": null, ""recom_rcpt_units"": null}}",4,FALSE,
957,Select Level of Planning,APPLICATION,Select Level of Planning,TRUE,"{""value"": ""Price Band""}",2,FALSE,
400,plan_smart_selected_metrics,APPLICATION,Plan smart selected metrics,TRUE,"{""value"": [{""label"": ""Total Sales Units"", ""value"": ""total_qty""}, {""label"": ""Clr Sales Units"", ""value"": ""clr_qty""}, {""label"": ""Reg Sales Units"", ""value"": ""reg_qty""}, {""label"": ""Total Sales $"", ""value"": ""total_sales""}, {""label"": ""Clr Sales $"", ""value"": ""clr_sales""}, {""label"": ""Reg Sales $"", ""value"": ""reg_sales""}, {""label"": ""Total AUR"", ""value"": ""total_aur""}, {""label"": ""Clr AUR"", ""value"": ""clr_aur""}, {""label"": ""Reg AUR"", ""value"": ""reg_aur""}, {""label"": ""Total AUC"", ""value"": ""total_auc""}, {""label"": ""Clr AUC"", ""value"": ""clr_auc""}, {""label"": ""Reg AUC"", ""value"": ""reg_auc""}, {""label"": ""Total GM $"", ""value"": ""total_margin""}, {""label"": ""Clr GM $"", ""value"": ""clr_margin""}, {""label"": ""Reg GM $"", ""value"": ""reg_margin""}, {""label"": ""Total GM %"", ""value"": ""total_margin_per""}, {""label"": ""Clr GM %"", ""value"": ""clr_margin_per""}, {""label"": ""Reg GM %"", ""value"": ""reg_margin_per""}, {""label"": ""Total MSRP"", ""value"": ""total_msrp""}, {""label"": ""Clr MSRP"", ""value"": ""clr_msrp""}, {""label"": ""Reg MSRP"", ""value"": ""reg_msrp""}, {""label"": ""Total Cost"", ""value"": ""total_cost""}, {""label"": ""Clr Cost"", ""value"": ""clr_cost""}, {""label"": ""Reg Cost"", ""value"": ""reg_cost""}, {""label"": ""Total Discount %"", ""value"": ""total_disc""}, {""label"": ""Clr Discount %"", ""value"": ""clr_disc""}, {""label"": ""Reg Discount %"", ""value"": ""reg_disc""}, {""label"": ""Total BOP Units"", ""value"": ""total_bop_units""}, {""label"": ""Clr BOP Units"", ""value"": ""clr_bop_units""}, {""label"": ""Reg BOP Units"", ""value"": ""reg_bop_units""}, {""label"": ""Total BOP $"", ""value"": ""total_bop_dollars""}, {""label"": ""Clr BOP $"", ""value"": ""clr_bop_dollars""}, {""label"": ""Reg BOP $"", ""value"": ""reg_bop_dollars""}, {""label"": ""Total BOP AUC"", ""value"": ""total_bop_auc""}, {""label"": ""Clr BOP AUC"", ""value"": ""clr_bop_auc""}, {""label"": ""Reg BOP AUC"", ""value"": ""reg_bop_auc""}, {""label"": ""Total BOP AUR"", ""value"": ""total_bop_aur""}, {""label"": ""Clr BOP AUR"", ""value"": ""clr_bop_aur""}, {""label"": ""Reg BOP AUR"", ""value"": ""reg_bop_aur""}, {""label"": ""Total BOP Cost"", ""value"": ""total_bop_cost""}, {""label"": ""Clr BOP Cost"", ""value"": ""clr_bop_cost""}, {""label"": ""Reg BOP Cost"", ""value"": ""reg_bop_cost""}, {""label"": ""Total EOP Units"", ""value"": ""total_eop_units""}, {""label"": ""Clr EOP Units"", ""value"": ""clr_eop_units""}, {""label"": ""Reg EOP Units"", ""value"": ""reg_eop_units""}, {""label"": ""Total EOP $"", ""value"": ""total_eop_dollars""}, {""label"": ""Clr EOP $"", ""value"": ""clr_eop_dollars""}, {""label"": ""Reg EOP $"", ""value"": ""reg_eop_dollars""}]}",4,FALSE,
50,size_planning,APPLICATION,size_planning,TRUE,"{""value"": ""l0_name""}",2,FALSE,
239,assort_hierarchy_list,APPLICATION,assort hierarchy list,TRUE,"{""value"": [""l0_name"", ""l1_name"", ""l2_name"", ""l3_name""]}",2,FALSE,
2101,fiscal_calendar,APPLICATION,No of weeks to fetch for calendar display,TRUE,"{""value"": {""past_weeks"": ""52"", ""future_weeks"": ""103""}}",3,FALSE,
46,aid_columns,APPLICATION,Get AID columns,TRUE,"{""value"": {""columns"": [""sales_1_ago"", ""sales_2_ago"", ""sales_3_ago"", ""sales_4_ago"", ""lw_qty"", ""lw_revenue"", ""week_to_date_sales"", ""last_day_sales"", ""lw_margin"", ""week_to_date_sales_revenue"", ""last_day_sales_revenue"", ""sales_revenue_1_ago"", ""sales_revenue_2_ago"", ""sales_revenue_3_ago"", ""sales_revenue_4_ago""], ""join_col"": true}}",1,FALSE,
1500,inventory_auto_allocation_attributes,APPLICATION,inventory auto allocation attributes,TRUE,"{""value"": [""style_description"", ""color"", ""clearance_start_date"", ""clearance_end_date"", ""launch_date"", ""l3_name""]}",1,FALSE,
236,store_inventory_kpi_alert,APPLICATION,Store Inventory KPI on Dashboard,TRUE,"{""value"": false}",1,FALSE,
803,plansmart_report_config,string,plansmart report configuration for client,FALSE,"{""reportRadioList"": [{""label"": ""Global Template"", ""value"": ""global""}, {""label"": ""Personal Template"", ""value"": ""personal""}], ""reportViewByOptions"": [{""label"": ""Timeline"", ""value"": ""timeline""}, {""label"": ""KPI"", ""value"": ""kpi""}]}",4,FALSE,
234,store_inventory_alert,APPLICATION,Store Inventory Alert on Dashboard,TRUE,"{""value"": {""get_top_n_alert"": {""func"": ""get_top_n_alert"", ""name"": ""get_top_n_alert"", ""order"": 1, ""value"": []}, ""get_status_alert"": {""func"": ""get_status_alert"", ""name"": ""get_status_alert"", ""order"": 2, ""value"": [[""new_in_dc"", ""clearence"", ""retired"", ""excess"", ""out_of_stock"", ""shortfall"", ""selldown""]]}, ""get_auto_allocation"": {""func"": ""get_auto_allocation"", ""name"": ""get_auto_allocation"", ""order"": 5, ""value"": [2, 1]}, ""get_kits_allocation"": {""func"": ""get_kits_allocation"", ""name"": ""get_kits_allocation"", ""order"": 3, ""value"": []}, ""get_po_allocate_alert"": {""func"": ""get_po_allocate_alert"", ""name"": ""get_po_allocate_alert"", ""order"": 4, ""value"": []}}}",1,FALSE,
245,inventory_default_dc_strategy,APPLICATION,Enable default dc for strategy table,TRUE,"{""value"": true}",1,FALSE,
1893,plansmart_query_arguments,APPLICATION,where clause arguments,TRUE,"{""value"": {""ly_query"": {""class"": ""l2_name"", ""l0_name"": ""l0_name"", ""l1_name"": ""l1_name"", ""sub_channel"": ""channel""}, ""kpi_iaf_ly"": {""class"": ""classes"", ""sub_channel"": ""channel"", ""current_week"": ""weeks"", ""class_sub_channel"": ""partition_query""}, ""src_data_pg"": {""class"": ""l2_name"", ""channel"": ""channel"", ""current_week"": ""weeks""}, ""src_data_gbq"": {""class"": ""l2_name"", ""sub_channel"": ""channel"", ""current_week"": ""weeks""}, ""optimised_qry"": {""module"": ""module"", ""channel"": ""main_channel"", ""l0_name"": ""l0_name"", ""l1_name"": ""l1_name"", ""l2_name"": ""l2_name"", ""sub_channel"": ""channel""}}}",4,FALSE,
503,filters_hierarchy_order,APPLICATION,filters_hierarchy_order,TRUE,"{""store"": [""channel""], ""product"": [""l0_name"", ""l1_name"", ""l2_name"", ""l3_name"", ""l4_name"", ""article""]}",3,TRUE,
502,assort_hindsight_filter_configuration,APPLICATION,hindsigh filter configuration,TRUE,"{""store_hy"": {""s1_name"": 1, ""s2_name"": 2, ""s3_name"": 3, ""s4_name"": 4, ""s5_name"": 5}, ""product_hy"": {""l0_name"": 1, ""l1_name"": 2, ""l2_name"": 3, ""l3_name"": 4}, ""tile_group"": [], ""metric_group"": [""st"", ""margin_percent"", ""revenue"", ""qty""], ""product_sub_hy"": {""size"": 7, ""style"": 5, ""article"": 6, ""carryover_new_flag"": 8}, ""tree_size_group"": [""qty"", ""margin"", ""receipts_dollar"", ""receipts_quantity"", ""article"", ""style"", ""discount_percent"", ""st"", ""aur"", ""aps"", ""auc"", ""store_code"", ""bop"", ""eop""], ""bubble_size_group"": [""revenue"", ""qty"", ""margin"", ""receipts_dollar"", ""receipts_quantity"", ""article"", ""style"", ""discount_percent"", ""st"", ""aur"", ""aps"", ""auc"", ""store_code"", ""bop"", ""eop""], ""pareto_size_group"": [""revenue"", ""qty"", ""margin"", ""receipts_dollar"", ""receipts_quantity"", ""article"", ""style"", ""discount_percent"", ""st"", ""aur"", ""aps"", ""auc"", ""store_code"", ""bop"", ""eop""], ""filter_applied_data"": [{""key"": ""clearance"", ""value"": true, ""column_name"": ""Only Clearance Sales""}, {""key"": ""clearance"", ""value"": false, ""column_name"": ""Only Regular sales""}, {""key"": ""carryover_new_flag"", ""value"": ""new"", ""column_name"": ""Only New sales""}, {""key"": ""carryover_new_flag"", ""value"": ""carryover"", ""column_name"": ""Only Carryover sales""}], ""component_default_group"": [""channel"", ""fiscal_week"", ""clearance""], ""filter_keys_with_display_name"": {""st"": ""ST%"", ""aps"": ""APS"", ""auc"": ""AUC"", ""aur"": ""AUR"", ""bop"": ""BOP"", ""eop"": ""EOP"", ""qty"": ""Quantity Sold"", ""size"": ""Size"", ""style"": ""No of styles sold"", ""margin"": ""GrossMargin $"", ""article"": ""No of style color sold"", ""channel"": ""Channel"", ""revenue"": ""Revenue%"", ""clearance"": ""Clearance"", ""store_code"": ""No of stores "", ""fiscal_week"": ""Fiscal week"", ""margin_percent"": ""Margin%"", ""receipts_dollar"": ""Receipt $"", ""discount_percent"": ""Discount %"", ""receipts_quantity"": ""Receipts Qty"", ""carryover_new_flag"": ""New & Carryover""}, ""tile_with_component_combination"": {}}",2,TRUE,
2,planning_level_hierarchy,APPLICATION,budget planning hierarchy,TRUE,"{""value"": [""l0_name"", ""l1_name"", ""l2_name"", ""l3_name""]}",2,FALSE,
253,assort_smart_screen_configuration,string,screen wise configuration for client,TRUE,"{""1.1"": {""ecomm_store_codes"": [""STB""], ""selected_attributes"": [""performance"", ""product""], ""channel_exclude_in_1.1"": [""Online_Outlet""], ""assort_frozen_product_attr"": [""selling_collection"", ""fabrication""], ""assort_channel_type_selection_1.1"": ""single""}, ""1.2"": {""mapFilters"": [""region""], ""attributeFilter"": ""single""}, ""2.1"": {""validate_cluster_error"": true, ""budget_optimization_level"": [""l2_name"", ""carryover"", ""l3_name""], ""fiscal_month_mapping_with_name"": {""1"": ""February"", ""2"": ""March"", ""3"": ""April"", ""4"": ""May"", ""5"": ""June"", ""6"": ""July"", ""7"": ""August"", ""8"": ""September"", ""9"": ""October"", ""10"": ""November"", ""11"": ""December"", ""12"": ""January""}}, ""2.2"": {""depth_first"": true}, ""2.3"": {""show_dropship"": true, ""assort_wedge_download"": ""multiple"", ""style_msg_not_required"": true}, ""common"": {""drop_key"": ""launch"", ""flow_key"": ""delivery"", ""plan_sub_step"": ""review_target"", ""db_schema_name"": ""assort_smart"", ""display_drop_key"": ""Delivery Name"", ""display_flow_key"": ""Launch Name"", ""show_style_level"": true, ""show_product_image"": true, ""endpoint_project_name"": ""assort-smart"", ""show_store_eligiblity"": true, ""plan_step_names_assort"": {""3"": ""Sent for approval"", ""4"": ""Approved"", ""1.1"": ""Cluster Input"", ""1.2"": ""Finalize Cluster"", ""2.1"": ""Plan"", ""2.2"": ""Depth & Style"", ""2.3"": ""Wedge"", ""2.4"": ""Proposed Investment"", ""Final_Action"": ""Send for approval""}, ""hide_compare_cluster_table"": true, ""non_generic_features_assort"": {""2.4"": [""Core ProductsSize""]}, ""assort_sidebar_value_exclude"": """"}, ""dashboard"": {""display_levels"": [""l0_name"", ""l1_name"", ""l2_name""], ""download_level"": [""plan_level"", ""channel_level""], ""assort_drop_value"": [""1"", ""2"", ""3""], ""assort_year_value"": [2021, 2022, 2023, 2024, 2025, 2026, 2027], ""assort_selling_period_value"": {""enable_end_days"": [""Saturday""], ""enable_start_days"": [""Sunday""]}}, ""hindsight"": {""tree_graph_setting"": {""filters"": {""Graph Filters"": ""Tree Graph Filters"", ""Heirarchy Filters"": ""Tree Hierarchy Filters""}, ""metrics"": {""Metrics-Weightage"": """"}, ""settings"": {""Graph Settings"": ""Tree Graph Settings""}}, ""channel_exclude_in_hindsight"": [""Ecom"", ""Wholesale""]}, ""wedge_default_sorted_columns"": [""Launch Name""]}",2,FALSE,
232,plan_attributes,APPLICATION,additional_attributes,TRUE,"{""value"": {""store"": [""district"", ""state"", ""store_name"", ""channel"", ""store_type""], ""product"": [""l0_name"", ""l1_name"", ""l2_name"", ""l3_name"", ""fabrication"", ""color"", ""style_description"", ""selling_collection"", ""receipt_date"", ""launch_date"", ""clearance_start_date"", ""clearance_end_date""]}}",1,FALSE,
138,add_order_type,APPLICATION,add_order_type,TRUE,"{""value"": true}",1,FALSE,
217,plan_smart_cond_frmt,APPLICATION,plan_smart_cond_frmt,TRUE,"{""value"": {""GM %"": {""value"": ""margin_per"", ""max_val"": 50, ""min_val"": 20, ""max_color"": ""#008000"", ""min_color"": ""#FF0000""}, ""EOP $"": {""value"": ""eop_dollars"", ""max_val"": 50, ""min_val"": 20, ""max_color"": ""#008000"", ""min_color"": ""#FF0000""}, ""GMROI"": {""value"": ""gmroi"", ""max_val"": 50, ""min_val"": 20, ""max_color"": ""#008000"", ""min_color"": ""#FF0000""}, ""Turn $"": {""value"": ""turn_dollars"", ""max_val"": 50, ""min_val"": 20, ""max_color"": ""#008000"", ""min_color"": ""#FF0000""}, ""BOP AUC"": {""value"": ""bop_auc"", ""max_val"": 50, ""min_val"": 20, ""max_color"": ""#008000"", ""min_color"": ""#FF0000""}, ""BOP AUR"": {""value"": ""bop_aur"", ""max_val"": 50, ""min_val"": 20, ""max_color"": ""#008000"", ""min_color"": ""#FF0000""}, ""EOP AUR"": {""value"": ""eop_aur"", ""max_val"": 50, ""min_val"": 20, ""max_color"": ""#008000"", ""min_color"": ""#FF0000""}, ""Sales $"": {""value"": ""sales"", ""max_val"": 30, ""min_val"": 20, ""max_color"": ""#008000"", ""min_color"": ""#FF0000""}, ""BOP Cost"": {""value"": ""bop_cost"", ""max_val"": 50, ""min_val"": 20, ""max_color"": ""#008000"", ""min_color"": ""#FF0000""}, ""EOP Cost"": {""value"": ""eop_cost"", ""max_val"": 50, ""min_val"": 20, ""max_color"": ""#008000"", ""min_color"": ""#FF0000""}, ""BOP Units"": {""value"": ""bop_units"", ""max_val"": 50, ""min_val"": 20, ""max_color"": ""#008000"", ""min_color"": ""#FF0000""}, ""EOP Units"": {""value"": ""eop_units"", ""max_val"": 50, ""min_val"": 20, ""max_color"": ""#008000"", ""min_color"": ""#FF0000""}, ""Receipt $"": {""value"": ""rcpt_dollars"", ""max_val"": 50, ""min_val"": 20, ""max_color"": ""#008000"", ""min_color"": ""#FF0000""}, ""Turn Cost"": {""value"": ""turn_cost"", ""max_val"": 50, ""min_val"": 20, ""max_color"": ""#008000"", ""min_color"": ""#FF0000""}, ""Discount %"": {""value"": ""disc"", ""max_val"": 50, ""min_val"": 20, ""max_color"": ""#008000"", ""min_color"": ""#FF0000""}, ""On Order $"": {""value"": ""oo_dollars"", ""max_val"": 50, ""min_val"": 20, ""max_color"": ""#008000"", ""min_color"": ""#FF0000""}, ""Turn Units"": {""value"": ""turn_units"", ""max_val"": 50, ""min_val"": 20, ""max_color"": ""#008000"", ""min_color"": ""#FF0000""}, ""Receipt AUC"": {""value"": ""rcpt_auc"", ""max_val"": 50, ""min_val"": 20, ""max_color"": ""#008000"", ""min_color"": ""#FF0000""}, ""Receipt AUR"": {""value"": ""rcpt_aur"", ""max_val"": 50, ""min_val"": 20, ""max_color"": ""#008000"", ""min_color"": ""#FF0000""}, ""Sales Units"": {""value"": ""qty"", ""max_val"": 30, ""min_val"": 20, ""max_color"": ""#008000"", ""min_color"": ""#FF0000""}, ""Comp Sales $"": {""value"": ""comp_dollars"", ""max_val"": 50, ""min_val"": 20, ""max_color"": ""#008000"", ""min_color"": ""#FF0000""}, ""In transit $"": {""value"": ""it_dollars"", ""max_val"": 50, ""min_val"": 20, ""max_color"": ""#008000"", ""min_color"": ""#FF0000""}, ""Receipt Cost"": {""value"": ""rcpt_cost"", ""max_val"": 50, ""min_val"": 20, ""max_color"": ""#008000"", ""min_color"": ""#FF0000""}, ""On Order Cost"": {""value"": ""oo_cost"", ""max_val"": 50, ""min_val"": 20, ""max_color"": ""#008000"", ""min_color"": ""#FF0000""}, ""Receipt Units"": {""value"": ""rcpt_units"", ""max_val"": 50, ""min_val"": 20, ""max_color"": ""#008000"", ""min_color"": ""#FF0000""}, ""Comp Sales AUR"": {""value"": ""comp_aur"", ""max_val"": 50, ""min_val"": 20, ""max_color"": ""#008000"", ""min_color"": ""#FF0000""}, ""On Order Units"": {""value"": ""oo_units"", ""max_val"": 50, ""min_val"": 20, ""max_color"": ""#008000"", ""min_color"": ""#FF0000""}, ""Sell Through %"": {""value"": ""st_perc"", ""max_val"": 50, ""min_val"": 20, ""max_color"": ""#008000"", ""min_color"": ""#FF0000""}, ""In transit Cost"": {""value"": ""it_cost"", ""max_val"": 50, ""min_val"": 20, ""max_color"": ""#008000"", ""min_color"": ""#FF0000""}, ""Comp Sales Units"": {""value"": ""comp_units"", ""max_val"": 50, ""min_val"": 20, ""max_color"": ""#008000"", ""min_color"": ""#FF0000""}, ""In transit Units"": {""value"": ""it_units"", ""max_val"": 50, ""min_val"": 20, ""max_color"": ""#008000"", ""min_color"": ""#FF0000""}, ""Initial Markup %"": {""value"": ""markup_per"", ""max_val"": 50, ""min_val"": 20, ""max_color"": ""#008000"", ""min_color"": ""#FF0000""}, ""Non-Comp Sales $"": {""value"": ""non_comp_dollars"", ""max_val"": 50, ""min_val"": 20, ""max_color"": ""#008000"", ""min_color"": ""#FF0000""}, ""Average Inventory"": {""value"": ""avg_inv"", ""max_val"": 50, ""min_val"": 20, ""max_color"": ""#008000"", ""min_color"": ""#FF0000""}, ""Non-Comp Sales AUR"": {""value"": ""non_comp_aur"", ""max_val"": 50, ""min_val"": 20, ""max_color"": ""#008000"", ""min_color"": ""#FF0000""}, ""Sales $ Build Ratio"": {""value"": ""dollar_build_ratio"", ""max_val"": 50, ""min_val"": 20, ""max_color"": ""#008000"", ""min_color"": ""#FF0000""}, ""Non-Comp Sales Units"": {""value"": ""non_comp_units"", ""max_val"": 50, ""min_val"": 20, ""max_color"": ""#008000"", ""min_color"": ""#FF0000""}, ""Sales Unit Build Ratio"": {""value"": ""qty_build_ratio"", ""max_val"": 50, ""min_val"": 20, ""max_color"": ""#008000"", ""min_color"": ""#FF0000""}}}",4,FALSE,
802,plansmart_planning_config,string,plansmart planning configuration for client,FALSE,"{""SAVE_SF"": ""SAVE_SF"", ""SAVE_SP"": ""save_sp"", ""bucket_keys"": [""clr_"", ""fp_"", ""total_""], ""SAVE_SF_TO_WF"": ""SAVE_SF_TO_WF"", ""SAVE_SP_TO_WP"": ""SAVE_SP_TO_WP"", ""pivotViewOptions"": [{""label"": ""KPI View"", ""value"": ""kpi_view""}, {""label"": ""Timeline View"", ""value"": ""tmln_view""}, {""label"": ""Product Hierarchy view"", ""value"": ""prd_hier_view""}, {""label"": ""Version View"", ""value"": ""ver_view""}], ""saveAsWarningMsg"": {""final_plan"": ""Existing final plan will be overwritten, do you want to proceed?"", ""regular_plan"": ""Existing working plan will be overwritten, do you want to proceed?"", ""final_forecast"": ""Existing final forecast will be overwritten, do you want to proceed?""}, ""referenceKeyMetrics"": {""compare"": ""compare"", ""current"": ""current"", ""variance"": ""variance"", ""forcasted"": ""forecasted"", ""variance_fcst"": ""variance_fcst""}, ""referencePercentArr"": [""variance"", ""variance_fcst""], ""N_SEASON_STATUS_CODES"": [3, 4, 5], ""disablePlanningScreen"": [1, 5], ""save_as_dropdown_list"": [{""label"": ""Save Plan"", ""value"": ""save_sp"", ""status"": [2, 3], ""viewMode"": false}, {""label"": ""Save as WP"", ""value"": ""SAVE_SP_TO_WP"", ""status"": [2], ""viewMode"": true, ""disableOption"": true}, {""label"": ""Save as WF"", ""value"": ""SAVE_SF_TO_WF"", ""status"": [3], ""viewMode"": true, ""disableOption"": true}], ""metrics_with_formatter"": {""aps"": {""type"": ""int"", ""fixTo"": 0, ""formatter"": ""roundOff"", ""inputAttribute"": """"}, ""auc"": {""type"": ""dollar"", ""fixTo"": 2, ""formatter"": ""roundOfftoTwoDecimals"", ""inputAttribute"": ""$"", ""is_default_editable"": {""in_season"": {""current"": true}, ""pre_season"": {""current"": true}}}, ""aur"": {""type"": ""dollar"", ""fixTo"": 2, ""formatter"": ""roundOfftoTwoDecimals"", ""inputAttribute"": ""$"", ""is_default_editable"": {""in_season"": {""current"": true}, ""pre_season"": {""current"": true}}}, ""qty"": {""type"": ""int"", ""fixTo"": 0, ""formatter"": ""roundOff"", ""typeFormat"": ""number"", ""inputAttribute"": """", ""is_default_editable"": {""in_season"": {""current"": true, ""variance"": true}, ""pre_season"": {""current"": true, ""variance"": true}}}, ""wos"": {""type"": ""int"", ""fixTo"": 0, ""formatter"": ""roundOff"", ""typeFormat"": ""number"", ""inputAttribute"": """"}, ""cost"": {""type"": ""dollar"", ""fixTo"": 0, ""formatter"": ""roundOff"", ""inputAttribute"": ""$""}, ""disc"": {""type"": ""percentage"", ""fixTo"": 2, ""formatter"": ""roundOfftoTwoDecimals"", ""inputAttribute"": ""%""}, ""msrp"": {""type"": ""dollar"", ""fixTo"": 2, ""formatter"": ""roundOfftoTwoDecimals"", ""inputAttribute"": ""$""}, ""gmroi"": {""type"": ""dollar"", ""fixTo"": 0, ""formatter"": ""roundOff"", ""typeFormat"": ""number"", ""inputAttribute"": """"}, ""sales"": {""type"": ""dollar"", ""fixTo"": 0, ""formatter"": ""roundOff"", ""inputAttribute"": ""$"", ""is_default_editable"": {""in_season"": {""current"": true, ""variance"": true}, ""pre_season"": {""current"": true, ""variance"": true}}}, ""margin"": {""type"": ""dollar"", ""fixTo"": 0, ""formatter"": ""roundOff"", ""inputAttribute"": ""$""}, ""avg_inv"": {""type"": ""int"", ""fixTo"": 0, ""formatter"": ""roundOff"", ""typeFormat"": ""number"", ""inputAttribute"": """"}, ""bop_auc"": {""type"": ""dollar"", ""fixTo"": 2, ""formatter"": ""roundOfftoTwoDecimals"", ""inputAttribute"": ""$""}, ""bop_aur"": {""type"": ""dollar"", ""fixTo"": 2, ""formatter"": ""roundOfftoTwoDecimals"", ""inputAttribute"": ""$""}, ""eop_auc"": {""type"": ""dollar"", ""fixTo"": 2, ""formatter"": ""roundOfftoTwoDecimals"", ""inputAttribute"": ""$""}, ""eop_aur"": {""type"": ""dollar"", ""fixTo"": 2, ""formatter"": ""roundOfftoTwoDecimals"", ""inputAttribute"": ""$""}, ""it_cost"": {""type"": ""dollar"", ""fixTo"": 0, ""formatter"": ""roundOff"", ""inputAttribute"": ""$""}, ""oo_cost"": {""type"": ""dollar"", ""fixTo"": 0, ""formatter"": ""roundOff"", ""inputAttribute"": ""$""}, ""st_perc"": {""type"": ""percentage"", ""fixTo"": 2, ""formatter"": ""roundOfftoTwoDecimals"", ""inputAttribute"": ""%""}, ""bop_cost"": {""type"": ""dollar"", ""fixTo"": 0, ""formatter"": ""roundOff"", ""inputAttribute"": ""$""}, ""comp_aur"": {""type"": ""dollar"", ""fixTo"": 2, ""formatter"": ""roundOfftoTwoDecimals"", ""inputAttribute"": ""$""}, ""eop_cost"": {""type"": ""dollar"", ""fixTo"": 0, ""formatter"": ""roundOff"", ""inputAttribute"": ""$""}, ""it_units"": {""type"": ""int"", ""fixTo"": 0, ""formatter"": ""roundOff"", ""typeFormat"": ""number"", ""inputAttribute"": """"}, ""oo_units"": {""type"": ""int"", ""fixTo"": 0, ""formatter"": ""roundOff"", ""typeFormat"": ""number"", ""inputAttribute"": """"}, ""rcpt_auc"": {""type"": ""dollar"", ""fixTo"": 2, ""formatter"": ""roundOfftoTwoDecimals"", ""inputAttribute"": ""$""}, ""rcpt_aur"": {""type"": ""dollar"", ""fixTo"": 2, ""formatter"": ""roundOfftoTwoDecimals"", ""inputAttribute"": ""$""}, ""bop_units"": {""type"": ""int"", ""fixTo"": 0, ""formatter"": ""roundOff"", ""typeFormat"": ""number"", ""inputAttribute"": """", ""is_default_editable"": {""pre_season"": {""current"": true}}}, ""eop_units"": {""type"": ""int"", ""fixTo"": 0, ""formatter"": ""roundOff"", ""typeFormat"": ""number"", ""inputAttribute"": """"}, ""rcpt_cost"": {""type"": ""dollar"", ""fixTo"": 0, ""formatter"": ""roundOff"", ""inputAttribute"": ""$""}, ""turn_cost"": {""type"": ""int"", ""fixTo"": 0, ""formatter"": ""roundOff"", ""typeFormat"": ""number"", ""inputAttribute"": """"}, ""comp_units"": {""type"": ""int"", ""fixTo"": 0, ""formatter"": ""roundOff"", ""typeFormat"": ""number"", ""inputAttribute"": """"}, ""it_dollars"": {""type"": ""dollar"", ""fixTo"": 0, ""formatter"": ""roundOff"", ""inputAttribute"": ""$""}, ""margin_per"": {""type"": ""percentage"", ""fixTo"": 2, ""formatter"": ""roundOfftoTwoDecimals"", ""inputAttribute"": ""%"", ""is_default_editable"": {""pre_season"": {""current"": true}}}, ""markup_per"": {""type"": ""percentage"", ""fixTo"": 2, ""formatter"": ""roundOfftoTwoDecimals"", ""inputAttribute"": ""%""}, ""oo_dollars"": {""type"": ""dollar"", ""fixTo"": 0, ""formatter"": ""roundOff"", ""inputAttribute"": ""$""}, ""rcpt_units"": {""type"": ""int"", ""fixTo"": 0, ""formatter"": ""roundOff"", ""typeFormat"": ""number"", ""inputAttribute"": """", ""is_default_editable"": {""in_season"": {""current"": true}, ""pre_season"": {""current"": true}}}, ""turn_units"": {""type"": ""int"", ""fixTo"": 0, ""formatter"": ""roundOff"", ""typeFormat"": ""number"", ""inputAttribute"": """"}, ""bop_dollars"": {""type"": ""dollar"", ""fixTo"": 0, ""formatter"": ""roundOff"", ""inputAttribute"": ""$""}, ""eop_dollars"": {""type"": ""dollar"", ""fixTo"": 0, ""formatter"": ""roundOff"", ""inputAttribute"": ""$""}, ""comp_dollars"": {""type"": ""dollar"", ""fixTo"": 0, ""formatter"": ""roundOff"", ""inputAttribute"": ""$""}, ""non_comp_aur"": {""type"": ""dollar"", ""fixTo"": 2, ""formatter"": ""roundOfftoTwoDecimals"", ""inputAttribute"": ""$""}, ""rcpt_dollars"": {""type"": ""dollar"", ""fixTo"": 0, ""formatter"": ""roundOff"", ""inputAttribute"": ""$""}, ""turn_dollars"": {""type"": ""int"", ""fixTo"": 0, ""formatter"": ""roundOff"", ""typeFormat"": ""number"", ""inputAttribute"": """"}, ""non_comp_units"": {""type"": ""int"", ""fixTo"": 0, ""formatter"": ""roundOff"", ""typeFormat"": ""number"", ""inputAttribute"": """"}, ""qty_build_ratio"": {""type"": ""int"", ""fixTo"": 0, ""formatter"": ""roundOff"", ""inputAttribute"": """"}, ""non_comp_dollars"": {""type"": ""dollar"", ""fixTo"": 0, ""formatter"": ""roundOff"", ""inputAttribute"": ""$""}, ""dollar_build_ratio"": {""type"": ""int"", ""fixTo"": 0, ""formatter"": ""roundOff"", ""inputAttribute"": """"}}, ""PRE_SEASON_STATUS_CODES"": [0, 1, 2], ""MAX_ROW_ALLOWED_FOR_COMPARE"": 7, ""trackHiddenMetricOverallHierarchyKey"": ""overall"", ""SHOW_METRIC_MAX_ROW_ALLOWED_ERROR_MSG"": ""Max 7 are allowed, Please hide metrics or remove version"", ""trackHiddenMetricReferenceHierarchyKey"": ""reference""}",4,FALSE,
1892,plansmart_generation_hierarchy,APPLICATION,hierarchy list for plan generation query,TRUE,"{""value"": {""add_hier"": [""product_code""], ""in-season"": [""l0_name"", ""l1_name"", ""l2_name"", ""l4_name""], ""pre-season"": [""l0_name"", ""l1_name"", ""l2_name""], ""display_level"": [""l0_name"", ""l1_name"", ""l2_name""]}}",4,FALSE,
230,core_screen_configuration,APPLICATION,module wise configuration for client- core,TRUE,"{""dynamicLabels"": {""Store"": ""Store Band"", ""product"": ""Product"", ""product_id"": ""Product ID"", ""product_type"": ""Product Type"", ""product_view"": ""Product View"", ""product_rules"": ""Product Rules"", ""product_filter"": ""Product Filter"", ""product_status"": ""Product Status"", ""vendor_product"": ""Vendor Product"", ""product_mapping"": ""Product Mapping"", ""product_profile"": ""Product Profile"", ""product_grouping"": ""Product Grouping"", ""product_unit_definition"": ""Product Unit Definition""}, ""productGrouping"": {""hiddenModules"": [""grouping_definitions""]}, ""dynamicLabelKeys"": {""style"": ""primary_sku""}, ""showSearchModalBtn"": true, ""mapping_date_filter"": true, ""mapping_download_csv"": true, ""MappingExceptionModule"": {""MAX_END_DATE"": ""2050-12-31"", ""MIN_START_DATE"": ""2022-12-01"", ""CLIENT_TABLE_DISPLAY_STATUS"": ""Unmapped"", ""BY_DEFAULT_DATE_DISPLAY_NEW_EXCEPTION"": ""{[2022-12-01,2050-12-31]}""}, ""productStoreMappingException"": {""file_upload"": true}}",3,FALSE,
24,fiscal_month_mapping_with_name,APPLICATION,month mapping,TRUE,"{""value"": {""1"": ""February"", ""2"": ""March"", ""3"": ""April"", ""4"": ""May"", ""5"": ""June"", ""6"": ""July"", ""7"": ""August"", ""8"": ""September"", ""9"": ""October"", ""10"": ""November"", ""11"": ""December"", ""12"": ""January""}}",2,FALSE,
203,vendor_status_product_attributes,APPLICATION,vendor_status_product_attributes,TRUE,"{""value"": [""l0_name"", ""l1_name"", ""l2_name"", ""l3_name"", ""style"", ""color_code""]}",3,FALSE,
1889,aggregation_level,APPLICATION,aggregation level of client,TRUE,"{""value"": ""l4_name""}",3,FALSE,
7,planning_hierarchy,APPLICATION,planning hierarchy,TRUE,"{""value"": ""l4_name""}",2,FALSE,
30,assort_default_channel,APPLICATION,defalut channel for tenant,TRUE,"{""value"": ""Full Line Retail""}",2,FALSE,
31,plan_step_names_assort,APPLICATION,non_generic_features_assort,TRUE,"{""3"": ""Sent for approval"", ""4"": ""Approved"", ""1.1"": ""Cluster Input"", ""1.2"": ""Finalize Cluster"", ""2.1"": ""Plan"", ""2.2"": ""Depth & Choice"", ""2.3"": ""Wedge"", ""2.4"": ""Proposed Investment"", ""Final_Action"": ""Send for approval""}",2,FALSE,
104,channel_exclude_in_1.1,APPLICATION,channels to exclude in 1.1 screen,TRUE,"{""value"": [""Online_Outlet""]}",2,FALSE,
29,non_generic_features_assort,APPLICATION,non_generic_features_assort,TRUE,"{""2.4"": [""Core ProductsSize""]}",2,FALSE,
219,inventory_constraints_client_columns,string,inventory client specific columns,FALSE,"{""value"": [""selldown_date"", ""launch_date"", ""retirement_date"", ""clearance_start_date"", ""clearance_end_date""]}",1,FALSE,
233,default_store_groups,APPLICATION,Default  Store group created at channel level. SHOULD NOT BE DELETED!,TRUE,"{""Full Line Retail"": 599, ""Factory Line Retail"": 598}",1,FALSE,
250,Alert Configuration,APPLICATION,Alert Configuration,TRUE,"[{""id"": 1, ""attribute_name"": ""top_n_percentage"", ""attribute_value"": ""25""}, {""id"": 2, ""attribute_name"": ""top_n_lookback_days"", ""attribute_value"": ""28""}, {""id"": 3, ""attribute_name"": ""shortfall_full_line_wos"", ""attribute_value"": ""1""}, {""id"": 4, ""attribute_name"": ""shortfall_factory_line_wos"", ""attribute_value"": ""1""}, {""id"": 5, ""attribute_name"": ""stockout_full_line_wos"", ""attribute_value"": ""1""}, {""id"": 6, ""attribute_name"": ""stockout_factory_line_wos"", ""attribute_value"": ""1""}, {""id"": 7, ""attribute_name"": ""excess_full_line_wos"", ""attribute_value"": ""12""}, {""id"": 8, ""attribute_name"": ""excess_factory_line_wos"", ""attribute_value"": ""7""}, {""id"": 9, ""attribute_name"": ""casepack_full_line"", ""attribute_value"": ""0.9""}, {""id"": 10, ""attribute_name"": ""casepack_factory_line"", ""attribute_value"": ""0.75""}, {""id"": 11, ""attribute_name"": ""po_to_allocate_lookahead_days"", ""attribute_value"": ""90""}, {""id"": 12, ""attribute_name"": ""selldown_lookahead_days"", ""attribute_value"": ""1""}, {""id"": 13, ""attribute_name"": ""full_line_variance_thresold"", ""attribute_value"": ""35""}, {""id"": 14, ""attribute_name"": ""factory_line_variance_thresold"", ""attribute_value"": ""35""}]",1,TRUE,
25,assort_hierarchy,APPLICATION,assort hierarchy,TRUE,"{""value"": [""l0_name"", ""l1_name"", ""l2_name"", ""l3_name"", ""sub_channel"", ""channel"", ""launch""], ""level_keys"": [""l0_name"", ""l1_name"", ""l2_name"", ""l3_name"", ""sub_channel"", ""channel"", ""launch"", ""delivery"", ""wedge_level""], ""level_ch_sc"": [""l0_name"", ""l1_name"", ""l2_name"", ""l3_name"", ""channel"", ""sub_channel""], ""level_launch"": [""l0_name"", ""l1_name"", ""l2_name"", ""l3_name"", ""launch""], ""level_delivery"": [""l0_name"", ""l1_name"", ""l2_name"", ""l3_name"", ""channel"", ""launch""], ""wdg_metric_level"": [""l1_name"", ""l2_name"", ""l3_name"", ""cluster_code""]}",2,TRUE,
26,assort_drop_value,APPLICATION,assort drop value,TRUE,"{""value"": [""1"", ""2"", ""3""]}",2,FALSE,
27,plan_metrics_list,APPLICATION,plansmart_metrics_list,TRUE,"{""value"": {""Price"": {""AUR"": ""aur"", ""MSRP"": ""msrp"", ""Discount"": ""discount""}, ""Sales"": {""Sales"": ""sales"", ""Quantity"": ""quantity""}, ""Margin"": {""Margin"": ""margin"", ""Margin %"": ""margin_percent""}, ""Receipt"": {""Receipt $"": ""rcpt_dollars"", ""Receipt Unit"": ""rcpt_units""}, ""Markdown"": {""Gross Markdown %"": ""grossmd_percent"", ""Gross markdown $"": ""grossmd_dollars""}, ""Inventory"": {""EOP"": ""eop_units"", ""Sell through %"": ""st_percent""}, ""Cost of Sales"": {""Cost"": ""cost""}}}",2,FALSE,
223,whatfix_url,APPLICATION,platform whatfix url,TRUE,"{""value"": ""https://whatfix.com/7aed52c2-cea5-451e-8310-ab7609db8800/embed/embed.nocache.js""}",3,FALSE,
206,size_mapping_level,APPLICATION,size mapping level,TRUE,"{""value"": [""channel""]}",1,FALSE,
199,plansmart_selling_period_value,APPLICATION,plansmart_selling_period_value,TRUE,"{""value"": {""enable_end_days"": [""Saturday""], ""enable_start_days"": [""Sunday""]}}",4,FALSE,
200,seed_with,APPLICATION,seed with,TRUE,"{""value"": [""IAF"", ""LY"", ""LLY"", ""OP"", ""OF"", ""WF""]}",4,FALSE,
32,core_show_style_level_info,APPLICATION,show style level information in tables across core,TRUE,"{""value"": true}",3,FALSE,
33,core_show_create_product_store_dc,APPLICATION,"show the create icon in product, store or DC screens",TRUE,"{""value"": false}",3,FALSE,
216,inventory_smart_screen_configuration,string,module wise configuration for client,TRUE,"{""isV3"": [""warmupAllocation"", ""allocation"", ""bulkEditPopUp"", ""bulkEdit"", ""storeDetails"", ""productDetails"", ""productStoreDetails"", ""productDetailsSummary"", ""storeDetailsSummary"", ""storeCapacityBreach""], ""finalize"": {""subComponent"": ""triageButton"", ""clearNotification"": true}, ""dashboard"": {""drillDown"": {""hidden"": [""forecast_alerts"", ""kpi_alerts_count""], ""kpiTabs"": [""store"", ""dc""], ""alertTabs"": [""forecast"", ""allocation""], ""showTotalAllocated"": true}, ""subComponent"": ""dashboardWithStoreInventory""}, ""tickersList"": [{""label"": ""Inventory:"", ""value"": ""refresh_date""}, {""label"": ""Transaction:"", ""value"": ""transaction_date""}], ""order_triage"": {""drillDown"": {""hidden"": [""order_batching_plan_name""], ""customFilters"": [{""type"": ""non-cascaded"", ""extra"": {}, ""label"": ""Order Type"", ""level"": 1, ""dimension"": ""custom"", ""range_max"": """", ""range_min"": """", ""column_name"": ""order_type"", ""initialData"": [{""label"": ""Replenishment"", ""value"": ""R""}, {""label"": ""Launch"", ""value"": ""L""}, {""label"": ""Promotional"", ""value"": ""P""}, {""label"": ""Expedited"", ""value"": ""E""}], ""is_disabled"": false, ""is_required"": false, ""display_type"": ""dropdown"", ""is_clearable"": true, ""is_mandatory"": false, ""default_value"": """", ""display_order"": 1, ""filter_keyword"": ""order_type"", ""is_multiple_selection"": true}]}}, ""dynamicLabels"": {""aps"": ""APS"", ""wos"": ""FWOS"", ""sku_id"": ""SKU ID"", ""article"": ""Product"", ""product"": ""Product"", ""store_group"": ""Store Band Groups/Stores Mapped"", ""style_color"": ""Style ID"", ""store_number"": ""Store Number"", ""product_rules"": ""Product Rules"", ""article_number"": ""Style Color ID"", ""product_status"": ""Product Status"", ""product_mapping"": ""Product Mapping"", ""sku_dispcription"": ""SKU Description"", ""article_unique_id"": ""primary_sku"", ""user_def_inv_perc"": ""Fixed Inv. % Push"", ""article_description"": ""Product Description"", ""net_available_inventory"": ""Current Available to Allocate""}, ""hiddenModules"": [""inventorysmart_order_management"", ""inventorySmart_order_management_deep_drive"", ""inventorySmart_order_management_create_scenario"", ""inventorysmart_order_repository"", ""inventorysmart_create_new_order"", ""MFP ADA Dashboard""], ""roleBasedAccess"": false, ""infiniteScrolling"": [""strategy__article__details"", ""dashboardClientSide"", ""dashboard""], ""inventorysmart_constraints"": {""drillDown"": {""hidden"": [""sma"", ""user_reserve"", ""store_allocations"", ""constraints_oms"", ""constraints_status"", ""constraints_delivery"", ""constraints_ordering"", ""constraints_safety_stock"", ""constraints_order_policy"", ""constraints_lead_time"", ""constraints_qc_time""], ""readonlyFormFields"": [{""label"": ""Channel : "", ""accessor"": ""channel"", ""field_type"": ""readOnly""}, {""label"": ""Category : "", ""accessor"": ""l0_name"", ""field_type"": ""readOnly""}, {""label"": ""Department : "", ""accessor"": ""l1_name"", ""field_type"": ""readOnly""}, {""label"": ""Size : "", ""accessor"": ""size"", ""field_type"": ""readOnly""}]}}, ""inventorysmart_configuration"": {""drillDown"": {""hiddenTabs"": [""product store inventory source mapping"", ""dc lead time"", ""Store Capacity"", ""user maintained dates"", ""priority code""]}, ""excelDownload"": [""product_rule""]}, ""inventorysmart_new_store_setup"": {""drillDown"": {""store_opening_label_constants"": [""Reservation Start Date"", ""Store Opening Delivery Date""], ""sister_store_mapping_hierarchy"": ""l2_name""}}, ""inventorysmart_rules_constraint"": {}, ""restrictServerSideExcelDownload"": true, ""inventorysmart_allocation_report"": {""drillDown"": {""hidden"": [""in_stock"", ""excess_report"", ""model_stock_deep_dive"", ""lost_sales_with_fiscal_calendar"", ""forecast_reports"", ""future_receipts"", ""additional_reports"", ""reports_oms"", ""allocation_reporting"", ""vendor_projections"", ""drop_ship"", ""intentional_min_reports"", ""dc_availability_report"", ""forecast_variance_report"", ""forward_looking_report"", ""lost_sales_with_graph""], ""defaultActiveReport"": ""lost_sales"", ""dailyAllocationSummaryLabels"": [{""key"": ""allocation_count"", ""label"": ""# of Allocation""}, {""key"": ""style_color_count"", ""label"": ""# of Style Allocation""}, {""key"": ""unit_allocated"", ""label"": ""# of Unit Allocation""}, {""key"": ""dc_available"", ""label"": ""DC Net Available Inv""}], ""restrictReportDownloadBasedOn"": [""l1_name""]}}, ""inventorysmart_create_allocation"": {}, ""inventorysmart_exception_constraint"": {}, ""inventorysmart_create_product_profile"": {""drillDown"": {""salesAttributes"": [], ""maxPriceAttribute"": 9999}}, ""inventorysmart_product_supersession_v3"": true}",1,FALSE,
1911,display_levels,APPLICATION,To know what all levels that modules can display,FALSE,"{""value"": {""store"": {""levels"": [""store""], ""default"": ""store""}, ""product"": {""default"": ""primary_sku"", ""hidden_levels"": [""product""]}}, ""productGrouping"": {""default"": ""product"", ""hidden_levels"": [""primary_sku""]}}",3,FALSE,
36,inventory_reports_tenant_config,APPLICATION,Inventory Smart reporting common client columns,TRUE,"{""value"": {""common_columns"": [], ""daily_allocation_columns"": []}}",1,FALSE,
4,user_hierarchies,APPLICATION,user_hierarchies,TRUE,"{""store"": [{""name"": ""psa_name"", ""label"": ""Store Band""}], ""product"": [{""name"": ""l0_name"", ""label"": ""Plan ID""}, {""name"": ""l1_name"", ""label"": ""Department""}, {""name"": ""l3_name"", ""label"": ""Class""}, {""name"": ""l4_name"", ""label"": ""Sub Class""}]}",6,FALSE,
63,extra_attributes,APPLICATION,attributes like sku is present or not,TRUE,"{""value"": [""sku""]}",3,FALSE,
75,core_show_fc_level_view,APPLICATION,show FC level view in core modules,TRUE,"{""value"": false}",3,FALSE,
8,budget_planning_hierarchy,APPLICATION,budget planning hierarchy,TRUE,"{""value"": ""l2_name""}",2,FALSE,
9,max_kpi_cluster,APPLICATION,max_kpi_cluster,TRUE,"{""value"": 3}",2,FALSE,
10,min_kpi_cluster,APPLICATION,min_kpi_cluster,TRUE,"{""value"": 1}",2,FALSE,
11,min_attribute_cluster,APPLICATION,min_kpi_cluster,TRUE,"{""value"": 1}",2,FALSE,
12,max_attribute_cluster,APPLICATION,max_attribute_cluster,TRUE,"{""value"": 3}",2,FALSE,
13,budget_threshold,APPLICATION,budget_threshold,TRUE,"{""value"": 5}",2,FALSE,
16,max_threshold,APPLICATION,max_thresh,TRUE,"{""value"": 1.25}",2,FALSE,
18,penetration_threshold,APPLICATION,penetration_threshold,TRUE,"{""value"": 0.05}",2,FALSE,
19,default_cc_constraint,APPLICATION,default_cc_constraint,TRUE,"{""value"": 1.1}",2,FALSE,
401,test,APPLICATION,test1,TRUE,"{""x"": ""y""}",4,FALSE,
218,assort_frozen_product_attr,APPLICATION,1-1 screen frozen product attributes,TRUE,"{""value"": [""selling_collection""]}",2,FALSE,
246,inv_freq_day_of_week,APPLICATION,day of week for which client has inventory,TRUE,"{""value"": 5}",2,FALSE,
52,fuc_mapping_config_type,APPLICATION,To set fuc mapping to global/screen level,TRUE,"{""save_level"": ""All"", ""save_limit"": 50, ""config_type"": ""global-screen"", ""quick_filter_load"": true}",3,TRUE,
771,new_store_retail_facility_code_flag,APPLICATION,This flag is used in RL to to replace store_code with retail_facility_code,FALSE,"{""value"": false}",1,FALSE,
243,filter_attribute_exclusion_values,APPLICATION,Values to be excluded in filter dropdown.,TRUE,"{""value"": {""store"": {""dc_flag"": [""true""]}}}",1,FALSE,
228,tenant_time_config,TENANT,Time configuration for tenant,TRUE,"{""value"": {""time_zone"": ""US/eastern"", ""time_format"": ""YYYY-MM-DD""}}",3,FALSE,
212,article_division_level,APPLICATION,article_division_level,TRUE,"{""value"": [""l0_name"", ""l1_name"", ""l2_name""]}",1,FALSE,
1721,article_status_tag_exclusion,APPLICATION,Article status tag filter,TRUE,"{""value"": {""article_status_tag"": [{""type"": ""list"", ""values"": [""Old""], ""operator"": ""not in""}]}}",1,FALSE,
1752,ecom_check,APPLICATION,Check if store is ecom,TRUE,"{""value"": {""ignore_review"": false}}",1,FALSE,
1839,optimiser_detail,APPLICATION,Get optimiser details,TRUE,"{""value"": {""optimiser_url"": ""http://10.87.1.2:6673/"", ""optimiser_endpoint"": ""allocation_inventory_v1_prod/""}}",1,FALSE,
1846,ref_key,APPLICATION,label for reference store,TRUE,"{""value"": ""store_code""}",1,FALSE,
2118,l3_level_forecast_table,APPLICATION,Forecast Table for L3-Store Level used in 2-1 opti,TRUE,"{""value"": ""final_simulations_merch_pyramid_all_channel_010223""}",2,FALSE,
2119,sku_level_forecast_table,APPLICATION,Forecast Table for SKU-Store used in carryover opti,TRUE,"{""value"": ""results_combined_all_elastic_2_msrp_split_part_filtered_v3""}",2,FALSE,
1896,plansmart_total_aggregation,APPLICATION,total sum at year or quarter setting,TRUE,"{""value"": [""quarter""]}",4,FALSE,
1725,spl_char_filter_configuration,EXTERNAL_FEATURES,external_feature,FALSE,"{""value"": [""Size ID"", ""article"", ""article_status_tag"", ""brand"", ""channel"", ""class"", ""climate"", ""color"", ""color_code"", ""color_name_og"", ""dc_name"", ""department"", ""district"", ""dtc_season"", ""edited_max_stock"", ""edited_min_stock"", ""edited_store_group_name"", ""edited_wos"", ""email_id"", ""fabrication"", ""grade"", ""initial_max_stock"", ""initial_min_stock"", ""initial_store_group_name"", ""initial_wos"", ""item_desc_og"", ""l0_name"", ""l1_name"", ""l2_name"", ""l3_name"", ""l4_name"", ""mapped_sizes"", ""merchandise_brand"", ""merchandise_category"", ""new_l0_name"", ""new_l1_name"", ""new_l2_name"", ""new_l3_name"", ""new_l4_name"", ""new_product_description"", ""new_style_color_id"", ""old_l2_name"", ""old_l3_name"", ""old_l4_name"", ""old_product_description"", ""old_style_color_id"", ""pack_description"", ""pfs_season"", ""product"", ""product_code"", ""product_description"", ""region"", ""selling_collection"", ""sg_name"", ""size"", ""size_name"", ""sku_id"", ""source"", ""state"", ""store"", ""store_code"", ""store_description"", ""store_group_name"", ""store_name"", ""store_status"", ""style"", ""style_color_id"", ""style_color_status"", ""style_description"", ""sub_sku_division"", ""updated_at"", ""updated_by"", ""user_name"", ""username"", ""vendor_case_pack"", ""vendor_name"", ""s2_name"", ""s3_name"", ""s4_name""]}",1,FALSE,
198,plan_type,APPLICATION,plan type options,TRUE,"{""value"": [""Top-down"", ""Bottom-up""]}",4,FALSE,
1845,multi-dc,APPLICATION,flag for multi dc option,TRUE,"{""value"": false}",1,FALSE,
1826,inventorysmart_set_all_modal,APPLICATION,Set all modal value data ,TRUE,"[{""label"": ""Min"", ""accessor"": ""min_stock"", ""required"": true, ""field_type"": ""IntegerField"", ""isDisabled"": false, ""value_type"": ""number"", ""is_mandatory"": true, ""max_validation"": true, ""no_negative_values"": true}, {""label"": ""Max"", ""accessor"": ""max_stock"", ""required"": true, ""field_type"": ""IntegerField"", ""isDisabled"": false, ""value_type"": ""number"", ""is_mandatory"": true, ""min_validation"": true, ""no_negative_values"": true}, {""label"": ""WOS"", ""accessor"": ""wos"", ""required"": true, ""field_type"": ""IntegerField"", ""isDisabled"": false, ""value_type"": ""number"", ""is_mandatory"": true, ""no_negative_values"": true}, {""label"": ""ST%"", ""accessor"": ""st"", ""required"": true, ""field_type"": ""IntegerField"", ""isDisabled"": false, ""value_type"": ""percentage"", ""is_mandatory"": true, ""no_negative_values"": true}]",1,FALSE,
550,product_store_upload_exception_template,APPLICATION,product_store_upload_exception_template,TRUE,"{""value"": [{""label"": ""Plan"", ""column"": ""l0_name""}, {""label"": ""Plan Start Date"", ""column"": ""plan_start_date""}, {""label"": ""Plan End Date"", ""column"": ""plan_end_date""}, {""label"": ""Exception Start Date"", ""column"": ""exception_start_date""}, {""label"": ""Exception End Date"", ""column"": ""exception_end_date""}, {""label"": ""Primary SKU"", ""column"": ""primary_sku""}, {""label"": ""Store ID"", ""column"": ""store_code""}]}",3,TRUE,
5000,ui_uam_config,APPLICATION,to enable or disable uam checks in UI,TRUE,"{""table_uam"": false, ""filter_uam"": true, ""super_users"": [""Markdown Read"", ""Markdown Write"", ""Promo Read"", ""Promo Write""]}",3,FALSE,
801,plansmart_formula_config,string,plansmart formula configuration for client,FALSE,"{""defaultMetrics"": [""rcpt_dollars"", ""rcpt_units"", ""qty"", ""sales"", ""aur"", ""margin"", ""margin_per"", ""bop_units"", ""bop_cost"", ""eop_units"", ""eop_cost"", ""avg_inv"", ""st_perc"", ""rcpt_units"", ""rcpt_cost"", ""Sales"", ""Margin"", ""Inventory"", ""Sales Units"", ""Sales $"", ""AUR"", ""GM $"", ""GM %"", ""BOP Units"", ""BOP Cost"", ""EOP Units"", ""EOP Cost"", ""Average Inventory"", ""Sell Through %"", ""Receipt Units"", ""Receipt Cost""], ""metricKeysList"": [""qty"", ""sales"", ""margin"", ""cost"", ""disc"", ""rcpt_cost"", ""rcpt_dollars"", ""rcpt_units"", ""comp_dollars"", ""comp_units"", ""non_comp_dollars"", ""non_comp_units"", ""bop_auc"", ""bop_aur"", ""bop_cost"", ""bop_dollars"", ""bop_units"", ""oo_units"", ""oo_dollars"", ""oo_cost"", ""it_units"", ""it_dollars"", ""it_cost"", ""eop_auc"", ""eop_aur"", ""eop_cost"", ""eop_dollars"", ""eop_units"", ""msrp"", ""avg_inv"", ""st_perc"", ""rcpt_auc"", ""rcpt_aur"", ""non_comp_aur"", ""turn_cost"", ""turn_dollars"", ""turn_units"", ""gmroi"", ""wos"", ""qty_build_ratio"", ""dollar_build_ratio"", ""aps"", ""markup_per""], ""typeOfFunctions"": [""sum"", ""avg"", ""first"", ""last"", ""scaling_factor""], ""weekAggregationFormula"": {""aps"": null, ""auc"": ""(sum(cost))/(sum(qty))"", ""aur"": ""(sum(sales))/(sum(qty))"", ""qty"": ""sum(qty)"", ""wos"": null, ""cost"": ""sum(cost)"", ""disc"": ""sum(disc*qty)/sum(qty)"", ""msrp"": ""sum(qty*msrp)/(sum(qty))"", ""gmroi"": ""(((sum(margin)/sum(sales)))/((sum(eop_cost)+sum(bop_cost))/2))"", ""sales"": ""sum(sales)"", ""margin"": ""sum(margin)"", ""avg_inv"": ""(((sum(eop_units)+sum(bop_units))/2))"", ""bop_auc"": ""first(bop_auc)"", ""bop_aur"": ""first(bop_aur)"", ""eop_auc"": ""last(eop_auc)"", ""eop_aur"": ""last(eop_aur)"", ""it_cost"": ""sum(it_cost)"", ""oo_cost"": ""sum(oo_cost)"", ""st_perc"": ""(sum(qty))/(sum(bop_units))"", ""bop_cost"": ""first(bop_cost)"", ""comp_aur"": ""(sum(comp_dollars))/(sum(comp_units))"", ""eop_cost"": ""last(eop_cost)"", ""it_units"": ""sum(it_units)"", ""oo_units"": ""sum(oo_units)"", ""rcpt_auc"": ""(sum(rcpt_cost))/(sum(rcpt_units))"", ""rcpt_aur"": ""(sum(rcpt_dollars))/(sum(rcpt_units))"", ""bop_units"": ""first(bop_units)"", ""eop_units"": ""last(eop_units)"", ""rcpt_cost"": ""sum(rcpt_cost)"", ""turn_cost"": ""(sum(cost))/(sum(avg_inv))"", ""comp_units"": ""sum(comp_units)"", ""it_dollars"": ""sum(it_dollars)"", ""margin_per"": ""(sum(margin))/(sum(sales))"", ""markup_per"": ""(sum(markup_per*qty))/(sum(qty))"", ""oo_dollars"": ""sum(oo_dollars)"", ""rcpt_units"": ""sum(rcpt_units)"", ""turn_units"": ""(sum(qty))/(sum(avg_inv))"", ""bop_dollars"": ""first(bop_dollars)"", ""eop_dollars"": ""last(eop_dollars)"", ""comp_dollars"": ""sum(comp_dollars)"", ""non_comp_aur"": ""(sum(non_comp_dollars))/(sum(non_comp_units))"", ""rcpt_dollars"": ""sum(rcpt_dollars)"", ""turn_dollars"": ""(sum(sales))/(sum(avg_inv))"", ""non_comp_units"": ""sum(non_comp_units)"", ""qty_build_ratio"": null, ""non_comp_dollars"": ""sum(non_comp_dollars)"", ""dollar_build_ratio"": null}, ""totalBucketAggregrationFormulas"": {""aps"": null, ""auc"": ""(sum(cost))/(sum(qty))"", ""aur"": ""(sum(sales))/(sum(qty))"", ""qty"": ""sum(qty)"", ""wos"": null, ""cost"": ""sum(cost)"", ""disc"": ""sum(disc*qty)/sum(qty)"", ""msrp"": ""sum(qty*msrp)/sum(qty)"", ""gmroi"": ""(((sum(margin))/(sum(sales)))/((sum(eop_cost)+sum(bop_cost))/2))"", ""sales"": ""sum(sales)"", ""margin"": ""(sum(margin))"", ""avg_inv"": ""(((sum(eop_units)+sum(bop_units))/2))"", ""bop_auc"": ""(sum(bop_cost))/(sum(bop_units))"", ""bop_aur"": ""(sum(bop_dollars))/(sum(bop_units))"", ""eop_auc"": ""(sum(eop_cost))/(sum(eop_units))"", ""eop_aur"": ""(sum(eop_dollars))/(sum(eop_units))"", ""it_cost"": ""sum(it_cost)"", ""oo_cost"": ""sum(oo_cost)"", ""st_perc"": ""(sum(qty))/(sum(bop_units))"", ""bop_cost"": ""sum(bop_cost)"", ""comp_aur"": ""(sum(comp_dollars))/(sum(comp_units))"", ""eop_cost"": ""sum(eop_cost)"", ""it_units"": ""sum(it_units)"", ""oo_units"": ""sum(oo_units)"", ""rcpt_auc"": ""(sum(rcpt_cost))/(sum(rcpt_units))"", ""rcpt_aur"": ""(sum(rcpt_dollars))/(sum(rcpt_units))"", ""bop_units"": ""first(bop_units)"", ""eop_units"": ""last(eop_units)"", ""rcpt_cost"": ""sum(rcpt_cost)"", ""turn_cost"": ""(sum(cost))/(sum(avg_inv))"", ""comp_units"": ""sum(comp_units)"", ""it_dollars"": ""sum(it_dollars)"", ""margin_per"": ""(sum(margin))/(sum(sales))"", ""markup_per"": ""(sum(markup_per*qty))/(sum(qty))"", ""oo_dollars"": ""sum(oo_dollars)"", ""rcpt_units"": ""sum(rcpt_units)"", ""turn_units"": ""(sum(qty))/(sum(avg_inv))"", ""bop_dollars"": ""sum(bop_dollars)"", ""eop_dollars"": ""sum(eop_dollars)"", ""comp_dollars"": ""sum(comp_dollars)"", ""non_comp_aur"": ""(sum(non_comp_dollars))/(sum(non_comp_units))"", ""rcpt_dollars"": ""sum(rcpt_dollars)"", ""turn_dollars"": ""(sum(sales))/(sum(avg_inv))"", ""non_comp_units"": ""sum(non_comp_units)"", ""qty_build_ratio"": null, ""non_comp_dollars"": ""sum(non_comp_dollars)"", ""dollar_build_ratio"": null}}",4,FALSE,
67,external_feature,EXTERNAL_FEATURES,external_feature,FALSE,"{""FE_001"": ""Flex"", ""FE_003"": ""RegWeeks"", ""FE_005"": ""RollupVB"", ""FE_007"": ""Collegiate"", ""FE_008"": ""MOQ"", ""FE_009"": ""VBStoreStockDrillDown"", ""FE_010"": ""VBLostSales"", ""FE_011"": ""VBProductProfile"", ""FE_012"": ""VBKPI"", ""FE_013"": ""VBStoreInventory"", ""FE_014"": ""VBExcessInventory"", ""FE_016"": ""VBAllocationDeepDive""}",2,FALSE,
247,product_div_column,APPLICATION,product_div_column,TRUE,"{""value"": ""l0_name""}",1,FALSE,
5003,inventory_kpi,Dashboard KPI,Inv Smart - dashboard kpi,TRUE,"{""value"": {""dc"": {""DC_OH"": {""type"": ""kpi_details_cost"", ""label"": ""OH""}, ""DC_OO"": {""type"": ""kpi_details_cost"", ""label"": ""OO""}, ""DC_TOTAL_INVENTORY"": {""type"": ""kpi_details_cost"", ""label"": ""Total Inventory""}}, ""store"": {""STORE_OH"": {""type"": ""kpi_details_cost"", ""label"": ""OH""}, ""STORE_STD_ST"": {""type"": ""kpi_details_cost"", ""label"": ""STD ST%""}, ""STORE_LW_SALES"": {""type"": ""kpi_details_cost"", ""label"": ""LW Sales""}, ""STORE_TOTAL_RECEIPT"": {""type"": ""kpi_details_cost"", ""label"": ""Total Receipt""}, ""STORE_TOTAL_INVENTORY"": {""type"": ""kpi_details_cost"", ""label"": ""Total Inventory""}}}}",1,FALSE,
999,plansmart_partition_query,APPLICATION,plansmart_partition_query,TRUE,"{""value"": ""ABS(MOD(FARM_FINGERPRINT(CONCAT('{cls}','-','{channel}')),4000) + 1),""}",4,FALSE,
5,cluster_max_size,APPLICATION,cluster max size,TRUE,"{""value"": 9}",2,FALSE,
252,core_status_options,APPLICATION,List of possible status options on store and product status screens,TRUE,"{""value"": {""dc"": {""status"": [""active"", ""inactive""]}, ""store"": {""status"": [""active"", ""inactive""]}, ""product"": {""status"": [""active"", ""inactive""]}}}",3,FALSE,
642,stock_size_constraint,APPLICATION,stock_size_constraint,TRUE,"{""value"": false}",1,FALSE,
209,remapping_dc_flag,APPLICATION,remapping dc flag,TRUE,"{""value"": false}",1,FALSE,
225,additional_attributes,APPLICATION,additional_attributes,TRUE,"{""value"": [""style"", ""style_description"", ""color_code"", ""color""]}",1,FALSE,
1859,grade_rank,APPLICATION,to store ranking of store grades,TRUE,"{""value"": {""ranks"": {}, ""rank_flag"": false}}",1,FALSE,
770,new_store_get_dc_with_channel_flag,APPLICATION,This flag is used in RL to fetch the DC stores with respect to it's channel value,TRUE,"{""value"": false}",1,FALSE,
1690,forecast_column,APPLICATION,forecast_column,TRUE,"{""value"": ""final_forecast""}",1,FALSE,
102,assort_channel_type_selection_1.1,EXTERNAL_FEATURES_CHANNEL,reference_channel,TRUE,"{""value"": ""single""}",2,FALSE,
28,bigquery_dataset_id,,Bigquery dataset id,TRUE,"{""value"": ""vb_ingestion_dev""}",3,FALSE,
222,filter_attribute_exclusion_values,APPLICATION,Values to be excluded in filter dropdown.,TRUE,"{""value"": {}}",3,FALSE,
2054,filter_attribute_exclusion_values,APPLICATION,Values to be excluded in filter dropdown.,TRUE,"{""value"": {}}",2,FALSE,
211,store_grade_mapping_level,APPLICATION,store_grade_mapping_level,TRUE,"{""value"": ""l2_name""}",1,FALSE,
14,cluster_cnt_threshold,APPLICATION,cluster_cnt_threshold,TRUE,"{""value"": 0.8}",2,FALSE,
701,plan_smart_screen_configuration,string,screen wise configuration for client,TRUE,"{""dashboard"": {""receipt_plan"": true}, ""planning_screen"": {""in-season"": {""sku-level-budget"": true, ""show_or_hide_metric"": {""bucket_selection"": false}}, ""pre-season"": {""show_or_hide_metric"": {""bucket_selection"": false}}}}",4,FALSE,
1894,partition_key,APPLICATION,db partition for client,TRUE,"{""value"": [""class""]}",4,FALSE,
1895,plansmart_bucket,APPLICATION,db bucket list for client,TRUE,"{""value"": [""Total"", ""Reg"", ""Clr""]}",4,FALSE,
49,planning_level,APPLICATION,planning_level,TRUE,"{""value"": ""l1_name""}",2,FALSE,
201,client_name,APPLICATION,Get the name of the client accessing the Platform,TRUE,"{""value"": ""vera_bradley""}",3,FALSE,
1825,inventory_saf_columns,APPLICATION,Get specific store attribute columns for pre-processing,TRUE,"{""value"": ""saf.store_code,saf.store_name,saf.region,saf.climate,saf.state,saf.district,saf.store_description,saf.special_classification,saf.dc_code,saf.fc_code,saf.channel,saf.close_date,saf.dc_name,saf.open_date,saf.store_size,saf.store_type""}",1,FALSE,
1,inventory_frequency,string,frequency of inventory data,TRUE,"{""value"": ""weekly""}",4,FALSE,
3,plansmart_planning_data_level,APPLICATION,plansmart_planning_data_level,TRUE,"{""value"": ""weekly""}",4,FALSE,
196,plansmart_year_value,APPLICATION,year options,TRUE,"{""value"": [2021, 2022, 2023, 2024, 2025, 2026, 2027]}",4,FALSE,
17,min_threshold,APPLICATION,min_thresh,TRUE,"{""value"": 0.25}",2,FALSE,
1840,min_model_flag,APPLICATION,enable or disable min model,TRUE,"{""value"": false}",1,FALSE,
224,sub_sku_flag,APPLICATION,sub_sku_flag,TRUE,"{""value"": false}",1,FALSE,
1722,plansmart_gurobi_configuration,APPLICATION,client specific configuration for running gurobi application,TRUE,"{""value"": {""url"": ""http://gurobi-internal.iaproducts.ai:6673/plansmart_v1_prod/"", ""rules"": ""Plansmart_Optimization_Rules_PreSeason"", ""forecast"": ""Plansmart_Intermediate_IAF_Table_PreSeason"", ""in-season"": ""In-Season"", ""pre-season"": ""Pre-Season"", ""in_forecast"": ""Plansmart_Intermediate_IAF_Table_InSeason"", ""logger_table"": ""Plansmart_Logger_Table"", ""opt_level_in"": ""l2_name"", ""opt_level_pre"": ""l2_name"", ""priority_order"": [""margin_per"", ""revenue""], ""rev_target_max"": 0.3, ""margin_target_max"": 0.3, ""optimized_forecast"": ""Plansmart_Optimized_Forecast_Preseason"", ""in_optimised_forecast"": ""Plansmart_Optimized_Forecast_Inseason""}}",4,FALSE,
1891,plansmart_level_id,APPLICATION,client specific configuration on what to lock,TRUE,"{""value"": {""in-season"": 8, ""pre-season"": 3}}",4,FALSE,
1740,budget_opti_change_cutoff,APPLICATION,Maximum change allowed in AUR & Revenue for carryover compared to compare year,TRUE,"{""value"": 0.4}",2,FALSE,
1741,budget_column,APPLICATION,Fetches if budget should be receipts price or receipts cost,TRUE,"{""value"": ""price""}",2,FALSE,
1748,perf_attr_char_label,APPLICATION,charatcers or numerics for cluster labels,TRUE,"{""attr_char_label"": ""True"", ""perf_char_label"": ""False""}",2,FALSE,
1720,dashboard_date_ticker,APPLICATION,dashboard data refresh date updated by injection team,TRUE,"{""value"": {""mfp_date"": ""2024-03-12"", ""refresh_date"": ""2024-02-04"", ""transaction_date"": ""2024-02-04""}}",1,FALSE,
504,product_store_dimension_flag,APPLICATION,describes if the client is using product store dimension,TRUE,"{""value"": true}",3,TRUE,
1724,maintenance_mode,APPLICATION,,FALSE,"{""value"": false}",3,FALSE,
500,help_desk_url,APPLICATION,help desk url,TRUE,"{""value"": ""https://impactanalytics.mojohelpdesk.com/mc/up/new-ticket/76717""}",3,FALSE,
501,ticketing_client_view,APPLICATION,"Clients choices for segregeting data like All_tickets, open, closed etc",TRUE,"{""values"": [{""name"": ""All Tickets"", ""value"": false}, {""name"": ""Open"", ""value"": false}, {""name"": ""In Progress"", ""value"": false}, {""name"": ""Information Requested"", ""value"": false}, {""name"": ""Solved"", ""value"": false}, {""name"": ""Closed"", ""value"": false}]}",3,FALSE,
50502,ticketing_ingestion_recipients,APPLICATION,Email List of Recipients for Ticketing Ingestion Status,TRUE,"{""value"": [""pradeep.nayak@impactanalytics.co"", ""raj.mohan@impactanalytics.co"", ""shreyan.haldankar@impactanalytics.co"", ""srishti.kumari@impactanalytics.co"", ""abhishek.jha@impactanalytics.co""]}",3,FALSE,
