"id","attribute_id","kpi_id","category_id","order","ranking","kpi_type","label","formatter_id","is_deleted","condition_formatting_id","extra","is_default_visible","bucket_id","lock_and_hold_id","editable","default","visible","match_with_all","single_match_with","is_actualized","variance_visible","variance_editable","class_to_dept_visible","class_to_dept_editable","class_to_channel_visible","class_to_channel_editable","class_to_class_visible","class_to_class_editable","contribution_editable_version","remarks","eligible","first_week_editable","is_advance_lock","version","kpi_selector_enabled","roundoff","is_point_variance"
317,248,71,119,77,2,101,Ttl OO $,8,false,1,"{}",false,,,false,false,false,false,false,true,true,false,true,false,true,false,true,false,{},,true,false,true,-1,true,,false
3,263,4,72,3,2,101,W Sls $ Comp,8,false,1,"{}",false,,,false,false,true,false,false,true,true,false,false,false,false,false,false,false,{},,true,false,true,-1,true,,false
4,263,5,72,4,2,101,W Sls $ NonComp,8,false,1,"{}",false,,,false,false,true,false,false,true,true,false,false,false,false,false,false,false,{},,true,false,true,-1,true,,false
6,263,15,72,6,2,101,W GM $,8,false,1,"{}",false,,,false,false,true,true,false,true,true,false,false,false,false,false,false,false,{},,true,false,true,-1,true,,false
34,247,7,72,10,2,101,W Sls U Bld,3,false,1,"{}",false,,,false,false,true,true,false,true,true,false,false,false,false,false,false,false,{},,true,false,true,-1,true,,false
37,247,12,72,13,2,101,W IMU %,4,false,1,"{}",false,,,false,false,true,true,false,true,true,false,false,false,false,false,false,false,{},,true,false,true,-1,true,,false
39,247,9,72,15,2,101,W COGS,8,false,1,"{}",false,,,false,false,true,true,false,true,true,false,true,false,true,false,true,false,{},,true,false,true,-1,true,,false
40,247,10,72,16,2,101,W AUC,6,false,1,"{}",false,,,false,false,true,true,false,true,true,false,false,false,false,false,false,false,{},,true,false,true,-1,true,,false
42,247,15,72,18,2,101,W GM $,8,false,1,"{}",false,,,false,false,true,true,false,true,true,false,true,false,true,false,true,false,{},,true,false,true,-1,true,,false
31,247,4,72,7,2,101,W Sls $ Comp,8,false,1,"{}",false,,,false,false,true,false,false,true,true,false,true,false,true,false,true,false,{},,true,false,true,-1,true,,false
32,247,5,72,8,2,101,W Sls $ NonComp,8,false,1,"{}",false,,,false,false,true,false,false,true,true,false,true,false,true,false,true,false,{},,true,false,true,-1,true,,false
91,247,63,119,67,2,101,STK Rcpt $,8,false,1,"{}",false,,,false,false,false,true,false,true,true,false,true,false,true,false,true,false,{},,true,false,true,-1,true,,false
92,247,66,119,68,2,101,SPO Rcpt $,8,false,1,"{}",false,,,false,false,false,true,false,true,true,false,true,false,true,false,true,false,{},,true,false,true,-1,true,,false
93,247,69,119,69,2,101,Rcpt $ % of STK,4,false,1,"{}",false,,,false,false,false,true,false,true,true,false,false,false,false,false,false,false,{},,true,false,true,-1,true,,false
95,247,64,119,71,2,101,STK Rcpt U,2,false,1,"{}",false,,,false,false,false,true,false,true,true,false,true,false,true,false,false,false,{},,true,false,true,-1,true,,false
89,247,108,117,65,2,101,ATP FWOS U,3,false,1,"{}",false,,,false,false,false,false,false,true,true,false,false,false,false,false,false,false,{},,true,false,true,-1,true,,false
101,247,71,119,77,2,101,Ttl OO $,8,false,1,"{}",false,,,false,false,true,false,false,true,true,false,true,false,true,false,true,false,{},,true,false,true,-1,true,,false
102,247,74,119,78,2,101,OO $ (STK-P),8,false,1,"{}",false,,,false,false,false,false,false,true,true,false,true,false,true,false,true,false,{},,true,false,true,-1,true,,false
103,247,77,119,79,2,101,OO $ (SPO-P),8,false,1,"{}",false,,,false,false,false,false,false,true,true,false,true,false,true,false,true,false,{},,true,false,true,-1,true,,false
104,247,80,119,80,2,101,Ttl OTB $,8,false,1,"{}",false,,,false,false,true,false,false,true,true,false,true,false,true,false,true,false,{},,true,false,true,-1,true,,false
105,247,83,119,81,2,101,OO $ (STK-UP),8,false,1,"{}",false,,,false,false,false,false,false,true,true,false,true,false,true,false,true,false,{},,true,false,true,-1,true,,false
96,247,67,119,72,2,101,SPO Rcpt U,2,false,1,"{}",false,,,false,false,false,true,false,true,true,false,true,false,true,false,true,false,{},,true,false,true,-1,true,,false
97,247,70,119,73,2,101,Rcpt U % of STK,4,false,1,"{}",false,,,false,false,false,true,false,true,true,false,false,false,false,false,false,false,{},,true,false,true,-1,true,,false
98,247,62,119,74,2,101,Ttl Rcpt AUC,6,false,1,"{}",false,,,false,false,true,true,false,true,true,false,false,false,false,false,false,false,{},,true,false,true,-1,true,,false
99,247,65,119,75,2,101,STK Rcpt AUC,6,false,1,"{}",false,,,false,false,false,true,false,true,true,false,false,false,false,false,false,false,{},,true,false,true,-1,true,,false
100,247,68,119,76,2,101,SPO Rcpt AUC,6,false,1,"{}",false,,,false,false,false,true,false,true,true,false,false,false,false,false,false,false,{},,true,false,true,-1,true,,false
148,252,10,72,16,2,101,W AUC,6,false,1,"{}",false,,,false,false,true,true,false,true,true,false,false,false,false,false,false,false,{},,true,false,true,-1,true,,false
150,252,15,72,18,2,101,W GM $,8,false,1,"{}",false,,,false,false,true,true,false,true,true,false,true,false,true,false,true,false,{},,true,false,true,-1,true,,false
170,252,29,116,38,2,101,D COGS Adj Fctr,3,false,1,"{}",false,,,false,false,false,false,false,true,true,false,false,false,false,false,false,false,{},,true,false,true,-1,true,,false
151,252,17,72,19,2,101,W BO Sls $,8,false,1,"{}",false,,,false,false,true,false,false,true,true,false,true,false,true,false,true,false,{},,true,false,true,-1,true,,false
206,252,62,119,74,2,101,Ttl Rcpt AUC,6,false,1,"{}",false,,,false,false,true,true,false,true,true,false,false,false,false,false,false,false,{},,true,false,true,-1,true,,false
207,252,65,119,75,2,101,STK Rcpt AUC,6,false,1,"{}",false,,,false,false,false,true,false,true,true,false,false,false,false,false,false,false,{},,true,false,true,-1,true,,false
208,252,68,119,76,2,101,SPO Rcpt AUC,6,false,1,"{}",false,,,false,false,false,true,false,true,true,false,false,false,false,false,false,false,{},,true,false,true,-1,true,,false
209,252,71,119,77,2,101,Ttl OO $,8,false,1,"{}",false,,,false,false,true,false,false,true,true,false,true,false,true,false,true,false,{},,true,false,true,-1,true,,false
210,252,74,119,78,2,101,OO $ (STK-P),8,false,1,"{}",false,,,false,false,false,false,false,true,true,false,true,false,true,false,true,false,{},,true,false,true,-1,true,,false
211,252,77,119,79,2,101,OO $ (SPO-P),8,false,1,"{}",false,,,false,false,false,false,false,true,true,false,true,false,true,false,true,false,{},,true,false,true,-1,true,,false
212,252,80,119,80,2,101,Ttl OTB $,8,false,1,"{}",false,,,false,false,true,false,false,true,true,false,true,false,true,false,true,false,{},,true,false,true,-1,true,,false
213,252,83,119,81,2,101,OO $ (STK-UP),8,false,1,"{}",false,,,false,false,false,false,false,true,true,false,true,false,true,false,true,false,{},,true,false,true,-1,true,,false
214,252,86,119,82,2,101,OO $ (SPO-UP),8,false,1,"{}",false,,,false,false,false,false,false,true,true,false,true,false,true,false,true,false,{},,true,false,true,-1,true,,false
216,252,72,119,84,2,101,Ttl OO U,2,false,1,"{}",false,,,false,false,true,false,false,true,true,false,true,false,true,false,true,false,{},,true,false,true,-1,true,,false
217,252,75,119,85,2,101,OO U (STK-P),2,false,1,"{}",false,,,false,false,false,false,false,true,true,false,true,false,true,false,true,false,{},,true,false,true,-1,true,,false
218,252,78,119,86,2,101,OO U (SPO-P),2,false,1,"{}",false,,,false,false,false,false,false,true,true,false,true,false,true,false,true,false,{},,true,false,true,-1,true,,false
281,248,32,74,41,2,101,D Sls $ Bld,3,false,1,"{}",false,,,false,false,true,true,false,true,true,false,false,false,false,false,false,false,{},,true,false,true,-1,true,,false
283,248,34,74,43,2,101,D Sls U Bld,3,false,1,"{}",false,,,false,false,true,true,false,true,true,false,false,false,false,false,false,false,{},,true,false,true,-1,true,,false
265,248,23,116,25,2,101,W Cncl Cst $,8,false,1,"{}",false,,,false,false,true,false,false,true,true,false,true,false,true,false,true,false,{},,true,false,true,-1,true,,false
266,248,20,116,26,2,101,W Cncl Cst $ %,4,false,1,"{}",false,,,false,false,true,false,false,true,true,false,false,false,false,false,false,false,{},,true,false,true,-1,true,,false
325,248,75,119,85,2,101,OO U (STK-P),2,false,1,"{}",false,,,false,false,false,false,false,true,true,false,true,false,true,false,true,false,{},,true,false,true,-1,true,,false
326,248,78,119,86,2,101,OO U (SPO-P),2,false,1,"{}",false,,,false,false,false,false,false,true,true,false,true,false,true,false,true,false,{},,true,false,true,-1,true,,false
328,248,84,119,88,2,101,OO U (STK-UP),2,false,1,"{}",false,,,false,false,false,false,false,true,true,false,true,false,true,false,true,false,{},,true,false,true,-1,true,,false
329,248,87,119,89,2,101,OO U (SPO-UP),2,false,1,"{}",false,,,false,false,false,false,false,true,true,false,true,false,true,false,true,false,{},,true,false,true,-1,true,,false
332,248,76,119,92,2,101,OO AUC (STK-P),6,false,1,"{}",false,,,false,false,false,false,false,true,true,false,false,false,false,false,false,false,{},,true,false,true,-1,true,,false
333,248,79,119,93,2,101,OO AUC (SPO-P),6,false,1,"{}",false,,,false,false,false,false,false,true,true,false,false,false,false,false,false,false,{},,true,false,true,-1,true,,false
335,248,85,119,95,2,101,OO AUC (STK-UP),6,false,1,"{}",false,,,false,false,false,false,false,true,true,false,false,false,false,false,false,false,{},,true,false,true,-1,true,,false
389,249,32,74,41,2,101,D Sls $ Bld,3,false,1,"{}",false,,,false,false,true,true,false,true,true,false,false,false,false,false,false,false,{},,true,false,true,-1,true,,false
391,249,34,74,43,2,101,D Sls U Bld,3,false,1,"{}",false,,,false,false,true,true,false,true,true,false,false,false,false,false,false,false,{},,true,false,true,-1,true,,false
395,249,36,74,47,2,101,D COGS,8,false,1,"{}",false,,,false,false,true,true,false,true,true,false,true,false,true,false,true,false,{},,true,false,true,-1,true,,false
396,249,37,74,48,2,101,D AUC,6,false,1,"{}",false,,,false,false,true,true,false,true,true,false,false,false,false,false,false,false,{},,true,false,true,-1,true,,false
398,249,41,74,50,2,101,D GM $,8,false,1,"{}",false,,,false,false,true,true,false,true,true,false,true,false,true,false,true,false,{},,true,false,true,-1,true,,false
399,249,100,74,51,2,101,D GMROI,3,false,1,"{}",false,,,false,false,true,true,false,true,true,false,false,false,false,false,false,false,{},,true,false,true,-1,true,,false
400,249,45,74,52,2,101,D Rtrn Rtl $,8,false,1,"{}",false,,,false,false,true,false,false,true,true,false,true,false,true,false,true,false,{},,true,false,true,-1,true,,false
401,249,42,74,53,2,101,D Rtrn Rtl %,4,false,1,"{}",false,,,false,false,true,false,false,true,true,false,false,false,false,false,false,false,{},,true,false,true,-1,true,,false
449,249,95,120,101,2,101,Inv Adj AUC,6,false,1,"{}",false,,,false,false,true,true,false,true,true,false,false,false,false,false,false,false,{},,true,false,true,-1,true,,false
450,249,57,121,102,2,101,EOP $,8,false,1,"{}",false,,,false,false,true,true,false,true,true,false,true,false,true,false,true,false,{},,true,false,true,-1,true,,false
451,249,58,121,103,2,101,EOP U,2,false,1,"{}",false,,,false,false,true,true,false,true,true,false,true,false,true,false,true,false,{},,true,false,true,-1,true,,false
452,249,59,121,104,2,101,EOP AUC,6,false,1,"{}",false,,,false,false,true,true,false,true,true,false,false,false,false,false,false,false,{},,true,false,true,-1,true,,false
453,249,96,121,105,2,101,Avg Inv Cst $,8,false,1,"{}",false,,,false,false,true,true,false,true,true,false,false,false,false,false,false,false,{},,true,false,true,-1,true,,false
454,249,97,121,106,2,101,Avg Inv U,2,false,1,"{}",false,,,false,false,true,true,false,true,true,false,false,false,false,false,false,false,{},,true,false,true,-1,true,,false
455,249,98,121,107,2,101,Trn $,3,false,1,"{}",false,,,false,false,true,true,false,true,true,false,false,false,false,false,false,false,{},,true,false,true,-1,true,,false
456,249,99,121,108,2,101,Trn U,3,false,1,"{}",false,,,false,false,true,true,false,true,true,false,false,false,false,false,false,false,{},,true,false,true,-1,true,,false
440,249,76,119,92,2,101,OO AUC (STK-P),6,false,1,"{}",false,,,false,false,false,false,false,true,true,false,false,false,false,false,false,false,{},,true,false,true,-1,true,,false
441,249,79,119,93,2,101,OO AUC (SPO-P),6,false,1,"{}",false,,,false,false,false,false,false,true,true,false,false,false,false,false,false,false,{},,true,false,true,-1,true,,false
443,249,85,119,95,2,101,OO AUC (STK-UP),6,false,1,"{}",false,,,false,false,false,false,false,true,true,false,false,false,false,false,false,false,{},,true,false,true,-1,true,,false
444,249,88,119,96,2,101,OO AUC (SPO-UP),6,false,1,"{}",false,,,false,false,false,false,false,true,true,false,false,false,false,false,false,false,{},,true,false,true,-1,true,,false
499,250,34,74,43,2,101,D Sls U Bld,3,false,1,"{}",false,,,false,false,true,true,false,true,true,false,false,false,false,false,false,false,{},,true,false,true,-1,true,,false
503,250,36,74,47,2,101,D COGS,8,false,1,"{}",false,,,false,false,true,true,false,true,true,false,true,false,true,false,true,false,{},,true,false,true,-1,true,,false
504,250,37,74,48,2,101,D AUC,6,false,1,"{}",false,,,false,false,true,true,false,true,true,false,false,false,false,false,false,false,{},,true,false,true,-1,true,,false
506,250,41,74,50,2,101,D GM $,8,false,1,"{}",false,,,false,false,true,true,false,true,true,false,true,false,true,false,true,false,{},,true,false,true,-1,true,,false
507,250,100,74,51,2,101,D GMROI,3,false,1,"{}",false,,,false,false,true,true,false,true,true,false,false,false,false,false,false,false,{},,true,false,true,-1,true,,false
508,250,45,74,52,2,101,D Rtrn Rtl $,8,false,1,"{}",false,,,false,false,true,false,false,true,true,false,true,false,true,false,true,false,{},,true,false,true,-1,true,,false
509,250,42,74,53,2,101,D Rtrn Rtl %,4,false,1,"{}",false,,,false,false,true,false,false,true,true,false,false,false,false,false,false,false,{},,true,false,true,-1,true,,false
510,250,46,74,54,2,101,D Rtrn U,2,false,1,"{}",false,,,false,false,true,false,false,true,true,false,true,false,true,false,true,false,{},,true,false,true,-1,true,,false
511,250,43,74,55,2,101,D Rtrn U %,4,false,1,"{}",false,,,false,false,true,false,false,true,true,false,false,false,false,false,false,false,{},,true,false,true,-1,true,,false
557,250,95,120,101,2,101,Inv Adj AUC,6,false,1,"{}",false,,,false,false,true,true,false,true,true,false,false,false,false,false,false,false,{},,true,false,true,-1,true,,false
558,250,57,121,102,2,101,EOP $,8,false,1,"{}",false,,,false,false,true,true,false,true,true,false,true,false,true,false,true,false,{},,true,false,true,-1,true,,false
559,250,58,121,103,2,101,EOP U,2,false,1,"{}",false,,,false,false,true,true,false,true,true,false,true,false,true,false,true,false,{},,true,false,true,-1,true,,false
560,250,59,121,104,2,101,EOP AUC,6,false,1,"{}",false,,,false,false,true,true,false,true,true,false,false,false,false,false,false,false,{},,true,false,true,-1,true,,false
561,250,96,121,105,2,101,Avg Inv Cst $,8,false,1,"{}",false,,,false,false,true,true,false,true,true,false,false,false,false,false,false,false,{},,true,false,true,-1,true,,false
562,250,97,121,106,2,101,Avg Inv U,2,false,1,"{}",false,,,false,false,true,true,false,true,true,false,false,false,false,false,false,false,{},,true,false,true,-1,true,,false
563,250,98,121,107,2,101,Trn $,3,false,1,"{}",false,,,false,false,true,true,false,true,true,false,false,false,false,false,false,false,{},,true,false,true,-1,true,,false
564,250,99,121,108,2,101,Trn U,3,false,1,"{}",false,,,false,false,true,true,false,true,true,false,false,false,false,false,false,false,{},,true,false,true,-1,true,,false
569,251,2,72,5,2,101,W Sls $ Bld,3,false,1,"{}",false,,,false,false,true,true,false,true,true,false,false,false,false,false,false,false,{},,true,false,true,-1,true,,false
570,251,3,72,6,2,101,W Comp Spread %,4,false,1,"{}",false,,,false,false,true,false,false,true,true,false,false,false,false,false,false,false,{},,true,false,true,-1,true,,false
616,251,45,74,52,2,101,D Rtrn Rtl $,8,false,1,"{}",false,,,false,false,true,false,false,true,true,false,true,false,true,false,true,false,{},,true,false,true,-1,true,,false
617,251,42,74,53,2,101,D Rtrn Rtl %,4,false,1,"{}",false,,,false,false,true,false,false,true,true,false,false,false,false,false,false,false,{},,true,false,true,-1,true,,false
618,251,46,74,54,2,101,D Rtrn U,2,false,1,"{}",false,,,false,false,true,false,false,true,true,false,true,false,true,false,true,false,{},,true,false,true,-1,true,,false
619,251,43,74,55,2,101,D Rtrn U %,4,false,1,"{}",false,,,false,false,true,false,false,true,true,false,false,false,false,false,false,false,{},,true,false,true,-1,true,,false
620,251,47,74,56,2,101,D Rtrn Cst $,8,false,1,"{}",false,,,false,false,true,false,false,true,true,false,true,false,true,false,true,false,{},,true,false,true,-1,true,,false
621,251,44,74,57,2,101,D Rtrn Cst $ %,4,false,1,"{}",false,,,false,false,true,false,false,true,true,false,false,false,false,false,false,false,{},,true,false,true,-1,true,,false
622,251,101,117,58,2,101,AOH C$,8,false,1,"{}",false,,,false,false,false,false,false,true,true,false,false,false,false,false,false,false,{},,true,false,true,-1,true,,false
623,251,102,117,59,2,101,AOH U,2,false,1,"{}",false,,,false,false,false,false,false,true,true,false,false,false,false,false,false,false,{},,true,false,true,-1,true,,false
624,251,105,117,60,2,101,AOH FWOS C$,3,false,1,"{}",false,,,false,false,false,false,false,true,true,false,false,false,false,false,false,false,{},,true,false,true,-1,true,,false
686,253,32,74,41,2,101,D Sls $ Bld,3,false,1,"{}",false,,,false,false,true,false,false,true,true,false,false,false,false,false,false,false,{},,true,false,true,-1,true,,false
688,253,34,74,43,2,101,D Sls U Bld,3,false,1,"{}",false,,,false,false,true,false,false,true,true,false,false,false,false,false,false,false,{},,true,false,true,-1,true,,false
692,253,36,74,47,2,101,D COGS,8,false,1,"{}",false,,,false,false,true,false,false,true,true,false,true,false,true,false,true,false,{},,true,false,true,-1,true,,false
693,253,37,74,48,2,101,D AUC,6,false,1,"{}",false,,,false,false,true,false,false,true,true,false,false,false,false,false,false,false,{},,true,false,true,-1,true,,false
695,253,41,74,50,2,101,D GM $,8,false,1,"{}",false,,,false,false,true,false,false,true,true,false,true,false,true,false,true,false,{},,true,false,true,-1,true,,false
697,254,4,72,7,2,101,W Sls $ Comp,8,false,1,"{}",false,,,false,false,true,false,false,true,true,false,true,false,true,false,true,false,{},,true,false,true,-1,true,,false
698,254,5,72,8,2,101,W Sls $ NonComp,8,false,1,"{}",false,,,false,false,true,false,false,true,true,false,true,false,true,false,true,false,{},,true,false,true,-1,true,,false
699,254,3,72,6,2,101,W Comp Spread %,4,false,1,"{}",false,,,false,false,true,false,false,true,true,false,false,false,false,false,false,false,{},,true,false,true,-1,true,,false
689,253,38,74,44,2,101,D AIR,6,false,1,"{}",false,,,false,false,false,false,false,true,true,false,false,false,false,false,false,false,{},,true,false,true,-1,true,,false
742,255,32,74,41,2,101,D Sls $ Bld,3,false,1,"{}",false,,,false,false,true,true,false,true,true,false,false,false,false,false,false,false,{},,true,false,true,-1,true,,false
744,255,34,74,43,2,101,D Sls U Bld,3,false,1,"{}",false,,,false,false,true,true,false,true,true,false,false,false,false,false,false,false,{},,true,false,true,-1,true,,false
759,255,101,117,58,2,101,AOH C$,8,false,1,"{}",false,,,false,false,true,false,false,true,true,false,false,false,false,false,false,false,{},,true,false,true,-1,true,,false
760,255,102,117,59,2,101,AOH U,2,false,1,"{}",false,,,false,false,true,false,false,true,true,false,false,false,false,false,false,false,{},,true,false,true,-1,true,,false
761,255,105,117,60,2,101,AOH FWOS C$,3,false,1,"{}",false,,,false,false,true,false,false,true,true,false,false,false,false,false,false,false,{},,true,false,true,-1,true,,false
762,255,106,117,61,2,101,AOH FWOS U,3,false,1,"{}",false,,,false,false,true,false,false,true,true,false,false,false,false,false,false,false,{},,true,false,true,-1,true,,false
793,255,76,119,92,2,101,OO AUC (STK-P),6,false,1,"{}",false,,,false,false,false,false,false,true,true,false,false,false,false,false,false,false,{},,true,false,true,-1,true,,false
794,255,79,119,93,2,101,OO AUC (SPO-P),6,false,1,"{}",false,,,false,false,false,false,false,true,true,false,false,false,false,false,false,false,{},,true,false,true,-1,true,,false
796,255,85,119,95,2,101,OO AUC (STK-UP),6,false,1,"{}",false,,,false,false,false,false,false,true,true,false,false,false,false,false,false,false,{},,true,false,true,-1,true,,false
797,255,88,119,96,2,101,OO AUC (SPO-UP),6,false,1,"{}",false,,,false,false,false,false,false,true,true,false,false,false,false,false,false,false,{},,true,false,true,-1,true,,false
795,255,82,119,94,2,101,Ttl OTB AUC,6,false,1,"{}",false,,,false,false,true,false,false,true,true,false,false,false,false,false,false,false,{},,true,false,true,-1,true,,false
792,255,73,119,91,2,101,Ttl OO AUC,6,false,1,"{}",false,,,false,false,true,false,false,true,true,false,false,false,false,false,false,false,{},,true,false,true,-1,true,,false
850,260,32,74,41,2,101,D Sls $ Bld,3,false,1,"{}",false,,,false,false,true,true,false,true,true,false,false,false,false,false,false,false,{},,true,false,true,-1,true,,false
852,260,34,74,43,2,101,D Sls U Bld,3,false,1,"{}",false,,,false,false,true,true,false,true,true,false,false,false,false,false,false,false,{},,true,false,true,-1,true,,false
856,260,36,74,47,2,101,D COGS,8,false,1,"{}",false,,,false,false,true,true,false,true,true,false,true,false,true,false,true,false,{},,true,false,true,-1,true,,false
857,260,37,74,48,2,101,D AUC,6,false,1,"{}",false,,,false,false,true,true,false,true,true,false,false,false,false,false,false,false,{},,true,false,true,-1,true,,false
867,260,101,117,58,2,101,AOH C$,8,false,1,"{}",false,,,false,false,true,false,false,true,true,false,false,false,false,false,false,false,{},,true,false,true,-1,true,,false
868,260,102,117,59,2,101,AOH U,2,false,1,"{}",false,,,false,false,true,false,false,true,true,false,false,false,false,false,false,false,{},,true,false,true,-1,true,,false
869,260,105,117,60,2,101,AOH FWOS C$,3,false,1,"{}",false,,,false,false,true,false,false,true,true,false,false,false,false,false,false,false,{},,true,false,true,-1,true,,false
910,260,95,120,101,2,101,Inv Adj AUC,6,false,1,"{}",false,,,false,false,true,true,false,true,true,false,false,false,false,false,false,false,{},,true,false,true,-1,true,,false
911,260,57,121,102,2,101,EOP $,8,false,1,"{}",false,,,false,false,true,true,false,true,true,false,true,false,true,false,true,false,{},,true,false,true,-1,true,,false
912,260,58,121,103,2,101,EOP U,2,false,1,"{}",false,,,false,false,true,true,false,true,true,false,true,false,true,false,true,false,{},,true,false,true,-1,true,,false
913,260,59,121,104,2,101,EOP AUC,6,false,1,"{}",false,,,false,false,true,true,false,true,true,false,false,false,false,false,false,false,{},,true,false,true,-1,true,,false
914,260,96,121,105,2,101,Avg Inv Cst $,8,false,1,"{}",false,,,false,false,true,true,false,true,true,false,false,false,false,false,false,false,{},,true,false,true,-1,true,,false
915,260,97,121,106,2,101,Avg Inv U,2,false,1,"{}",false,,,false,false,true,true,false,true,true,false,false,false,false,false,false,false,{},,true,false,true,-1,true,,false
916,260,98,121,107,2,101,Trn $,3,false,1,"{}",false,,,false,false,true,true,false,true,true,false,false,false,false,false,false,false,{},,true,false,true,-1,true,,false
917,260,99,121,108,2,101,Trn U,3,false,1,"{}",false,,,false,false,true,true,false,true,true,false,false,false,false,false,false,false,{},,true,false,true,-1,true,,false
922,256,2,72,5,2,101,W Sls $ Bld,3,false,1,"{}",false,,,false,false,true,true,false,true,true,false,false,false,false,false,false,false,{},,true,false,true,-1,true,,false
927,256,7,72,10,2,101,W Sls U Bld,3,false,1,"{}",false,,,false,false,true,true,false,true,true,false,false,false,false,false,false,false,{},,true,false,true,-1,true,,false
961,256,38,74,44,2,101,D AIR,6,false,1,"{}",false,,,false,false,false,false,false,true,true,false,false,false,false,false,false,false,{},,true,false,true,-1,true,,false
923,256,3,72,6,2,101,W Comp Spread %,4,false,1,"{}",false,,,false,false,true,false,false,true,true,false,false,false,false,false,false,false,{},,true,false,true,-1,true,,false
924,256,4,72,7,2,101,W Sls $ Comp,8,false,1,"{}",false,,,false,false,true,false,false,true,true,false,true,false,true,false,true,false,{},,true,false,true,-1,true,,false
925,256,5,72,8,2,101,W Sls $ NonComp,8,false,1,"{}",false,,,false,false,true,false,false,true,true,false,true,false,true,false,true,false,{},,true,false,true,-1,true,,false
967,256,41,74,50,2,101,D GM $,8,false,1,"{}",false,,,false,false,true,true,false,true,true,false,true,false,true,false,true,false,{},,true,false,true,-1,true,,false
968,256,100,74,51,2,101,D GMROI,3,false,1,"{}",false,,,false,false,true,true,false,true,true,false,false,false,false,false,false,false,{},,true,false,true,-1,true,,false
969,256,45,74,52,2,101,D Rtrn Rtl $,8,false,1,"{}",false,,,false,false,true,false,false,true,true,false,true,false,true,false,true,false,{},,true,false,true,-1,true,,false
970,256,42,74,53,2,101,D Rtrn Rtl %,4,false,1,"{}",false,,,false,false,true,false,false,true,true,false,false,false,false,false,false,false,{},,true,false,true,-1,true,,false
971,256,46,74,54,2,101,D Rtrn U,2,false,1,"{}",false,,,false,false,true,false,false,true,true,false,true,false,true,false,true,false,{},,true,false,true,-1,true,,false
972,256,43,74,55,2,101,D Rtrn U %,4,false,1,"{}",false,,,false,false,true,false,false,true,true,false,false,false,false,false,false,false,{},,true,false,true,-1,true,,false
973,256,47,74,56,2,101,D Rtrn Cst $,8,false,1,"{}",false,,,false,false,true,false,false,true,true,false,true,false,true,false,true,false,{},,true,false,true,-1,true,,false
974,256,44,74,57,2,101,D Rtrn Cst $ %,4,false,1,"{}",false,,,false,false,true,false,false,true,true,false,false,false,false,false,false,false,{},,true,false,true,-1,true,,false
1025,256,99,121,108,2,101,Trn U,3,false,1,"{}",false,,,false,false,true,true,false,true,true,false,false,false,false,false,false,false,{},,true,false,true,-1,true,,false
1030,257,2,72,5,2,101,W Sls $ Bld,3,false,1,"{}",false,,,false,false,true,true,false,true,true,false,false,false,false,false,false,false,{},,true,false,true,-1,true,,false
1035,257,7,72,10,2,101,W Sls U Bld,3,false,1,"{}",false,,,false,false,true,true,false,true,true,false,false,false,false,false,false,false,{},,true,false,true,-1,true,,false
1038,257,12,72,13,2,101,W IMU %,4,false,1,"{}",false,,,false,false,true,true,false,true,true,false,false,false,false,false,false,false,{},,true,false,true,-1,true,,false
1040,257,9,72,15,2,101,W COGS,8,false,1,"{}",false,,,false,false,true,true,false,true,true,false,true,false,true,false,true,false,{},,true,false,true,-1,true,,false
1041,257,10,72,16,2,101,W AUC,6,false,1,"{}",false,,,false,false,true,true,false,true,true,false,false,false,false,false,false,false,{},,true,false,true,-1,true,,false
1043,257,15,72,18,2,101,W GM $,8,false,1,"{}",false,,,false,false,true,true,false,true,true,false,true,false,true,false,true,false,{},,true,false,true,-1,true,,false
1031,257,3,72,6,2,101,W Comp Spread %,4,false,1,"{}",false,,,false,false,true,false,false,true,true,false,false,false,false,false,false,false,{},,true,false,true,-1,true,,false
1032,257,4,72,7,2,101,W Sls $ Comp,8,false,1,"{}",false,,,false,false,true,false,false,true,true,false,true,false,true,false,true,false,{},,true,false,true,-1,true,,false
1033,257,5,72,8,2,101,W Sls $ NonComp,8,false,1,"{}",false,,,false,false,true,false,false,true,true,false,true,false,true,false,true,false,{},,true,false,true,-1,true,,false
1044,257,17,72,19,2,101,W BO Sls $,8,false,1,"{}",false,,,false,false,true,false,false,true,true,false,true,false,true,false,true,false,{},,true,false,true,-1,true,,false
1045,257,16,72,20,2,101,W BO Sls U,2,false,1,"{}",false,,,false,false,true,false,false,true,true,false,true,false,true,false,true,false,{},,true,false,true,-1,true,,false
1046,257,21,116,21,2,101,W Cncl Rtl $,8,false,1,"{}",false,,,false,false,true,false,false,true,true,false,true,false,true,false,true,false,{},,true,false,true,-1,true,,false
1092,257,63,119,67,2,101,STK Rcpt $,8,false,1,"{}",false,,,false,false,false,true,false,true,true,false,true,false,true,false,true,false,{},,true,false,true,-1,true,,false
1093,257,66,119,68,2,101,SPO Rcpt $,8,false,1,"{}",false,,,false,false,false,true,false,true,true,false,true,false,true,false,true,false,{},,true,false,true,-1,true,,false
1094,257,69,119,69,2,101,Rcpt $ % of STK,4,false,1,"{}",false,,,false,false,false,true,false,true,true,false,false,false,false,false,false,false,{},,true,false,true,-1,true,,false
1096,257,64,119,71,2,101,STK Rcpt U,2,false,1,"{}",false,,,false,false,false,true,false,true,true,false,true,false,true,false,false,false,{},,true,false,true,-1,true,,false
1097,257,67,119,72,2,101,SPO Rcpt U,2,false,1,"{}",false,,,false,false,false,true,false,true,true,false,true,false,true,false,true,false,{},,true,false,true,-1,true,,false
1084,257,102,117,59,2,101,AOH U,2,false,1,"{}",false,,,false,false,false,false,false,true,true,false,false,false,false,false,false,false,{},,true,false,true,-1,true,,false
1085,257,105,117,60,2,101,AOH FWOS C$,3,false,1,"{}",false,,,false,false,false,false,false,true,true,false,false,false,false,false,false,false,{},,true,false,true,-1,true,,false
1086,257,106,117,61,2,101,AOH FWOS U,3,false,1,"{}",false,,,false,false,false,false,false,true,true,false,false,false,false,false,false,false,{},,true,false,true,-1,true,,false
1087,257,103,117,62,2,101,ATP C$,8,false,1,"{}",false,,,false,false,false,false,false,true,true,false,false,false,false,false,false,false,{},,true,false,true,-1,true,,false
1088,257,104,117,63,2,101,ATP U,2,false,1,"{}",false,,,false,false,false,false,false,true,true,false,false,false,false,false,false,false,{},,true,false,true,-1,true,,false
1089,257,107,117,64,2,101,ATP FWOS C$,3,false,1,"{}",false,,,false,false,false,false,false,true,true,false,false,false,false,false,false,false,{},,true,false,true,-1,true,,false
1090,257,108,117,65,2,101,ATP FWOS U,3,false,1,"{}",false,,,false,false,false,false,false,true,true,false,false,false,false,false,false,false,{},,true,false,true,-1,true,,false
1143,258,7,72,10,2,101,W Sls U Bld,3,false,1,"{}",false,,,false,false,true,true,false,true,true,false,false,false,false,false,false,false,{},,true,false,true,-1,true,,false
1146,258,12,72,13,2,101,W IMU %,4,false,1,"{}",false,,,false,false,true,true,false,true,true,false,false,false,false,false,false,false,{},,true,false,true,-1,true,,false
1148,258,9,72,15,2,101,W COGS,8,false,1,"{}",false,,,false,false,true,true,false,true,true,false,true,false,true,false,true,false,{},,true,false,true,-1,true,,false
1149,258,10,72,16,2,101,W AUC,6,false,1,"{}",false,,,false,false,true,true,false,true,true,false,false,false,false,false,false,false,{},,true,false,true,-1,true,,false
1151,258,15,72,18,2,101,W GM $,8,false,1,"{}",false,,,false,false,true,true,false,true,true,false,true,false,true,false,true,false,{},,true,false,true,-1,true,,false
1152,258,17,72,19,2,101,W BO Sls $,8,false,1,"{}",false,,,false,false,true,false,false,true,true,false,true,false,true,false,true,false,{},,true,false,true,-1,true,,false
1153,258,16,72,20,2,101,W BO Sls U,2,false,1,"{}",false,,,false,false,true,false,false,true,true,false,true,false,true,false,true,false,{},,true,false,true,-1,true,,false
1201,258,66,119,68,2,101,SPO Rcpt $,8,false,1,"{}",false,,,false,false,false,true,false,true,true,false,true,false,true,false,true,false,{},,true,false,true,-1,true,,false
1202,258,69,119,69,2,101,Rcpt $ % of STK,4,false,1,"{}",false,,,false,false,false,true,false,true,true,false,false,false,false,false,false,false,{},,true,false,true,-1,true,,false
1204,258,64,119,71,2,101,STK Rcpt U,2,false,1,"{}",false,,,false,false,false,true,false,true,true,false,true,false,true,false,false,false,{},,true,false,true,-1,true,,false
1210,258,71,119,77,2,101,Ttl OO $,8,false,1,"{}",false,,,false,false,true,false,false,true,true,false,true,false,true,false,true,false,{},,true,false,true,-1,true,,false
1211,258,74,119,78,2,101,OO $ (STK-P),8,false,1,"{}",false,,,false,false,false,false,false,true,true,false,true,false,true,false,true,false,{},,true,false,true,-1,true,,false
1212,258,77,119,79,2,101,OO $ (SPO-P),8,false,1,"{}",false,,,false,false,false,false,false,true,true,false,true,false,true,false,true,false,{},,true,false,true,-1,true,,false
1213,258,80,119,80,2,101,Ttl OTB $,8,false,1,"{}",false,,,false,false,true,false,false,true,true,false,true,false,true,false,true,false,{},,true,false,true,-1,true,,false
1214,258,83,119,81,2,101,OO $ (STK-UP),8,false,1,"{}",false,,,false,false,false,false,false,true,true,false,true,false,true,false,true,false,{},,true,false,true,-1,true,,false
1215,258,86,119,82,2,101,OO $ (SPO-UP),8,false,1,"{}",false,,,false,false,false,false,false,true,true,false,true,false,true,false,true,false,{},,true,false,true,-1,true,,false
1217,258,72,119,84,2,101,Ttl OO U,2,false,1,"{}",false,,,false,false,true,false,false,true,true,false,true,false,true,false,true,false,{},,true,false,true,-1,true,,false
1205,258,67,119,72,2,101,SPO Rcpt U,2,false,1,"{}",false,,,false,false,false,true,false,true,true,false,true,false,true,false,true,false,{},,true,false,true,-1,true,,false
1206,258,70,119,73,2,101,Rcpt U % of STK,4,false,1,"{}",false,,,false,false,false,true,false,true,true,false,false,false,false,false,false,false,{},,true,false,true,-1,true,,false
1207,258,62,119,74,2,101,Ttl Rcpt AUC,6,false,1,"{}",false,,,false,false,true,true,false,true,true,false,false,false,false,false,false,false,{},,true,false,true,-1,true,,false
1208,258,65,119,75,2,101,STK Rcpt AUC,6,false,1,"{}",false,,,false,false,false,true,false,true,true,false,false,false,false,false,false,false,{},,true,false,true,-1,true,,false
1209,258,68,119,76,2,101,SPO Rcpt AUC,6,false,1,"{}",false,,,false,false,false,true,false,true,true,false,false,false,false,false,false,false,{},,true,false,true,-1,true,,false
1260,259,17,72,19,2,101,W BO Sls $,8,false,1,"{}",false,,,false,false,true,false,false,true,true,false,true,false,true,false,true,false,{},,true,false,true,-1,true,,false
1261,259,16,72,20,2,101,W BO Sls U,2,false,1,"{}",false,,,false,false,true,false,false,true,true,false,true,false,true,false,true,false,{},,true,false,true,-1,true,,false
1262,259,21,116,21,2,101,W Cncl Rtl $,8,false,1,"{}",false,,,false,false,true,false,false,true,true,false,true,false,true,false,true,false,{},,true,false,true,-1,true,,false
1263,259,18,116,22,2,101,W Cncl Rtl %,4,false,1,"{}",false,,,false,false,true,false,false,true,true,false,false,false,false,false,false,false,{},,true,false,true,-1,true,,false
1264,259,22,116,23,2,101,W Cncl U,2,false,1,"{}",false,,,false,false,true,false,false,true,true,false,true,false,true,false,true,false,{},,true,false,true,-1,true,,false
1265,259,19,116,24,2,101,W Cncl U %,4,false,1,"{}",false,,,false,false,true,false,false,true,true,false,false,false,false,false,false,false,{},,true,false,true,-1,true,,false
1318,259,71,119,77,2,101,Ttl OO $,8,false,1,"{}",false,,,false,false,true,false,false,true,true,false,true,false,true,false,true,false,{},,true,false,true,-1,true,,false
1319,259,74,119,78,2,101,OO $ (STK-P),8,false,1,"{}",false,,,false,false,false,false,false,true,true,false,true,false,true,false,true,false,{},,true,false,true,-1,true,,false
1320,259,77,119,79,2,101,OO $ (SPO-P),8,false,1,"{}",false,,,false,false,false,false,false,true,true,false,true,false,true,false,true,false,{},,true,false,true,-1,true,,false
1321,259,80,119,80,2,101,Ttl OTB $,8,false,1,"{}",false,,,false,false,true,false,false,true,true,false,true,false,true,false,true,false,{},,true,false,true,-1,true,,false
1322,259,83,119,81,2,101,OO $ (STK-UP),8,false,1,"{}",false,,,false,false,false,false,false,true,true,false,true,false,true,false,true,false,{},,true,false,true,-1,true,,false
1323,259,86,119,82,2,101,OO $ (SPO-UP),8,false,1,"{}",false,,,false,false,false,false,false,true,true,false,true,false,true,false,true,false,{},,true,false,true,-1,true,,false
1325,259,72,119,84,2,101,Ttl OO U,2,false,1,"{}",false,,,false,false,true,false,false,true,true,false,true,false,true,false,true,false,{},,true,false,true,-1,true,,false
1383,267,2,72,5,2,101,W Sls $ Bld,3,false,1,"{}",false,,,false,false,true,true,false,true,true,false,false,false,false,false,false,false,{},,true,false,true,-1,true,,false
1388,267,7,72,10,2,101,W Sls U Bld,3,false,1,"{}",false,,,false,false,true,true,false,true,true,false,false,false,false,false,false,false,{},,true,false,true,-1,true,,false
1391,267,12,72,13,2,101,W IMU %,4,false,1,"{}",false,,,false,false,true,true,false,true,true,false,false,false,false,false,false,false,{},,true,false,true,-1,true,,false
1393,267,9,72,15,2,101,W COGS,8,false,1,"{}",false,,,false,false,true,true,false,true,true,false,true,false,true,false,true,false,{},,true,false,true,-1,true,,false
1394,267,10,72,16,2,101,W AUC,6,false,1,"{}",false,,,false,false,true,true,false,true,true,false,false,false,false,false,false,false,{},,true,false,true,-1,true,,false
1396,267,15,72,18,2,101,W GM $,8,false,1,"{}",false,,,false,false,true,true,false,true,true,false,true,false,true,false,true,false,{},,true,false,true,-1,true,,false
1384,267,3,72,6,2,101,W Comp Spread %,4,false,1,"{}",false,,,false,false,true,false,false,true,true,false,false,false,false,false,false,false,{},,true,false,true,-1,true,,false
1385,267,4,72,7,2,101,W Sls $ Comp,8,false,1,"{}",false,,,false,false,true,false,false,true,true,false,true,false,true,false,true,false,{},,true,false,true,-1,true,,false
1386,267,5,72,8,2,101,W Sls $ NonComp,8,false,1,"{}",false,,,false,false,true,false,false,true,true,false,true,false,true,false,true,false,{},,true,false,true,-1,true,,false
1397,267,17,72,19,2,101,W BO Sls $,8,false,1,"{}",false,,,false,false,true,false,false,true,true,false,true,false,true,false,true,false,{},,true,false,true,-1,true,,false
1398,267,16,72,20,2,101,W BO Sls U,2,false,1,"{}",false,,,false,false,true,false,false,true,true,false,true,false,true,false,true,false,{},,true,false,true,-1,true,,false
1399,267,21,116,21,2,101,W Cncl Rtl $,8,false,1,"{}",false,,,false,false,true,false,false,true,true,false,true,false,true,false,true,false,{},,true,false,true,-1,true,,false
1445,267,63,119,67,2,101,STK Rcpt $,8,false,1,"{}",false,,,false,false,false,true,false,true,true,false,true,false,true,false,true,false,{},,true,false,true,-1,true,,false
1446,267,66,119,68,2,101,SPO Rcpt $,8,false,1,"{}",false,,,false,false,false,true,false,true,true,false,true,false,true,false,true,false,{},,true,false,true,-1,true,,false
1447,267,69,119,69,2,101,Rcpt $ % of STK,4,false,1,"{}",false,,,false,false,false,true,false,true,true,false,false,false,false,false,false,false,{},,true,false,true,-1,true,,false
1437,267,102,117,59,2,101,AOH U,2,false,1,"{}",false,,,false,false,false,false,false,true,true,false,false,false,false,false,false,false,{},,true,false,true,-1,true,,false
1438,267,105,117,60,2,101,AOH FWOS C$,3,false,1,"{}",false,,,false,false,false,false,false,true,true,false,false,false,false,false,false,false,{},,true,false,true,-1,true,,false
1439,267,106,117,61,2,101,AOH FWOS U,3,false,1,"{}",false,,,false,false,false,false,false,true,true,false,false,false,false,false,false,false,{},,true,false,true,-1,true,,false
1440,267,103,117,62,2,101,ATP C$,8,false,1,"{}",false,,,false,false,false,false,false,true,true,false,false,false,false,false,false,false,{},,true,false,true,-1,true,,false
1441,267,104,117,63,2,101,ATP U,2,false,1,"{}",false,,,false,false,false,false,false,true,true,false,false,false,false,false,false,false,{},,true,false,true,-1,true,,false
1442,267,107,117,64,2,101,ATP FWOS C$,3,false,1,"{}",false,,,false,false,false,false,false,true,true,false,false,false,false,false,false,false,{},,true,false,true,-1,true,,false
1443,267,108,117,65,2,101,ATP FWOS U,3,false,1,"{}",false,,,false,false,false,false,false,true,true,false,false,false,false,false,false,false,{},,true,false,true,-1,true,,false
1449,267,64,119,71,2,101,STK Rcpt U,2,false,1,"{}",false,,,false,false,false,true,false,true,true,false,true,false,true,false,false,false,{},,true,false,true,-1,true,,false
1450,267,67,119,72,2,101,SPO Rcpt U,2,false,1,"{}",false,,,false,false,false,true,false,true,true,false,true,false,true,false,true,false,{},,true,false,true,-1,true,,false
1496,268,7,72,10,2,101,W Sls U Bld,3,false,1,"{}",false,,,false,false,true,true,false,true,true,false,false,false,false,false,false,false,{},,true,false,true,-1,true,,false
1499,268,12,72,13,2,101,W IMU %,4,false,1,"{}",false,,,false,false,true,true,false,true,true,false,false,false,false,false,false,false,{},,true,false,true,-1,true,,false
1501,268,9,72,15,2,101,W COGS,8,false,1,"{}",false,,,false,false,true,true,false,true,true,false,true,false,true,false,true,false,{},,true,false,true,-1,true,,false
1502,268,10,72,16,2,101,W AUC,6,false,1,"{}",false,,,false,false,true,true,false,true,true,false,false,false,false,false,false,false,{},,true,false,true,-1,true,,false
1504,268,15,72,18,2,101,W GM $,8,false,1,"{}",false,,,false,false,true,true,false,true,true,false,true,false,true,false,true,false,{},,true,false,true,-1,true,,false
1505,268,17,72,19,2,101,W BO Sls $,8,false,1,"{}",false,,,false,false,true,false,false,true,true,false,true,false,true,false,true,false,{},,true,false,true,-1,true,,false
1506,268,16,72,20,2,101,W BO Sls U,2,false,1,"{}",false,,,false,false,true,false,false,true,true,false,true,false,true,false,true,false,{},,true,false,true,-1,true,,false
1554,268,66,119,68,2,101,SPO Rcpt $,8,false,1,"{}",false,,,false,false,false,true,false,true,true,false,true,false,true,false,true,false,{},,true,false,true,-1,true,,false
1555,268,69,119,69,2,101,Rcpt $ % of STK,4,false,1,"{}",false,,,false,false,false,true,false,true,true,false,false,false,false,false,false,false,{},,true,false,true,-1,true,,false
1557,268,64,119,71,2,101,STK Rcpt U,2,false,1,"{}",false,,,false,false,false,true,false,true,true,false,true,false,true,false,false,false,{},,true,false,true,-1,true,,false
1558,268,67,119,72,2,101,SPO Rcpt U,2,false,1,"{}",false,,,false,false,false,true,false,true,true,false,true,false,true,false,true,false,{},,true,false,true,-1,true,,false
1559,268,70,119,73,2,101,Rcpt U % of STK,4,false,1,"{}",false,,,false,false,false,true,false,true,true,false,false,false,false,false,false,false,{},,true,false,true,-1,true,,false
1560,268,62,119,74,2,101,Ttl Rcpt AUC,6,false,1,"{}",false,,,false,false,true,true,false,true,true,false,false,false,false,false,false,false,{},,true,false,true,-1,true,,false
1561,268,65,119,75,2,101,STK Rcpt AUC,6,false,1,"{}",false,,,false,false,false,true,false,true,true,false,false,false,false,false,false,false,{},,true,false,true,-1,true,,false
1562,268,68,119,76,2,101,SPO Rcpt AUC,6,false,1,"{}",false,,,false,false,false,true,false,true,true,false,false,false,false,false,false,false,{},,true,false,true,-1,true,,false
1563,268,71,119,77,2,101,Ttl OO $,8,false,1,"{}",false,,,false,false,true,false,false,true,true,false,true,false,true,false,true,false,{},,true,false,true,-1,true,,false
1564,268,74,119,78,2,101,OO $ (STK-P),8,false,1,"{}",false,,,false,false,false,false,false,true,true,false,true,false,true,false,true,false,{},,true,false,true,-1,true,,false
1000,256,89,119,83,2,101,% of Rcpt $ (STK-UP),4,false,1,"{}",false,,,false,false,false,false,false,true,true,false,false,false,false,false,false,false,{},,true,false,true,-1,true,,false
10,264,5,72,4,2,101,W Sls $ NonComp,8,false,1,"{}",false,,,false,false,true,false,false,true,true,false,false,false,false,false,false,false,{},,true,false,true,-1,true,,false
12,264,15,72,6,2,101,W GM $,8,false,1,"{}",false,,,false,false,true,true,false,true,true,false,false,false,false,false,false,false,{},,true,false,true,-1,true,,false
15,265,4,72,3,2,101,W Sls $ Comp,8,false,1,"{}",false,,,false,false,true,false,false,true,true,false,false,false,false,false,false,false,{},,true,false,true,-1,true,,false
16,265,5,72,4,2,101,W Sls $ NonComp,8,false,1,"{}",false,,,false,false,true,false,false,true,true,false,false,false,false,false,false,false,{},,true,false,true,-1,true,,false
18,265,15,72,6,2,101,W GM $,8,false,1,"{}",false,,,false,false,true,true,false,true,true,false,false,false,false,false,false,false,{},,true,false,true,-1,true,,false
21,266,4,72,3,2,101,W Sls $ Comp,8,false,1,"{}",false,,,false,false,false,false,false,true,true,false,false,false,false,false,false,false,{},,true,false,true,-1,true,,false
22,266,5,72,4,2,101,W Sls $ NonComp,8,false,1,"{}",false,,,false,false,false,false,false,true,true,false,false,false,false,false,false,false,{},,true,false,true,-1,true,,false
24,266,15,72,6,2,101,W GM $,8,false,1,"{}",false,,,false,false,true,true,false,true,true,false,false,false,false,false,false,false,{},,true,false,true,-1,true,,false
2,263,3,72,2,2,101,W Comp Spread %,4,false,1,"{}",true,,,false,true,true,false,false,true,true,false,false,false,false,false,false,false,{},,true,false,true,-1,true,,true
8,264,3,72,2,2,101,W Comp Spread %,4,false,1,"{}",true,,,false,true,true,false,false,true,true,false,false,false,false,false,false,false,{},,true,false,true,-1,true,,true
14,265,3,72,2,2,101,W Comp Spread %,4,false,1,"{}",true,,,false,true,true,false,false,true,true,false,false,false,false,false,false,false,{},,true,false,true,-1,true,,true
20,266,3,72,2,2,101,W Comp Spread %,4,false,1,"{}",true,,,false,true,false,false,false,true,true,false,false,false,false,false,false,false,{},,true,false,true,-1,true,,true
324,248,72,119,84,2,101,Ttl OO U,2,false,1,"{}",false,,,false,false,false,false,false,true,true,false,true,false,true,false,true,false,{},,true,false,true,-1,true,,false
425,249,71,119,77,2,101,Ttl OO $,8,false,1,"{}",false,,,false,false,false,false,false,true,true,false,true,false,true,false,true,false,{},,true,false,true,-1,true,,false
994,256,71,119,77,2,101,Ttl OO $,8,false,1,"{}",false,,,false,false,false,false,false,true,true,false,true,false,true,false,true,false,{},,true,false,true,-1,true,,false
1102,257,71,119,77,2,101,Ttl OO $,8,false,1,"{}",false,,,false,false,false,false,false,true,true,false,true,false,true,false,true,false,{},,true,false,true,-1,true,,false
1299,259,101,117,58,2,101,AOH C$,8,false,1,"{}",false,,,false,false,true,false,false,true,true,false,false,false,false,false,false,false,{},,true,false,true,-1,true,,false
1301,259,105,117,60,2,101,AOH FWOS C$,3,false,1,"{}",false,,,false,false,true,false,false,true,true,false,false,false,false,false,false,false,{},,true,false,true,-1,true,,false
543,250,81,119,87,2,101,Ttl OTB U,2,false,1,"{}",false,,,false,false,true,false,false,true,true,false,true,false,true,false,true,false,{},,true,false,true,-1,true,,false
651,251,81,119,87,2,101,Ttl OTB U,2,false,1,"{}",false,,,false,false,true,false,false,true,true,false,true,false,true,false,true,false,{},,true,false,true,-1,true,,false
1220,258,81,119,87,2,101,Ttl OTB U,2,false,1,"{}",false,,,false,false,true,false,false,true,true,false,true,false,true,false,true,false,{},,true,false,true,-1,true,,false
1328,259,81,119,87,2,101,Ttl OTB U,2,false,1,"{}",false,,,false,false,true,false,false,true,true,false,true,false,true,false,true,false,{},,true,false,true,-1,true,,false
1465,267,81,119,87,2,101,Ttl OTB U,2,false,1,"{}",false,,,false,false,true,false,false,true,true,false,true,false,true,false,true,false,{},,true,false,true,-1,true,,false
442,249,82,119,94,2,101,Ttl OTB AUC,6,false,1,"{}",false,,,false,false,false,false,false,true,true,false,false,false,false,false,false,false,{},,true,false,true,-1,true,,false
9,264,4,72,3,2,101,W Sls $ Comp,8,false,1,"{}",false,,,false,false,true,false,false,true,true,false,false,false,false,false,false,false,{},,true,false,true,-1,true,,false
60,247,27,116,36,2,101,D Sls $ Adj Fctr,3,false,1,"{}",false,,,false,false,false,false,false,true,true,false,false,false,false,false,false,false,{},,true,false,true,-1,true,,false
107,247,89,119,83,2,101,% of Rcpt $ (STK-UP),4,false,1,"{}",false,,,false,false,false,false,false,true,true,false,false,false,false,false,false,false,{},,true,false,true,-1,true,,false
69,247,39,74,45,2,101,D DR %,4,false,1,"{}",false,,,false,false,false,false,false,true,true,false,false,false,false,false,false,false,{},,true,false,true,-1,true,,false
66,247,33,74,42,2,101,D Sls U,2,false,1,"{}",false,,,false,false,true,true,false,true,true,false,true,false,true,false,true,false,{},,true,false,true,-1,true,,false
330,248,90,119,90,2,101,% of Rcpt U (STK-UP),4,false,1,"{}",false,,,false,false,false,false,false,true,true,false,false,false,false,false,false,false,{},,true,false,true,-1,true,,false
285,248,39,74,45,2,101,D DR %,4,false,1,"{}",false,,,false,false,false,false,false,true,true,false,false,false,false,false,false,false,{},,true,false,true,-1,true,,false
393,249,39,74,45,2,101,D DR %,4,false,1,"{}",false,,,false,false,false,false,false,true,true,false,false,false,false,false,false,false,{},,true,false,true,-1,true,,false
276,248,27,116,36,2,101,D Sls $ Adj Fctr,3,false,1,"{}",false,,,false,false,false,false,false,true,true,false,false,false,false,false,false,false,{},,true,false,true,-1,true,,false
114,247,90,119,90,2,101,% of Rcpt U (STK-UP),4,false,1,"{}",false,,,false,false,false,false,false,true,true,false,false,false,false,false,false,false,{},,true,false,true,-1,true,,false
431,249,89,119,83,2,101,% of Rcpt $ (STK-UP),4,false,1,"{}",false,,,false,false,false,false,false,true,true,false,false,false,false,false,false,false,{},,true,false,true,-1,true,,false
438,249,90,119,90,2,101,% of Rcpt U (STK-UP),4,false,1,"{}",false,,,false,false,false,false,false,true,true,false,false,false,false,false,false,false,{},,true,false,true,-1,true,,false
539,250,89,119,83,2,101,% of Rcpt $ (STK-UP),4,false,1,"{}",false,,,false,false,false,false,false,true,true,false,false,false,false,false,false,false,{},,true,false,true,-1,true,,false
546,250,90,119,90,2,101,% of Rcpt U (STK-UP),4,false,1,"{}",false,,,false,false,false,false,false,true,true,false,false,false,false,false,false,false,{},,true,false,true,-1,true,,false
177,252,39,74,45,2,101,D DR %,4,false,1,"{}",false,,,false,false,false,false,false,true,true,false,false,false,false,false,false,false,{},,true,false,true,-1,true,,false
390,249,33,74,42,2,101,D Sls U,2,false,1,"{}",false,,,false,false,true,true,false,true,true,false,true,false,true,false,true,false,{},,true,false,true,-1,true,,false
498,250,33,74,42,2,101,D Sls U,2,false,1,"{}",false,,,false,false,true,true,false,true,true,false,true,false,true,false,true,false,{},,true,false,true,-1,true,,false
174,252,33,74,42,2,101,D Sls U,2,false,1,"{}",false,,,false,false,true,true,false,true,true,false,true,false,true,false,true,false,{},,true,false,true,-1,true,,false
647,251,89,119,83,2,101,% of Rcpt $ (STK-UP),4,false,1,"{}",false,,,false,false,false,false,false,true,true,false,false,false,false,false,false,false,{},,true,false,true,-1,true,,false
654,251,90,119,90,2,101,% of Rcpt U (STK-UP),4,false,1,"{}",false,,,false,false,false,false,false,true,true,false,false,false,false,false,false,false,{},,true,false,true,-1,true,,false
30,247,3,72,6,2,101,W Comp Spread %,4,false,1,"{}",false,,,false,false,true,false,false,true,true,false,false,false,false,false,false,false,{},,true,false,true,-1,true,,false
609,251,39,74,45,2,101,D DR %,4,false,1,"{}",false,,,false,false,false,false,false,true,true,false,false,false,false,false,false,false,{},,true,false,true,-1,true,,false
492,250,27,116,36,2,101,D Sls $ Adj Fctr,3,false,1,"{}",false,,,false,false,false,false,false,true,true,false,false,false,false,false,false,false,{},,true,false,true,-1,true,,false
600,251,27,116,36,2,101,D Sls $ Adj Fctr,3,false,1,"{}",false,,,false,false,false,false,false,true,true,false,false,false,false,false,false,false,{},,true,false,true,-1,true,,false
43,247,17,72,19,2,101,W BO Sls $,8,false,1,"{}",false,,,false,false,true,false,false,true,true,false,true,false,true,false,true,false,{},,true,false,true,-1,true,,false
44,247,16,72,20,2,101,W BO Sls U,2,false,1,"{}",false,,,false,false,true,false,false,true,true,false,true,false,true,false,true,false,{},,true,false,true,-1,true,,false
45,247,21,116,21,2,101,W Cncl Rtl $,8,false,1,"{}",false,,,false,false,true,false,false,true,true,false,true,false,true,false,true,false,{},,true,false,true,-1,true,,false
46,247,18,116,22,2,101,W Cncl Rtl %,4,false,1,"{}",false,,,false,false,true,false,false,true,true,false,false,false,false,false,false,false,{},,true,false,true,-1,true,,false
47,247,22,116,23,2,101,W Cncl U,2,false,1,"{}",false,,,false,false,true,false,false,true,true,false,true,false,true,false,true,false,{},,true,false,true,-1,true,,false
48,247,19,116,24,2,101,W Cncl U %,4,false,1,"{}",false,,,false,false,true,false,false,true,true,false,false,false,false,false,false,false,{},,true,false,true,-1,true,,false
49,247,23,116,25,2,101,W Cncl Cst $,8,false,1,"{}",false,,,false,false,true,false,false,true,true,false,true,false,true,false,true,false,{},,true,false,true,-1,true,,false
50,247,20,116,26,2,101,W Cncl Cst $ %,4,false,1,"{}",false,,,false,false,true,false,false,true,true,false,false,false,false,false,false,false,{},,true,false,true,-1,true,,false
76,247,45,74,52,2,101,D Rtrn Rtl $,8,false,1,"{}",false,,,false,false,true,false,false,true,true,false,true,false,true,false,true,false,{},,true,false,true,-1,true,,false
77,247,42,74,53,2,101,D Rtrn Rtl %,4,false,1,"{}",false,,,false,false,true,false,false,true,true,false,false,false,false,false,false,false,{},,true,false,true,-1,true,,false
78,247,46,74,54,2,101,D Rtrn U,2,false,1,"{}",false,,,false,false,true,false,false,true,true,false,true,false,true,false,true,false,{},,true,false,true,-1,true,,false
79,247,43,74,55,2,101,D Rtrn U %,4,false,1,"{}",false,,,false,false,true,false,false,true,true,false,false,false,false,false,false,false,{},,true,false,true,-1,true,,false
80,247,47,74,56,2,101,D Rtrn Cst $,8,false,1,"{}",false,,,false,false,true,false,false,true,true,false,true,false,true,false,true,false,{},,true,false,true,-1,true,,false
81,247,44,74,57,2,101,D Rtrn Cst $ %,4,false,1,"{}",false,,,false,false,true,false,false,true,true,false,false,false,false,false,false,false,{},,true,false,true,-1,true,,false
82,247,101,117,58,2,101,AOH C$,8,false,1,"{}",false,,,false,false,false,false,false,true,true,false,false,false,false,false,false,false,{},,true,false,true,-1,true,,false
83,247,102,117,59,2,101,AOH U,2,false,1,"{}",false,,,false,false,false,false,false,true,true,false,false,false,false,false,false,false,{},,true,false,true,-1,true,,false
84,247,105,117,60,2,101,AOH FWOS C$,3,false,1,"{}",false,,,false,false,false,false,false,true,true,false,false,false,false,false,false,false,{},,true,false,true,-1,true,,false
85,247,106,117,61,2,101,AOH FWOS U,3,false,1,"{}",false,,,false,false,false,false,false,true,true,false,false,false,false,false,false,false,{},,true,false,true,-1,true,,false
86,247,103,117,62,2,101,ATP C$,8,false,1,"{}",false,,,false,false,false,false,false,true,true,false,false,false,false,false,false,false,{},,true,false,true,-1,true,,false
87,247,104,117,63,2,101,ATP U,2,false,1,"{}",false,,,false,false,false,false,false,true,true,false,false,false,false,false,false,false,{},,true,false,true,-1,true,,false
88,247,107,117,64,2,101,ATP FWOS C$,3,false,1,"{}",false,,,false,false,false,false,false,true,true,false,false,false,false,false,false,false,{},,true,false,true,-1,true,,false
68,247,38,74,44,2,101,D AIR,6,false,1,"{}",false,,,false,false,false,false,false,true,true,false,false,false,false,false,false,false,{},,true,false,true,-1,true,,false
53,247,24,116,29,2,101,Fct D Sls $,8,false,1,"{}",false,,,false,false,false,false,false,true,true,false,true,false,true,false,true,false,{},,true,false,true,-1,true,,false
56,247,25,116,32,2,101,Fct D Sls U,2,false,1,"{}",false,,,false,false,false,false,false,true,true,false,true,false,true,false,true,false,{},,true,false,true,-1,true,,false
59,247,26,116,35,2,101,Fct D COGS,8,false,1,"{}",false,,,false,false,false,false,false,true,true,false,true,false,true,false,true,false,{},,true,false,true,-1,true,,false
61,247,28,116,37,2,101,D Sls U Adj Fctr,3,false,1,"{}",false,,,false,false,false,false,false,true,true,false,false,false,false,false,false,false,{},,true,false,true,-1,true,,false
606,251,33,74,42,2,101,D Sls U,2,false,1,"{}",false,,,false,false,true,true,false,true,true,false,true,false,true,false,true,false,{},,true,false,true,-1,true,,false
29,247,2,72,5,2,101,W Sls $ Bld,3,false,1,"{}",false,,,false,false,true,true,false,true,true,false,false,false,false,false,false,false,{},,true,false,true,-1,true,,false
65,247,32,74,41,2,101,D Sls $ Bld,3,false,1,"{}",false,,,false,false,true,true,false,true,true,false,false,false,false,false,false,false,{},,true,false,true,-1,true,,false
67,247,34,74,43,2,101,D Sls U Bld,3,false,1,"{}",false,,,false,false,true,true,false,true,true,false,false,false,false,false,false,false,{},,true,false,true,-1,true,,false
71,247,36,74,47,2,101,D COGS,8,false,1,"{}",false,,,false,false,true,true,false,true,true,false,true,false,true,false,true,false,{},,true,false,true,-1,true,,false
72,247,37,74,48,2,101,D AUC,6,false,1,"{}",false,,,false,false,true,true,false,true,true,false,false,false,false,false,false,false,{},,true,false,true,-1,true,,false
74,247,41,74,50,2,101,D GM $,8,false,1,"{}",false,,,false,false,true,true,false,true,true,false,true,false,true,false,true,false,{},,true,false,true,-1,true,,false
75,247,100,74,51,2,101,D GMROI,3,false,1,"{}",false,,,false,false,true,true,false,true,true,false,false,false,false,false,false,false,{},,true,false,true,-1,true,,false
147,252,9,72,15,2,101,W COGS,8,false,1,"{}",false,,,false,false,true,true,false,true,true,false,true,false,true,false,true,false,{},,true,false,true,-1,true,,false
58,247,53,116,34,2,101,Wgt Age ND COGS,3,false,1,"{}",false,,,false,false,false,true,false,true,true,false,false,false,false,false,false,false,{},,true,false,true,-1,true,,false
52,247,51,116,28,2,101,Wgt Age ND Sls $,3,false,1,"{}",false,,,false,false,false,true,false,true,true,false,false,false,false,false,false,false,{},,true,false,true,-1,true,,false
55,247,52,116,31,2,101,Wgt Age ND Sls U,3,false,1,"{}",false,,,false,false,false,true,false,true,true,false,false,false,false,false,false,false,{},,true,false,true,-1,true,,false
62,247,29,116,38,2,101,D COGS Adj Fctr,3,false,1,"{}",false,,,false,false,false,false,false,true,true,false,false,false,false,false,false,false,{},,true,false,true,-1,true,,false
106,247,86,119,82,2,101,OO $ (SPO-UP),8,false,1,"{}",false,,,false,false,false,false,false,true,true,false,true,false,true,false,true,false,{},,true,false,true,-1,true,,false
108,247,72,119,84,2,101,Ttl OO U,2,false,1,"{}",false,,,false,false,true,false,false,true,true,false,true,false,true,false,true,false,{},,true,false,true,-1,true,,false
109,247,75,119,85,2,101,OO U (STK-P),2,false,1,"{}",false,,,false,false,false,false,false,true,true,false,true,false,true,false,true,false,{},,true,false,true,-1,true,,false
110,247,78,119,86,2,101,OO U (SPO-P),2,false,1,"{}",false,,,false,false,false,false,false,true,true,false,true,false,true,false,true,false,{},,true,false,true,-1,true,,false
112,247,84,119,88,2,101,OO U (STK-UP),2,false,1,"{}",false,,,false,false,false,false,false,true,true,false,true,false,true,false,true,false,{},,true,false,true,-1,true,,false
113,247,87,119,89,2,101,OO U (SPO-UP),2,false,1,"{}",false,,,false,false,false,false,false,true,true,false,true,false,true,false,true,false,{},,true,false,true,-1,true,,false
116,247,76,119,92,2,101,OO AUC (STK-P),6,false,1,"{}",false,,,false,false,false,false,false,true,true,false,false,false,false,false,false,false,{},,true,false,true,-1,true,,false
117,247,79,119,93,2,101,OO AUC (SPO-P),6,false,1,"{}",false,,,false,false,false,false,false,true,true,false,false,false,false,false,false,false,{},,true,false,true,-1,true,,false
119,247,85,119,95,2,101,OO AUC (STK-UP),6,false,1,"{}",false,,,false,false,false,false,false,true,true,false,false,false,false,false,false,false,{},,true,false,true,-1,true,,false
120,247,88,119,96,2,101,OO AUC (SPO-UP),6,false,1,"{}",false,,,false,false,false,false,false,true,true,false,false,false,false,false,false,false,{},,true,false,true,-1,true,,false
111,247,81,119,87,2,101,Ttl OTB U,2,false,1,"{}",false,,,false,false,true,false,false,true,true,false,true,false,true,false,true,false,{},,true,false,true,-1,true,,false
118,247,82,119,94,2,101,Ttl OTB AUC,6,false,1,"{}",false,,,false,false,true,false,false,true,true,false,false,false,false,false,false,false,{},,true,false,true,-1,true,,false
115,247,73,119,91,2,101,Ttl OO AUC,6,false,1,"{}",false,,,false,false,true,false,false,true,true,false,false,false,false,false,false,false,{},,true,false,true,-1,true,,false
138,252,3,72,6,2,101,W Comp Spread %,4,false,1,"{}",false,,,false,false,true,false,false,true,true,false,false,false,false,false,false,false,{},,true,false,true,-1,true,,false
139,252,4,72,7,2,101,W Sls $ Comp,8,false,1,"{}",false,,,false,false,true,false,false,true,true,false,true,false,true,false,true,false,{},,true,false,true,-1,true,,false
140,252,5,72,8,2,101,W Sls $ NonComp,8,false,1,"{}",false,,,false,false,true,false,false,true,true,false,true,false,true,false,true,false,{},,true,false,true,-1,true,,false
152,252,16,72,20,2,101,W BO Sls U,2,false,1,"{}",false,,,false,false,true,false,false,true,true,false,true,false,true,false,true,false,{},,true,false,true,-1,true,,false
153,252,21,116,21,2,101,W Cncl Rtl $,8,false,1,"{}",false,,,false,false,true,false,false,true,true,false,true,false,true,false,true,false,{},,true,false,true,-1,true,,false
154,252,18,116,22,2,101,W Cncl Rtl %,4,false,1,"{}",false,,,false,false,true,false,false,true,true,false,false,false,false,false,false,false,{},,true,false,true,-1,true,,false
155,252,22,116,23,2,101,W Cncl U,2,false,1,"{}",false,,,false,false,true,false,false,true,true,false,true,false,true,false,true,false,{},,true,false,true,-1,true,,false
156,252,19,116,24,2,101,W Cncl U %,4,false,1,"{}",false,,,false,false,true,false,false,true,true,false,false,false,false,false,false,false,{},,true,false,true,-1,true,,false
157,252,23,116,25,2,101,W Cncl Cst $,8,false,1,"{}",false,,,false,false,true,false,false,true,true,false,true,false,true,false,true,false,{},,true,false,true,-1,true,,false
158,252,20,116,26,2,101,W Cncl Cst $ %,4,false,1,"{}",false,,,false,false,true,false,false,true,true,false,false,false,false,false,false,false,{},,true,false,true,-1,true,,false
176,252,38,74,44,2,101,D AIR,6,false,1,"{}",false,,,false,false,false,false,false,true,true,false,false,false,false,false,false,false,{},,true,false,true,-1,true,,false
161,252,24,116,29,2,101,Fct D Sls $,8,false,1,"{}",false,,,false,false,false,false,false,true,true,false,true,false,true,false,true,false,{},,true,false,true,-1,true,,false
164,252,25,116,32,2,101,Fct D Sls U,2,false,1,"{}",false,,,false,false,false,false,false,true,true,false,true,false,true,false,true,false,{},,true,false,true,-1,true,,false
184,252,45,74,52,2,101,D Rtrn Rtl $,8,false,1,"{}",false,,,false,false,true,false,false,true,true,false,true,false,true,false,true,false,{},,true,false,true,-1,true,,false
185,252,42,74,53,2,101,D Rtrn Rtl %,4,false,1,"{}",false,,,false,false,true,false,false,true,true,false,false,false,false,false,false,false,{},,true,false,true,-1,true,,false
186,252,46,74,54,2,101,D Rtrn U,2,false,1,"{}",false,,,false,false,true,false,false,true,true,false,true,false,true,false,true,false,{},,true,false,true,-1,true,,false
187,252,43,74,55,2,101,D Rtrn U %,4,false,1,"{}",false,,,false,false,true,false,false,true,true,false,false,false,false,false,false,false,{},,true,false,true,-1,true,,false
188,252,47,74,56,2,101,D Rtrn Cst $,8,false,1,"{}",false,,,false,false,true,false,false,true,true,false,true,false,true,false,true,false,{},,true,false,true,-1,true,,false
189,252,44,74,57,2,101,D Rtrn Cst $ %,4,false,1,"{}",false,,,false,false,true,false,false,true,true,false,false,false,false,false,false,false,{},,true,false,true,-1,true,,false
190,252,101,117,58,2,101,AOH C$,8,false,1,"{}",false,,,false,false,false,false,false,true,true,false,false,false,false,false,false,false,{},,true,false,true,-1,true,,false
191,252,102,117,59,2,101,AOH U,2,false,1,"{}",false,,,false,false,false,false,false,true,true,false,false,false,false,false,false,false,{},,true,false,true,-1,true,,false
125,247,95,120,101,2,101,Inv Adj AUC,6,false,1,"{}",false,,,false,false,true,true,false,true,true,false,false,false,false,false,false,false,{},,true,false,true,-1,true,,false
126,247,57,121,102,2,101,EOP $,8,false,1,"{}",false,,,false,false,true,true,false,true,true,false,true,false,true,false,true,false,{},,true,false,true,-1,true,,false
127,247,58,121,103,2,101,EOP U,2,false,1,"{}",false,,,false,false,true,true,false,true,true,false,true,false,true,false,true,false,{},,true,false,true,-1,true,,false
128,247,59,121,104,2,101,EOP AUC,6,false,1,"{}",false,,,false,false,true,true,false,true,true,false,false,false,false,false,false,false,{},,true,false,true,-1,true,,false
129,247,96,121,105,2,101,Avg Inv Cst $,8,false,1,"{}",false,,,false,false,true,true,false,true,true,false,false,false,false,false,false,false,{},,true,false,true,-1,true,,false
160,252,51,116,28,2,101,Wgt Age ND Sls $,3,false,1,"{}",false,,,false,false,false,true,false,true,true,false,false,false,false,false,false,false,{},,true,false,true,-1,true,,false
163,252,52,116,31,2,101,Wgt Age ND Sls U,3,false,1,"{}",false,,,false,false,false,true,false,true,true,false,false,false,false,false,false,false,{},,true,false,true,-1,true,,false
192,252,105,117,60,2,101,AOH FWOS C$,3,false,1,"{}",false,,,false,false,false,false,false,true,true,false,false,false,false,false,false,false,{},,true,false,true,-1,true,,false
193,252,106,117,61,2,101,AOH FWOS U,3,false,1,"{}",false,,,false,false,false,false,false,true,true,false,false,false,false,false,false,false,{},,true,false,true,-1,true,,false
194,252,103,117,62,2,101,ATP C$,8,false,1,"{}",false,,,false,false,false,false,false,true,true,false,false,false,false,false,false,false,{},,true,false,true,-1,true,,false
195,252,104,117,63,2,101,ATP U,2,false,1,"{}",false,,,false,false,false,false,false,true,true,false,false,false,false,false,false,false,{},,true,false,true,-1,true,,false
196,252,107,117,64,2,101,ATP FWOS C$,3,false,1,"{}",false,,,false,false,false,false,false,true,true,false,false,false,false,false,false,false,{},,true,false,true,-1,true,,false
197,252,108,117,65,2,101,ATP FWOS U,3,false,1,"{}",false,,,false,false,false,false,false,true,true,false,false,false,false,false,false,false,{},,true,false,true,-1,true,,false
167,252,26,116,35,2,101,Fct D COGS,8,false,1,"{}",false,,,false,false,false,false,false,true,true,false,true,false,true,false,true,false,{},,true,false,true,-1,true,,false
169,252,28,116,37,2,101,D Sls U Adj Fctr,3,false,1,"{}",false,,,false,false,false,false,false,true,true,false,false,false,false,false,false,false,{},,true,false,true,-1,true,,false
168,252,27,116,36,2,101,D Sls $ Adj Fctr,3,false,1,"{}",false,,,false,false,false,false,false,true,true,false,false,false,false,false,false,false,{},,true,false,true,-1,true,,false
220,252,84,119,88,2,101,OO U (STK-UP),2,false,1,"{}",false,,,false,false,false,false,false,true,true,false,true,false,true,false,true,false,{},,true,false,true,-1,true,,false
221,252,87,119,89,2,101,OO U (SPO-UP),2,false,1,"{}",false,,,false,false,false,false,false,true,true,false,true,false,true,false,true,false,{},,true,false,true,-1,true,,false
224,252,76,119,92,2,101,OO AUC (STK-P),6,false,1,"{}",false,,,false,false,false,false,false,true,true,false,false,false,false,false,false,false,{},,true,false,true,-1,true,,false
225,252,79,119,93,2,101,OO AUC (SPO-P),6,false,1,"{}",false,,,false,false,false,false,false,true,true,false,false,false,false,false,false,false,{},,true,false,true,-1,true,,false
227,252,85,119,95,2,101,OO AUC (STK-UP),6,false,1,"{}",false,,,false,false,false,false,false,true,true,false,false,false,false,false,false,false,{},,true,false,true,-1,true,,false
228,252,88,119,96,2,101,OO AUC (SPO-UP),6,false,1,"{}",false,,,false,false,false,false,false,true,true,false,false,false,false,false,false,false,{},,true,false,true,-1,true,,false
219,252,81,119,87,2,101,Ttl OTB U,2,false,1,"{}",false,,,false,false,true,false,false,true,true,false,true,false,true,false,true,false,{},,true,false,true,-1,true,,false
226,252,82,119,94,2,101,Ttl OTB AUC,6,false,1,"{}",false,,,false,false,true,false,false,true,true,false,false,false,false,false,false,false,{},,true,false,true,-1,true,,false
223,252,73,119,91,2,101,Ttl OO AUC,6,false,1,"{}",false,,,false,false,true,false,false,true,true,false,false,false,false,false,false,false,{},,true,false,true,-1,true,,false
246,248,3,72,6,2,101,W Comp Spread %,4,false,1,"{}",false,,,false,false,true,false,false,true,true,false,false,false,false,false,false,false,{},,true,false,true,-1,true,,false
247,248,4,72,7,2,101,W Sls $ Comp,8,false,1,"{}",false,,,false,false,true,false,false,true,true,false,true,false,true,false,true,false,{},,true,false,true,-1,true,,false
248,248,5,72,8,2,101,W Sls $ NonComp,8,false,1,"{}",false,,,false,false,true,false,false,true,true,false,true,false,true,false,true,false,{},,true,false,true,-1,true,,false
259,248,17,72,19,2,101,W BO Sls $,8,false,1,"{}",false,,,false,false,true,false,false,true,true,false,true,false,true,false,true,false,{},,true,false,true,-1,true,,false
260,248,16,72,20,2,101,W BO Sls U,2,false,1,"{}",false,,,false,false,true,false,false,true,true,false,true,false,true,false,true,false,{},,true,false,true,-1,true,,false
261,248,21,116,21,2,101,W Cncl Rtl $,8,false,1,"{}",false,,,false,false,true,false,false,true,true,false,true,false,true,false,true,false,{},,true,false,true,-1,true,,false
262,248,18,116,22,2,101,W Cncl Rtl %,4,false,1,"{}",false,,,false,false,true,false,false,true,true,false,false,false,false,false,false,false,{},,true,false,true,-1,true,,false
263,248,22,116,23,2,101,W Cncl U,2,false,1,"{}",false,,,false,false,true,false,false,true,true,false,true,false,true,false,true,false,{},,true,false,true,-1,true,,false
264,248,19,116,24,2,101,W Cncl U %,4,false,1,"{}",false,,,false,false,true,false,false,true,true,false,false,false,false,false,false,false,{},,true,false,true,-1,true,,false
215,252,89,119,83,2,101,% of Rcpt $ (STK-UP),4,false,1,"{}",false,,,false,false,false,false,false,true,true,false,false,false,false,false,false,false,{},,true,false,true,-1,true,,false
292,248,45,74,52,2,101,D Rtrn Rtl $,8,false,1,"{}",false,,,false,false,true,false,false,true,true,false,true,false,true,false,true,false,{},,true,false,true,-1,true,,false
293,248,42,74,53,2,101,D Rtrn Rtl %,4,false,1,"{}",false,,,false,false,true,false,false,true,true,false,false,false,false,false,false,false,{},,true,false,true,-1,true,,false
199,252,63,119,67,2,101,STK Rcpt $,8,false,1,"{}",false,,,false,false,false,true,false,true,true,false,true,false,true,false,true,false,{},,true,false,true,-1,true,,false
200,252,66,119,68,2,101,SPO Rcpt $,8,false,1,"{}",false,,,false,false,false,true,false,true,true,false,true,false,true,false,true,false,{},,true,false,true,-1,true,,false
201,252,69,119,69,2,101,Rcpt $ % of STK,4,false,1,"{}",false,,,false,false,false,true,false,true,true,false,false,false,false,false,false,false,{},,true,false,true,-1,true,,false
166,252,53,116,34,2,101,Wgt Age ND COGS,3,false,1,"{}",false,,,false,false,false,true,false,true,true,false,false,false,false,false,false,false,{},,true,false,true,-1,true,,false
294,248,46,74,54,2,101,D Rtrn U,2,false,1,"{}",false,,,false,false,true,false,false,true,true,false,true,false,true,false,true,false,{},,true,false,true,-1,true,,false
295,248,43,74,55,2,101,D Rtrn U %,4,false,1,"{}",false,,,false,false,true,false,false,true,true,false,false,false,false,false,false,false,{},,true,false,true,-1,true,,false
296,248,47,74,56,2,101,D Rtrn Cst $,8,false,1,"{}",false,,,false,false,true,false,false,true,true,false,true,false,true,false,true,false,{},,true,false,true,-1,true,,false
297,248,44,74,57,2,101,D Rtrn Cst $ %,4,false,1,"{}",false,,,false,false,true,false,false,true,true,false,false,false,false,false,false,false,{},,true,false,true,-1,true,,false
298,248,101,117,58,2,101,AOH C$,8,false,1,"{}",false,,,false,false,false,false,false,true,true,false,false,false,false,false,false,false,{},,true,false,true,-1,true,,false
299,248,102,117,59,2,101,AOH U,2,false,1,"{}",false,,,false,false,false,false,false,true,true,false,false,false,false,false,false,false,{},,true,false,true,-1,true,,false
300,248,105,117,60,2,101,AOH FWOS C$,3,false,1,"{}",false,,,false,false,false,false,false,true,true,false,false,false,false,false,false,false,{},,true,false,true,-1,true,,false
301,248,106,117,61,2,101,AOH FWOS U,3,false,1,"{}",false,,,false,false,false,false,false,true,true,false,false,false,false,false,false,false,{},,true,false,true,-1,true,,false
302,248,103,117,62,2,101,ATP C$,8,false,1,"{}",false,,,false,false,false,false,false,true,true,false,false,false,false,false,false,false,{},,true,false,true,-1,true,,false
303,248,104,117,63,2,101,ATP U,2,false,1,"{}",false,,,false,false,false,false,false,true,true,false,false,false,false,false,false,false,{},,true,false,true,-1,true,,false
304,248,107,117,64,2,101,ATP FWOS C$,3,false,1,"{}",false,,,false,false,false,false,false,true,true,false,false,false,false,false,false,false,{},,true,false,true,-1,true,,false
305,248,108,117,65,2,101,ATP FWOS U,3,false,1,"{}",false,,,false,false,false,false,false,true,true,false,false,false,false,false,false,false,{},,true,false,true,-1,true,,false
318,248,74,119,78,2,101,OO $ (STK-P),8,false,1,"{}",false,,,false,false,false,false,false,true,true,false,true,false,true,false,true,false,{},,true,false,true,-1,true,,false
319,248,77,119,79,2,101,OO $ (SPO-P),8,false,1,"{}",false,,,false,false,false,false,false,true,true,false,true,false,true,false,true,false,{},,true,false,true,-1,true,,false
321,248,83,119,81,2,101,OO $ (STK-UP),8,false,1,"{}",false,,,false,false,false,false,false,true,true,false,true,false,true,false,true,false,{},,true,false,true,-1,true,,false
322,248,86,119,82,2,101,OO $ (SPO-UP),8,false,1,"{}",false,,,false,false,false,false,false,true,true,false,true,false,true,false,true,false,{},,true,false,true,-1,true,,false
320,248,80,119,80,2,101,Ttl OTB $,8,false,1,"{}",false,,,false,false,false,false,false,true,true,false,true,false,true,false,true,false,{},,true,false,true,-1,true,,false
284,248,38,74,44,2,101,D AIR,6,false,1,"{}",false,,,false,false,false,false,false,true,true,false,false,false,false,false,false,false,{},,true,false,true,-1,true,,false
269,248,24,116,29,2,101,Fct D Sls $,8,false,1,"{}",false,,,false,false,false,false,false,true,true,false,true,false,true,false,true,false,{},,true,false,true,-1,true,,false
272,248,25,116,32,2,101,Fct D Sls U,2,false,1,"{}",false,,,false,false,false,false,false,true,true,false,true,false,true,false,true,false,{},,true,false,true,-1,true,,false
275,248,26,116,35,2,101,Fct D COGS,8,false,1,"{}",false,,,false,false,false,false,false,true,true,false,true,false,true,false,true,false,{},,true,false,true,-1,true,,false
277,248,28,116,37,2,101,D Sls U Adj Fctr,3,false,1,"{}",false,,,false,false,false,false,false,true,true,false,false,false,false,false,false,false,{},,true,false,true,-1,true,,false
278,248,29,116,38,2,101,D COGS Adj Fctr,3,false,1,"{}",false,,,false,false,false,false,false,true,true,false,false,false,false,false,false,false,{},,true,false,true,-1,true,,false
336,248,88,119,96,2,101,OO AUC (SPO-UP),6,false,1,"{}",false,,,false,false,false,false,false,true,true,false,false,false,false,false,false,false,{},,true,false,true,-1,true,,false
354,249,3,72,6,2,101,W Comp Spread %,4,false,1,"{}",false,,,false,false,true,false,false,true,true,false,false,false,false,false,false,false,{},,true,false,true,-1,true,,false
355,249,4,72,7,2,101,W Sls $ Comp,8,false,1,"{}",false,,,false,false,true,false,false,true,true,false,true,false,true,false,true,false,{},,true,false,true,-1,true,,false
356,249,5,72,8,2,101,W Sls $ NonComp,8,false,1,"{}",false,,,false,false,true,false,false,true,true,false,true,false,true,false,true,false,{},,true,false,true,-1,true,,false
307,248,63,119,67,2,101,STK Rcpt $,8,false,1,"{}",false,,,false,false,false,true,false,true,true,false,true,false,true,false,true,false,{},,true,false,true,-1,true,,false
308,248,66,119,68,2,101,SPO Rcpt $,8,false,1,"{}",false,,,false,false,false,true,false,true,true,false,true,false,true,false,true,false,{},,true,false,true,-1,true,,false
309,248,69,119,69,2,101,Rcpt $ % of STK,4,false,1,"{}",false,,,false,false,false,true,false,true,true,false,false,false,false,false,false,false,{},,true,false,true,-1,true,,false
311,248,64,119,71,2,101,STK Rcpt U,2,false,1,"{}",false,,,false,false,false,true,false,true,true,false,true,false,true,false,false,false,{},,true,false,true,-1,true,,false
268,248,51,116,28,2,101,Wgt Age ND Sls $,3,false,1,"{}",false,,,false,false,false,true,false,true,true,false,false,false,false,false,false,false,{},,true,false,true,-1,true,,false
271,248,52,116,31,2,101,Wgt Age ND Sls U,3,false,1,"{}",false,,,false,false,false,true,false,true,true,false,false,false,false,false,false,false,{},,true,false,true,-1,true,,false
274,248,53,116,34,2,101,Wgt Age ND COGS,3,false,1,"{}",false,,,false,false,false,true,false,true,true,false,false,false,false,false,false,false,{},,true,false,true,-1,true,,false
367,249,17,72,19,2,101,W BO Sls $,8,false,1,"{}",false,,,false,false,true,false,false,true,true,false,true,false,true,false,true,false,{},,true,false,true,-1,true,,false
368,249,16,72,20,2,101,W BO Sls U,2,false,1,"{}",false,,,false,false,true,false,false,true,true,false,true,false,true,false,true,false,{},,true,false,true,-1,true,,false
369,249,21,116,21,2,101,W Cncl Rtl $,8,false,1,"{}",false,,,false,false,true,false,false,true,true,false,true,false,true,false,true,false,{},,true,false,true,-1,true,,false
370,249,18,116,22,2,101,W Cncl Rtl %,4,false,1,"{}",false,,,false,false,true,false,false,true,true,false,false,false,false,false,false,false,{},,true,false,true,-1,true,,false
371,249,22,116,23,2,101,W Cncl U,2,false,1,"{}",false,,,false,false,true,false,false,true,true,false,true,false,true,false,true,false,{},,true,false,true,-1,true,,false
372,249,19,116,24,2,101,W Cncl U %,4,false,1,"{}",false,,,false,false,true,false,false,true,true,false,false,false,false,false,false,false,{},,true,false,true,-1,true,,false
373,249,23,116,25,2,101,W Cncl Cst $,8,false,1,"{}",false,,,false,false,true,false,false,true,true,false,true,false,true,false,true,false,{},,true,false,true,-1,true,,false
374,249,20,116,26,2,101,W Cncl Cst $ %,4,false,1,"{}",false,,,false,false,true,false,false,true,true,false,false,false,false,false,false,false,{},,true,false,true,-1,true,,false
334,248,82,119,94,2,101,Ttl OTB AUC,6,false,1,"{}",false,,,false,false,false,false,false,true,true,false,false,false,false,false,false,false,{},,true,false,true,-1,true,,false
323,248,89,119,83,2,101,% of Rcpt $ (STK-UP),4,false,1,"{}",false,,,false,false,false,false,false,true,true,false,false,false,false,false,false,false,{},,true,false,true,-1,true,,false
331,248,73,119,91,2,101,Ttl OO AUC,6,false,1,"{}",false,,,false,false,false,false,false,true,true,false,false,false,false,false,false,false,{},,true,false,true,-1,true,,false
327,248,81,119,87,2,101,Ttl OTB U,2,false,1,"{}",false,,,false,false,false,false,false,true,true,false,true,false,true,false,true,false,{},,true,false,true,-1,true,,false
377,249,24,116,29,2,101,Fct D Sls $,8,false,1,"{}",false,,,false,false,false,false,false,true,true,false,true,false,true,false,true,false,{},,true,false,true,-1,true,,false
380,249,25,116,32,2,101,Fct D Sls U,2,false,1,"{}",false,,,false,false,false,false,false,true,true,false,true,false,true,false,true,false,{},,true,false,true,-1,true,,false
402,249,46,74,54,2,101,D Rtrn U,2,false,1,"{}",false,,,false,false,true,false,false,true,true,false,true,false,true,false,true,false,{},,true,false,true,-1,true,,false
403,249,43,74,55,2,101,D Rtrn U %,4,false,1,"{}",false,,,false,false,true,false,false,true,true,false,false,false,false,false,false,false,{},,true,false,true,-1,true,,false
404,249,47,74,56,2,101,D Rtrn Cst $,8,false,1,"{}",false,,,false,false,true,false,false,true,true,false,true,false,true,false,true,false,{},,true,false,true,-1,true,,false
405,249,44,74,57,2,101,D Rtrn Cst $ %,4,false,1,"{}",false,,,false,false,true,false,false,true,true,false,false,false,false,false,false,false,{},,true,false,true,-1,true,,false
406,249,101,117,58,2,101,AOH C$,8,false,1,"{}",false,,,false,false,false,false,false,true,true,false,false,false,false,false,false,false,{},,true,false,true,-1,true,,false
407,249,102,117,59,2,101,AOH U,2,false,1,"{}",false,,,false,false,false,false,false,true,true,false,false,false,false,false,false,false,{},,true,false,true,-1,true,,false
408,249,105,117,60,2,101,AOH FWOS C$,3,false,1,"{}",false,,,false,false,false,false,false,true,true,false,false,false,false,false,false,false,{},,true,false,true,-1,true,,false
409,249,106,117,61,2,101,AOH FWOS U,3,false,1,"{}",false,,,false,false,false,false,false,true,true,false,false,false,false,false,false,false,{},,true,false,true,-1,true,,false
410,249,103,117,62,2,101,ATP C$,8,false,1,"{}",false,,,false,false,false,false,false,true,true,false,false,false,false,false,false,false,{},,true,false,true,-1,true,,false
411,249,104,117,63,2,101,ATP U,2,false,1,"{}",false,,,false,false,false,false,false,true,true,false,false,false,false,false,false,false,{},,true,false,true,-1,true,,false
412,249,107,117,64,2,101,ATP FWOS C$,3,false,1,"{}",false,,,false,false,false,false,false,true,true,false,false,false,false,false,false,false,{},,true,false,true,-1,true,,false
413,249,108,117,65,2,101,ATP FWOS U,3,false,1,"{}",false,,,false,false,false,false,false,true,true,false,false,false,false,false,false,false,{},,true,false,true,-1,true,,false
426,249,74,119,78,2,101,OO $ (STK-P),8,false,1,"{}",false,,,false,false,false,false,false,true,true,false,true,false,true,false,true,false,{},,true,false,true,-1,true,,false
427,249,77,119,79,2,101,OO $ (SPO-P),8,false,1,"{}",false,,,false,false,false,false,false,true,true,false,true,false,true,false,true,false,{},,true,false,true,-1,true,,false
429,249,83,119,81,2,101,OO $ (STK-UP),8,false,1,"{}",false,,,false,false,false,false,false,true,true,false,true,false,true,false,true,false,{},,true,false,true,-1,true,,false
430,249,86,119,82,2,101,OO $ (SPO-UP),8,false,1,"{}",false,,,false,false,false,false,false,true,true,false,true,false,true,false,true,false,{},,true,false,true,-1,true,,false
433,249,75,119,85,2,101,OO U (STK-P),2,false,1,"{}",false,,,false,false,false,false,false,true,true,false,true,false,true,false,true,false,{},,true,false,true,-1,true,,false
434,249,78,119,86,2,101,OO U (SPO-P),2,false,1,"{}",false,,,false,false,false,false,false,true,true,false,true,false,true,false,true,false,{},,true,false,true,-1,true,,false
436,249,84,119,88,2,101,OO U (STK-UP),2,false,1,"{}",false,,,false,false,false,false,false,true,true,false,true,false,true,false,true,false,{},,true,false,true,-1,true,,false
437,249,87,119,89,2,101,OO U (SPO-UP),2,false,1,"{}",false,,,false,false,false,false,false,true,true,false,true,false,true,false,true,false,{},,true,false,true,-1,true,,false
428,249,80,119,80,2,101,Ttl OTB $,8,false,1,"{}",false,,,false,false,false,false,false,true,true,false,true,false,true,false,true,false,{},,true,false,true,-1,true,,false
432,249,72,119,84,2,101,Ttl OO U,2,false,1,"{}",false,,,false,false,false,false,false,true,true,false,true,false,true,false,true,false,{},,true,false,true,-1,true,,false
439,249,73,119,91,2,101,Ttl OO AUC,6,false,1,"{}",false,,,false,false,false,false,false,true,true,false,false,false,false,false,false,false,{},,true,false,true,-1,true,,false
386,249,29,116,38,2,101,D COGS Adj Fctr,3,false,1,"{}",false,,,false,false,false,false,false,true,true,false,false,false,false,false,false,false,{},,true,false,true,-1,true,,false
435,249,81,119,87,2,101,Ttl OTB U,2,false,1,"{}",false,,,false,false,false,false,false,true,true,false,true,false,true,false,true,false,{},,true,false,true,-1,true,,false
392,249,38,74,44,2,101,D AIR,6,false,1,"{}",false,,,false,false,false,false,false,true,true,false,false,false,false,false,false,false,{},,true,false,true,-1,true,,false
383,249,26,116,35,2,101,Fct D COGS,8,false,1,"{}",false,,,false,false,false,false,false,true,true,false,true,false,true,false,true,false,{},,true,false,true,-1,true,,false
384,249,27,116,36,2,101,D Sls $ Adj Fctr,3,false,1,"{}",false,,,false,false,false,false,false,true,true,false,false,false,false,false,false,false,{},,true,false,true,-1,true,,false
385,249,28,116,37,2,101,D Sls U Adj Fctr,3,false,1,"{}",false,,,false,false,false,false,false,true,true,false,false,false,false,false,false,false,{},,true,false,true,-1,true,,false
415,249,63,119,67,2,101,STK Rcpt $,8,false,1,"{}",false,,,false,false,false,true,false,true,true,false,true,false,true,false,true,false,{},,true,false,true,-1,true,,false
416,249,66,119,68,2,101,SPO Rcpt $,8,false,1,"{}",false,,,false,false,false,true,false,true,true,false,true,false,true,false,true,false,{},,true,false,true,-1,true,,false
417,249,69,119,69,2,101,Rcpt $ % of STK,4,false,1,"{}",false,,,false,false,false,true,false,true,true,false,false,false,false,false,false,false,{},,true,false,true,-1,true,,false
379,249,52,116,31,2,101,Wgt Age ND Sls U,3,false,1,"{}",false,,,false,false,false,true,false,true,true,false,false,false,false,false,false,false,{},,true,false,true,-1,true,,false
382,249,53,116,34,2,101,Wgt Age ND COGS,3,false,1,"{}",false,,,false,false,false,true,false,true,true,false,false,false,false,false,false,false,{},,true,false,true,-1,true,,false
376,249,51,116,28,2,101,Wgt Age ND Sls $,3,false,1,"{}",false,,,false,false,false,true,false,true,true,false,false,false,false,false,false,false,{},,true,false,true,-1,true,,false
462,250,3,72,6,2,101,W Comp Spread %,4,false,1,"{}",false,,,false,false,true,false,false,true,true,false,false,false,false,false,false,false,{},,true,false,true,-1,true,,false
463,250,4,72,7,2,101,W Sls $ Comp,8,false,1,"{}",false,,,false,false,true,false,false,true,true,false,true,false,true,false,true,false,{},,true,false,true,-1,true,,false
464,250,5,72,8,2,101,W Sls $ NonComp,8,false,1,"{}",false,,,false,false,true,false,false,true,true,false,true,false,true,false,true,false,{},,true,false,true,-1,true,,false
475,250,17,72,19,2,101,W BO Sls $,8,false,1,"{}",false,,,false,false,true,false,false,true,true,false,true,false,true,false,true,false,{},,true,false,true,-1,true,,false
476,250,16,72,20,2,101,W BO Sls U,2,false,1,"{}",false,,,false,false,true,false,false,true,true,false,true,false,true,false,true,false,{},,true,false,true,-1,true,,false
477,250,21,116,21,2,101,W Cncl Rtl $,8,false,1,"{}",false,,,false,false,true,false,false,true,true,false,true,false,true,false,true,false,{},,true,false,true,-1,true,,false
478,250,18,116,22,2,101,W Cncl Rtl %,4,false,1,"{}",false,,,false,false,true,false,false,true,true,false,false,false,false,false,false,false,{},,true,false,true,-1,true,,false
479,250,22,116,23,2,101,W Cncl U,2,false,1,"{}",false,,,false,false,true,false,false,true,true,false,true,false,true,false,true,false,{},,true,false,true,-1,true,,false
480,250,19,116,24,2,101,W Cncl U %,4,false,1,"{}",false,,,false,false,true,false,false,true,true,false,false,false,false,false,false,false,{},,true,false,true,-1,true,,false
481,250,23,116,25,2,101,W Cncl Cst $,8,false,1,"{}",false,,,false,false,true,false,false,true,true,false,true,false,true,false,true,false,{},,true,false,true,-1,true,,false
482,250,20,116,26,2,101,W Cncl Cst $ %,4,false,1,"{}",false,,,false,false,true,false,false,true,true,false,false,false,false,false,false,false,{},,true,false,true,-1,true,,false
485,250,24,116,29,2,101,Fct D Sls $,8,false,1,"{}",false,,,false,false,false,false,false,true,true,false,true,false,true,false,true,false,{},,true,false,true,-1,true,,false
488,250,25,116,32,2,101,Fct D Sls U,2,false,1,"{}",false,,,false,false,false,false,false,true,true,false,true,false,true,false,true,false,{},,true,false,true,-1,true,,false
491,250,26,116,35,2,101,Fct D COGS,8,false,1,"{}",false,,,false,false,false,false,false,true,true,false,true,false,true,false,true,false,{},,true,false,true,-1,true,,false
493,250,28,116,37,2,101,D Sls U Adj Fctr,3,false,1,"{}",false,,,false,false,false,false,false,true,true,false,false,false,false,false,false,false,{},,true,false,true,-1,true,,false
494,250,29,116,38,2,101,D COGS Adj Fctr,3,false,1,"{}",false,,,false,false,false,false,false,true,true,false,false,false,false,false,false,false,{},,true,false,true,-1,true,,false
512,250,47,74,56,2,101,D Rtrn Cst $,8,false,1,"{}",false,,,false,false,true,false,false,true,true,false,true,false,true,false,true,false,{},,true,false,true,-1,true,,false
513,250,44,74,57,2,101,D Rtrn Cst $ %,4,false,1,"{}",false,,,false,false,true,false,false,true,true,false,false,false,false,false,false,false,{},,true,false,true,-1,true,,false
514,250,101,117,58,2,101,AOH C$,8,false,1,"{}",false,,,false,false,false,false,false,true,true,false,false,false,false,false,false,false,{},,true,false,true,-1,true,,false
515,250,102,117,59,2,101,AOH U,2,false,1,"{}",false,,,false,false,false,false,false,true,true,false,false,false,false,false,false,false,{},,true,false,true,-1,true,,false
516,250,105,117,60,2,101,AOH FWOS C$,3,false,1,"{}",false,,,false,false,false,false,false,true,true,false,false,false,false,false,false,false,{},,true,false,true,-1,true,,false
517,250,106,117,61,2,101,AOH FWOS U,3,false,1,"{}",false,,,false,false,false,false,false,true,true,false,false,false,false,false,false,false,{},,true,false,true,-1,true,,false
518,250,103,117,62,2,101,ATP C$,8,false,1,"{}",false,,,false,false,false,false,false,true,true,false,false,false,false,false,false,false,{},,true,false,true,-1,true,,false
519,250,104,117,63,2,101,ATP U,2,false,1,"{}",false,,,false,false,false,false,false,true,true,false,false,false,false,false,false,false,{},,true,false,true,-1,true,,false
520,250,107,117,64,2,101,ATP FWOS C$,3,false,1,"{}",false,,,false,false,false,false,false,true,true,false,false,false,false,false,false,false,{},,true,false,true,-1,true,,false
521,250,108,117,65,2,101,ATP FWOS U,3,false,1,"{}",false,,,false,false,false,false,false,true,true,false,false,false,false,false,false,false,{},,true,false,true,-1,true,,false
533,250,71,119,77,2,101,Ttl OO $,8,false,1,"{}",false,,,false,false,true,false,false,true,true,false,true,false,true,false,true,false,{},,true,false,true,-1,true,,false
534,250,74,119,78,2,101,OO $ (STK-P),8,false,1,"{}",false,,,false,false,false,false,false,true,true,false,true,false,true,false,true,false,{},,true,false,true,-1,true,,false
535,250,77,119,79,2,101,OO $ (SPO-P),8,false,1,"{}",false,,,false,false,false,false,false,true,true,false,true,false,true,false,true,false,{},,true,false,true,-1,true,,false
536,250,80,119,80,2,101,Ttl OTB $,8,false,1,"{}",false,,,false,false,true,false,false,true,true,false,true,false,true,false,true,false,{},,true,false,true,-1,true,,false
537,250,83,119,81,2,101,OO $ (STK-UP),8,false,1,"{}",false,,,false,false,false,false,false,true,true,false,true,false,true,false,true,false,{},,true,false,true,-1,true,,false
538,250,86,119,82,2,101,OO $ (SPO-UP),8,false,1,"{}",false,,,false,false,false,false,false,true,true,false,true,false,true,false,true,false,{},,true,false,true,-1,true,,false
540,250,72,119,84,2,101,Ttl OO U,2,false,1,"{}",false,,,false,false,true,false,false,true,true,false,true,false,true,false,true,false,{},,true,false,true,-1,true,,false
461,250,2,72,5,2,101,W Sls $ Bld,3,false,1,"{}",false,,,false,false,true,true,false,true,true,false,false,false,false,false,false,false,{},,true,false,true,-1,true,,false
466,250,7,72,10,2,101,W Sls U Bld,3,false,1,"{}",false,,,false,false,true,true,false,true,true,false,false,false,false,false,false,false,{},,true,false,true,-1,true,,false
469,250,12,72,13,2,101,W IMU %,4,false,1,"{}",false,,,false,false,true,true,false,true,true,false,false,false,false,false,false,false,{},,true,false,true,-1,true,,false
471,250,9,72,15,2,101,W COGS,8,false,1,"{}",false,,,false,false,true,true,false,true,true,false,true,false,true,false,true,false,{},,true,false,true,-1,true,,false
472,250,10,72,16,2,101,W AUC,6,false,1,"{}",false,,,false,false,true,true,false,true,true,false,false,false,false,false,false,false,{},,true,false,true,-1,true,,false
474,250,15,72,18,2,101,W GM $,8,false,1,"{}",false,,,false,false,true,true,false,true,true,false,true,false,true,false,true,false,{},,true,false,true,-1,true,,false
484,250,51,116,28,2,101,Wgt Age ND Sls $,3,false,1,"{}",false,,,false,false,false,true,false,true,true,false,false,false,false,false,false,false,{},,true,false,true,-1,true,,false
487,250,52,116,31,2,101,Wgt Age ND Sls U,3,false,1,"{}",false,,,false,false,false,true,false,true,true,false,false,false,false,false,false,false,{},,true,false,true,-1,true,,false
490,250,53,116,34,2,101,Wgt Age ND COGS,3,false,1,"{}",false,,,false,false,false,true,false,true,true,false,false,false,false,false,false,false,{},,true,false,true,-1,true,,false
541,250,75,119,85,2,101,OO U (STK-P),2,false,1,"{}",false,,,false,false,false,false,false,true,true,false,true,false,true,false,true,false,{},,true,false,true,-1,true,,false
542,250,78,119,86,2,101,OO U (SPO-P),2,false,1,"{}",false,,,false,false,false,false,false,true,true,false,true,false,true,false,true,false,{},,true,false,true,-1,true,,false
544,250,84,119,88,2,101,OO U (STK-UP),2,false,1,"{}",false,,,false,false,false,false,false,true,true,false,true,false,true,false,true,false,{},,true,false,true,-1,true,,false
545,250,87,119,89,2,101,OO U (SPO-UP),2,false,1,"{}",false,,,false,false,false,false,false,true,true,false,true,false,true,false,true,false,{},,true,false,true,-1,true,,false
548,250,76,119,92,2,101,OO AUC (STK-P),6,false,1,"{}",false,,,false,false,false,false,false,true,true,false,false,false,false,false,false,false,{},,true,false,true,-1,true,,false
549,250,79,119,93,2,101,OO AUC (SPO-P),6,false,1,"{}",false,,,false,false,false,false,false,true,true,false,false,false,false,false,false,false,{},,true,false,true,-1,true,,false
551,250,85,119,95,2,101,OO AUC (STK-UP),6,false,1,"{}",false,,,false,false,false,false,false,true,true,false,false,false,false,false,false,false,{},,true,false,true,-1,true,,false
552,250,88,119,96,2,101,OO AUC (SPO-UP),6,false,1,"{}",false,,,false,false,false,false,false,true,true,false,false,false,false,false,false,false,{},,true,false,true,-1,true,,false
550,250,82,119,94,2,101,Ttl OTB AUC,6,false,1,"{}",false,,,false,false,true,false,false,true,true,false,false,false,false,false,false,false,{},,true,false,true,-1,true,,false
547,250,73,119,91,2,101,Ttl OO AUC,6,false,1,"{}",false,,,false,false,true,false,false,true,true,false,false,false,false,false,false,false,{},,true,false,true,-1,true,,false
500,250,38,74,44,2,101,D AIR,6,false,1,"{}",false,,,false,false,false,false,false,true,true,false,false,false,false,false,false,false,{},,true,false,true,-1,true,,false
501,250,39,74,45,2,101,D DR %,4,false,1,"{}",false,,,false,false,false,false,false,true,true,false,false,false,false,false,false,false,{},,true,false,true,-1,true,,false
571,251,4,72,7,2,101,W Sls $ Comp,8,false,1,"{}",false,,,false,false,true,false,false,true,true,false,true,false,true,false,true,false,{},,true,false,true,-1,true,,false
572,251,5,72,8,2,101,W Sls $ NonComp,8,false,1,"{}",false,,,false,false,true,false,false,true,true,false,true,false,true,false,true,false,{},,true,false,true,-1,true,,false
583,251,17,72,19,2,101,W BO Sls $,8,false,1,"{}",false,,,false,false,true,false,false,true,true,false,true,false,true,false,true,false,{},,true,false,true,-1,true,,false
584,251,16,72,20,2,101,W BO Sls U,2,false,1,"{}",false,,,false,false,true,false,false,true,true,false,true,false,true,false,true,false,{},,true,false,true,-1,true,,false
585,251,21,116,21,2,101,W Cncl Rtl $,8,false,1,"{}",false,,,false,false,true,false,false,true,true,false,true,false,true,false,true,false,{},,true,false,true,-1,true,,false
586,251,18,116,22,2,101,W Cncl Rtl %,4,false,1,"{}",false,,,false,false,true,false,false,true,true,false,false,false,false,false,false,false,{},,true,false,true,-1,true,,false
587,251,22,116,23,2,101,W Cncl U,2,false,1,"{}",false,,,false,false,true,false,false,true,true,false,true,false,true,false,true,false,{},,true,false,true,-1,true,,false
588,251,19,116,24,2,101,W Cncl U %,4,false,1,"{}",false,,,false,false,true,false,false,true,true,false,false,false,false,false,false,false,{},,true,false,true,-1,true,,false
589,251,23,116,25,2,101,W Cncl Cst $,8,false,1,"{}",false,,,false,false,true,false,false,true,true,false,true,false,true,false,true,false,{},,true,false,true,-1,true,,false
590,251,20,116,26,2,101,W Cncl Cst $ %,4,false,1,"{}",false,,,false,false,true,false,false,true,true,false,false,false,false,false,false,false,{},,true,false,true,-1,true,,false
608,251,38,74,44,2,101,D AIR,6,false,1,"{}",false,,,false,false,false,false,false,true,true,false,false,false,false,false,false,false,{},,true,false,true,-1,true,,false
593,251,24,116,29,2,101,Fct D Sls $,8,false,1,"{}",false,,,false,false,false,false,false,true,true,false,true,false,true,false,true,false,{},,true,false,true,-1,true,,false
596,251,25,116,32,2,101,Fct D Sls U,2,false,1,"{}",false,,,false,false,false,false,false,true,true,false,true,false,true,false,true,false,{},,true,false,true,-1,true,,false
599,251,26,116,35,2,101,Fct D COGS,8,false,1,"{}",false,,,false,false,false,false,false,true,true,false,true,false,true,false,true,false,{},,true,false,true,-1,true,,false
601,251,28,116,37,2,101,D Sls U Adj Fctr,3,false,1,"{}",false,,,false,false,false,false,false,true,true,false,false,false,false,false,false,false,{},,true,false,true,-1,true,,false
602,251,29,116,38,2,101,D COGS Adj Fctr,3,false,1,"{}",false,,,false,false,false,false,false,true,true,false,false,false,false,false,false,false,{},,true,false,true,-1,true,,false
625,251,106,117,61,2,101,AOH FWOS U,3,false,1,"{}",false,,,false,false,false,false,false,true,true,false,false,false,false,false,false,false,{},,true,false,true,-1,true,,false
626,251,103,117,62,2,101,ATP C$,8,false,1,"{}",false,,,false,false,false,false,false,true,true,false,false,false,false,false,false,false,{},,true,false,true,-1,true,,false
627,251,104,117,63,2,101,ATP U,2,false,1,"{}",false,,,false,false,false,false,false,true,true,false,false,false,false,false,false,false,{},,true,false,true,-1,true,,false
628,251,107,117,64,2,101,ATP FWOS C$,3,false,1,"{}",false,,,false,false,false,false,false,true,true,false,false,false,false,false,false,false,{},,true,false,true,-1,true,,false
629,251,108,117,65,2,101,ATP FWOS U,3,false,1,"{}",false,,,false,false,false,false,false,true,true,false,false,false,false,false,false,false,{},,true,false,true,-1,true,,false
574,251,7,72,10,2,101,W Sls U Bld,3,false,1,"{}",false,,,false,false,true,true,false,true,true,false,false,false,false,false,false,false,{},,true,false,true,-1,true,,false
577,251,12,72,13,2,101,W IMU %,4,false,1,"{}",false,,,false,false,true,true,false,true,true,false,false,false,false,false,false,false,{},,true,false,true,-1,true,,false
579,251,9,72,15,2,101,W COGS,8,false,1,"{}",false,,,false,false,true,true,false,true,true,false,true,false,true,false,true,false,{},,true,false,true,-1,true,,false
592,251,51,116,28,2,101,Wgt Age ND Sls $,3,false,1,"{}",false,,,false,false,false,true,false,true,true,false,false,false,false,false,false,false,{},,true,false,true,-1,true,,false
595,251,52,116,31,2,101,Wgt Age ND Sls U,3,false,1,"{}",false,,,false,false,false,true,false,true,true,false,false,false,false,false,false,false,{},,true,false,true,-1,true,,false
598,251,53,116,34,2,101,Wgt Age ND COGS,3,false,1,"{}",false,,,false,false,false,true,false,true,true,false,false,false,false,false,false,false,{},,true,false,true,-1,true,,false
641,251,71,119,77,2,101,Ttl OO $,8,false,1,"{}",false,,,false,false,true,false,false,true,true,false,true,false,true,false,true,false,{},,true,false,true,-1,true,,false
642,251,74,119,78,2,101,OO $ (STK-P),8,false,1,"{}",false,,,false,false,false,false,false,true,true,false,true,false,true,false,true,false,{},,true,false,true,-1,true,,false
643,251,77,119,79,2,101,OO $ (SPO-P),8,false,1,"{}",false,,,false,false,false,false,false,true,true,false,true,false,true,false,true,false,{},,true,false,true,-1,true,,false
644,251,80,119,80,2,101,Ttl OTB $,8,false,1,"{}",false,,,false,false,true,false,false,true,true,false,true,false,true,false,true,false,{},,true,false,true,-1,true,,false
645,251,83,119,81,2,101,OO $ (STK-UP),8,false,1,"{}",false,,,false,false,false,false,false,true,true,false,true,false,true,false,true,false,{},,true,false,true,-1,true,,false
646,251,86,119,82,2,101,OO $ (SPO-UP),8,false,1,"{}",false,,,false,false,false,false,false,true,true,false,true,false,true,false,true,false,{},,true,false,true,-1,true,,false
648,251,72,119,84,2,101,Ttl OO U,2,false,1,"{}",false,,,false,false,true,false,false,true,true,false,true,false,true,false,true,false,{},,true,false,true,-1,true,,false
649,251,75,119,85,2,101,OO U (STK-P),2,false,1,"{}",false,,,false,false,false,false,false,true,true,false,true,false,true,false,true,false,{},,true,false,true,-1,true,,false
650,251,78,119,86,2,101,OO U (SPO-P),2,false,1,"{}",false,,,false,false,false,false,false,true,true,false,true,false,true,false,true,false,{},,true,false,true,-1,true,,false
652,251,84,119,88,2,101,OO U (STK-UP),2,false,1,"{}",false,,,false,false,false,false,false,true,true,false,true,false,true,false,true,false,{},,true,false,true,-1,true,,false
653,251,87,119,89,2,101,OO U (SPO-UP),2,false,1,"{}",false,,,false,false,false,false,false,true,true,false,true,false,true,false,true,false,{},,true,false,true,-1,true,,false
656,251,76,119,92,2,101,OO AUC (STK-P),6,false,1,"{}",false,,,false,false,false,false,false,true,true,false,false,false,false,false,false,false,{},,true,false,true,-1,true,,false
657,251,79,119,93,2,101,OO AUC (SPO-P),6,false,1,"{}",false,,,false,false,false,false,false,true,true,false,false,false,false,false,false,false,{},,true,false,true,-1,true,,false
659,251,85,119,95,2,101,OO AUC (STK-UP),6,false,1,"{}",false,,,false,false,false,false,false,true,true,false,false,false,false,false,false,false,{},,true,false,true,-1,true,,false
660,251,88,119,96,2,101,OO AUC (SPO-UP),6,false,1,"{}",false,,,false,false,false,false,false,true,true,false,false,false,false,false,false,false,{},,true,false,true,-1,true,,false
658,251,82,119,94,2,101,Ttl OTB AUC,6,false,1,"{}",false,,,false,false,true,false,false,true,true,false,false,false,false,false,false,false,{},,true,false,true,-1,true,,false
655,251,73,119,91,2,101,Ttl OO AUC,6,false,1,"{}",false,,,false,false,true,false,false,true,true,false,false,false,false,false,false,false,{},,true,false,true,-1,true,,false
707,255,3,72,6,2,101,W Comp Spread %,4,false,1,"{}",false,,,false,false,true,false,false,true,true,false,false,false,false,false,false,false,{},,true,false,true,-1,true,,false
708,255,4,72,7,2,101,W Sls $ Comp,8,false,1,"{}",false,,,false,false,true,false,false,true,true,false,true,false,true,false,true,false,{},,true,false,true,-1,true,,false
709,255,5,72,8,2,101,W Sls $ NonComp,8,false,1,"{}",false,,,false,false,true,false,false,true,true,false,true,false,true,false,true,false,{},,true,false,true,-1,true,,false
730,255,24,116,29,2,101,Fct D Sls $,8,false,1,"{}",false,,,false,false,false,false,false,true,true,false,true,false,true,false,true,false,{},,true,false,true,-1,true,,false
720,255,17,72,19,2,101,W BO Sls $,8,false,1,"{}",false,,,false,false,true,false,false,true,true,false,true,false,true,false,true,false,{},,true,false,true,-1,true,,false
721,255,16,72,20,2,101,W BO Sls U,2,false,1,"{}",false,,,false,false,true,false,false,true,true,false,true,false,true,false,true,false,{},,true,false,true,-1,true,,false
722,255,21,116,21,2,101,W Cncl Rtl $,8,false,1,"{}",false,,,false,false,true,false,false,true,true,false,true,false,true,false,true,false,{},,true,false,true,-1,true,,false
723,255,18,116,22,2,101,W Cncl Rtl %,4,false,1,"{}",false,,,false,false,true,false,false,true,true,false,false,false,false,false,false,false,{},,true,false,true,-1,true,,false
724,255,22,116,23,2,101,W Cncl U,2,false,1,"{}",false,,,false,false,true,false,false,true,true,false,true,false,true,false,true,false,{},,true,false,true,-1,true,,false
725,255,19,116,24,2,101,W Cncl U %,4,false,1,"{}",false,,,false,false,true,false,false,true,true,false,false,false,false,false,false,false,{},,true,false,true,-1,true,,false
726,255,23,116,25,2,101,W Cncl Cst $,8,false,1,"{}",false,,,false,false,true,false,false,true,true,false,true,false,true,false,true,false,{},,true,false,true,-1,true,,false
727,255,20,116,26,2,101,W Cncl Cst $ %,4,false,1,"{}",false,,,false,false,true,false,false,true,true,false,false,false,false,false,false,false,{},,true,false,true,-1,true,,false
674,253,2,72,5,2,101,W Sls $ Bld,3,false,1,"{}",false,,,false,false,true,false,false,true,true,false,false,false,false,false,false,false,{},,true,false,true,-1,true,,false
676,253,7,72,10,2,101,W Sls U Bld,3,false,1,"{}",false,,,false,false,true,false,false,true,true,false,false,false,false,false,false,false,{},,true,false,true,-1,true,,false
679,253,12,72,13,2,101,W IMU %,4,false,1,"{}",false,,,false,false,true,false,false,true,true,false,false,false,false,false,false,false,{},,true,false,true,-1,true,,false
681,253,9,72,15,2,101,W COGS,8,false,1,"{}",false,,,false,false,true,false,false,true,true,false,true,false,true,false,true,false,{},,true,false,true,-1,true,,false
682,253,10,72,16,2,101,W AUC,6,false,1,"{}",false,,,false,false,true,false,false,true,true,false,false,false,false,false,false,false,{},,true,false,true,-1,true,,false
684,253,15,72,18,2,101,W GM $,8,false,1,"{}",false,,,false,false,true,false,false,true,true,false,true,false,true,false,true,false,{},,true,false,true,-1,true,,false
701,254,15,72,18,2,101,W GM $,8,false,1,"{}",false,,,false,false,true,false,false,true,true,false,true,false,true,false,true,false,{},,true,false,true,-1,true,,false
640,251,68,119,76,2,101,SPO Rcpt AUC,6,false,1,"{}",false,,,false,false,false,true,false,true,true,false,false,false,false,false,false,false,{},,true,false,true,-1,true,,false
665,251,95,120,101,2,101,Inv Adj AUC,6,false,1,"{}",false,,,false,false,true,true,false,true,true,false,false,false,false,false,false,false,{},,true,false,true,-1,true,,false
666,251,57,121,102,2,101,EOP $,8,false,1,"{}",false,,,false,false,true,true,false,true,true,false,true,false,true,false,true,false,{},,true,false,true,-1,true,,false
667,251,58,121,103,2,101,EOP U,2,false,1,"{}",false,,,false,false,true,true,false,true,true,false,true,false,true,false,true,false,{},,true,false,true,-1,true,,false
729,255,51,116,28,2,101,Wgt Age ND Sls $,3,false,1,"{}",false,,,false,false,false,true,false,true,true,false,false,false,false,false,false,false,{},,true,false,true,-1,true,,false
732,255,52,116,31,2,101,Wgt Age ND Sls U,3,false,1,"{}",false,,,false,false,false,true,false,true,true,false,false,false,false,false,false,false,{},,true,false,true,-1,true,,false
763,255,103,117,62,2,101,ATP C$,8,false,1,"{}",false,,,false,false,true,false,false,true,true,false,false,false,false,false,false,false,{},,true,false,true,-1,true,,false
753,255,45,74,52,2,101,D Rtrn Rtl $,8,false,1,"{}",false,,,false,false,true,false,false,true,true,false,true,false,true,false,true,false,{},,true,false,true,-1,true,,false
754,255,42,74,53,2,101,D Rtrn Rtl %,4,false,1,"{}",false,,,false,false,true,false,false,true,true,false,false,false,false,false,false,false,{},,true,false,true,-1,true,,false
755,255,46,74,54,2,101,D Rtrn U,2,false,1,"{}",false,,,false,false,true,false,false,true,true,false,true,false,true,false,true,false,{},,true,false,true,-1,true,,false
756,255,43,74,55,2,101,D Rtrn U %,4,false,1,"{}",false,,,false,false,true,false,false,true,true,false,false,false,false,false,false,false,{},,true,false,true,-1,true,,false
757,255,47,74,56,2,101,D Rtrn Cst $,8,false,1,"{}",false,,,false,false,true,false,false,true,true,false,true,false,true,false,true,false,{},,true,false,true,-1,true,,false
758,255,44,74,57,2,101,D Rtrn Cst $ %,4,false,1,"{}",false,,,false,false,true,false,false,true,true,false,false,false,false,false,false,false,{},,true,false,true,-1,true,,false
764,255,104,117,63,2,101,ATP U,2,false,1,"{}",false,,,false,false,true,false,false,true,true,false,false,false,false,false,false,false,{},,true,false,true,-1,true,,false
778,255,71,119,77,2,101,Ttl OO $,8,false,1,"{}",false,,,false,false,true,false,false,true,true,false,true,false,true,false,true,false,{},,true,false,true,-1,true,,false
779,255,74,119,78,2,101,OO $ (STK-P),8,false,1,"{}",false,,,false,false,false,false,false,true,true,false,true,false,true,false,true,false,{},,true,false,true,-1,true,,false
780,255,77,119,79,2,101,OO $ (SPO-P),8,false,1,"{}",false,,,false,false,false,false,false,true,true,false,true,false,true,false,true,false,{},,true,false,true,-1,true,,false
781,255,80,119,80,2,101,Ttl OTB $,8,false,1,"{}",false,,,false,false,true,false,false,true,true,false,true,false,true,false,true,false,{},,true,false,true,-1,true,,false
782,255,83,119,81,2,101,OO $ (STK-UP),8,false,1,"{}",false,,,false,false,false,false,false,true,true,false,true,false,true,false,true,false,{},,true,false,true,-1,true,,false
783,255,86,119,82,2,101,OO $ (SPO-UP),8,false,1,"{}",false,,,false,false,false,false,false,true,true,false,true,false,true,false,true,false,{},,true,false,true,-1,true,,false
785,255,72,119,84,2,101,Ttl OO U,2,false,1,"{}",false,,,false,false,true,false,false,true,true,false,true,false,true,false,true,false,{},,true,false,true,-1,true,,false
786,255,75,119,85,2,101,OO U (STK-P),2,false,1,"{}",false,,,false,false,false,false,false,true,true,false,true,false,true,false,true,false,{},,true,false,true,-1,true,,false
787,255,78,119,86,2,101,OO U (SPO-P),2,false,1,"{}",false,,,false,false,false,false,false,true,true,false,true,false,true,false,true,false,{},,true,false,true,-1,true,,false
789,255,84,119,88,2,101,OO U (STK-UP),2,false,1,"{}",false,,,false,false,false,false,false,true,true,false,true,false,true,false,true,false,{},,true,false,true,-1,true,,false
790,255,87,119,89,2,101,OO U (SPO-UP),2,false,1,"{}",false,,,false,false,false,false,false,true,true,false,true,false,true,false,true,false,{},,true,false,true,-1,true,,false
765,255,107,117,64,2,101,ATP FWOS C$,3,false,1,"{}",false,,,false,false,true,false,false,true,true,false,false,false,false,false,false,false,{},,true,false,true,-1,true,,false
766,255,108,117,65,2,101,ATP FWOS U,3,false,1,"{}",false,,,false,false,true,false,false,true,true,false,false,false,false,false,false,false,{},,true,false,true,-1,true,,false
788,255,81,119,87,2,101,Ttl OTB U,2,false,1,"{}",false,,,false,false,true,false,false,true,true,false,true,false,true,false,true,false,{},,true,false,true,-1,true,,false
745,255,38,74,44,2,101,D AIR,6,false,1,"{}",false,,,false,false,false,false,false,true,true,false,false,false,false,false,false,false,{},,true,false,true,-1,true,,false
733,255,25,116,32,2,101,Fct D Sls U,2,false,1,"{}",false,,,false,false,false,false,false,true,true,false,true,false,true,false,true,false,{},,true,false,true,-1,true,,false
736,255,26,116,35,2,101,Fct D COGS,8,false,1,"{}",false,,,false,false,false,false,false,true,true,false,true,false,true,false,true,false,{},,true,false,true,-1,true,,false
738,255,28,116,37,2,101,D Sls U Adj Fctr,3,false,1,"{}",false,,,false,false,false,false,false,true,true,false,false,false,false,false,false,false,{},,true,false,true,-1,true,,false
739,255,29,116,38,2,101,D COGS Adj Fctr,3,false,1,"{}",false,,,false,false,false,false,false,true,true,false,false,false,false,false,false,false,{},,true,false,true,-1,true,,false
838,260,24,116,29,2,101,Fct D Sls $,8,false,1,"{}",false,,,false,false,false,false,false,true,true,false,true,false,true,false,true,false,{},,true,false,true,-1,true,,false
841,260,25,116,32,2,101,Fct D Sls U,2,false,1,"{}",false,,,false,false,false,false,false,true,true,false,true,false,true,false,true,false,{},,true,false,true,-1,true,,false
815,260,3,72,6,2,101,W Comp Spread %,4,false,1,"{}",false,,,false,false,true,false,false,true,true,false,false,false,false,false,false,false,{},,true,false,true,-1,true,,false
816,260,4,72,7,2,101,W Sls $ Comp,8,false,1,"{}",false,,,false,false,true,false,false,true,true,false,true,false,true,false,true,false,{},,true,false,true,-1,true,,false
817,260,5,72,8,2,101,W Sls $ NonComp,8,false,1,"{}",false,,,false,false,true,false,false,true,true,false,true,false,true,false,true,false,{},,true,false,true,-1,true,,false
751,255,41,74,50,2,101,D GM $,8,false,1,"{}",false,,,false,false,true,true,false,true,true,false,true,false,true,false,true,false,{},,true,false,true,-1,true,,false
752,255,100,74,51,2,101,D GMROI,3,false,1,"{}",false,,,false,false,true,true,false,true,true,false,false,false,false,false,false,false,{},,true,false,true,-1,true,,false
735,255,53,116,34,2,101,Wgt Age ND COGS,3,false,1,"{}",false,,,false,false,false,true,false,true,true,false,false,false,false,false,false,false,{},,true,false,true,-1,true,,false
837,260,51,116,28,2,101,Wgt Age ND Sls $,3,false,1,"{}",false,,,false,false,false,true,false,true,true,false,false,false,false,false,false,false,{},,true,false,true,-1,true,,false
840,260,52,116,31,2,101,Wgt Age ND Sls U,3,false,1,"{}",false,,,false,false,false,true,false,true,true,false,false,false,false,false,false,false,{},,true,false,true,-1,true,,false
844,260,26,116,35,2,101,Fct D COGS,8,false,1,"{}",false,,,false,false,false,false,false,true,true,false,true,false,true,false,true,false,{},,true,false,true,-1,true,,false
828,260,17,72,19,2,101,W BO Sls $,8,false,1,"{}",false,,,false,false,true,false,false,true,true,false,true,false,true,false,true,false,{},,true,false,true,-1,true,,false
829,260,16,72,20,2,101,W BO Sls U,2,false,1,"{}",false,,,false,false,true,false,false,true,true,false,true,false,true,false,true,false,{},,true,false,true,-1,true,,false
830,260,21,116,21,2,101,W Cncl Rtl $,8,false,1,"{}",false,,,false,false,true,false,false,true,true,false,true,false,true,false,true,false,{},,true,false,true,-1,true,,false
831,260,18,116,22,2,101,W Cncl Rtl %,4,false,1,"{}",false,,,false,false,true,false,false,true,true,false,false,false,false,false,false,false,{},,true,false,true,-1,true,,false
832,260,22,116,23,2,101,W Cncl U,2,false,1,"{}",false,,,false,false,true,false,false,true,true,false,true,false,true,false,true,false,{},,true,false,true,-1,true,,false
833,260,19,116,24,2,101,W Cncl U %,4,false,1,"{}",false,,,false,false,true,false,false,true,true,false,false,false,false,false,false,false,{},,true,false,true,-1,true,,false
834,260,23,116,25,2,101,W Cncl Cst $,8,false,1,"{}",false,,,false,false,true,false,false,true,true,false,true,false,true,false,true,false,{},,true,false,true,-1,true,,false
835,260,20,116,26,2,101,W Cncl Cst $ %,4,false,1,"{}",false,,,false,false,true,false,false,true,true,false,false,false,false,false,false,false,{},,true,false,true,-1,true,,false
846,260,28,116,37,2,101,D Sls U Adj Fctr,3,false,1,"{}",false,,,false,false,false,false,false,true,true,false,false,false,false,false,false,false,{},,true,false,true,-1,true,,false
847,260,29,116,38,2,101,D COGS Adj Fctr,3,false,1,"{}",false,,,false,false,false,false,false,true,true,false,false,false,false,false,false,false,{},,true,false,true,-1,true,,false
870,260,106,117,61,2,101,AOH FWOS U,3,false,1,"{}",false,,,false,false,true,false,false,true,true,false,false,false,false,false,false,false,{},,true,false,true,-1,true,,false
861,260,45,74,52,2,101,D Rtrn Rtl $,8,false,1,"{}",false,,,false,false,true,false,false,true,true,false,true,false,true,false,true,false,{},,true,false,true,-1,true,,false
862,260,42,74,53,2,101,D Rtrn Rtl %,4,false,1,"{}",false,,,false,false,true,false,false,true,true,false,false,false,false,false,false,false,{},,true,false,true,-1,true,,false
863,260,46,74,54,2,101,D Rtrn U,2,false,1,"{}",false,,,false,false,true,false,false,true,true,false,true,false,true,false,true,false,{},,true,false,true,-1,true,,false
864,260,43,74,55,2,101,D Rtrn U %,4,false,1,"{}",false,,,false,false,true,false,false,true,true,false,false,false,false,false,false,false,{},,true,false,true,-1,true,,false
865,260,47,74,56,2,101,D Rtrn Cst $,8,false,1,"{}",false,,,false,false,true,false,false,true,true,false,true,false,true,false,true,false,{},,true,false,true,-1,true,,false
866,260,44,74,57,2,101,D Rtrn Cst $ %,4,false,1,"{}",false,,,false,false,true,false,false,true,true,false,false,false,false,false,false,false,{},,true,false,true,-1,true,,false
871,260,103,117,62,2,101,ATP C$,8,false,1,"{}",false,,,false,false,true,false,false,true,true,false,false,false,false,false,false,false,{},,true,false,true,-1,true,,false
886,260,71,119,77,2,101,Ttl OO $,8,false,1,"{}",false,,,false,false,true,false,false,true,true,false,true,false,true,false,true,false,{},,true,false,true,-1,true,,false
887,260,74,119,78,2,101,OO $ (STK-P),8,false,1,"{}",false,,,false,false,false,false,false,true,true,false,true,false,true,false,true,false,{},,true,false,true,-1,true,,false
888,260,77,119,79,2,101,OO $ (SPO-P),8,false,1,"{}",false,,,false,false,false,false,false,true,true,false,true,false,true,false,true,false,{},,true,false,true,-1,true,,false
889,260,80,119,80,2,101,Ttl OTB $,8,false,1,"{}",false,,,false,false,true,false,false,true,true,false,true,false,true,false,true,false,{},,true,false,true,-1,true,,false
890,260,83,119,81,2,101,OO $ (STK-UP),8,false,1,"{}",false,,,false,false,false,false,false,true,true,false,true,false,true,false,true,false,{},,true,false,true,-1,true,,false
891,260,86,119,82,2,101,OO $ (SPO-UP),8,false,1,"{}",false,,,false,false,false,false,false,true,true,false,true,false,true,false,true,false,{},,true,false,true,-1,true,,false
893,260,72,119,84,2,101,Ttl OO U,2,false,1,"{}",false,,,false,false,true,false,false,true,true,false,true,false,true,false,true,false,{},,true,false,true,-1,true,,false
894,260,75,119,85,2,101,OO U (STK-P),2,false,1,"{}",false,,,false,false,false,false,false,true,true,false,true,false,true,false,true,false,{},,true,false,true,-1,true,,false
895,260,78,119,86,2,101,OO U (SPO-P),2,false,1,"{}",false,,,false,false,false,false,false,true,true,false,true,false,true,false,true,false,{},,true,false,true,-1,true,,false
897,260,84,119,88,2,101,OO U (STK-UP),2,false,1,"{}",false,,,false,false,false,false,false,true,true,false,true,false,true,false,true,false,{},,true,false,true,-1,true,,false
898,260,87,119,89,2,101,OO U (SPO-UP),2,false,1,"{}",false,,,false,false,false,false,false,true,true,false,true,false,true,false,true,false,{},,true,false,true,-1,true,,false
901,260,76,119,92,2,101,OO AUC (STK-P),6,false,1,"{}",false,,,false,false,false,false,false,true,true,false,false,false,false,false,false,false,{},,true,false,true,-1,true,,false
902,260,79,119,93,2,101,OO AUC (SPO-P),6,false,1,"{}",false,,,false,false,false,false,false,true,true,false,false,false,false,false,false,false,{},,true,false,true,-1,true,,false
904,260,85,119,95,2,101,OO AUC (STK-UP),6,false,1,"{}",false,,,false,false,false,false,false,true,true,false,false,false,false,false,false,false,{},,true,false,true,-1,true,,false
905,260,88,119,96,2,101,OO AUC (SPO-UP),6,false,1,"{}",false,,,false,false,false,false,false,true,true,false,false,false,false,false,false,false,{},,true,false,true,-1,true,,false
872,260,104,117,63,2,101,ATP U,2,false,1,"{}",false,,,false,false,true,false,false,true,true,false,false,false,false,false,false,false,{},,true,false,true,-1,true,,false
873,260,107,117,64,2,101,ATP FWOS C$,3,false,1,"{}",false,,,false,false,true,false,false,true,true,false,false,false,false,false,false,false,{},,true,false,true,-1,true,,false
874,260,108,117,65,2,101,ATP FWOS U,3,false,1,"{}",false,,,false,false,true,false,false,true,true,false,false,false,false,false,false,false,{},,true,false,true,-1,true,,false
896,260,81,119,87,2,101,Ttl OTB U,2,false,1,"{}",false,,,false,false,true,false,false,true,true,false,true,false,true,false,true,false,{},,true,false,true,-1,true,,false
822,260,12,72,13,2,101,W IMU %,4,false,1,"{}",false,,,false,false,true,true,false,true,true,false,false,false,false,false,false,false,{},,true,false,true,-1,true,,false
824,260,9,72,15,2,101,W COGS,8,false,1,"{}",false,,,false,false,true,true,false,true,true,false,true,false,true,false,true,false,{},,true,false,true,-1,true,,false
825,260,10,72,16,2,101,W AUC,6,false,1,"{}",false,,,false,false,true,true,false,true,true,false,false,false,false,false,false,false,{},,true,false,true,-1,true,,false
827,260,15,72,18,2,101,W GM $,8,false,1,"{}",false,,,false,false,true,true,false,true,true,false,true,false,true,false,true,false,{},,true,false,true,-1,true,,false
843,260,53,116,34,2,101,Wgt Age ND COGS,3,false,1,"{}",false,,,false,false,false,true,false,true,true,false,false,false,false,false,false,false,{},,true,false,true,-1,true,,false
903,260,82,119,94,2,101,Ttl OTB AUC,6,false,1,"{}",false,,,false,false,true,false,false,true,true,false,false,false,false,false,false,false,{},,true,false,true,-1,true,,false
900,260,73,119,91,2,101,Ttl OO AUC,6,false,1,"{}",false,,,false,false,true,false,false,true,true,false,false,false,false,false,false,false,{},,true,false,true,-1,true,,false
853,260,38,74,44,2,101,D AIR,6,false,1,"{}",false,,,false,false,false,false,false,true,true,false,false,false,false,false,false,false,{},,true,false,true,-1,true,,false
936,256,17,72,19,2,101,W BO Sls $,8,false,1,"{}",false,,,false,false,true,false,false,true,true,false,true,false,true,false,true,false,{},,true,false,true,-1,true,,false
937,256,16,72,20,2,101,W BO Sls U,2,false,1,"{}",false,,,false,false,true,false,false,true,true,false,true,false,true,false,true,false,{},,true,false,true,-1,true,,false
938,256,21,116,21,2,101,W Cncl Rtl $,8,false,1,"{}",false,,,false,false,true,false,false,true,true,false,true,false,true,false,true,false,{},,true,false,true,-1,true,,false
939,256,18,116,22,2,101,W Cncl Rtl %,4,false,1,"{}",false,,,false,false,true,false,false,true,true,false,false,false,false,false,false,false,{},,true,false,true,-1,true,,false
940,256,22,116,23,2,101,W Cncl U,2,false,1,"{}",false,,,false,false,true,false,false,true,true,false,true,false,true,false,true,false,{},,true,false,true,-1,true,,false
941,256,19,116,24,2,101,W Cncl U %,4,false,1,"{}",false,,,false,false,true,false,false,true,true,false,false,false,false,false,false,false,{},,true,false,true,-1,true,,false
942,256,23,116,25,2,101,W Cncl Cst $,8,false,1,"{}",false,,,false,false,true,false,false,true,true,false,true,false,true,false,true,false,{},,true,false,true,-1,true,,false
943,256,20,116,26,2,101,W Cncl Cst $ %,4,false,1,"{}",false,,,false,false,true,false,false,true,true,false,false,false,false,false,false,false,{},,true,false,true,-1,true,,false
946,256,24,116,29,2,101,Fct D Sls $,8,false,1,"{}",false,,,false,false,false,false,false,true,true,false,true,false,true,false,true,false,{},,true,false,true,-1,true,,false
949,256,25,116,32,2,101,Fct D Sls U,2,false,1,"{}",false,,,false,false,false,false,false,true,true,false,true,false,true,false,true,false,{},,true,false,true,-1,true,,false
952,256,26,116,35,2,101,Fct D COGS,8,false,1,"{}",false,,,false,false,false,false,false,true,true,false,true,false,true,false,true,false,{},,true,false,true,-1,true,,false
954,256,28,116,37,2,101,D Sls U Adj Fctr,3,false,1,"{}",false,,,false,false,false,false,false,true,true,false,false,false,false,false,false,false,{},,true,false,true,-1,true,,false
955,256,29,116,38,2,101,D COGS Adj Fctr,3,false,1,"{}",false,,,false,false,false,false,false,true,true,false,false,false,false,false,false,false,{},,true,false,true,-1,true,,false
975,256,101,117,58,2,101,AOH C$,8,false,1,"{}",false,,,false,false,false,false,false,true,true,false,false,false,false,false,false,false,{},,true,false,true,-1,true,,false
976,256,102,117,59,2,101,AOH U,2,false,1,"{}",false,,,false,false,false,false,false,true,true,false,false,false,false,false,false,false,{},,true,false,true,-1,true,,false
977,256,105,117,60,2,101,AOH FWOS C$,3,false,1,"{}",false,,,false,false,false,false,false,true,true,false,false,false,false,false,false,false,{},,true,false,true,-1,true,,false
978,256,106,117,61,2,101,AOH FWOS U,3,false,1,"{}",false,,,false,false,false,false,false,true,true,false,false,false,false,false,false,false,{},,true,false,true,-1,true,,false
979,256,103,117,62,2,101,ATP C$,8,false,1,"{}",false,,,false,false,false,false,false,true,true,false,false,false,false,false,false,false,{},,true,false,true,-1,true,,false
980,256,104,117,63,2,101,ATP U,2,false,1,"{}",false,,,false,false,false,false,false,true,true,false,false,false,false,false,false,false,{},,true,false,true,-1,true,,false
981,256,107,117,64,2,101,ATP FWOS C$,3,false,1,"{}",false,,,false,false,false,false,false,true,true,false,false,false,false,false,false,false,{},,true,false,true,-1,true,,false
982,256,108,117,65,2,101,ATP FWOS U,3,false,1,"{}",false,,,false,false,false,false,false,true,true,false,false,false,false,false,false,false,{},,true,false,true,-1,true,,false
995,256,74,119,78,2,101,OO $ (STK-P),8,false,1,"{}",false,,,false,false,false,false,false,true,true,false,true,false,true,false,true,false,{},,true,false,true,-1,true,,false
996,256,77,119,79,2,101,OO $ (SPO-P),8,false,1,"{}",false,,,false,false,false,false,false,true,true,false,true,false,true,false,true,false,{},,true,false,true,-1,true,,false
998,256,83,119,81,2,101,OO $ (STK-UP),8,false,1,"{}",false,,,false,false,false,false,false,true,true,false,true,false,true,false,true,false,{},,true,false,true,-1,true,,false
999,256,86,119,82,2,101,OO $ (SPO-UP),8,false,1,"{}",false,,,false,false,false,false,false,true,true,false,true,false,true,false,true,false,{},,true,false,true,-1,true,,false
1002,256,75,119,85,2,101,OO U (STK-P),2,false,1,"{}",false,,,false,false,false,false,false,true,true,false,true,false,true,false,true,false,{},,true,false,true,-1,true,,false
1003,256,78,119,86,2,101,OO U (SPO-P),2,false,1,"{}",false,,,false,false,false,false,false,true,true,false,true,false,true,false,true,false,{},,true,false,true,-1,true,,false
1005,256,84,119,88,2,101,OO U (STK-UP),2,false,1,"{}",false,,,false,false,false,false,false,true,true,false,true,false,true,false,true,false,{},,true,false,true,-1,true,,false
1006,256,87,119,89,2,101,OO U (SPO-UP),2,false,1,"{}",false,,,false,false,false,false,false,true,true,false,true,false,true,false,true,false,{},,true,false,true,-1,true,,false
1009,256,76,119,92,2,101,OO AUC (STK-P),6,false,1,"{}",false,,,false,false,false,false,false,true,true,false,false,false,false,false,false,false,{},,true,false,true,-1,true,,false
930,256,12,72,13,2,101,W IMU %,4,false,1,"{}",false,,,false,false,true,true,false,true,true,false,false,false,false,false,false,false,{},,true,false,true,-1,true,,false
932,256,9,72,15,2,101,W COGS,8,false,1,"{}",false,,,false,false,true,true,false,true,true,false,true,false,true,false,true,false,{},,true,false,true,-1,true,,false
933,256,10,72,16,2,101,W AUC,6,false,1,"{}",false,,,false,false,true,true,false,true,true,false,false,false,false,false,false,false,{},,true,false,true,-1,true,,false
935,256,15,72,18,2,101,W GM $,8,false,1,"{}",false,,,false,false,true,true,false,true,true,false,true,false,true,false,true,false,{},,true,false,true,-1,true,,false
958,256,32,74,41,2,101,D Sls $ Bld,3,false,1,"{}",false,,,false,false,true,true,false,true,true,false,false,false,false,false,false,false,{},,true,false,true,-1,true,,false
945,256,51,116,28,2,101,Wgt Age ND Sls $,3,false,1,"{}",false,,,false,false,false,true,false,true,true,false,false,false,false,false,false,false,{},,true,false,true,-1,true,,false
948,256,52,116,31,2,101,Wgt Age ND Sls U,3,false,1,"{}",false,,,false,false,false,true,false,true,true,false,false,false,false,false,false,false,{},,true,false,true,-1,true,,false
951,256,53,116,34,2,101,Wgt Age ND COGS,3,false,1,"{}",false,,,false,false,false,true,false,true,true,false,false,false,false,false,false,false,{},,true,false,true,-1,true,,false
1010,256,79,119,93,2,101,OO AUC (SPO-P),6,false,1,"{}",false,,,false,false,false,false,false,true,true,false,false,false,false,false,false,false,{},,true,false,true,-1,true,,false
1012,256,85,119,95,2,101,OO AUC (STK-UP),6,false,1,"{}",false,,,false,false,false,false,false,true,true,false,false,false,false,false,false,false,{},,true,false,true,-1,true,,false
1013,256,88,119,96,2,101,OO AUC (SPO-UP),6,false,1,"{}",false,,,false,false,false,false,false,true,true,false,false,false,false,false,false,false,{},,true,false,true,-1,true,,false
997,256,80,119,80,2,101,Ttl OTB $,8,false,1,"{}",false,,,false,false,false,false,false,true,true,false,true,false,true,false,true,false,{},,true,false,true,-1,true,,false
1001,256,72,119,84,2,101,Ttl OO U,2,false,1,"{}",false,,,false,false,false,false,false,true,true,false,true,false,true,false,true,false,{},,true,false,true,-1,true,,false
1011,256,82,119,94,2,101,Ttl OTB AUC,6,false,1,"{}",false,,,false,false,false,false,false,true,true,false,false,false,false,false,false,false,{},,true,false,true,-1,true,,false
1008,256,73,119,91,2,101,Ttl OO AUC,6,false,1,"{}",false,,,false,false,false,false,false,true,true,false,false,false,false,false,false,false,{},,true,false,true,-1,true,,false
1004,256,81,119,87,2,101,Ttl OTB U,2,false,1,"{}",false,,,false,false,false,false,false,true,true,false,true,false,true,false,true,false,{},,true,false,true,-1,true,,false
1047,257,18,116,22,2,101,W Cncl Rtl %,4,false,1,"{}",false,,,false,false,true,false,false,true,true,false,false,false,false,false,false,false,{},,true,false,true,-1,true,,false
1048,257,22,116,23,2,101,W Cncl U,2,false,1,"{}",false,,,false,false,true,false,false,true,true,false,true,false,true,false,true,false,{},,true,false,true,-1,true,,false
1049,257,19,116,24,2,101,W Cncl U %,4,false,1,"{}",false,,,false,false,true,false,false,true,true,false,false,false,false,false,false,false,{},,true,false,true,-1,true,,false
1050,257,23,116,25,2,101,W Cncl Cst $,8,false,1,"{}",false,,,false,false,true,false,false,true,true,false,true,false,true,false,true,false,{},,true,false,true,-1,true,,false
1051,257,20,116,26,2,101,W Cncl Cst $ %,4,false,1,"{}",false,,,false,false,true,false,false,true,true,false,false,false,false,false,false,false,{},,true,false,true,-1,true,,false
1077,257,45,74,52,2,101,D Rtrn Rtl $,8,false,1,"{}",false,,,false,false,true,false,false,true,true,false,true,false,true,false,true,false,{},,true,false,true,-1,true,,false
1078,257,42,74,53,2,101,D Rtrn Rtl %,4,false,1,"{}",false,,,false,false,true,false,false,true,true,false,false,false,false,false,false,false,{},,true,false,true,-1,true,,false
1079,257,46,74,54,2,101,D Rtrn U,2,false,1,"{}",false,,,false,false,true,false,false,true,true,false,true,false,true,false,true,false,{},,true,false,true,-1,true,,false
1080,257,43,74,55,2,101,D Rtrn U %,4,false,1,"{}",false,,,false,false,true,false,false,true,true,false,false,false,false,false,false,false,{},,true,false,true,-1,true,,false
1081,257,47,74,56,2,101,D Rtrn Cst $,8,false,1,"{}",false,,,false,false,true,false,false,true,true,false,true,false,true,false,true,false,{},,true,false,true,-1,true,,false
1082,257,44,74,57,2,101,D Rtrn Cst $ %,4,false,1,"{}",false,,,false,false,true,false,false,true,true,false,false,false,false,false,false,false,{},,true,false,true,-1,true,,false
1083,257,101,117,58,2,101,AOH C$,8,false,1,"{}",false,,,false,false,false,false,false,true,true,false,false,false,false,false,false,false,{},,true,false,true,-1,true,,false
1069,257,38,74,44,2,101,D AIR,6,false,1,"{}",false,,,false,false,false,false,false,true,true,false,false,false,false,false,false,false,{},,true,false,true,-1,true,,false
1054,257,24,116,29,2,101,Fct D Sls $,8,false,1,"{}",false,,,false,false,false,false,false,true,true,false,true,false,true,false,true,false,{},,true,false,true,-1,true,,false
1057,257,25,116,32,2,101,Fct D Sls U,2,false,1,"{}",false,,,false,false,false,false,false,true,true,false,true,false,true,false,true,false,{},,true,false,true,-1,true,,false
1060,257,26,116,35,2,101,Fct D COGS,8,false,1,"{}",false,,,false,false,false,false,false,true,true,false,true,false,true,false,true,false,{},,true,false,true,-1,true,,false
1062,257,28,116,37,2,101,D Sls U Adj Fctr,3,false,1,"{}",false,,,false,false,false,false,false,true,true,false,false,false,false,false,false,false,{},,true,false,true,-1,true,,false
1063,257,29,116,38,2,101,D COGS Adj Fctr,3,false,1,"{}",false,,,false,false,false,false,false,true,true,false,false,false,false,false,false,false,{},,true,false,true,-1,true,,false
1103,257,74,119,78,2,101,OO $ (STK-P),8,false,1,"{}",false,,,false,false,false,false,false,true,true,false,true,false,true,false,true,false,{},,true,false,true,-1,true,,false
1104,257,77,119,79,2,101,OO $ (SPO-P),8,false,1,"{}",false,,,false,false,false,false,false,true,true,false,true,false,true,false,true,false,{},,true,false,true,-1,true,,false
1106,257,83,119,81,2,101,OO $ (STK-UP),8,false,1,"{}",false,,,false,false,false,false,false,true,true,false,true,false,true,false,true,false,{},,true,false,true,-1,true,,false
1107,257,86,119,82,2,101,OO $ (SPO-UP),8,false,1,"{}",false,,,false,false,false,false,false,true,true,false,true,false,true,false,true,false,{},,true,false,true,-1,true,,false
1110,257,75,119,85,2,101,OO U (STK-P),2,false,1,"{}",false,,,false,false,false,false,false,true,true,false,true,false,true,false,true,false,{},,true,false,true,-1,true,,false
1111,257,78,119,86,2,101,OO U (SPO-P),2,false,1,"{}",false,,,false,false,false,false,false,true,true,false,true,false,true,false,true,false,{},,true,false,true,-1,true,,false
1113,257,84,119,88,2,101,OO U (STK-UP),2,false,1,"{}",false,,,false,false,false,false,false,true,true,false,true,false,true,false,true,false,{},,true,false,true,-1,true,,false
1018,256,95,120,101,2,101,Inv Adj AUC,6,false,1,"{}",false,,,false,false,true,true,false,true,true,false,false,false,false,false,false,false,{},,true,false,true,-1,true,,false
1019,256,57,121,102,2,101,EOP $,8,false,1,"{}",false,,,false,false,true,true,false,true,true,false,true,false,true,false,true,false,{},,true,false,true,-1,true,,false
1020,256,58,121,103,2,101,EOP U,2,false,1,"{}",false,,,false,false,true,true,false,true,true,false,true,false,true,false,true,false,{},,true,false,true,-1,true,,false
1021,256,59,121,104,2,101,EOP AUC,6,false,1,"{}",false,,,false,false,true,true,false,true,true,false,false,false,false,false,false,false,{},,true,false,true,-1,true,,false
1022,256,96,121,105,2,101,Avg Inv Cst $,8,false,1,"{}",false,,,false,false,true,true,false,true,true,false,false,false,false,false,false,false,{},,true,false,true,-1,true,,false
1053,257,51,116,28,2,101,Wgt Age ND Sls $,3,false,1,"{}",false,,,false,false,false,true,false,true,true,false,false,false,false,false,false,false,{},,true,false,true,-1,true,,false
1056,257,52,116,31,2,101,Wgt Age ND Sls U,3,false,1,"{}",false,,,false,false,false,true,false,true,true,false,false,false,false,false,false,false,{},,true,false,true,-1,true,,false
1059,257,53,116,34,2,101,Wgt Age ND COGS,3,false,1,"{}",false,,,false,false,false,true,false,true,true,false,false,false,false,false,false,false,{},,true,false,true,-1,true,,false
1114,257,87,119,89,2,101,OO U (SPO-UP),2,false,1,"{}",false,,,false,false,false,false,false,true,true,false,true,false,true,false,true,false,{},,true,false,true,-1,true,,false
1117,257,76,119,92,2,101,OO AUC (STK-P),6,false,1,"{}",false,,,false,false,false,false,false,true,true,false,false,false,false,false,false,false,{},,true,false,true,-1,true,,false
1118,257,79,119,93,2,101,OO AUC (SPO-P),6,false,1,"{}",false,,,false,false,false,false,false,true,true,false,false,false,false,false,false,false,{},,true,false,true,-1,true,,false
1120,257,85,119,95,2,101,OO AUC (STK-UP),6,false,1,"{}",false,,,false,false,false,false,false,true,true,false,false,false,false,false,false,false,{},,true,false,true,-1,true,,false
1121,257,88,119,96,2,101,OO AUC (SPO-UP),6,false,1,"{}",false,,,false,false,false,false,false,true,true,false,false,false,false,false,false,false,{},,true,false,true,-1,true,,false
1139,258,3,72,6,2,101,W Comp Spread %,4,false,1,"{}",false,,,false,false,true,false,false,true,true,false,false,false,false,false,false,false,{},,true,false,true,-1,true,,false
1140,258,4,72,7,2,101,W Sls $ Comp,8,false,1,"{}",false,,,false,false,true,false,false,true,true,false,true,false,true,false,true,false,{},,true,false,true,-1,true,,false
1141,258,5,72,8,2,101,W Sls $ NonComp,8,false,1,"{}",false,,,false,false,true,false,false,true,true,false,true,false,true,false,true,false,{},,true,false,true,-1,true,,false
1105,257,80,119,80,2,101,Ttl OTB $,8,false,1,"{}",false,,,false,false,false,false,false,true,true,false,true,false,true,false,true,false,{},,true,false,true,-1,true,,false
1109,257,72,119,84,2,101,Ttl OO U,2,false,1,"{}",false,,,false,false,false,false,false,true,true,false,true,false,true,false,true,false,{},,true,false,true,-1,true,,false
1119,257,82,119,94,2,101,Ttl OTB AUC,6,false,1,"{}",false,,,false,false,false,false,false,true,true,false,false,false,false,false,false,false,{},,true,false,true,-1,true,,false
1116,257,73,119,91,2,101,Ttl OO AUC,6,false,1,"{}",false,,,false,false,false,false,false,true,true,false,false,false,false,false,false,false,{},,true,false,true,-1,true,,false
1112,257,81,119,87,2,101,Ttl OTB U,2,false,1,"{}",false,,,false,false,false,false,false,true,true,false,true,false,true,false,true,false,{},,true,false,true,-1,true,,false
1154,258,21,116,21,2,101,W Cncl Rtl $,8,false,1,"{}",false,,,false,false,true,false,false,true,true,false,true,false,true,false,true,false,{},,true,false,true,-1,true,,false
1155,258,18,116,22,2,101,W Cncl Rtl %,4,false,1,"{}",false,,,false,false,true,false,false,true,true,false,false,false,false,false,false,false,{},,true,false,true,-1,true,,false
1156,258,22,116,23,2,101,W Cncl U,2,false,1,"{}",false,,,false,false,true,false,false,true,true,false,true,false,true,false,true,false,{},,true,false,true,-1,true,,false
1157,258,19,116,24,2,101,W Cncl U %,4,false,1,"{}",false,,,false,false,true,false,false,true,true,false,false,false,false,false,false,false,{},,true,false,true,-1,true,,false
1158,258,23,116,25,2,101,W Cncl Cst $,8,false,1,"{}",false,,,false,false,true,false,false,true,true,false,true,false,true,false,true,false,{},,true,false,true,-1,true,,false
1159,258,20,116,26,2,101,W Cncl Cst $ %,4,false,1,"{}",false,,,false,false,true,false,false,true,true,false,false,false,false,false,false,false,{},,true,false,true,-1,true,,false
1185,258,45,74,52,2,101,D Rtrn Rtl $,8,false,1,"{}",false,,,false,false,true,false,false,true,true,false,true,false,true,false,true,false,{},,true,false,true,-1,true,,false
1186,258,42,74,53,2,101,D Rtrn Rtl %,4,false,1,"{}",false,,,false,false,true,false,false,true,true,false,false,false,false,false,false,false,{},,true,false,true,-1,true,,false
1187,258,46,74,54,2,101,D Rtrn U,2,false,1,"{}",false,,,false,false,true,false,false,true,true,false,true,false,true,false,true,false,{},,true,false,true,-1,true,,false
1188,258,43,74,55,2,101,D Rtrn U %,4,false,1,"{}",false,,,false,false,true,false,false,true,true,false,false,false,false,false,false,false,{},,true,false,true,-1,true,,false
1189,258,47,74,56,2,101,D Rtrn Cst $,8,false,1,"{}",false,,,false,false,true,false,false,true,true,false,true,false,true,false,true,false,{},,true,false,true,-1,true,,false
1190,258,44,74,57,2,101,D Rtrn Cst $ %,4,false,1,"{}",false,,,false,false,true,false,false,true,true,false,false,false,false,false,false,false,{},,true,false,true,-1,true,,false
1191,258,101,117,58,2,101,AOH C$,8,false,1,"{}",false,,,false,false,false,false,false,true,true,false,false,false,false,false,false,false,{},,true,false,true,-1,true,,false
1192,258,102,117,59,2,101,AOH U,2,false,1,"{}",false,,,false,false,false,false,false,true,true,false,false,false,false,false,false,false,{},,true,false,true,-1,true,,false
1193,258,105,117,60,2,101,AOH FWOS C$,3,false,1,"{}",false,,,false,false,false,false,false,true,true,false,false,false,false,false,false,false,{},,true,false,true,-1,true,,false
1194,258,106,117,61,2,101,AOH FWOS U,3,false,1,"{}",false,,,false,false,false,false,false,true,true,false,false,false,false,false,false,false,{},,true,false,true,-1,true,,false
1195,258,103,117,62,2,101,ATP C$,8,false,1,"{}",false,,,false,false,false,false,false,true,true,false,false,false,false,false,false,false,{},,true,false,true,-1,true,,false
1196,258,104,117,63,2,101,ATP U,2,false,1,"{}",false,,,false,false,false,false,false,true,true,false,false,false,false,false,false,false,{},,true,false,true,-1,true,,false
1197,258,107,117,64,2,101,ATP FWOS C$,3,false,1,"{}",false,,,false,false,false,false,false,true,true,false,false,false,false,false,false,false,{},,true,false,true,-1,true,,false
1198,258,108,117,65,2,101,ATP FWOS U,3,false,1,"{}",false,,,false,false,false,false,false,true,true,false,false,false,false,false,false,false,{},,true,false,true,-1,true,,false
1177,258,38,74,44,2,101,D AIR,6,false,1,"{}",false,,,false,false,false,false,false,true,true,false,false,false,false,false,false,false,{},,true,false,true,-1,true,,false
1162,258,24,116,29,2,101,Fct D Sls $,8,false,1,"{}",false,,,false,false,false,false,false,true,true,false,true,false,true,false,true,false,{},,true,false,true,-1,true,,false
1165,258,25,116,32,2,101,Fct D Sls U,2,false,1,"{}",false,,,false,false,false,false,false,true,true,false,true,false,true,false,true,false,{},,true,false,true,-1,true,,false
1126,257,95,120,101,2,101,Inv Adj AUC,6,false,1,"{}",false,,,false,false,true,true,false,true,true,false,false,false,false,false,false,false,{},,true,false,true,-1,true,,false
1127,257,57,121,102,2,101,EOP $,8,false,1,"{}",false,,,false,false,true,true,false,true,true,false,true,false,true,false,true,false,{},,true,false,true,-1,true,,false
1128,257,58,121,103,2,101,EOP U,2,false,1,"{}",false,,,false,false,true,true,false,true,true,false,true,false,true,false,true,false,{},,true,false,true,-1,true,,false
1129,257,59,121,104,2,101,EOP AUC,6,false,1,"{}",false,,,false,false,true,true,false,true,true,false,false,false,false,false,false,false,{},,true,false,true,-1,true,,false
1161,258,51,116,28,2,101,Wgt Age ND Sls $,3,false,1,"{}",false,,,false,false,false,true,false,true,true,false,false,false,false,false,false,false,{},,true,false,true,-1,true,,false
1164,258,52,116,31,2,101,Wgt Age ND Sls U,3,false,1,"{}",false,,,false,false,false,true,false,true,true,false,false,false,false,false,false,false,{},,true,false,true,-1,true,,false
1167,258,53,116,34,2,101,Wgt Age ND COGS,3,false,1,"{}",false,,,false,false,false,true,false,true,true,false,false,false,false,false,false,false,{},,true,false,true,-1,true,,false
1168,258,26,116,35,2,101,Fct D COGS,8,false,1,"{}",false,,,false,false,false,false,false,true,true,false,true,false,true,false,true,false,{},,true,false,true,-1,true,,false
1170,258,28,116,37,2,101,D Sls U Adj Fctr,3,false,1,"{}",false,,,false,false,false,false,false,true,true,false,false,false,false,false,false,false,{},,true,false,true,-1,true,,false
1171,258,29,116,38,2,101,D COGS Adj Fctr,3,false,1,"{}",false,,,false,false,false,false,false,true,true,false,false,false,false,false,false,false,{},,true,false,true,-1,true,,false
1218,258,75,119,85,2,101,OO U (STK-P),2,false,1,"{}",false,,,false,false,false,false,false,true,true,false,true,false,true,false,true,false,{},,true,false,true,-1,true,,false
1219,258,78,119,86,2,101,OO U (SPO-P),2,false,1,"{}",false,,,false,false,false,false,false,true,true,false,true,false,true,false,true,false,{},,true,false,true,-1,true,,false
1221,258,84,119,88,2,101,OO U (STK-UP),2,false,1,"{}",false,,,false,false,false,false,false,true,true,false,true,false,true,false,true,false,{},,true,false,true,-1,true,,false
1222,258,87,119,89,2,101,OO U (SPO-UP),2,false,1,"{}",false,,,false,false,false,false,false,true,true,false,true,false,true,false,true,false,{},,true,false,true,-1,true,,false
1225,258,76,119,92,2,101,OO AUC (STK-P),6,false,1,"{}",false,,,false,false,false,false,false,true,true,false,false,false,false,false,false,false,{},,true,false,true,-1,true,,false
1226,258,79,119,93,2,101,OO AUC (SPO-P),6,false,1,"{}",false,,,false,false,false,false,false,true,true,false,false,false,false,false,false,false,{},,true,false,true,-1,true,,false
1228,258,85,119,95,2,101,OO AUC (STK-UP),6,false,1,"{}",false,,,false,false,false,false,false,true,true,false,false,false,false,false,false,false,{},,true,false,true,-1,true,,false
1229,258,88,119,96,2,101,OO AUC (SPO-UP),6,false,1,"{}",false,,,false,false,false,false,false,true,true,false,false,false,false,false,false,false,{},,true,false,true,-1,true,,false
1247,259,3,72,6,2,101,W Comp Spread %,4,false,1,"{}",false,,,false,false,true,false,false,true,true,false,false,false,false,false,false,false,{},,true,false,true,-1,true,,false
1248,259,4,72,7,2,101,W Sls $ Comp,8,false,1,"{}",false,,,false,false,true,false,false,true,true,false,true,false,true,false,true,false,{},,true,false,true,-1,true,,false
1249,259,5,72,8,2,101,W Sls $ NonComp,8,false,1,"{}",false,,,false,false,true,false,false,true,true,false,true,false,true,false,true,false,{},,true,false,true,-1,true,,false
1227,258,82,119,94,2,101,Ttl OTB AUC,6,false,1,"{}",false,,,false,false,true,false,false,true,true,false,false,false,false,false,false,false,{},,true,false,true,-1,true,,false
1224,258,73,119,91,2,101,Ttl OO AUC,6,false,1,"{}",false,,,false,false,true,false,false,true,true,false,false,false,false,false,false,false,{},,true,false,true,-1,true,,false
1266,259,23,116,25,2,101,W Cncl Cst $,8,false,1,"{}",false,,,false,false,true,false,false,true,true,false,true,false,true,false,true,false,{},,true,false,true,-1,true,,false
1267,259,20,116,26,2,101,W Cncl Cst $ %,4,false,1,"{}",false,,,false,false,true,false,false,true,true,false,false,false,false,false,false,false,{},,true,false,true,-1,true,,false
1293,259,45,74,52,2,101,D Rtrn Rtl $,8,false,1,"{}",false,,,false,false,true,false,false,true,true,false,true,false,true,false,true,false,{},,true,false,true,-1,true,,false
1294,259,42,74,53,2,101,D Rtrn Rtl %,4,false,1,"{}",false,,,false,false,true,false,false,true,true,false,false,false,false,false,false,false,{},,true,false,true,-1,true,,false
1295,259,46,74,54,2,101,D Rtrn U,2,false,1,"{}",false,,,false,false,true,false,false,true,true,false,true,false,true,false,true,false,{},,true,false,true,-1,true,,false
1296,259,43,74,55,2,101,D Rtrn U %,4,false,1,"{}",false,,,false,false,true,false,false,true,true,false,false,false,false,false,false,false,{},,true,false,true,-1,true,,false
1297,259,47,74,56,2,101,D Rtrn Cst $,8,false,1,"{}",false,,,false,false,true,false,false,true,true,false,true,false,true,false,true,false,{},,true,false,true,-1,true,,false
1298,259,44,74,57,2,101,D Rtrn Cst $ %,4,false,1,"{}",false,,,false,false,true,false,false,true,true,false,false,false,false,false,false,false,{},,true,false,true,-1,true,,false
1300,259,102,117,59,2,101,AOH U,2,false,1,"{}",false,,,false,false,true,false,false,true,true,false,false,false,false,false,false,false,{},,true,false,true,-1,true,,false
1234,258,95,120,101,2,101,Inv Adj AUC,6,false,1,"{}",false,,,false,false,true,true,false,true,true,false,false,false,false,false,false,false,{},,true,false,true,-1,true,,false
1235,258,57,121,102,2,101,EOP $,8,false,1,"{}",false,,,false,false,true,true,false,true,true,false,true,false,true,false,true,false,{},,true,false,true,-1,true,,false
1236,258,58,121,103,2,101,EOP U,2,false,1,"{}",false,,,false,false,true,true,false,true,true,false,true,false,true,false,true,false,{},,true,false,true,-1,true,,false
1237,258,59,121,104,2,101,EOP AUC,6,false,1,"{}",false,,,false,false,true,true,false,true,true,false,false,false,false,false,false,false,{},,true,false,true,-1,true,,false
1238,258,96,121,105,2,101,Avg Inv Cst $,8,false,1,"{}",false,,,false,false,true,true,false,true,true,false,false,false,false,false,false,false,{},,true,false,true,-1,true,,false
1302,259,106,117,61,2,101,AOH FWOS U,3,false,1,"{}",false,,,false,false,true,false,false,true,true,false,false,false,false,false,false,false,{},,true,false,true,-1,true,,false
1303,259,103,117,62,2,101,ATP C$,8,false,1,"{}",false,,,false,false,true,false,false,true,true,false,false,false,false,false,false,false,{},,true,false,true,-1,true,,false
1304,259,104,117,63,2,101,ATP U,2,false,1,"{}",false,,,false,false,true,false,false,true,true,false,false,false,false,false,false,false,{},,true,false,true,-1,true,,false
1305,259,107,117,64,2,101,ATP FWOS C$,3,false,1,"{}",false,,,false,false,true,false,false,true,true,false,false,false,false,false,false,false,{},,true,false,true,-1,true,,false
1306,259,108,117,65,2,101,ATP FWOS U,3,false,1,"{}",false,,,false,false,true,false,false,true,true,false,false,false,false,false,false,false,{},,true,false,true,-1,true,,false
1278,259,28,116,37,2,101,D Sls U Adj Fctr,3,false,1,"{}",false,,,false,false,false,false,false,true,true,false,false,false,false,false,false,false,{},,true,false,true,-1,true,,false
1285,259,38,74,44,2,101,D AIR,6,false,1,"{}",false,,,false,false,false,false,false,true,true,false,false,false,false,false,false,false,{},,true,false,true,-1,true,,false
1270,259,24,116,29,2,101,Fct D Sls $,8,false,1,"{}",false,,,false,false,false,false,false,true,true,false,true,false,true,false,true,false,{},,true,false,true,-1,true,,false
1273,259,25,116,32,2,101,Fct D Sls U,2,false,1,"{}",false,,,false,false,false,false,false,true,true,false,true,false,true,false,true,false,{},,true,false,true,-1,true,,false
1276,259,26,116,35,2,101,Fct D COGS,8,false,1,"{}",false,,,false,false,false,false,false,true,true,false,true,false,true,false,true,false,{},,true,false,true,-1,true,,false
1277,259,27,116,36,2,101,D Sls $ Adj Fctr,3,false,1,"{}",false,,,false,false,false,false,false,true,true,false,false,false,false,false,false,false,{},,true,false,true,-1,true,,false
1279,259,29,116,38,2,101,D COGS Adj Fctr,3,false,1,"{}",false,,,false,false,false,false,false,true,true,false,false,false,false,false,false,false,{},,true,false,true,-1,true,,false
1326,259,75,119,85,2,101,OO U (STK-P),2,false,1,"{}",false,,,false,false,false,false,false,true,true,false,true,false,true,false,true,false,{},,true,false,true,-1,true,,false
1327,259,78,119,86,2,101,OO U (SPO-P),2,false,1,"{}",false,,,false,false,false,false,false,true,true,false,true,false,true,false,true,false,{},,true,false,true,-1,true,,false
1329,259,84,119,88,2,101,OO U (STK-UP),2,false,1,"{}",false,,,false,false,false,false,false,true,true,false,true,false,true,false,true,false,{},,true,false,true,-1,true,,false
1330,259,87,119,89,2,101,OO U (SPO-UP),2,false,1,"{}",false,,,false,false,false,false,false,true,true,false,true,false,true,false,true,false,{},,true,false,true,-1,true,,false
1333,259,76,119,92,2,101,OO AUC (STK-P),6,false,1,"{}",false,,,false,false,false,false,false,true,true,false,false,false,false,false,false,false,{},,true,false,true,-1,true,,false
1334,259,79,119,93,2,101,OO AUC (SPO-P),6,false,1,"{}",false,,,false,false,false,false,false,true,true,false,false,false,false,false,false,false,{},,true,false,true,-1,true,,false
1336,259,85,119,95,2,101,OO AUC (STK-UP),6,false,1,"{}",false,,,false,false,false,false,false,true,true,false,false,false,false,false,false,false,{},,true,false,true,-1,true,,false
1337,259,88,119,96,2,101,OO AUC (SPO-UP),6,false,1,"{}",false,,,false,false,false,false,false,true,true,false,false,false,false,false,false,false,{},,true,false,true,-1,true,,false
1363,261,32,74,41,2,101,D Sls $ Bld,3,false,1,"{}",false,,,false,false,true,false,false,true,true,false,false,false,false,false,false,false,{},,true,false,true,-1,true,,false
1365,261,34,74,43,2,101,D Sls U Bld,3,false,1,"{}",false,,,false,false,true,false,false,true,true,false,false,false,false,false,false,false,{},,true,false,true,-1,true,,false
1369,261,36,74,47,2,101,D COGS,8,false,1,"{}",false,,,false,false,true,false,false,true,true,false,true,false,true,false,true,false,{},,true,false,true,-1,true,,false
1370,261,37,74,48,2,101,D AUC,6,false,1,"{}",false,,,false,false,true,false,false,true,true,false,false,false,false,false,false,false,{},,true,false,true,-1,true,,false
1372,261,41,74,50,2,101,D GM $,8,false,1,"{}",false,,,false,false,true,false,false,true,true,false,true,false,true,false,true,false,{},,true,false,true,-1,true,,false
1374,262,4,72,7,2,101,W Sls $ Comp,8,false,1,"{}",false,,,false,false,true,false,false,true,true,false,true,false,true,false,true,false,{},,true,false,true,-1,true,,false
1375,262,5,72,8,2,101,W Sls $ NonComp,8,false,1,"{}",false,,,false,false,true,false,false,true,true,false,true,false,true,false,true,false,{},,true,false,true,-1,true,,false
1376,262,3,72,6,2,101,W Comp Spread %,4,false,1,"{}",false,,,false,false,true,false,false,true,true,false,false,false,false,false,false,false,{},,true,false,true,-1,true,,false
1335,259,82,119,94,2,101,Ttl OTB AUC,6,false,1,"{}",false,,,false,false,true,false,false,true,true,false,false,false,false,false,false,false,{},,true,false,true,-1,true,,false
1332,259,73,119,91,2,101,Ttl OO AUC,6,false,1,"{}",false,,,false,false,true,false,false,true,true,false,false,false,false,false,false,false,{},,true,false,true,-1,true,,false
1324,259,89,119,83,2,101,% of Rcpt $ (STK-UP),4,false,1,"{}",false,,,false,false,false,false,false,true,true,false,false,false,false,false,false,false,{},,true,false,true,-1,true,,false
1366,261,38,74,44,2,101,D AIR,6,false,1,"{}",false,,,false,false,false,false,false,true,true,false,false,false,false,false,false,false,{},,true,false,true,-1,true,,false
1351,261,2,72,5,2,101,W Sls $ Bld,3,false,1,"{}",false,,,false,false,true,false,false,true,true,false,false,false,false,false,false,false,{},,true,false,true,-1,true,,false
1353,261,7,72,10,2,101,W Sls U Bld,3,false,1,"{}",false,,,false,false,true,false,false,true,true,false,false,false,false,false,false,false,{},,true,false,true,-1,true,,false
1356,261,12,72,13,2,101,W IMU %,4,false,1,"{}",false,,,false,false,true,false,false,true,true,false,false,false,false,false,false,false,{},,true,false,true,-1,true,,false
1358,261,9,72,15,2,101,W COGS,8,false,1,"{}",false,,,false,false,true,false,false,true,true,false,true,false,true,false,true,false,{},,true,false,true,-1,true,,false
1359,261,10,72,16,2,101,W AUC,6,false,1,"{}",false,,,false,false,true,false,false,true,true,false,false,false,false,false,false,false,{},,true,false,true,-1,true,,false
1361,261,15,72,18,2,101,W GM $,8,false,1,"{}",false,,,false,false,true,false,false,true,true,false,true,false,true,false,true,false,{},,true,false,true,-1,true,,false
1400,267,18,116,22,2,101,W Cncl Rtl %,4,false,1,"{}",false,,,false,false,true,false,false,true,true,false,false,false,false,false,false,false,{},,true,false,true,-1,true,,false
1401,267,22,116,23,2,101,W Cncl U,2,false,1,"{}",false,,,false,false,true,false,false,true,true,false,true,false,true,false,true,false,{},,true,false,true,-1,true,,false
1402,267,19,116,24,2,101,W Cncl U %,4,false,1,"{}",false,,,false,false,true,false,false,true,true,false,false,false,false,false,false,false,{},,true,false,true,-1,true,,false
1403,267,23,116,25,2,101,W Cncl Cst $,8,false,1,"{}",false,,,false,false,true,false,false,true,true,false,true,false,true,false,true,false,{},,true,false,true,-1,true,,false
1404,267,20,116,26,2,101,W Cncl Cst $ %,4,false,1,"{}",false,,,false,false,true,false,false,true,true,false,false,false,false,false,false,false,{},,true,false,true,-1,true,,false
1342,259,95,120,101,2,101,Inv Adj AUC,6,false,1,"{}",false,,,false,false,true,true,false,true,true,false,false,false,false,false,false,false,{},,true,false,true,-1,true,,false
1343,259,57,121,102,2,101,EOP $,8,false,1,"{}",false,,,false,false,true,true,false,true,true,false,true,false,true,false,true,false,{},,true,false,true,-1,true,,false
1344,259,58,121,103,2,101,EOP U,2,false,1,"{}",false,,,false,false,true,true,false,true,true,false,true,false,true,false,true,false,{},,true,false,true,-1,true,,false
1345,259,59,121,104,2,101,EOP AUC,6,false,1,"{}",false,,,false,false,true,true,false,true,true,false,false,false,false,false,false,false,{},,true,false,true,-1,true,,false
1346,259,96,121,105,2,101,Avg Inv Cst $,8,false,1,"{}",false,,,false,false,true,true,false,true,true,false,false,false,false,false,false,false,{},,true,false,true,-1,true,,false
1275,259,53,116,34,2,101,Wgt Age ND COGS,3,false,1,"{}",false,,,false,false,false,true,false,true,true,false,false,false,false,false,false,false,{},,true,false,true,-1,true,,false
1269,259,51,116,28,2,101,Wgt Age ND Sls $,3,false,1,"{}",false,,,false,false,false,true,false,true,true,false,false,false,false,false,false,false,{},,true,false,true,-1,true,,false
1272,259,52,116,31,2,101,Wgt Age ND Sls U,3,false,1,"{}",false,,,false,false,false,true,false,true,true,false,false,false,false,false,false,false,{},,true,false,true,-1,true,,false
1430,267,45,74,52,2,101,D Rtrn Rtl $,8,false,1,"{}",false,,,false,false,true,false,false,true,true,false,true,false,true,false,true,false,{},,true,false,true,-1,true,,false
1431,267,42,74,53,2,101,D Rtrn Rtl %,4,false,1,"{}",false,,,false,false,true,false,false,true,true,false,false,false,false,false,false,false,{},,true,false,true,-1,true,,false
1432,267,46,74,54,2,101,D Rtrn U,2,false,1,"{}",false,,,false,false,true,false,false,true,true,false,true,false,true,false,true,false,{},,true,false,true,-1,true,,false
1433,267,43,74,55,2,101,D Rtrn U %,4,false,1,"{}",false,,,false,false,true,false,false,true,true,false,false,false,false,false,false,false,{},,true,false,true,-1,true,,false
1434,267,47,74,56,2,101,D Rtrn Cst $,8,false,1,"{}",false,,,false,false,true,false,false,true,true,false,true,false,true,false,true,false,{},,true,false,true,-1,true,,false
1435,267,44,74,57,2,101,D Rtrn Cst $ %,4,false,1,"{}",false,,,false,false,true,false,false,true,true,false,false,false,false,false,false,false,{},,true,false,true,-1,true,,false
1436,267,101,117,58,2,101,AOH C$,8,false,1,"{}",false,,,false,false,false,false,false,true,true,false,false,false,false,false,false,false,{},,true,false,true,-1,true,,false
1422,267,38,74,44,2,101,D AIR,6,false,1,"{}",false,,,false,false,false,false,false,true,true,false,false,false,false,false,false,false,{},,true,false,true,-1,true,,false
1407,267,24,116,29,2,101,Fct D Sls $,8,false,1,"{}",false,,,false,false,false,false,false,true,true,false,true,false,true,false,true,false,{},,true,false,true,-1,true,,false
1410,267,25,116,32,2,101,Fct D Sls U,2,false,1,"{}",false,,,false,false,false,false,false,true,true,false,true,false,true,false,true,false,{},,true,false,true,-1,true,,false
1413,267,26,116,35,2,101,Fct D COGS,8,false,1,"{}",false,,,false,false,false,false,false,true,true,false,true,false,true,false,true,false,{},,true,false,true,-1,true,,false
1415,267,28,116,37,2,101,D Sls U Adj Fctr,3,false,1,"{}",false,,,false,false,false,false,false,true,true,false,false,false,false,false,false,false,{},,true,false,true,-1,true,,false
1416,267,29,116,38,2,101,D COGS Adj Fctr,3,false,1,"{}",false,,,false,false,false,false,false,true,true,false,false,false,false,false,false,false,{},,true,false,true,-1,true,,false
1378,262,15,72,18,2,101,W GM $,8,false,1,"{}",false,,,false,false,true,false,false,true,true,false,true,false,true,false,true,false,{},,true,false,true,-1,true,,false
1455,267,71,119,77,2,101,Ttl OO $,8,false,1,"{}",false,,,false,false,true,false,false,true,true,false,true,false,true,false,true,false,{},,true,false,true,-1,true,,false
1456,267,74,119,78,2,101,OO $ (STK-P),8,false,1,"{}",false,,,false,false,false,false,false,true,true,false,true,false,true,false,true,false,{},,true,false,true,-1,true,,false
1457,267,77,119,79,2,101,OO $ (SPO-P),8,false,1,"{}",false,,,false,false,false,false,false,true,true,false,true,false,true,false,true,false,{},,true,false,true,-1,true,,false
1458,267,80,119,80,2,101,Ttl OTB $,8,false,1,"{}",false,,,false,false,true,false,false,true,true,false,true,false,true,false,true,false,{},,true,false,true,-1,true,,false
1459,267,83,119,81,2,101,OO $ (STK-UP),8,false,1,"{}",false,,,false,false,false,false,false,true,true,false,true,false,true,false,true,false,{},,true,false,true,-1,true,,false
1460,267,86,119,82,2,101,OO $ (SPO-UP),8,false,1,"{}",false,,,false,false,false,false,false,true,true,false,true,false,true,false,true,false,{},,true,false,true,-1,true,,false
1462,267,72,119,84,2,101,Ttl OO U,2,false,1,"{}",false,,,false,false,true,false,false,true,true,false,true,false,true,false,true,false,{},,true,false,true,-1,true,,false
1463,267,75,119,85,2,101,OO U (STK-P),2,false,1,"{}",false,,,false,false,false,false,false,true,true,false,true,false,true,false,true,false,{},,true,false,true,-1,true,,false
1464,267,78,119,86,2,101,OO U (SPO-P),2,false,1,"{}",false,,,false,false,false,false,false,true,true,false,true,false,true,false,true,false,{},,true,false,true,-1,true,,false
1466,267,84,119,88,2,101,OO U (STK-UP),2,false,1,"{}",false,,,false,false,false,false,false,true,true,false,true,false,true,false,true,false,{},,true,false,true,-1,true,,false
1467,267,87,119,89,2,101,OO U (SPO-UP),2,false,1,"{}",false,,,false,false,false,false,false,true,true,false,true,false,true,false,true,false,{},,true,false,true,-1,true,,false
1470,267,76,119,92,2,101,OO AUC (STK-P),6,false,1,"{}",false,,,false,false,false,false,false,true,true,false,false,false,false,false,false,false,{},,true,false,true,-1,true,,false
1471,267,79,119,93,2,101,OO AUC (SPO-P),6,false,1,"{}",false,,,false,false,false,false,false,true,true,false,false,false,false,false,false,false,{},,true,false,true,-1,true,,false
1473,267,85,119,95,2,101,OO AUC (STK-UP),6,false,1,"{}",false,,,false,false,false,false,false,true,true,false,false,false,false,false,false,false,{},,true,false,true,-1,true,,false
1474,267,88,119,96,2,101,OO AUC (SPO-UP),6,false,1,"{}",false,,,false,false,false,false,false,true,true,false,false,false,false,false,false,false,{},,true,false,true,-1,true,,false
1492,268,3,72,6,2,101,W Comp Spread %,4,false,1,"{}",false,,,false,false,true,false,false,true,true,false,false,false,false,false,false,false,{},,true,false,true,-1,true,,false
1493,268,4,72,7,2,101,W Sls $ Comp,8,false,1,"{}",false,,,false,false,true,false,false,true,true,false,true,false,true,false,true,false,{},,true,false,true,-1,true,,false
1494,268,5,72,8,2,101,W Sls $ NonComp,8,false,1,"{}",false,,,false,false,true,false,false,true,true,false,true,false,true,false,true,false,{},,true,false,true,-1,true,,false
1472,267,82,119,94,2,101,Ttl OTB AUC,6,false,1,"{}",false,,,false,false,true,false,false,true,true,false,false,false,false,false,false,false,{},,true,false,true,-1,true,,false
1469,267,73,119,91,2,101,Ttl OO AUC,6,false,1,"{}",false,,,false,false,true,false,false,true,true,false,false,false,false,false,false,false,{},,true,false,true,-1,true,,false
1419,267,32,74,41,2,101,D Sls $ Bld,3,false,1,"{}",false,,,false,false,true,true,false,true,true,false,false,false,false,false,false,false,{},,true,false,true,-1,true,,false
1421,267,34,74,43,2,101,D Sls U Bld,3,false,1,"{}",false,,,false,false,true,true,false,true,true,false,false,false,false,false,false,false,{},,true,false,true,-1,true,,false
1406,267,51,116,28,2,101,Wgt Age ND Sls $,3,false,1,"{}",false,,,false,false,false,true,false,true,true,false,false,false,false,false,false,false,{},,true,false,true,-1,true,,false
1409,267,52,116,31,2,101,Wgt Age ND Sls U,3,false,1,"{}",false,,,false,false,false,true,false,true,true,false,false,false,false,false,false,false,{},,true,false,true,-1,true,,false
1412,267,53,116,34,2,101,Wgt Age ND COGS,3,false,1,"{}",false,,,false,false,false,true,false,true,true,false,false,false,false,false,false,false,{},,true,false,true,-1,true,,false
1507,268,21,116,21,2,101,W Cncl Rtl $,8,false,1,"{}",false,,,false,false,true,false,false,true,true,false,true,false,true,false,true,false,{},,true,false,true,-1,true,,false
1508,268,18,116,22,2,101,W Cncl Rtl %,4,false,1,"{}",false,,,false,false,true,false,false,true,true,false,false,false,false,false,false,false,{},,true,false,true,-1,true,,false
1509,268,22,116,23,2,101,W Cncl U,2,false,1,"{}",false,,,false,false,true,false,false,true,true,false,true,false,true,false,true,false,{},,true,false,true,-1,true,,false
1510,268,19,116,24,2,101,W Cncl U %,4,false,1,"{}",false,,,false,false,true,false,false,true,true,false,false,false,false,false,false,false,{},,true,false,true,-1,true,,false
1511,268,23,116,25,2,101,W Cncl Cst $,8,false,1,"{}",false,,,false,false,true,false,false,true,true,false,true,false,true,false,true,false,{},,true,false,true,-1,true,,false
1512,268,20,116,26,2,101,W Cncl Cst $ %,4,false,1,"{}",false,,,false,false,true,false,false,true,true,false,false,false,false,false,false,false,{},,true,false,true,-1,true,,false
1538,268,45,74,52,2,101,D Rtrn Rtl $,8,false,1,"{}",false,,,false,false,true,false,false,true,true,false,true,false,true,false,true,false,{},,true,false,true,-1,true,,false
1539,268,42,74,53,2,101,D Rtrn Rtl %,4,false,1,"{}",false,,,false,false,true,false,false,true,true,false,false,false,false,false,false,false,{},,true,false,true,-1,true,,false
1540,268,46,74,54,2,101,D Rtrn U,2,false,1,"{}",false,,,false,false,true,false,false,true,true,false,true,false,true,false,true,false,{},,true,false,true,-1,true,,false
1541,268,43,74,55,2,101,D Rtrn U %,4,false,1,"{}",false,,,false,false,true,false,false,true,true,false,false,false,false,false,false,false,{},,true,false,true,-1,true,,false
1542,268,47,74,56,2,101,D Rtrn Cst $,8,false,1,"{}",false,,,false,false,true,false,false,true,true,false,true,false,true,false,true,false,{},,true,false,true,-1,true,,false
1543,268,44,74,57,2,101,D Rtrn Cst $ %,4,false,1,"{}",false,,,false,false,true,false,false,true,true,false,false,false,false,false,false,false,{},,true,false,true,-1,true,,false
1544,268,101,117,58,2,101,AOH C$,8,false,1,"{}",false,,,false,false,false,false,false,true,true,false,false,false,false,false,false,false,{},,true,false,true,-1,true,,false
1545,268,102,117,59,2,101,AOH U,2,false,1,"{}",false,,,false,false,false,false,false,true,true,false,false,false,false,false,false,false,{},,true,false,true,-1,true,,false
1546,268,105,117,60,2,101,AOH FWOS C$,3,false,1,"{}",false,,,false,false,false,false,false,true,true,false,false,false,false,false,false,false,{},,true,false,true,-1,true,,false
1547,268,106,117,61,2,101,AOH FWOS U,3,false,1,"{}",false,,,false,false,false,false,false,true,true,false,false,false,false,false,false,false,{},,true,false,true,-1,true,,false
1548,268,103,117,62,2,101,ATP C$,8,false,1,"{}",false,,,false,false,false,false,false,true,true,false,false,false,false,false,false,false,{},,true,false,true,-1,true,,false
1549,268,104,117,63,2,101,ATP U,2,false,1,"{}",false,,,false,false,false,false,false,true,true,false,false,false,false,false,false,false,{},,true,false,true,-1,true,,false
1550,268,107,117,64,2,101,ATP FWOS C$,3,false,1,"{}",false,,,false,false,false,false,false,true,true,false,false,false,false,false,false,false,{},,true,false,true,-1,true,,false
1551,268,108,117,65,2,101,ATP FWOS U,3,false,1,"{}",false,,,false,false,false,false,false,true,true,false,false,false,false,false,false,false,{},,true,false,true,-1,true,,false
1530,268,38,74,44,2,101,D AIR,6,false,1,"{}",false,,,false,false,false,false,false,true,true,false,false,false,false,false,false,false,{},,true,false,true,-1,true,,false
1515,268,24,116,29,2,101,Fct D Sls $,8,false,1,"{}",false,,,false,false,false,false,false,true,true,false,true,false,true,false,true,false,{},,true,false,true,-1,true,,false
1518,268,25,116,32,2,101,Fct D Sls U,2,false,1,"{}",false,,,false,false,false,false,false,true,true,false,true,false,true,false,true,false,{},,true,false,true,-1,true,,false
1521,268,26,116,35,2,101,Fct D COGS,8,false,1,"{}",false,,,false,false,false,false,false,true,true,false,true,false,true,false,true,false,{},,true,false,true,-1,true,,false
1523,268,28,116,37,2,101,D Sls U Adj Fctr,3,false,1,"{}",false,,,false,false,false,false,false,true,true,false,false,false,false,false,false,false,{},,true,false,true,-1,true,,false
1524,268,29,116,38,2,101,D COGS Adj Fctr,3,false,1,"{}",false,,,false,false,false,false,false,true,true,false,false,false,false,false,false,false,{},,true,false,true,-1,true,,false
1565,268,77,119,79,2,101,OO $ (SPO-P),8,false,1,"{}",false,,,false,false,false,false,false,true,true,false,true,false,true,false,true,false,{},,true,false,true,-1,true,,false
1566,268,80,119,80,2,101,Ttl OTB $,8,false,1,"{}",false,,,false,false,true,false,false,true,true,false,true,false,true,false,true,false,{},,true,false,true,-1,true,,false
1567,268,83,119,81,2,101,OO $ (STK-UP),8,false,1,"{}",false,,,false,false,false,false,false,true,true,false,true,false,true,false,true,false,{},,true,false,true,-1,true,,false
1568,268,86,119,82,2,101,OO $ (SPO-UP),8,false,1,"{}",false,,,false,false,false,false,false,true,true,false,true,false,true,false,true,false,{},,true,false,true,-1,true,,false
1570,268,72,119,84,2,101,Ttl OO U,2,false,1,"{}",false,,,false,false,true,false,false,true,true,false,true,false,true,false,true,false,{},,true,false,true,-1,true,,false
1571,268,75,119,85,2,101,OO U (STK-P),2,false,1,"{}",false,,,false,false,false,false,false,true,true,false,true,false,true,false,true,false,{},,true,false,true,-1,true,,false
1572,268,78,119,86,2,101,OO U (SPO-P),2,false,1,"{}",false,,,false,false,false,false,false,true,true,false,true,false,true,false,true,false,{},,true,false,true,-1,true,,false
1574,268,84,119,88,2,101,OO U (STK-UP),2,false,1,"{}",false,,,false,false,false,false,false,true,true,false,true,false,true,false,true,false,{},,true,false,true,-1,true,,false
1575,268,87,119,89,2,101,OO U (SPO-UP),2,false,1,"{}",false,,,false,false,false,false,false,true,true,false,true,false,true,false,true,false,{},,true,false,true,-1,true,,false
1578,268,76,119,92,2,101,OO AUC (STK-P),6,false,1,"{}",false,,,false,false,false,false,false,true,true,false,false,false,false,false,false,false,{},,true,false,true,-1,true,,false
1579,268,79,119,93,2,101,OO AUC (SPO-P),6,false,1,"{}",false,,,false,false,false,false,false,true,true,false,false,false,false,false,false,false,{},,true,false,true,-1,true,,false
1581,268,85,119,95,2,101,OO AUC (STK-UP),6,false,1,"{}",false,,,false,false,false,false,false,true,true,false,false,false,false,false,false,false,{},,true,false,true,-1,true,,false
1582,268,88,119,96,2,101,OO AUC (SPO-UP),6,false,1,"{}",false,,,false,false,false,false,false,true,true,false,false,false,false,false,false,false,{},,true,false,true,-1,true,,false
1527,268,32,74,41,2,101,D Sls $ Bld,3,false,1,"{}",false,,,false,false,true,true,false,true,true,false,false,false,false,false,false,false,{},,true,false,true,-1,true,,false
1529,268,34,74,43,2,101,D Sls U Bld,3,false,1,"{}",false,,,false,false,true,true,false,true,true,false,false,false,false,false,false,false,{},,true,false,true,-1,true,,false
1533,268,36,74,47,2,101,D COGS,8,false,1,"{}",false,,,false,false,true,true,false,true,true,false,true,false,true,false,true,false,{},,true,false,true,-1,true,,false
1517,268,52,116,31,2,101,Wgt Age ND Sls U,3,false,1,"{}",false,,,false,false,false,true,false,true,true,false,false,false,false,false,false,false,{},,true,false,true,-1,true,,false
1520,268,53,116,34,2,101,Wgt Age ND COGS,3,false,1,"{}",false,,,false,false,false,true,false,true,true,false,false,false,false,false,false,false,{},,true,false,true,-1,true,,false
1514,268,51,116,28,2,101,Wgt Age ND Sls $,3,false,1,"{}",false,,,false,false,false,true,false,true,true,false,false,false,false,false,false,false,{},,true,false,true,-1,true,,false
1573,268,81,119,87,2,101,Ttl OTB U,2,false,1,"{}",false,,,false,false,true,false,false,true,true,false,true,false,true,false,true,false,{},,true,false,true,-1,true,,false
1580,268,82,119,94,2,101,Ttl OTB AUC,6,false,1,"{}",false,,,false,false,true,false,false,true,true,false,false,false,false,false,false,false,{},,true,false,true,-1,true,,false
1577,268,73,119,91,2,101,Ttl OO AUC,6,false,1,"{}",false,,,false,false,true,false,false,true,true,false,false,false,false,false,false,false,{},,true,false,true,-1,true,,false
687,253,33,74,42,2,101,D Sls U,2,false,1,"{}",false,,,false,false,true,false,false,true,true,false,true,false,true,false,true,false,{},,true,false,true,-1,true,,false
1569,268,89,119,83,2,101,% of Rcpt $ (STK-UP),4,false,1,"{}",false,,,false,false,false,false,false,true,true,false,false,false,false,false,false,false,{},,true,false,true,-1,true,,false
1576,268,90,119,90,2,101,% of Rcpt U (STK-UP),4,false,1,"{}",false,,,false,false,false,false,false,true,true,false,false,false,false,false,false,false,{},,true,false,true,-1,true,,false
690,253,39,74,45,2,101,D DR %,4,false,1,"{}",false,,,false,false,false,false,false,true,true,false,false,false,false,false,false,false,{},,true,false,true,-1,true,,false
962,256,39,74,45,2,101,D DR %,4,false,1,"{}",false,,,false,false,false,false,false,true,true,false,false,false,false,false,false,false,{},,true,false,true,-1,true,,false
953,256,27,116,36,2,101,D Sls $ Adj Fctr,3,false,1,"{}",false,,,false,false,false,false,false,true,true,false,false,false,false,false,false,false,{},,true,false,true,-1,true,,false
1592,268,97,121,106,2,101,Avg Inv U,2,false,1,"{}",false,,,false,false,true,true,false,true,true,false,false,false,false,false,false,false,{},,true,false,true,-1,true,,false
1593,268,98,121,107,2,101,Trn $,3,false,1,"{}",false,,,false,false,true,true,false,true,true,false,false,false,false,false,false,false,{},,true,false,true,-1,true,,false
1594,268,99,121,108,2,101,Trn U,3,false,1,"{}",false,,,false,false,true,true,false,true,true,false,false,false,false,false,false,false,{},,true,false,true,-1,true,,false
959,256,33,74,42,2,101,D Sls U,2,false,1,"{}",false,,,false,false,true,true,false,true,true,false,true,false,true,false,true,false,{},,true,false,true,-1,true,,false
737,255,27,116,36,2,101,D Sls $ Adj Fctr,3,false,1,"{}",false,,,false,false,false,false,false,true,true,false,false,false,false,false,false,false,{},,true,false,true,-1,true,,false
1007,256,90,119,90,2,101,% of Rcpt U (STK-UP),4,false,1,"{}",false,,,false,false,false,false,false,true,true,false,false,false,false,false,false,false,{},,true,false,true,-1,true,,false
1108,257,89,119,83,2,101,% of Rcpt $ (STK-UP),4,false,1,"{}",false,,,false,false,false,false,false,true,true,false,false,false,false,false,false,false,{},,true,false,true,-1,true,,false
1115,257,90,119,90,2,101,% of Rcpt U (STK-UP),4,false,1,"{}",false,,,false,false,false,false,false,true,true,false,false,false,false,false,false,false,{},,true,false,true,-1,true,,false
1216,258,89,119,83,2,101,% of Rcpt $ (STK-UP),4,false,1,"{}",false,,,false,false,false,false,false,true,true,false,false,false,false,false,false,false,{},,true,false,true,-1,true,,false
1223,258,90,119,90,2,101,% of Rcpt U (STK-UP),4,false,1,"{}",false,,,false,false,false,false,false,true,true,false,false,false,false,false,false,false,{},,true,false,true,-1,true,,false
1070,257,39,74,45,2,101,D DR %,4,false,1,"{}",false,,,false,false,false,false,false,true,true,false,false,false,false,false,false,false,{},,true,false,true,-1,true,,false
1178,258,39,74,45,2,101,D DR %,4,false,1,"{}",false,,,false,false,false,false,false,true,true,false,false,false,false,false,false,false,{},,true,false,true,-1,true,,false
1061,257,27,116,36,2,101,D Sls $ Adj Fctr,3,false,1,"{}",false,,,false,false,false,false,false,true,true,false,false,false,false,false,false,false,{},,true,false,true,-1,true,,false
1169,258,27,116,36,2,101,D Sls $ Adj Fctr,3,false,1,"{}",false,,,false,false,false,false,false,true,true,false,false,false,false,false,false,false,{},,true,false,true,-1,true,,false
1067,257,33,74,42,2,101,D Sls U,2,false,1,"{}",false,,,false,false,true,true,false,true,true,false,true,false,true,false,true,false,{},,true,false,true,-1,true,,false
1175,258,33,74,42,2,101,D Sls U,2,false,1,"{}",false,,,false,false,true,true,false,true,true,false,true,false,true,false,true,false,{},,true,false,true,-1,true,,false
743,255,33,74,42,2,101,D Sls U,2,false,1,"{}",false,,,false,false,true,true,false,true,true,false,true,false,true,false,true,false,{},,true,false,true,-1,true,,false
1331,259,90,119,90,2,101,% of Rcpt U (STK-UP),4,false,1,"{}",false,,,false,false,false,false,false,true,true,false,false,false,false,false,false,false,{},,true,false,true,-1,true,,false
1364,261,33,74,42,2,101,D Sls U,2,false,1,"{}",false,,,false,false,true,false,false,true,true,false,true,false,true,false,true,false,{},,true,false,true,-1,true,,false
1461,267,89,119,83,2,101,% of Rcpt $ (STK-UP),4,false,1,"{}",false,,,false,false,false,false,false,true,true,false,false,false,false,false,false,false,{},,true,false,true,-1,true,,false
1468,267,90,119,90,2,101,% of Rcpt U (STK-UP),4,false,1,"{}",false,,,false,false,false,false,false,true,true,false,false,false,false,false,false,false,{},,true,false,true,-1,true,,false
1286,259,39,74,45,2,101,D DR %,4,false,1,"{}",false,,,false,false,false,false,false,true,true,false,false,false,false,false,false,false,{},,true,false,true,-1,true,,false
1367,261,39,74,45,2,101,D DR %,4,false,1,"{}",false,,,false,false,false,false,false,true,true,false,false,false,false,false,false,false,{},,true,false,true,-1,true,,false
1423,267,39,74,45,2,101,D DR %,4,false,1,"{}",false,,,false,false,false,false,false,true,true,false,false,false,false,false,false,false,{},,true,false,true,-1,true,,false
1531,268,39,74,45,2,101,D DR %,4,false,1,"{}",false,,,false,false,false,false,false,true,true,false,false,false,false,false,false,false,{},,true,false,true,-1,true,,false
1414,267,27,116,36,2,101,D Sls $ Adj Fctr,3,false,1,"{}",false,,,false,false,false,false,false,true,true,false,false,false,false,false,false,false,{},,true,false,true,-1,true,,false
1522,268,27,116,36,2,101,D Sls $ Adj Fctr,3,false,1,"{}",false,,,false,false,false,false,false,true,true,false,false,false,false,false,false,false,{},,true,false,true,-1,true,,false
1420,267,33,74,42,2,101,D Sls U,2,false,1,"{}",false,,,false,false,true,true,false,true,true,false,true,false,true,false,true,false,{},,true,false,true,-1,true,,false
1528,268,33,74,42,2,101,D Sls U,2,false,1,"{}",false,,,false,false,true,true,false,true,true,false,true,false,true,false,true,false,{},,true,false,true,-1,true,,false
222,252,90,119,90,2,101,% of Rcpt U (STK-UP),4,false,1,"{}",false,,,false,false,false,false,false,true,true,false,false,false,false,false,false,false,{},,true,false,true,-1,true,,false
784,255,89,119,83,2,101,% of Rcpt $ (STK-UP),4,false,1,"{}",false,,,false,false,false,false,false,true,true,false,false,false,false,false,false,false,{},,true,false,true,-1,true,,false
791,255,90,119,90,2,101,% of Rcpt U (STK-UP),4,false,1,"{}",false,,,false,false,false,false,false,true,true,false,false,false,false,false,false,false,{},,true,false,true,-1,true,,false
845,260,27,116,36,2,101,D Sls $ Adj Fctr,3,false,1,"{}",false,,,false,false,false,false,false,true,true,false,false,false,false,false,false,false,{},,true,false,true,-1,true,,false
892,260,89,119,83,2,101,% of Rcpt $ (STK-UP),4,false,1,"{}",false,,,false,false,false,false,false,true,true,false,false,false,false,false,false,false,{},,true,false,true,-1,true,,false
899,260,90,119,90,2,101,% of Rcpt U (STK-UP),4,false,1,"{}",false,,,false,false,false,false,false,true,true,false,false,false,false,false,false,false,{},,true,false,true,-1,true,,false
1,263,1,72,1,2,101,W Sls $,8,false,1,"{}",true,,1,true,true,true,true,true,true,true,true,true,true,true,true,true,true,{},,true,false,true,-1,true,,false
7,264,1,72,1,2,101,W Sls $,8,false,1,"{}",true,,,false,true,true,true,true,true,true,true,true,false,true,false,true,false,{},,true,false,true,-1,true,,false
11,264,14,72,5,2,101,W GM %,4,false,1,"{}",true,,,false,true,true,true,true,true,true,true,false,false,false,false,false,false,{},,true,false,true,-1,true,,true
13,265,1,72,1,2,101,W Sls $,8,false,1,"{}",true,,,false,true,true,true,true,true,true,true,true,false,true,false,true,false,{},,true,false,true,-1,true,,false
17,265,14,72,5,2,101,W GM %,4,false,1,"{}",true,,,false,true,true,true,true,true,true,true,false,false,false,false,false,false,{},,true,false,true,-1,true,,true
19,266,1,72,1,2,101,W Sls $,8,false,1,"{}",true,,,false,true,true,true,true,true,true,true,true,false,true,false,true,false,{},,true,false,true,-1,true,,false
23,266,14,72,5,2,101,W GM %,4,false,1,"{}",true,,,false,true,true,true,true,true,true,true,false,false,false,false,false,false,{},,true,false,true,-1,true,,true
5,263,14,72,5,2,101,W GM %,4,false,1,"{}",true,,2,true,true,true,true,true,true,true,true,false,false,false,false,false,false,{},,true,false,true,-1,true,,true
746,255,39,74,45,2,101,D DR %,4,false,1,"{}",false,,,false,false,false,false,false,true,true,false,false,false,false,false,false,false,{},,true,false,true,-1,true,,false
854,260,39,74,45,2,101,D DR %,4,false,1,"{}",false,,,false,false,false,false,false,true,true,false,false,false,false,false,false,false,{},,true,false,true,-1,true,,false
28,247,1,72,4,2,101,W Sls $,8,false,1,"{}",false,,3,true,false,true,true,true,true,true,true,true,true,true,true,true,true,{},,true,false,true,-1,true,,false
33,247,6,72,9,2,101,W Sls U,2,false,1,"{}",false,,4,true,false,true,true,true,true,true,true,true,true,true,true,true,true,{},,true,false,true,-1,true,,false
35,247,11,72,11,2,101,W AIR,6,false,1,"{}",false,,6,true,false,true,true,true,true,true,true,false,false,false,false,false,false,{},,true,false,true,-1,true,,false
1532,268,35,74,46,2,101,D AUR,6,false,1,"{}",false,,,false,false,true,true,true,true,true,true,false,false,false,false,false,false,{},,true,false,true,-1,true,,false
73,247,40,74,49,2,101,D GM %,4,false,1,"{}",false,,15,true,false,true,true,true,true,true,true,false,false,false,false,false,false,{},,true,false,true,-1,true,,false
1535,268,40,74,49,2,101,D GM %,4,false,1,"{}",false,,,false,false,true,true,true,true,true,true,false,false,false,false,false,false,{},,true,false,true,-1,true,,false
25,247,54,73,1,2,101,BOP $,8,false,1,"{}",false,,16,true,false,true,true,true,true,true,true,true,false,true,false,true,false,{},,true,true,true,-1,true,,false
26,247,55,73,2,2,101,BOP U,2,false,1,"{}",false,,17,true,false,true,true,true,true,true,true,true,false,true,false,true,false,{},,true,true,true,-1,true,,false
27,247,56,73,3,2,101,BOP AUC,6,false,1,"{}",false,,18,true,false,true,true,true,true,true,true,false,false,false,false,false,false,{},,true,true,true,-1,true,,false
1552,268,60,119,66,2,101,Ttl Rcpt $,8,false,1,"{}",false,,,false,false,true,true,true,true,true,true,true,false,true,false,true,false,{},,true,false,true,-1,true,,false
987,256,61,119,70,2,101,Ttl Rcpt U,2,false,1,"{}",false,,,false,false,true,true,true,true,true,true,true,false,true,false,true,false,{},,true,false,true,-1,true,,false
664,251,92,120,100,2,101,Inv Adj U %,4,false,1,"{}",false,,,false,false,true,true,true,true,true,true,false,false,false,false,false,false,{},,true,false,true,-1,true,,false
1583,268,93,120,97,2,101,Inv Adj $,8,false,1,"{}",false,,,false,false,true,true,true,true,true,true,true,false,true,false,true,false,{},,true,false,true,-1,true,,false
734,255,50,116,33,2,101,ND COGS,8,false,1,"{}",false,,,false,false,true,true,false,true,true,false,true,false,true,false,true,false,{},,true,false,true,-1,true,,false
685,253,31,74,40,2,101,D Sls $,8,false,1,"{}",false,,,false,false,true,false,true,true,true,true,true,false,true,false,true,false,{},,true,false,true,-1,true,,false
673,253,1,72,4,2,101,W Sls $,8,false,1,"{}",false,,,false,false,true,false,true,true,true,true,true,false,true,false,true,false,{},,true,false,true,-1,true,,false
675,253,6,72,9,2,101,W Sls U,2,false,1,"{}",false,,,false,false,true,false,true,true,true,true,true,false,true,false,true,false,{},,true,false,true,-1,true,,false
677,253,11,72,11,2,101,W AIR,6,false,1,"{}",false,,,false,false,true,false,true,true,true,true,false,false,false,false,false,false,{},,true,false,true,-1,true,,false
678,253,13,72,12,2,101,W DR %,4,false,1,"{}",false,,,false,false,true,false,true,true,true,true,false,false,false,false,false,false,{},,true,false,true,-1,true,,false
1362,261,31,74,40,2,101,D Sls $,8,false,1,"{}",false,,,false,false,true,false,true,true,true,true,true,false,true,false,true,false,{},,true,false,true,-1,true,,false
691,253,35,74,46,2,101,D AUR,6,false,1,"{}",false,,,false,false,true,false,true,true,true,true,false,false,false,false,false,false,{},,true,false,true,-1,true,,false
694,253,40,74,49,2,101,D GM %,4,false,1,"{}",false,,,false,false,true,false,true,true,true,true,false,false,false,false,false,false,{},,true,false,true,-1,true,,false
680,253,8,72,14,2,101,W AUR,6,false,1,"{}",false,,,false,false,true,false,true,true,true,true,false,false,false,false,false,false,{},,true,false,true,-1,true,,false
683,253,14,72,17,2,101,W GM %,4,false,1,"{}",false,,,false,false,true,false,true,true,true,true,false,false,false,false,false,false,{},,true,false,true,-1,true,,false
1368,261,35,74,46,2,101,D AUR,6,false,1,"{}",false,,,false,false,true,false,true,true,true,true,false,false,false,false,false,false,{},,true,false,true,-1,true,,false
1371,261,40,74,49,2,101,D GM %,4,false,1,"{}",false,,,false,false,true,false,true,true,true,true,false,false,false,false,false,false,{},,true,false,true,-1,true,,false
1350,261,1,72,4,2,101,W Sls $,8,false,1,"{}",false,,,false,false,true,false,true,true,true,true,true,false,true,false,true,false,{},,true,false,true,-1,true,,false
1352,261,6,72,9,2,101,W Sls U,2,false,1,"{}",false,,,false,false,true,false,true,true,true,true,true,false,true,false,true,false,{},,true,false,true,-1,true,,false
1354,261,11,72,11,2,101,W AIR,6,false,1,"{}",false,,,false,false,true,false,true,true,true,true,false,false,false,false,false,false,{},,true,false,true,-1,true,,false
1355,261,13,72,12,2,101,W DR %,4,false,1,"{}",false,,,false,false,true,false,true,true,true,true,false,false,false,false,false,false,{},,true,false,true,-1,true,,false
1357,261,8,72,14,2,101,W AUR,6,false,1,"{}",false,,,false,false,true,false,true,true,true,true,false,false,false,false,false,false,{},,true,false,true,-1,true,,false
1360,261,14,72,17,2,101,W GM %,4,false,1,"{}",false,,,false,false,true,false,true,true,true,true,false,false,false,false,false,false,{},,true,false,true,-1,true,,false
696,254,1,72,4,2,101,W Sls $,8,false,1,"{}",false,,,false,false,true,false,true,true,true,true,true,false,true,false,true,false,{},,true,false,true,-1,true,,false
700,254,14,72,17,2,101,W GM %,4,false,1,"{}",false,,,false,false,true,false,true,true,true,true,false,false,false,false,false,false,{},,true,false,true,-1,true,,false
1373,262,1,72,4,2,101,W Sls $,8,false,1,"{}",false,,,false,false,true,false,true,true,true,true,true,false,true,false,true,false,{},,true,false,true,-1,true,,false
1377,262,14,72,17,2,101,W GM %,4,false,1,"{}",false,,,false,false,true,false,true,true,true,true,false,false,false,false,false,false,{},,true,false,true,-1,true,,false
130,247,97,121,106,2,101,Avg Inv U,2,false,1,"{}",false,,,false,false,true,true,false,true,true,false,false,false,false,false,false,false,{},,true,false,true,-1,true,,false
131,247,98,121,107,2,101,Trn $,3,false,1,"{}",false,,,false,false,true,true,false,true,true,false,false,false,false,false,false,false,{},,true,false,true,-1,true,,false
132,247,99,121,108,2,101,Trn U,3,false,1,"{}",false,,,false,false,true,true,false,true,true,false,false,false,false,false,false,false,{},,true,false,true,-1,true,,false
137,252,2,72,5,2,101,W Sls $ Bld,3,false,1,"{}",false,,,false,false,true,true,false,true,true,false,false,false,false,false,false,false,{},,true,false,true,-1,true,,false
142,252,7,72,10,2,101,W Sls U Bld,3,false,1,"{}",false,,,false,false,true,true,false,true,true,false,false,false,false,false,false,false,{},,true,false,true,-1,true,,false
145,252,12,72,13,2,101,W IMU %,4,false,1,"{}",false,,,false,false,true,true,false,true,true,false,false,false,false,false,false,false,{},,true,false,true,-1,true,,false
173,252,32,74,41,2,101,D Sls $ Bld,3,false,1,"{}",false,,,false,false,true,true,false,true,true,false,false,false,false,false,false,false,{},,true,false,true,-1,true,,false
175,252,34,74,43,2,101,D Sls U Bld,3,false,1,"{}",false,,,false,false,true,true,false,true,true,false,false,false,false,false,false,false,{},,true,false,true,-1,true,,false
179,252,36,74,47,2,101,D COGS,8,false,1,"{}",false,,,false,false,true,true,false,true,true,false,true,false,true,false,true,false,{},,true,false,true,-1,true,,false
180,252,37,74,48,2,101,D AUC,6,false,1,"{}",false,,,false,false,true,true,false,true,true,false,false,false,false,false,false,false,{},,true,false,true,-1,true,,false
182,252,41,74,50,2,101,D GM $,8,false,1,"{}",false,,,false,false,true,true,false,true,true,false,true,false,true,false,true,false,{},,true,false,true,-1,true,,false
183,252,100,74,51,2,101,D GMROI,3,false,1,"{}",false,,,false,false,true,true,false,true,true,false,false,false,false,false,false,false,{},,true,false,true,-1,true,,false
203,252,64,119,71,2,101,STK Rcpt U,2,false,1,"{}",false,,,false,false,false,true,false,true,true,false,true,false,true,false,false,false,{},,true,false,true,-1,true,,false
204,252,67,119,72,2,101,SPO Rcpt U,2,false,1,"{}",false,,,false,false,false,true,false,true,true,false,true,false,true,false,true,false,{},,true,false,true,-1,true,,false
205,252,70,119,73,2,101,Rcpt U % of STK,4,false,1,"{}",false,,,false,false,false,true,false,true,true,false,false,false,false,false,false,false,{},,true,false,true,-1,true,,false
233,252,95,120,101,2,101,Inv Adj AUC,6,false,1,"{}",false,,,false,false,true,true,false,true,true,false,false,false,false,false,false,false,{},,true,false,true,-1,true,,false
234,252,57,121,102,2,101,EOP $,8,false,1,"{}",false,,,false,false,true,true,false,true,true,false,true,false,true,false,true,false,{},,true,false,true,-1,true,,false
235,252,58,121,103,2,101,EOP U,2,false,1,"{}",false,,,false,false,true,true,false,true,true,false,true,false,true,false,true,false,{},,true,false,true,-1,true,,false
236,252,59,121,104,2,101,EOP AUC,6,false,1,"{}",false,,,false,false,true,true,false,true,true,false,false,false,false,false,false,false,{},,true,false,true,-1,true,,false
237,252,96,121,105,2,101,Avg Inv Cst $,8,false,1,"{}",false,,,false,false,true,true,false,true,true,false,false,false,false,false,false,false,{},,true,false,true,-1,true,,false
238,252,97,121,106,2,101,Avg Inv U,2,false,1,"{}",false,,,false,false,true,true,false,true,true,false,false,false,false,false,false,false,{},,true,false,true,-1,true,,false
239,252,98,121,107,2,101,Trn $,3,false,1,"{}",false,,,false,false,true,true,false,true,true,false,false,false,false,false,false,false,{},,true,false,true,-1,true,,false
240,252,99,121,108,2,101,Trn U,3,false,1,"{}",false,,,false,false,true,true,false,true,true,false,false,false,false,false,false,false,{},,true,false,true,-1,true,,false
245,248,2,72,5,2,101,W Sls $ Bld,3,false,1,"{}",false,,,false,false,true,true,false,true,true,false,false,false,false,false,false,false,{},,true,false,true,-1,true,,false
250,248,7,72,10,2,101,W Sls U Bld,3,false,1,"{}",false,,,false,false,true,true,false,true,true,false,false,false,false,false,false,false,{},,true,false,true,-1,true,,false
253,248,12,72,13,2,101,W IMU %,4,false,1,"{}",false,,,false,false,true,true,false,true,true,false,false,false,false,false,false,false,{},,true,false,true,-1,true,,false
255,248,9,72,15,2,101,W COGS,8,false,1,"{}",false,,,false,false,true,true,false,true,true,false,true,false,true,false,true,false,{},,true,false,true,-1,true,,false
256,248,10,72,16,2,101,W AUC,6,false,1,"{}",false,,,false,false,true,true,false,true,true,false,false,false,false,false,false,false,{},,true,false,true,-1,true,,false
258,248,15,72,18,2,101,W GM $,8,false,1,"{}",false,,,false,false,true,true,false,true,true,false,true,false,true,false,true,false,{},,true,false,true,-1,true,,false
287,248,36,74,47,2,101,D COGS,8,false,1,"{}",false,,,false,false,true,true,false,true,true,false,true,false,true,false,true,false,{},,true,false,true,-1,true,,false
288,248,37,74,48,2,101,D AUC,6,false,1,"{}",false,,,false,false,true,true,false,true,true,false,false,false,false,false,false,false,{},,true,false,true,-1,true,,false
290,248,41,74,50,2,101,D GM $,8,false,1,"{}",false,,,false,false,true,true,false,true,true,false,true,false,true,false,true,false,{},,true,false,true,-1,true,,false
291,248,100,74,51,2,101,D GMROI,3,false,1,"{}",false,,,false,false,true,true,false,true,true,false,false,false,false,false,false,false,{},,true,false,true,-1,true,,false
312,248,67,119,72,2,101,SPO Rcpt U,2,false,1,"{}",false,,,false,false,false,true,false,true,true,false,true,false,true,false,true,false,{},,true,false,true,-1,true,,false
313,248,70,119,73,2,101,Rcpt U % of STK,4,false,1,"{}",false,,,false,false,false,true,false,true,true,false,false,false,false,false,false,false,{},,true,false,true,-1,true,,false
314,248,62,119,74,2,101,Ttl Rcpt AUC,6,false,1,"{}",false,,,false,false,true,true,false,true,true,false,false,false,false,false,false,false,{},,true,false,true,-1,true,,false
315,248,65,119,75,2,101,STK Rcpt AUC,6,false,1,"{}",false,,,false,false,false,true,false,true,true,false,false,false,false,false,false,false,{},,true,false,true,-1,true,,false
316,248,68,119,76,2,101,SPO Rcpt AUC,6,false,1,"{}",false,,,false,false,false,true,false,true,true,false,false,false,false,false,false,false,{},,true,false,true,-1,true,,false
282,248,33,74,42,2,101,D Sls U,2,false,1,"{}",false,,,false,false,true,true,false,true,true,false,true,false,true,false,true,false,{},,true,false,true,-1,true,,false
341,248,95,120,101,2,101,Inv Adj AUC,6,false,1,"{}",false,,,false,false,true,true,false,true,true,false,false,false,false,false,false,false,{},,true,false,true,-1,true,,false
342,248,57,121,102,2,101,EOP $,8,false,1,"{}",false,,,false,false,true,true,false,true,true,false,true,false,true,false,true,false,{},,true,false,true,-1,true,,false
343,248,58,121,103,2,101,EOP U,2,false,1,"{}",false,,,false,false,true,true,false,true,true,false,true,false,true,false,true,false,{},,true,false,true,-1,true,,false
344,248,59,121,104,2,101,EOP AUC,6,false,1,"{}",false,,,false,false,true,true,false,true,true,false,false,false,false,false,false,false,{},,true,false,true,-1,true,,false
345,248,96,121,105,2,101,Avg Inv Cst $,8,false,1,"{}",false,,,false,false,true,true,false,true,true,false,false,false,false,false,false,false,{},,true,false,true,-1,true,,false
346,248,97,121,106,2,101,Avg Inv U,2,false,1,"{}",false,,,false,false,true,true,false,true,true,false,false,false,false,false,false,false,{},,true,false,true,-1,true,,false
347,248,98,121,107,2,101,Trn $,3,false,1,"{}",false,,,false,false,true,true,false,true,true,false,false,false,false,false,false,false,{},,true,false,true,-1,true,,false
348,248,99,121,108,2,101,Trn U,3,false,1,"{}",false,,,false,false,true,true,false,true,true,false,false,false,false,false,false,false,{},,true,false,true,-1,true,,false
353,249,2,72,5,2,101,W Sls $ Bld,3,false,1,"{}",false,,,false,false,true,true,false,true,true,false,false,false,false,false,false,false,{},,true,false,true,-1,true,,false
358,249,7,72,10,2,101,W Sls U Bld,3,false,1,"{}",false,,,false,false,true,true,false,true,true,false,false,false,false,false,false,false,{},,true,false,true,-1,true,,false
361,249,12,72,13,2,101,W IMU %,4,false,1,"{}",false,,,false,false,true,true,false,true,true,false,false,false,false,false,false,false,{},,true,false,true,-1,true,,false
363,249,9,72,15,2,101,W COGS,8,false,1,"{}",false,,,false,false,true,true,false,true,true,false,true,false,true,false,true,false,{},,true,false,true,-1,true,,false
364,249,10,72,16,2,101,W AUC,6,false,1,"{}",false,,,false,false,true,true,false,true,true,false,false,false,false,false,false,false,{},,true,false,true,-1,true,,false
366,249,15,72,18,2,101,W GM $,8,false,1,"{}",false,,,false,false,true,true,false,true,true,false,true,false,true,false,true,false,{},,true,false,true,-1,true,,false
419,249,64,119,71,2,101,STK Rcpt U,2,false,1,"{}",false,,,false,false,false,true,false,true,true,false,true,false,true,false,false,false,{},,true,false,true,-1,true,,false
420,249,67,119,72,2,101,SPO Rcpt U,2,false,1,"{}",false,,,false,false,false,true,false,true,true,false,true,false,true,false,true,false,{},,true,false,true,-1,true,,false
421,249,70,119,73,2,101,Rcpt U % of STK,4,false,1,"{}",false,,,false,false,false,true,false,true,true,false,false,false,false,false,false,false,{},,true,false,true,-1,true,,false
422,249,62,119,74,2,101,Ttl Rcpt AUC,6,false,1,"{}",false,,,false,false,true,true,false,true,true,false,false,false,false,false,false,false,{},,true,false,true,-1,true,,false
423,249,65,119,75,2,101,STK Rcpt AUC,6,false,1,"{}",false,,,false,false,false,true,false,true,true,false,false,false,false,false,false,false,{},,true,false,true,-1,true,,false
424,249,68,119,76,2,101,SPO Rcpt AUC,6,false,1,"{}",false,,,false,false,false,true,false,true,true,false,false,false,false,false,false,false,{},,true,false,true,-1,true,,false
497,250,32,74,41,2,101,D Sls $ Bld,3,false,1,"{}",false,,,false,false,true,true,false,true,true,false,false,false,false,false,false,false,{},,true,false,true,-1,true,,false
523,250,63,119,67,2,101,STK Rcpt $,8,false,1,"{}",false,,,false,false,false,true,false,true,true,false,true,false,true,false,true,false,{},,true,false,true,-1,true,,false
524,250,66,119,68,2,101,SPO Rcpt $,8,false,1,"{}",false,,,false,false,false,true,false,true,true,false,true,false,true,false,true,false,{},,true,false,true,-1,true,,false
525,250,69,119,69,2,101,Rcpt $ % of STK,4,false,1,"{}",false,,,false,false,false,true,false,true,true,false,false,false,false,false,false,false,{},,true,false,true,-1,true,,false
527,250,64,119,71,2,101,STK Rcpt U,2,false,1,"{}",false,,,false,false,false,true,false,true,true,false,true,false,true,false,false,false,{},,true,false,true,-1,true,,false
528,250,67,119,72,2,101,SPO Rcpt U,2,false,1,"{}",false,,,false,false,false,true,false,true,true,false,true,false,true,false,true,false,{},,true,false,true,-1,true,,false
529,250,70,119,73,2,101,Rcpt U % of STK,4,false,1,"{}",false,,,false,false,false,true,false,true,true,false,false,false,false,false,false,false,{},,true,false,true,-1,true,,false
530,250,62,119,74,2,101,Ttl Rcpt AUC,6,false,1,"{}",false,,,false,false,true,true,false,true,true,false,false,false,false,false,false,false,{},,true,false,true,-1,true,,false
531,250,65,119,75,2,101,STK Rcpt AUC,6,false,1,"{}",false,,,false,false,false,true,false,true,true,false,false,false,false,false,false,false,{},,true,false,true,-1,true,,false
532,250,68,119,76,2,101,SPO Rcpt AUC,6,false,1,"{}",false,,,false,false,false,true,false,true,true,false,false,false,false,false,false,false,{},,true,false,true,-1,true,,false
580,251,10,72,16,2,101,W AUC,6,false,1,"{}",false,,,false,false,true,true,false,true,true,false,false,false,false,false,false,false,{},,true,false,true,-1,true,,false
582,251,15,72,18,2,101,W GM $,8,false,1,"{}",false,,,false,false,true,true,false,true,true,false,true,false,true,false,true,false,{},,true,false,true,-1,true,,false
605,251,32,74,41,2,101,D Sls $ Bld,3,false,1,"{}",false,,,false,false,true,true,false,true,true,false,false,false,false,false,false,false,{},,true,false,true,-1,true,,false
607,251,34,74,43,2,101,D Sls U Bld,3,false,1,"{}",false,,,false,false,true,true,false,true,true,false,false,false,false,false,false,false,{},,true,false,true,-1,true,,false
611,251,36,74,47,2,101,D COGS,8,false,1,"{}",false,,,false,false,true,true,false,true,true,false,true,false,true,false,true,false,{},,true,false,true,-1,true,,false
612,251,37,74,48,2,101,D AUC,6,false,1,"{}",false,,,false,false,true,true,false,true,true,false,false,false,false,false,false,false,{},,true,false,true,-1,true,,false
614,251,41,74,50,2,101,D GM $,8,false,1,"{}",false,,,false,false,true,true,false,true,true,false,true,false,true,false,true,false,{},,true,false,true,-1,true,,false
615,251,100,74,51,2,101,D GMROI,3,false,1,"{}",false,,,false,false,true,true,false,true,true,false,false,false,false,false,false,false,{},,true,false,true,-1,true,,false
631,251,63,119,67,2,101,STK Rcpt $,8,false,1,"{}",false,,,false,false,false,true,false,true,true,false,true,false,true,false,true,false,{},,true,false,true,-1,true,,false
632,251,66,119,68,2,101,SPO Rcpt $,8,false,1,"{}",false,,,false,false,false,true,false,true,true,false,true,false,true,false,true,false,{},,true,false,true,-1,true,,false
633,251,69,119,69,2,101,Rcpt $ % of STK,4,false,1,"{}",false,,,false,false,false,true,false,true,true,false,false,false,false,false,false,false,{},,true,false,true,-1,true,,false
635,251,64,119,71,2,101,STK Rcpt U,2,false,1,"{}",false,,,false,false,false,true,false,true,true,false,true,false,true,false,false,false,{},,true,false,true,-1,true,,false
636,251,67,119,72,2,101,SPO Rcpt U,2,false,1,"{}",false,,,false,false,false,true,false,true,true,false,true,false,true,false,true,false,{},,true,false,true,-1,true,,false
637,251,70,119,73,2,101,Rcpt U % of STK,4,false,1,"{}",false,,,false,false,false,true,false,true,true,false,false,false,false,false,false,false,{},,true,false,true,-1,true,,false
638,251,62,119,74,2,101,Ttl Rcpt AUC,6,false,1,"{}",false,,,false,false,true,true,false,true,true,false,false,false,false,false,false,false,{},,true,false,true,-1,true,,false
639,251,65,119,75,2,101,STK Rcpt AUC,6,false,1,"{}",false,,,false,false,false,true,false,true,true,false,false,false,false,false,false,false,{},,true,false,true,-1,true,,false
668,251,59,121,104,2,101,EOP AUC,6,false,1,"{}",false,,,false,false,true,true,false,true,true,false,false,false,false,false,false,false,{},,true,false,true,-1,true,,false
669,251,96,121,105,2,101,Avg Inv Cst $,8,false,1,"{}",false,,,false,false,true,true,false,true,true,false,false,false,false,false,false,false,{},,true,false,true,-1,true,,false
670,251,97,121,106,2,101,Avg Inv U,2,false,1,"{}",false,,,false,false,true,true,false,true,true,false,false,false,false,false,false,false,{},,true,false,true,-1,true,,false
671,251,98,121,107,2,101,Trn $,3,false,1,"{}",false,,,false,false,true,true,false,true,true,false,false,false,false,false,false,false,{},,true,false,true,-1,true,,false
672,251,99,121,108,2,101,Trn U,3,false,1,"{}",false,,,false,false,true,true,false,true,true,false,false,false,false,false,false,false,{},,true,false,true,-1,true,,false
706,255,2,72,5,2,101,W Sls $ Bld,3,false,1,"{}",false,,,false,false,true,true,false,true,true,false,false,false,false,false,false,false,{},,true,false,true,-1,true,,false
711,255,7,72,10,2,101,W Sls U Bld,3,false,1,"{}",false,,,false,false,true,true,false,true,true,false,false,false,false,false,false,false,{},,true,false,true,-1,true,,false
714,255,12,72,13,2,101,W IMU %,4,false,1,"{}",false,,,false,false,true,true,false,true,true,false,false,false,false,false,false,false,{},,true,false,true,-1,true,,false
716,255,9,72,15,2,101,W COGS,8,false,1,"{}",false,,,false,false,true,true,false,true,true,false,true,false,true,false,true,false,{},,true,false,true,-1,true,,false
717,255,10,72,16,2,101,W AUC,6,false,1,"{}",false,,,false,false,true,true,false,true,true,false,false,false,false,false,false,false,{},,true,false,true,-1,true,,false
719,255,15,72,18,2,101,W GM $,8,false,1,"{}",false,,,false,false,true,true,false,true,true,false,true,false,true,false,true,false,{},,true,false,true,-1,true,,false
748,255,36,74,47,2,101,D COGS,8,false,1,"{}",false,,,false,false,true,true,false,true,true,false,true,false,true,false,true,false,{},,true,false,true,-1,true,,false
749,255,37,74,48,2,101,D AUC,6,false,1,"{}",false,,,false,false,true,true,false,true,true,false,false,false,false,false,false,false,{},,true,false,true,-1,true,,false
768,255,63,119,67,2,101,STK Rcpt $,8,false,1,"{}",false,,,false,false,false,true,false,true,true,false,true,false,true,false,true,false,{},,true,false,true,-1,true,,false
769,255,66,119,68,2,101,SPO Rcpt $,8,false,1,"{}",false,,,false,false,false,true,false,true,true,false,true,false,true,false,true,false,{},,true,false,true,-1,true,,false
770,255,69,119,69,2,101,Rcpt $ % of STK,4,false,1,"{}",false,,,false,false,false,true,false,true,true,false,false,false,false,false,false,false,{},,true,false,true,-1,true,,false
772,255,64,119,71,2,101,STK Rcpt U,2,false,1,"{}",false,,,false,false,false,true,false,true,true,false,true,false,true,false,false,false,{},,true,false,true,-1,true,,false
773,255,67,119,72,2,101,SPO Rcpt U,2,false,1,"{}",false,,,false,false,false,true,false,true,true,false,true,false,true,false,true,false,{},,true,false,true,-1,true,,false
774,255,70,119,73,2,101,Rcpt U % of STK,4,false,1,"{}",false,,,false,false,false,true,false,true,true,false,false,false,false,false,false,false,{},,true,false,true,-1,true,,false
775,255,62,119,74,2,101,Ttl Rcpt AUC,6,false,1,"{}",false,,,false,false,true,true,false,true,true,false,false,false,false,false,false,false,{},,true,false,true,-1,true,,false
776,255,65,119,75,2,101,STK Rcpt AUC,6,false,1,"{}",false,,,false,false,false,true,false,true,true,false,false,false,false,false,false,false,{},,true,false,true,-1,true,,false
777,255,68,119,76,2,101,SPO Rcpt AUC,6,false,1,"{}",false,,,false,false,false,true,false,true,true,false,false,false,false,false,false,false,{},,true,false,true,-1,true,,false
802,255,95,120,101,2,101,Inv Adj AUC,6,false,1,"{}",false,,,false,false,true,true,false,true,true,false,false,false,false,false,false,false,{},,true,false,true,-1,true,,false
803,255,57,121,102,2,101,EOP $,8,false,1,"{}",false,,,false,false,true,true,false,true,true,false,true,false,true,false,true,false,{},,true,false,true,-1,true,,false
804,255,58,121,103,2,101,EOP U,2,false,1,"{}",false,,,false,false,true,true,false,true,true,false,true,false,true,false,true,false,{},,true,false,true,-1,true,,false
805,255,59,121,104,2,101,EOP AUC,6,false,1,"{}",false,,,false,false,true,true,false,true,true,false,false,false,false,false,false,false,{},,true,false,true,-1,true,,false
806,255,96,121,105,2,101,Avg Inv Cst $,8,false,1,"{}",false,,,false,false,true,true,false,true,true,false,false,false,false,false,false,false,{},,true,false,true,-1,true,,false
807,255,97,121,106,2,101,Avg Inv U,2,false,1,"{}",false,,,false,false,true,true,false,true,true,false,false,false,false,false,false,false,{},,true,false,true,-1,true,,false
808,255,98,121,107,2,101,Trn $,3,false,1,"{}",false,,,false,false,true,true,false,true,true,false,false,false,false,false,false,false,{},,true,false,true,-1,true,,false
809,255,99,121,108,2,101,Trn U,3,false,1,"{}",false,,,false,false,true,true,false,true,true,false,false,false,false,false,false,false,{},,true,false,true,-1,true,,false
814,260,2,72,5,2,101,W Sls $ Bld,3,false,1,"{}",false,,,false,false,true,true,false,true,true,false,false,false,false,false,false,false,{},,true,false,true,-1,true,,false
819,260,7,72,10,2,101,W Sls U Bld,3,false,1,"{}",false,,,false,false,true,true,false,true,true,false,false,false,false,false,false,false,{},,true,false,true,-1,true,,false
859,260,41,74,50,2,101,D GM $,8,false,1,"{}",false,,,false,false,true,true,false,true,true,false,true,false,true,false,true,false,{},,true,false,true,-1,true,,false
860,260,100,74,51,2,101,D GMROI,3,false,1,"{}",false,,,false,false,true,true,false,true,true,false,false,false,false,false,false,false,{},,true,false,true,-1,true,,false
876,260,63,119,67,2,101,STK Rcpt $,8,false,1,"{}",false,,,false,false,false,true,false,true,true,false,true,false,true,false,true,false,{},,true,false,true,-1,true,,false
877,260,66,119,68,2,101,SPO Rcpt $,8,false,1,"{}",false,,,false,false,false,true,false,true,true,false,true,false,true,false,true,false,{},,true,false,true,-1,true,,false
878,260,69,119,69,2,101,Rcpt $ % of STK,4,false,1,"{}",false,,,false,false,false,true,false,true,true,false,false,false,false,false,false,false,{},,true,false,true,-1,true,,false
880,260,64,119,71,2,101,STK Rcpt U,2,false,1,"{}",false,,,false,false,false,true,false,true,true,false,true,false,true,false,false,false,{},,true,false,true,-1,true,,false
881,260,67,119,72,2,101,SPO Rcpt U,2,false,1,"{}",false,,,false,false,false,true,false,true,true,false,true,false,true,false,true,false,{},,true,false,true,-1,true,,false
882,260,70,119,73,2,101,Rcpt U % of STK,4,false,1,"{}",false,,,false,false,false,true,false,true,true,false,false,false,false,false,false,false,{},,true,false,true,-1,true,,false
883,260,62,119,74,2,101,Ttl Rcpt AUC,6,false,1,"{}",false,,,false,false,true,true,false,true,true,false,false,false,false,false,false,false,{},,true,false,true,-1,true,,false
884,260,65,119,75,2,101,STK Rcpt AUC,6,false,1,"{}",false,,,false,false,false,true,false,true,true,false,false,false,false,false,false,false,{},,true,false,true,-1,true,,false
885,260,68,119,76,2,101,SPO Rcpt AUC,6,false,1,"{}",false,,,false,false,false,true,false,true,true,false,false,false,false,false,false,false,{},,true,false,true,-1,true,,false
960,256,34,74,43,2,101,D Sls U Bld,3,false,1,"{}",false,,,false,false,true,true,false,true,true,false,false,false,false,false,false,false,{},,true,false,true,-1,true,,false
964,256,36,74,47,2,101,D COGS,8,false,1,"{}",false,,,false,false,true,true,false,true,true,false,true,false,true,false,true,false,{},,true,false,true,-1,true,,false
965,256,37,74,48,2,101,D AUC,6,false,1,"{}",false,,,false,false,true,true,false,true,true,false,false,false,false,false,false,false,{},,true,false,true,-1,true,,false
984,256,63,119,67,2,101,STK Rcpt $,8,false,1,"{}",false,,,false,false,false,true,false,true,true,false,true,false,true,false,true,false,{},,true,false,true,-1,true,,false
985,256,66,119,68,2,101,SPO Rcpt $,8,false,1,"{}",false,,,false,false,false,true,false,true,true,false,true,false,true,false,true,false,{},,true,false,true,-1,true,,false
986,256,69,119,69,2,101,Rcpt $ % of STK,4,false,1,"{}",false,,,false,false,false,true,false,true,true,false,false,false,false,false,false,false,{},,true,false,true,-1,true,,false
988,256,64,119,71,2,101,STK Rcpt U,2,false,1,"{}",false,,,false,false,false,true,false,true,true,false,true,false,true,false,false,false,{},,true,false,true,-1,true,,false
989,256,67,119,72,2,101,SPO Rcpt U,2,false,1,"{}",false,,,false,false,false,true,false,true,true,false,true,false,true,false,true,false,{},,true,false,true,-1,true,,false
990,256,70,119,73,2,101,Rcpt U % of STK,4,false,1,"{}",false,,,false,false,false,true,false,true,true,false,false,false,false,false,false,false,{},,true,false,true,-1,true,,false
991,256,62,119,74,2,101,Ttl Rcpt AUC,6,false,1,"{}",false,,,false,false,true,true,false,true,true,false,false,false,false,false,false,false,{},,true,false,true,-1,true,,false
992,256,65,119,75,2,101,STK Rcpt AUC,6,false,1,"{}",false,,,false,false,false,true,false,true,true,false,false,false,false,false,false,false,{},,true,false,true,-1,true,,false
993,256,68,119,76,2,101,SPO Rcpt AUC,6,false,1,"{}",false,,,false,false,false,true,false,true,true,false,false,false,false,false,false,false,{},,true,false,true,-1,true,,false
1023,256,97,121,106,2,101,Avg Inv U,2,false,1,"{}",false,,,false,false,true,true,false,true,true,false,false,false,false,false,false,false,{},,true,false,true,-1,true,,false
1024,256,98,121,107,2,101,Trn $,3,false,1,"{}",false,,,false,false,true,true,false,true,true,false,false,false,false,false,false,false,{},,true,false,true,-1,true,,false
1066,257,32,74,41,2,101,D Sls $ Bld,3,false,1,"{}",false,,,false,false,true,true,false,true,true,false,false,false,false,false,false,false,{},,true,false,true,-1,true,,false
1068,257,34,74,43,2,101,D Sls U Bld,3,false,1,"{}",false,,,false,false,true,true,false,true,true,false,false,false,false,false,false,false,{},,true,false,true,-1,true,,false
1072,257,36,74,47,2,101,D COGS,8,false,1,"{}",false,,,false,false,true,true,false,true,true,false,true,false,true,false,true,false,{},,true,false,true,-1,true,,false
1073,257,37,74,48,2,101,D AUC,6,false,1,"{}",false,,,false,false,true,true,false,true,true,false,false,false,false,false,false,false,{},,true,false,true,-1,true,,false
1075,257,41,74,50,2,101,D GM $,8,false,1,"{}",false,,,false,false,true,true,false,true,true,false,true,false,true,false,true,false,{},,true,false,true,-1,true,,false
1076,257,100,74,51,2,101,D GMROI,3,false,1,"{}",false,,,false,false,true,true,false,true,true,false,false,false,false,false,false,false,{},,true,false,true,-1,true,,false
1098,257,70,119,73,2,101,Rcpt U % of STK,4,false,1,"{}",false,,,false,false,false,true,false,true,true,false,false,false,false,false,false,false,{},,true,false,true,-1,true,,false
1099,257,62,119,74,2,101,Ttl Rcpt AUC,6,false,1,"{}",false,,,false,false,true,true,false,true,true,false,false,false,false,false,false,false,{},,true,false,true,-1,true,,false
1100,257,65,119,75,2,101,STK Rcpt AUC,6,false,1,"{}",false,,,false,false,false,true,false,true,true,false,false,false,false,false,false,false,{},,true,false,true,-1,true,,false
1101,257,68,119,76,2,101,SPO Rcpt AUC,6,false,1,"{}",false,,,false,false,false,true,false,true,true,false,false,false,false,false,false,false,{},,true,false,true,-1,true,,false
1130,257,96,121,105,2,101,Avg Inv Cst $,8,false,1,"{}",false,,,false,false,true,true,false,true,true,false,false,false,false,false,false,false,{},,true,false,true,-1,true,,false
1131,257,97,121,106,2,101,Avg Inv U,2,false,1,"{}",false,,,false,false,true,true,false,true,true,false,false,false,false,false,false,false,{},,true,false,true,-1,true,,false
1132,257,98,121,107,2,101,Trn $,3,false,1,"{}",false,,,false,false,true,true,false,true,true,false,false,false,false,false,false,false,{},,true,false,true,-1,true,,false
1133,257,99,121,108,2,101,Trn U,3,false,1,"{}",false,,,false,false,true,true,false,true,true,false,false,false,false,false,false,false,{},,true,false,true,-1,true,,false
1138,258,2,72,5,2,101,W Sls $ Bld,3,false,1,"{}",false,,,false,false,true,true,false,true,true,false,false,false,false,false,false,false,{},,true,false,true,-1,true,,false
1174,258,32,74,41,2,101,D Sls $ Bld,3,false,1,"{}",false,,,false,false,true,true,false,true,true,false,false,false,false,false,false,false,{},,true,false,true,-1,true,,false
1176,258,34,74,43,2,101,D Sls U Bld,3,false,1,"{}",false,,,false,false,true,true,false,true,true,false,false,false,false,false,false,false,{},,true,false,true,-1,true,,false
1180,258,36,74,47,2,101,D COGS,8,false,1,"{}",false,,,false,false,true,true,false,true,true,false,true,false,true,false,true,false,{},,true,false,true,-1,true,,false
1181,258,37,74,48,2,101,D AUC,6,false,1,"{}",false,,,false,false,true,true,false,true,true,false,false,false,false,false,false,false,{},,true,false,true,-1,true,,false
1183,258,41,74,50,2,101,D GM $,8,false,1,"{}",false,,,false,false,true,true,false,true,true,false,true,false,true,false,true,false,{},,true,false,true,-1,true,,false
1184,258,100,74,51,2,101,D GMROI,3,false,1,"{}",false,,,false,false,true,true,false,true,true,false,false,false,false,false,false,false,{},,true,false,true,-1,true,,false
1200,258,63,119,67,2,101,STK Rcpt $,8,false,1,"{}",false,,,false,false,false,true,false,true,true,false,true,false,true,false,true,false,{},,true,false,true,-1,true,,false
1239,258,97,121,106,2,101,Avg Inv U,2,false,1,"{}",false,,,false,false,true,true,false,true,true,false,false,false,false,false,false,false,{},,true,false,true,-1,true,,false
1240,258,98,121,107,2,101,Trn $,3,false,1,"{}",false,,,false,false,true,true,false,true,true,false,false,false,false,false,false,false,{},,true,false,true,-1,true,,false
1241,258,99,121,108,2,101,Trn U,3,false,1,"{}",false,,,false,false,true,true,false,true,true,false,false,false,false,false,false,false,{},,true,false,true,-1,true,,false
1246,259,2,72,5,2,101,W Sls $ Bld,3,false,1,"{}",false,,,false,false,true,true,false,true,true,false,false,false,false,false,false,false,{},,true,false,true,-1,true,,false
1251,259,7,72,10,2,101,W Sls U Bld,3,false,1,"{}",false,,,false,false,true,true,false,true,true,false,false,false,false,false,false,false,{},,true,false,true,-1,true,,false
1254,259,12,72,13,2,101,W IMU %,4,false,1,"{}",false,,,false,false,true,true,false,true,true,false,false,false,false,false,false,false,{},,true,false,true,-1,true,,false
1256,259,9,72,15,2,101,W COGS,8,false,1,"{}",false,,,false,false,true,true,false,true,true,false,true,false,true,false,true,false,{},,true,false,true,-1,true,,false
1257,259,10,72,16,2,101,W AUC,6,false,1,"{}",false,,,false,false,true,true,false,true,true,false,false,false,false,false,false,false,{},,true,false,true,-1,true,,false
1259,259,15,72,18,2,101,W GM $,8,false,1,"{}",false,,,false,false,true,true,false,true,true,false,true,false,true,false,true,false,{},,true,false,true,-1,true,,false
1282,259,32,74,41,2,101,D Sls $ Bld,3,false,1,"{}",false,,,false,false,true,true,false,true,true,false,false,false,false,false,false,false,{},,true,false,true,-1,true,,false
1284,259,34,74,43,2,101,D Sls U Bld,3,false,1,"{}",false,,,false,false,true,true,false,true,true,false,false,false,false,false,false,false,{},,true,false,true,-1,true,,false
1288,259,36,74,47,2,101,D COGS,8,false,1,"{}",false,,,false,false,true,true,false,true,true,false,true,false,true,false,true,false,{},,true,false,true,-1,true,,false
1289,259,37,74,48,2,101,D AUC,6,false,1,"{}",false,,,false,false,true,true,false,true,true,false,false,false,false,false,false,false,{},,true,false,true,-1,true,,false
1291,259,41,74,50,2,101,D GM $,8,false,1,"{}",false,,,false,false,true,true,false,true,true,false,true,false,true,false,true,false,{},,true,false,true,-1,true,,false
1292,259,100,74,51,2,101,D GMROI,3,false,1,"{}",false,,,false,false,true,true,false,true,true,false,false,false,false,false,false,false,{},,true,false,true,-1,true,,false
1308,259,63,119,67,2,101,STK Rcpt $,8,false,1,"{}",false,,,false,false,false,true,false,true,true,false,true,false,true,false,true,false,{},,true,false,true,-1,true,,false
1309,259,66,119,68,2,101,SPO Rcpt $,8,false,1,"{}",false,,,false,false,false,true,false,true,true,false,true,false,true,false,true,false,{},,true,false,true,-1,true,,false
1310,259,69,119,69,2,101,Rcpt $ % of STK,4,false,1,"{}",false,,,false,false,false,true,false,true,true,false,false,false,false,false,false,false,{},,true,false,true,-1,true,,false
1312,259,64,119,71,2,101,STK Rcpt U,2,false,1,"{}",false,,,false,false,false,true,false,true,true,false,true,false,true,false,false,false,{},,true,false,true,-1,true,,false
1313,259,67,119,72,2,101,SPO Rcpt U,2,false,1,"{}",false,,,false,false,false,true,false,true,true,false,true,false,true,false,true,false,{},,true,false,true,-1,true,,false
1314,259,70,119,73,2,101,Rcpt U % of STK,4,false,1,"{}",false,,,false,false,false,true,false,true,true,false,false,false,false,false,false,false,{},,true,false,true,-1,true,,false
1315,259,62,119,74,2,101,Ttl Rcpt AUC,6,false,1,"{}",false,,,false,false,true,true,false,true,true,false,false,false,false,false,false,false,{},,true,false,true,-1,true,,false
1316,259,65,119,75,2,101,STK Rcpt AUC,6,false,1,"{}",false,,,false,false,false,true,false,true,true,false,false,false,false,false,false,false,{},,true,false,true,-1,true,,false
1317,259,68,119,76,2,101,SPO Rcpt AUC,6,false,1,"{}",false,,,false,false,false,true,false,true,true,false,false,false,false,false,false,false,{},,true,false,true,-1,true,,false
1347,259,97,121,106,2,101,Avg Inv U,2,false,1,"{}",false,,,false,false,true,true,false,true,true,false,false,false,false,false,false,false,{},,true,false,true,-1,true,,false
1348,259,98,121,107,2,101,Trn $,3,false,1,"{}",false,,,false,false,true,true,false,true,true,false,false,false,false,false,false,false,{},,true,false,true,-1,true,,false
1349,259,99,121,108,2,101,Trn U,3,false,1,"{}",false,,,false,false,true,true,false,true,true,false,false,false,false,false,false,false,{},,true,false,true,-1,true,,false
1425,267,36,74,47,2,101,D COGS,8,false,1,"{}",false,,,false,false,true,true,false,true,true,false,true,false,true,false,true,false,{},,true,false,true,-1,true,,false
1426,267,37,74,48,2,101,D AUC,6,false,1,"{}",false,,,false,false,true,true,false,true,true,false,false,false,false,false,false,false,{},,true,false,true,-1,true,,false
1428,267,41,74,50,2,101,D GM $,8,false,1,"{}",false,,,false,false,true,true,false,true,true,false,true,false,true,false,true,false,{},,true,false,true,-1,true,,false
1429,267,100,74,51,2,101,D GMROI,3,false,1,"{}",false,,,false,false,true,true,false,true,true,false,false,false,false,false,false,false,{},,true,false,true,-1,true,,false
1451,267,70,119,73,2,101,Rcpt U % of STK,4,false,1,"{}",false,,,false,false,false,true,false,true,true,false,false,false,false,false,false,false,{},,true,false,true,-1,true,,false
1452,267,62,119,74,2,101,Ttl Rcpt AUC,6,false,1,"{}",false,,,false,false,true,true,false,true,true,false,false,false,false,false,false,false,{},,true,false,true,-1,true,,false
1453,267,65,119,75,2,101,STK Rcpt AUC,6,false,1,"{}",false,,,false,false,false,true,false,true,true,false,false,false,false,false,false,false,{},,true,false,true,-1,true,,false
1454,267,68,119,76,2,101,SPO Rcpt AUC,6,false,1,"{}",false,,,false,false,false,true,false,true,true,false,false,false,false,false,false,false,{},,true,false,true,-1,true,,false
1479,267,95,120,101,2,101,Inv Adj AUC,6,false,1,"{}",false,,,false,false,true,true,false,true,true,false,false,false,false,false,false,false,{},,true,false,true,-1,true,,false
1480,267,57,121,102,2,101,EOP $,8,false,1,"{}",false,,,false,false,true,true,false,true,true,false,true,false,true,false,true,false,{},,true,false,true,-1,true,,false
1481,267,58,121,103,2,101,EOP U,2,false,1,"{}",false,,,false,false,true,true,false,true,true,false,true,false,true,false,true,false,{},,true,false,true,-1,true,,false
1482,267,59,121,104,2,101,EOP AUC,6,false,1,"{}",false,,,false,false,true,true,false,true,true,false,false,false,false,false,false,false,{},,true,false,true,-1,true,,false
1483,267,96,121,105,2,101,Avg Inv Cst $,8,false,1,"{}",false,,,false,false,true,true,false,true,true,false,false,false,false,false,false,false,{},,true,false,true,-1,true,,false
1484,267,97,121,106,2,101,Avg Inv U,2,false,1,"{}",false,,,false,false,true,true,false,true,true,false,false,false,false,false,false,false,{},,true,false,true,-1,true,,false
1485,267,98,121,107,2,101,Trn $,3,false,1,"{}",false,,,false,false,true,true,false,true,true,false,false,false,false,false,false,false,{},,true,false,true,-1,true,,false
1486,267,99,121,108,2,101,Trn U,3,false,1,"{}",false,,,false,false,true,true,false,true,true,false,false,false,false,false,false,false,{},,true,false,true,-1,true,,false
1491,268,2,72,5,2,101,W Sls $ Bld,3,false,1,"{}",false,,,false,false,true,true,false,true,true,false,false,false,false,false,false,false,{},,true,false,true,-1,true,,false
1534,268,37,74,48,2,101,D AUC,6,false,1,"{}",false,,,false,false,true,true,false,true,true,false,false,false,false,false,false,false,{},,true,false,true,-1,true,,false
1536,268,41,74,50,2,101,D GM $,8,false,1,"{}",false,,,false,false,true,true,false,true,true,false,true,false,true,false,true,false,{},,true,false,true,-1,true,,false
1537,268,100,74,51,2,101,D GMROI,3,false,1,"{}",false,,,false,false,true,true,false,true,true,false,false,false,false,false,false,false,{},,true,false,true,-1,true,,false
1553,268,63,119,67,2,101,STK Rcpt $,8,false,1,"{}",false,,,false,false,false,true,false,true,true,false,true,false,true,false,true,false,{},,true,false,true,-1,true,,false
1587,268,95,120,101,2,101,Inv Adj AUC,6,false,1,"{}",false,,,false,false,true,true,false,true,true,false,false,false,false,false,false,false,{},,true,false,true,-1,true,,false
1588,268,57,121,102,2,101,EOP $,8,false,1,"{}",false,,,false,false,true,true,false,true,true,false,true,false,true,false,true,false,{},,true,false,true,-1,true,,false
1589,268,58,121,103,2,101,EOP U,2,false,1,"{}",false,,,false,false,true,true,false,true,true,false,true,false,true,false,true,false,{},,true,false,true,-1,true,,false
1590,268,59,121,104,2,101,EOP AUC,6,false,1,"{}",false,,,false,false,true,true,false,true,true,false,false,false,false,false,false,false,{},,true,false,true,-1,true,,false
1591,268,96,121,105,2,101,Avg Inv Cst $,8,false,1,"{}",false,,,false,false,true,true,false,true,true,false,false,false,false,false,false,false,{},,true,false,true,-1,true,,false
1283,259,33,74,42,2,101,D Sls U,2,false,1,"{}",false,,,false,false,true,true,false,true,true,false,true,false,true,false,true,false,{},,true,false,true,-1,true,,false
851,260,33,74,42,2,101,D Sls U,2,false,1,"{}",false,,,false,false,true,true,false,true,true,false,true,false,true,false,true,false,{},,true,false,true,-1,true,,false
244,248,1,72,4,2,101,W Sls $,8,false,1,"{}",false,,,false,false,true,true,true,true,true,true,true,false,true,false,true,false,{},,true,false,true,-1,true,,false
352,249,1,72,4,2,101,W Sls $,8,false,1,"{}",false,,,false,false,true,true,true,true,true,true,true,false,true,false,true,false,{},,true,false,true,-1,true,,false
460,250,1,72,4,2,101,W Sls $,8,false,1,"{}",false,,,false,false,true,true,true,true,true,true,true,false,true,false,true,false,{},,true,false,true,-1,true,,false
568,251,1,72,4,2,101,W Sls $,8,false,1,"{}",false,,,false,false,true,true,true,true,true,true,true,false,true,false,true,false,{},,true,false,true,-1,true,,false
136,252,1,72,4,2,101,W Sls $,8,false,1,"{}",false,,3,true,false,true,true,true,true,true,true,true,true,true,true,true,true,{},,true,false,true,-1,true,,false
705,255,1,72,4,2,101,W Sls $,8,false,1,"{}",false,,3,true,false,true,true,true,true,true,true,true,true,true,true,true,true,{},,true,false,true,-1,true,,false
921,256,1,72,4,2,101,W Sls $,8,false,1,"{}",false,,,false,false,true,true,true,true,true,true,true,false,true,false,true,false,{},,true,false,true,-1,true,,false
1029,257,1,72,4,2,101,W Sls $,8,false,1,"{}",false,,,false,false,true,true,true,true,true,true,true,false,true,false,true,false,{},,true,false,true,-1,true,,false
1137,258,1,72,4,2,101,W Sls $,8,false,1,"{}",false,,,false,false,true,true,true,true,true,true,true,false,true,false,true,false,{},,true,false,true,-1,true,,false
1245,259,1,72,4,2,101,W Sls $,8,false,1,"{}",false,,,false,false,true,true,true,true,true,true,true,false,true,false,true,false,{},,true,false,true,-1,true,,false
813,260,1,72,4,2,101,W Sls $,8,false,1,"{}",false,,3,true,false,true,true,true,true,true,true,true,true,true,true,true,true,{},,true,false,true,-1,true,,false
1382,267,1,72,4,2,101,W Sls $,8,false,1,"{}",false,,,false,false,true,true,true,true,true,true,true,false,true,false,true,false,{},,true,false,true,-1,true,,false
1490,268,1,72,4,2,101,W Sls $,8,false,1,"{}",false,,,false,false,true,true,true,true,true,true,true,false,true,false,true,false,{},,true,false,true,-1,true,,false
249,248,6,72,9,2,101,W Sls U,2,false,1,"{}",false,,,false,false,true,true,true,true,true,true,true,false,true,false,true,false,{},,true,false,true,-1,true,,false
357,249,6,72,9,2,101,W Sls U,2,false,1,"{}",false,,,false,false,true,true,true,true,true,true,true,false,true,false,true,false,{},,true,false,true,-1,true,,false
465,250,6,72,9,2,101,W Sls U,2,false,1,"{}",false,,,false,false,true,true,true,true,true,true,true,false,true,false,true,false,{},,true,false,true,-1,true,,false
573,251,6,72,9,2,101,W Sls U,2,false,1,"{}",false,,,false,false,true,true,true,true,true,true,true,false,true,false,true,false,{},,true,false,true,-1,true,,false
141,252,6,72,9,2,101,W Sls U,2,false,1,"{}",false,,4,true,false,true,true,true,true,true,true,true,true,true,true,true,true,{},,true,false,true,-1,true,,false
710,255,6,72,9,2,101,W Sls U,2,false,1,"{}",false,,4,true,false,true,true,true,true,true,true,true,true,true,true,true,true,{},,true,false,true,-1,true,,false
926,256,6,72,9,2,101,W Sls U,2,false,1,"{}",false,,,false,false,true,true,true,true,true,true,true,false,true,false,true,false,{},,true,false,true,-1,true,,false
1034,257,6,72,9,2,101,W Sls U,2,false,1,"{}",false,,,false,false,true,true,true,true,true,true,true,false,true,false,true,false,{},,true,false,true,-1,true,,false
1142,258,6,72,9,2,101,W Sls U,2,false,1,"{}",false,,,false,false,true,true,true,true,true,true,true,false,true,false,true,false,{},,true,false,true,-1,true,,false
1250,259,6,72,9,2,101,W Sls U,2,false,1,"{}",false,,,false,false,true,true,true,true,true,true,true,false,true,false,true,false,{},,true,false,true,-1,true,,false
818,260,6,72,9,2,101,W Sls U,2,false,1,"{}",false,,4,true,false,true,true,true,true,true,true,true,true,true,true,true,true,{},,true,false,true,-1,true,,false
1387,267,6,72,9,2,101,W Sls U,2,false,1,"{}",false,,,false,false,true,true,true,true,true,true,true,false,true,false,true,false,{},,true,false,true,-1,true,,false
1495,268,6,72,9,2,101,W Sls U,2,false,1,"{}",false,,,false,false,true,true,true,true,true,true,true,false,true,false,true,false,{},,true,false,true,-1,true,,false
38,247,8,72,14,2,101,W AUR,6,false,1,"{}",false,,5,true,false,true,true,true,true,true,true,false,false,false,false,false,false,{},,true,false,true,-1,true,,false
254,248,8,72,14,2,101,W AUR,6,false,1,"{}",false,,,false,false,true,true,true,true,true,true,false,false,false,false,false,false,{},,true,false,true,-1,true,,false
362,249,8,72,14,2,101,W AUR,6,false,1,"{}",false,,,false,false,true,true,true,true,true,true,false,false,false,false,false,false,{},,true,false,true,-1,true,,false
470,250,8,72,14,2,101,W AUR,6,false,1,"{}",false,,,false,false,true,true,true,true,true,true,false,false,false,false,false,false,{},,true,false,true,-1,true,,false
578,251,8,72,14,2,101,W AUR,6,false,1,"{}",false,,,false,false,true,true,true,true,true,true,false,false,false,false,false,false,{},,true,false,true,-1,true,,false
146,252,8,72,14,2,101,W AUR,6,false,1,"{}",false,,5,true,false,true,true,true,true,true,true,false,false,false,false,false,false,{},,true,false,true,-1,true,,false
715,255,8,72,14,2,101,W AUR,6,false,1,"{}",false,,5,true,false,true,true,true,true,true,true,false,false,false,false,false,false,{},,true,false,true,-1,true,,false
931,256,8,72,14,2,101,W AUR,6,false,1,"{}",false,,,false,false,true,true,true,true,true,true,false,false,false,false,false,false,{},,true,false,true,-1,true,,false
1039,257,8,72,14,2,101,W AUR,6,false,1,"{}",false,,,false,false,true,true,true,true,true,true,false,false,false,false,false,false,{},,true,false,true,-1,true,,false
1147,258,8,72,14,2,101,W AUR,6,false,1,"{}",false,,,false,false,true,true,true,true,true,true,false,false,false,false,false,false,{},,true,false,true,-1,true,,false
1255,259,8,72,14,2,101,W AUR,6,false,1,"{}",false,,,false,false,true,true,true,true,true,true,false,false,false,false,false,false,{},,true,false,true,-1,true,,false
823,260,8,72,14,2,101,W AUR,6,false,1,"{}",false,,5,true,false,true,true,true,true,true,true,false,false,false,false,false,false,{},,true,false,true,-1,true,,false
1392,267,8,72,14,2,101,W AUR,6,false,1,"{}",false,,,false,false,true,true,true,true,true,true,false,false,false,false,false,false,{},,true,false,true,-1,true,,false
1500,268,8,72,14,2,101,W AUR,6,false,1,"{}",false,,,false,false,true,true,true,true,true,true,false,false,false,false,false,false,{},,true,false,true,-1,true,,false
251,248,11,72,11,2,101,W AIR,6,false,1,"{}",false,,,false,false,true,true,true,true,true,true,false,false,false,false,false,false,{},,true,false,true,-1,true,,false
359,249,11,72,11,2,101,W AIR,6,false,1,"{}",false,,,false,false,true,true,true,true,true,true,false,false,false,false,false,false,{},,true,false,true,-1,true,,false
467,250,11,72,11,2,101,W AIR,6,false,1,"{}",false,,,false,false,true,true,true,true,true,true,false,false,false,false,false,false,{},,true,false,true,-1,true,,false
575,251,11,72,11,2,101,W AIR,6,false,1,"{}",false,,,false,false,true,true,true,true,true,true,false,false,false,false,false,false,{},,true,false,true,-1,true,,false
143,252,11,72,11,2,101,W AIR,6,false,1,"{}",false,,6,true,false,true,true,true,true,true,true,false,false,false,false,false,false,{},,true,false,true,-1,true,,false
712,255,11,72,11,2,101,W AIR,6,false,1,"{}",false,,6,true,false,true,true,true,true,true,true,false,false,false,false,false,false,{},,true,false,true,-1,true,,false
928,256,11,72,11,2,101,W AIR,6,false,1,"{}",false,,,false,false,true,true,true,true,true,true,false,false,false,false,false,false,{},,true,false,true,-1,true,,false
1036,257,11,72,11,2,101,W AIR,6,false,1,"{}",false,,,false,false,true,true,true,true,true,true,false,false,false,false,false,false,{},,true,false,true,-1,true,,false
1144,258,11,72,11,2,101,W AIR,6,false,1,"{}",false,,,false,false,true,true,true,true,true,true,false,false,false,false,false,false,{},,true,false,true,-1,true,,false
1252,259,11,72,11,2,101,W AIR,6,false,1,"{}",false,,,false,false,true,true,true,true,true,true,false,false,false,false,false,false,{},,true,false,true,-1,true,,false
820,260,11,72,11,2,101,W AIR,6,false,1,"{}",false,,6,true,false,true,true,true,true,true,true,false,false,false,false,false,false,{},,true,false,true,-1,true,,false
1389,267,11,72,11,2,101,W AIR,6,false,1,"{}",false,,,false,false,true,true,true,true,true,true,false,false,false,false,false,false,{},,true,false,true,-1,true,,false
1497,268,11,72,11,2,101,W AIR,6,false,1,"{}",false,,,false,false,true,true,true,true,true,true,false,false,false,false,false,false,{},,true,false,true,-1,true,,false
36,247,13,72,12,2,101,W DR %,4,false,1,"{}",false,,7,true,false,true,true,true,true,true,true,false,false,false,false,false,false,{},,true,false,true,-1,true,,false
252,248,13,72,12,2,101,W DR %,4,false,1,"{}",false,,,false,false,true,true,true,true,true,true,false,false,false,false,false,false,{},,true,false,true,-1,true,,false
360,249,13,72,12,2,101,W DR %,4,false,1,"{}",false,,,false,false,true,true,true,true,true,true,false,false,false,false,false,false,{},,true,false,true,-1,true,,false
468,250,13,72,12,2,101,W DR %,4,false,1,"{}",false,,,false,false,true,true,true,true,true,true,false,false,false,false,false,false,{},,true,false,true,-1,true,,false
576,251,13,72,12,2,101,W DR %,4,false,1,"{}",false,,,false,false,true,true,true,true,true,true,false,false,false,false,false,false,{},,true,false,true,-1,true,,false
144,252,13,72,12,2,101,W DR %,4,false,1,"{}",false,,7,true,false,true,true,true,true,true,true,false,false,false,false,false,false,{},,true,false,true,-1,true,,false
713,255,13,72,12,2,101,W DR %,4,false,1,"{}",false,,7,true,false,true,true,true,true,true,true,false,false,false,false,false,false,{},,true,false,true,-1,true,,false
929,256,13,72,12,2,101,W DR %,4,false,1,"{}",false,,,false,false,true,true,true,true,true,true,false,false,false,false,false,false,{},,true,false,true,-1,true,,false
1037,257,13,72,12,2,101,W DR %,4,false,1,"{}",false,,,false,false,true,true,true,true,true,true,false,false,false,false,false,false,{},,true,false,true,-1,true,,false
1145,258,13,72,12,2,101,W DR %,4,false,1,"{}",false,,,false,false,true,true,true,true,true,true,false,false,false,false,false,false,{},,true,false,true,-1,true,,false
1253,259,13,72,12,2,101,W DR %,4,false,1,"{}",false,,,false,false,true,true,true,true,true,true,false,false,false,false,false,false,{},,true,false,true,-1,true,,false
821,260,13,72,12,2,101,W DR %,4,false,1,"{}",false,,7,true,false,true,true,true,true,true,true,false,false,false,false,false,false,{},,true,false,true,-1,true,,false
1390,267,13,72,12,2,101,W DR %,4,false,1,"{}",false,,,false,false,true,true,true,true,true,true,false,false,false,false,false,false,{},,true,false,true,-1,true,,false
1498,268,13,72,12,2,101,W DR %,4,false,1,"{}",false,,,false,false,true,true,true,true,true,true,false,false,false,false,false,false,{},,true,false,true,-1,true,,false
41,247,14,72,17,2,101,W GM %,4,false,1,"{}",false,,8,true,false,true,true,true,true,true,true,false,false,false,false,false,false,{},,true,false,true,-1,true,,false
257,248,14,72,17,2,101,W GM %,4,false,1,"{}",false,,,false,false,true,true,true,true,true,true,false,false,false,false,false,false,{},,true,false,true,-1,true,,false
365,249,14,72,17,2,101,W GM %,4,false,1,"{}",false,,,false,false,true,true,true,true,true,true,false,false,false,false,false,false,{},,true,false,true,-1,true,,false
473,250,14,72,17,2,101,W GM %,4,false,1,"{}",false,,,false,false,true,true,true,true,true,true,false,false,false,false,false,false,{},,true,false,true,-1,true,,false
581,251,14,72,17,2,101,W GM %,4,false,1,"{}",false,,,false,false,true,true,true,true,true,true,false,false,false,false,false,false,{},,true,false,true,-1,true,,false
149,252,14,72,17,2,101,W GM %,4,false,1,"{}",false,,8,true,false,true,true,true,true,true,true,false,false,false,false,false,false,{},,true,false,true,-1,true,,false
718,255,14,72,17,2,101,W GM %,4,false,1,"{}",false,,8,true,false,true,true,true,true,true,true,false,false,false,false,false,false,{},,true,false,true,-1,true,,false
934,256,14,72,17,2,101,W GM %,4,false,1,"{}",false,,,false,false,true,true,true,true,true,true,false,false,false,false,false,false,{},,true,false,true,-1,true,,false
1042,257,14,72,17,2,101,W GM %,4,false,1,"{}",false,,,false,false,true,true,true,true,true,true,false,false,false,false,false,false,{},,true,false,true,-1,true,,false
1150,258,14,72,17,2,101,W GM %,4,false,1,"{}",false,,,false,false,true,true,true,true,true,true,false,false,false,false,false,false,{},,true,false,true,-1,true,,false
1258,259,14,72,17,2,101,W GM %,4,false,1,"{}",false,,,false,false,true,true,true,true,true,true,false,false,false,false,false,false,{},,true,false,true,-1,true,,false
826,260,14,72,17,2,101,W GM %,4,false,1,"{}",false,,8,true,false,true,true,true,true,true,true,false,false,false,false,false,false,{},,true,false,true,-1,true,,false
1395,267,14,72,17,2,101,W GM %,4,false,1,"{}",false,,,false,false,true,true,true,true,true,true,false,false,false,false,false,false,{},,true,false,true,-1,true,,false
1503,268,14,72,17,2,101,W GM %,4,false,1,"{}",false,,,false,false,true,true,true,true,true,true,false,false,false,false,false,false,{},,true,false,true,-1,true,,false
63,247,30,116,39,2,101,D/ND Ratio,3,false,1,"{}",false,,10,true,false,true,true,true,true,true,true,false,false,false,false,false,false,{},,true,false,true,-1,true,,false
279,248,30,116,39,2,101,D/ND Ratio,3,false,1,"{}",false,,,false,false,true,true,true,true,true,true,false,false,false,false,false,false,{},,true,false,true,-1,true,,false
387,249,30,116,39,2,101,D/ND Ratio,3,false,1,"{}",false,,,false,false,true,true,true,true,true,true,false,false,false,false,false,false,{},,true,false,true,-1,true,,false
495,250,30,116,39,2,101,D/ND Ratio,3,false,1,"{}",false,,,false,false,true,true,true,true,true,true,false,false,false,false,false,false,{},,true,false,true,-1,true,,false
603,251,30,116,39,2,101,D/ND Ratio,3,false,1,"{}",false,,,false,false,true,true,true,true,true,true,false,false,false,false,false,false,{},,true,false,true,-1,true,,false
171,252,30,116,39,2,101,D/ND Ratio,3,false,1,"{}",false,,10,true,false,true,true,true,true,true,true,false,false,false,false,false,false,{},,true,false,true,-1,true,,false
740,255,30,116,39,2,101,D/ND Ratio,3,false,1,"{}",false,,10,true,false,true,true,true,true,true,true,false,false,false,false,false,false,{},,true,false,true,-1,true,,false
956,256,30,116,39,2,101,D/ND Ratio,3,false,1,"{}",false,,,false,false,true,true,true,true,true,true,false,false,false,false,false,false,{},,true,false,true,-1,true,,false
1064,257,30,116,39,2,101,D/ND Ratio,3,false,1,"{}",false,,,false,false,true,true,true,true,true,true,false,false,false,false,false,false,{},,true,false,true,-1,true,,false
1172,258,30,116,39,2,101,D/ND Ratio,3,false,1,"{}",false,,,false,false,true,true,true,true,true,true,false,false,false,false,false,false,{},,true,false,true,-1,true,,false
1280,259,30,116,39,2,101,D/ND Ratio,3,false,1,"{}",false,,,false,false,true,true,true,true,true,true,false,false,false,false,false,false,{},,true,false,true,-1,true,,false
848,260,30,116,39,2,101,D/ND Ratio,3,false,1,"{}",false,,10,true,false,true,true,true,true,true,true,false,false,false,false,false,false,{},,true,false,true,-1,true,,false
1417,267,30,116,39,2,101,D/ND Ratio,3,false,1,"{}",false,,,false,false,true,true,true,true,true,true,false,false,false,false,false,false,{},,true,false,true,-1,true,,false
1525,268,30,116,39,2,101,D/ND Ratio,3,false,1,"{}",false,,,false,false,true,true,true,true,true,true,false,false,false,false,false,false,{},,true,false,true,-1,true,,false
64,247,31,74,40,2,101,D Sls $,8,false,1,"{}",false,,11,true,false,true,true,true,true,true,true,true,true,true,true,true,true,{},,true,false,true,-1,true,,false
280,248,31,74,40,2,101,D Sls $,8,false,1,"{}",false,,,false,false,true,true,true,true,true,true,true,false,true,false,true,false,{},,true,false,true,-1,true,,false
388,249,31,74,40,2,101,D Sls $,8,false,1,"{}",false,,,false,false,true,true,true,true,true,true,true,false,true,false,true,false,{},,true,false,true,-1,true,,false
496,250,31,74,40,2,101,D Sls $,8,false,1,"{}",false,,,false,false,true,true,true,true,true,true,true,false,true,false,true,false,{},,true,false,true,-1,true,,false
604,251,31,74,40,2,101,D Sls $,8,false,1,"{}",false,,,false,false,true,true,true,true,true,true,true,false,true,false,true,false,{},,true,false,true,-1,true,,false
172,252,31,74,40,2,101,D Sls $,8,false,1,"{}",false,,11,true,false,true,true,true,true,true,true,true,true,true,true,true,true,{},,true,false,true,-1,true,,false
741,255,31,74,40,2,101,D Sls $,8,false,1,"{}",false,,11,true,false,true,true,true,true,true,true,true,true,true,true,true,true,{},,true,false,true,-1,true,,false
957,256,31,74,40,2,101,D Sls $,8,false,1,"{}",false,,,false,false,true,true,true,true,true,true,true,false,true,false,true,false,{},,true,false,true,-1,true,,false
1065,257,31,74,40,2,101,D Sls $,8,false,1,"{}",false,,,false,false,true,true,true,true,true,true,true,false,true,false,true,false,{},,true,false,true,-1,true,,false
1173,258,31,74,40,2,101,D Sls $,8,false,1,"{}",false,,,false,false,true,true,true,true,true,true,true,false,true,false,true,false,{},,true,false,true,-1,true,,false
1281,259,31,74,40,2,101,D Sls $,8,false,1,"{}",false,,,false,false,true,true,true,true,true,true,true,false,true,false,true,false,{},,true,false,true,-1,true,,false
849,260,31,74,40,2,101,D Sls $,8,false,1,"{}",false,,11,true,false,true,true,true,true,true,true,true,true,true,true,true,true,{},,true,false,true,-1,true,,false
1418,267,31,74,40,2,101,D Sls $,8,false,1,"{}",false,,,false,false,true,true,true,true,true,true,true,false,true,false,true,false,{},,true,false,true,-1,true,,false
1526,268,31,74,40,2,101,D Sls $,8,false,1,"{}",false,,,false,false,true,true,true,true,true,true,true,false,true,false,true,false,{},,true,false,true,-1,true,,false
70,247,35,74,46,2,101,D AUR,6,false,1,"{}",false,,13,true,false,true,true,true,true,true,true,false,false,false,false,false,false,{},,true,false,true,-1,true,,false
286,248,35,74,46,2,101,D AUR,6,false,1,"{}",false,,,false,false,true,true,true,true,true,true,false,false,false,false,false,false,{},,true,false,true,-1,true,,false
394,249,35,74,46,2,101,D AUR,6,false,1,"{}",false,,,false,false,true,true,true,true,true,true,false,false,false,false,false,false,{},,true,false,true,-1,true,,false
502,250,35,74,46,2,101,D AUR,6,false,1,"{}",false,,,false,false,true,true,true,true,true,true,false,false,false,false,false,false,{},,true,false,true,-1,true,,false
610,251,35,74,46,2,101,D AUR,6,false,1,"{}",false,,,false,false,true,true,true,true,true,true,false,false,false,false,false,false,{},,true,false,true,-1,true,,false
178,252,35,74,46,2,101,D AUR,6,false,1,"{}",false,,13,true,false,true,true,true,true,true,true,false,false,false,false,false,false,{},,true,false,true,-1,true,,false
747,255,35,74,46,2,101,D AUR,6,false,1,"{}",false,,13,true,false,true,true,true,true,true,true,false,false,false,false,false,false,{},,true,false,true,-1,true,,false
963,256,35,74,46,2,101,D AUR,6,false,1,"{}",false,,,false,false,true,true,true,true,true,true,false,false,false,false,false,false,{},,true,false,true,-1,true,,false
1071,257,35,74,46,2,101,D AUR,6,false,1,"{}",false,,,false,false,true,true,true,true,true,true,false,false,false,false,false,false,{},,true,false,true,-1,true,,false
1179,258,35,74,46,2,101,D AUR,6,false,1,"{}",false,,,false,false,true,true,true,true,true,true,false,false,false,false,false,false,{},,true,false,true,-1,true,,false
1287,259,35,74,46,2,101,D AUR,6,false,1,"{}",false,,,false,false,true,true,true,true,true,true,false,false,false,false,false,false,{},,true,false,true,-1,true,,false
855,260,35,74,46,2,101,D AUR,6,false,1,"{}",false,,13,true,false,true,true,true,true,true,true,false,false,false,false,false,false,{},,true,false,true,-1,true,,false
1424,267,35,74,46,2,101,D AUR,6,false,1,"{}",false,,,false,false,true,true,true,true,true,true,false,false,false,false,false,false,{},,true,false,true,-1,true,,false
289,248,40,74,49,2,101,D GM %,4,false,1,"{}",false,,,false,false,true,true,true,true,true,true,false,false,false,false,false,false,{},,true,false,true,-1,true,,false
397,249,40,74,49,2,101,D GM %,4,false,1,"{}",false,,,false,false,true,true,true,true,true,true,false,false,false,false,false,false,{},,true,false,true,-1,true,,false
505,250,40,74,49,2,101,D GM %,4,false,1,"{}",false,,,false,false,true,true,true,true,true,true,false,false,false,false,false,false,{},,true,false,true,-1,true,,false
613,251,40,74,49,2,101,D GM %,4,false,1,"{}",false,,,false,false,true,true,true,true,true,true,false,false,false,false,false,false,{},,true,false,true,-1,true,,false
181,252,40,74,49,2,101,D GM %,4,false,1,"{}",false,,15,true,false,true,true,true,true,true,true,false,false,false,false,false,false,{},,true,false,true,-1,true,,false
750,255,40,74,49,2,101,D GM %,4,false,1,"{}",false,,15,true,false,true,true,true,true,true,true,false,false,false,false,false,false,{},,true,false,true,-1,true,,false
966,256,40,74,49,2,101,D GM %,4,false,1,"{}",false,,,false,false,true,true,true,true,true,true,false,false,false,false,false,false,{},,true,false,true,-1,true,,false
1074,257,40,74,49,2,101,D GM %,4,false,1,"{}",false,,,false,false,true,true,true,true,true,true,false,false,false,false,false,false,{},,true,false,true,-1,true,,false
1182,258,40,74,49,2,101,D GM %,4,false,1,"{}",false,,,false,false,true,true,true,true,true,true,false,false,false,false,false,false,{},,true,false,true,-1,true,,false
1290,259,40,74,49,2,101,D GM %,4,false,1,"{}",false,,,false,false,true,true,true,true,true,true,false,false,false,false,false,false,{},,true,false,true,-1,true,,false
858,260,40,74,49,2,101,D GM %,4,false,1,"{}",false,,15,true,false,true,true,true,true,true,true,false,false,false,false,false,false,{},,true,false,true,-1,true,,false
1427,267,40,74,49,2,101,D GM %,4,false,1,"{}",false,,,false,false,true,true,true,true,true,true,false,false,false,false,false,false,{},,true,false,true,-1,true,,false
241,248,54,73,1,2,101,BOP $,8,false,1,"{}",false,,,false,false,true,true,true,true,true,true,true,false,true,false,true,false,{},,true,false,true,-1,true,,false
349,249,54,73,1,2,101,BOP $,8,false,1,"{}",false,,,false,false,true,true,true,true,true,true,true,false,true,false,true,false,{},,true,false,true,-1,true,,false
457,250,54,73,1,2,101,BOP $,8,false,1,"{}",false,,,false,false,true,true,true,true,true,true,true,false,true,false,true,false,{},,true,false,true,-1,true,,false
565,251,54,73,1,2,101,BOP $,8,false,1,"{}",false,,,false,false,true,true,true,true,true,true,true,false,true,false,true,false,{},,true,false,true,-1,true,,false
133,252,54,73,1,2,101,BOP $,8,false,1,"{}",false,,16,true,false,true,true,true,true,true,true,true,false,true,false,true,false,{},,true,true,true,-1,true,,false
702,255,54,73,1,2,101,BOP $,8,false,1,"{}",false,,16,true,false,true,true,true,true,true,true,true,false,true,false,true,false,{},,true,true,true,-1,true,,false
918,256,54,73,1,2,101,BOP $,8,false,1,"{}",false,,,false,false,true,true,true,true,true,true,true,false,true,false,true,false,{},,true,false,true,-1,true,,false
1026,257,54,73,1,2,101,BOP $,8,false,1,"{}",false,,,false,false,true,true,true,true,true,true,true,false,true,false,true,false,{},,true,false,true,-1,true,,false
1134,258,54,73,1,2,101,BOP $,8,false,1,"{}",false,,,false,false,true,true,true,true,true,true,true,false,true,false,true,false,{},,true,false,true,-1,true,,false
1242,259,54,73,1,2,101,BOP $,8,false,1,"{}",false,,,false,false,true,true,true,true,true,true,true,false,true,false,true,false,{},,true,false,true,-1,true,,false
810,260,54,73,1,2,101,BOP $,8,false,1,"{}",false,,16,true,false,true,true,true,true,true,true,true,false,true,false,true,false,{},,true,true,true,-1,true,,false
1379,267,54,73,1,2,101,BOP $,8,false,1,"{}",false,,,false,false,true,true,true,true,true,true,true,false,true,false,true,false,{},,true,false,true,-1,true,,false
1487,268,54,73,1,2,101,BOP $,8,false,1,"{}",false,,,false,false,true,true,true,true,true,true,true,false,true,false,true,false,{},,true,false,true,-1,true,,false
242,248,55,73,2,2,101,BOP U,2,false,1,"{}",false,,,false,false,true,true,true,true,true,true,true,false,true,false,true,false,{},,true,false,true,-1,true,,false
350,249,55,73,2,2,101,BOP U,2,false,1,"{}",false,,,false,false,true,true,true,true,true,true,true,false,true,false,true,false,{},,true,false,true,-1,true,,false
458,250,55,73,2,2,101,BOP U,2,false,1,"{}",false,,,false,false,true,true,true,true,true,true,true,false,true,false,true,false,{},,true,false,true,-1,true,,false
566,251,55,73,2,2,101,BOP U,2,false,1,"{}",false,,,false,false,true,true,true,true,true,true,true,false,true,false,true,false,{},,true,false,true,-1,true,,false
134,252,55,73,2,2,101,BOP U,2,false,1,"{}",false,,17,true,false,true,true,true,true,true,true,true,false,true,false,true,false,{},,true,true,true,-1,true,,false
839,260,49,116,30,2,101,ND Sls U,2,false,1,"{}",false,,,false,false,true,true,false,true,true,false,true,false,true,false,true,false,{},,true,false,true,-1,true,,false
842,260,50,116,33,2,101,ND COGS,8,false,1,"{}",false,,,false,false,true,true,false,true,true,false,true,false,true,false,true,false,{},,true,false,true,-1,true,,false
944,256,48,116,27,2,101,ND Sls $,8,false,1,"{}",false,,,false,false,true,true,false,true,true,false,true,false,true,false,true,false,{},,true,false,true,-1,true,,false
51,247,48,116,27,2,101,ND Sls $,8,false,1,"{}",false,,,false,false,true,true,false,true,true,false,true,false,true,false,true,false,{},,true,false,true,-1,true,,false
267,248,48,116,27,2,101,ND Sls $,8,false,1,"{}",false,,,false,false,true,true,false,true,true,false,true,false,true,false,true,false,{},,true,false,true,-1,true,,false
270,248,49,116,30,2,101,ND Sls U,2,false,1,"{}",false,,,false,false,true,true,false,true,true,false,true,false,true,false,true,false,{},,true,false,true,-1,true,,false
273,248,50,116,33,2,101,ND COGS,8,false,1,"{}",false,,,false,false,true,true,false,true,true,false,true,false,true,false,true,false,{},,true,false,true,-1,true,,false
375,249,48,116,27,2,101,ND Sls $,8,false,1,"{}",false,,,false,false,true,true,false,true,true,false,true,false,true,false,true,false,{},,true,false,true,-1,true,,false
378,249,49,116,30,2,101,ND Sls U,2,false,1,"{}",false,,,false,false,true,true,false,true,true,false,true,false,true,false,true,false,{},,true,false,true,-1,true,,false
836,260,48,116,27,2,101,ND Sls $,8,false,1,"{}",false,,,false,false,true,true,false,true,true,false,true,false,true,false,true,false,{},,true,false,true,-1,true,,false
57,247,50,116,33,2,101,ND COGS,8,false,1,"{}",false,,,false,false,true,true,false,true,true,false,true,false,true,false,true,false,{},,true,false,true,-1,true,,false
381,249,50,116,33,2,101,ND COGS,8,false,1,"{}",false,,,false,false,true,true,false,true,true,false,true,false,true,false,true,false,{},,true,false,true,-1,true,,false
483,250,48,116,27,2,101,ND Sls $,8,false,1,"{}",false,,,false,false,true,true,false,true,true,false,true,false,true,false,true,false,{},,true,false,true,-1,true,,false
486,250,49,116,30,2,101,ND Sls U,2,false,1,"{}",false,,,false,false,true,true,false,true,true,false,true,false,true,false,true,false,{},,true,false,true,-1,true,,false
489,250,50,116,33,2,101,ND COGS,8,false,1,"{}",false,,,false,false,true,true,false,true,true,false,true,false,true,false,true,false,{},,true,false,true,-1,true,,false
591,251,48,116,27,2,101,ND Sls $,8,false,1,"{}",false,,,false,false,true,true,false,true,true,false,true,false,true,false,true,false,{},,true,false,true,-1,true,,false
594,251,49,116,30,2,101,ND Sls U,2,false,1,"{}",false,,,false,false,true,true,false,true,true,false,true,false,true,false,true,false,{},,true,false,true,-1,true,,false
597,251,50,116,33,2,101,ND COGS,8,false,1,"{}",false,,,false,false,true,true,false,true,true,false,true,false,true,false,true,false,{},,true,false,true,-1,true,,false
731,255,49,116,30,2,101,ND Sls U,2,false,1,"{}",false,,,false,false,true,true,false,true,true,false,true,false,true,false,true,false,{},,true,false,true,-1,true,,false
947,256,49,116,30,2,101,ND Sls U,2,false,1,"{}",false,,,false,false,true,true,false,true,true,false,true,false,true,false,true,false,{},,true,false,true,-1,true,,false
950,256,50,116,33,2,101,ND COGS,8,false,1,"{}",false,,,false,false,true,true,false,true,true,false,true,false,true,false,true,false,{},,true,false,true,-1,true,,false
1052,257,48,116,27,2,101,ND Sls $,8,false,1,"{}",false,,,false,false,true,true,false,true,true,false,true,false,true,false,true,false,{},,true,false,true,-1,true,,false
1055,257,49,116,30,2,101,ND Sls U,2,false,1,"{}",false,,,false,false,true,true,false,true,true,false,true,false,true,false,true,false,{},,true,false,true,-1,true,,false
1058,257,50,116,33,2,101,ND COGS,8,false,1,"{}",false,,,false,false,true,true,false,true,true,false,true,false,true,false,true,false,{},,true,false,true,-1,true,,false
1160,258,48,116,27,2,101,ND Sls $,8,false,1,"{}",false,,,false,false,true,true,false,true,true,false,true,false,true,false,true,false,{},,true,false,true,-1,true,,false
1163,258,49,116,30,2,101,ND Sls U,2,false,1,"{}",false,,,false,false,true,true,false,true,true,false,true,false,true,false,true,false,{},,true,false,true,-1,true,,false
1166,258,50,116,33,2,101,ND COGS,8,false,1,"{}",false,,,false,false,true,true,false,true,true,false,true,false,true,false,true,false,{},,true,false,true,-1,true,,false
1268,259,48,116,27,2,101,ND Sls $,8,false,1,"{}",false,,,false,false,true,true,false,true,true,false,true,false,true,false,true,false,{},,true,false,true,-1,true,,false
1271,259,49,116,30,2,101,ND Sls U,2,false,1,"{}",false,,,false,false,true,true,false,true,true,false,true,false,true,false,true,false,{},,true,false,true,-1,true,,false
1274,259,50,116,33,2,101,ND COGS,8,false,1,"{}",false,,,false,false,true,true,false,true,true,false,true,false,true,false,true,false,{},,true,false,true,-1,true,,false
1405,267,48,116,27,2,101,ND Sls $,8,false,1,"{}",false,,,false,false,true,true,false,true,true,false,true,false,true,false,true,false,{},,true,false,true,-1,true,,false
1408,267,49,116,30,2,101,ND Sls U,2,false,1,"{}",false,,,false,false,true,true,false,true,true,false,true,false,true,false,true,false,{},,true,false,true,-1,true,,false
1411,267,50,116,33,2,101,ND COGS,8,false,1,"{}",false,,,false,false,true,true,false,true,true,false,true,false,true,false,true,false,{},,true,false,true,-1,true,,false
1513,268,48,116,27,2,101,ND Sls $,8,false,1,"{}",false,,,false,false,true,true,false,true,true,false,true,false,true,false,true,false,{},,true,false,true,-1,true,,false
1516,268,49,116,30,2,101,ND Sls U,2,false,1,"{}",false,,,false,false,true,true,false,true,true,false,true,false,true,false,true,false,{},,true,false,true,-1,true,,false
1519,268,50,116,33,2,101,ND COGS,8,false,1,"{}",false,,,false,false,true,true,false,true,true,false,true,false,true,false,true,false,{},,true,false,true,-1,true,,false
703,255,55,73,2,2,101,BOP U,2,false,1,"{}",false,,17,true,false,true,true,true,true,true,true,true,false,true,false,true,false,{},,true,true,true,-1,true,,false
919,256,55,73,2,2,101,BOP U,2,false,1,"{}",false,,,false,false,true,true,true,true,true,true,true,false,true,false,true,false,{},,true,false,true,-1,true,,false
1027,257,55,73,2,2,101,BOP U,2,false,1,"{}",false,,,false,false,true,true,true,true,true,true,true,false,true,false,true,false,{},,true,false,true,-1,true,,false
1135,258,55,73,2,2,101,BOP U,2,false,1,"{}",false,,,false,false,true,true,true,true,true,true,true,false,true,false,true,false,{},,true,false,true,-1,true,,false
1243,259,55,73,2,2,101,BOP U,2,false,1,"{}",false,,,false,false,true,true,true,true,true,true,true,false,true,false,true,false,{},,true,false,true,-1,true,,false
811,260,55,73,2,2,101,BOP U,2,false,1,"{}",false,,17,true,false,true,true,true,true,true,true,true,false,true,false,true,false,{},,true,true,true,-1,true,,false
1380,267,55,73,2,2,101,BOP U,2,false,1,"{}",false,,,false,false,true,true,true,true,true,true,true,false,true,false,true,false,{},,true,false,true,-1,true,,false
1488,268,55,73,2,2,101,BOP U,2,false,1,"{}",false,,,false,false,true,true,true,true,true,true,true,false,true,false,true,false,{},,true,false,true,-1,true,,false
243,248,56,73,3,2,101,BOP AUC,6,false,1,"{}",false,,,false,false,true,true,true,true,true,true,false,false,false,false,false,false,{},,true,false,true,-1,true,,false
351,249,56,73,3,2,101,BOP AUC,6,false,1,"{}",false,,,false,false,true,true,true,true,true,true,false,false,false,false,false,false,{},,true,false,true,-1,true,,false
459,250,56,73,3,2,101,BOP AUC,6,false,1,"{}",false,,,false,false,true,true,true,true,true,true,false,false,false,false,false,false,{},,true,false,true,-1,true,,false
567,251,56,73,3,2,101,BOP AUC,6,false,1,"{}",false,,,false,false,true,true,true,true,true,true,false,false,false,false,false,false,{},,true,false,true,-1,true,,false
135,252,56,73,3,2,101,BOP AUC,6,false,1,"{}",false,,18,true,false,true,true,true,true,true,true,false,false,false,false,false,false,{},,true,true,true,-1,true,,false
704,255,56,73,3,2,101,BOP AUC,6,false,1,"{}",false,,18,true,false,true,true,true,true,true,true,false,false,false,false,false,false,{},,true,true,true,-1,true,,false
920,256,56,73,3,2,101,BOP AUC,6,false,1,"{}",false,,,false,false,true,true,true,true,true,true,false,false,false,false,false,false,{},,true,false,true,-1,true,,false
1028,257,56,73,3,2,101,BOP AUC,6,false,1,"{}",false,,,false,false,true,true,true,true,true,true,false,false,false,false,false,false,{},,true,false,true,-1,true,,false
1136,258,56,73,3,2,101,BOP AUC,6,false,1,"{}",false,,,false,false,true,true,true,true,true,true,false,false,false,false,false,false,{},,true,false,true,-1,true,,false
1244,259,56,73,3,2,101,BOP AUC,6,false,1,"{}",false,,,false,false,true,true,true,true,true,true,false,false,false,false,false,false,{},,true,false,true,-1,true,,false
812,260,56,73,3,2,101,BOP AUC,6,false,1,"{}",false,,18,true,false,true,true,true,true,true,true,false,false,false,false,false,false,{},,true,true,true,-1,true,,false
1381,267,56,73,3,2,101,BOP AUC,6,false,1,"{}",false,,,false,false,true,true,true,true,true,true,false,false,false,false,false,false,{},,true,false,true,-1,true,,false
1489,268,56,73,3,2,101,BOP AUC,6,false,1,"{}",false,,,false,false,true,true,true,true,true,true,false,false,false,false,false,false,{},,true,false,true,-1,true,,false
90,247,60,119,66,2,101,Ttl Rcpt $,8,false,1,"{}",false,,19,true,false,true,true,true,true,true,true,true,true,true,true,true,true,{},,true,false,true,-1,true,,false
306,248,60,119,66,2,101,Ttl Rcpt $,8,false,1,"{}",false,,,false,false,true,true,true,true,true,true,true,false,true,false,true,false,{},,true,false,true,-1,true,,false
414,249,60,119,66,2,101,Ttl Rcpt $,8,false,1,"{}",false,,,false,false,true,true,true,true,true,true,true,false,true,false,true,false,{},,true,false,true,-1,true,,false
522,250,60,119,66,2,101,Ttl Rcpt $,8,false,1,"{}",false,,,false,false,true,true,true,true,true,true,true,false,true,false,true,false,{},,true,false,true,-1,true,,false
630,251,60,119,66,2,101,Ttl Rcpt $,8,false,1,"{}",false,,,false,false,true,true,true,true,true,true,true,false,true,false,true,false,{},,true,false,true,-1,true,,false
198,252,60,119,66,2,101,Ttl Rcpt $,8,false,1,"{}",false,,19,true,false,true,true,true,true,true,true,true,true,true,true,true,true,{},,true,false,true,-1,true,,false
767,255,60,119,66,2,101,Ttl Rcpt $,8,false,1,"{}",false,,19,true,false,true,true,true,true,true,true,true,true,true,true,true,true,{},,true,false,true,-1,true,,false
983,256,60,119,66,2,101,Ttl Rcpt $,8,false,1,"{}",false,,,false,false,true,true,true,true,true,true,true,false,true,false,true,false,{},,true,false,true,-1,true,,false
1091,257,60,119,66,2,101,Ttl Rcpt $,8,false,1,"{}",false,,,false,false,true,true,true,true,true,true,true,false,true,false,true,false,{},,true,false,true,-1,true,,false
1199,258,60,119,66,2,101,Ttl Rcpt $,8,false,1,"{}",false,,,false,false,true,true,true,true,true,true,true,false,true,false,true,false,{},,true,false,true,-1,true,,false
1307,259,60,119,66,2,101,Ttl Rcpt $,8,false,1,"{}",false,,,false,false,true,true,true,true,true,true,true,false,true,false,true,false,{},,true,false,true,-1,true,,false
875,260,60,119,66,2,101,Ttl Rcpt $,8,false,1,"{}",false,,19,true,false,true,true,true,true,true,true,true,true,true,true,true,true,{},,true,false,true,-1,true,,false
1444,267,60,119,66,2,101,Ttl Rcpt $,8,false,1,"{}",false,,,false,false,true,true,true,true,true,true,true,false,true,false,true,false,{},,true,false,true,-1,true,,false
94,247,61,119,70,2,101,Ttl Rcpt U,2,false,1,"{}",false,,20,true,false,true,true,true,true,true,true,true,true,true,true,true,true,{},,true,false,true,-1,true,,false
310,248,61,119,70,2,101,Ttl Rcpt U,2,false,1,"{}",false,,,false,false,true,true,true,true,true,true,true,false,true,false,true,false,{},,true,false,true,-1,true,,false
418,249,61,119,70,2,101,Ttl Rcpt U,2,false,1,"{}",false,,,false,false,true,true,true,true,true,true,true,false,true,false,true,false,{},,true,false,true,-1,true,,false
526,250,61,119,70,2,101,Ttl Rcpt U,2,false,1,"{}",false,,,false,false,true,true,true,true,true,true,true,false,true,false,true,false,{},,true,false,true,-1,true,,false
634,251,61,119,70,2,101,Ttl Rcpt U,2,false,1,"{}",false,,,false,false,true,true,true,true,true,true,true,false,true,false,true,false,{},,true,false,true,-1,true,,false
202,252,61,119,70,2,101,Ttl Rcpt U,2,false,1,"{}",false,,20,true,false,true,true,true,true,true,true,true,true,true,true,true,true,{},,true,false,true,-1,true,,false
771,255,61,119,70,2,101,Ttl Rcpt U,2,false,1,"{}",false,,20,true,false,true,true,true,true,true,true,true,true,true,true,true,true,{},,true,false,true,-1,true,,false
1095,257,61,119,70,2,101,Ttl Rcpt U,2,false,1,"{}",false,,,false,false,true,true,true,true,true,true,true,false,true,false,true,false,{},,true,false,true,-1,true,,false
1203,258,61,119,70,2,101,Ttl Rcpt U,2,false,1,"{}",false,,,false,false,true,true,true,true,true,true,true,false,true,false,true,false,{},,true,false,true,-1,true,,false
1311,259,61,119,70,2,101,Ttl Rcpt U,2,false,1,"{}",false,,,false,false,true,true,true,true,true,true,true,false,true,false,true,false,{},,true,false,true,-1,true,,false
879,260,61,119,70,2,101,Ttl Rcpt U,2,false,1,"{}",false,,20,true,false,true,true,true,true,true,true,true,true,true,true,true,true,{},,true,false,true,-1,true,,false
1448,267,61,119,70,2,101,Ttl Rcpt U,2,false,1,"{}",false,,,false,false,true,true,true,true,true,true,true,false,true,false,true,false,{},,true,false,true,-1,true,,false
1556,268,61,119,70,2,101,Ttl Rcpt U,2,false,1,"{}",false,,,false,false,true,true,true,true,true,true,true,false,true,false,true,false,{},,true,false,true,-1,true,,false
122,247,91,120,98,2,101,Inv Adj $ %,4,false,1,"{}",false,,21,true,false,true,true,true,true,true,true,false,false,false,false,false,false,{},,true,false,true,-1,true,,false
338,248,91,120,98,2,101,Inv Adj $ %,4,false,1,"{}",false,,,false,false,true,true,true,true,true,true,false,false,false,false,false,false,{},,true,false,true,-1,true,,false
446,249,91,120,98,2,101,Inv Adj $ %,4,false,1,"{}",false,,,false,false,true,true,true,true,true,true,false,false,false,false,false,false,{},,true,false,true,-1,true,,false
554,250,91,120,98,2,101,Inv Adj $ %,4,false,1,"{}",false,,,false,false,true,true,true,true,true,true,false,false,false,false,false,false,{},,true,false,true,-1,true,,false
662,251,91,120,98,2,101,Inv Adj $ %,4,false,1,"{}",false,,,false,false,true,true,true,true,true,true,false,false,false,false,false,false,{},,true,false,true,-1,true,,false
230,252,91,120,98,2,101,Inv Adj $ %,4,false,1,"{}",false,,21,true,false,true,true,true,true,true,true,false,false,false,false,false,false,{},,true,false,true,-1,true,,false
799,255,91,120,98,2,101,Inv Adj $ %,4,false,1,"{}",false,,21,true,false,true,true,true,true,true,true,false,false,false,false,false,false,{},,true,false,true,-1,true,,false
1015,256,91,120,98,2,101,Inv Adj $ %,4,false,1,"{}",false,,,false,false,true,true,true,true,true,true,false,false,false,false,false,false,{},,true,false,true,-1,true,,false
1123,257,91,120,98,2,101,Inv Adj $ %,4,false,1,"{}",false,,,false,false,true,true,true,true,true,true,false,false,false,false,false,false,{},,true,false,true,-1,true,,false
1231,258,91,120,98,2,101,Inv Adj $ %,4,false,1,"{}",false,,,false,false,true,true,true,true,true,true,false,false,false,false,false,false,{},,true,false,true,-1,true,,false
1339,259,91,120,98,2,101,Inv Adj $ %,4,false,1,"{}",false,,,false,false,true,true,true,true,true,true,false,false,false,false,false,false,{},,true,false,true,-1,true,,false
907,260,91,120,98,2,101,Inv Adj $ %,4,false,1,"{}",false,,21,true,false,true,true,true,true,true,true,false,false,false,false,false,false,{},,true,false,true,-1,true,,false
1476,267,91,120,98,2,101,Inv Adj $ %,4,false,1,"{}",false,,,false,false,true,true,true,true,true,true,false,false,false,false,false,false,{},,true,false,true,-1,true,,false
1584,268,91,120,98,2,101,Inv Adj $ %,4,false,1,"{}",false,,,false,false,true,true,true,true,true,true,false,false,false,false,false,false,{},,true,false,true,-1,true,,false
124,247,92,120,100,2,101,Inv Adj U %,4,false,1,"{}",false,,22,true,false,true,true,true,true,true,true,false,false,false,false,false,false,{},,true,false,true,-1,true,,false
340,248,92,120,100,2,101,Inv Adj U %,4,false,1,"{}",false,,,false,false,true,true,true,true,true,true,false,false,false,false,false,false,{},,true,false,true,-1,true,,false
448,249,92,120,100,2,101,Inv Adj U %,4,false,1,"{}",false,,,false,false,true,true,true,true,true,true,false,false,false,false,false,false,{},,true,false,true,-1,true,,false
556,250,92,120,100,2,101,Inv Adj U %,4,false,1,"{}",false,,,false,false,true,true,true,true,true,true,false,false,false,false,false,false,{},,true,false,true,-1,true,,false
232,252,92,120,100,2,101,Inv Adj U %,4,false,1,"{}",false,,22,true,false,true,true,true,true,true,true,false,false,false,false,false,false,{},,true,false,true,-1,true,,false
801,255,92,120,100,2,101,Inv Adj U %,4,false,1,"{}",false,,22,true,false,true,true,true,true,true,true,false,false,false,false,false,false,{},,true,false,true,-1,true,,false
1017,256,92,120,100,2,101,Inv Adj U %,4,false,1,"{}",false,,,false,false,true,true,true,true,true,true,false,false,false,false,false,false,{},,true,false,true,-1,true,,false
1125,257,92,120,100,2,101,Inv Adj U %,4,false,1,"{}",false,,,false,false,true,true,true,true,true,true,false,false,false,false,false,false,{},,true,false,true,-1,true,,false
1233,258,92,120,100,2,101,Inv Adj U %,4,false,1,"{}",false,,,false,false,true,true,true,true,true,true,false,false,false,false,false,false,{},,true,false,true,-1,true,,false
1341,259,92,120,100,2,101,Inv Adj U %,4,false,1,"{}",false,,,false,false,true,true,true,true,true,true,false,false,false,false,false,false,{},,true,false,true,-1,true,,false
909,260,92,120,100,2,101,Inv Adj U %,4,false,1,"{}",false,,22,true,false,true,true,true,true,true,true,false,false,false,false,false,false,{},,true,false,true,-1,true,,false
1478,267,92,120,100,2,101,Inv Adj U %,4,false,1,"{}",false,,,false,false,true,true,true,true,true,true,false,false,false,false,false,false,{},,true,false,true,-1,true,,false
1586,268,92,120,100,2,101,Inv Adj U %,4,false,1,"{}",false,,,false,false,true,true,true,true,true,true,false,false,false,false,false,false,{},,true,false,true,-1,true,,false
121,247,93,120,97,2,101,Inv Adj $,8,false,1,"{}",false,,23,true,false,true,true,true,true,true,true,true,true,true,true,true,true,{},,true,false,true,-1,true,,false
337,248,93,120,97,2,101,Inv Adj $,8,false,1,"{}",false,,,false,false,true,true,true,true,true,true,true,false,true,false,true,false,{},,true,false,true,-1,true,,false
445,249,93,120,97,2,101,Inv Adj $,8,false,1,"{}",false,,,false,false,true,true,true,true,true,true,true,false,true,false,true,false,{},,true,false,true,-1,true,,false
553,250,93,120,97,2,101,Inv Adj $,8,false,1,"{}",false,,,false,false,true,true,true,true,true,true,true,false,true,false,true,false,{},,true,false,true,-1,true,,false
661,251,93,120,97,2,101,Inv Adj $,8,false,1,"{}",false,,,false,false,true,true,true,true,true,true,true,false,true,false,true,false,{},,true,false,true,-1,true,,false
229,252,93,120,97,2,101,Inv Adj $,8,false,1,"{}",false,,23,true,false,true,true,true,true,true,true,true,true,true,true,true,true,{},,true,false,true,-1,true,,false
798,255,93,120,97,2,101,Inv Adj $,8,false,1,"{}",false,,23,true,false,true,true,true,true,true,true,true,true,true,true,true,true,{},,true,false,true,-1,true,,false
1014,256,93,120,97,2,101,Inv Adj $,8,false,1,"{}",false,,,false,false,true,true,true,true,true,true,true,false,true,false,true,false,{},,true,false,true,-1,true,,false
1122,257,93,120,97,2,101,Inv Adj $,8,false,1,"{}",false,,,false,false,true,true,true,true,true,true,true,false,true,false,true,false,{},,true,false,true,-1,true,,false
1230,258,93,120,97,2,101,Inv Adj $,8,false,1,"{}",false,,,false,false,true,true,true,true,true,true,true,false,true,false,true,false,{},,true,false,true,-1,true,,false
1338,259,93,120,97,2,101,Inv Adj $,8,false,1,"{}",false,,,false,false,true,true,true,true,true,true,true,false,true,false,true,false,{},,true,false,true,-1,true,,false
906,260,93,120,97,2,101,Inv Adj $,8,false,1,"{}",false,,23,true,false,true,true,true,true,true,true,true,true,true,true,true,true,{},,true,false,true,-1,true,,false
1475,267,93,120,97,2,101,Inv Adj $,8,false,1,"{}",false,,,false,false,true,true,true,true,true,true,true,false,true,false,true,false,{},,true,false,true,-1,true,,false
123,247,94,120,99,2,101,Inv Adj U,2,false,1,"{}",false,,24,true,false,true,true,true,true,true,true,true,true,true,true,true,true,{},,true,false,true,-1,true,,false
339,248,94,120,99,2,101,Inv Adj U,2,false,1,"{}",false,,,false,false,true,true,true,true,true,true,true,false,true,false,true,false,{},,true,false,true,-1,true,,false
447,249,94,120,99,2,101,Inv Adj U,2,false,1,"{}",false,,,false,false,true,true,true,true,true,true,true,false,true,false,true,false,{},,true,false,true,-1,true,,false
555,250,94,120,99,2,101,Inv Adj U,2,false,1,"{}",false,,,false,false,true,true,true,true,true,true,true,false,true,false,true,false,{},,true,false,true,-1,true,,false
663,251,94,120,99,2,101,Inv Adj U,2,false,1,"{}",false,,,false,false,true,true,true,true,true,true,true,false,true,false,true,false,{},,true,false,true,-1,true,,false
231,252,94,120,99,2,101,Inv Adj U,2,false,1,"{}",false,,24,true,false,true,true,true,true,true,true,true,true,true,true,true,true,{},,true,false,true,-1,true,,false
800,255,94,120,99,2,101,Inv Adj U,2,false,1,"{}",false,,24,true,false,true,true,true,true,true,true,true,true,true,true,true,true,{},,true,false,true,-1,true,,false
1016,256,94,120,99,2,101,Inv Adj U,2,false,1,"{}",false,,,false,false,true,true,true,true,true,true,true,false,true,false,true,false,{},,true,false,true,-1,true,,false
1124,257,94,120,99,2,101,Inv Adj U,2,false,1,"{}",false,,,false,false,true,true,true,true,true,true,true,false,true,false,true,false,{},,true,false,true,-1,true,,false
1232,258,94,120,99,2,101,Inv Adj U,2,false,1,"{}",false,,,false,false,true,true,true,true,true,true,true,false,true,false,true,false,{},,true,false,true,-1,true,,false
1340,259,94,120,99,2,101,Inv Adj U,2,false,1,"{}",false,,,false,false,true,true,true,true,true,true,true,false,true,false,true,false,{},,true,false,true,-1,true,,false
908,260,94,120,99,2,101,Inv Adj U,2,false,1,"{}",false,,24,true,false,true,true,true,true,true,true,true,true,true,true,true,true,{},,true,false,true,-1,true,,false
1477,267,94,120,99,2,101,Inv Adj U,2,false,1,"{}",false,,,false,false,true,true,true,true,true,true,true,false,true,false,true,false,{},,true,false,true,-1,true,,false
1585,268,94,120,99,2,101,Inv Adj U,2,false,1,"{}",false,,,false,false,true,true,true,true,true,true,true,false,true,false,true,false,{},,true,false,true,-1,true,,false
54,247,49,116,30,2,101,ND Sls U,2,false,1,"{}",false,,,false,false,true,true,false,true,true,false,true,false,true,false,true,false,{},,true,false,true,-1,true,,false
159,252,48,116,27,2,101,ND Sls $,8,false,1,"{}",false,,,false,false,true,true,false,true,true,false,true,false,true,false,true,false,{},,true,false,true,-1,true,,false
162,252,49,116,30,2,101,ND Sls U,2,false,1,"{}",false,,,false,false,true,true,false,true,true,false,true,false,true,false,true,false,{},,true,false,true,-1,true,,false
165,252,50,116,33,2,101,ND COGS,8,false,1,"{}",false,,,false,false,true,true,false,true,true,false,true,false,true,false,true,false,{},,true,false,true,-1,true,,false
728,255,48,116,27,2,101,ND Sls $,8,false,1,"{}",false,,,false,false,true,true,false,true,true,false,true,false,true,false,true,false,{},,true,false,true,-1,true,,false
