"calendar_date","fy","fm","fw","fd","fw_start_date","fy_fw","calendar_date_prev_year"
2024-01-13,2024,1,1,7,2024-01-07,202401,
2024-01-10,2024,1,1,4,2024-01-07,202401,
2024-01-08,2024,1,1,2,2024-01-07,202401,
2024-01-11,2024,1,1,5,2024-01-07,202401,
2024-01-09,2024,1,1,3,2024-01-07,202401,
2024-01-12,2024,1,1,6,2024-01-07,202401,
2024-01-07,2024,1,1,1,2024-01-07,202401,
2024-01-15,2024,1,2,9,2024-01-14,202402,
2024-01-14,2024,1,2,8,2024-01-14,202402,
2024-01-17,2024,1,2,11,2024-01-14,202402,
2024-01-19,2024,1,2,13,2024-01-14,202402,
2024-01-16,2024,1,2,10,2024-01-14,202402,
2024-01-18,2024,1,2,12,2024-01-14,202402,
2024-01-20,2024,1,2,14,2024-01-14,202402,
2024-01-27,2024,1,3,21,2024-01-21,202403,
2024-01-21,2024,1,3,15,2024-01-21,202403,
2024-01-23,2024,1,3,17,2024-01-21,202403,
2024-01-24,2024,1,3,18,2024-01-21,202403,
2024-01-26,2024,1,3,20,2024-01-21,202403,
2024-01-25,2024,1,3,19,2024-01-21,202403,
2024-01-22,2024,1,3,16,2024-01-21,202403,
2024-02-03,2024,1,4,28,2024-01-28,202404,
2024-01-30,2024,1,4,24,2024-01-28,202404,
2024-01-31,2024,1,4,25,2024-01-28,202404,
2024-02-01,2024,1,4,26,2024-01-28,202404,
2024-01-29,2024,1,4,23,2024-01-28,202404,
2024-02-02,2024,1,4,27,2024-01-28,202404,
2024-01-28,2024,1,4,22,2024-01-28,202404,
2024-02-10,2024,2,5,35,2024-02-04,202405,
2024-02-06,2024,2,5,31,2024-02-04,202405,
2024-02-07,2024,2,5,32,2024-02-04,202405,
2024-02-08,2024,2,5,33,2024-02-04,202405,
2024-02-09,2024,2,5,34,2024-02-04,202405,
2024-02-04,2024,2,5,29,2024-02-04,202405,
2024-02-05,2024,2,5,30,2024-02-04,202405,
2024-02-17,2024,2,6,42,2024-02-11,202406,
2024-02-11,2024,2,6,36,2024-02-11,202406,
2024-02-14,2024,2,6,39,2024-02-11,202406,
2024-02-12,2024,2,6,37,2024-02-11,202406,
2024-02-15,2024,2,6,40,2024-02-11,202406,
2024-02-16,2024,2,6,41,2024-02-11,202406,
2024-02-13,2024,2,6,38,2024-02-11,202406,
2024-02-24,2024,2,7,49,2024-02-18,202407,
2024-02-18,2024,2,7,43,2024-02-18,202407,
2024-02-20,2024,2,7,45,2024-02-18,202407,
2024-02-21,2024,2,7,46,2024-02-18,202407,
2024-02-23,2024,2,7,48,2024-02-18,202407,
2024-02-22,2024,2,7,47,2024-02-18,202407,
2024-02-19,2024,2,7,44,2024-02-18,202407,
2024-03-02,2024,2,8,56,2024-02-25,202408,
2024-02-28,2024,2,8,53,2024-02-25,202408,
2024-02-25,2024,2,8,50,2024-02-25,202408,
2024-02-26,2024,2,8,51,2024-02-25,202408,
2024-02-27,2024,2,8,52,2024-02-25,202408,
2024-03-01,2024,2,8,55,2024-02-25,202408,
2024-02-29,2024,2,8,54,2024-02-25,202408,
2024-03-04,2024,3,9,58,2024-03-03,202409,
2024-03-09,2024,3,9,63,2024-03-03,202409,
2024-03-05,2024,3,9,59,2024-03-03,202409,
2024-03-07,2024,3,9,61,2024-03-03,202409,
2024-03-08,2024,3,9,62,2024-03-03,202409,
2024-03-06,2024,3,9,60,2024-03-03,202409,
2024-03-03,2024,3,9,57,2024-03-03,202409,
2024-03-16,2024,3,10,70,2024-03-10,202410,
2024-03-15,2024,3,10,69,2024-03-10,202410,
2024-03-14,2024,3,10,68,2024-03-10,202410,
2024-03-12,2024,3,10,66,2024-03-10,202410,
2024-03-11,2024,3,10,65,2024-03-10,202410,
2024-03-10,2024,3,10,64,2024-03-10,202410,
2024-03-13,2024,3,10,67,2024-03-10,202410,
2024-03-23,2024,3,11,77,2024-03-17,202411,
2024-03-19,2024,3,11,73,2024-03-17,202411,
2024-03-22,2024,3,11,76,2024-03-17,202411,
2024-03-21,2024,3,11,75,2024-03-17,202411,
2024-03-18,2024,3,11,72,2024-03-17,202411,
2024-03-20,2024,3,11,74,2024-03-17,202411,
2024-03-17,2024,3,11,71,2024-03-17,202411,
2024-03-29,2024,3,12,83,2024-03-24,202412,
2024-03-28,2024,3,12,82,2024-03-24,202412,
2024-03-30,2024,3,12,84,2024-03-24,202412,
2024-03-26,2024,3,12,80,2024-03-24,202412,
2024-03-27,2024,3,12,81,2024-03-24,202412,
2024-03-24,2024,3,12,78,2024-03-24,202412,
2024-03-25,2024,3,12,79,2024-03-24,202412,
2024-04-04,2024,3,13,89,2024-03-31,202413,
2024-04-01,2024,3,13,86,2024-03-31,202413,
2024-04-02,2024,3,13,87,2024-03-31,202413,
2024-03-31,2024,3,13,85,2024-03-31,202413,
2024-04-06,2024,3,13,91,2024-03-31,202413,
2024-04-05,2024,3,13,90,2024-03-31,202413,
2024-04-03,2024,3,13,88,2024-03-31,202413,
2024-04-11,2024,4,14,96,2024-04-07,202414,
2024-04-08,2024,4,14,93,2024-04-07,202414,
2024-04-10,2024,4,14,95,2024-04-07,202414,
2024-04-13,2024,4,14,98,2024-04-07,202414,
2024-04-12,2024,4,14,97,2024-04-07,202414,
2024-04-07,2024,4,14,92,2024-04-07,202414,
2024-04-09,2024,4,14,94,2024-04-07,202414,
2024-04-20,2024,4,15,105,2024-04-14,202415,
2024-04-18,2024,4,15,103,2024-04-14,202415,
2024-04-14,2024,4,15,99,2024-04-14,202415,
2024-04-19,2024,4,15,104,2024-04-14,202415,
2024-04-15,2024,4,15,100,2024-04-14,202415,
2024-04-17,2024,4,15,102,2024-04-14,202415,
2024-04-16,2024,4,15,101,2024-04-14,202415,
2024-04-21,2024,4,16,106,2024-04-21,202416,
2024-04-24,2024,4,16,109,2024-04-21,202416,
2024-04-27,2024,4,16,112,2024-04-21,202416,
2024-04-22,2024,4,16,107,2024-04-21,202416,
2024-04-26,2024,4,16,111,2024-04-21,202416,
2024-04-25,2024,4,16,110,2024-04-21,202416,
2024-04-23,2024,4,16,108,2024-04-21,202416,
2024-04-30,2024,4,17,115,2024-04-28,202417,
2024-05-02,2024,4,17,117,2024-04-28,202417,
2024-05-04,2024,4,17,119,2024-04-28,202417,
2024-05-03,2024,4,17,118,2024-04-28,202417,
2024-04-28,2024,4,17,113,2024-04-28,202417,
2024-04-29,2024,4,17,114,2024-04-28,202417,
2024-05-01,2024,4,17,116,2024-04-28,202417,
2024-05-11,2024,5,18,126,2024-05-05,202418,
2024-05-10,2024,5,18,125,2024-05-05,202418,
2024-05-06,2024,5,18,121,2024-05-05,202418,
2024-05-07,2024,5,18,122,2024-05-05,202418,
2024-05-08,2024,5,18,123,2024-05-05,202418,
2024-05-09,2024,5,18,124,2024-05-05,202418,
2024-05-05,2024,5,18,120,2024-05-05,202418,
2024-05-15,2024,5,19,130,2024-05-12,202419,
2024-05-13,2024,5,19,128,2024-05-12,202419,
2024-05-16,2024,5,19,131,2024-05-12,202419,
2024-05-14,2024,5,19,129,2024-05-12,202419,
2024-05-12,2024,5,19,127,2024-05-12,202419,
2024-05-18,2024,5,19,133,2024-05-12,202419,
2024-05-17,2024,5,19,132,2024-05-12,202419,
2024-05-25,2024,5,20,140,2024-05-19,202420,
2024-05-21,2024,5,20,136,2024-05-19,202420,
2024-05-19,2024,5,20,134,2024-05-19,202420,
2024-05-23,2024,5,20,138,2024-05-19,202420,
2024-05-20,2024,5,20,135,2024-05-19,202420,
2024-05-24,2024,5,20,139,2024-05-19,202420,
2024-05-22,2024,5,20,137,2024-05-19,202420,
2024-05-29,2024,5,21,144,2024-05-26,202421,
2024-05-30,2024,5,21,145,2024-05-26,202421,
2024-05-26,2024,5,21,141,2024-05-26,202421,
2024-05-27,2024,5,21,142,2024-05-26,202421,
2024-05-31,2024,5,21,146,2024-05-26,202421,
2024-06-01,2024,5,21,147,2024-05-26,202421,
2024-05-28,2024,5,21,143,2024-05-26,202421,
2024-06-03,2024,6,22,149,2024-06-02,202422,
2024-06-02,2024,6,22,148,2024-06-02,202422,
2024-06-08,2024,6,22,154,2024-06-02,202422,
2024-06-04,2024,6,22,150,2024-06-02,202422,
2024-06-06,2024,6,22,152,2024-06-02,202422,
2024-06-05,2024,6,22,151,2024-06-02,202422,
2024-06-07,2024,6,22,153,2024-06-02,202422,
2024-06-15,2024,6,23,161,2024-06-09,202423,
2024-06-09,2024,6,23,155,2024-06-09,202423,
2024-06-13,2024,6,23,159,2024-06-09,202423,
2024-06-12,2024,6,23,158,2024-06-09,202423,
2024-06-11,2024,6,23,157,2024-06-09,202423,
2024-06-14,2024,6,23,160,2024-06-09,202423,
2024-06-10,2024,6,23,156,2024-06-09,202423,
2024-06-18,2024,6,24,164,2024-06-16,202424,
2024-06-16,2024,6,24,162,2024-06-16,202424,
2024-06-17,2024,6,24,163,2024-06-16,202424,
2024-06-20,2024,6,24,166,2024-06-16,202424,
2024-06-19,2024,6,24,165,2024-06-16,202424,
2024-06-21,2024,6,24,167,2024-06-16,202424,
2024-06-22,2024,6,24,168,2024-06-16,202424,
2024-06-24,2024,6,25,170,2024-06-23,202425,
2024-06-28,2024,6,25,174,2024-06-23,202425,
2024-06-27,2024,6,25,173,2024-06-23,202425,
2024-06-23,2024,6,25,169,2024-06-23,202425,
2024-06-25,2024,6,25,171,2024-06-23,202425,
2024-06-26,2024,6,25,172,2024-06-23,202425,
2024-06-29,2024,6,25,175,2024-06-23,202425,
2024-07-03,2024,6,26,179,2024-06-30,202426,
2024-06-30,2024,6,26,176,2024-06-30,202426,
2024-07-06,2024,6,26,182,2024-06-30,202426,
2024-07-05,2024,6,26,181,2024-06-30,202426,
2024-07-04,2024,6,26,180,2024-06-30,202426,
2024-07-02,2024,6,26,178,2024-06-30,202426,
2024-07-01,2024,6,26,177,2024-06-30,202426,
2024-07-09,2024,7,27,185,2024-07-07,202427,
2024-07-08,2024,7,27,184,2024-07-07,202427,
2024-07-11,2024,7,27,187,2024-07-07,202427,
2024-07-12,2024,7,27,188,2024-07-07,202427,
2024-07-10,2024,7,27,186,2024-07-07,202427,
2024-07-07,2024,7,27,183,2024-07-07,202427,
2024-07-13,2024,7,27,189,2024-07-07,202427,
2024-07-17,2024,7,28,193,2024-07-14,202428,
2024-07-15,2024,7,28,191,2024-07-14,202428,
2024-07-16,2024,7,28,192,2024-07-14,202428,
2024-07-20,2024,7,28,196,2024-07-14,202428,
2024-07-19,2024,7,28,195,2024-07-14,202428,
2024-07-18,2024,7,28,194,2024-07-14,202428,
2024-07-14,2024,7,28,190,2024-07-14,202428,
2024-07-23,2024,7,29,199,2024-07-21,202429,
2024-07-26,2024,7,29,202,2024-07-21,202429,
2024-07-25,2024,7,29,201,2024-07-21,202429,
2024-07-27,2024,7,29,203,2024-07-21,202429,
2024-07-22,2024,7,29,198,2024-07-21,202429,
2024-07-21,2024,7,29,197,2024-07-21,202429,
2024-07-24,2024,7,29,200,2024-07-21,202429,
2024-07-29,2024,7,30,205,2024-07-28,202430,
2024-08-01,2024,7,30,208,2024-07-28,202430,
2024-07-31,2024,7,30,207,2024-07-28,202430,
2024-08-02,2024,7,30,209,2024-07-28,202430,
2024-07-30,2024,7,30,206,2024-07-28,202430,
2024-08-03,2024,7,30,210,2024-07-28,202430,
2024-07-28,2024,7,30,204,2024-07-28,202430,
2024-08-06,2024,8,31,213,2024-08-04,202431,
2024-08-04,2024,8,31,211,2024-08-04,202431,
2024-08-10,2024,8,31,217,2024-08-04,202431,
2024-08-09,2024,8,31,216,2024-08-04,202431,
2024-08-08,2024,8,31,215,2024-08-04,202431,
2024-08-05,2024,8,31,212,2024-08-04,202431,
2024-08-07,2024,8,31,214,2024-08-04,202431,
2024-08-14,2024,8,32,221,2024-08-11,202432,
2024-08-15,2024,8,32,222,2024-08-11,202432,
2024-08-11,2024,8,32,218,2024-08-11,202432,
2024-08-12,2024,8,32,219,2024-08-11,202432,
2024-08-13,2024,8,32,220,2024-08-11,202432,
2024-08-16,2024,8,32,223,2024-08-11,202432,
2024-08-17,2024,8,32,224,2024-08-11,202432,
2024-08-21,2024,8,33,228,2024-08-18,202433,
2024-08-22,2024,8,33,229,2024-08-18,202433,
2024-08-24,2024,8,33,231,2024-08-18,202433,
2024-08-18,2024,8,33,225,2024-08-18,202433,
2024-08-20,2024,8,33,227,2024-08-18,202433,
2024-08-23,2024,8,33,230,2024-08-18,202433,
2024-08-19,2024,8,33,226,2024-08-18,202433,
2024-08-30,2024,8,34,237,2024-08-25,202434,
2024-08-29,2024,8,34,236,2024-08-25,202434,
2024-08-25,2024,8,34,232,2024-08-25,202434,
2024-08-28,2024,8,34,235,2024-08-25,202434,
2024-08-27,2024,8,34,234,2024-08-25,202434,
2024-08-26,2024,8,34,233,2024-08-25,202434,
2024-08-31,2024,8,34,238,2024-08-25,202434,
2024-09-06,2024,9,35,244,2024-09-01,202435,
2024-09-05,2024,9,35,243,2024-09-01,202435,
2024-09-02,2024,9,35,240,2024-09-01,202435,
2024-09-03,2024,9,35,241,2024-09-01,202435,
2024-09-01,2024,9,35,239,2024-09-01,202435,
2024-09-07,2024,9,35,245,2024-09-01,202435,
2024-09-04,2024,9,35,242,2024-09-01,202435,
2024-09-12,2024,9,36,250,2024-09-08,202436,
2024-09-14,2024,9,36,252,2024-09-08,202436,
2024-09-10,2024,9,36,248,2024-09-08,202436,
2024-09-13,2024,9,36,251,2024-09-08,202436,
2024-09-11,2024,9,36,249,2024-09-08,202436,
2024-09-08,2024,9,36,246,2024-09-08,202436,
2024-09-09,2024,9,36,247,2024-09-08,202436,
2024-09-15,2024,9,37,253,2024-09-15,202437,
2024-09-20,2024,9,37,258,2024-09-15,202437,
2024-09-21,2024,9,37,259,2024-09-15,202437,
2024-09-19,2024,9,37,257,2024-09-15,202437,
2024-09-16,2024,9,37,254,2024-09-15,202437,
2024-09-18,2024,9,37,256,2024-09-15,202437,
2024-09-17,2024,9,37,255,2024-09-15,202437,
2024-09-23,2024,9,38,261,2024-09-22,202438,
2024-09-25,2024,9,38,263,2024-09-22,202438,
2024-09-28,2024,9,38,266,2024-09-22,202438,
2024-09-24,2024,9,38,262,2024-09-22,202438,
2024-09-22,2024,9,38,260,2024-09-22,202438,
2024-09-27,2024,9,38,265,2024-09-22,202438,
2024-09-26,2024,9,38,264,2024-09-22,202438,
2024-10-01,2024,9,39,269,2024-09-29,202439,
2024-09-29,2024,9,39,267,2024-09-29,202439,
2024-09-30,2024,9,39,268,2024-09-29,202439,
2024-10-03,2024,9,39,271,2024-09-29,202439,
2024-10-05,2024,9,39,273,2024-09-29,202439,
2024-10-02,2024,9,39,270,2024-09-29,202439,
2024-10-04,2024,9,39,272,2024-09-29,202439,
2024-10-06,2024,10,40,274,2024-10-06,202440,
2024-10-09,2024,10,40,277,2024-10-06,202440,
2024-10-12,2024,10,40,280,2024-10-06,202440,
2024-10-10,2024,10,40,278,2024-10-06,202440,
2024-10-07,2024,10,40,275,2024-10-06,202440,
2024-10-08,2024,10,40,276,2024-10-06,202440,
2024-10-11,2024,10,40,279,2024-10-06,202440,
2024-10-18,2024,10,41,286,2024-10-13,202441,
2024-10-17,2024,10,41,285,2024-10-13,202441,
2024-10-14,2024,10,41,282,2024-10-13,202441,
2024-10-15,2024,10,41,283,2024-10-13,202441,
2024-10-16,2024,10,41,284,2024-10-13,202441,
2024-10-19,2024,10,41,287,2024-10-13,202441,
2024-10-13,2024,10,41,281,2024-10-13,202441,
2024-10-22,2024,10,42,290,2024-10-20,202442,
2024-10-25,2024,10,42,293,2024-10-20,202442,
2024-10-26,2024,10,42,294,2024-10-20,202442,
2024-10-20,2024,10,42,288,2024-10-20,202442,
2024-10-23,2024,10,42,291,2024-10-20,202442,
2024-10-24,2024,10,42,292,2024-10-20,202442,
2024-10-21,2024,10,42,289,2024-10-20,202442,
2024-10-28,2024,10,43,296,2024-10-27,202443,
2024-10-30,2024,10,43,298,2024-10-27,202443,
2024-10-31,2024,10,43,299,2024-10-27,202443,
2024-11-01,2024,10,43,300,2024-10-27,202443,
2024-10-27,2024,10,43,295,2024-10-27,202443,
2024-11-02,2024,10,43,301,2024-10-27,202443,
2024-10-29,2024,10,43,297,2024-10-27,202443,
2024-11-04,2024,11,44,303,2024-11-03,202444,
2024-11-03,2024,11,44,302,2024-11-03,202444,
2024-11-05,2024,11,44,304,2024-11-03,202444,
2024-11-08,2024,11,44,307,2024-11-03,202444,
2024-11-07,2024,11,44,306,2024-11-03,202444,
2024-11-06,2024,11,44,305,2024-11-03,202444,
2024-11-09,2024,11,44,308,2024-11-03,202444,
2024-11-13,2024,11,45,312,2024-11-10,202445,
2024-11-14,2024,11,45,313,2024-11-10,202445,
2024-11-11,2024,11,45,310,2024-11-10,202445,
2024-11-16,2024,11,45,315,2024-11-10,202445,
2024-11-12,2024,11,45,311,2024-11-10,202445,
2024-11-15,2024,11,45,314,2024-11-10,202445,
2024-11-10,2024,11,45,309,2024-11-10,202445,
2024-11-19,2024,11,46,318,2024-11-17,202446,
2024-11-22,2024,11,46,321,2024-11-17,202446,
2024-11-18,2024,11,46,317,2024-11-17,202446,
2024-11-17,2024,11,46,316,2024-11-17,202446,
2024-11-23,2024,11,46,322,2024-11-17,202446,
2024-11-20,2024,11,46,319,2024-11-17,202446,
2024-11-21,2024,11,46,320,2024-11-17,202446,
2024-11-29,2024,11,47,328,2024-11-24,202447,
2024-11-30,2024,11,47,329,2024-11-24,202447,
2024-11-28,2024,11,47,327,2024-11-24,202447,
2024-11-24,2024,11,47,323,2024-11-24,202447,
2024-11-27,2024,11,47,326,2024-11-24,202447,
2024-11-26,2024,11,47,325,2024-11-24,202447,
2024-11-25,2024,11,47,324,2024-11-24,202447,
2024-12-05,2024,12,48,334,2024-12-01,202448,
2024-12-02,2024,12,48,331,2024-12-01,202448,
2024-12-03,2024,12,48,332,2024-12-01,202448,
2024-12-01,2024,12,48,330,2024-12-01,202448,
2024-12-07,2024,12,48,336,2024-12-01,202448,
2024-12-04,2024,12,48,333,2024-12-01,202448,
2024-12-06,2024,12,48,335,2024-12-01,202448,
2024-12-10,2024,12,49,339,2024-12-08,202449,
2024-12-13,2024,12,49,342,2024-12-08,202449,
2024-12-14,2024,12,49,343,2024-12-08,202449,
2024-12-11,2024,12,49,340,2024-12-08,202449,
2024-12-08,2024,12,49,337,2024-12-08,202449,
2024-12-12,2024,12,49,341,2024-12-08,202449,
2024-12-09,2024,12,49,338,2024-12-08,202449,
2024-12-15,2024,12,50,344,2024-12-15,202450,
2024-12-20,2024,12,50,349,2024-12-15,202450,
2024-12-19,2024,12,50,348,2024-12-15,202450,
2024-12-16,2024,12,50,345,2024-12-15,202450,
2024-12-18,2024,12,50,347,2024-12-15,202450,
2024-12-21,2024,12,50,350,2024-12-15,202450,
2024-12-17,2024,12,50,346,2024-12-15,202450,
2024-12-26,2024,12,51,355,2024-12-22,202451,
2024-12-22,2024,12,51,351,2024-12-22,202451,
2024-12-28,2024,12,51,357,2024-12-22,202451,
2024-12-27,2024,12,51,356,2024-12-22,202451,
2024-12-23,2024,12,51,352,2024-12-22,202451,
2024-12-24,2024,12,51,353,2024-12-22,202451,
2024-12-25,2024,12,51,354,2024-12-22,202451,
2024-12-30,2024,12,52,359,2024-12-29,202452,
2025-01-02,2024,12,52,362,2024-12-29,202452,
2024-12-29,2024,12,52,358,2024-12-29,202452,
2024-12-31,2024,12,52,360,2024-12-29,202452,
2025-01-01,2024,12,52,361,2024-12-29,202452,
2025-01-04,2024,12,52,364,2024-12-29,202452,
2025-01-03,2024,12,52,363,2024-12-29,202452,
2025-01-08,2025,1,1,4,2025-01-05,202501,
2025-01-06,2025,1,1,2,2025-01-05,202501,
2025-01-07,2025,1,1,3,2025-01-05,202501,
2025-01-05,2025,1,1,1,2025-01-05,202501,
2025-01-11,2025,1,1,7,2025-01-05,202501,
2025-01-10,2025,1,1,6,2025-01-05,202501,
2025-01-09,2025,1,1,5,2025-01-05,202501,
2025-01-16,2025,1,2,12,2025-01-12,202502,
2025-01-12,2025,1,2,8,2025-01-12,202502,
2025-01-13,2025,1,2,9,2025-01-12,202502,
2025-01-18,2025,1,2,14,2025-01-12,202502,
2025-01-14,2025,1,2,10,2025-01-12,202502,
2025-01-15,2025,1,2,11,2025-01-12,202502,
2025-01-17,2025,1,2,13,2025-01-12,202502,
2025-01-22,2025,1,3,18,2025-01-19,202503,
2025-01-19,2025,1,3,15,2025-01-19,202503,
2025-01-20,2025,1,3,16,2025-01-19,202503,
2025-01-24,2025,1,3,20,2025-01-19,202503,
2025-01-23,2025,1,3,19,2025-01-19,202503,
2025-01-21,2025,1,3,17,2025-01-19,202503,
2025-01-25,2025,1,3,21,2025-01-19,202503,
2025-01-28,2025,1,4,24,2025-01-26,202504,
2025-01-31,2025,1,4,27,2025-01-26,202504,
2025-01-26,2025,1,4,22,2025-01-26,202504,
2025-01-29,2025,1,4,25,2025-01-26,202504,
2025-01-30,2025,1,4,26,2025-01-26,202504,
2025-02-01,2025,1,4,28,2025-01-26,202504,
2025-01-27,2025,1,4,23,2025-01-26,202504,
2025-02-05,2025,2,5,32,2025-02-02,202505,
2025-02-04,2025,2,5,31,2025-02-02,202505,
2025-02-07,2025,2,5,34,2025-02-02,202505,
2025-02-06,2025,2,5,33,2025-02-02,202505,
2025-02-02,2025,2,5,29,2025-02-02,202505,
2025-02-08,2025,2,5,35,2025-02-02,202505,
2025-02-03,2025,2,5,30,2025-02-02,202505,
2025-02-12,2025,2,6,39,2025-02-09,202506,
2025-02-14,2025,2,6,41,2025-02-09,202506,
2025-02-10,2025,2,6,37,2025-02-09,202506,
2025-02-11,2025,2,6,38,2025-02-09,202506,
2025-02-15,2025,2,6,42,2025-02-09,202506,
2025-02-09,2025,2,6,36,2025-02-09,202506,
2025-02-13,2025,2,6,40,2025-02-09,202506,
2025-02-19,2025,2,7,46,2025-02-16,202507,
2025-02-20,2025,2,7,47,2025-02-16,202507,
2025-02-22,2025,2,7,49,2025-02-16,202507,
2025-02-17,2025,2,7,44,2025-02-16,202507,
2025-02-16,2025,2,7,43,2025-02-16,202507,
2025-02-21,2025,2,7,48,2025-02-16,202507,
2025-02-18,2025,2,7,45,2025-02-16,202507,
2025-03-01,2025,2,8,56,2025-02-23,202508,
2025-02-25,2025,2,8,52,2025-02-23,202508,
2025-02-23,2025,2,8,50,2025-02-23,202508,
2025-02-28,2025,2,8,55,2025-02-23,202508,
2025-02-26,2025,2,8,53,2025-02-23,202508,
2025-02-24,2025,2,8,51,2025-02-23,202508,
2025-02-27,2025,2,8,54,2025-02-23,202508,
2025-03-03,2025,3,9,58,2025-03-02,202509,
2025-03-05,2025,3,9,60,2025-03-02,202509,
2025-03-08,2025,3,9,63,2025-03-02,202509,
2025-03-06,2025,3,9,61,2025-03-02,202509,
2025-03-07,2025,3,9,62,2025-03-02,202509,
2025-03-02,2025,3,9,57,2025-03-02,202509,
2025-03-04,2025,3,9,59,2025-03-02,202509,
2025-03-10,2025,3,10,65,2025-03-09,202510,
2025-03-15,2025,3,10,70,2025-03-09,202510,
2025-03-11,2025,3,10,66,2025-03-09,202510,
2025-03-13,2025,3,10,68,2025-03-09,202510,
2025-03-12,2025,3,10,67,2025-03-09,202510,
2025-03-14,2025,3,10,69,2025-03-09,202510,
2025-03-09,2025,3,10,64,2025-03-09,202510,
2025-03-19,2025,3,11,74,2025-03-16,202511,
2025-03-21,2025,3,11,76,2025-03-16,202511,
2025-03-17,2025,3,11,72,2025-03-16,202511,
2025-03-22,2025,3,11,77,2025-03-16,202511,
2025-03-18,2025,3,11,73,2025-03-16,202511,
2025-03-16,2025,3,11,71,2025-03-16,202511,
2025-03-20,2025,3,11,75,2025-03-16,202511,
2025-03-25,2025,3,12,80,2025-03-23,202512,
2025-03-29,2025,3,12,84,2025-03-23,202512,
2025-03-24,2025,3,12,79,2025-03-23,202512,
2025-03-26,2025,3,12,81,2025-03-23,202512,
2025-03-28,2025,3,12,83,2025-03-23,202512,
2025-03-23,2025,3,12,78,2025-03-23,202512,
2025-03-27,2025,3,12,82,2025-03-23,202512,
2025-04-02,2025,3,13,88,2025-03-30,202513,
2025-04-01,2025,3,13,87,2025-03-30,202513,
2025-04-05,2025,3,13,91,2025-03-30,202513,
2025-04-04,2025,3,13,90,2025-03-30,202513,
2025-04-03,2025,3,13,89,2025-03-30,202513,
2025-03-30,2025,3,13,85,2025-03-30,202513,
2025-03-31,2025,3,13,86,2025-03-30,202513,
2025-04-10,2025,4,14,96,2025-04-06,202514,
2025-04-07,2025,4,14,93,2025-04-06,202514,
2025-04-12,2025,4,14,98,2025-04-06,202514,
2025-04-09,2025,4,14,95,2025-04-06,202514,
2025-04-11,2025,4,14,97,2025-04-06,202514,
2025-04-08,2025,4,14,94,2025-04-06,202514,
2025-04-06,2025,4,14,92,2025-04-06,202514,
2025-04-16,2025,4,15,102,2025-04-13,202515,
2025-04-17,2025,4,15,103,2025-04-13,202515,
2025-04-19,2025,4,15,105,2025-04-13,202515,
2025-04-13,2025,4,15,99,2025-04-13,202515,
2025-04-18,2025,4,15,104,2025-04-13,202515,
2025-04-15,2025,4,15,101,2025-04-13,202515,
2025-04-14,2025,4,15,100,2025-04-13,202515,
2025-04-25,2025,4,16,111,2025-04-20,202516,
2025-04-22,2025,4,16,108,2025-04-20,202516,
2025-04-26,2025,4,16,112,2025-04-20,202516,
2025-04-20,2025,4,16,106,2025-04-20,202516,
2025-04-24,2025,4,16,110,2025-04-20,202516,
2025-04-21,2025,4,16,107,2025-04-20,202516,
2025-04-23,2025,4,16,109,2025-04-20,202516,
2025-05-02,2025,4,17,118,2025-04-27,202517,
2025-04-29,2025,4,17,115,2025-04-27,202517,
2025-04-28,2025,4,17,114,2025-04-27,202517,
2025-05-01,2025,4,17,117,2025-04-27,202517,
2025-05-03,2025,4,17,119,2025-04-27,202517,
2025-04-27,2025,4,17,113,2025-04-27,202517,
2025-04-30,2025,4,17,116,2025-04-27,202517,
2025-05-10,2025,5,18,126,2025-05-04,202518,
2025-05-04,2025,5,18,120,2025-05-04,202518,
2025-05-08,2025,5,18,124,2025-05-04,202518,
2025-05-06,2025,5,18,122,2025-05-04,202518,
2025-05-09,2025,5,18,125,2025-05-04,202518,
2025-05-07,2025,5,18,123,2025-05-04,202518,
2025-05-05,2025,5,18,121,2025-05-04,202518,
2025-05-13,2025,5,19,129,2025-05-11,202519,
2025-05-11,2025,5,19,127,2025-05-11,202519,
2025-05-12,2025,5,19,128,2025-05-11,202519,
2025-05-15,2025,5,19,131,2025-05-11,202519,
2025-05-17,2025,5,19,133,2025-05-11,202519,
2025-05-14,2025,5,19,130,2025-05-11,202519,
2025-05-16,2025,5,19,132,2025-05-11,202519,
2025-05-19,2025,5,20,135,2025-05-18,202520,
2025-05-22,2025,5,20,138,2025-05-18,202520,
2025-05-20,2025,5,20,136,2025-05-18,202520,
2025-05-24,2025,5,20,140,2025-05-18,202520,
2025-05-21,2025,5,20,137,2025-05-18,202520,
2025-05-18,2025,5,20,134,2025-05-18,202520,
2025-05-23,2025,5,20,139,2025-05-18,202520,
2025-05-29,2025,5,21,145,2025-05-25,202521,
2025-05-28,2025,5,21,144,2025-05-25,202521,
2025-05-31,2025,5,21,147,2025-05-25,202521,
2025-05-27,2025,5,21,143,2025-05-25,202521,
2025-05-26,2025,5,21,142,2025-05-25,202521,
2025-05-30,2025,5,21,146,2025-05-25,202521,
2025-05-25,2025,5,21,141,2025-05-25,202521,
2025-06-04,2025,6,22,151,2025-06-01,202522,
2025-06-03,2025,6,22,150,2025-06-01,202522,
2025-06-02,2025,6,22,149,2025-06-01,202522,
2025-06-01,2025,6,22,148,2025-06-01,202522,
2025-06-05,2025,6,22,152,2025-06-01,202522,
2025-06-07,2025,6,22,154,2025-06-01,202522,
2025-06-06,2025,6,22,153,2025-06-01,202522,
2025-06-09,2025,6,23,156,2025-06-08,202523,
2025-06-08,2025,6,23,155,2025-06-08,202523,
2025-06-14,2025,6,23,161,2025-06-08,202523,
2025-06-13,2025,6,23,160,2025-06-08,202523,
2025-06-12,2025,6,23,159,2025-06-08,202523,
2025-06-11,2025,6,23,158,2025-06-08,202523,
2025-06-10,2025,6,23,157,2025-06-08,202523,
2025-06-18,2025,6,24,165,2025-06-15,202524,
2025-06-21,2025,6,24,168,2025-06-15,202524,
2025-06-20,2025,6,24,167,2025-06-15,202524,
2025-06-19,2025,6,24,166,2025-06-15,202524,
2025-06-16,2025,6,24,163,2025-06-15,202524,
2025-06-17,2025,6,24,164,2025-06-15,202524,
2025-06-15,2025,6,24,162,2025-06-15,202524,
2025-06-28,2025,6,25,175,2025-06-22,202525,
2025-06-23,2025,6,25,170,2025-06-22,202525,
2025-06-22,2025,6,25,169,2025-06-22,202525,
2025-06-24,2025,6,25,171,2025-06-22,202525,
2025-06-26,2025,6,25,173,2025-06-22,202525,
2025-06-25,2025,6,25,172,2025-06-22,202525,
2025-06-27,2025,6,25,174,2025-06-22,202525,
2025-07-02,2025,6,26,179,2025-06-29,202526,
2025-06-30,2025,6,26,177,2025-06-29,202526,
2025-07-04,2025,6,26,181,2025-06-29,202526,
2025-07-03,2025,6,26,180,2025-06-29,202526,
2025-07-05,2025,6,26,182,2025-06-29,202526,
2025-07-01,2025,6,26,178,2025-06-29,202526,
2025-06-29,2025,6,26,176,2025-06-29,202526,
2025-07-08,2025,7,27,185,2025-07-06,202527,
2025-07-10,2025,7,27,187,2025-07-06,202527,
2025-07-12,2025,7,27,189,2025-07-06,202527,
2025-07-09,2025,7,27,186,2025-07-06,202527,
2025-07-11,2025,7,27,188,2025-07-06,202527,
2025-07-07,2025,7,27,184,2025-07-06,202527,
2025-07-06,2025,7,27,183,2025-07-06,202527,
2025-07-17,2025,7,28,194,2025-07-13,202528,
2025-07-13,2025,7,28,190,2025-07-13,202528,
2025-07-14,2025,7,28,191,2025-07-13,202528,
2025-07-19,2025,7,28,196,2025-07-13,202528,
2025-07-15,2025,7,28,192,2025-07-13,202528,
2025-07-18,2025,7,28,195,2025-07-13,202528,
2025-07-16,2025,7,28,193,2025-07-13,202528,
2025-07-22,2025,7,29,199,2025-07-20,202529,
2025-07-23,2025,7,29,200,2025-07-20,202529,
2025-07-25,2025,7,29,202,2025-07-20,202529,
2025-07-20,2025,7,29,197,2025-07-20,202529,
2025-07-21,2025,7,29,198,2025-07-20,202529,
2025-07-24,2025,7,29,201,2025-07-20,202529,
2025-07-26,2025,7,29,203,2025-07-20,202529,
2025-07-29,2025,7,30,206,2025-07-27,202530,
2025-07-30,2025,7,30,207,2025-07-27,202530,
2025-07-27,2025,7,30,204,2025-07-27,202530,
2025-07-31,2025,7,30,208,2025-07-27,202530,
2025-08-01,2025,7,30,209,2025-07-27,202530,
2025-07-28,2025,7,30,205,2025-07-27,202530,
2025-08-02,2025,7,30,210,2025-07-27,202530,
2025-08-03,2025,8,31,211,2025-08-03,202531,
2025-08-06,2025,8,31,214,2025-08-03,202531,
2025-08-07,2025,8,31,215,2025-08-03,202531,
2025-08-09,2025,8,31,217,2025-08-03,202531,
2025-08-08,2025,8,31,216,2025-08-03,202531,
2025-08-04,2025,8,31,212,2025-08-03,202531,
2025-08-05,2025,8,31,213,2025-08-03,202531,
2025-08-10,2025,8,32,218,2025-08-10,202532,
2025-08-11,2025,8,32,219,2025-08-10,202532,
2025-08-13,2025,8,32,221,2025-08-10,202532,
2025-08-16,2025,8,32,224,2025-08-10,202532,
2025-08-14,2025,8,32,222,2025-08-10,202532,
2025-08-12,2025,8,32,220,2025-08-10,202532,
2025-08-15,2025,8,32,223,2025-08-10,202532,
2025-08-21,2025,8,33,229,2025-08-17,202533,
2025-08-22,2025,8,33,230,2025-08-17,202533,
2025-08-20,2025,8,33,228,2025-08-17,202533,
2025-08-18,2025,8,33,226,2025-08-17,202533,
2025-08-23,2025,8,33,231,2025-08-17,202533,
2025-08-17,2025,8,33,225,2025-08-17,202533,
2025-08-19,2025,8,33,227,2025-08-17,202533,
2025-08-25,2025,8,34,233,2025-08-24,202534,
2025-08-26,2025,8,34,234,2025-08-24,202534,
2025-08-24,2025,8,34,232,2025-08-24,202534,
2025-08-28,2025,8,34,236,2025-08-24,202534,
2025-08-30,2025,8,34,238,2025-08-24,202534,
2025-08-27,2025,8,34,235,2025-08-24,202534,
2025-08-29,2025,8,34,237,2025-08-24,202534,
2025-09-04,2025,9,35,243,2025-08-31,202535,
2025-09-05,2025,9,35,244,2025-08-31,202535,
2025-08-31,2025,9,35,239,2025-08-31,202535,
2025-09-03,2025,9,35,242,2025-08-31,202535,
2025-09-06,2025,9,35,245,2025-08-31,202535,
2025-09-02,2025,9,35,241,2025-08-31,202535,
2025-09-01,2025,9,35,240,2025-08-31,202535,
2025-09-10,2025,9,36,249,2025-09-07,202536,
2025-09-08,2025,9,36,247,2025-09-07,202536,
2025-09-13,2025,9,36,252,2025-09-07,202536,
2025-09-12,2025,9,36,251,2025-09-07,202536,
2025-09-11,2025,9,36,250,2025-09-07,202536,
2025-09-07,2025,9,36,246,2025-09-07,202536,
2025-09-09,2025,9,36,248,2025-09-07,202536,
2025-09-15,2025,9,37,254,2025-09-14,202537,
2025-09-16,2025,9,37,255,2025-09-14,202537,
2025-09-18,2025,9,37,257,2025-09-14,202537,
2025-09-20,2025,9,37,259,2025-09-14,202537,
2025-09-17,2025,9,37,256,2025-09-14,202537,
2025-09-14,2025,9,37,253,2025-09-14,202537,
2025-09-19,2025,9,37,258,2025-09-14,202537,
2025-09-21,2025,9,38,260,2025-09-21,202538,
2025-09-22,2025,9,38,261,2025-09-21,202538,
2025-09-24,2025,9,38,263,2025-09-21,202538,
2025-09-25,2025,9,38,264,2025-09-21,202538,
2025-09-23,2025,9,38,262,2025-09-21,202538,
2025-09-27,2025,9,38,266,2025-09-21,202538,
2025-09-26,2025,9,38,265,2025-09-21,202538,
2025-10-01,2025,9,39,270,2025-09-28,202539,
2025-09-29,2025,9,39,268,2025-09-28,202539,
2025-10-04,2025,9,39,273,2025-09-28,202539,
2025-09-30,2025,9,39,269,2025-09-28,202539,
2025-10-03,2025,9,39,272,2025-09-28,202539,
2025-10-02,2025,9,39,271,2025-09-28,202539,
2025-09-28,2025,9,39,267,2025-09-28,202539,
2025-10-09,2025,10,40,278,2025-10-05,202540,
2025-10-08,2025,10,40,277,2025-10-05,202540,
2025-10-06,2025,10,40,275,2025-10-05,202540,
2025-10-07,2025,10,40,276,2025-10-05,202540,
2025-10-10,2025,10,40,279,2025-10-05,202540,
2025-10-05,2025,10,40,274,2025-10-05,202540,
2025-10-11,2025,10,40,280,2025-10-05,202540,
2025-10-15,2025,10,41,284,2025-10-12,202541,
2025-10-16,2025,10,41,285,2025-10-12,202541,
2025-10-12,2025,10,41,281,2025-10-12,202541,
2025-10-18,2025,10,41,287,2025-10-12,202541,
2025-10-17,2025,10,41,286,2025-10-12,202541,
2025-10-13,2025,10,41,282,2025-10-12,202541,
2025-10-14,2025,10,41,283,2025-10-12,202541,
2025-10-24,2025,10,42,293,2025-10-19,202542,
2025-10-25,2025,10,42,294,2025-10-19,202542,
2025-10-22,2025,10,42,291,2025-10-19,202542,
2025-10-23,2025,10,42,292,2025-10-19,202542,
2025-10-19,2025,10,42,288,2025-10-19,202542,
2025-10-21,2025,10,42,290,2025-10-19,202542,
2025-10-20,2025,10,42,289,2025-10-19,202542,
2025-10-27,2025,10,43,296,2025-10-26,202543,
2025-10-31,2025,10,43,300,2025-10-26,202543,
2025-10-30,2025,10,43,299,2025-10-26,202543,
2025-10-28,2025,10,43,297,2025-10-26,202543,
2025-11-01,2025,10,43,301,2025-10-26,202543,
2025-10-26,2025,10,43,295,2025-10-26,202543,
2025-10-29,2025,10,43,298,2025-10-26,202543,
2025-11-07,2025,11,44,307,2025-11-02,202544,
2025-11-06,2025,11,44,306,2025-11-02,202544,
2025-11-08,2025,11,44,308,2025-11-02,202544,
2025-11-03,2025,11,44,303,2025-11-02,202544,
2025-11-05,2025,11,44,305,2025-11-02,202544,
2025-11-02,2025,11,44,302,2025-11-02,202544,
2025-11-04,2025,11,44,304,2025-11-02,202544,
2025-11-12,2025,11,45,312,2025-11-09,202545,
2025-11-14,2025,11,45,314,2025-11-09,202545,
2025-11-10,2025,11,45,310,2025-11-09,202545,
2025-11-15,2025,11,45,315,2025-11-09,202545,
2025-11-13,2025,11,45,313,2025-11-09,202545,
2025-11-09,2025,11,45,309,2025-11-09,202545,
2025-11-11,2025,11,45,311,2025-11-09,202545,
2025-11-16,2025,11,46,316,2025-11-16,202546,
2025-11-20,2025,11,46,320,2025-11-16,202546,
2025-11-19,2025,11,46,319,2025-11-16,202546,
2025-11-22,2025,11,46,322,2025-11-16,202546,
2025-11-18,2025,11,46,318,2025-11-16,202546,
2025-11-21,2025,11,46,321,2025-11-16,202546,
2025-11-17,2025,11,46,317,2025-11-16,202546,
2025-11-29,2025,11,47,329,2025-11-23,202547,
2025-11-27,2025,11,47,327,2025-11-23,202547,
2025-11-26,2025,11,47,326,2025-11-23,202547,
2025-11-28,2025,11,47,328,2025-11-23,202547,
2025-11-24,2025,11,47,324,2025-11-23,202547,
2025-11-25,2025,11,47,325,2025-11-23,202547,
2025-11-23,2025,11,47,323,2025-11-23,202547,
2025-12-02,2025,12,48,332,2025-11-30,202548,
2025-12-03,2025,12,48,333,2025-11-30,202548,
2025-12-06,2025,12,48,336,2025-11-30,202548,
2025-12-05,2025,12,48,335,2025-11-30,202548,
2025-12-01,2025,12,48,331,2025-11-30,202548,
2025-11-30,2025,12,48,330,2025-11-30,202548,
2025-12-04,2025,12,48,334,2025-11-30,202548,
2025-12-07,2025,12,49,337,2025-12-07,202549,
2025-12-10,2025,12,49,340,2025-12-07,202549,
2025-12-12,2025,12,49,342,2025-12-07,202549,
2025-12-11,2025,12,49,341,2025-12-07,202549,
2025-12-08,2025,12,49,338,2025-12-07,202549,
2025-12-09,2025,12,49,339,2025-12-07,202549,
2025-12-13,2025,12,49,343,2025-12-07,202549,
2025-12-20,2025,12,50,350,2025-12-14,202550,
2025-12-14,2025,12,50,344,2025-12-14,202550,
2025-12-18,2025,12,50,348,2025-12-14,202550,
2025-12-19,2025,12,50,349,2025-12-14,202550,
2025-12-17,2025,12,50,347,2025-12-14,202550,
2025-12-15,2025,12,50,345,2025-12-14,202550,
2025-12-16,2025,12,50,346,2025-12-14,202550,
2025-12-23,2025,12,51,353,2025-12-21,202551,
2025-12-21,2025,12,51,351,2025-12-21,202551,
2025-12-26,2025,12,51,356,2025-12-21,202551,
2025-12-25,2025,12,51,355,2025-12-21,202551,
2025-12-22,2025,12,51,352,2025-12-21,202551,
2025-12-27,2025,12,51,357,2025-12-21,202551,
2025-12-24,2025,12,51,354,2025-12-21,202551,
2025-12-28,2025,12,52,358,2025-12-28,202552,
2026-01-02,2025,12,52,363,2025-12-28,202552,
2026-01-01,2025,12,52,362,2025-12-28,202552,
2025-12-30,2025,12,52,360,2025-12-28,202552,
2026-01-03,2025,12,52,364,2025-12-28,202552,
2025-12-31,2025,12,52,361,2025-12-28,202552,
2025-12-29,2025,12,52,359,2025-12-28,202552,
2026-01-04,2026,1,1,1,2026-01-04,202601,
2026-01-05,2026,1,1,2,2026-01-04,202601,
2026-01-08,2026,1,1,5,2026-01-04,202601,
2026-01-07,2026,1,1,4,2026-01-04,202601,
2026-01-09,2026,1,1,6,2026-01-04,202601,
2026-01-06,2026,1,1,3,2026-01-04,202601,
2026-01-10,2026,1,1,7,2026-01-04,202601,
2026-01-16,2026,1,2,13,2026-01-11,202602,
2026-01-17,2026,1,2,14,2026-01-11,202602,
2026-01-15,2026,1,2,12,2026-01-11,202602,
2026-01-13,2026,1,2,10,2026-01-11,202602,
2026-01-14,2026,1,2,11,2026-01-11,202602,
2026-01-11,2026,1,2,8,2026-01-11,202602,
2026-01-12,2026,1,2,9,2026-01-11,202602,
2026-01-23,2026,1,3,20,2026-01-18,202603,
2026-01-24,2026,1,3,21,2026-01-18,202603,
2026-01-21,2026,1,3,18,2026-01-18,202603,
2026-01-20,2026,1,3,17,2026-01-18,202603,
2026-01-22,2026,1,3,19,2026-01-18,202603,
2026-01-19,2026,1,3,16,2026-01-18,202603,
2026-01-18,2026,1,3,15,2026-01-18,202603,
2026-01-28,2026,1,4,25,2026-01-25,202604,
2026-01-26,2026,1,4,23,2026-01-25,202604,
2026-01-30,2026,1,4,27,2026-01-25,202604,
2026-01-25,2026,1,4,22,2026-01-25,202604,
2026-01-27,2026,1,4,24,2026-01-25,202604,
2026-01-29,2026,1,4,26,2026-01-25,202604,
2026-01-31,2026,1,4,28,2026-01-25,202604,
2026-02-04,2026,2,5,32,2026-02-01,202605,
2026-02-05,2026,2,5,33,2026-02-01,202605,
2026-02-03,2026,2,5,31,2026-02-01,202605,
2026-02-01,2026,2,5,29,2026-02-01,202605,
2026-02-02,2026,2,5,30,2026-02-01,202605,
2026-02-07,2026,2,5,35,2026-02-01,202605,
2026-02-06,2026,2,5,34,2026-02-01,202605,
2026-02-14,2026,2,6,42,2026-02-08,202606,
2026-02-10,2026,2,6,38,2026-02-08,202606,
2026-02-12,2026,2,6,40,2026-02-08,202606,
2026-02-11,2026,2,6,39,2026-02-08,202606,
2026-02-08,2026,2,6,36,2026-02-08,202606,
2026-02-09,2026,2,6,37,2026-02-08,202606,
2026-02-13,2026,2,6,41,2026-02-08,202606,
2026-02-17,2026,2,7,45,2026-02-15,202607,
2026-02-16,2026,2,7,44,2026-02-15,202607,
2026-02-20,2026,2,7,48,2026-02-15,202607,
2026-02-19,2026,2,7,47,2026-02-15,202607,
2026-02-15,2026,2,7,43,2026-02-15,202607,
2026-02-18,2026,2,7,46,2026-02-15,202607,
2026-02-21,2026,2,7,49,2026-02-15,202607,
2026-02-22,2026,2,8,50,2026-02-22,202608,
2026-02-27,2026,2,8,55,2026-02-22,202608,
2026-02-25,2026,2,8,53,2026-02-22,202608,
2026-02-24,2026,2,8,52,2026-02-22,202608,
2026-02-23,2026,2,8,51,2026-02-22,202608,
2026-02-26,2026,2,8,54,2026-02-22,202608,
2026-02-28,2026,2,8,56,2026-02-22,202608,
2026-03-04,2026,3,9,60,2026-03-01,202609,
2026-03-02,2026,3,9,58,2026-03-01,202609,
2026-03-07,2026,3,9,63,2026-03-01,202609,
2026-03-03,2026,3,9,59,2026-03-01,202609,
2026-03-06,2026,3,9,62,2026-03-01,202609,
2026-03-05,2026,3,9,61,2026-03-01,202609,
2026-03-01,2026,3,9,57,2026-03-01,202609,
2026-03-11,2026,3,10,67,2026-03-08,202610,
2026-03-08,2026,3,10,64,2026-03-08,202610,
2026-03-09,2026,3,10,65,2026-03-08,202610,
2026-03-13,2026,3,10,69,2026-03-08,202610,
2026-03-10,2026,3,10,66,2026-03-08,202610,
2026-03-14,2026,3,10,70,2026-03-08,202610,
2026-03-12,2026,3,10,68,2026-03-08,202610,
2026-03-20,2026,3,11,76,2026-03-15,202611,
2026-03-19,2026,3,11,75,2026-03-15,202611,
2026-03-21,2026,3,11,77,2026-03-15,202611,
2026-03-15,2026,3,11,71,2026-03-15,202611,
2026-03-18,2026,3,11,74,2026-03-15,202611,
2026-03-16,2026,3,11,72,2026-03-15,202611,
2026-03-17,2026,3,11,73,2026-03-15,202611,
2026-03-26,2026,3,12,82,2026-03-22,202612,
2026-03-27,2026,3,12,83,2026-03-22,202612,
2026-03-28,2026,3,12,84,2026-03-22,202612,
2026-03-25,2026,3,12,81,2026-03-22,202612,
2026-03-23,2026,3,12,79,2026-03-22,202612,
2026-03-24,2026,3,12,80,2026-03-22,202612,
2026-03-22,2026,3,12,78,2026-03-22,202612,
2026-03-29,2026,3,13,85,2026-03-29,202613,
2026-03-31,2026,3,13,87,2026-03-29,202613,
2026-03-30,2026,3,13,86,2026-03-29,202613,
2026-04-02,2026,3,13,89,2026-03-29,202613,
2026-04-01,2026,3,13,88,2026-03-29,202613,
2026-04-04,2026,3,13,91,2026-03-29,202613,
2026-04-03,2026,3,13,90,2026-03-29,202613,
2026-04-08,2026,4,14,95,2026-04-05,202614,
2026-04-10,2026,4,14,97,2026-04-05,202614,
2026-04-07,2026,4,14,94,2026-04-05,202614,
2026-04-05,2026,4,14,92,2026-04-05,202614,
2026-04-11,2026,4,14,98,2026-04-05,202614,
2026-04-06,2026,4,14,93,2026-04-05,202614,
2026-04-09,2026,4,14,96,2026-04-05,202614,
2026-04-12,2026,4,15,99,2026-04-12,202615,
2026-04-17,2026,4,15,104,2026-04-12,202615,
2026-04-14,2026,4,15,101,2026-04-12,202615,
2026-04-18,2026,4,15,105,2026-04-12,202615,
2026-04-16,2026,4,15,103,2026-04-12,202615,
2026-04-15,2026,4,15,102,2026-04-12,202615,
2026-04-13,2026,4,15,100,2026-04-12,202615,
2026-04-20,2026,4,16,107,2026-04-19,202616,
2026-04-19,2026,4,16,106,2026-04-19,202616,
2026-04-23,2026,4,16,110,2026-04-19,202616,
2026-04-24,2026,4,16,111,2026-04-19,202616,
2026-04-25,2026,4,16,112,2026-04-19,202616,
2026-04-22,2026,4,16,109,2026-04-19,202616,
2026-04-21,2026,4,16,108,2026-04-19,202616,
2026-04-28,2026,4,17,115,2026-04-26,202617,
2026-04-30,2026,4,17,117,2026-04-26,202617,
2026-04-27,2026,4,17,114,2026-04-26,202617,
2026-05-01,2026,4,17,118,2026-04-26,202617,
2026-04-26,2026,4,17,113,2026-04-26,202617,
2026-04-29,2026,4,17,116,2026-04-26,202617,
2026-05-02,2026,4,17,119,2026-04-26,202617,
2026-05-06,2026,5,18,123,2026-05-03,202618,
2026-05-08,2026,5,18,125,2026-05-03,202618,
2026-05-05,2026,5,18,122,2026-05-03,202618,
2026-05-04,2026,5,18,121,2026-05-03,202618,
2026-05-03,2026,5,18,120,2026-05-03,202618,
2026-05-09,2026,5,18,126,2026-05-03,202618,
2026-05-07,2026,5,18,124,2026-05-03,202618,
2026-05-14,2026,5,19,131,2026-05-10,202619,
2026-05-11,2026,5,19,128,2026-05-10,202619,
2026-05-10,2026,5,19,127,2026-05-10,202619,
2026-05-15,2026,5,19,132,2026-05-10,202619,
2026-05-13,2026,5,19,130,2026-05-10,202619,
2026-05-12,2026,5,19,129,2026-05-10,202619,
2026-05-16,2026,5,19,133,2026-05-10,202619,
2026-05-19,2026,5,20,136,2026-05-17,202620,
2026-05-22,2026,5,20,139,2026-05-17,202620,
2026-05-23,2026,5,20,140,2026-05-17,202620,
2026-05-17,2026,5,20,134,2026-05-17,202620,
2026-05-21,2026,5,20,138,2026-05-17,202620,
2026-05-20,2026,5,20,137,2026-05-17,202620,
2026-05-18,2026,5,20,135,2026-05-17,202620,
2026-05-29,2026,5,21,146,2026-05-24,202621,
2026-05-24,2026,5,21,141,2026-05-24,202621,
2026-05-25,2026,5,21,142,2026-05-24,202621,
2026-05-30,2026,5,21,147,2026-05-24,202621,
2026-05-28,2026,5,21,145,2026-05-24,202621,
2026-05-27,2026,5,21,144,2026-05-24,202621,
2026-05-26,2026,5,21,143,2026-05-24,202621,
2026-05-31,2026,6,22,148,2026-05-31,202622,
2026-06-05,2026,6,22,153,2026-05-31,202622,
2026-06-04,2026,6,22,152,2026-05-31,202622,
2026-06-06,2026,6,22,154,2026-05-31,202622,
2026-06-03,2026,6,22,151,2026-05-31,202622,
2026-06-01,2026,6,22,149,2026-05-31,202622,
2026-06-02,2026,6,22,150,2026-05-31,202622,
2026-06-10,2026,6,23,158,2026-06-07,202623,
2026-06-11,2026,6,23,159,2026-06-07,202623,
2026-06-08,2026,6,23,156,2026-06-07,202623,
2026-06-09,2026,6,23,157,2026-06-07,202623,
2026-06-12,2026,6,23,160,2026-06-07,202623,
2026-06-07,2026,6,23,155,2026-06-07,202623,
2026-06-13,2026,6,23,161,2026-06-07,202623,
2026-06-19,2026,6,24,167,2026-06-14,202624,
2026-06-14,2026,6,24,162,2026-06-14,202624,
2026-06-17,2026,6,24,165,2026-06-14,202624,
2026-06-18,2026,6,24,166,2026-06-14,202624,
2026-06-15,2026,6,24,163,2026-06-14,202624,
2026-06-20,2026,6,24,168,2026-06-14,202624,
2026-06-16,2026,6,24,164,2026-06-14,202624,
2026-06-26,2026,6,25,174,2026-06-21,202625,
2026-06-24,2026,6,25,172,2026-06-21,202625,
2026-06-27,2026,6,25,175,2026-06-21,202625,
2026-06-23,2026,6,25,171,2026-06-21,202625,
2026-06-25,2026,6,25,173,2026-06-21,202625,
2026-06-21,2026,6,25,169,2026-06-21,202625,
2026-06-22,2026,6,25,170,2026-06-21,202625,
2026-07-03,2026,6,26,181,2026-06-28,202626,
2026-07-04,2026,6,26,182,2026-06-28,202626,
2026-06-29,2026,6,26,177,2026-06-28,202626,
2026-06-30,2026,6,26,178,2026-06-28,202626,
2026-07-01,2026,6,26,179,2026-06-28,202626,
2026-07-02,2026,6,26,180,2026-06-28,202626,
2026-06-28,2026,6,26,176,2026-06-28,202626,
2026-07-05,2026,7,27,183,2026-07-05,202627,
2026-07-10,2026,7,27,188,2026-07-05,202627,
2026-07-11,2026,7,27,189,2026-07-05,202627,
2026-07-07,2026,7,27,185,2026-07-05,202627,
2026-07-09,2026,7,27,187,2026-07-05,202627,
2026-07-06,2026,7,27,184,2026-07-05,202627,
2026-07-08,2026,7,27,186,2026-07-05,202627,
2026-07-15,2026,7,28,193,2026-07-12,202628,
2026-07-13,2026,7,28,191,2026-07-12,202628,
2026-07-17,2026,7,28,195,2026-07-12,202628,
2026-07-12,2026,7,28,190,2026-07-12,202628,
2026-07-16,2026,7,28,194,2026-07-12,202628,
2026-07-18,2026,7,28,196,2026-07-12,202628,
2026-07-14,2026,7,28,192,2026-07-12,202628,
2026-07-20,2026,7,29,198,2026-07-19,202629,
2026-07-23,2026,7,29,201,2026-07-19,202629,
2026-07-21,2026,7,29,199,2026-07-19,202629,
2026-07-24,2026,7,29,202,2026-07-19,202629,
2026-07-22,2026,7,29,200,2026-07-19,202629,
2026-07-19,2026,7,29,197,2026-07-19,202629,
2026-07-25,2026,7,29,203,2026-07-19,202629,
2026-07-28,2026,7,30,206,2026-07-26,202630,
2026-07-30,2026,7,30,208,2026-07-26,202630,
2026-07-27,2026,7,30,205,2026-07-26,202630,
2026-07-29,2026,7,30,207,2026-07-26,202630,
2026-07-26,2026,7,30,204,2026-07-26,202630,
2026-07-31,2026,7,30,209,2026-07-26,202630,
2026-08-01,2026,7,30,210,2026-07-26,202630,
2026-08-05,2026,8,31,214,2026-08-02,202631,
2026-08-08,2026,8,31,217,2026-08-02,202631,
2026-08-03,2026,8,31,212,2026-08-02,202631,
2026-08-04,2026,8,31,213,2026-08-02,202631,
2026-08-07,2026,8,31,216,2026-08-02,202631,
2026-08-02,2026,8,31,211,2026-08-02,202631,
2026-08-06,2026,8,31,215,2026-08-02,202631,
2026-08-10,2026,8,32,219,2026-08-09,202632,
2026-08-11,2026,8,32,220,2026-08-09,202632,
2026-08-09,2026,8,32,218,2026-08-09,202632,
2026-08-14,2026,8,32,223,2026-08-09,202632,
2026-08-13,2026,8,32,222,2026-08-09,202632,
2026-08-12,2026,8,32,221,2026-08-09,202632,
2026-08-15,2026,8,32,224,2026-08-09,202632,
2026-08-19,2026,8,33,228,2026-08-16,202633,
2026-08-17,2026,8,33,226,2026-08-16,202633,
2026-08-20,2026,8,33,229,2026-08-16,202633,
2026-08-22,2026,8,33,231,2026-08-16,202633,
2026-08-18,2026,8,33,227,2026-08-16,202633,
2026-08-16,2026,8,33,225,2026-08-16,202633,
2026-08-21,2026,8,33,230,2026-08-16,202633,
2026-08-25,2026,8,34,234,2026-08-23,202634,
2026-08-26,2026,8,34,235,2026-08-23,202634,
2026-08-23,2026,8,34,232,2026-08-23,202634,
2026-08-27,2026,8,34,236,2026-08-23,202634,
2026-08-28,2026,8,34,237,2026-08-23,202634,
2026-08-24,2026,8,34,233,2026-08-23,202634,
2026-08-29,2026,8,34,238,2026-08-23,202634,
2026-08-30,2026,9,35,239,2026-08-30,202635,
2026-09-04,2026,9,35,244,2026-08-30,202635,
2026-09-05,2026,9,35,245,2026-08-30,202635,
2026-08-31,2026,9,35,240,2026-08-30,202635,
2026-09-01,2026,9,35,241,2026-08-30,202635,
2026-09-03,2026,9,35,243,2026-08-30,202635,
2026-09-02,2026,9,35,242,2026-08-30,202635,
2026-09-10,2026,9,36,250,2026-09-06,202636,
2026-09-07,2026,9,36,247,2026-09-06,202636,
2026-09-09,2026,9,36,249,2026-09-06,202636,
2026-09-06,2026,9,36,246,2026-09-06,202636,
2026-09-12,2026,9,36,252,2026-09-06,202636,
2026-09-11,2026,9,36,251,2026-09-06,202636,
2026-09-08,2026,9,36,248,2026-09-06,202636,
2026-09-14,2026,9,37,254,2026-09-13,202637,
2026-09-18,2026,9,37,258,2026-09-13,202637,
2026-09-17,2026,9,37,257,2026-09-13,202637,
2026-09-16,2026,9,37,256,2026-09-13,202637,
2026-09-15,2026,9,37,255,2026-09-13,202637,
2026-09-13,2026,9,37,253,2026-09-13,202637,
2026-09-19,2026,9,37,259,2026-09-13,202637,
2026-09-20,2026,9,38,260,2026-09-20,202638,
2026-09-22,2026,9,38,262,2026-09-20,202638,
2026-09-21,2026,9,38,261,2026-09-20,202638,
2026-09-26,2026,9,38,266,2026-09-20,202638,
2026-09-23,2026,9,38,263,2026-09-20,202638,
2026-09-25,2026,9,38,265,2026-09-20,202638,
2026-09-24,2026,9,38,264,2026-09-20,202638,
2026-09-28,2026,9,39,268,2026-09-27,202639,
2026-10-03,2026,9,39,273,2026-09-27,202639,
2026-09-27,2026,9,39,267,2026-09-27,202639,
2026-09-29,2026,9,39,269,2026-09-27,202639,
2026-10-02,2026,9,39,272,2026-09-27,202639,
2026-10-01,2026,9,39,271,2026-09-27,202639,
2026-09-30,2026,9,39,270,2026-09-27,202639,
2026-10-07,2026,10,40,277,2026-10-04,202640,
2026-10-08,2026,10,40,278,2026-10-04,202640,
2026-10-10,2026,10,40,280,2026-10-04,202640,
2026-10-09,2026,10,40,279,2026-10-04,202640,
2026-10-06,2026,10,40,276,2026-10-04,202640,
2026-10-05,2026,10,40,275,2026-10-04,202640,
2026-10-04,2026,10,40,274,2026-10-04,202640,
2026-10-14,2026,10,41,284,2026-10-11,202641,
2026-10-16,2026,10,41,286,2026-10-11,202641,
2026-10-17,2026,10,41,287,2026-10-11,202641,
2026-10-15,2026,10,41,285,2026-10-11,202641,
2026-10-11,2026,10,41,281,2026-10-11,202641,
2026-10-13,2026,10,41,283,2026-10-11,202641,
2026-10-12,2026,10,41,282,2026-10-11,202641,
2026-10-21,2026,10,42,291,2026-10-18,202642,
2026-10-24,2026,10,42,294,2026-10-18,202642,
2026-10-19,2026,10,42,289,2026-10-18,202642,
2026-10-22,2026,10,42,292,2026-10-18,202642,
2026-10-18,2026,10,42,288,2026-10-18,202642,
2026-10-20,2026,10,42,290,2026-10-18,202642,
2026-10-23,2026,10,42,293,2026-10-18,202642,
2026-10-28,2026,10,43,298,2026-10-25,202643,
2026-10-30,2026,10,43,300,2026-10-25,202643,
2026-10-26,2026,10,43,296,2026-10-25,202643,
2026-10-27,2026,10,43,297,2026-10-25,202643,
2026-10-25,2026,10,43,295,2026-10-25,202643,
2026-10-31,2026,10,43,301,2026-10-25,202643,
2026-10-29,2026,10,43,299,2026-10-25,202643,
2026-11-07,2026,11,44,308,2026-11-01,202644,
2026-11-04,2026,11,44,305,2026-11-01,202644,
2026-11-01,2026,11,44,302,2026-11-01,202644,
2026-11-05,2026,11,44,306,2026-11-01,202644,
2026-11-03,2026,11,44,304,2026-11-01,202644,
2026-11-06,2026,11,44,307,2026-11-01,202644,
2026-11-02,2026,11,44,303,2026-11-01,202644,
2026-11-08,2026,11,45,309,2026-11-08,202645,
2026-11-14,2026,11,45,315,2026-11-08,202645,
2026-11-11,2026,11,45,312,2026-11-08,202645,
2026-11-10,2026,11,45,311,2026-11-08,202645,
2026-11-13,2026,11,45,314,2026-11-08,202645,
2026-11-12,2026,11,45,313,2026-11-08,202645,
2026-11-09,2026,11,45,310,2026-11-08,202645,
2026-11-16,2026,11,46,317,2026-11-15,202646,
2026-11-21,2026,11,46,322,2026-11-15,202646,
2026-11-15,2026,11,46,316,2026-11-15,202646,
2026-11-20,2026,11,46,321,2026-11-15,202646,
2026-11-18,2026,11,46,319,2026-11-15,202646,
2026-11-17,2026,11,46,318,2026-11-15,202646,
2026-11-19,2026,11,46,320,2026-11-15,202646,
2026-11-22,2026,11,47,323,2026-11-22,202647,
2026-11-23,2026,11,47,324,2026-11-22,202647,
2026-11-25,2026,11,47,326,2026-11-22,202647,
2026-11-26,2026,11,47,327,2026-11-22,202647,
2026-11-27,2026,11,47,328,2026-11-22,202647,
2026-11-28,2026,11,47,329,2026-11-22,202647,
2026-11-24,2026,11,47,325,2026-11-22,202647,
2026-11-29,2026,12,48,330,2026-11-29,202648,
2026-12-02,2026,12,48,333,2026-11-29,202648,
2026-12-01,2026,12,48,332,2026-11-29,202648,
2026-12-05,2026,12,48,336,2026-11-29,202648,
2026-12-03,2026,12,48,334,2026-11-29,202648,
2026-12-04,2026,12,48,335,2026-11-29,202648,
2026-11-30,2026,12,48,331,2026-11-29,202648,
2026-12-12,2026,12,49,343,2026-12-06,202649,
2026-12-11,2026,12,49,342,2026-12-06,202649,
2026-12-08,2026,12,49,339,2026-12-06,202649,
2026-12-07,2026,12,49,338,2026-12-06,202649,
2026-12-10,2026,12,49,341,2026-12-06,202649,
2026-12-09,2026,12,49,340,2026-12-06,202649,
2026-12-06,2026,12,49,337,2026-12-06,202649,
2026-12-17,2026,12,50,348,2026-12-13,202650,
2026-12-18,2026,12,50,349,2026-12-13,202650,
2026-12-13,2026,12,50,344,2026-12-13,202650,
2026-12-15,2026,12,50,346,2026-12-13,202650,
2026-12-14,2026,12,50,345,2026-12-13,202650,
2026-12-16,2026,12,50,347,2026-12-13,202650,
2026-12-19,2026,12,50,350,2026-12-13,202650,
2026-12-25,2026,12,51,356,2026-12-20,202651,
2026-12-24,2026,12,51,355,2026-12-20,202651,
2026-12-23,2026,12,51,354,2026-12-20,202651,
2026-12-21,2026,12,51,352,2026-12-20,202651,
2026-12-20,2026,12,51,351,2026-12-20,202651,
2026-12-22,2026,12,51,353,2026-12-20,202651,
2026-12-26,2026,12,51,357,2026-12-20,202651,
2027-01-02,2026,12,52,364,2026-12-27,202652,
2027-01-01,2026,12,52,363,2026-12-27,202652,
2026-12-29,2026,12,52,360,2026-12-27,202652,
2026-12-31,2026,12,52,362,2026-12-27,202652,
2026-12-27,2026,12,52,358,2026-12-27,202652,
2026-12-28,2026,12,52,359,2026-12-27,202652,
2026-12-30,2026,12,52,361,2026-12-27,202652,
2027-01-04,2027,1,1,2,2027-01-03,202701,
2027-01-06,2027,1,1,4,2027-01-03,202701,
2027-01-07,2027,1,1,5,2027-01-03,202701,
2027-01-03,2027,1,1,1,2027-01-03,202701,
2027-01-09,2027,1,1,7,2027-01-03,202701,
2027-01-08,2027,1,1,6,2027-01-03,202701,
2027-01-05,2027,1,1,3,2027-01-03,202701,
2027-01-11,2027,1,2,9,2027-01-10,202702,
2027-01-12,2027,1,2,10,2027-01-10,202702,
2027-01-10,2027,1,2,8,2027-01-10,202702,
2027-01-15,2027,1,2,13,2027-01-10,202702,
2027-01-14,2027,1,2,12,2027-01-10,202702,
2027-01-16,2027,1,2,14,2027-01-10,202702,
2027-01-13,2027,1,2,11,2027-01-10,202702,
2027-01-22,2027,1,3,20,2027-01-17,202703,
2027-01-18,2027,1,3,16,2027-01-17,202703,
2027-01-19,2027,1,3,17,2027-01-17,202703,
2027-01-20,2027,1,3,18,2027-01-17,202703,
2027-01-21,2027,1,3,19,2027-01-17,202703,
2027-01-23,2027,1,3,21,2027-01-17,202703,
2027-01-17,2027,1,3,15,2027-01-17,202703,
2027-01-26,2027,1,4,24,2027-01-24,202704,
2027-01-25,2027,1,4,23,2027-01-24,202704,
2027-01-28,2027,1,4,26,2027-01-24,202704,
2027-01-29,2027,1,4,27,2027-01-24,202704,
2027-01-27,2027,1,4,25,2027-01-24,202704,
2027-01-24,2027,1,4,22,2027-01-24,202704,
2027-01-30,2027,1,4,28,2027-01-24,202704,
2027-02-01,2027,2,5,30,2027-01-31,202705,
2027-02-05,2027,2,5,34,2027-01-31,202705,
2027-02-02,2027,2,5,31,2027-01-31,202705,
2027-02-06,2027,2,5,35,2027-01-31,202705,
2027-01-31,2027,2,5,29,2027-01-31,202705,
2027-02-04,2027,2,5,33,2027-01-31,202705,
2027-02-03,2027,2,5,32,2027-01-31,202705,
2027-02-11,2027,2,6,40,2027-02-07,202706,
2027-02-13,2027,2,6,42,2027-02-07,202706,
2027-02-10,2027,2,6,39,2027-02-07,202706,
2027-02-07,2027,2,6,36,2027-02-07,202706,
2027-02-12,2027,2,6,41,2027-02-07,202706,
2027-02-09,2027,2,6,38,2027-02-07,202706,
2027-02-08,2027,2,6,37,2027-02-07,202706,
2027-02-15,2027,2,7,44,2027-02-14,202707,
2027-02-20,2027,2,7,49,2027-02-14,202707,
2027-02-17,2027,2,7,46,2027-02-14,202707,
2027-02-19,2027,2,7,48,2027-02-14,202707,
2027-02-18,2027,2,7,47,2027-02-14,202707,
2027-02-16,2027,2,7,45,2027-02-14,202707,
2027-02-14,2027,2,7,43,2027-02-14,202707,
2027-02-27,2027,2,8,56,2027-02-21,202708,
2027-02-22,2027,2,8,51,2027-02-21,202708,
2027-02-26,2027,2,8,55,2027-02-21,202708,
2027-02-25,2027,2,8,54,2027-02-21,202708,
2027-02-23,2027,2,8,52,2027-02-21,202708,
2027-02-21,2027,2,8,50,2027-02-21,202708,
2027-02-24,2027,2,8,53,2027-02-21,202708,
2027-03-06,2027,3,9,63,2027-02-28,202709,
2027-03-04,2027,3,9,61,2027-02-28,202709,
2027-03-03,2027,3,9,60,2027-02-28,202709,
2027-02-28,2027,3,9,57,2027-02-28,202709,
2027-03-05,2027,3,9,62,2027-02-28,202709,
2027-03-02,2027,3,9,59,2027-02-28,202709,
2027-03-01,2027,3,9,58,2027-02-28,202709,
2027-03-13,2027,3,10,70,2027-03-07,202710,
2027-03-10,2027,3,10,67,2027-03-07,202710,
2027-03-07,2027,3,10,64,2027-03-07,202710,
2027-03-12,2027,3,10,69,2027-03-07,202710,
2027-03-11,2027,3,10,68,2027-03-07,202710,
2027-03-08,2027,3,10,65,2027-03-07,202710,
2027-03-09,2027,3,10,66,2027-03-07,202710,
2027-03-18,2027,3,11,75,2027-03-14,202711,
2027-03-15,2027,3,11,72,2027-03-14,202711,
2027-03-20,2027,3,11,77,2027-03-14,202711,
2027-03-14,2027,3,11,71,2027-03-14,202711,
2027-03-16,2027,3,11,73,2027-03-14,202711,
2027-03-17,2027,3,11,74,2027-03-14,202711,
2027-03-19,2027,3,11,76,2027-03-14,202711,
2027-03-22,2027,3,12,79,2027-03-21,202712,
2027-03-23,2027,3,12,80,2027-03-21,202712,
2027-03-27,2027,3,12,84,2027-03-21,202712,
2027-03-25,2027,3,12,82,2027-03-21,202712,
2027-03-21,2027,3,12,78,2027-03-21,202712,
2027-03-26,2027,3,12,83,2027-03-21,202712,
2027-03-24,2027,3,12,81,2027-03-21,202712,
2027-03-30,2027,3,13,87,2027-03-28,202713,
2027-03-29,2027,3,13,86,2027-03-28,202713,
2027-03-31,2027,3,13,88,2027-03-28,202713,
2027-03-28,2027,3,13,85,2027-03-28,202713,
2027-04-02,2027,3,13,90,2027-03-28,202713,
2027-04-01,2027,3,13,89,2027-03-28,202713,
2027-04-03,2027,3,13,91,2027-03-28,202713,
2027-04-09,2027,4,14,97,2027-04-04,202714,
2027-04-04,2027,4,14,92,2027-04-04,202714,
2027-04-05,2027,4,14,93,2027-04-04,202714,
2027-04-07,2027,4,14,95,2027-04-04,202714,
2027-04-08,2027,4,14,96,2027-04-04,202714,
2027-04-10,2027,4,14,98,2027-04-04,202714,
2027-04-06,2027,4,14,94,2027-04-04,202714,
2027-04-13,2027,4,15,101,2027-04-11,202715,
2027-04-17,2027,4,15,105,2027-04-11,202715,
2027-04-12,2027,4,15,100,2027-04-11,202715,
2027-04-15,2027,4,15,103,2027-04-11,202715,
2027-04-11,2027,4,15,99,2027-04-11,202715,
2027-04-16,2027,4,15,104,2027-04-11,202715,
2027-04-14,2027,4,15,102,2027-04-11,202715,
2027-04-21,2027,4,16,109,2027-04-18,202716,
2027-04-24,2027,4,16,112,2027-04-18,202716,
2027-04-18,2027,4,16,106,2027-04-18,202716,
2027-04-23,2027,4,16,111,2027-04-18,202716,
2027-04-22,2027,4,16,110,2027-04-18,202716,
2027-04-19,2027,4,16,107,2027-04-18,202716,
2027-04-20,2027,4,16,108,2027-04-18,202716,
2027-04-27,2027,4,17,115,2027-04-25,202717,
2027-04-25,2027,4,17,113,2027-04-25,202717,
2027-04-29,2027,4,17,117,2027-04-25,202717,
2027-04-26,2027,4,17,114,2027-04-25,202717,
2027-04-30,2027,4,17,118,2027-04-25,202717,
2027-05-01,2027,4,17,119,2027-04-25,202717,
2027-04-28,2027,4,17,116,2027-04-25,202717,
2027-05-02,2027,5,18,120,2027-05-02,202718,
2027-05-04,2027,5,18,122,2027-05-02,202718,
2027-05-03,2027,5,18,121,2027-05-02,202718,
2027-05-05,2027,5,18,123,2027-05-02,202718,
2027-05-06,2027,5,18,124,2027-05-02,202718,
2027-05-08,2027,5,18,126,2027-05-02,202718,
2027-05-07,2027,5,18,125,2027-05-02,202718,
2027-05-13,2027,5,19,131,2027-05-09,202719,
2027-05-11,2027,5,19,129,2027-05-09,202719,
2027-05-12,2027,5,19,130,2027-05-09,202719,
2027-05-14,2027,5,19,132,2027-05-09,202719,
2027-05-15,2027,5,19,133,2027-05-09,202719,
2027-05-10,2027,5,19,128,2027-05-09,202719,
2027-05-09,2027,5,19,127,2027-05-09,202719,
2027-05-22,2027,5,20,140,2027-05-16,202720,
2027-05-21,2027,5,20,139,2027-05-16,202720,
2027-05-16,2027,5,20,134,2027-05-16,202720,
2027-05-19,2027,5,20,137,2027-05-16,202720,
2027-05-17,2027,5,20,135,2027-05-16,202720,
2027-05-18,2027,5,20,136,2027-05-16,202720,
2027-05-20,2027,5,20,138,2027-05-16,202720,
2027-05-23,2027,5,21,141,2027-05-23,202721,
2027-05-24,2027,5,21,142,2027-05-23,202721,
2027-05-28,2027,5,21,146,2027-05-23,202721,
2027-05-26,2027,5,21,144,2027-05-23,202721,
2027-05-27,2027,5,21,145,2027-05-23,202721,
2027-05-29,2027,5,21,147,2027-05-23,202721,
2027-05-25,2027,5,21,143,2027-05-23,202721,
2027-06-03,2027,6,22,152,2027-05-30,202722,
2027-05-30,2027,6,22,148,2027-05-30,202722,
2027-06-01,2027,6,22,150,2027-05-30,202722,
2027-06-05,2027,6,22,154,2027-05-30,202722,
2027-06-04,2027,6,22,153,2027-05-30,202722,
2027-06-02,2027,6,22,151,2027-05-30,202722,
2027-05-31,2027,6,22,149,2027-05-30,202722,
2027-06-09,2027,6,23,158,2027-06-06,202723,
2027-06-11,2027,6,23,160,2027-06-06,202723,
2027-06-10,2027,6,23,159,2027-06-06,202723,
2027-06-06,2027,6,23,155,2027-06-06,202723,
2027-06-08,2027,6,23,157,2027-06-06,202723,
2027-06-12,2027,6,23,161,2027-06-06,202723,
2027-06-07,2027,6,23,156,2027-06-06,202723,
2027-06-13,2027,6,24,162,2027-06-13,202724,
2027-06-18,2027,6,24,167,2027-06-13,202724,
2027-06-17,2027,6,24,166,2027-06-13,202724,
2027-06-16,2027,6,24,165,2027-06-13,202724,
2027-06-19,2027,6,24,168,2027-06-13,202724,
2027-06-15,2027,6,24,164,2027-06-13,202724,
2027-06-14,2027,6,24,163,2027-06-13,202724,
2027-06-25,2027,6,25,174,2027-06-20,202725,
2027-06-20,2027,6,25,169,2027-06-20,202725,
2027-06-24,2027,6,25,173,2027-06-20,202725,
2027-06-22,2027,6,25,171,2027-06-20,202725,
2027-06-26,2027,6,25,175,2027-06-20,202725,
2027-06-21,2027,6,25,170,2027-06-20,202725,
2027-06-23,2027,6,25,172,2027-06-20,202725,
2027-07-02,2027,6,26,181,2027-06-27,202726,
2027-06-27,2027,6,26,176,2027-06-27,202726,
2027-06-30,2027,6,26,179,2027-06-27,202726,
2027-06-29,2027,6,26,178,2027-06-27,202726,
2027-07-03,2027,6,26,182,2027-06-27,202726,
2027-06-28,2027,6,26,177,2027-06-27,202726,
2027-07-01,2027,6,26,180,2027-06-27,202726,
2027-07-08,2027,7,27,187,2027-07-04,202727,
2027-07-04,2027,7,27,183,2027-07-04,202727,
2027-07-07,2027,7,27,186,2027-07-04,202727,
2027-07-06,2027,7,27,185,2027-07-04,202727,
2027-07-05,2027,7,27,184,2027-07-04,202727,
2027-07-10,2027,7,27,189,2027-07-04,202727,
2027-07-09,2027,7,27,188,2027-07-04,202727,
2027-07-11,2027,7,28,190,2027-07-11,202728,
2027-07-14,2027,7,28,193,2027-07-11,202728,
2027-07-12,2027,7,28,191,2027-07-11,202728,
2027-07-16,2027,7,28,195,2027-07-11,202728,
2027-07-13,2027,7,28,192,2027-07-11,202728,
2027-07-15,2027,7,28,194,2027-07-11,202728,
2027-07-17,2027,7,28,196,2027-07-11,202728,
2027-07-18,2027,7,29,197,2027-07-18,202729,
2027-07-24,2027,7,29,203,2027-07-18,202729,
2027-07-19,2027,7,29,198,2027-07-18,202729,
2027-07-20,2027,7,29,199,2027-07-18,202729,
2027-07-21,2027,7,29,200,2027-07-18,202729,
2027-07-23,2027,7,29,202,2027-07-18,202729,
2027-07-22,2027,7,29,201,2027-07-18,202729,
2027-07-26,2027,7,30,205,2027-07-25,202730,
2027-07-27,2027,7,30,206,2027-07-25,202730,
2027-07-29,2027,7,30,208,2027-07-25,202730,
2027-07-28,2027,7,30,207,2027-07-25,202730,
2027-07-25,2027,7,30,204,2027-07-25,202730,
2027-07-31,2027,7,30,210,2027-07-25,202730,
2027-07-30,2027,7,30,209,2027-07-25,202730,
2027-08-07,2027,8,31,217,2027-08-01,202731,
2027-08-02,2027,8,31,212,2027-08-01,202731,
2027-08-06,2027,8,31,216,2027-08-01,202731,
2027-08-04,2027,8,31,214,2027-08-01,202731,
2027-08-05,2027,8,31,215,2027-08-01,202731,
2027-08-03,2027,8,31,213,2027-08-01,202731,
2027-08-01,2027,8,31,211,2027-08-01,202731,
2027-08-08,2027,8,32,218,2027-08-08,202732,
2027-08-11,2027,8,32,221,2027-08-08,202732,
2027-08-09,2027,8,32,219,2027-08-08,202732,
2027-08-12,2027,8,32,222,2027-08-08,202732,
2027-08-14,2027,8,32,224,2027-08-08,202732,
2027-08-13,2027,8,32,223,2027-08-08,202732,
2027-08-10,2027,8,32,220,2027-08-08,202732,
2027-08-21,2027,8,33,231,2027-08-15,202733,
2027-08-19,2027,8,33,229,2027-08-15,202733,
2027-08-17,2027,8,33,227,2027-08-15,202733,
2027-08-15,2027,8,33,225,2027-08-15,202733,
2027-08-16,2027,8,33,226,2027-08-15,202733,
2027-08-20,2027,8,33,230,2027-08-15,202733,
2027-08-18,2027,8,33,228,2027-08-15,202733,
2027-08-23,2027,8,34,233,2027-08-22,202734,
2027-08-26,2027,8,34,236,2027-08-22,202734,
2027-08-25,2027,8,34,235,2027-08-22,202734,
2027-08-24,2027,8,34,234,2027-08-22,202734,
2027-08-27,2027,8,34,237,2027-08-22,202734,
2027-08-22,2027,8,34,232,2027-08-22,202734,
2027-08-28,2027,8,34,238,2027-08-22,202734,
2027-09-01,2027,9,35,242,2027-08-29,202735,
2027-08-29,2027,9,35,239,2027-08-29,202735,
2027-09-03,2027,9,35,244,2027-08-29,202735,
2027-09-02,2027,9,35,243,2027-08-29,202735,
2027-08-30,2027,9,35,240,2027-08-29,202735,
2027-08-31,2027,9,35,241,2027-08-29,202735,
2027-09-04,2027,9,35,245,2027-08-29,202735,
2027-09-10,2027,9,36,251,2027-09-05,202736,
2027-09-08,2027,9,36,249,2027-09-05,202736,
2027-09-09,2027,9,36,250,2027-09-05,202736,
2027-09-05,2027,9,36,246,2027-09-05,202736,
2027-09-06,2027,9,36,247,2027-09-05,202736,
2027-09-07,2027,9,36,248,2027-09-05,202736,
2027-09-11,2027,9,36,252,2027-09-05,202736,
2027-09-16,2027,9,37,257,2027-09-12,202737,
2027-09-13,2027,9,37,254,2027-09-12,202737,
2027-09-12,2027,9,37,253,2027-09-12,202737,
2027-09-15,2027,9,37,256,2027-09-12,202737,
2027-09-17,2027,9,37,258,2027-09-12,202737,
2027-09-18,2027,9,37,259,2027-09-12,202737,
2027-09-14,2027,9,37,255,2027-09-12,202737,
2027-09-25,2027,9,38,266,2027-09-19,202738,
2027-09-24,2027,9,38,265,2027-09-19,202738,
2027-09-23,2027,9,38,264,2027-09-19,202738,
2027-09-21,2027,9,38,262,2027-09-19,202738,
2027-09-20,2027,9,38,261,2027-09-19,202738,
2027-09-22,2027,9,38,263,2027-09-19,202738,
2027-09-19,2027,9,38,260,2027-09-19,202738,
2027-09-27,2027,9,39,268,2027-09-26,202739,
2027-10-02,2027,9,39,273,2027-09-26,202739,
2027-09-26,2027,9,39,267,2027-09-26,202739,
2027-09-29,2027,9,39,270,2027-09-26,202739,
2027-10-01,2027,9,39,272,2027-09-26,202739,
2027-09-30,2027,9,39,271,2027-09-26,202739,
2027-09-28,2027,9,39,269,2027-09-26,202739,
2027-10-03,2027,10,40,274,2027-10-03,202740,
2027-10-08,2027,10,40,279,2027-10-03,202740,
2027-10-09,2027,10,40,280,2027-10-03,202740,
2027-10-07,2027,10,40,278,2027-10-03,202740,
2027-10-06,2027,10,40,277,2027-10-03,202740,
2027-10-05,2027,10,40,276,2027-10-03,202740,
2027-10-04,2027,10,40,275,2027-10-03,202740,
2027-10-11,2027,10,41,282,2027-10-10,202741,
2027-10-12,2027,10,41,283,2027-10-10,202741,
2027-10-14,2027,10,41,285,2027-10-10,202741,
2027-10-13,2027,10,41,284,2027-10-10,202741,
2027-10-16,2027,10,41,287,2027-10-10,202741,
2027-10-15,2027,10,41,286,2027-10-10,202741,
2027-10-10,2027,10,41,281,2027-10-10,202741,
2027-10-20,2027,10,42,291,2027-10-17,202742,
2027-10-23,2027,10,42,294,2027-10-17,202742,
2027-10-19,2027,10,42,290,2027-10-17,202742,
2027-10-18,2027,10,42,289,2027-10-17,202742,
2027-10-21,2027,10,42,292,2027-10-17,202742,
2027-10-22,2027,10,42,293,2027-10-17,202742,
2027-10-17,2027,10,42,288,2027-10-17,202742,
2027-10-28,2027,10,43,299,2027-10-24,202743,
2027-10-25,2027,10,43,296,2027-10-24,202743,
2027-10-30,2027,10,43,301,2027-10-24,202743,
2027-10-29,2027,10,43,300,2027-10-24,202743,
2027-10-26,2027,10,43,297,2027-10-24,202743,
2027-10-27,2027,10,43,298,2027-10-24,202743,
2027-10-24,2027,10,43,295,2027-10-24,202743,
2027-11-04,2027,11,44,306,2027-10-31,202744,
2027-11-01,2027,11,44,303,2027-10-31,202744,
2027-11-03,2027,11,44,305,2027-10-31,202744,
2027-11-05,2027,11,44,307,2027-10-31,202744,
2027-11-02,2027,11,44,304,2027-10-31,202744,
2027-10-31,2027,11,44,302,2027-10-31,202744,
2027-11-06,2027,11,44,308,2027-10-31,202744,
2027-11-13,2027,11,45,315,2027-11-07,202745,
2027-11-07,2027,11,45,309,2027-11-07,202745,
2027-11-10,2027,11,45,312,2027-11-07,202745,
2027-11-09,2027,11,45,311,2027-11-07,202745,
2027-11-08,2027,11,45,310,2027-11-07,202745,
2027-11-11,2027,11,45,313,2027-11-07,202745,
2027-11-12,2027,11,45,314,2027-11-07,202745,
2027-11-17,2027,11,46,319,2027-11-14,202746,
2027-11-16,2027,11,46,318,2027-11-14,202746,
2027-11-19,2027,11,46,321,2027-11-14,202746,
2027-11-14,2027,11,46,316,2027-11-14,202746,
2027-11-20,2027,11,46,322,2027-11-14,202746,
2027-11-15,2027,11,46,317,2027-11-14,202746,
2027-11-18,2027,11,46,320,2027-11-14,202746,
2027-11-25,2027,11,47,327,2027-11-21,202747,
2027-11-27,2027,11,47,329,2027-11-21,202747,
2027-11-24,2027,11,47,326,2027-11-21,202747,
2027-11-23,2027,11,47,325,2027-11-21,202747,
2027-11-21,2027,11,47,323,2027-11-21,202747,
2027-11-26,2027,11,47,328,2027-11-21,202747,
2027-11-22,2027,11,47,324,2027-11-21,202747,
2027-12-01,2027,12,48,333,2027-11-28,202748,
2027-11-28,2027,12,48,330,2027-11-28,202748,
2027-12-03,2027,12,48,335,2027-11-28,202748,
2027-12-04,2027,12,48,336,2027-11-28,202748,
2027-12-02,2027,12,48,334,2027-11-28,202748,
2027-11-30,2027,12,48,332,2027-11-28,202748,
2027-11-29,2027,12,48,331,2027-11-28,202748,
2027-12-10,2027,12,49,342,2027-12-05,202749,
2027-12-05,2027,12,49,337,2027-12-05,202749,
2027-12-09,2027,12,49,341,2027-12-05,202749,
2027-12-11,2027,12,49,343,2027-12-05,202749,
2027-12-07,2027,12,49,339,2027-12-05,202749,
2027-12-06,2027,12,49,338,2027-12-05,202749,
2027-12-08,2027,12,49,340,2027-12-05,202749,
2027-12-17,2027,12,50,349,2027-12-12,202750,
2027-12-18,2027,12,50,350,2027-12-12,202750,
2027-12-16,2027,12,50,348,2027-12-12,202750,
2027-12-13,2027,12,50,345,2027-12-12,202750,
2027-12-15,2027,12,50,347,2027-12-12,202750,
2027-12-14,2027,12,50,346,2027-12-12,202750,
2027-12-12,2027,12,50,344,2027-12-12,202750,
2027-12-20,2027,12,51,352,2027-12-19,202751,
2027-12-22,2027,12,51,354,2027-12-19,202751,
2027-12-21,2027,12,51,353,2027-12-19,202751,
2027-12-19,2027,12,51,351,2027-12-19,202751,
2027-12-25,2027,12,51,357,2027-12-19,202751,
2027-12-23,2027,12,51,355,2027-12-19,202751,
2027-12-24,2027,12,51,356,2027-12-19,202751,
2027-12-27,2027,12,52,359,2027-12-26,202752,
2027-12-31,2027,12,52,363,2027-12-26,202752,
2027-12-26,2027,12,52,358,2027-12-26,202752,
2027-12-30,2027,12,52,362,2027-12-26,202752,
2027-12-28,2027,12,52,360,2027-12-26,202752,
2028-01-01,2027,12,52,364,2027-12-26,202752,
2027-12-29,2027,12,52,361,2027-12-26,202752,
2028-01-07,2028,1,1,6,2028-01-02,202801,
2028-01-06,2028,1,1,5,2028-01-02,202801,
2028-01-02,2028,1,1,1,2028-01-02,202801,
2028-01-05,2028,1,1,4,2028-01-02,202801,
2028-01-08,2028,1,1,7,2028-01-02,202801,
2028-01-04,2028,1,1,3,2028-01-02,202801,
2028-01-03,2028,1,1,2,2028-01-02,202801,
2028-01-14,2028,1,2,13,2028-01-09,202802,
2028-01-15,2028,1,2,14,2028-01-09,202802,
2028-01-09,2028,1,2,8,2028-01-09,202802,
2028-01-12,2028,1,2,11,2028-01-09,202802,
2028-01-11,2028,1,2,10,2028-01-09,202802,
2028-01-10,2028,1,2,9,2028-01-09,202802,
2028-01-13,2028,1,2,12,2028-01-09,202802,
2028-01-18,2028,1,3,17,2028-01-16,202803,
2028-01-19,2028,1,3,18,2028-01-16,202803,
2028-01-20,2028,1,3,19,2028-01-16,202803,
2028-01-17,2028,1,3,16,2028-01-16,202803,
2028-01-21,2028,1,3,20,2028-01-16,202803,
2028-01-22,2028,1,3,21,2028-01-16,202803,
2028-01-16,2028,1,3,15,2028-01-16,202803,
2028-01-29,2028,1,4,28,2028-01-23,202804,
2028-01-25,2028,1,4,24,2028-01-23,202804,
2028-01-27,2028,1,4,26,2028-01-23,202804,
2028-01-28,2028,1,4,27,2028-01-23,202804,
2028-01-26,2028,1,4,25,2028-01-23,202804,
2028-01-24,2028,1,4,23,2028-01-23,202804,
2028-01-23,2028,1,4,22,2028-01-23,202804,
2029-01-05,2028,1,53,370,2028-12-31,202853,
2029-01-01,2028,1,53,366,2028-12-31,202853,
2029-01-03,2028,1,53,368,2028-12-31,202853,
2029-01-06,2028,1,53,371,2028-12-31,202853,
2029-01-02,2028,1,53,367,2028-12-31,202853,
2028-12-31,2028,1,53,365,2028-12-31,202853,
2029-01-04,2028,1,53,369,2028-12-31,202853,
2028-02-04,2028,2,5,34,2028-01-30,202805,
2028-01-31,2028,2,5,30,2028-01-30,202805,
2028-02-02,2028,2,5,32,2028-01-30,202805,
2028-02-01,2028,2,5,31,2028-01-30,202805,
2028-02-05,2028,2,5,35,2028-01-30,202805,
2028-02-03,2028,2,5,33,2028-01-30,202805,
2028-01-30,2028,2,5,29,2028-01-30,202805,
2028-02-10,2028,2,6,40,2028-02-06,202806,
2028-02-09,2028,2,6,39,2028-02-06,202806,
2028-02-07,2028,2,6,37,2028-02-06,202806,
2028-02-11,2028,2,6,41,2028-02-06,202806,
2028-02-08,2028,2,6,38,2028-02-06,202806,
2028-02-06,2028,2,6,36,2028-02-06,202806,
2028-02-12,2028,2,6,42,2028-02-06,202806,
2028-02-19,2028,2,7,49,2028-02-13,202807,
2028-02-18,2028,2,7,48,2028-02-13,202807,
2028-02-15,2028,2,7,45,2028-02-13,202807,
2028-02-17,2028,2,7,47,2028-02-13,202807,
2028-02-16,2028,2,7,46,2028-02-13,202807,
2028-02-14,2028,2,7,44,2028-02-13,202807,
2028-02-13,2028,2,7,43,2028-02-13,202807,
2028-02-26,2028,2,8,56,2028-02-20,202808,
2028-02-24,2028,2,8,54,2028-02-20,202808,
2028-02-23,2028,2,8,53,2028-02-20,202808,
2028-02-20,2028,2,8,50,2028-02-20,202808,
2028-02-22,2028,2,8,52,2028-02-20,202808,
2028-02-21,2028,2,8,51,2028-02-20,202808,
2028-02-25,2028,2,8,55,2028-02-20,202808,
2028-03-02,2028,3,9,61,2028-02-27,202809,
2028-03-03,2028,3,9,62,2028-02-27,202809,
2028-02-28,2028,3,9,58,2028-02-27,202809,
2028-02-29,2028,3,9,59,2028-02-27,202809,
2028-02-27,2028,3,9,57,2028-02-27,202809,
2028-03-04,2028,3,9,63,2028-02-27,202809,
2028-03-01,2028,3,9,60,2028-02-27,202809,
2028-03-07,2028,3,10,66,2028-03-05,202810,
2028-03-09,2028,3,10,68,2028-03-05,202810,
2028-03-08,2028,3,10,67,2028-03-05,202810,
2028-03-11,2028,3,10,70,2028-03-05,202810,
2028-03-10,2028,3,10,69,2028-03-05,202810,
2028-03-06,2028,3,10,65,2028-03-05,202810,
2028-03-05,2028,3,10,64,2028-03-05,202810,
2028-03-16,2028,3,11,75,2028-03-12,202811,
2028-03-13,2028,3,11,72,2028-03-12,202811,
2028-03-17,2028,3,11,76,2028-03-12,202811,
2028-03-18,2028,3,11,77,2028-03-12,202811,
2028-03-12,2028,3,11,71,2028-03-12,202811,
2028-03-14,2028,3,11,73,2028-03-12,202811,
2028-03-15,2028,3,11,74,2028-03-12,202811,
2028-03-19,2028,3,12,78,2028-03-19,202812,
2028-03-22,2028,3,12,81,2028-03-19,202812,
2028-03-24,2028,3,12,83,2028-03-19,202812,
2028-03-21,2028,3,12,80,2028-03-19,202812,
2028-03-23,2028,3,12,82,2028-03-19,202812,
2028-03-25,2028,3,12,84,2028-03-19,202812,
2028-03-20,2028,3,12,79,2028-03-19,202812,
2028-03-27,2028,3,13,86,2028-03-26,202813,
2028-03-26,2028,3,13,85,2028-03-26,202813,
2028-03-29,2028,3,13,88,2028-03-26,202813,
2028-03-28,2028,3,13,87,2028-03-26,202813,
2028-03-30,2028,3,13,89,2028-03-26,202813,
2028-04-01,2028,3,13,91,2028-03-26,202813,
2028-03-31,2028,3,13,90,2028-03-26,202813,
2028-04-02,2028,4,14,92,2028-04-02,202814,
2028-04-08,2028,4,14,98,2028-04-02,202814,
2028-04-06,2028,4,14,96,2028-04-02,202814,
2028-04-05,2028,4,14,95,2028-04-02,202814,
2028-04-07,2028,4,14,97,2028-04-02,202814,
2028-04-03,2028,4,14,93,2028-04-02,202814,
2028-04-04,2028,4,14,94,2028-04-02,202814,
2028-04-15,2028,4,15,105,2028-04-09,202815,
2028-04-10,2028,4,15,100,2028-04-09,202815,
2028-04-13,2028,4,15,103,2028-04-09,202815,
2028-04-09,2028,4,15,99,2028-04-09,202815,
2028-04-11,2028,4,15,101,2028-04-09,202815,
2028-04-12,2028,4,15,102,2028-04-09,202815,
2028-04-14,2028,4,15,104,2028-04-09,202815,
2028-04-18,2028,4,16,108,2028-04-16,202816,
2028-04-19,2028,4,16,109,2028-04-16,202816,
2028-04-22,2028,4,16,112,2028-04-16,202816,
2028-04-21,2028,4,16,111,2028-04-16,202816,
2028-04-20,2028,4,16,110,2028-04-16,202816,
2028-04-16,2028,4,16,106,2028-04-16,202816,
2028-04-17,2028,4,16,107,2028-04-16,202816,
2028-04-27,2028,4,17,117,2028-04-23,202817,
2028-04-28,2028,4,17,118,2028-04-23,202817,
2028-04-23,2028,4,17,113,2028-04-23,202817,
2028-04-24,2028,4,17,114,2028-04-23,202817,
2028-04-26,2028,4,17,116,2028-04-23,202817,
2028-04-29,2028,4,17,119,2028-04-23,202817,
2028-04-25,2028,4,17,115,2028-04-23,202817,
2028-05-04,2028,5,18,124,2028-04-30,202818,
2028-05-06,2028,5,18,126,2028-04-30,202818,
2028-05-03,2028,5,18,123,2028-04-30,202818,
2028-05-02,2028,5,18,122,2028-04-30,202818,
2028-04-30,2028,5,18,120,2028-04-30,202818,
2028-05-01,2028,5,18,121,2028-04-30,202818,
2028-05-05,2028,5,18,125,2028-04-30,202818,
2028-05-10,2028,5,19,130,2028-05-07,202819,
2028-05-08,2028,5,19,128,2028-05-07,202819,
2028-05-13,2028,5,19,133,2028-05-07,202819,
2028-05-07,2028,5,19,127,2028-05-07,202819,
2028-05-12,2028,5,19,132,2028-05-07,202819,
2028-05-09,2028,5,19,129,2028-05-07,202819,
2028-05-11,2028,5,19,131,2028-05-07,202819,
2028-05-20,2028,5,20,140,2028-05-14,202820,
2028-05-18,2028,5,20,138,2028-05-14,202820,
2028-05-17,2028,5,20,137,2028-05-14,202820,
2028-05-19,2028,5,20,139,2028-05-14,202820,
2028-05-16,2028,5,20,136,2028-05-14,202820,
2028-05-15,2028,5,20,135,2028-05-14,202820,
2028-05-14,2028,5,20,134,2028-05-14,202820,
2028-05-21,2028,5,21,141,2028-05-21,202821,
2028-05-25,2028,5,21,145,2028-05-21,202821,
2028-05-27,2028,5,21,147,2028-05-21,202821,
2028-05-26,2028,5,21,146,2028-05-21,202821,
2028-05-24,2028,5,21,144,2028-05-21,202821,
2028-05-22,2028,5,21,142,2028-05-21,202821,
2028-05-23,2028,5,21,143,2028-05-21,202821,
2028-06-03,2028,6,22,154,2028-05-28,202822,
2028-05-28,2028,6,22,148,2028-05-28,202822,
2028-06-01,2028,6,22,152,2028-05-28,202822,
2028-05-31,2028,6,22,151,2028-05-28,202822,
2028-05-30,2028,6,22,150,2028-05-28,202822,
2028-06-02,2028,6,22,153,2028-05-28,202822,
2028-05-29,2028,6,22,149,2028-05-28,202822,
2028-06-07,2028,6,23,158,2028-06-04,202823,
2028-06-10,2028,6,23,161,2028-06-04,202823,
2028-06-09,2028,6,23,160,2028-06-04,202823,
2028-06-04,2028,6,23,155,2028-06-04,202823,
2028-06-05,2028,6,23,156,2028-06-04,202823,
2028-06-06,2028,6,23,157,2028-06-04,202823,
2028-06-08,2028,6,23,159,2028-06-04,202823,
2028-06-13,2028,6,24,164,2028-06-11,202824,
2028-06-11,2028,6,24,162,2028-06-11,202824,
2028-06-12,2028,6,24,163,2028-06-11,202824,
2028-06-17,2028,6,24,168,2028-06-11,202824,
2028-06-16,2028,6,24,167,2028-06-11,202824,
2028-06-15,2028,6,24,166,2028-06-11,202824,
2028-06-14,2028,6,24,165,2028-06-11,202824,
2028-06-23,2028,6,25,174,2028-06-18,202825,
2028-06-22,2028,6,25,173,2028-06-18,202825,
2028-06-21,2028,6,25,172,2028-06-18,202825,
2028-06-20,2028,6,25,171,2028-06-18,202825,
2028-06-18,2028,6,25,169,2028-06-18,202825,
2028-06-19,2028,6,25,170,2028-06-18,202825,
2028-06-24,2028,6,25,175,2028-06-18,202825,
2028-06-30,2028,6,26,181,2028-06-25,202826,
2028-06-25,2028,6,26,176,2028-06-25,202826,
2028-06-27,2028,6,26,178,2028-06-25,202826,
2028-06-29,2028,6,26,180,2028-06-25,202826,
2028-07-01,2028,6,26,182,2028-06-25,202826,
2028-06-26,2028,6,26,177,2028-06-25,202826,
2028-06-28,2028,6,26,179,2028-06-25,202826,
2028-07-03,2028,7,27,184,2028-07-02,202827,
2028-07-02,2028,7,27,183,2028-07-02,202827,
2028-07-04,2028,7,27,185,2028-07-02,202827,
2028-07-07,2028,7,27,188,2028-07-02,202827,
2028-07-06,2028,7,27,187,2028-07-02,202827,
2028-07-05,2028,7,27,186,2028-07-02,202827,
2028-07-08,2028,7,27,189,2028-07-02,202827,
2028-07-12,2028,7,28,193,2028-07-09,202828,
2028-07-10,2028,7,28,191,2028-07-09,202828,
2028-07-14,2028,7,28,195,2028-07-09,202828,
2028-07-15,2028,7,28,196,2028-07-09,202828,
2028-07-09,2028,7,28,190,2028-07-09,202828,
2028-07-13,2028,7,28,194,2028-07-09,202828,
2028-07-11,2028,7,28,192,2028-07-09,202828,
2028-07-20,2028,7,29,201,2028-07-16,202829,
2028-07-16,2028,7,29,197,2028-07-16,202829,
2028-07-22,2028,7,29,203,2028-07-16,202829,
2028-07-19,2028,7,29,200,2028-07-16,202829,
2028-07-21,2028,7,29,202,2028-07-16,202829,
2028-07-18,2028,7,29,199,2028-07-16,202829,
2028-07-17,2028,7,29,198,2028-07-16,202829,
2028-07-26,2028,7,30,207,2028-07-23,202830,
2028-07-28,2028,7,30,209,2028-07-23,202830,
2028-07-29,2028,7,30,210,2028-07-23,202830,
2028-07-27,2028,7,30,208,2028-07-23,202830,
2028-07-24,2028,7,30,205,2028-07-23,202830,
2028-07-25,2028,7,30,206,2028-07-23,202830,
2028-07-23,2028,7,30,204,2028-07-23,202830,
2028-08-05,2028,8,31,217,2028-07-30,202831,
2028-08-04,2028,8,31,216,2028-07-30,202831,
2028-08-03,2028,8,31,215,2028-07-30,202831,
2028-08-02,2028,8,31,214,2028-07-30,202831,
2028-07-30,2028,8,31,211,2028-07-30,202831,
2028-07-31,2028,8,31,212,2028-07-30,202831,
2028-08-01,2028,8,31,213,2028-07-30,202831,
2028-08-09,2028,8,32,221,2028-08-06,202832,
2028-08-12,2028,8,32,224,2028-08-06,202832,
2028-08-06,2028,8,32,218,2028-08-06,202832,
2028-08-07,2028,8,32,219,2028-08-06,202832,
2028-08-11,2028,8,32,223,2028-08-06,202832,
2028-08-10,2028,8,32,222,2028-08-06,202832,
2028-08-08,2028,8,32,220,2028-08-06,202832,
2028-08-16,2028,8,33,228,2028-08-13,202833,
2028-08-18,2028,8,33,230,2028-08-13,202833,
2028-08-19,2028,8,33,231,2028-08-13,202833,
2028-08-14,2028,8,33,226,2028-08-13,202833,
2028-08-13,2028,8,33,225,2028-08-13,202833,
2028-08-17,2028,8,33,229,2028-08-13,202833,
2028-08-15,2028,8,33,227,2028-08-13,202833,
2028-08-22,2028,8,34,234,2028-08-20,202834,
2028-08-23,2028,8,34,235,2028-08-20,202834,
2028-08-21,2028,8,34,233,2028-08-20,202834,
2028-08-24,2028,8,34,236,2028-08-20,202834,
2028-08-26,2028,8,34,238,2028-08-20,202834,
2028-08-25,2028,8,34,237,2028-08-20,202834,
2028-08-20,2028,8,34,232,2028-08-20,202834,
2028-08-27,2028,9,35,239,2028-08-27,202835,
2028-08-31,2028,9,35,243,2028-08-27,202835,
2028-08-30,2028,9,35,242,2028-08-27,202835,
2028-08-28,2028,9,35,240,2028-08-27,202835,
2028-09-02,2028,9,35,245,2028-08-27,202835,
2028-09-01,2028,9,35,244,2028-08-27,202835,
2028-08-29,2028,9,35,241,2028-08-27,202835,
2028-09-09,2028,9,36,252,2028-09-03,202836,
2028-09-08,2028,9,36,251,2028-09-03,202836,
2028-09-05,2028,9,36,248,2028-09-03,202836,
2028-09-03,2028,9,36,246,2028-09-03,202836,
2028-09-07,2028,9,36,250,2028-09-03,202836,
2028-09-06,2028,9,36,249,2028-09-03,202836,
2028-09-04,2028,9,36,247,2028-09-03,202836,
2028-09-14,2028,9,37,257,2028-09-10,202837,
2028-09-12,2028,9,37,255,2028-09-10,202837,
2028-09-10,2028,9,37,253,2028-09-10,202837,
2028-09-16,2028,9,37,259,2028-09-10,202837,
2028-09-15,2028,9,37,258,2028-09-10,202837,
2028-09-13,2028,9,37,256,2028-09-10,202837,
2028-09-11,2028,9,37,254,2028-09-10,202837,
2028-09-18,2028,9,38,261,2028-09-17,202838,
2028-09-21,2028,9,38,264,2028-09-17,202838,
2028-09-17,2028,9,38,260,2028-09-17,202838,
2028-09-19,2028,9,38,262,2028-09-17,202838,
2028-09-23,2028,9,38,266,2028-09-17,202838,
2028-09-20,2028,9,38,263,2028-09-17,202838,
2028-09-22,2028,9,38,265,2028-09-17,202838,
2028-09-24,2028,9,39,267,2028-09-24,202839,
2028-09-26,2028,9,39,269,2028-09-24,202839,
2028-09-27,2028,9,39,270,2028-09-24,202839,
2028-09-29,2028,9,39,272,2028-09-24,202839,
2028-09-25,2028,9,39,268,2028-09-24,202839,
2028-09-30,2028,9,39,273,2028-09-24,202839,
2028-09-28,2028,9,39,271,2028-09-24,202839,
2028-10-07,2028,10,40,280,2028-10-01,202840,
2028-10-03,2028,10,40,276,2028-10-01,202840,
2028-10-01,2028,10,40,274,2028-10-01,202840,
2028-10-05,2028,10,40,278,2028-10-01,202840,
2028-10-06,2028,10,40,279,2028-10-01,202840,
2028-10-04,2028,10,40,277,2028-10-01,202840,
2028-10-02,2028,10,40,275,2028-10-01,202840,
2028-10-10,2028,10,41,283,2028-10-08,202841,
2028-10-13,2028,10,41,286,2028-10-08,202841,
2028-10-11,2028,10,41,284,2028-10-08,202841,
2028-10-09,2028,10,41,282,2028-10-08,202841,
2028-10-12,2028,10,41,285,2028-10-08,202841,
2028-10-14,2028,10,41,287,2028-10-08,202841,
2028-10-08,2028,10,41,281,2028-10-08,202841,
2028-10-17,2028,10,42,290,2028-10-15,202842,
2028-10-20,2028,10,42,293,2028-10-15,202842,
2028-10-15,2028,10,42,288,2028-10-15,202842,
2028-10-19,2028,10,42,292,2028-10-15,202842,
2028-10-18,2028,10,42,291,2028-10-15,202842,
2028-10-16,2028,10,42,289,2028-10-15,202842,
2028-10-21,2028,10,42,294,2028-10-15,202842,
2028-10-23,2028,10,43,296,2028-10-22,202843,
2028-10-27,2028,10,43,300,2028-10-22,202843,
2028-10-25,2028,10,43,298,2028-10-22,202843,
2028-10-22,2028,10,43,295,2028-10-22,202843,
2028-10-24,2028,10,43,297,2028-10-22,202843,
2028-10-28,2028,10,43,301,2028-10-22,202843,
2028-10-26,2028,10,43,299,2028-10-22,202843,
2028-11-01,2028,11,44,305,2028-10-29,202844,
2028-10-29,2028,11,44,302,2028-10-29,202844,
2028-10-31,2028,11,44,304,2028-10-29,202844,
2028-11-02,2028,11,44,306,2028-10-29,202844,
2028-11-03,2028,11,44,307,2028-10-29,202844,
2028-11-04,2028,11,44,308,2028-10-29,202844,
2028-10-30,2028,11,44,303,2028-10-29,202844,
2028-11-11,2028,11,45,315,2028-11-05,202845,
2028-11-07,2028,11,45,311,2028-11-05,202845,
2028-11-10,2028,11,45,314,2028-11-05,202845,
2028-11-06,2028,11,45,310,2028-11-05,202845,
2028-11-05,2028,11,45,309,2028-11-05,202845,
2028-11-08,2028,11,45,312,2028-11-05,202845,
2028-11-09,2028,11,45,313,2028-11-05,202845,
2028-11-12,2028,11,46,316,2028-11-12,202846,
2028-11-13,2028,11,46,317,2028-11-12,202846,
2028-11-18,2028,11,46,322,2028-11-12,202846,
2028-11-16,2028,11,46,320,2028-11-12,202846,
2028-11-14,2028,11,46,318,2028-11-12,202846,
2028-11-15,2028,11,46,319,2028-11-12,202846,
2028-11-17,2028,11,46,321,2028-11-12,202846,
2028-11-20,2028,11,47,324,2028-11-19,202847,
2028-11-23,2028,11,47,327,2028-11-19,202847,
2028-11-22,2028,11,47,326,2028-11-19,202847,
2028-11-24,2028,11,47,328,2028-11-19,202847,
2028-11-19,2028,11,47,323,2028-11-19,202847,
2028-11-25,2028,11,47,329,2028-11-19,202847,
2028-11-21,2028,11,47,325,2028-11-19,202847,
2028-11-29,2028,12,48,333,2028-11-26,202848,
2028-11-26,2028,12,48,330,2028-11-26,202848,
2028-12-02,2028,12,48,336,2028-11-26,202848,
2028-12-01,2028,12,48,335,2028-11-26,202848,
2028-11-28,2028,12,48,332,2028-11-26,202848,
2028-11-30,2028,12,48,334,2028-11-26,202848,
2028-11-27,2028,12,48,331,2028-11-26,202848,
2028-12-09,2028,12,49,343,2028-12-03,202849,
2028-12-07,2028,12,49,341,2028-12-03,202849,
2028-12-05,2028,12,49,339,2028-12-03,202849,
2028-12-04,2028,12,49,338,2028-12-03,202849,
2028-12-08,2028,12,49,342,2028-12-03,202849,
2028-12-03,2028,12,49,337,2028-12-03,202849,
2028-12-06,2028,12,49,340,2028-12-03,202849,
2028-12-12,2028,12,50,346,2028-12-10,202850,
2028-12-14,2028,12,50,348,2028-12-10,202850,
2028-12-16,2028,12,50,350,2028-12-10,202850,
2028-12-15,2028,12,50,349,2028-12-10,202850,
2028-12-13,2028,12,50,347,2028-12-10,202850,
2028-12-11,2028,12,50,345,2028-12-10,202850,
2028-12-10,2028,12,50,344,2028-12-10,202850,
2028-12-18,2028,12,51,352,2028-12-17,202851,
2028-12-19,2028,12,51,353,2028-12-17,202851,
2028-12-21,2028,12,51,355,2028-12-17,202851,
2028-12-23,2028,12,51,357,2028-12-17,202851,
2028-12-17,2028,12,51,351,2028-12-17,202851,
2028-12-20,2028,12,51,354,2028-12-17,202851,
2028-12-22,2028,12,51,356,2028-12-17,202851,
2028-12-26,2028,12,52,360,2028-12-24,202852,
2028-12-25,2028,12,52,359,2028-12-24,202852,
2028-12-24,2028,12,52,358,2028-12-24,202852,
2028-12-27,2028,12,52,361,2028-12-24,202852,
2028-12-30,2028,12,52,364,2028-12-24,202852,
2028-12-29,2028,12,52,363,2028-12-24,202852,
2028-12-28,2028,12,52,362,2028-12-24,202852,
2029-01-08,2029,1,1,2,2029-01-07,202901,
2029-01-12,2029,1,1,6,2029-01-07,202901,
2029-01-10,2029,1,1,4,2029-01-07,202901,
2029-01-11,2029,1,1,5,2029-01-07,202901,
2029-01-13,2029,1,1,7,2029-01-07,202901,
2029-01-09,2029,1,1,3,2029-01-07,202901,
2029-01-07,2029,1,1,1,2029-01-07,202901,
2029-01-15,2029,1,2,9,2029-01-14,202902,
2029-01-18,2029,1,2,12,2029-01-14,202902,
2029-01-20,2029,1,2,14,2029-01-14,202902,
2029-01-19,2029,1,2,13,2029-01-14,202902,
2029-01-17,2029,1,2,11,2029-01-14,202902,
2029-01-14,2029,1,2,8,2029-01-14,202902,
2029-01-16,2029,1,2,10,2029-01-14,202902,
2029-01-25,2029,1,3,19,2029-01-21,202903,
2029-01-23,2029,1,3,17,2029-01-21,202903,
2029-01-27,2029,1,3,21,2029-01-21,202903,
2029-01-22,2029,1,3,16,2029-01-21,202903,
2029-01-24,2029,1,3,18,2029-01-21,202903,
2029-01-26,2029,1,3,20,2029-01-21,202903,
2029-01-21,2029,1,3,15,2029-01-21,202903,
2029-01-31,2029,1,4,25,2029-01-28,202904,
2029-01-29,2029,1,4,23,2029-01-28,202904,
2029-02-03,2029,1,4,28,2029-01-28,202904,
2029-02-02,2029,1,4,27,2029-01-28,202904,
2029-02-01,2029,1,4,26,2029-01-28,202904,
2029-01-28,2029,1,4,22,2029-01-28,202904,
2029-01-30,2029,1,4,24,2029-01-28,202904,
2029-02-08,2029,2,5,33,2029-02-04,202905,
2029-02-09,2029,2,5,34,2029-02-04,202905,
2029-02-07,2029,2,5,32,2029-02-04,202905,
2029-02-04,2029,2,5,29,2029-02-04,202905,
2029-02-06,2029,2,5,31,2029-02-04,202905,
2029-02-05,2029,2,5,30,2029-02-04,202905,
2029-02-10,2029,2,5,35,2029-02-04,202905,
2029-02-16,2029,2,6,41,2029-02-11,202906,
2029-02-17,2029,2,6,42,2029-02-11,202906,
2029-02-15,2029,2,6,40,2029-02-11,202906,
2029-02-13,2029,2,6,38,2029-02-11,202906,
2029-02-12,2029,2,6,37,2029-02-11,202906,
2029-02-11,2029,2,6,36,2029-02-11,202906,
2029-02-14,2029,2,6,39,2029-02-11,202906,
2029-02-24,2029,2,7,49,2029-02-18,202907,
2029-02-23,2029,2,7,48,2029-02-18,202907,
2029-02-20,2029,2,7,45,2029-02-18,202907,
2029-02-22,2029,2,7,47,2029-02-18,202907,
2029-02-19,2029,2,7,44,2029-02-18,202907,
2029-02-21,2029,2,7,46,2029-02-18,202907,
2029-02-18,2029,2,7,43,2029-02-18,202907,
2029-03-02,2029,2,8,55,2029-02-25,202908,
2029-02-27,2029,2,8,52,2029-02-25,202908,
2029-03-01,2029,2,8,54,2029-02-25,202908,
2029-03-03,2029,2,8,56,2029-02-25,202908,
2029-02-26,2029,2,8,51,2029-02-25,202908,
2029-02-28,2029,2,8,53,2029-02-25,202908,
2029-02-25,2029,2,8,50,2029-02-25,202908,
2029-03-04,2029,3,9,57,2029-03-04,202909,
2029-03-08,2029,3,9,61,2029-03-04,202909,
2029-03-09,2029,3,9,62,2029-03-04,202909,
2029-03-06,2029,3,9,59,2029-03-04,202909,
2029-03-10,2029,3,9,63,2029-03-04,202909,
2029-03-05,2029,3,9,58,2029-03-04,202909,
2029-03-07,2029,3,9,60,2029-03-04,202909,
2029-03-17,2029,3,10,70,2029-03-11,202910,
2029-03-11,2029,3,10,64,2029-03-11,202910,
2029-03-16,2029,3,10,69,2029-03-11,202910,
2029-03-12,2029,3,10,65,2029-03-11,202910,
2029-03-13,2029,3,10,66,2029-03-11,202910,
2029-03-15,2029,3,10,68,2029-03-11,202910,
2029-03-14,2029,3,10,67,2029-03-11,202910,
2029-03-21,2029,3,11,74,2029-03-18,202911,
2029-03-20,2029,3,11,73,2029-03-18,202911,
2029-03-24,2029,3,11,77,2029-03-18,202911,
2029-03-19,2029,3,11,72,2029-03-18,202911,
2029-03-18,2029,3,11,71,2029-03-18,202911,
2029-03-22,2029,3,11,75,2029-03-18,202911,
2029-03-23,2029,3,11,76,2029-03-18,202911,
2029-03-27,2029,3,12,80,2029-03-25,202912,
2029-03-26,2029,3,12,79,2029-03-25,202912,
2029-03-25,2029,3,12,78,2029-03-25,202912,
2029-03-31,2029,3,12,84,2029-03-25,202912,
2029-03-29,2029,3,12,82,2029-03-25,202912,
2029-03-28,2029,3,12,81,2029-03-25,202912,
2029-03-30,2029,3,12,83,2029-03-25,202912,
2029-04-03,2029,3,13,87,2029-04-01,202913,
2029-04-05,2029,3,13,89,2029-04-01,202913,
2029-04-02,2029,3,13,86,2029-04-01,202913,
2029-04-07,2029,3,13,91,2029-04-01,202913,
2029-04-04,2029,3,13,88,2029-04-01,202913,
2029-04-06,2029,3,13,90,2029-04-01,202913,
2029-04-01,2029,3,13,85,2029-04-01,202913,
2029-04-12,2029,4,14,96,2029-04-08,202914,
2029-04-08,2029,4,14,92,2029-04-08,202914,
2029-04-10,2029,4,14,94,2029-04-08,202914,
2029-04-14,2029,4,14,98,2029-04-08,202914,
2029-04-09,2029,4,14,93,2029-04-08,202914,
2029-04-11,2029,4,14,95,2029-04-08,202914,
2029-04-13,2029,4,14,97,2029-04-08,202914,
2029-04-21,2029,4,15,105,2029-04-15,202915,
2029-04-18,2029,4,15,102,2029-04-15,202915,
2029-04-16,2029,4,15,100,2029-04-15,202915,
2029-04-20,2029,4,15,104,2029-04-15,202915,
2029-04-15,2029,4,15,99,2029-04-15,202915,
2029-04-19,2029,4,15,103,2029-04-15,202915,
2029-04-17,2029,4,15,101,2029-04-15,202915,
2029-04-22,2029,4,16,106,2029-04-22,202916,
2029-04-26,2029,4,16,110,2029-04-22,202916,
2029-04-23,2029,4,16,107,2029-04-22,202916,
2029-04-27,2029,4,16,111,2029-04-22,202916,
2029-04-24,2029,4,16,108,2029-04-22,202916,
2029-04-25,2029,4,16,109,2029-04-22,202916,
2029-04-28,2029,4,16,112,2029-04-22,202916,
2029-05-03,2029,4,17,117,2029-04-29,202917,
2029-05-01,2029,4,17,115,2029-04-29,202917,
2029-05-02,2029,4,17,116,2029-04-29,202917,
2029-04-30,2029,4,17,114,2029-04-29,202917,
2029-05-05,2029,4,17,119,2029-04-29,202917,
2029-04-29,2029,4,17,113,2029-04-29,202917,
2029-05-04,2029,4,17,118,2029-04-29,202917,
2029-05-07,2029,5,18,121,2029-05-06,202918,
2029-05-12,2029,5,18,126,2029-05-06,202918,
2029-05-06,2029,5,18,120,2029-05-06,202918,
2029-05-09,2029,5,18,123,2029-05-06,202918,
2029-05-10,2029,5,18,124,2029-05-06,202918,
2029-05-08,2029,5,18,122,2029-05-06,202918,
2029-05-11,2029,5,18,125,2029-05-06,202918,
2029-05-14,2029,5,19,128,2029-05-13,202919,
2029-05-15,2029,5,19,129,2029-05-13,202919,
2029-05-13,2029,5,19,127,2029-05-13,202919,
2029-05-18,2029,5,19,132,2029-05-13,202919,
2029-05-17,2029,5,19,131,2029-05-13,202919,
2029-05-16,2029,5,19,130,2029-05-13,202919,
2029-05-19,2029,5,19,133,2029-05-13,202919,
2029-05-24,2029,5,20,138,2029-05-20,202920,
2029-05-20,2029,5,20,134,2029-05-20,202920,
2029-05-21,2029,5,20,135,2029-05-20,202920,
2029-05-23,2029,5,20,137,2029-05-20,202920,
2029-05-22,2029,5,20,136,2029-05-20,202920,
2029-05-25,2029,5,20,139,2029-05-20,202920,
2029-05-26,2029,5,20,140,2029-05-20,202920,
2029-05-27,2029,5,21,141,2029-05-27,202921,
2029-06-02,2029,5,21,147,2029-05-27,202921,
2029-05-30,2029,5,21,144,2029-05-27,202921,
2029-05-29,2029,5,21,143,2029-05-27,202921,
2029-05-28,2029,5,21,142,2029-05-27,202921,
2029-06-01,2029,5,21,146,2029-05-27,202921,
2029-05-31,2029,5,21,145,2029-05-27,202921,
2029-06-08,2029,6,22,153,2029-06-03,202922,
2029-06-04,2029,6,22,149,2029-06-03,202922,
2029-06-03,2029,6,22,148,2029-06-03,202922,
2029-06-05,2029,6,22,150,2029-06-03,202922,
2029-06-06,2029,6,22,151,2029-06-03,202922,
2029-06-09,2029,6,22,154,2029-06-03,202922,
2029-06-07,2029,6,22,152,2029-06-03,202922,
2029-06-16,2029,6,23,161,2029-06-10,202923,
2029-06-11,2029,6,23,156,2029-06-10,202923,
2029-06-12,2029,6,23,157,2029-06-10,202923,
2029-06-10,2029,6,23,155,2029-06-10,202923,
2029-06-15,2029,6,23,160,2029-06-10,202923,
2029-06-14,2029,6,23,159,2029-06-10,202923,
2029-06-13,2029,6,23,158,2029-06-10,202923,
2029-06-20,2029,6,24,165,2029-06-17,202924,
2029-06-22,2029,6,24,167,2029-06-17,202924,
2029-06-21,2029,6,24,166,2029-06-17,202924,
2029-06-17,2029,6,24,162,2029-06-17,202924,
2029-06-18,2029,6,24,163,2029-06-17,202924,
2029-06-23,2029,6,24,168,2029-06-17,202924,
2029-06-19,2029,6,24,164,2029-06-17,202924,
2029-06-27,2029,6,25,172,2029-06-24,202925,
2029-06-24,2029,6,25,169,2029-06-24,202925,
2029-06-28,2029,6,25,173,2029-06-24,202925,
2029-06-26,2029,6,25,171,2029-06-24,202925,
2029-06-29,2029,6,25,174,2029-06-24,202925,
2029-06-30,2029,6,25,175,2029-06-24,202925,
2029-06-25,2029,6,25,170,2029-06-24,202925,
2029-07-04,2029,6,26,179,2029-07-01,202926,
2029-07-05,2029,6,26,180,2029-07-01,202926,
2029-07-07,2029,6,26,182,2029-07-01,202926,
2029-07-03,2029,6,26,178,2029-07-01,202926,
2029-07-02,2029,6,26,177,2029-07-01,202926,
2029-07-06,2029,6,26,181,2029-07-01,202926,
2029-07-01,2029,6,26,176,2029-07-01,202926,
2029-07-11,2029,7,27,186,2029-07-08,202927,
2029-07-14,2029,7,27,189,2029-07-08,202927,
2029-07-10,2029,7,27,185,2029-07-08,202927,
2029-07-09,2029,7,27,184,2029-07-08,202927,
2029-07-08,2029,7,27,183,2029-07-08,202927,
2029-07-12,2029,7,27,187,2029-07-08,202927,
2029-07-13,2029,7,27,188,2029-07-08,202927,
2029-07-20,2029,7,28,195,2029-07-15,202928,
2029-07-19,2029,7,28,194,2029-07-15,202928,
2029-07-17,2029,7,28,192,2029-07-15,202928,
2029-07-21,2029,7,28,196,2029-07-15,202928,
2029-07-15,2029,7,28,190,2029-07-15,202928,
2029-07-18,2029,7,28,193,2029-07-15,202928,
2029-07-16,2029,7,28,191,2029-07-15,202928,
2029-07-22,2029,7,29,197,2029-07-22,202929,
2029-07-24,2029,7,29,199,2029-07-22,202929,
2029-07-23,2029,7,29,198,2029-07-22,202929,
2029-07-25,2029,7,29,200,2029-07-22,202929,
2029-07-27,2029,7,29,202,2029-07-22,202929,
2029-07-26,2029,7,29,201,2029-07-22,202929,
2029-07-28,2029,7,29,203,2029-07-22,202929,
2029-07-31,2029,7,30,206,2029-07-29,202930,
2029-08-02,2029,7,30,208,2029-07-29,202930,
2029-08-03,2029,7,30,209,2029-07-29,202930,
2029-07-29,2029,7,30,204,2029-07-29,202930,
2029-07-30,2029,7,30,205,2029-07-29,202930,
2029-08-01,2029,7,30,207,2029-07-29,202930,
2029-08-04,2029,7,30,210,2029-07-29,202930,
2029-08-07,2029,8,31,213,2029-08-05,202931,
2029-08-05,2029,8,31,211,2029-08-05,202931,
2029-08-06,2029,8,31,212,2029-08-05,202931,
2029-08-11,2029,8,31,217,2029-08-05,202931,
2029-08-08,2029,8,31,214,2029-08-05,202931,
2029-08-09,2029,8,31,215,2029-08-05,202931,
2029-08-10,2029,8,31,216,2029-08-05,202931,
2029-08-15,2029,8,32,221,2029-08-12,202932,
2029-08-14,2029,8,32,220,2029-08-12,202932,
2029-08-16,2029,8,32,222,2029-08-12,202932,
2029-08-18,2029,8,32,224,2029-08-12,202932,
2029-08-12,2029,8,32,218,2029-08-12,202932,
2029-08-13,2029,8,32,219,2029-08-12,202932,
2029-08-17,2029,8,32,223,2029-08-12,202932,
2029-08-19,2029,8,33,225,2029-08-19,202933,
2029-08-20,2029,8,33,226,2029-08-19,202933,
2029-08-22,2029,8,33,228,2029-08-19,202933,
2029-08-23,2029,8,33,229,2029-08-19,202933,
2029-08-25,2029,8,33,231,2029-08-19,202933,
2029-08-21,2029,8,33,227,2029-08-19,202933,
2029-08-24,2029,8,33,230,2029-08-19,202933,
2029-08-28,2029,8,34,234,2029-08-26,202934,
2029-08-30,2029,8,34,236,2029-08-26,202934,
2029-08-26,2029,8,34,232,2029-08-26,202934,
2029-08-29,2029,8,34,235,2029-08-26,202934,
2029-09-01,2029,8,34,238,2029-08-26,202934,
2029-08-31,2029,8,34,237,2029-08-26,202934,
2029-08-27,2029,8,34,233,2029-08-26,202934,
2029-09-04,2029,9,35,241,2029-09-02,202935,
2029-09-02,2029,9,35,239,2029-09-02,202935,
2029-09-07,2029,9,35,244,2029-09-02,202935,
2029-09-06,2029,9,35,243,2029-09-02,202935,
2029-09-05,2029,9,35,242,2029-09-02,202935,
2029-09-03,2029,9,35,240,2029-09-02,202935,
2029-09-08,2029,9,35,245,2029-09-02,202935,
2029-09-12,2029,9,36,249,2029-09-09,202936,
2029-09-15,2029,9,36,252,2029-09-09,202936,
2029-09-14,2029,9,36,251,2029-09-09,202936,
2029-09-13,2029,9,36,250,2029-09-09,202936,
2029-09-10,2029,9,36,247,2029-09-09,202936,
2029-09-09,2029,9,36,246,2029-09-09,202936,
2029-09-11,2029,9,36,248,2029-09-09,202936,
2029-09-16,2029,9,37,253,2029-09-16,202937,
2029-09-18,2029,9,37,255,2029-09-16,202937,
2029-09-17,2029,9,37,254,2029-09-16,202937,
2029-09-20,2029,9,37,257,2029-09-16,202937,
2029-09-19,2029,9,37,256,2029-09-16,202937,
2029-09-21,2029,9,37,258,2029-09-16,202937,
2029-09-22,2029,9,37,259,2029-09-16,202937,
2029-09-25,2029,9,38,262,2029-09-23,202938,
2029-09-24,2029,9,38,261,2029-09-23,202938,
2029-09-27,2029,9,38,264,2029-09-23,202938,
2029-09-26,2029,9,38,263,2029-09-23,202938,
2029-09-29,2029,9,38,266,2029-09-23,202938,
2029-09-23,2029,9,38,260,2029-09-23,202938,
2029-09-28,2029,9,38,265,2029-09-23,202938,
2029-10-02,2029,9,39,269,2029-09-30,202939,
2029-10-04,2029,9,39,271,2029-09-30,202939,
2029-10-01,2029,9,39,268,2029-09-30,202939,
2029-10-03,2029,9,39,270,2029-09-30,202939,
2029-10-05,2029,9,39,272,2029-09-30,202939,
2029-10-06,2029,9,39,273,2029-09-30,202939,
2029-09-30,2029,9,39,267,2029-09-30,202939,
2029-10-10,2029,10,40,277,2029-10-07,202940,
2029-10-09,2029,10,40,276,2029-10-07,202940,
2029-10-11,2029,10,40,278,2029-10-07,202940,
2029-10-08,2029,10,40,275,2029-10-07,202940,
2029-10-12,2029,10,40,279,2029-10-07,202940,
2029-10-13,2029,10,40,280,2029-10-07,202940,
2029-10-07,2029,10,40,274,2029-10-07,202940,
2029-10-16,2029,10,41,283,2029-10-14,202941,
2029-10-17,2029,10,41,284,2029-10-14,202941,
2029-10-19,2029,10,41,286,2029-10-14,202941,
2029-10-15,2029,10,41,282,2029-10-14,202941,
2029-10-18,2029,10,41,285,2029-10-14,202941,
2029-10-20,2029,10,41,287,2029-10-14,202941,
2029-10-14,2029,10,41,281,2029-10-14,202941,
2029-10-25,2029,10,42,292,2029-10-21,202942,
2029-10-22,2029,10,42,289,2029-10-21,202942,
2029-10-27,2029,10,42,294,2029-10-21,202942,
2029-10-26,2029,10,42,293,2029-10-21,202942,
2029-10-24,2029,10,42,291,2029-10-21,202942,
2029-10-21,2029,10,42,288,2029-10-21,202942,
2029-10-23,2029,10,42,290,2029-10-21,202942,
2029-11-01,2029,10,43,299,2029-10-28,202943,
2029-11-02,2029,10,43,300,2029-10-28,202943,
2029-10-31,2029,10,43,298,2029-10-28,202943,
2029-10-28,2029,10,43,295,2029-10-28,202943,
2029-11-03,2029,10,43,301,2029-10-28,202943,
2029-10-29,2029,10,43,296,2029-10-28,202943,
2029-10-30,2029,10,43,297,2029-10-28,202943,
2029-11-06,2029,11,44,304,2029-11-04,202944,
2029-11-10,2029,11,44,308,2029-11-04,202944,
2029-11-07,2029,11,44,305,2029-11-04,202944,
2029-11-05,2029,11,44,303,2029-11-04,202944,
2029-11-09,2029,11,44,307,2029-11-04,202944,
2029-11-04,2029,11,44,302,2029-11-04,202944,
2029-11-08,2029,11,44,306,2029-11-04,202944,
2029-11-15,2029,11,45,313,2029-11-11,202945,
2029-11-11,2029,11,45,309,2029-11-11,202945,
2029-11-13,2029,11,45,311,2029-11-11,202945,
2029-11-14,2029,11,45,312,2029-11-11,202945,
2029-11-16,2029,11,45,314,2029-11-11,202945,
2029-11-17,2029,11,45,315,2029-11-11,202945,
2029-11-12,2029,11,45,310,2029-11-11,202945,
2029-11-24,2029,11,46,322,2029-11-18,202946,
2029-11-21,2029,11,46,319,2029-11-18,202946,
2029-11-23,2029,11,46,321,2029-11-18,202946,
2029-11-19,2029,11,46,317,2029-11-18,202946,
2029-11-20,2029,11,46,318,2029-11-18,202946,
2029-11-18,2029,11,46,316,2029-11-18,202946,
2029-11-22,2029,11,46,320,2029-11-18,202946,
2029-11-25,2029,11,47,323,2029-11-25,202947,
2029-11-30,2029,11,47,328,2029-11-25,202947,
2029-11-26,2029,11,47,324,2029-11-25,202947,
2029-12-01,2029,11,47,329,2029-11-25,202947,
2029-11-29,2029,11,47,327,2029-11-25,202947,
2029-11-28,2029,11,47,326,2029-11-25,202947,
2029-11-27,2029,11,47,325,2029-11-25,202947,
2029-12-04,2029,12,48,332,2029-12-02,202948,
2029-12-08,2029,12,48,336,2029-12-02,202948,
2029-12-05,2029,12,48,333,2029-12-02,202948,
2029-12-02,2029,12,48,330,2029-12-02,202948,
2029-12-07,2029,12,48,335,2029-12-02,202948,
2029-12-03,2029,12,48,331,2029-12-02,202948,
2029-12-06,2029,12,48,334,2029-12-02,202948,
2029-12-15,2029,12,49,343,2029-12-09,202949,
2029-12-11,2029,12,49,339,2029-12-09,202949,
2029-12-13,2029,12,49,341,2029-12-09,202949,
2029-12-10,2029,12,49,338,2029-12-09,202949,
2029-12-14,2029,12,49,342,2029-12-09,202949,
2029-12-09,2029,12,49,337,2029-12-09,202949,
2029-12-12,2029,12,49,340,2029-12-09,202949,
2029-12-20,2029,12,50,348,2029-12-16,202950,
2029-12-22,2029,12,50,350,2029-12-16,202950,
2029-12-19,2029,12,50,347,2029-12-16,202950,
2029-12-18,2029,12,50,346,2029-12-16,202950,
2029-12-21,2029,12,50,349,2029-12-16,202950,
2029-12-16,2029,12,50,344,2029-12-16,202950,
2029-12-17,2029,12,50,345,2029-12-16,202950,
2029-12-27,2029,12,51,355,2029-12-23,202951,
2029-12-26,2029,12,51,354,2029-12-23,202951,
2029-12-29,2029,12,51,357,2029-12-23,202951,
2029-12-23,2029,12,51,351,2029-12-23,202951,
2029-12-28,2029,12,51,356,2029-12-23,202951,
2029-12-25,2029,12,51,353,2029-12-23,202951,
2029-12-24,2029,12,51,352,2029-12-23,202951,
2030-01-05,2029,12,52,364,2029-12-30,202952,
2030-01-03,2029,12,52,362,2029-12-30,202952,
2029-12-30,2029,12,52,358,2029-12-30,202952,
2029-12-31,2029,12,52,359,2029-12-30,202952,
2030-01-02,2029,12,52,361,2029-12-30,202952,
2030-01-04,2029,12,52,363,2029-12-30,202952,
2030-01-01,2029,12,52,360,2029-12-30,202952,
2030-01-06,2030,1,1,1,2030-01-06,203001,
2030-01-07,2030,1,1,2,2030-01-06,203001,
2030-01-10,2030,1,1,5,2030-01-06,203001,
2030-01-12,2030,1,1,7,2030-01-06,203001,
2030-01-09,2030,1,1,4,2030-01-06,203001,
2030-01-08,2030,1,1,3,2030-01-06,203001,
2030-01-11,2030,1,1,6,2030-01-06,203001,
2030-01-14,2030,1,2,9,2030-01-13,203002,
2030-01-18,2030,1,2,13,2030-01-13,203002,
2030-01-19,2030,1,2,14,2030-01-13,203002,
2030-01-13,2030,1,2,8,2030-01-13,203002,
2030-01-15,2030,1,2,10,2030-01-13,203002,
2030-01-17,2030,1,2,12,2030-01-13,203002,
2030-01-16,2030,1,2,11,2030-01-13,203002,
2030-01-23,2030,1,3,18,2030-01-20,203003,
2030-01-24,2030,1,3,19,2030-01-20,203003,
2030-01-22,2030,1,3,17,2030-01-20,203003,
2030-01-21,2030,1,3,16,2030-01-20,203003,
2030-01-26,2030,1,3,21,2030-01-20,203003,
2030-01-20,2030,1,3,15,2030-01-20,203003,
2030-01-25,2030,1,3,20,2030-01-20,203003,
2030-01-31,2030,1,4,26,2030-01-27,203004,
2030-01-28,2030,1,4,23,2030-01-27,203004,
2030-01-29,2030,1,4,24,2030-01-27,203004,
2030-01-30,2030,1,4,25,2030-01-27,203004,
2030-02-01,2030,1,4,27,2030-01-27,203004,
2030-01-27,2030,1,4,22,2030-01-27,203004,
2030-02-02,2030,1,4,28,2030-01-27,203004,
2030-02-09,2030,2,5,35,2030-02-03,203005,
2030-02-05,2030,2,5,31,2030-02-03,203005,
2030-02-08,2030,2,5,34,2030-02-03,203005,
2030-02-07,2030,2,5,33,2030-02-03,203005,
2030-02-06,2030,2,5,32,2030-02-03,203005,
2030-02-03,2030,2,5,29,2030-02-03,203005,
2030-02-04,2030,2,5,30,2030-02-03,203005,
2030-02-13,2030,2,6,39,2030-02-10,203006,
2030-02-15,2030,2,6,41,2030-02-10,203006,
2030-02-11,2030,2,6,37,2030-02-10,203006,
2030-02-16,2030,2,6,42,2030-02-10,203006,
2030-02-14,2030,2,6,40,2030-02-10,203006,
2030-02-10,2030,2,6,36,2030-02-10,203006,
2030-02-12,2030,2,6,38,2030-02-10,203006,
2030-02-17,2030,2,7,43,2030-02-17,203007,
2030-02-19,2030,2,7,45,2030-02-17,203007,
2030-02-18,2030,2,7,44,2030-02-17,203007,
2030-02-21,2030,2,7,47,2030-02-17,203007,
2030-02-20,2030,2,7,46,2030-02-17,203007,
2030-02-22,2030,2,7,48,2030-02-17,203007,
2030-02-23,2030,2,7,49,2030-02-17,203007,
2030-02-25,2030,2,8,51,2030-02-24,203008,
2030-02-26,2030,2,8,52,2030-02-24,203008,
2030-02-28,2030,2,8,54,2030-02-24,203008,
2030-03-02,2030,2,8,56,2030-02-24,203008,
2030-02-24,2030,2,8,50,2030-02-24,203008,
2030-03-01,2030,2,8,55,2030-02-24,203008,
2030-02-27,2030,2,8,53,2030-02-24,203008,
2030-03-06,2030,3,9,60,2030-03-03,203009,
2030-03-08,2030,3,9,62,2030-03-03,203009,
2030-03-03,2030,3,9,57,2030-03-03,203009,
2030-03-09,2030,3,9,63,2030-03-03,203009,
2030-03-05,2030,3,9,59,2030-03-03,203009,
2030-03-04,2030,3,9,58,2030-03-03,203009,
2030-03-07,2030,3,9,61,2030-03-03,203009,
2030-03-14,2030,3,10,68,2030-03-10,203010,
2030-03-16,2030,3,10,70,2030-03-10,203010,
2030-03-15,2030,3,10,69,2030-03-10,203010,
2030-03-13,2030,3,10,67,2030-03-10,203010,
2030-03-11,2030,3,10,65,2030-03-10,203010,
2030-03-10,2030,3,10,64,2030-03-10,203010,
2030-03-12,2030,3,10,66,2030-03-10,203010,
2030-03-18,2030,3,11,72,2030-03-17,203011,
2030-03-21,2030,3,11,75,2030-03-17,203011,
2030-03-20,2030,3,11,74,2030-03-17,203011,
2030-03-17,2030,3,11,71,2030-03-17,203011,
2030-03-19,2030,3,11,73,2030-03-17,203011,
2030-03-23,2030,3,11,77,2030-03-17,203011,
2030-03-22,2030,3,11,76,2030-03-17,203011,
2030-03-28,2030,3,12,82,2030-03-24,203012,
2030-03-24,2030,3,12,78,2030-03-24,203012,
2030-03-30,2030,3,12,84,2030-03-24,203012,
2030-03-26,2030,3,12,80,2030-03-24,203012,
2030-03-29,2030,3,12,83,2030-03-24,203012,
2030-03-27,2030,3,12,81,2030-03-24,203012,
2030-03-25,2030,3,12,79,2030-03-24,203012,
2030-04-03,2030,3,13,88,2030-03-31,203013,
2030-04-01,2030,3,13,86,2030-03-31,203013,
2030-04-05,2030,3,13,90,2030-03-31,203013,
2030-03-31,2030,3,13,85,2030-03-31,203013,
2030-04-02,2030,3,13,87,2030-03-31,203013,
2030-04-04,2030,3,13,89,2030-03-31,203013,
2030-04-06,2030,3,13,91,2030-03-31,203013,
2030-04-07,2030,4,14,92,2030-04-07,203014,
2030-04-10,2030,4,14,95,2030-04-07,203014,
2030-04-11,2030,4,14,96,2030-04-07,203014,
2030-04-12,2030,4,14,97,2030-04-07,203014,
2030-04-09,2030,4,14,94,2030-04-07,203014,
2030-04-13,2030,4,14,98,2030-04-07,203014,
2030-04-08,2030,4,14,93,2030-04-07,203014,
2030-04-18,2030,4,15,103,2030-04-14,203015,
2030-04-19,2030,4,15,104,2030-04-14,203015,
2030-04-16,2030,4,15,101,2030-04-14,203015,
2030-04-15,2030,4,15,100,2030-04-14,203015,
2030-04-17,2030,4,15,102,2030-04-14,203015,
2030-04-14,2030,4,15,99,2030-04-14,203015,
2030-04-20,2030,4,15,105,2030-04-14,203015,
2030-04-23,2030,4,16,108,2030-04-21,203016,
2030-04-24,2030,4,16,109,2030-04-21,203016,
2030-04-21,2030,4,16,106,2030-04-21,203016,
2030-04-25,2030,4,16,110,2030-04-21,203016,
2030-04-27,2030,4,16,112,2030-04-21,203016,
2030-04-26,2030,4,16,111,2030-04-21,203016,
2030-04-22,2030,4,16,107,2030-04-21,203016,
2030-04-29,2030,4,17,114,2030-04-28,203017,
2030-05-02,2030,4,17,117,2030-04-28,203017,
2030-04-30,2030,4,17,115,2030-04-28,203017,
2030-05-01,2030,4,17,116,2030-04-28,203017,
2030-05-04,2030,4,17,119,2030-04-28,203017,
2030-05-03,2030,4,17,118,2030-04-28,203017,
2030-04-28,2030,4,17,113,2030-04-28,203017,
2030-05-11,2030,5,18,126,2030-05-05,203018,
2030-05-10,2030,5,18,125,2030-05-05,203018,
2030-05-08,2030,5,18,123,2030-05-05,203018,
2030-05-09,2030,5,18,124,2030-05-05,203018,
2030-05-05,2030,5,18,120,2030-05-05,203018,
2030-05-07,2030,5,18,122,2030-05-05,203018,
2030-05-06,2030,5,18,121,2030-05-05,203018,
2030-05-13,2030,5,19,128,2030-05-12,203019,
2030-05-14,2030,5,19,129,2030-05-12,203019,
2030-05-12,2030,5,19,127,2030-05-12,203019,
2030-05-18,2030,5,19,133,2030-05-12,203019,
2030-05-17,2030,5,19,132,2030-05-12,203019,
2030-05-15,2030,5,19,130,2030-05-12,203019,
2030-05-16,2030,5,19,131,2030-05-12,203019,
2030-05-23,2030,5,20,138,2030-05-19,203020,
2030-05-25,2030,5,20,140,2030-05-19,203020,
2030-05-21,2030,5,20,136,2030-05-19,203020,
2030-05-22,2030,5,20,137,2030-05-19,203020,
2030-05-19,2030,5,20,134,2030-05-19,203020,
2030-05-20,2030,5,20,135,2030-05-19,203020,
2030-05-24,2030,5,20,139,2030-05-19,203020,
2030-05-27,2030,5,21,142,2030-05-26,203021,
2030-06-01,2030,5,21,147,2030-05-26,203021,
2030-05-31,2030,5,21,146,2030-05-26,203021,
2030-05-30,2030,5,21,145,2030-05-26,203021,
2030-05-28,2030,5,21,143,2030-05-26,203021,
2030-05-29,2030,5,21,144,2030-05-26,203021,
2030-05-26,2030,5,21,141,2030-05-26,203021,
2030-06-03,2030,6,22,149,2030-06-02,203022,
2030-06-06,2030,6,22,152,2030-06-02,203022,
2030-06-07,2030,6,22,153,2030-06-02,203022,
2030-06-05,2030,6,22,151,2030-06-02,203022,
2030-06-02,2030,6,22,148,2030-06-02,203022,
2030-06-08,2030,6,22,154,2030-06-02,203022,
2030-06-04,2030,6,22,150,2030-06-02,203022,
2030-06-15,2030,6,23,161,2030-06-09,203023,
2030-06-13,2030,6,23,159,2030-06-09,203023,
2030-06-12,2030,6,23,158,2030-06-09,203023,
2030-06-14,2030,6,23,160,2030-06-09,203023,
2030-06-11,2030,6,23,157,2030-06-09,203023,
2030-06-10,2030,6,23,156,2030-06-09,203023,
2030-06-09,2030,6,23,155,2030-06-09,203023,
2030-06-22,2030,6,24,168,2030-06-16,203024,
2030-06-17,2030,6,24,163,2030-06-16,203024,
2030-06-20,2030,6,24,166,2030-06-16,203024,
2030-06-16,2030,6,24,162,2030-06-16,203024,
2030-06-21,2030,6,24,167,2030-06-16,203024,
2030-06-18,2030,6,24,164,2030-06-16,203024,
2030-06-19,2030,6,24,165,2030-06-16,203024,
2030-06-24,2030,6,25,170,2030-06-23,203025,
2030-06-27,2030,6,25,173,2030-06-23,203025,
2030-06-25,2030,6,25,171,2030-06-23,203025,
2030-06-23,2030,6,25,169,2030-06-23,203025,
2030-06-29,2030,6,25,175,2030-06-23,203025,
2030-06-26,2030,6,25,172,2030-06-23,203025,
2030-06-28,2030,6,25,174,2030-06-23,203025,
2030-07-02,2030,6,26,178,2030-06-30,203026,
2030-07-01,2030,6,26,177,2030-06-30,203026,
2030-07-04,2030,6,26,180,2030-06-30,203026,
2030-07-06,2030,6,26,182,2030-06-30,203026,
2030-07-03,2030,6,26,179,2030-06-30,203026,
2030-06-30,2030,6,26,176,2030-06-30,203026,
2030-07-05,2030,6,26,181,2030-06-30,203026,
2030-07-13,2030,7,27,189,2030-07-07,203027,
2030-07-08,2030,7,27,184,2030-07-07,203027,
2030-07-11,2030,7,27,187,2030-07-07,203027,
2030-07-10,2030,7,27,186,2030-07-07,203027,
2030-07-12,2030,7,27,188,2030-07-07,203027,
2030-07-07,2030,7,27,183,2030-07-07,203027,
2030-07-09,2030,7,27,185,2030-07-07,203027,
2030-07-16,2030,7,28,192,2030-07-14,203028,
2030-07-14,2030,7,28,190,2030-07-14,203028,
2030-07-19,2030,7,28,195,2030-07-14,203028,
2030-07-17,2030,7,28,193,2030-07-14,203028,
2030-07-18,2030,7,28,194,2030-07-14,203028,
2030-07-15,2030,7,28,191,2030-07-14,203028,
2030-07-20,2030,7,28,196,2030-07-14,203028,
2030-07-25,2030,7,29,201,2030-07-21,203029,
2030-07-22,2030,7,29,198,2030-07-21,203029,
2030-07-23,2030,7,29,199,2030-07-21,203029,
2030-07-21,2030,7,29,197,2030-07-21,203029,
2030-07-27,2030,7,29,203,2030-07-21,203029,
2030-07-24,2030,7,29,200,2030-07-21,203029,
2030-07-26,2030,7,29,202,2030-07-21,203029,
2030-08-03,2030,7,30,210,2030-07-28,203030,
2030-08-02,2030,7,30,209,2030-07-28,203030,
2030-07-31,2030,7,30,207,2030-07-28,203030,
2030-08-01,2030,7,30,208,2030-07-28,203030,
2030-07-29,2030,7,30,205,2030-07-28,203030,
2030-07-30,2030,7,30,206,2030-07-28,203030,
2030-07-28,2030,7,30,204,2030-07-28,203030,
2030-08-06,2030,8,31,213,2030-08-04,203031,
2030-08-09,2030,8,31,216,2030-08-04,203031,
2030-08-05,2030,8,31,212,2030-08-04,203031,
2030-08-10,2030,8,31,217,2030-08-04,203031,
2030-08-07,2030,8,31,214,2030-08-04,203031,
2030-08-04,2030,8,31,211,2030-08-04,203031,
2030-08-08,2030,8,31,215,2030-08-04,203031,
2030-08-12,2030,8,32,219,2030-08-11,203032,
2030-08-17,2030,8,32,224,2030-08-11,203032,
2030-08-11,2030,8,32,218,2030-08-11,203032,
2030-08-13,2030,8,32,220,2030-08-11,203032,
2030-08-16,2030,8,32,223,2030-08-11,203032,
2030-08-15,2030,8,32,222,2030-08-11,203032,
2030-08-14,2030,8,32,221,2030-08-11,203032,
2030-08-22,2030,8,33,229,2030-08-18,203033,
2030-08-23,2030,8,33,230,2030-08-18,203033,
2030-08-19,2030,8,33,226,2030-08-18,203033,
2030-08-20,2030,8,33,227,2030-08-18,203033,
2030-08-24,2030,8,33,231,2030-08-18,203033,
2030-08-18,2030,8,33,225,2030-08-18,203033,
2030-08-21,2030,8,33,228,2030-08-18,203033,
2030-08-29,2030,8,34,236,2030-08-25,203034,
2030-08-26,2030,8,34,233,2030-08-25,203034,
2030-08-30,2030,8,34,237,2030-08-25,203034,
2030-08-27,2030,8,34,234,2030-08-25,203034,
2030-08-28,2030,8,34,235,2030-08-25,203034,
2030-08-25,2030,8,34,232,2030-08-25,203034,
2030-08-31,2030,8,34,238,2030-08-25,203034,
2030-09-02,2030,9,35,240,2030-09-01,203035,
2030-09-05,2030,9,35,243,2030-09-01,203035,
2030-09-04,2030,9,35,242,2030-09-01,203035,
2030-09-03,2030,9,35,241,2030-09-01,203035,
2030-09-07,2030,9,35,245,2030-09-01,203035,
2030-09-06,2030,9,35,244,2030-09-01,203035,
2030-09-01,2030,9,35,239,2030-09-01,203035,
2030-09-08,2030,9,36,246,2030-09-08,203036,
2030-09-13,2030,9,36,251,2030-09-08,203036,
2030-09-14,2030,9,36,252,2030-09-08,203036,
2030-09-10,2030,9,36,248,2030-09-08,203036,
2030-09-12,2030,9,36,250,2030-09-08,203036,
2030-09-11,2030,9,36,249,2030-09-08,203036,
2030-09-09,2030,9,36,247,2030-09-08,203036,
2030-09-21,2030,9,37,259,2030-09-15,203037,
2030-09-17,2030,9,37,255,2030-09-15,203037,
2030-09-16,2030,9,37,254,2030-09-15,203037,
2030-09-20,2030,9,37,258,2030-09-15,203037,
2030-09-15,2030,9,37,253,2030-09-15,203037,
2030-09-19,2030,9,37,257,2030-09-15,203037,
2030-09-18,2030,9,37,256,2030-09-15,203037,
2030-09-23,2030,9,38,261,2030-09-22,203038,
2030-09-28,2030,9,38,266,2030-09-22,203038,
2030-09-27,2030,9,38,265,2030-09-22,203038,
2030-09-25,2030,9,38,263,2030-09-22,203038,
2030-09-22,2030,9,38,260,2030-09-22,203038,
2030-09-26,2030,9,38,264,2030-09-22,203038,
2030-09-24,2030,9,38,262,2030-09-22,203038,
2030-10-05,2030,9,39,273,2030-09-29,203039,
2030-10-01,2030,9,39,269,2030-09-29,203039,
2030-09-29,2030,9,39,267,2030-09-29,203039,
2030-10-04,2030,9,39,272,2030-09-29,203039,
2030-10-02,2030,9,39,270,2030-09-29,203039,
2030-09-30,2030,9,39,268,2030-09-29,203039,
2030-10-03,2030,9,39,271,2030-09-29,203039,
2030-10-09,2030,10,40,277,2030-10-06,203040,
2030-10-12,2030,10,40,280,2030-10-06,203040,
2030-10-06,2030,10,40,274,2030-10-06,203040,
2030-10-08,2030,10,40,276,2030-10-06,203040,
2030-10-07,2030,10,40,275,2030-10-06,203040,
2030-10-11,2030,10,40,279,2030-10-06,203040,
2030-10-10,2030,10,40,278,2030-10-06,203040,
2030-10-15,2030,10,41,283,2030-10-13,203041,
2030-10-13,2030,10,41,281,2030-10-13,203041,
2030-10-14,2030,10,41,282,2030-10-13,203041,
2030-10-19,2030,10,41,287,2030-10-13,203041,
2030-10-16,2030,10,41,284,2030-10-13,203041,
2030-10-18,2030,10,41,286,2030-10-13,203041,
2030-10-17,2030,10,41,285,2030-10-13,203041,
2030-10-21,2030,10,42,289,2030-10-20,203042,
2030-10-20,2030,10,42,288,2030-10-20,203042,
2030-10-23,2030,10,42,291,2030-10-20,203042,
2030-10-22,2030,10,42,290,2030-10-20,203042,
2030-10-26,2030,10,42,294,2030-10-20,203042,
2030-10-25,2030,10,42,293,2030-10-20,203042,
2030-10-24,2030,10,42,292,2030-10-20,203042,
2030-10-31,2030,10,43,299,2030-10-27,203043,
2030-10-30,2030,10,43,298,2030-10-27,203043,
2030-10-28,2030,10,43,296,2030-10-27,203043,
2030-11-01,2030,10,43,300,2030-10-27,203043,
2030-10-27,2030,10,43,295,2030-10-27,203043,
2030-10-29,2030,10,43,297,2030-10-27,203043,
2030-11-02,2030,10,43,301,2030-10-27,203043,
2030-11-07,2030,11,44,306,2030-11-03,203044,
2030-11-04,2030,11,44,303,2030-11-03,203044,
2030-11-05,2030,11,44,304,2030-11-03,203044,
2030-11-06,2030,11,44,305,2030-11-03,203044,
2030-11-03,2030,11,44,302,2030-11-03,203044,
2030-11-08,2030,11,44,307,2030-11-03,203044,
2030-11-09,2030,11,44,308,2030-11-03,203044,
2030-11-16,2030,11,45,315,2030-11-10,203045,
2030-11-10,2030,11,45,309,2030-11-10,203045,
2030-11-12,2030,11,45,311,2030-11-10,203045,
2030-11-15,2030,11,45,314,2030-11-10,203045,
2030-11-11,2030,11,45,310,2030-11-10,203045,
2030-11-13,2030,11,45,312,2030-11-10,203045,
2030-11-14,2030,11,45,313,2030-11-10,203045,
2030-11-17,2030,11,46,316,2030-11-17,203046,
2030-11-21,2030,11,46,320,2030-11-17,203046,
2030-11-19,2030,11,46,318,2030-11-17,203046,
2030-11-23,2030,11,46,322,2030-11-17,203046,
2030-11-22,2030,11,46,321,2030-11-17,203046,
2030-11-18,2030,11,46,317,2030-11-17,203046,
2030-11-20,2030,11,46,319,2030-11-17,203046,
2030-11-28,2030,11,47,327,2030-11-24,203047,
2030-11-29,2030,11,47,328,2030-11-24,203047,
2030-11-27,2030,11,47,326,2030-11-24,203047,
2030-11-30,2030,11,47,329,2030-11-24,203047,
2030-11-24,2030,11,47,323,2030-11-24,203047,
2030-11-25,2030,11,47,324,2030-11-24,203047,
2030-11-26,2030,11,47,325,2030-11-24,203047,
2030-12-04,2030,12,48,333,2030-12-01,203048,
2030-12-06,2030,12,48,335,2030-12-01,203048,
2030-12-07,2030,12,48,336,2030-12-01,203048,
2030-12-05,2030,12,48,334,2030-12-01,203048,
2030-12-01,2030,12,48,330,2030-12-01,203048,
2030-12-03,2030,12,48,332,2030-12-01,203048,
2030-12-02,2030,12,48,331,2030-12-01,203048,
2030-12-12,2030,12,49,341,2030-12-08,203049,
2030-12-09,2030,12,49,338,2030-12-08,203049,
2030-12-14,2030,12,49,343,2030-12-08,203049,
2030-12-13,2030,12,49,342,2030-12-08,203049,
2030-12-11,2030,12,49,340,2030-12-08,203049,
2030-12-10,2030,12,49,339,2030-12-08,203049,
2030-12-08,2030,12,49,337,2030-12-08,203049,
2030-12-17,2030,12,50,346,2030-12-15,203050,
2030-12-19,2030,12,50,348,2030-12-15,203050,
2030-12-18,2030,12,50,347,2030-12-15,203050,
2030-12-16,2030,12,50,345,2030-12-15,203050,
2030-12-20,2030,12,50,349,2030-12-15,203050,
2030-12-15,2030,12,50,344,2030-12-15,203050,
2030-12-21,2030,12,50,350,2030-12-15,203050,
2030-12-27,2030,12,51,356,2030-12-22,203051,
2030-12-26,2030,12,51,355,2030-12-22,203051,
2030-12-22,2030,12,51,351,2030-12-22,203051,
2030-12-28,2030,12,51,357,2030-12-22,203051,
2030-12-24,2030,12,51,353,2030-12-22,203051,
2030-12-25,2030,12,51,354,2030-12-22,203051,
2030-12-23,2030,12,51,352,2030-12-22,203051,
2031-01-04,2030,12,52,364,2030-12-29,203052,
2031-01-02,2030,12,52,362,2030-12-29,203052,
2031-01-01,2030,12,52,361,2030-12-29,203052,
2030-12-31,2030,12,52,360,2030-12-29,203052,
2031-01-03,2030,12,52,363,2030-12-29,203052,
2030-12-29,2030,12,52,358,2030-12-29,203052,
2030-12-30,2030,12,52,359,2030-12-29,203052,
2031-01-06,2031,1,1,2,2031-01-05,203101,
2031-01-08,2031,1,1,4,2031-01-05,203101,
2031-01-07,2031,1,1,3,2031-01-05,203101,
2031-01-05,2031,1,1,1,2031-01-05,203101,
2031-01-09,2031,1,1,5,2031-01-05,203101,
2031-01-11,2031,1,1,7,2031-01-05,203101,
2031-01-10,2031,1,1,6,2031-01-05,203101,
2031-01-12,2031,1,2,8,2031-01-12,203102,
2031-01-15,2031,1,2,11,2031-01-12,203102,
2031-01-14,2031,1,2,10,2031-01-12,203102,
2031-01-17,2031,1,2,13,2031-01-12,203102,
2031-01-13,2031,1,2,9,2031-01-12,203102,
2031-01-16,2031,1,2,12,2031-01-12,203102,
2031-01-18,2031,1,2,14,2031-01-12,203102,
2031-01-19,2031,1,3,15,2031-01-19,203103,
2031-01-24,2031,1,3,20,2031-01-19,203103,
2031-01-23,2031,1,3,19,2031-01-19,203103,
2031-01-22,2031,1,3,18,2031-01-19,203103,
2031-01-20,2031,1,3,16,2031-01-19,203103,
2031-01-21,2031,1,3,17,2031-01-19,203103,
2031-01-25,2031,1,3,21,2031-01-19,203103,
2031-01-26,2031,1,4,22,2031-01-26,203104,
2031-01-28,2031,1,4,24,2031-01-26,203104,
2031-01-30,2031,1,4,26,2031-01-26,203104,
2031-01-31,2031,1,4,27,2031-01-26,203104,
2031-01-27,2031,1,4,23,2031-01-26,203104,
2031-02-01,2031,1,4,28,2031-01-26,203104,
2031-01-29,2031,1,4,25,2031-01-26,203104,
2031-02-04,2031,2,5,31,2031-02-02,203105,
2031-02-03,2031,2,5,30,2031-02-02,203105,
2031-02-08,2031,2,5,35,2031-02-02,203105,
2031-02-02,2031,2,5,29,2031-02-02,203105,
2031-02-06,2031,2,5,33,2031-02-02,203105,
2031-02-05,2031,2,5,32,2031-02-02,203105,
2031-02-07,2031,2,5,34,2031-02-02,203105,
2031-02-15,2031,2,6,42,2031-02-09,203106,
2031-02-09,2031,2,6,36,2031-02-09,203106,
2031-02-13,2031,2,6,40,2031-02-09,203106,
2031-02-11,2031,2,6,38,2031-02-09,203106,
2031-02-10,2031,2,6,37,2031-02-09,203106,
2031-02-14,2031,2,6,41,2031-02-09,203106,
2031-02-12,2031,2,6,39,2031-02-09,203106,
2031-02-21,2031,2,7,48,2031-02-16,203107,
2031-02-17,2031,2,7,44,2031-02-16,203107,
2031-02-22,2031,2,7,49,2031-02-16,203107,
2031-02-20,2031,2,7,47,2031-02-16,203107,
2031-02-18,2031,2,7,45,2031-02-16,203107,
2031-02-16,2031,2,7,43,2031-02-16,203107,
2031-02-19,2031,2,7,46,2031-02-16,203107,
2031-03-01,2031,2,8,56,2031-02-23,203108,
2031-02-25,2031,2,8,52,2031-02-23,203108,
2031-02-23,2031,2,8,50,2031-02-23,203108,
2031-02-28,2031,2,8,55,2031-02-23,203108,
2031-02-27,2031,2,8,54,2031-02-23,203108,
2031-02-26,2031,2,8,53,2031-02-23,203108,
2031-02-24,2031,2,8,51,2031-02-23,203108,
2031-03-03,2031,3,9,58,2031-03-02,203109,
2031-03-02,2031,3,9,57,2031-03-02,203109,
2031-03-05,2031,3,9,60,2031-03-02,203109,
2031-03-04,2031,3,9,59,2031-03-02,203109,
2031-03-07,2031,3,9,62,2031-03-02,203109,
2031-03-08,2031,3,9,63,2031-03-02,203109,
2031-03-06,2031,3,9,61,2031-03-02,203109,
2031-03-10,2031,3,10,65,2031-03-09,203110,
2031-03-13,2031,3,10,68,2031-03-09,203110,
2031-03-15,2031,3,10,70,2031-03-09,203110,
2031-03-12,2031,3,10,67,2031-03-09,203110,
2031-03-11,2031,3,10,66,2031-03-09,203110,
2031-03-09,2031,3,10,64,2031-03-09,203110,
2031-03-14,2031,3,10,69,2031-03-09,203110,
2031-03-18,2031,3,11,73,2031-03-16,203111,
2031-03-20,2031,3,11,75,2031-03-16,203111,
2031-03-17,2031,3,11,72,2031-03-16,203111,
2031-03-19,2031,3,11,74,2031-03-16,203111,
2031-03-21,2031,3,11,76,2031-03-16,203111,
2031-03-16,2031,3,11,71,2031-03-16,203111,
2031-03-22,2031,3,11,77,2031-03-16,203111,
2031-03-23,2031,3,12,78,2031-03-23,203112,
2031-03-29,2031,3,12,84,2031-03-23,203112,
2031-03-24,2031,3,12,79,2031-03-23,203112,
2031-03-27,2031,3,12,82,2031-03-23,203112,
2031-03-26,2031,3,12,81,2031-03-23,203112,
2031-03-28,2031,3,12,83,2031-03-23,203112,
2031-03-25,2031,3,12,80,2031-03-23,203112,
2031-03-31,2031,3,13,86,2031-03-30,203113,
2031-04-04,2031,3,13,90,2031-03-30,203113,
2031-03-30,2031,3,13,85,2031-03-30,203113,
2031-04-02,2031,3,13,88,2031-03-30,203113,
2031-04-05,2031,3,13,91,2031-03-30,203113,
2031-04-03,2031,3,13,89,2031-03-30,203113,
2031-04-01,2031,3,13,87,2031-03-30,203113,
2031-04-10,2031,4,14,96,2031-04-06,203114,
2031-04-09,2031,4,14,95,2031-04-06,203114,
2031-04-11,2031,4,14,97,2031-04-06,203114,
2031-04-12,2031,4,14,98,2031-04-06,203114,
2031-04-08,2031,4,14,94,2031-04-06,203114,
2031-04-07,2031,4,14,93,2031-04-06,203114,
2031-04-06,2031,4,14,92,2031-04-06,203114,
2031-04-18,2031,4,15,104,2031-04-13,203115,
2031-04-15,2031,4,15,101,2031-04-13,203115,
2031-04-13,2031,4,15,99,2031-04-13,203115,
2031-04-17,2031,4,15,103,2031-04-13,203115,
2031-04-16,2031,4,15,102,2031-04-13,203115,
2031-04-14,2031,4,15,100,2031-04-13,203115,
2031-04-19,2031,4,15,105,2031-04-13,203115,
2031-04-20,2031,4,16,106,2031-04-20,203116,
2031-04-23,2031,4,16,109,2031-04-20,203116,
2031-04-21,2031,4,16,107,2031-04-20,203116,
2031-04-24,2031,4,16,110,2031-04-20,203116,
2031-04-26,2031,4,16,112,2031-04-20,203116,
2031-04-25,2031,4,16,111,2031-04-20,203116,
2031-04-22,2031,4,16,108,2031-04-20,203116,
2031-04-27,2031,4,17,113,2031-04-27,203117,
2031-05-01,2031,4,17,117,2031-04-27,203117,
2031-04-28,2031,4,17,114,2031-04-27,203117,
2031-04-30,2031,4,17,116,2031-04-27,203117,
2031-05-02,2031,4,17,118,2031-04-27,203117,
2031-05-03,2031,4,17,119,2031-04-27,203117,
2031-04-29,2031,4,17,115,2031-04-27,203117,
2031-05-08,2031,5,18,124,2031-05-04,203118,
2031-05-04,2031,5,18,120,2031-05-04,203118,
2031-05-09,2031,5,18,125,2031-05-04,203118,
2031-05-07,2031,5,18,123,2031-05-04,203118,
2031-05-10,2031,5,18,126,2031-05-04,203118,
2031-05-06,2031,5,18,122,2031-05-04,203118,
2031-05-05,2031,5,18,121,2031-05-04,203118,
2031-05-14,2031,5,19,130,2031-05-11,203119,
2031-05-16,2031,5,19,132,2031-05-11,203119,
2031-05-15,2031,5,19,131,2031-05-11,203119,
2031-05-11,2031,5,19,127,2031-05-11,203119,
2031-05-13,2031,5,19,129,2031-05-11,203119,
2031-05-17,2031,5,19,133,2031-05-11,203119,
2031-05-12,2031,5,19,128,2031-05-11,203119,
2031-05-20,2031,5,20,136,2031-05-18,203120,
2031-05-23,2031,5,20,139,2031-05-18,203120,
2031-05-21,2031,5,20,137,2031-05-18,203120,
2031-05-19,2031,5,20,135,2031-05-18,203120,
2031-05-22,2031,5,20,138,2031-05-18,203120,
2031-05-24,2031,5,20,140,2031-05-18,203120,
2031-05-18,2031,5,20,134,2031-05-18,203120,
2031-05-28,2031,5,21,144,2031-05-25,203121,
2031-05-29,2031,5,21,145,2031-05-25,203121,
2031-05-31,2031,5,21,147,2031-05-25,203121,
2031-05-26,2031,5,21,142,2031-05-25,203121,
2031-05-30,2031,5,21,146,2031-05-25,203121,
2031-05-27,2031,5,21,143,2031-05-25,203121,
2031-05-25,2031,5,21,141,2031-05-25,203121,
2031-06-03,2031,6,22,150,2031-06-01,203122,
2031-06-04,2031,6,22,151,2031-06-01,203122,
2031-06-06,2031,6,22,153,2031-06-01,203122,
2031-06-07,2031,6,22,154,2031-06-01,203122,
2031-06-05,2031,6,22,152,2031-06-01,203122,
2031-06-02,2031,6,22,149,2031-06-01,203122,
2031-06-01,2031,6,22,148,2031-06-01,203122,
2031-06-08,2031,6,23,155,2031-06-08,203123,
2031-06-14,2031,6,23,161,2031-06-08,203123,
2031-06-12,2031,6,23,159,2031-06-08,203123,
2031-06-10,2031,6,23,157,2031-06-08,203123,
2031-06-11,2031,6,23,158,2031-06-08,203123,
2031-06-13,2031,6,23,160,2031-06-08,203123,
2031-06-09,2031,6,23,156,2031-06-08,203123,
2031-06-15,2031,6,24,162,2031-06-15,203124,
2031-06-20,2031,6,24,167,2031-06-15,203124,
2031-06-18,2031,6,24,165,2031-06-15,203124,
2031-06-17,2031,6,24,164,2031-06-15,203124,
2031-06-21,2031,6,24,168,2031-06-15,203124,
2031-06-19,2031,6,24,166,2031-06-15,203124,
2031-06-16,2031,6,24,163,2031-06-15,203124,
2031-06-25,2031,6,25,172,2031-06-22,203125,
2031-06-27,2031,6,25,174,2031-06-22,203125,
2031-06-28,2031,6,25,175,2031-06-22,203125,
2031-06-23,2031,6,25,170,2031-06-22,203125,
2031-06-24,2031,6,25,171,2031-06-22,203125,
2031-06-26,2031,6,25,173,2031-06-22,203125,
2031-06-22,2031,6,25,169,2031-06-22,203125,
2031-07-05,2031,6,26,182,2031-06-29,203126,
2031-07-04,2031,6,26,181,2031-06-29,203126,
2031-06-29,2031,6,26,176,2031-06-29,203126,
2031-06-30,2031,6,26,177,2031-06-29,203126,
2031-07-03,2031,6,26,180,2031-06-29,203126,
2031-07-01,2031,6,26,178,2031-06-29,203126,
2031-07-02,2031,6,26,179,2031-06-29,203126,
2031-07-11,2031,7,27,188,2031-07-06,203127,
2031-07-10,2031,7,27,187,2031-07-06,203127,
2031-07-08,2031,7,27,185,2031-07-06,203127,
2031-07-09,2031,7,27,186,2031-07-06,203127,
2031-07-07,2031,7,27,184,2031-07-06,203127,
2031-07-12,2031,7,27,189,2031-07-06,203127,
2031-07-06,2031,7,27,183,2031-07-06,203127,
2031-07-16,2031,7,28,193,2031-07-13,203128,
2031-07-15,2031,7,28,192,2031-07-13,203128,
2031-07-14,2031,7,28,191,2031-07-13,203128,
2031-07-13,2031,7,28,190,2031-07-13,203128,
2031-07-17,2031,7,28,194,2031-07-13,203128,
2031-07-19,2031,7,28,196,2031-07-13,203128,
2031-07-18,2031,7,28,195,2031-07-13,203128,
2031-07-20,2031,7,29,197,2031-07-20,203129,
2031-07-22,2031,7,29,199,2031-07-20,203129,
2031-07-26,2031,7,29,203,2031-07-20,203129,
2031-07-24,2031,7,29,201,2031-07-20,203129,
2031-07-25,2031,7,29,202,2031-07-20,203129,
2031-07-23,2031,7,29,200,2031-07-20,203129,
2031-07-21,2031,7,29,198,2031-07-20,203129,
2031-07-27,2031,7,30,204,2031-07-27,203130,
2031-08-01,2031,7,30,209,2031-07-27,203130,
2031-07-30,2031,7,30,207,2031-07-27,203130,
2031-07-28,2031,7,30,205,2031-07-27,203130,
2031-07-29,2031,7,30,206,2031-07-27,203130,
2031-08-02,2031,7,30,210,2031-07-27,203130,
2031-07-31,2031,7,30,208,2031-07-27,203130,
2031-08-05,2031,8,31,213,2031-08-03,203131,
2031-08-08,2031,8,31,216,2031-08-03,203131,
2031-08-03,2031,8,31,211,2031-08-03,203131,
2031-08-04,2031,8,31,212,2031-08-03,203131,
2031-08-06,2031,8,31,214,2031-08-03,203131,
2031-08-07,2031,8,31,215,2031-08-03,203131,
2031-08-09,2031,8,31,217,2031-08-03,203131,
2031-08-10,2031,8,32,218,2031-08-10,203132,
2031-08-11,2031,8,32,219,2031-08-10,203132,
2031-08-14,2031,8,32,222,2031-08-10,203132,
2031-08-15,2031,8,32,223,2031-08-10,203132,
2031-08-12,2031,8,32,220,2031-08-10,203132,
2031-08-16,2031,8,32,224,2031-08-10,203132,
2031-08-13,2031,8,32,221,2031-08-10,203132,
2031-08-20,2031,8,33,228,2031-08-17,203133,
2031-08-21,2031,8,33,229,2031-08-17,203133,
2031-08-19,2031,8,33,227,2031-08-17,203133,
2031-08-23,2031,8,33,231,2031-08-17,203133,
2031-08-18,2031,8,33,226,2031-08-17,203133,
2031-08-17,2031,8,33,225,2031-08-17,203133,
2031-08-22,2031,8,33,230,2031-08-17,203133,
2031-08-24,2031,8,34,232,2031-08-24,203134,
2031-08-25,2031,8,34,233,2031-08-24,203134,
2031-08-27,2031,8,34,235,2031-08-24,203134,
2031-08-30,2031,8,34,238,2031-08-24,203134,
2031-08-26,2031,8,34,234,2031-08-24,203134,
2031-08-28,2031,8,34,236,2031-08-24,203134,
2031-08-29,2031,8,34,237,2031-08-24,203134,
2031-08-31,2031,9,35,239,2031-08-31,203135,
2031-09-05,2031,9,35,244,2031-08-31,203135,
2031-09-01,2031,9,35,240,2031-08-31,203135,
2031-09-03,2031,9,35,242,2031-08-31,203135,
2031-09-04,2031,9,35,243,2031-08-31,203135,
2031-09-02,2031,9,35,241,2031-08-31,203135,
2031-09-06,2031,9,35,245,2031-08-31,203135,
2031-09-09,2031,9,36,248,2031-09-07,203136,
2031-09-11,2031,9,36,250,2031-09-07,203136,
2031-09-13,2031,9,36,252,2031-09-07,203136,
2031-09-12,2031,9,36,251,2031-09-07,203136,
2031-09-10,2031,9,36,249,2031-09-07,203136,
2031-09-07,2031,9,36,246,2031-09-07,203136,
2031-09-08,2031,9,36,247,2031-09-07,203136,
2031-09-15,2031,9,37,254,2031-09-14,203137,
2031-09-18,2031,9,37,257,2031-09-14,203137,
2031-09-16,2031,9,37,255,2031-09-14,203137,
2031-09-14,2031,9,37,253,2031-09-14,203137,
2031-09-17,2031,9,37,256,2031-09-14,203137,
2031-09-20,2031,9,37,259,2031-09-14,203137,
2031-09-19,2031,9,37,258,2031-09-14,203137,
2031-09-22,2031,9,38,261,2031-09-21,203138,
2031-09-21,2031,9,38,260,2031-09-21,203138,
2031-09-24,2031,9,38,263,2031-09-21,203138,
2031-09-23,2031,9,38,262,2031-09-21,203138,
2031-09-27,2031,9,38,266,2031-09-21,203138,
2031-09-26,2031,9,38,265,2031-09-21,203138,
2031-09-25,2031,9,38,264,2031-09-21,203138,
2031-10-01,2031,9,39,270,2031-09-28,203139,
2031-09-28,2031,9,39,267,2031-09-28,203139,
2031-10-04,2031,9,39,273,2031-09-28,203139,
2031-10-03,2031,9,39,272,2031-09-28,203139,
2031-09-30,2031,9,39,269,2031-09-28,203139,
2031-10-02,2031,9,39,271,2031-09-28,203139,
2031-09-29,2031,9,39,268,2031-09-28,203139,
2031-10-07,2031,10,40,276,2031-10-05,203140,
2031-10-06,2031,10,40,275,2031-10-05,203140,
2031-10-05,2031,10,40,274,2031-10-05,203140,
2031-10-10,2031,10,40,279,2031-10-05,203140,
2031-10-08,2031,10,40,277,2031-10-05,203140,
2031-10-09,2031,10,40,278,2031-10-05,203140,
2031-10-11,2031,10,40,280,2031-10-05,203140,
2031-10-17,2031,10,41,286,2031-10-12,203141,
2031-10-15,2031,10,41,284,2031-10-12,203141,
2031-10-12,2031,10,41,281,2031-10-12,203141,
2031-10-18,2031,10,41,287,2031-10-12,203141,
2031-10-16,2031,10,41,285,2031-10-12,203141,
2031-10-13,2031,10,41,282,2031-10-12,203141,
2031-10-14,2031,10,41,283,2031-10-12,203141,
2031-10-25,2031,10,42,294,2031-10-19,203142,
2031-10-20,2031,10,42,289,2031-10-19,203142,
2031-10-21,2031,10,42,290,2031-10-19,203142,
2031-10-23,2031,10,42,292,2031-10-19,203142,
2031-10-24,2031,10,42,293,2031-10-19,203142,
2031-10-22,2031,10,42,291,2031-10-19,203142,
2031-10-19,2031,10,42,288,2031-10-19,203142,
2031-10-29,2031,10,43,298,2031-10-26,203143,
2031-10-27,2031,10,43,296,2031-10-26,203143,
2031-10-31,2031,10,43,300,2031-10-26,203143,
2031-10-28,2031,10,43,297,2031-10-26,203143,
2031-11-01,2031,10,43,301,2031-10-26,203143,
2031-10-30,2031,10,43,299,2031-10-26,203143,
2031-10-26,2031,10,43,295,2031-10-26,203143,
2031-11-06,2031,11,44,306,2031-11-02,203144,
2031-11-08,2031,11,44,308,2031-11-02,203144,
2031-11-04,2031,11,44,304,2031-11-02,203144,
2031-11-07,2031,11,44,307,2031-11-02,203144,
2031-11-03,2031,11,44,303,2031-11-02,203144,
2031-11-02,2031,11,44,302,2031-11-02,203144,
2031-11-05,2031,11,44,305,2031-11-02,203144,
2031-11-12,2031,11,45,312,2031-11-09,203145,
2031-11-13,2031,11,45,313,2031-11-09,203145,
2031-11-15,2031,11,45,315,2031-11-09,203145,
2031-11-10,2031,11,45,310,2031-11-09,203145,
2031-11-09,2031,11,45,309,2031-11-09,203145,
2031-11-11,2031,11,45,311,2031-11-09,203145,
2031-11-14,2031,11,45,314,2031-11-09,203145,
2031-11-19,2031,11,46,319,2031-11-16,203146,
2031-11-22,2031,11,46,322,2031-11-16,203146,
2031-11-17,2031,11,46,317,2031-11-16,203146,
2031-11-21,2031,11,46,321,2031-11-16,203146,
2031-11-18,2031,11,46,318,2031-11-16,203146,
2031-11-20,2031,11,46,320,2031-11-16,203146,
2031-11-16,2031,11,46,316,2031-11-16,203146,
2031-11-26,2031,11,47,326,2031-11-23,203147,
2031-11-28,2031,11,47,328,2031-11-23,203147,
2031-11-23,2031,11,47,323,2031-11-23,203147,
2031-11-25,2031,11,47,325,2031-11-23,203147,
2031-11-24,2031,11,47,324,2031-11-23,203147,
2031-11-27,2031,11,47,327,2031-11-23,203147,
2031-11-29,2031,11,47,329,2031-11-23,203147,
2031-12-01,2031,12,48,331,2031-11-30,203148,
2031-12-03,2031,12,48,333,2031-11-30,203148,
2031-12-04,2031,12,48,334,2031-11-30,203148,
2031-11-30,2031,12,48,330,2031-11-30,203148,
2031-12-02,2031,12,48,332,2031-11-30,203148,
2031-12-06,2031,12,48,336,2031-11-30,203148,
2031-12-05,2031,12,48,335,2031-11-30,203148,
2031-12-07,2031,12,49,337,2031-12-07,203149,
2031-12-12,2031,12,49,342,2031-12-07,203149,
2031-12-11,2031,12,49,341,2031-12-07,203149,
2031-12-13,2031,12,49,343,2031-12-07,203149,
2031-12-10,2031,12,49,340,2031-12-07,203149,
2031-12-08,2031,12,49,338,2031-12-07,203149,
2031-12-09,2031,12,49,339,2031-12-07,203149,
2031-12-15,2031,12,50,345,2031-12-14,203150,
2031-12-19,2031,12,50,349,2031-12-14,203150,
2031-12-18,2031,12,50,348,2031-12-14,203150,
2031-12-17,2031,12,50,347,2031-12-14,203150,
2031-12-20,2031,12,50,350,2031-12-14,203150,
2031-12-16,2031,12,50,346,2031-12-14,203150,
2031-12-14,2031,12,50,344,2031-12-14,203150,
2031-12-22,2031,12,51,352,2031-12-21,203151,
2031-12-26,2031,12,51,356,2031-12-21,203151,
2031-12-27,2031,12,51,357,2031-12-21,203151,
2031-12-24,2031,12,51,354,2031-12-21,203151,
2031-12-25,2031,12,51,355,2031-12-21,203151,
2031-12-23,2031,12,51,353,2031-12-21,203151,
2031-12-21,2031,12,51,351,2031-12-21,203151,
2032-01-01,2031,12,52,362,2031-12-28,203152,
2031-12-28,2031,12,52,358,2031-12-28,203152,
2031-12-30,2031,12,52,360,2031-12-28,203152,
2031-12-31,2031,12,52,361,2031-12-28,203152,
2032-01-02,2031,12,52,363,2031-12-28,203152,
2032-01-03,2031,12,52,364,2031-12-28,203152,
2031-12-29,2031,12,52,359,2031-12-28,203152,
2032-01-08,2032,1,1,5,2032-01-04,203201,
2032-01-06,2032,1,1,3,2032-01-04,203201,
2032-01-10,2032,1,1,7,2032-01-04,203201,
2032-01-07,2032,1,1,4,2032-01-04,203201,
2032-01-05,2032,1,1,2,2032-01-04,203201,
2032-01-04,2032,1,1,1,2032-01-04,203201,
2032-01-09,2032,1,1,6,2032-01-04,203201,
2032-01-11,2032,1,2,8,2032-01-11,203202,
2032-01-12,2032,1,2,9,2032-01-11,203202,
2032-01-15,2032,1,2,12,2032-01-11,203202,
2032-01-17,2032,1,2,14,2032-01-11,203202,
2032-01-14,2032,1,2,11,2032-01-11,203202,
2032-01-16,2032,1,2,13,2032-01-11,203202,
2032-01-13,2032,1,2,10,2032-01-11,203202,
2032-01-19,2032,1,3,16,2032-01-18,203203,
2032-01-22,2032,1,3,19,2032-01-18,203203,
2032-01-18,2032,1,3,15,2032-01-18,203203,
2032-01-23,2032,1,3,20,2032-01-18,203203,
2032-01-20,2032,1,3,17,2032-01-18,203203,
2032-01-24,2032,1,3,21,2032-01-18,203203,
2032-01-21,2032,1,3,18,2032-01-18,203203,
2032-01-31,2032,1,4,28,2032-01-25,203204,
2032-01-28,2032,1,4,25,2032-01-25,203204,
2032-01-26,2032,1,4,23,2032-01-25,203204,
2032-01-30,2032,1,4,27,2032-01-25,203204,
2032-01-25,2032,1,4,22,2032-01-25,203204,
2032-01-29,2032,1,4,26,2032-01-25,203204,
2032-01-27,2032,1,4,24,2032-01-25,203204,
2032-02-05,2032,2,5,33,2032-02-01,203205,
2032-02-03,2032,2,5,31,2032-02-01,203205,
2032-02-04,2032,2,5,32,2032-02-01,203205,
2032-02-07,2032,2,5,35,2032-02-01,203205,
2032-02-06,2032,2,5,34,2032-02-01,203205,
2032-02-02,2032,2,5,30,2032-02-01,203205,
2032-02-01,2032,2,5,29,2032-02-01,203205,
2032-02-09,2032,2,6,37,2032-02-08,203206,
2032-02-13,2032,2,6,41,2032-02-08,203206,
2032-02-12,2032,2,6,40,2032-02-08,203206,
2032-02-10,2032,2,6,38,2032-02-08,203206,
2032-02-08,2032,2,6,36,2032-02-08,203206,
2032-02-14,2032,2,6,42,2032-02-08,203206,
2032-02-11,2032,2,6,39,2032-02-08,203206,
2032-02-18,2032,2,7,46,2032-02-15,203207,
2032-02-17,2032,2,7,45,2032-02-15,203207,
2032-02-20,2032,2,7,48,2032-02-15,203207,
2032-02-21,2032,2,7,49,2032-02-15,203207,
2032-02-16,2032,2,7,44,2032-02-15,203207,
2032-02-19,2032,2,7,47,2032-02-15,203207,
2032-02-15,2032,2,7,43,2032-02-15,203207,
2032-02-27,2032,2,8,55,2032-02-22,203208,
2032-02-22,2032,2,8,50,2032-02-22,203208,
2032-02-25,2032,2,8,53,2032-02-22,203208,
2032-02-28,2032,2,8,56,2032-02-22,203208,
2032-02-26,2032,2,8,54,2032-02-22,203208,
2032-02-23,2032,2,8,51,2032-02-22,203208,
2032-02-24,2032,2,8,52,2032-02-22,203208,
2032-03-03,2032,3,9,60,2032-02-29,203209,
2032-02-29,2032,3,9,57,2032-02-29,203209,
2032-03-05,2032,3,9,62,2032-02-29,203209,
2032-03-02,2032,3,9,59,2032-02-29,203209,
2032-03-04,2032,3,9,61,2032-02-29,203209,
2032-03-06,2032,3,9,63,2032-02-29,203209,
2032-03-01,2032,3,9,58,2032-02-29,203209,
2032-03-13,2032,3,10,70,2032-03-07,203210,
2032-03-08,2032,3,10,65,2032-03-07,203210,
2032-03-10,2032,3,10,67,2032-03-07,203210,
2032-03-12,2032,3,10,69,2032-03-07,203210,
2032-03-09,2032,3,10,66,2032-03-07,203210,
2032-03-07,2032,3,10,64,2032-03-07,203210,
2032-03-11,2032,3,10,68,2032-03-07,203210,
2032-03-19,2032,3,11,76,2032-03-14,203211,
2032-03-15,2032,3,11,72,2032-03-14,203211,
2032-03-16,2032,3,11,73,2032-03-14,203211,
2032-03-18,2032,3,11,75,2032-03-14,203211,
2032-03-20,2032,3,11,77,2032-03-14,203211,
2032-03-14,2032,3,11,71,2032-03-14,203211,
2032-03-17,2032,3,11,74,2032-03-14,203211,
2032-03-24,2032,3,12,81,2032-03-21,203212,
2032-03-21,2032,3,12,78,2032-03-21,203212,
2032-03-23,2032,3,12,80,2032-03-21,203212,
2032-03-26,2032,3,12,83,2032-03-21,203212,
2032-03-25,2032,3,12,82,2032-03-21,203212,
2032-03-27,2032,3,12,84,2032-03-21,203212,
2032-03-22,2032,3,12,79,2032-03-21,203212,
2032-03-29,2032,3,13,86,2032-03-28,203213,
2032-03-30,2032,3,13,87,2032-03-28,203213,
2032-04-01,2032,3,13,89,2032-03-28,203213,
2032-03-31,2032,3,13,88,2032-03-28,203213,
2032-04-03,2032,3,13,91,2032-03-28,203213,
2032-03-28,2032,3,13,85,2032-03-28,203213,
2032-04-02,2032,3,13,90,2032-03-28,203213,
2032-04-04,2032,4,14,92,2032-04-04,203214,
2032-04-08,2032,4,14,96,2032-04-04,203214,
2032-04-05,2032,4,14,93,2032-04-04,203214,
2032-04-07,2032,4,14,95,2032-04-04,203214,
2032-04-09,2032,4,14,97,2032-04-04,203214,
2032-04-06,2032,4,14,94,2032-04-04,203214,
2032-04-10,2032,4,14,98,2032-04-04,203214,
2032-04-11,2032,4,15,99,2032-04-11,203215,
2032-04-17,2032,4,15,105,2032-04-11,203215,
2032-04-12,2032,4,15,100,2032-04-11,203215,
2032-04-15,2032,4,15,103,2032-04-11,203215,
2032-04-16,2032,4,15,104,2032-04-11,203215,
2032-04-14,2032,4,15,102,2032-04-11,203215,
2032-04-13,2032,4,15,101,2032-04-11,203215,
2032-04-23,2032,4,16,111,2032-04-18,203216,
2032-04-21,2032,4,16,109,2032-04-18,203216,
2032-04-22,2032,4,16,110,2032-04-18,203216,
2032-04-24,2032,4,16,112,2032-04-18,203216,
2032-04-18,2032,4,16,106,2032-04-18,203216,
2032-04-19,2032,4,16,107,2032-04-18,203216,
2032-04-20,2032,4,16,108,2032-04-18,203216,
2032-04-29,2032,4,17,117,2032-04-25,203217,
2032-04-26,2032,4,17,114,2032-04-25,203217,
2032-04-30,2032,4,17,118,2032-04-25,203217,
2032-05-01,2032,4,17,119,2032-04-25,203217,
2032-04-25,2032,4,17,113,2032-04-25,203217,
2032-04-28,2032,4,17,116,2032-04-25,203217,
2032-04-27,2032,4,17,115,2032-04-25,203217,
2032-05-07,2032,5,18,125,2032-05-02,203218,
2032-05-03,2032,5,18,121,2032-05-02,203218,
2032-05-06,2032,5,18,124,2032-05-02,203218,
2032-05-02,2032,5,18,120,2032-05-02,203218,
2032-05-04,2032,5,18,122,2032-05-02,203218,
2032-05-05,2032,5,18,123,2032-05-02,203218,
2032-05-08,2032,5,18,126,2032-05-02,203218,
2032-05-10,2032,5,19,128,2032-05-09,203219,
2032-05-12,2032,5,19,130,2032-05-09,203219,
2032-05-14,2032,5,19,132,2032-05-09,203219,
2032-05-15,2032,5,19,133,2032-05-09,203219,
2032-05-11,2032,5,19,129,2032-05-09,203219,
2032-05-13,2032,5,19,131,2032-05-09,203219,
2032-05-09,2032,5,19,127,2032-05-09,203219,
2032-05-17,2032,5,20,135,2032-05-16,203220,
2032-05-18,2032,5,20,136,2032-05-16,203220,
2032-05-16,2032,5,20,134,2032-05-16,203220,
2032-05-22,2032,5,20,140,2032-05-16,203220,
2032-05-19,2032,5,20,137,2032-05-16,203220,
2032-05-20,2032,5,20,138,2032-05-16,203220,
2032-05-21,2032,5,20,139,2032-05-16,203220,
2032-05-29,2032,5,21,147,2032-05-23,203221,
2032-05-23,2032,5,21,141,2032-05-23,203221,
2032-05-27,2032,5,21,145,2032-05-23,203221,
2032-05-28,2032,5,21,146,2032-05-23,203221,
2032-05-26,2032,5,21,144,2032-05-23,203221,
2032-05-24,2032,5,21,142,2032-05-23,203221,
2032-05-25,2032,5,21,143,2032-05-23,203221,
2032-05-30,2032,6,22,148,2032-05-30,203222,
2032-06-04,2032,6,22,153,2032-05-30,203222,
2032-06-02,2032,6,22,151,2032-05-30,203222,
2032-06-03,2032,6,22,152,2032-05-30,203222,
2032-06-01,2032,6,22,150,2032-05-30,203222,
2032-05-31,2032,6,22,149,2032-05-30,203222,
2032-06-05,2032,6,22,154,2032-05-30,203222,
2032-06-06,2032,6,23,155,2032-06-06,203223,
2032-06-09,2032,6,23,158,2032-06-06,203223,
2032-06-12,2032,6,23,161,2032-06-06,203223,
2032-06-08,2032,6,23,157,2032-06-06,203223,
2032-06-10,2032,6,23,159,2032-06-06,203223,
2032-06-07,2032,6,23,156,2032-06-06,203223,
2032-06-11,2032,6,23,160,2032-06-06,203223,
2032-06-14,2032,6,24,163,2032-06-13,203224,
2032-06-17,2032,6,24,166,2032-06-13,203224,
2032-06-15,2032,6,24,164,2032-06-13,203224,
2032-06-13,2032,6,24,162,2032-06-13,203224,
2032-06-19,2032,6,24,168,2032-06-13,203224,
2032-06-18,2032,6,24,167,2032-06-13,203224,
2032-06-16,2032,6,24,165,2032-06-13,203224,
2032-06-23,2032,6,25,172,2032-06-20,203225,
2032-06-20,2032,6,25,169,2032-06-20,203225,
2032-06-22,2032,6,25,171,2032-06-20,203225,
2032-06-26,2032,6,25,175,2032-06-20,203225,
2032-06-24,2032,6,25,173,2032-06-20,203225,
2032-06-25,2032,6,25,174,2032-06-20,203225,
2032-06-21,2032,6,25,170,2032-06-20,203225,
2032-07-01,2032,6,26,180,2032-06-27,203226,
2032-07-02,2032,6,26,181,2032-06-27,203226,
2032-06-28,2032,6,26,177,2032-06-27,203226,
2032-06-29,2032,6,26,178,2032-06-27,203226,
2032-07-03,2032,6,26,182,2032-06-27,203226,
2032-06-30,2032,6,26,179,2032-06-27,203226,
2032-06-27,2032,6,26,176,2032-06-27,203226,
2032-07-09,2032,7,27,188,2032-07-04,203227,
2032-07-08,2032,7,27,187,2032-07-04,203227,
2032-07-05,2032,7,27,184,2032-07-04,203227,
2032-07-10,2032,7,27,189,2032-07-04,203227,
2032-07-06,2032,7,27,185,2032-07-04,203227,
2032-07-07,2032,7,27,186,2032-07-04,203227,
2032-07-04,2032,7,27,183,2032-07-04,203227,
2032-07-12,2032,7,28,191,2032-07-11,203228,
2032-07-13,2032,7,28,192,2032-07-11,203228,
2032-07-11,2032,7,28,190,2032-07-11,203228,
2032-07-14,2032,7,28,193,2032-07-11,203228,
2032-07-15,2032,7,28,194,2032-07-11,203228,
2032-07-16,2032,7,28,195,2032-07-11,203228,
2032-07-17,2032,7,28,196,2032-07-11,203228,
2032-07-19,2032,7,29,198,2032-07-18,203229,
2032-07-18,2032,7,29,197,2032-07-18,203229,
2032-07-20,2032,7,29,199,2032-07-18,203229,
2032-07-23,2032,7,29,202,2032-07-18,203229,
2032-07-22,2032,7,29,201,2032-07-18,203229,
2032-07-21,2032,7,29,200,2032-07-18,203229,
2032-07-24,2032,7,29,203,2032-07-18,203229,
2032-07-28,2032,7,30,207,2032-07-25,203230,
2032-07-25,2032,7,30,204,2032-07-25,203230,
2032-07-26,2032,7,30,205,2032-07-25,203230,
2032-07-31,2032,7,30,210,2032-07-25,203230,
2032-07-27,2032,7,30,206,2032-07-25,203230,
2032-07-30,2032,7,30,209,2032-07-25,203230,
2032-07-29,2032,7,30,208,2032-07-25,203230,
2032-08-02,2032,8,31,212,2032-08-01,203231,
2032-08-01,2032,8,31,211,2032-08-01,203231,
2032-08-03,2032,8,31,213,2032-08-01,203231,
2032-08-04,2032,8,31,214,2032-08-01,203231,
2032-08-07,2032,8,31,217,2032-08-01,203231,
2032-08-05,2032,8,31,215,2032-08-01,203231,
2032-08-06,2032,8,31,216,2032-08-01,203231,
2032-08-09,2032,8,32,219,2032-08-08,203232,
2032-08-13,2032,8,32,223,2032-08-08,203232,
2032-08-10,2032,8,32,220,2032-08-08,203232,
2032-08-14,2032,8,32,224,2032-08-08,203232,
2032-08-11,2032,8,32,221,2032-08-08,203232,
2032-08-12,2032,8,32,222,2032-08-08,203232,
2032-08-08,2032,8,32,218,2032-08-08,203232,
2032-08-20,2032,8,33,230,2032-08-15,203233,
2032-08-18,2032,8,33,228,2032-08-15,203233,
2032-08-17,2032,8,33,227,2032-08-15,203233,
2032-08-19,2032,8,33,229,2032-08-15,203233,
2032-08-21,2032,8,33,231,2032-08-15,203233,
2032-08-16,2032,8,33,226,2032-08-15,203233,
2032-08-15,2032,8,33,225,2032-08-15,203233,
2032-08-28,2032,8,34,238,2032-08-22,203234,
2032-08-22,2032,8,34,232,2032-08-22,203234,
2032-08-26,2032,8,34,236,2032-08-22,203234,
2032-08-25,2032,8,34,235,2032-08-22,203234,
2032-08-23,2032,8,34,233,2032-08-22,203234,
2032-08-24,2032,8,34,234,2032-08-22,203234,
2032-08-27,2032,8,34,237,2032-08-22,203234,
2032-09-02,2032,9,35,243,2032-08-29,203235,
2032-09-04,2032,9,35,245,2032-08-29,203235,
2032-09-01,2032,9,35,242,2032-08-29,203235,
2032-09-03,2032,9,35,244,2032-08-29,203235,
2032-08-29,2032,9,35,239,2032-08-29,203235,
2032-08-30,2032,9,35,240,2032-08-29,203235,
2032-08-31,2032,9,35,241,2032-08-29,203235,
2032-09-10,2032,9,36,251,2032-09-05,203236,
2032-09-11,2032,9,36,252,2032-09-05,203236,
2032-09-08,2032,9,36,249,2032-09-05,203236,
2032-09-06,2032,9,36,247,2032-09-05,203236,
2032-09-07,2032,9,36,248,2032-09-05,203236,
2032-09-09,2032,9,36,250,2032-09-05,203236,
2032-09-05,2032,9,36,246,2032-09-05,203236,
2032-09-12,2032,9,37,253,2032-09-12,203237,
2032-09-13,2032,9,37,254,2032-09-12,203237,
2032-09-15,2032,9,37,256,2032-09-12,203237,
2032-09-16,2032,9,37,257,2032-09-12,203237,
2032-09-14,2032,9,37,255,2032-09-12,203237,
2032-09-18,2032,9,37,259,2032-09-12,203237,
2032-09-17,2032,9,37,258,2032-09-12,203237,
2032-09-21,2032,9,38,262,2032-09-19,203238,
2032-09-22,2032,9,38,263,2032-09-19,203238,
2032-09-23,2032,9,38,264,2032-09-19,203238,
2032-09-24,2032,9,38,265,2032-09-19,203238,
2032-09-25,2032,9,38,266,2032-09-19,203238,
2032-09-20,2032,9,38,261,2032-09-19,203238,
2032-09-19,2032,9,38,260,2032-09-19,203238,
2032-09-29,2032,9,39,270,2032-09-26,203239,
2032-09-30,2032,9,39,271,2032-09-26,203239,
2032-10-02,2032,9,39,273,2032-09-26,203239,
2032-09-26,2032,9,39,267,2032-09-26,203239,
2032-09-28,2032,9,39,269,2032-09-26,203239,
2032-10-01,2032,9,39,272,2032-09-26,203239,
2032-09-27,2032,9,39,268,2032-09-26,203239,
2032-10-08,2032,10,40,279,2032-10-03,203240,
2032-10-09,2032,10,40,280,2032-10-03,203240,
2032-10-05,2032,10,40,276,2032-10-03,203240,
2032-10-06,2032,10,40,277,2032-10-03,203240,
2032-10-04,2032,10,40,275,2032-10-03,203240,
2032-10-07,2032,10,40,278,2032-10-03,203240,
2032-10-03,2032,10,40,274,2032-10-03,203240,
2032-10-11,2032,10,41,282,2032-10-10,203241,
2032-10-10,2032,10,41,281,2032-10-10,203241,
2032-10-12,2032,10,41,283,2032-10-10,203241,
2032-10-16,2032,10,41,287,2032-10-10,203241,
2032-10-13,2032,10,41,284,2032-10-10,203241,
2032-10-15,2032,10,41,286,2032-10-10,203241,
2032-10-14,2032,10,41,285,2032-10-10,203241,
2032-10-18,2032,10,42,289,2032-10-17,203242,
2032-10-22,2032,10,42,293,2032-10-17,203242,
2032-10-20,2032,10,42,291,2032-10-17,203242,
2032-10-21,2032,10,42,292,2032-10-17,203242,
2032-10-19,2032,10,42,290,2032-10-17,203242,
2032-10-17,2032,10,42,288,2032-10-17,203242,
2032-10-23,2032,10,42,294,2032-10-17,203242,
2032-10-28,2032,10,43,299,2032-10-24,203243,
2032-10-26,2032,10,43,297,2032-10-24,203243,
2032-10-25,2032,10,43,296,2032-10-24,203243,
2032-10-24,2032,10,43,295,2032-10-24,203243,
2032-10-29,2032,10,43,300,2032-10-24,203243,
2032-10-27,2032,10,43,298,2032-10-24,203243,
2032-10-30,2032,10,43,301,2032-10-24,203243,
2032-11-06,2032,11,44,308,2032-10-31,203244,
2032-11-03,2032,11,44,305,2032-10-31,203244,
2032-11-05,2032,11,44,307,2032-10-31,203244,
2032-11-04,2032,11,44,306,2032-10-31,203244,
2032-11-01,2032,11,44,303,2032-10-31,203244,
2032-11-02,2032,11,44,304,2032-10-31,203244,
2032-10-31,2032,11,44,302,2032-10-31,203244,
2032-11-12,2032,11,45,314,2032-11-07,203245,
2032-11-10,2032,11,45,312,2032-11-07,203245,
2032-11-09,2032,11,45,311,2032-11-07,203245,
2032-11-08,2032,11,45,310,2032-11-07,203245,
2032-11-13,2032,11,45,315,2032-11-07,203245,
2032-11-11,2032,11,45,313,2032-11-07,203245,
2032-11-07,2032,11,45,309,2032-11-07,203245,
2032-11-18,2032,11,46,320,2032-11-14,203246,
2032-11-20,2032,11,46,322,2032-11-14,203246,
2032-11-17,2032,11,46,319,2032-11-14,203246,
2032-11-14,2032,11,46,316,2032-11-14,203246,
2032-11-15,2032,11,46,317,2032-11-14,203246,
2032-11-16,2032,11,46,318,2032-11-14,203246,
2032-11-19,2032,11,46,321,2032-11-14,203246,
2032-11-26,2032,11,47,328,2032-11-21,203247,
2032-11-21,2032,11,47,323,2032-11-21,203247,
2032-11-22,2032,11,47,324,2032-11-21,203247,
2032-11-23,2032,11,47,325,2032-11-21,203247,
2032-11-25,2032,11,47,327,2032-11-21,203247,
2032-11-27,2032,11,47,329,2032-11-21,203247,
2032-11-24,2032,11,47,326,2032-11-21,203247,
2032-11-29,2032,12,48,331,2032-11-28,203248,
2032-12-03,2032,12,48,335,2032-11-28,203248,
2032-12-04,2032,12,48,336,2032-11-28,203248,
2032-12-02,2032,12,48,334,2032-11-28,203248,
2032-11-28,2032,12,48,330,2032-11-28,203248,
2032-11-30,2032,12,48,332,2032-11-28,203248,
2032-12-01,2032,12,48,333,2032-11-28,203248,
2032-12-09,2032,12,49,341,2032-12-05,203249,
2032-12-07,2032,12,49,339,2032-12-05,203249,
2032-12-05,2032,12,49,337,2032-12-05,203249,
2032-12-06,2032,12,49,338,2032-12-05,203249,
2032-12-08,2032,12,49,340,2032-12-05,203249,
2032-12-11,2032,12,49,343,2032-12-05,203249,
2032-12-10,2032,12,49,342,2032-12-05,203249,
2032-12-13,2032,12,50,345,2032-12-12,203250,
2032-12-16,2032,12,50,348,2032-12-12,203250,
2032-12-18,2032,12,50,350,2032-12-12,203250,
2032-12-15,2032,12,50,347,2032-12-12,203250,
2032-12-17,2032,12,50,349,2032-12-12,203250,
2032-12-14,2032,12,50,346,2032-12-12,203250,
2032-12-12,2032,12,50,344,2032-12-12,203250,
2032-12-20,2032,12,51,352,2032-12-19,203251,
2032-12-19,2032,12,51,351,2032-12-19,203251,
2032-12-24,2032,12,51,356,2032-12-19,203251,
2032-12-22,2032,12,51,354,2032-12-19,203251,
2032-12-23,2032,12,51,355,2032-12-19,203251,
2032-12-21,2032,12,51,353,2032-12-19,203251,
2032-12-25,2032,12,51,357,2032-12-19,203251,
2032-12-29,2032,12,52,361,2032-12-26,203252,
2032-12-27,2032,12,52,359,2032-12-26,203252,
2032-12-28,2032,12,52,360,2032-12-26,203252,
2032-12-31,2032,12,52,363,2032-12-26,203252,
2032-12-26,2032,12,52,358,2032-12-26,203252,
2033-01-01,2032,12,52,364,2032-12-26,203252,
2032-12-30,2032,12,52,362,2032-12-26,203252,
2033-01-07,2033,1,1,6,2033-01-02,203301,
2033-01-02,2033,1,1,1,2033-01-02,203301,
2033-01-03,2033,1,1,2,2033-01-02,203301,
2033-01-04,2033,1,1,3,2033-01-02,203301,
2033-01-05,2033,1,1,4,2033-01-02,203301,
2033-01-08,2033,1,1,7,2033-01-02,203301,
2033-01-06,2033,1,1,5,2033-01-02,203301,
2033-01-12,2033,1,2,11,2033-01-09,203302,
2033-01-14,2033,1,2,13,2033-01-09,203302,
2033-01-09,2033,1,2,8,2033-01-09,203302,
2033-01-11,2033,1,2,10,2033-01-09,203302,
2033-01-10,2033,1,2,9,2033-01-09,203302,
2033-01-13,2033,1,2,12,2033-01-09,203302,
2033-01-15,2033,1,2,14,2033-01-09,203302,
2033-01-16,2033,1,3,15,2033-01-16,203303,
2033-01-21,2033,1,3,20,2033-01-16,203303,
2033-01-22,2033,1,3,21,2033-01-16,203303,
2033-01-18,2033,1,3,17,2033-01-16,203303,
2033-01-20,2033,1,3,19,2033-01-16,203303,
2033-01-19,2033,1,3,18,2033-01-16,203303,
2033-01-17,2033,1,3,16,2033-01-16,203303,
2033-01-28,2033,1,4,27,2033-01-23,203304,
2033-01-24,2033,1,4,23,2033-01-23,203304,
2033-01-27,2033,1,4,26,2033-01-23,203304,
2033-01-29,2033,1,4,28,2033-01-23,203304,
2033-01-25,2033,1,4,24,2033-01-23,203304,
2033-01-23,2033,1,4,22,2033-01-23,203304,
2033-01-26,2033,1,4,25,2033-01-23,203304,
2033-02-03,2033,2,5,33,2033-01-30,203305,
2033-02-01,2033,2,5,31,2033-01-30,203305,
2033-02-04,2033,2,5,34,2033-01-30,203305,
2033-01-30,2033,2,5,29,2033-01-30,203305,
2033-02-05,2033,2,5,35,2033-01-30,203305,
2033-02-02,2033,2,5,32,2033-01-30,203305,
2033-01-31,2033,2,5,30,2033-01-30,203305,
2033-02-11,2033,2,6,41,2033-02-06,203306,
2033-02-07,2033,2,6,37,2033-02-06,203306,
2033-02-06,2033,2,6,36,2033-02-06,203306,
2033-02-10,2033,2,6,40,2033-02-06,203306,
2033-02-12,2033,2,6,42,2033-02-06,203306,
2033-02-09,2033,2,6,39,2033-02-06,203306,
2033-02-08,2033,2,6,38,2033-02-06,203306,
2033-02-18,2033,2,7,48,2033-02-13,203307,
2033-02-16,2033,2,7,46,2033-02-13,203307,
2033-02-13,2033,2,7,43,2033-02-13,203307,
2033-02-15,2033,2,7,45,2033-02-13,203307,
2033-02-17,2033,2,7,47,2033-02-13,203307,
2033-02-14,2033,2,7,44,2033-02-13,203307,
2033-02-19,2033,2,7,49,2033-02-13,203307,
2033-02-24,2033,2,8,54,2033-02-20,203308,
2033-02-26,2033,2,8,56,2033-02-20,203308,
2033-02-23,2033,2,8,53,2033-02-20,203308,
2033-02-21,2033,2,8,51,2033-02-20,203308,
2033-02-22,2033,2,8,52,2033-02-20,203308,
2033-02-20,2033,2,8,50,2033-02-20,203308,
2033-02-25,2033,2,8,55,2033-02-20,203308,
2033-03-05,2033,3,9,63,2033-02-27,203309,
2033-02-28,2033,3,9,58,2033-02-27,203309,
2033-03-01,2033,3,9,59,2033-02-27,203309,
2033-03-02,2033,3,9,60,2033-02-27,203309,
2033-02-27,2033,3,9,57,2033-02-27,203309,
2033-03-03,2033,3,9,61,2033-02-27,203309,
2033-03-04,2033,3,9,62,2033-02-27,203309,
2033-03-12,2033,3,10,70,2033-03-06,203310,
2033-03-10,2033,3,10,68,2033-03-06,203310,
2033-03-07,2033,3,10,65,2033-03-06,203310,
2033-03-09,2033,3,10,67,2033-03-06,203310,
2033-03-08,2033,3,10,66,2033-03-06,203310,
2033-03-06,2033,3,10,64,2033-03-06,203310,
2033-03-11,2033,3,10,69,2033-03-06,203310,
2033-03-13,2033,3,11,71,2033-03-13,203311,
2033-03-17,2033,3,11,75,2033-03-13,203311,
2033-03-19,2033,3,11,77,2033-03-13,203311,
2033-03-16,2033,3,11,74,2033-03-13,203311,
2033-03-15,2033,3,11,73,2033-03-13,203311,
2033-03-18,2033,3,11,76,2033-03-13,203311,
2033-03-14,2033,3,11,72,2033-03-13,203311,
2033-03-21,2033,3,12,79,2033-03-20,203312,
2033-03-24,2033,3,12,82,2033-03-20,203312,
2033-03-23,2033,3,12,81,2033-03-20,203312,
2033-03-22,2033,3,12,80,2033-03-20,203312,
2033-03-20,2033,3,12,78,2033-03-20,203312,
2033-03-25,2033,3,12,83,2033-03-20,203312,
2033-03-26,2033,3,12,84,2033-03-20,203312,
2033-03-30,2033,3,13,88,2033-03-27,203313,
2033-03-28,2033,3,13,86,2033-03-27,203313,
2033-04-01,2033,3,13,90,2033-03-27,203313,
2033-03-27,2033,3,13,85,2033-03-27,203313,
2033-04-02,2033,3,13,91,2033-03-27,203313,
2033-03-31,2033,3,13,89,2033-03-27,203313,
2033-03-29,2033,3,13,87,2033-03-27,203313,
2033-04-09,2033,4,14,98,2033-04-03,203314,
2033-04-05,2033,4,14,94,2033-04-03,203314,
2033-04-08,2033,4,14,97,2033-04-03,203314,
2033-04-04,2033,4,14,93,2033-04-03,203314,
2033-04-07,2033,4,14,96,2033-04-03,203314,
2033-04-03,2033,4,14,92,2033-04-03,203314,
2033-04-06,2033,4,14,95,2033-04-03,203314,
2033-04-10,2033,4,15,99,2033-04-10,203315,
2033-04-16,2033,4,15,105,2033-04-10,203315,
2033-04-14,2033,4,15,103,2033-04-10,203315,
2033-04-15,2033,4,15,104,2033-04-10,203315,
2033-04-12,2033,4,15,101,2033-04-10,203315,
2033-04-11,2033,4,15,100,2033-04-10,203315,
2033-04-13,2033,4,15,102,2033-04-10,203315,
2033-04-18,2033,4,16,107,2033-04-17,203316,
2033-04-19,2033,4,16,108,2033-04-17,203316,
2033-04-23,2033,4,16,112,2033-04-17,203316,
2033-04-21,2033,4,16,110,2033-04-17,203316,
2033-04-17,2033,4,16,106,2033-04-17,203316,
2033-04-22,2033,4,16,111,2033-04-17,203316,
2033-04-20,2033,4,16,109,2033-04-17,203316,
2033-04-28,2033,4,17,117,2033-04-24,203317,
2033-04-24,2033,4,17,113,2033-04-24,203317,
2033-04-26,2033,4,17,115,2033-04-24,203317,
2033-04-29,2033,4,17,118,2033-04-24,203317,
2033-04-30,2033,4,17,119,2033-04-24,203317,
2033-04-25,2033,4,17,114,2033-04-24,203317,
2033-04-27,2033,4,17,116,2033-04-24,203317,
2033-05-07,2033,5,18,126,2033-05-01,203318,
2033-05-03,2033,5,18,122,2033-05-01,203318,
2033-05-02,2033,5,18,121,2033-05-01,203318,
2033-05-05,2033,5,18,124,2033-05-01,203318,
2033-05-06,2033,5,18,125,2033-05-01,203318,
2033-05-04,2033,5,18,123,2033-05-01,203318,
2033-05-01,2033,5,18,120,2033-05-01,203318,
2033-05-12,2033,5,19,131,2033-05-08,203319,
2033-05-11,2033,5,19,130,2033-05-08,203319,
2033-05-13,2033,5,19,132,2033-05-08,203319,
2033-05-14,2033,5,19,133,2033-05-08,203319,
2033-05-08,2033,5,19,127,2033-05-08,203319,
2033-05-10,2033,5,19,129,2033-05-08,203319,
2033-05-09,2033,5,19,128,2033-05-08,203319,
2033-05-20,2033,5,20,139,2033-05-15,203320,
2033-05-16,2033,5,20,135,2033-05-15,203320,
2033-05-21,2033,5,20,140,2033-05-15,203320,
2033-05-19,2033,5,20,138,2033-05-15,203320,
2033-05-15,2033,5,20,134,2033-05-15,203320,
2033-05-17,2033,5,20,136,2033-05-15,203320,
2033-05-18,2033,5,20,137,2033-05-15,203320,
2033-05-28,2033,5,21,147,2033-05-22,203321,
2033-05-23,2033,5,21,142,2033-05-22,203321,
2033-05-27,2033,5,21,146,2033-05-22,203321,
2033-05-25,2033,5,21,144,2033-05-22,203321,
2033-05-26,2033,5,21,145,2033-05-22,203321,
2033-05-24,2033,5,21,143,2033-05-22,203321,
2033-05-22,2033,5,21,141,2033-05-22,203321,
2033-06-02,2033,6,22,152,2033-05-29,203322,
2033-06-03,2033,6,22,153,2033-05-29,203322,
2033-05-29,2033,6,22,148,2033-05-29,203322,
2033-05-30,2033,6,22,149,2033-05-29,203322,
2033-05-31,2033,6,22,150,2033-05-29,203322,
2033-06-04,2033,6,22,154,2033-05-29,203322,
2033-06-01,2033,6,22,151,2033-05-29,203322,
2033-06-10,2033,6,23,160,2033-06-05,203323,
2033-06-09,2033,6,23,159,2033-06-05,203323,
2033-06-08,2033,6,23,158,2033-06-05,203323,
2033-06-11,2033,6,23,161,2033-06-05,203323,
2033-06-06,2033,6,23,156,2033-06-05,203323,
2033-06-07,2033,6,23,157,2033-06-05,203323,
2033-06-05,2033,6,23,155,2033-06-05,203323,
2033-06-13,2033,6,24,163,2033-06-12,203324,
2033-06-16,2033,6,24,166,2033-06-12,203324,
2033-06-14,2033,6,24,164,2033-06-12,203324,
2033-06-12,2033,6,24,162,2033-06-12,203324,
2033-06-18,2033,6,24,168,2033-06-12,203324,
2033-06-15,2033,6,24,165,2033-06-12,203324,
2033-06-17,2033,6,24,167,2033-06-12,203324,
2033-06-21,2033,6,25,171,2033-06-19,203325,
2033-06-22,2033,6,25,172,2033-06-19,203325,
2033-06-23,2033,6,25,173,2033-06-19,203325,
2033-06-24,2033,6,25,174,2033-06-19,203325,
2033-06-25,2033,6,25,175,2033-06-19,203325,
2033-06-19,2033,6,25,169,2033-06-19,203325,
2033-06-20,2033,6,25,170,2033-06-19,203325,
2033-07-02,2033,6,26,182,2033-06-26,203326,
2033-07-01,2033,6,26,181,2033-06-26,203326,
2033-06-29,2033,6,26,179,2033-06-26,203326,
2033-06-28,2033,6,26,178,2033-06-26,203326,
2033-06-30,2033,6,26,180,2033-06-26,203326,
2033-06-26,2033,6,26,176,2033-06-26,203326,
2033-06-27,2033,6,26,177,2033-06-26,203326,
2033-07-08,2033,7,27,188,2033-07-03,203327,
2033-07-06,2033,7,27,186,2033-07-03,203327,
2033-07-09,2033,7,27,189,2033-07-03,203327,
2033-07-07,2033,7,27,187,2033-07-03,203327,
2033-07-05,2033,7,27,185,2033-07-03,203327,
2033-07-04,2033,7,27,184,2033-07-03,203327,
2033-07-03,2033,7,27,183,2033-07-03,203327,
2033-07-10,2033,7,28,190,2033-07-10,203328,
2033-07-15,2033,7,28,195,2033-07-10,203328,
2033-07-13,2033,7,28,193,2033-07-10,203328,
2033-07-11,2033,7,28,191,2033-07-10,203328,
2033-07-12,2033,7,28,192,2033-07-10,203328,
2033-07-14,2033,7,28,194,2033-07-10,203328,
2033-07-16,2033,7,28,196,2033-07-10,203328,
2033-07-20,2033,7,29,200,2033-07-17,203329,
2033-07-18,2033,7,29,198,2033-07-17,203329,
2033-07-19,2033,7,29,199,2033-07-17,203329,
2033-07-21,2033,7,29,201,2033-07-17,203329,
2033-07-23,2033,7,29,203,2033-07-17,203329,
2033-07-22,2033,7,29,202,2033-07-17,203329,
2033-07-17,2033,7,29,197,2033-07-17,203329,
2033-07-27,2033,7,30,207,2033-07-24,203330,
2033-07-24,2033,7,30,204,2033-07-24,203330,
2033-07-28,2033,7,30,208,2033-07-24,203330,
2033-07-26,2033,7,30,206,2033-07-24,203330,
2033-07-29,2033,7,30,209,2033-07-24,203330,
2033-07-30,2033,7,30,210,2033-07-24,203330,
2033-07-25,2033,7,30,205,2033-07-24,203330,
2033-08-05,2033,8,31,216,2033-07-31,203331,
2033-08-06,2033,8,31,217,2033-07-31,203331,
2033-08-04,2033,8,31,215,2033-07-31,203331,
2033-08-01,2033,8,31,212,2033-07-31,203331,
2033-07-31,2033,8,31,211,2033-07-31,203331,
2033-08-03,2033,8,31,214,2033-07-31,203331,
2033-08-02,2033,8,31,213,2033-07-31,203331,
2033-08-09,2033,8,32,220,2033-08-07,203332,
2033-08-12,2033,8,32,223,2033-08-07,203332,
2033-08-08,2033,8,32,219,2033-08-07,203332,
2033-08-13,2033,8,32,224,2033-08-07,203332,
2033-08-11,2033,8,32,222,2033-08-07,203332,
2033-08-07,2033,8,32,218,2033-08-07,203332,
2033-08-10,2033,8,32,221,2033-08-07,203332,
2033-08-17,2033,8,33,228,2033-08-14,203333,
2033-08-18,2033,8,33,229,2033-08-14,203333,
2033-08-15,2033,8,33,226,2033-08-14,203333,
2033-08-19,2033,8,33,230,2033-08-14,203333,
2033-08-20,2033,8,33,231,2033-08-14,203333,
2033-08-14,2033,8,33,225,2033-08-14,203333,
2033-08-16,2033,8,33,227,2033-08-14,203333,
2033-08-21,2033,8,34,232,2033-08-21,203334,
2033-08-25,2033,8,34,236,2033-08-21,203334,
2033-08-22,2033,8,34,233,2033-08-21,203334,
2033-08-27,2033,8,34,238,2033-08-21,203334,
2033-08-23,2033,8,34,234,2033-08-21,203334,
2033-08-24,2033,8,34,235,2033-08-21,203334,
2033-08-26,2033,8,34,237,2033-08-21,203334,
2033-08-30,2033,9,35,241,2033-08-28,203335,
2033-08-31,2033,9,35,242,2033-08-28,203335,
2033-08-29,2033,9,35,240,2033-08-28,203335,
2033-09-03,2033,9,35,245,2033-08-28,203335,
2033-08-28,2033,9,35,239,2033-08-28,203335,
2033-09-01,2033,9,35,243,2033-08-28,203335,
2033-09-02,2033,9,35,244,2033-08-28,203335,
2033-09-10,2033,9,36,252,2033-09-04,203336,
2033-09-07,2033,9,36,249,2033-09-04,203336,
2033-09-05,2033,9,36,247,2033-09-04,203336,
2033-09-04,2033,9,36,246,2033-09-04,203336,
2033-09-06,2033,9,36,248,2033-09-04,203336,
2033-09-08,2033,9,36,250,2033-09-04,203336,
2033-09-09,2033,9,36,251,2033-09-04,203336,
2033-09-11,2033,9,37,253,2033-09-11,203337,
2033-09-15,2033,9,37,257,2033-09-11,203337,
2033-09-12,2033,9,37,254,2033-09-11,203337,
2033-09-13,2033,9,37,255,2033-09-11,203337,
2033-09-14,2033,9,37,256,2033-09-11,203337,
2033-09-16,2033,9,37,258,2033-09-11,203337,
2033-09-17,2033,9,37,259,2033-09-11,203337,
2033-09-20,2033,9,38,262,2033-09-18,203338,
2033-09-18,2033,9,38,260,2033-09-18,203338,
2033-09-24,2033,9,38,266,2033-09-18,203338,
2033-09-21,2033,9,38,263,2033-09-18,203338,
2033-09-23,2033,9,38,265,2033-09-18,203338,
2033-09-22,2033,9,38,264,2033-09-18,203338,
2033-09-19,2033,9,38,261,2033-09-18,203338,
2033-09-25,2033,9,39,267,2033-09-25,203339,
2033-09-28,2033,9,39,270,2033-09-25,203339,
2033-09-30,2033,9,39,272,2033-09-25,203339,
2033-10-01,2033,9,39,273,2033-09-25,203339,
2033-09-29,2033,9,39,271,2033-09-25,203339,
2033-09-27,2033,9,39,269,2033-09-25,203339,
2033-09-26,2033,9,39,268,2033-09-25,203339,
2033-10-03,2033,10,40,275,2033-10-02,203340,
2033-10-04,2033,10,40,276,2033-10-02,203340,
2033-10-07,2033,10,40,279,2033-10-02,203340,
2033-10-05,2033,10,40,277,2033-10-02,203340,
2033-10-02,2033,10,40,274,2033-10-02,203340,
2033-10-06,2033,10,40,278,2033-10-02,203340,
2033-10-08,2033,10,40,280,2033-10-02,203340,
2033-10-10,2033,10,41,282,2033-10-09,203341,
2033-10-14,2033,10,41,286,2033-10-09,203341,
2033-10-15,2033,10,41,287,2033-10-09,203341,
2033-10-11,2033,10,41,283,2033-10-09,203341,
2033-10-09,2033,10,41,281,2033-10-09,203341,
2033-10-13,2033,10,41,285,2033-10-09,203341,
2033-10-12,2033,10,41,284,2033-10-09,203341,
2033-10-22,2033,10,42,294,2033-10-16,203342,
2033-10-20,2033,10,42,292,2033-10-16,203342,
2033-10-21,2033,10,42,293,2033-10-16,203342,
2033-10-18,2033,10,42,290,2033-10-16,203342,
2033-10-19,2033,10,42,291,2033-10-16,203342,
2033-10-17,2033,10,42,289,2033-10-16,203342,
2033-10-16,2033,10,42,288,2033-10-16,203342,
2033-10-27,2033,10,43,299,2033-10-23,203343,
2033-10-28,2033,10,43,300,2033-10-23,203343,
2033-10-25,2033,10,43,297,2033-10-23,203343,
2033-10-29,2033,10,43,301,2033-10-23,203343,
2033-10-24,2033,10,43,296,2033-10-23,203343,
2033-10-23,2033,10,43,295,2033-10-23,203343,
2033-10-26,2033,10,43,298,2033-10-23,203343,
2033-11-03,2033,11,44,306,2033-10-30,203344,
2033-11-04,2033,11,44,307,2033-10-30,203344,
2033-11-05,2033,11,44,308,2033-10-30,203344,
2033-10-30,2033,11,44,302,2033-10-30,203344,
2033-11-01,2033,11,44,304,2033-10-30,203344,
2033-11-02,2033,11,44,305,2033-10-30,203344,
2033-10-31,2033,11,44,303,2033-10-30,203344,
2033-11-10,2033,11,45,313,2033-11-06,203345,
2033-11-12,2033,11,45,315,2033-11-06,203345,
2033-11-06,2033,11,45,309,2033-11-06,203345,
2033-11-09,2033,11,45,312,2033-11-06,203345,
2033-11-07,2033,11,45,310,2033-11-06,203345,
2033-11-08,2033,11,45,311,2033-11-06,203345,
2033-11-11,2033,11,45,314,2033-11-06,203345,
2033-11-14,2033,11,46,317,2033-11-13,203346,
2033-11-16,2033,11,46,319,2033-11-13,203346,
2033-11-13,2033,11,46,316,2033-11-13,203346,
2033-11-15,2033,11,46,318,2033-11-13,203346,
2033-11-17,2033,11,46,320,2033-11-13,203346,
2033-11-18,2033,11,46,321,2033-11-13,203346,
2033-11-19,2033,11,46,322,2033-11-13,203346,
2033-11-22,2033,11,47,325,2033-11-20,203347,
2033-11-24,2033,11,47,327,2033-11-20,203347,
2033-11-25,2033,11,47,328,2033-11-20,203347,
2033-11-21,2033,11,47,324,2033-11-20,203347,
2033-11-23,2033,11,47,326,2033-11-20,203347,
2033-11-20,2033,11,47,323,2033-11-20,203347,
2033-11-26,2033,11,47,329,2033-11-20,203347,
2033-12-02,2033,12,48,335,2033-11-27,203348,
2033-12-03,2033,12,48,336,2033-11-27,203348,
2033-11-28,2033,12,48,331,2033-11-27,203348,
2033-12-01,2033,12,48,334,2033-11-27,203348,
2033-11-27,2033,12,48,330,2033-11-27,203348,
2033-11-29,2033,12,48,332,2033-11-27,203348,
2033-11-30,2033,12,48,333,2033-11-27,203348,
2033-12-10,2033,12,49,343,2033-12-04,203349,
2033-12-05,2033,12,49,338,2033-12-04,203349,
2033-12-08,2033,12,49,341,2033-12-04,203349,
2033-12-09,2033,12,49,342,2033-12-04,203349,
2033-12-06,2033,12,49,339,2033-12-04,203349,
2033-12-07,2033,12,49,340,2033-12-04,203349,
2033-12-04,2033,12,49,337,2033-12-04,203349,
2033-12-15,2033,12,50,348,2033-12-11,203350,
2033-12-11,2033,12,50,344,2033-12-11,203350,
2033-12-13,2033,12,50,346,2033-12-11,203350,
2033-12-16,2033,12,50,349,2033-12-11,203350,
2033-12-12,2033,12,50,345,2033-12-11,203350,
2033-12-17,2033,12,50,350,2033-12-11,203350,
2033-12-14,2033,12,50,347,2033-12-11,203350,
2033-12-21,2033,12,51,354,2033-12-18,203351,
2033-12-23,2033,12,51,356,2033-12-18,203351,
2033-12-18,2033,12,51,351,2033-12-18,203351,
2033-12-24,2033,12,51,357,2033-12-18,203351,
2033-12-20,2033,12,51,353,2033-12-18,203351,
2033-12-22,2033,12,51,355,2033-12-18,203351,
2033-12-19,2033,12,51,352,2033-12-18,203351,
2033-12-28,2033,12,52,361,2033-12-25,203352,
2033-12-27,2033,12,52,360,2033-12-25,203352,
2033-12-30,2033,12,52,363,2033-12-25,203352,
2033-12-26,2033,12,52,359,2033-12-25,203352,
2033-12-31,2033,12,52,364,2033-12-25,203352,
2033-12-25,2033,12,52,358,2033-12-25,203352,
2033-12-29,2033,12,52,362,2033-12-25,203352,
2034-01-05,2034,1,1,5,2034-01-01,203401,
2034-01-01,2034,1,1,1,2034-01-01,203401,
2034-01-04,2034,1,1,4,2034-01-01,203401,
2034-01-02,2034,1,1,2,2034-01-01,203401,
2034-01-06,2034,1,1,6,2034-01-01,203401,
2034-01-03,2034,1,1,3,2034-01-01,203401,
2034-01-07,2034,1,1,7,2034-01-01,203401,
2034-01-13,2034,1,2,13,2034-01-08,203402,
2034-01-12,2034,1,2,12,2034-01-08,203402,
2034-01-10,2034,1,2,10,2034-01-08,203402,
2034-01-11,2034,1,2,11,2034-01-08,203402,
2034-01-09,2034,1,2,9,2034-01-08,203402,
2034-01-14,2034,1,2,14,2034-01-08,203402,
2034-01-08,2034,1,2,8,2034-01-08,203402,
2034-01-18,2034,1,3,18,2034-01-15,203403,
2034-01-21,2034,1,3,21,2034-01-15,203403,
2034-01-17,2034,1,3,17,2034-01-15,203403,
2034-01-16,2034,1,3,16,2034-01-15,203403,
2034-01-20,2034,1,3,20,2034-01-15,203403,
2034-01-19,2034,1,3,19,2034-01-15,203403,
2034-01-15,2034,1,3,15,2034-01-15,203403,
2034-01-25,2034,1,4,25,2034-01-22,203404,
2034-01-22,2034,1,4,22,2034-01-22,203404,
2034-01-23,2034,1,4,23,2034-01-22,203404,
2034-01-27,2034,1,4,27,2034-01-22,203404,
2034-01-26,2034,1,4,26,2034-01-22,203404,
2034-01-28,2034,1,4,28,2034-01-22,203404,
2034-01-24,2034,1,4,24,2034-01-22,203404,
2035-01-06,2034,1,53,371,2034-12-31,203453,
2035-01-04,2034,1,53,369,2034-12-31,203453,
2035-01-03,2034,1,53,368,2034-12-31,203453,
2035-01-02,2034,1,53,367,2034-12-31,203453,
2034-12-31,2034,1,53,365,2034-12-31,203453,
2035-01-05,2034,1,53,370,2034-12-31,203453,
2035-01-01,2034,1,53,366,2034-12-31,203453,
2034-02-04,2034,2,5,35,2034-01-29,203405,
2034-02-02,2034,2,5,33,2034-01-29,203405,
2034-01-29,2034,2,5,29,2034-01-29,203405,
2034-02-01,2034,2,5,32,2034-01-29,203405,
2034-01-30,2034,2,5,30,2034-01-29,203405,
2034-01-31,2034,2,5,31,2034-01-29,203405,
2034-02-03,2034,2,5,34,2034-01-29,203405,
2034-02-06,2034,2,6,37,2034-02-05,203406,
2034-02-07,2034,2,6,38,2034-02-05,203406,
2034-02-05,2034,2,6,36,2034-02-05,203406,
2034-02-08,2034,2,6,39,2034-02-05,203406,
2034-02-10,2034,2,6,41,2034-02-05,203406,
2034-02-11,2034,2,6,42,2034-02-05,203406,
2034-02-09,2034,2,6,40,2034-02-05,203406,
2034-02-13,2034,2,7,44,2034-02-12,203407,
2034-02-16,2034,2,7,47,2034-02-12,203407,
2034-02-12,2034,2,7,43,2034-02-12,203407,
2034-02-18,2034,2,7,49,2034-02-12,203407,
2034-02-14,2034,2,7,45,2034-02-12,203407,
2034-02-15,2034,2,7,46,2034-02-12,203407,
2034-02-17,2034,2,7,48,2034-02-12,203407,
2034-02-24,2034,2,8,55,2034-02-19,203408,
2034-02-25,2034,2,8,56,2034-02-19,203408,
2034-02-20,2034,2,8,51,2034-02-19,203408,
2034-02-22,2034,2,8,53,2034-02-19,203408,
2034-02-21,2034,2,8,52,2034-02-19,203408,
2034-02-23,2034,2,8,54,2034-02-19,203408,
2034-02-19,2034,2,8,50,2034-02-19,203408,
2034-03-01,2034,3,9,60,2034-02-26,203409,
2034-03-02,2034,3,9,61,2034-02-26,203409,
2034-03-03,2034,3,9,62,2034-02-26,203409,
2034-02-26,2034,3,9,57,2034-02-26,203409,
2034-02-27,2034,3,9,58,2034-02-26,203409,
2034-02-28,2034,3,9,59,2034-02-26,203409,
2034-03-04,2034,3,9,63,2034-02-26,203409,
2034-03-10,2034,3,10,69,2034-03-05,203410,
2034-03-06,2034,3,10,65,2034-03-05,203410,
2034-03-11,2034,3,10,70,2034-03-05,203410,
2034-03-05,2034,3,10,64,2034-03-05,203410,
2034-03-09,2034,3,10,68,2034-03-05,203410,
2034-03-07,2034,3,10,66,2034-03-05,203410,
2034-03-08,2034,3,10,67,2034-03-05,203410,
2034-03-14,2034,3,11,73,2034-03-12,203411,
2034-03-12,2034,3,11,71,2034-03-12,203411,
2034-03-18,2034,3,11,77,2034-03-12,203411,
2034-03-13,2034,3,11,72,2034-03-12,203411,
2034-03-15,2034,3,11,74,2034-03-12,203411,
2034-03-17,2034,3,11,76,2034-03-12,203411,
2034-03-16,2034,3,11,75,2034-03-12,203411,
2034-03-22,2034,3,12,81,2034-03-19,203412,
2034-03-25,2034,3,12,84,2034-03-19,203412,
2034-03-19,2034,3,12,78,2034-03-19,203412,
2034-03-24,2034,3,12,83,2034-03-19,203412,
2034-03-20,2034,3,12,79,2034-03-19,203412,
2034-03-21,2034,3,12,80,2034-03-19,203412,
2034-03-23,2034,3,12,82,2034-03-19,203412,
2034-03-28,2034,3,13,87,2034-03-26,203413,
2034-03-26,2034,3,13,85,2034-03-26,203413,
2034-03-30,2034,3,13,89,2034-03-26,203413,
2034-03-31,2034,3,13,90,2034-03-26,203413,
2034-04-01,2034,3,13,91,2034-03-26,203413,
2034-03-27,2034,3,13,86,2034-03-26,203413,
2034-03-29,2034,3,13,88,2034-03-26,203413,
2034-04-03,2034,4,14,93,2034-04-02,203414,
2034-04-05,2034,4,14,95,2034-04-02,203414,
2034-04-02,2034,4,14,92,2034-04-02,203414,
2034-04-06,2034,4,14,96,2034-04-02,203414,
2034-04-08,2034,4,14,98,2034-04-02,203414,
2034-04-04,2034,4,14,94,2034-04-02,203414,
2034-04-07,2034,4,14,97,2034-04-02,203414,
2034-04-14,2034,4,15,104,2034-04-09,203415,
2034-04-09,2034,4,15,99,2034-04-09,203415,
2034-04-13,2034,4,15,103,2034-04-09,203415,
2034-04-10,2034,4,15,100,2034-04-09,203415,
2034-04-11,2034,4,15,101,2034-04-09,203415,
2034-04-15,2034,4,15,105,2034-04-09,203415,
2034-04-12,2034,4,15,102,2034-04-09,203415,
2034-04-17,2034,4,16,107,2034-04-16,203416,
2034-04-22,2034,4,16,112,2034-04-16,203416,
2034-04-18,2034,4,16,108,2034-04-16,203416,
2034-04-19,2034,4,16,109,2034-04-16,203416,
2034-04-16,2034,4,16,106,2034-04-16,203416,
2034-04-21,2034,4,16,111,2034-04-16,203416,
2034-04-20,2034,4,16,110,2034-04-16,203416,
2034-04-27,2034,4,17,117,2034-04-23,203417,
2034-04-28,2034,4,17,118,2034-04-23,203417,
2034-04-26,2034,4,17,116,2034-04-23,203417,
2034-04-25,2034,4,17,115,2034-04-23,203417,
2034-04-29,2034,4,17,119,2034-04-23,203417,
2034-04-24,2034,4,17,114,2034-04-23,203417,
2034-04-23,2034,4,17,113,2034-04-23,203417,
2034-05-02,2034,5,18,122,2034-04-30,203418,
2034-05-01,2034,5,18,121,2034-04-30,203418,
2034-05-04,2034,5,18,124,2034-04-30,203418,
2034-05-05,2034,5,18,125,2034-04-30,203418,
2034-05-03,2034,5,18,123,2034-04-30,203418,
2034-05-06,2034,5,18,126,2034-04-30,203418,
2034-04-30,2034,5,18,120,2034-04-30,203418,
2034-05-11,2034,5,19,131,2034-05-07,203419,
2034-05-10,2034,5,19,130,2034-05-07,203419,
2034-05-08,2034,5,19,128,2034-05-07,203419,
2034-05-09,2034,5,19,129,2034-05-07,203419,
2034-05-12,2034,5,19,132,2034-05-07,203419,
2034-05-07,2034,5,19,127,2034-05-07,203419,
2034-05-13,2034,5,19,133,2034-05-07,203419,
2034-05-19,2034,5,20,139,2034-05-14,203420,
2034-05-18,2034,5,20,138,2034-05-14,203420,
2034-05-15,2034,5,20,135,2034-05-14,203420,
2034-05-20,2034,5,20,140,2034-05-14,203420,
2034-05-14,2034,5,20,134,2034-05-14,203420,
2034-05-17,2034,5,20,137,2034-05-14,203420,
2034-05-16,2034,5,20,136,2034-05-14,203420,
2034-05-25,2034,5,21,145,2034-05-21,203421,
2034-05-27,2034,5,21,147,2034-05-21,203421,
2034-05-22,2034,5,21,142,2034-05-21,203421,
2034-05-24,2034,5,21,144,2034-05-21,203421,
2034-05-26,2034,5,21,146,2034-05-21,203421,
2034-05-21,2034,5,21,141,2034-05-21,203421,
2034-05-23,2034,5,21,143,2034-05-21,203421,
2034-06-03,2034,6,22,154,2034-05-28,203422,
2034-05-29,2034,6,22,149,2034-05-28,203422,
2034-06-02,2034,6,22,153,2034-05-28,203422,
2034-05-28,2034,6,22,148,2034-05-28,203422,
2034-06-01,2034,6,22,152,2034-05-28,203422,
2034-05-30,2034,6,22,150,2034-05-28,203422,
2034-05-31,2034,6,22,151,2034-05-28,203422,
2034-06-06,2034,6,23,157,2034-06-04,203423,
2034-06-05,2034,6,23,156,2034-06-04,203423,
2034-06-04,2034,6,23,155,2034-06-04,203423,
2034-06-08,2034,6,23,159,2034-06-04,203423,
2034-06-09,2034,6,23,160,2034-06-04,203423,
2034-06-10,2034,6,23,161,2034-06-04,203423,
2034-06-07,2034,6,23,158,2034-06-04,203423,
2034-06-17,2034,6,24,168,2034-06-11,203424,
2034-06-16,2034,6,24,167,2034-06-11,203424,
2034-06-13,2034,6,24,164,2034-06-11,203424,
2034-06-15,2034,6,24,166,2034-06-11,203424,
2034-06-12,2034,6,24,163,2034-06-11,203424,
2034-06-14,2034,6,24,165,2034-06-11,203424,
2034-06-11,2034,6,24,162,2034-06-11,203424,
2034-06-21,2034,6,25,172,2034-06-18,203425,
2034-06-23,2034,6,25,174,2034-06-18,203425,
2034-06-20,2034,6,25,171,2034-06-18,203425,
2034-06-24,2034,6,25,175,2034-06-18,203425,
2034-06-19,2034,6,25,170,2034-06-18,203425,
2034-06-22,2034,6,25,173,2034-06-18,203425,
2034-06-18,2034,6,25,169,2034-06-18,203425,
2034-07-01,2034,6,26,182,2034-06-25,203426,
2034-06-29,2034,6,26,180,2034-06-25,203426,
2034-06-30,2034,6,26,181,2034-06-25,203426,
2034-06-25,2034,6,26,176,2034-06-25,203426,
2034-06-27,2034,6,26,178,2034-06-25,203426,
2034-06-28,2034,6,26,179,2034-06-25,203426,
2034-06-26,2034,6,26,177,2034-06-25,203426,
2034-07-08,2034,7,27,189,2034-07-02,203427,
2034-07-04,2034,7,27,185,2034-07-02,203427,
2034-07-03,2034,7,27,184,2034-07-02,203427,
2034-07-06,2034,7,27,187,2034-07-02,203427,
2034-07-05,2034,7,27,186,2034-07-02,203427,
2034-07-07,2034,7,27,188,2034-07-02,203427,
2034-07-02,2034,7,27,183,2034-07-02,203427,
2034-07-15,2034,7,28,196,2034-07-09,203428,
2034-07-14,2034,7,28,195,2034-07-09,203428,
2034-07-12,2034,7,28,193,2034-07-09,203428,
2034-07-11,2034,7,28,192,2034-07-09,203428,
2034-07-10,2034,7,28,191,2034-07-09,203428,
2034-07-13,2034,7,28,194,2034-07-09,203428,
2034-07-09,2034,7,28,190,2034-07-09,203428,
2034-07-19,2034,7,29,200,2034-07-16,203429,
2034-07-21,2034,7,29,202,2034-07-16,203429,
2034-07-16,2034,7,29,197,2034-07-16,203429,
2034-07-18,2034,7,29,199,2034-07-16,203429,
2034-07-17,2034,7,29,198,2034-07-16,203429,
2034-07-22,2034,7,29,203,2034-07-16,203429,
2034-07-20,2034,7,29,201,2034-07-16,203429,
2034-07-23,2034,7,30,204,2034-07-23,203430,
2034-07-25,2034,7,30,206,2034-07-23,203430,
2034-07-26,2034,7,30,207,2034-07-23,203430,
2034-07-29,2034,7,30,210,2034-07-23,203430,
2034-07-24,2034,7,30,205,2034-07-23,203430,
2034-07-28,2034,7,30,209,2034-07-23,203430,
2034-07-27,2034,7,30,208,2034-07-23,203430,
2034-08-04,2034,8,31,216,2034-07-30,203431,
2034-08-02,2034,8,31,214,2034-07-30,203431,
2034-08-05,2034,8,31,217,2034-07-30,203431,
2034-08-03,2034,8,31,215,2034-07-30,203431,
2034-07-30,2034,8,31,211,2034-07-30,203431,
2034-08-01,2034,8,31,213,2034-07-30,203431,
2034-07-31,2034,8,31,212,2034-07-30,203431,
2034-08-07,2034,8,32,219,2034-08-06,203432,
2034-08-08,2034,8,32,220,2034-08-06,203432,
2034-08-10,2034,8,32,222,2034-08-06,203432,
2034-08-09,2034,8,32,221,2034-08-06,203432,
2034-08-11,2034,8,32,223,2034-08-06,203432,
2034-08-06,2034,8,32,218,2034-08-06,203432,
2034-08-12,2034,8,32,224,2034-08-06,203432,
2034-08-14,2034,8,33,226,2034-08-13,203433,
2034-08-15,2034,8,33,227,2034-08-13,203433,
2034-08-17,2034,8,33,229,2034-08-13,203433,
2034-08-18,2034,8,33,230,2034-08-13,203433,
2034-08-13,2034,8,33,225,2034-08-13,203433,
2034-08-16,2034,8,33,228,2034-08-13,203433,
2034-08-19,2034,8,33,231,2034-08-13,203433,
2034-08-23,2034,8,34,235,2034-08-20,203434,
2034-08-22,2034,8,34,234,2034-08-20,203434,
2034-08-24,2034,8,34,236,2034-08-20,203434,
2034-08-25,2034,8,34,237,2034-08-20,203434,
2034-08-20,2034,8,34,232,2034-08-20,203434,
2034-08-26,2034,8,34,238,2034-08-20,203434,
2034-08-21,2034,8,34,233,2034-08-20,203434,
2034-08-28,2034,9,35,240,2034-08-27,203435,
2034-09-02,2034,9,35,245,2034-08-27,203435,
2034-08-27,2034,9,35,239,2034-08-27,203435,
2034-09-01,2034,9,35,244,2034-08-27,203435,
2034-08-29,2034,9,35,241,2034-08-27,203435,
2034-08-30,2034,9,35,242,2034-08-27,203435,
2034-08-31,2034,9,35,243,2034-08-27,203435,
2034-09-07,2034,9,36,250,2034-09-03,203436,
2034-09-05,2034,9,36,248,2034-09-03,203436,
2034-09-09,2034,9,36,252,2034-09-03,203436,
2034-09-04,2034,9,36,247,2034-09-03,203436,
2034-09-03,2034,9,36,246,2034-09-03,203436,
2034-09-06,2034,9,36,249,2034-09-03,203436,
2034-09-08,2034,9,36,251,2034-09-03,203436,
2034-09-15,2034,9,37,258,2034-09-10,203437,
2034-09-16,2034,9,37,259,2034-09-10,203437,
2034-09-14,2034,9,37,257,2034-09-10,203437,
2034-09-13,2034,9,37,256,2034-09-10,203437,
2034-09-12,2034,9,37,255,2034-09-10,203437,
2034-09-11,2034,9,37,254,2034-09-10,203437,
2034-09-10,2034,9,37,253,2034-09-10,203437,
2034-09-18,2034,9,38,261,2034-09-17,203438,
2034-09-22,2034,9,38,265,2034-09-17,203438,
2034-09-17,2034,9,38,260,2034-09-17,203438,
2034-09-19,2034,9,38,262,2034-09-17,203438,
2034-09-20,2034,9,38,263,2034-09-17,203438,
2034-09-21,2034,9,38,264,2034-09-17,203438,
2034-09-23,2034,9,38,266,2034-09-17,203438,
2034-09-26,2034,9,39,269,2034-09-24,203439,
2034-09-25,2034,9,39,268,2034-09-24,203439,
2034-09-30,2034,9,39,273,2034-09-24,203439,
2034-09-29,2034,9,39,272,2034-09-24,203439,
2034-09-24,2034,9,39,267,2034-09-24,203439,
2034-09-27,2034,9,39,270,2034-09-24,203439,
2034-09-28,2034,9,39,271,2034-09-24,203439,
2034-10-03,2034,10,40,276,2034-10-01,203440,
2034-10-05,2034,10,40,278,2034-10-01,203440,
2034-10-07,2034,10,40,280,2034-10-01,203440,
2034-10-01,2034,10,40,274,2034-10-01,203440,
2034-10-04,2034,10,40,277,2034-10-01,203440,
2034-10-02,2034,10,40,275,2034-10-01,203440,
2034-10-06,2034,10,40,279,2034-10-01,203440,
2034-10-11,2034,10,41,284,2034-10-08,203441,
2034-10-12,2034,10,41,285,2034-10-08,203441,
2034-10-13,2034,10,41,286,2034-10-08,203441,
2034-10-10,2034,10,41,283,2034-10-08,203441,
2034-10-08,2034,10,41,281,2034-10-08,203441,
2034-10-09,2034,10,41,282,2034-10-08,203441,
2034-10-14,2034,10,41,287,2034-10-08,203441,
2034-10-18,2034,10,42,291,2034-10-15,203442,
2034-10-16,2034,10,42,289,2034-10-15,203442,
2034-10-20,2034,10,42,293,2034-10-15,203442,
2034-10-19,2034,10,42,292,2034-10-15,203442,
2034-10-21,2034,10,42,294,2034-10-15,203442,
2034-10-15,2034,10,42,288,2034-10-15,203442,
2034-10-17,2034,10,42,290,2034-10-15,203442,
2034-10-25,2034,10,43,298,2034-10-22,203443,
2034-10-23,2034,10,43,296,2034-10-22,203443,
2034-10-26,2034,10,43,299,2034-10-22,203443,
2034-10-27,2034,10,43,300,2034-10-22,203443,
2034-10-28,2034,10,43,301,2034-10-22,203443,
2034-10-22,2034,10,43,295,2034-10-22,203443,
2034-10-24,2034,10,43,297,2034-10-22,203443,
2034-10-31,2034,11,44,304,2034-10-29,203444,
2034-11-02,2034,11,44,306,2034-10-29,203444,
2034-11-03,2034,11,44,307,2034-10-29,203444,
2034-11-04,2034,11,44,308,2034-10-29,203444,
2034-10-30,2034,11,44,303,2034-10-29,203444,
2034-11-01,2034,11,44,305,2034-10-29,203444,
2034-10-29,2034,11,44,302,2034-10-29,203444,
2034-11-06,2034,11,45,310,2034-11-05,203445,
2034-11-09,2034,11,45,313,2034-11-05,203445,
2034-11-11,2034,11,45,315,2034-11-05,203445,
2034-11-10,2034,11,45,314,2034-11-05,203445,
2034-11-05,2034,11,45,309,2034-11-05,203445,
2034-11-07,2034,11,45,311,2034-11-05,203445,
2034-11-08,2034,11,45,312,2034-11-05,203445,
2034-11-13,2034,11,46,317,2034-11-12,203446,
2034-11-14,2034,11,46,318,2034-11-12,203446,
2034-11-16,2034,11,46,320,2034-11-12,203446,
2034-11-18,2034,11,46,322,2034-11-12,203446,
2034-11-12,2034,11,46,316,2034-11-12,203446,
2034-11-17,2034,11,46,321,2034-11-12,203446,
2034-11-15,2034,11,46,319,2034-11-12,203446,
2034-11-25,2034,11,47,329,2034-11-19,203447,
2034-11-22,2034,11,47,326,2034-11-19,203447,
2034-11-20,2034,11,47,324,2034-11-19,203447,
2034-11-23,2034,11,47,327,2034-11-19,203447,
2034-11-24,2034,11,47,328,2034-11-19,203447,
2034-11-19,2034,11,47,323,2034-11-19,203447,
2034-11-21,2034,11,47,325,2034-11-19,203447,
2034-11-26,2034,12,48,330,2034-11-26,203448,
2034-11-27,2034,12,48,331,2034-11-26,203448,
2034-12-01,2034,12,48,335,2034-11-26,203448,
2034-11-28,2034,12,48,332,2034-11-26,203448,
2034-11-30,2034,12,48,334,2034-11-26,203448,
2034-12-02,2034,12,48,336,2034-11-26,203448,
2034-11-29,2034,12,48,333,2034-11-26,203448,
2034-12-09,2034,12,49,343,2034-12-03,203449,
2034-12-07,2034,12,49,341,2034-12-03,203449,
2034-12-08,2034,12,49,342,2034-12-03,203449,
2034-12-06,2034,12,49,340,2034-12-03,203449,
2034-12-05,2034,12,49,339,2034-12-03,203449,
2034-12-04,2034,12,49,338,2034-12-03,203449,
2034-12-03,2034,12,49,337,2034-12-03,203449,
2034-12-11,2034,12,50,345,2034-12-10,203450,
2034-12-10,2034,12,50,344,2034-12-10,203450,
2034-12-16,2034,12,50,350,2034-12-10,203450,
2034-12-14,2034,12,50,348,2034-12-10,203450,
2034-12-13,2034,12,50,347,2034-12-10,203450,
2034-12-12,2034,12,50,346,2034-12-10,203450,
2034-12-15,2034,12,50,349,2034-12-10,203450,
2034-12-20,2034,12,51,354,2034-12-17,203451,
2034-12-19,2034,12,51,353,2034-12-17,203451,
2034-12-21,2034,12,51,355,2034-12-17,203451,
2034-12-23,2034,12,51,357,2034-12-17,203451,
2034-12-18,2034,12,51,352,2034-12-17,203451,
2034-12-22,2034,12,51,356,2034-12-17,203451,
2034-12-17,2034,12,51,351,2034-12-17,203451,
2034-12-30,2034,12,52,364,2034-12-24,203452,
2034-12-25,2034,12,52,359,2034-12-24,203452,
2034-12-28,2034,12,52,362,2034-12-24,203452,
2034-12-26,2034,12,52,360,2034-12-24,203452,
2034-12-29,2034,12,52,363,2034-12-24,203452,
2034-12-24,2034,12,52,358,2034-12-24,203452,
2034-12-27,2034,12,52,361,2034-12-24,203452,
2035-01-11,2035,1,1,5,2035-01-07,203501,
2035-01-13,2035,1,1,7,2035-01-07,203501,
2035-01-08,2035,1,1,2,2035-01-07,203501,
2035-01-09,2035,1,1,3,2035-01-07,203501,
2035-01-12,2035,1,1,6,2035-01-07,203501,
2035-01-07,2035,1,1,1,2035-01-07,203501,
2035-01-10,2035,1,1,4,2035-01-07,203501,
2035-01-16,2035,1,2,10,2035-01-14,203502,
2035-01-15,2035,1,2,9,2035-01-14,203502,
2035-01-18,2035,1,2,12,2035-01-14,203502,
2035-01-14,2035,1,2,8,2035-01-14,203502,
2035-01-17,2035,1,2,11,2035-01-14,203502,
2035-01-20,2035,1,2,14,2035-01-14,203502,
2035-01-19,2035,1,2,13,2035-01-14,203502,
2035-01-21,2035,1,3,15,2035-01-21,203503,
2035-01-24,2035,1,3,18,2035-01-21,203503,
2035-01-26,2035,1,3,20,2035-01-21,203503,
2035-01-23,2035,1,3,17,2035-01-21,203503,
2035-01-25,2035,1,3,19,2035-01-21,203503,
2035-01-22,2035,1,3,16,2035-01-21,203503,
2035-01-27,2035,1,3,21,2035-01-21,203503,
2035-01-30,2035,1,4,24,2035-01-28,203504,
2035-01-29,2035,1,4,23,2035-01-28,203504,
2035-02-01,2035,1,4,26,2035-01-28,203504,
2035-02-02,2035,1,4,27,2035-01-28,203504,
2035-02-03,2035,1,4,28,2035-01-28,203504,
2035-01-31,2035,1,4,25,2035-01-28,203504,
2035-01-28,2035,1,4,22,2035-01-28,203504,
2035-02-06,2035,2,5,31,2035-02-04,203505,
2035-02-08,2035,2,5,33,2035-02-04,203505,
2035-02-07,2035,2,5,32,2035-02-04,203505,
2035-02-09,2035,2,5,34,2035-02-04,203505,
2035-02-04,2035,2,5,29,2035-02-04,203505,
2035-02-10,2035,2,5,35,2035-02-04,203505,
2035-02-05,2035,2,5,30,2035-02-04,203505,
2035-02-11,2035,2,6,36,2035-02-11,203506,
2035-02-14,2035,2,6,39,2035-02-11,203506,
2035-02-17,2035,2,6,42,2035-02-11,203506,
2035-02-12,2035,2,6,37,2035-02-11,203506,
2035-02-15,2035,2,6,40,2035-02-11,203506,
2035-02-13,2035,2,6,38,2035-02-11,203506,
2035-02-16,2035,2,6,41,2035-02-11,203506,
2035-02-18,2035,2,7,43,2035-02-18,203507,
2035-02-20,2035,2,7,45,2035-02-18,203507,
2035-02-23,2035,2,7,48,2035-02-18,203507,
2035-02-19,2035,2,7,44,2035-02-18,203507,
2035-02-24,2035,2,7,49,2035-02-18,203507,
2035-02-22,2035,2,7,47,2035-02-18,203507,
2035-02-21,2035,2,7,46,2035-02-18,203507,
2035-02-25,2035,2,8,50,2035-02-25,203508,
2035-03-02,2035,2,8,55,2035-02-25,203508,
2035-03-03,2035,2,8,56,2035-02-25,203508,
2035-02-28,2035,2,8,53,2035-02-25,203508,
2035-03-01,2035,2,8,54,2035-02-25,203508,
2035-02-27,2035,2,8,52,2035-02-25,203508,
2035-02-26,2035,2,8,51,2035-02-25,203508,
2035-03-10,2035,3,9,63,2035-03-04,203509,
2035-03-09,2035,3,9,62,2035-03-04,203509,
2035-03-06,2035,3,9,59,2035-03-04,203509,
2035-03-08,2035,3,9,61,2035-03-04,203509,
2035-03-05,2035,3,9,58,2035-03-04,203509,
2035-03-04,2035,3,9,57,2035-03-04,203509,
2035-03-07,2035,3,9,60,2035-03-04,203509,
2035-03-14,2035,3,10,67,2035-03-11,203510,
2035-03-13,2035,3,10,66,2035-03-11,203510,
2035-03-17,2035,3,10,70,2035-03-11,203510,
2035-03-15,2035,3,10,68,2035-03-11,203510,
2035-03-11,2035,3,10,64,2035-03-11,203510,
2035-03-16,2035,3,10,69,2035-03-11,203510,
2035-03-12,2035,3,10,65,2035-03-11,203510,
2035-03-24,2035,3,11,77,2035-03-18,203511,
2035-03-18,2035,3,11,71,2035-03-18,203511,
2035-03-23,2035,3,11,76,2035-03-18,203511,
2035-03-22,2035,3,11,75,2035-03-18,203511,
2035-03-19,2035,3,11,72,2035-03-18,203511,
2035-03-21,2035,3,11,74,2035-03-18,203511,
2035-03-20,2035,3,11,73,2035-03-18,203511,
2035-03-30,2035,3,12,83,2035-03-25,203512,
2035-03-27,2035,3,12,80,2035-03-25,203512,
2035-03-31,2035,3,12,84,2035-03-25,203512,
2035-03-26,2035,3,12,79,2035-03-25,203512,
2035-03-29,2035,3,12,82,2035-03-25,203512,
2035-03-25,2035,3,12,78,2035-03-25,203512,
2035-03-28,2035,3,12,81,2035-03-25,203512,
2035-04-02,2035,3,13,86,2035-04-01,203513,
2035-04-05,2035,3,13,89,2035-04-01,203513,
2035-04-01,2035,3,13,85,2035-04-01,203513,
2035-04-03,2035,3,13,87,2035-04-01,203513,
2035-04-07,2035,3,13,91,2035-04-01,203513,
2035-04-06,2035,3,13,90,2035-04-01,203513,
2035-04-04,2035,3,13,88,2035-04-01,203513,
2035-04-14,2035,4,14,98,2035-04-08,203514,
2035-04-12,2035,4,14,96,2035-04-08,203514,
2035-04-13,2035,4,14,97,2035-04-08,203514,
2035-04-11,2035,4,14,95,2035-04-08,203514,
2035-04-09,2035,4,14,93,2035-04-08,203514,
2035-04-10,2035,4,14,94,2035-04-08,203514,
2035-04-08,2035,4,14,92,2035-04-08,203514,
2035-04-20,2035,4,15,104,2035-04-15,203515,
2035-04-19,2035,4,15,103,2035-04-15,203515,
2035-04-18,2035,4,15,102,2035-04-15,203515,
2035-04-17,2035,4,15,101,2035-04-15,203515,
2035-04-16,2035,4,15,100,2035-04-15,203515,
2035-04-21,2035,4,15,105,2035-04-15,203515,
2035-04-15,2035,4,15,99,2035-04-15,203515,
2035-04-25,2035,4,16,109,2035-04-22,203516,
2035-04-26,2035,4,16,110,2035-04-22,203516,
2035-04-28,2035,4,16,112,2035-04-22,203516,
2035-04-23,2035,4,16,107,2035-04-22,203516,
2035-04-27,2035,4,16,111,2035-04-22,203516,
2035-04-24,2035,4,16,108,2035-04-22,203516,
2035-04-22,2035,4,16,106,2035-04-22,203516,
2035-05-05,2035,4,17,119,2035-04-29,203517,
2035-05-04,2035,4,17,118,2035-04-29,203517,
2035-05-02,2035,4,17,116,2035-04-29,203517,
2035-04-29,2035,4,17,113,2035-04-29,203517,
2035-05-01,2035,4,17,115,2035-04-29,203517,
2035-04-30,2035,4,17,114,2035-04-29,203517,
2035-05-03,2035,4,17,117,2035-04-29,203517,
2035-05-11,2035,5,18,125,2035-05-06,203518,
2035-05-09,2035,5,18,123,2035-05-06,203518,
2035-05-10,2035,5,18,124,2035-05-06,203518,
2035-05-12,2035,5,18,126,2035-05-06,203518,
2035-05-07,2035,5,18,121,2035-05-06,203518,
2035-05-08,2035,5,18,122,2035-05-06,203518,
2035-05-06,2035,5,18,120,2035-05-06,203518,
2035-05-19,2035,5,19,133,2035-05-13,203519,
2035-05-16,2035,5,19,130,2035-05-13,203519,
2035-05-13,2035,5,19,127,2035-05-13,203519,
2035-05-18,2035,5,19,132,2035-05-13,203519,
2035-05-17,2035,5,19,131,2035-05-13,203519,
2035-05-14,2035,5,19,128,2035-05-13,203519,
2035-05-15,2035,5,19,129,2035-05-13,203519,
2035-05-24,2035,5,20,138,2035-05-20,203520,
2035-05-20,2035,5,20,134,2035-05-20,203520,
2035-05-23,2035,5,20,137,2035-05-20,203520,
2035-05-22,2035,5,20,136,2035-05-20,203520,
2035-05-25,2035,5,20,139,2035-05-20,203520,
2035-05-26,2035,5,20,140,2035-05-20,203520,
2035-05-21,2035,5,20,135,2035-05-20,203520,
2035-06-01,2035,5,21,146,2035-05-27,203521,
2035-05-28,2035,5,21,142,2035-05-27,203521,
2035-05-31,2035,5,21,145,2035-05-27,203521,
2035-05-30,2035,5,21,144,2035-05-27,203521,
2035-06-02,2035,5,21,147,2035-05-27,203521,
2035-05-29,2035,5,21,143,2035-05-27,203521,
2035-05-27,2035,5,21,141,2035-05-27,203521,
2035-06-05,2035,6,22,150,2035-06-03,203522,
2035-06-06,2035,6,22,151,2035-06-03,203522,
2035-06-08,2035,6,22,153,2035-06-03,203522,
2035-06-07,2035,6,22,152,2035-06-03,203522,
2035-06-09,2035,6,22,154,2035-06-03,203522,
2035-06-04,2035,6,22,149,2035-06-03,203522,
2035-06-03,2035,6,22,148,2035-06-03,203522,
2035-06-14,2035,6,23,159,2035-06-10,203523,
2035-06-15,2035,6,23,160,2035-06-10,203523,
2035-06-13,2035,6,23,158,2035-06-10,203523,
2035-06-16,2035,6,23,161,2035-06-10,203523,
2035-06-12,2035,6,23,157,2035-06-10,203523,
2035-06-10,2035,6,23,155,2035-06-10,203523,
2035-06-11,2035,6,23,156,2035-06-10,203523,
2035-06-20,2035,6,24,165,2035-06-17,203524,
2035-06-18,2035,6,24,163,2035-06-17,203524,
2035-06-22,2035,6,24,167,2035-06-17,203524,
2035-06-17,2035,6,24,162,2035-06-17,203524,
2035-06-23,2035,6,24,168,2035-06-17,203524,
2035-06-19,2035,6,24,164,2035-06-17,203524,
2035-06-21,2035,6,24,166,2035-06-17,203524,
2035-06-25,2035,6,25,170,2035-06-24,203525,
2035-06-27,2035,6,25,172,2035-06-24,203525,
2035-06-24,2035,6,25,169,2035-06-24,203525,
2035-06-30,2035,6,25,175,2035-06-24,203525,
2035-06-29,2035,6,25,174,2035-06-24,203525,
2035-06-26,2035,6,25,171,2035-06-24,203525,
2035-06-28,2035,6,25,173,2035-06-24,203525,
2035-07-05,2035,6,26,180,2035-07-01,203526,
2035-07-02,2035,6,26,177,2035-07-01,203526,
2035-07-06,2035,6,26,181,2035-07-01,203526,
2035-07-07,2035,6,26,182,2035-07-01,203526,
2035-07-01,2035,6,26,176,2035-07-01,203526,
2035-07-03,2035,6,26,178,2035-07-01,203526,
2035-07-04,2035,6,26,179,2035-07-01,203526,
2035-07-08,2035,7,27,183,2035-07-08,203527,
2035-07-13,2035,7,27,188,2035-07-08,203527,
2035-07-12,2035,7,27,187,2035-07-08,203527,
2035-07-09,2035,7,27,184,2035-07-08,203527,
2035-07-11,2035,7,27,186,2035-07-08,203527,
2035-07-10,2035,7,27,185,2035-07-08,203527,
2035-07-14,2035,7,27,189,2035-07-08,203527,
2035-07-19,2035,7,28,194,2035-07-15,203528,
2035-07-16,2035,7,28,191,2035-07-15,203528,
2035-07-21,2035,7,28,196,2035-07-15,203528,
2035-07-18,2035,7,28,193,2035-07-15,203528,
2035-07-20,2035,7,28,195,2035-07-15,203528,
2035-07-15,2035,7,28,190,2035-07-15,203528,
2035-07-17,2035,7,28,192,2035-07-15,203528,
2035-07-22,2035,7,29,197,2035-07-22,203529,
2035-07-23,2035,7,29,198,2035-07-22,203529,
2035-07-28,2035,7,29,203,2035-07-22,203529,
2035-07-24,2035,7,29,199,2035-07-22,203529,
2035-07-27,2035,7,29,202,2035-07-22,203529,
2035-07-26,2035,7,29,201,2035-07-22,203529,
2035-07-25,2035,7,29,200,2035-07-22,203529,
2035-07-31,2035,7,30,206,2035-07-29,203530,
2035-08-04,2035,7,30,210,2035-07-29,203530,
2035-07-30,2035,7,30,205,2035-07-29,203530,
2035-08-03,2035,7,30,209,2035-07-29,203530,
2035-07-29,2035,7,30,204,2035-07-29,203530,
2035-08-02,2035,7,30,208,2035-07-29,203530,
2035-08-01,2035,7,30,207,2035-07-29,203530,
2035-08-08,2035,8,31,214,2035-08-05,203531,
2035-08-09,2035,8,31,215,2035-08-05,203531,
2035-08-11,2035,8,31,217,2035-08-05,203531,
2035-08-06,2035,8,31,212,2035-08-05,203531,
2035-08-05,2035,8,31,211,2035-08-05,203531,
2035-08-10,2035,8,31,216,2035-08-05,203531,
2035-08-07,2035,8,31,213,2035-08-05,203531,
2035-08-13,2035,8,32,219,2035-08-12,203532,
2035-08-18,2035,8,32,224,2035-08-12,203532,
2035-08-12,2035,8,32,218,2035-08-12,203532,
2035-08-14,2035,8,32,220,2035-08-12,203532,
2035-08-17,2035,8,32,223,2035-08-12,203532,
2035-08-15,2035,8,32,221,2035-08-12,203532,
2035-08-16,2035,8,32,222,2035-08-12,203532,
2035-08-24,2035,8,33,230,2035-08-19,203533,
2035-08-25,2035,8,33,231,2035-08-19,203533,
2035-08-19,2035,8,33,225,2035-08-19,203533,
2035-08-21,2035,8,33,227,2035-08-19,203533,
2035-08-22,2035,8,33,228,2035-08-19,203533,
2035-08-23,2035,8,33,229,2035-08-19,203533,
2035-08-20,2035,8,33,226,2035-08-19,203533,
2035-08-27,2035,8,34,233,2035-08-26,203534,
2035-08-30,2035,8,34,236,2035-08-26,203534,
2035-08-29,2035,8,34,235,2035-08-26,203534,
2035-08-31,2035,8,34,237,2035-08-26,203534,
2035-09-01,2035,8,34,238,2035-08-26,203534,
2035-08-26,2035,8,34,232,2035-08-26,203534,
2035-08-28,2035,8,34,234,2035-08-26,203534,
2035-09-06,2035,9,35,243,2035-09-02,203535,
2035-09-08,2035,9,35,245,2035-09-02,203535,
2035-09-02,2035,9,35,239,2035-09-02,203535,
2035-09-03,2035,9,35,240,2035-09-02,203535,
2035-09-05,2035,9,35,242,2035-09-02,203535,
2035-09-07,2035,9,35,244,2035-09-02,203535,
2035-09-04,2035,9,35,241,2035-09-02,203535,
2035-09-15,2035,9,36,252,2035-09-09,203536,
2035-09-12,2035,9,36,249,2035-09-09,203536,
2035-09-13,2035,9,36,250,2035-09-09,203536,
2035-09-11,2035,9,36,248,2035-09-09,203536,
2035-09-10,2035,9,36,247,2035-09-09,203536,
2035-09-14,2035,9,36,251,2035-09-09,203536,
2035-09-09,2035,9,36,246,2035-09-09,203536,
2035-09-22,2035,9,37,259,2035-09-16,203537,
2035-09-18,2035,9,37,255,2035-09-16,203537,
2035-09-21,2035,9,37,258,2035-09-16,203537,
2035-09-20,2035,9,37,257,2035-09-16,203537,
2035-09-17,2035,9,37,254,2035-09-16,203537,
2035-09-16,2035,9,37,253,2035-09-16,203537,
2035-09-19,2035,9,37,256,2035-09-16,203537,
2035-09-27,2035,9,38,264,2035-09-23,203538,
2035-09-23,2035,9,38,260,2035-09-23,203538,
2035-09-26,2035,9,38,263,2035-09-23,203538,
2035-09-28,2035,9,38,265,2035-09-23,203538,
2035-09-25,2035,9,38,262,2035-09-23,203538,
2035-09-24,2035,9,38,261,2035-09-23,203538,
2035-09-29,2035,9,38,266,2035-09-23,203538,
2035-10-03,2035,9,39,270,2035-09-30,203539,
2035-10-04,2035,9,39,271,2035-09-30,203539,
2035-09-30,2035,9,39,267,2035-09-30,203539,
2035-10-02,2035,9,39,269,2035-09-30,203539,
2035-10-06,2035,9,39,273,2035-09-30,203539,
2035-10-01,2035,9,39,268,2035-09-30,203539,
2035-10-05,2035,9,39,272,2035-09-30,203539,
2035-10-08,2035,10,40,275,2035-10-07,203540,
2035-10-13,2035,10,40,280,2035-10-07,203540,
2035-10-10,2035,10,40,277,2035-10-07,203540,
2035-10-12,2035,10,40,279,2035-10-07,203540,
2035-10-09,2035,10,40,276,2035-10-07,203540,
2035-10-07,2035,10,40,274,2035-10-07,203540,
2035-10-11,2035,10,40,278,2035-10-07,203540,
2035-10-15,2035,10,41,282,2035-10-14,203541,
2035-10-16,2035,10,41,283,2035-10-14,203541,
2035-10-17,2035,10,41,284,2035-10-14,203541,
2035-10-19,2035,10,41,286,2035-10-14,203541,
2035-10-20,2035,10,41,287,2035-10-14,203541,
2035-10-18,2035,10,41,285,2035-10-14,203541,
2035-10-14,2035,10,41,281,2035-10-14,203541,
2035-10-23,2035,10,42,290,2035-10-21,203542,
2035-10-25,2035,10,42,292,2035-10-21,203542,
2035-10-26,2035,10,42,293,2035-10-21,203542,
2035-10-21,2035,10,42,288,2035-10-21,203542,
2035-10-24,2035,10,42,291,2035-10-21,203542,
2035-10-22,2035,10,42,289,2035-10-21,203542,
2035-10-27,2035,10,42,294,2035-10-21,203542,
2035-10-29,2035,10,43,296,2035-10-28,203543,
2035-11-02,2035,10,43,300,2035-10-28,203543,
2035-10-30,2035,10,43,297,2035-10-28,203543,
2035-11-01,2035,10,43,299,2035-10-28,203543,
2035-11-03,2035,10,43,301,2035-10-28,203543,
2035-10-31,2035,10,43,298,2035-10-28,203543,
2035-10-28,2035,10,43,295,2035-10-28,203543,
2035-11-05,2035,11,44,303,2035-11-04,203544,
2035-11-10,2035,11,44,308,2035-11-04,203544,
2035-11-09,2035,11,44,307,2035-11-04,203544,
2035-11-04,2035,11,44,302,2035-11-04,203544,
2035-11-08,2035,11,44,306,2035-11-04,203544,
2035-11-06,2035,11,44,304,2035-11-04,203544,
2035-11-07,2035,11,44,305,2035-11-04,203544,
2035-11-16,2035,11,45,314,2035-11-11,203545,
2035-11-15,2035,11,45,313,2035-11-11,203545,
2035-11-11,2035,11,45,309,2035-11-11,203545,
2035-11-17,2035,11,45,315,2035-11-11,203545,
2035-11-12,2035,11,45,310,2035-11-11,203545,
2035-11-13,2035,11,45,311,2035-11-11,203545,
2035-11-14,2035,11,45,312,2035-11-11,203545,
2035-11-24,2035,11,46,322,2035-11-18,203546,
2035-11-22,2035,11,46,320,2035-11-18,203546,
2035-11-21,2035,11,46,319,2035-11-18,203546,
2035-11-23,2035,11,46,321,2035-11-18,203546,
2035-11-20,2035,11,46,318,2035-11-18,203546,
2035-11-18,2035,11,46,316,2035-11-18,203546,
2035-11-19,2035,11,46,317,2035-11-18,203546,
2035-12-01,2035,11,47,329,2035-11-25,203547,
2035-11-29,2035,11,47,327,2035-11-25,203547,
2035-11-30,2035,11,47,328,2035-11-25,203547,
2035-11-25,2035,11,47,323,2035-11-25,203547,
2035-11-26,2035,11,47,324,2035-11-25,203547,
2035-11-27,2035,11,47,325,2035-11-25,203547,
2035-11-28,2035,11,47,326,2035-11-25,203547,
2035-12-02,2035,12,48,330,2035-12-02,203548,
2035-12-05,2035,12,48,333,2035-12-02,203548,
2035-12-03,2035,12,48,331,2035-12-02,203548,
2035-12-07,2035,12,48,335,2035-12-02,203548,
2035-12-06,2035,12,48,334,2035-12-02,203548,
2035-12-08,2035,12,48,336,2035-12-02,203548,
2035-12-04,2035,12,48,332,2035-12-02,203548,
2035-12-12,2035,12,49,340,2035-12-09,203549,
2035-12-13,2035,12,49,341,2035-12-09,203549,
2035-12-15,2035,12,49,343,2035-12-09,203549,
2035-12-10,2035,12,49,338,2035-12-09,203549,
2035-12-14,2035,12,49,342,2035-12-09,203549,
2035-12-11,2035,12,49,339,2035-12-09,203549,
2035-12-09,2035,12,49,337,2035-12-09,203549,
2035-12-21,2035,12,50,349,2035-12-16,203550,
2035-12-22,2035,12,50,350,2035-12-16,203550,
2035-12-18,2035,12,50,346,2035-12-16,203550,
2035-12-17,2035,12,50,345,2035-12-16,203550,
2035-12-16,2035,12,50,344,2035-12-16,203550,
2035-12-19,2035,12,50,347,2035-12-16,203550,
2035-12-20,2035,12,50,348,2035-12-16,203550,
2035-12-27,2035,12,51,355,2035-12-23,203551,
2035-12-23,2035,12,51,351,2035-12-23,203551,
2035-12-25,2035,12,51,353,2035-12-23,203551,
2035-12-26,2035,12,51,354,2035-12-23,203551,
2035-12-29,2035,12,51,357,2035-12-23,203551,
2035-12-28,2035,12,51,356,2035-12-23,203551,
2035-12-24,2035,12,51,352,2035-12-23,203551,
2036-01-04,2035,12,52,363,2035-12-30,203552,
2036-01-03,2035,12,52,362,2035-12-30,203552,
2036-01-02,2035,12,52,361,2035-12-30,203552,
2036-01-05,2035,12,52,364,2035-12-30,203552,
2035-12-31,2035,12,52,359,2035-12-30,203552,
2035-12-30,2035,12,52,358,2035-12-30,203552,
2036-01-01,2035,12,52,360,2035-12-30,203552,
2036-01-06,2036,1,1,1,2036-01-06,203601,
2036-01-07,2036,1,1,2,2036-01-06,203601,
2036-01-09,2036,1,1,4,2036-01-06,203601,
2036-01-08,2036,1,1,3,2036-01-06,203601,
2036-01-12,2036,1,1,7,2036-01-06,203601,
2036-01-10,2036,1,1,5,2036-01-06,203601,
2036-01-11,2036,1,1,6,2036-01-06,203601,
2036-01-18,2036,1,2,13,2036-01-13,203602,
2036-01-14,2036,1,2,9,2036-01-13,203602,
2036-01-13,2036,1,2,8,2036-01-13,203602,
2036-01-19,2036,1,2,14,2036-01-13,203602,
2036-01-15,2036,1,2,10,2036-01-13,203602,
2036-01-16,2036,1,2,11,2036-01-13,203602,
2036-01-17,2036,1,2,12,2036-01-13,203602,
2036-01-21,2036,1,3,16,2036-01-20,203603,
2036-01-23,2036,1,3,18,2036-01-20,203603,
2036-01-22,2036,1,3,17,2036-01-20,203603,
2036-01-26,2036,1,3,21,2036-01-20,203603,
2036-01-20,2036,1,3,15,2036-01-20,203603,
2036-01-24,2036,1,3,19,2036-01-20,203603,
2036-01-25,2036,1,3,20,2036-01-20,203603,
2036-01-28,2036,1,4,23,2036-01-27,203604,
2036-01-30,2036,1,4,25,2036-01-27,203604,
2036-02-01,2036,1,4,27,2036-01-27,203604,
2036-01-27,2036,1,4,22,2036-01-27,203604,
2036-02-02,2036,1,4,28,2036-01-27,203604,
2036-01-31,2036,1,4,26,2036-01-27,203604,
2036-01-29,2036,1,4,24,2036-01-27,203604,
2036-02-04,2036,2,5,30,2036-02-03,203605,
2036-02-09,2036,2,5,35,2036-02-03,203605,
2036-02-03,2036,2,5,29,2036-02-03,203605,
2036-02-08,2036,2,5,34,2036-02-03,203605,
2036-02-05,2036,2,5,31,2036-02-03,203605,
2036-02-06,2036,2,5,32,2036-02-03,203605,
2036-02-07,2036,2,5,33,2036-02-03,203605,
2036-02-16,2036,2,6,42,2036-02-10,203606,
2036-02-15,2036,2,6,41,2036-02-10,203606,
2036-02-11,2036,2,6,37,2036-02-10,203606,
2036-02-10,2036,2,6,36,2036-02-10,203606,
2036-02-12,2036,2,6,38,2036-02-10,203606,
2036-02-13,2036,2,6,39,2036-02-10,203606,
2036-02-14,2036,2,6,40,2036-02-10,203606,
2036-02-21,2036,2,7,47,2036-02-17,203607,
2036-02-17,2036,2,7,43,2036-02-17,203607,
2036-02-20,2036,2,7,46,2036-02-17,203607,
2036-02-22,2036,2,7,48,2036-02-17,203607,
2036-02-23,2036,2,7,49,2036-02-17,203607,
2036-02-19,2036,2,7,45,2036-02-17,203607,
2036-02-18,2036,2,7,44,2036-02-17,203607,
2036-02-27,2036,2,8,53,2036-02-24,203608,
2036-02-25,2036,2,8,51,2036-02-24,203608,
2036-02-24,2036,2,8,50,2036-02-24,203608,
2036-03-01,2036,2,8,56,2036-02-24,203608,
2036-02-26,2036,2,8,52,2036-02-24,203608,
2036-02-29,2036,2,8,55,2036-02-24,203608,
2036-02-28,2036,2,8,54,2036-02-24,203608,
2036-03-02,2036,3,9,57,2036-03-02,203609,
2036-03-07,2036,3,9,62,2036-03-02,203609,
2036-03-05,2036,3,9,60,2036-03-02,203609,
2036-03-03,2036,3,9,58,2036-03-02,203609,
2036-03-06,2036,3,9,61,2036-03-02,203609,
2036-03-08,2036,3,9,63,2036-03-02,203609,
2036-03-04,2036,3,9,59,2036-03-02,203609,
2036-03-13,2036,3,10,68,2036-03-09,203610,
2036-03-15,2036,3,10,70,2036-03-09,203610,
2036-03-10,2036,3,10,65,2036-03-09,203610,
2036-03-14,2036,3,10,69,2036-03-09,203610,
2036-03-09,2036,3,10,64,2036-03-09,203610,
2036-03-11,2036,3,10,66,2036-03-09,203610,
2036-03-12,2036,3,10,67,2036-03-09,203610,
2036-03-19,2036,3,11,74,2036-03-16,203611,
2036-03-17,2036,3,11,72,2036-03-16,203611,
2036-03-20,2036,3,11,75,2036-03-16,203611,
2036-03-22,2036,3,11,77,2036-03-16,203611,
2036-03-16,2036,3,11,71,2036-03-16,203611,
2036-03-21,2036,3,11,76,2036-03-16,203611,
2036-03-18,2036,3,11,73,2036-03-16,203611,
2036-03-23,2036,3,12,78,2036-03-23,203612,
2036-03-26,2036,3,12,81,2036-03-23,203612,
2036-03-24,2036,3,12,79,2036-03-23,203612,
2036-03-25,2036,3,12,80,2036-03-23,203612,
2036-03-27,2036,3,12,82,2036-03-23,203612,
2036-03-28,2036,3,12,83,2036-03-23,203612,
2036-03-29,2036,3,12,84,2036-03-23,203612,
2036-04-01,2036,3,13,87,2036-03-30,203613,
2036-04-03,2036,3,13,89,2036-03-30,203613,
2036-04-04,2036,3,13,90,2036-03-30,203613,
2036-04-02,2036,3,13,88,2036-03-30,203613,
2036-04-05,2036,3,13,91,2036-03-30,203613,
2036-03-31,2036,3,13,86,2036-03-30,203613,
2036-03-30,2036,3,13,85,2036-03-30,203613,
2036-04-12,2036,4,14,98,2036-04-06,203614,
2036-04-09,2036,4,14,95,2036-04-06,203614,
2036-04-08,2036,4,14,94,2036-04-06,203614,
2036-04-11,2036,4,14,97,2036-04-06,203614,
2036-04-06,2036,4,14,92,2036-04-06,203614,
2036-04-07,2036,4,14,93,2036-04-06,203614,
2036-04-10,2036,4,14,96,2036-04-06,203614,
2036-04-15,2036,4,15,101,2036-04-13,203615,
2036-04-16,2036,4,15,102,2036-04-13,203615,
2036-04-13,2036,4,15,99,2036-04-13,203615,
2036-04-18,2036,4,15,104,2036-04-13,203615,
2036-04-17,2036,4,15,103,2036-04-13,203615,
2036-04-19,2036,4,15,105,2036-04-13,203615,
2036-04-14,2036,4,15,100,2036-04-13,203615,
2036-04-21,2036,4,16,107,2036-04-20,203616,
2036-04-26,2036,4,16,112,2036-04-20,203616,
2036-04-24,2036,4,16,110,2036-04-20,203616,
2036-04-20,2036,4,16,106,2036-04-20,203616,
2036-04-23,2036,4,16,109,2036-04-20,203616,
2036-04-22,2036,4,16,108,2036-04-20,203616,
2036-04-25,2036,4,16,111,2036-04-20,203616,
2036-05-02,2036,4,17,118,2036-04-27,203617,
2036-05-03,2036,4,17,119,2036-04-27,203617,
2036-05-01,2036,4,17,117,2036-04-27,203617,
2036-04-28,2036,4,17,114,2036-04-27,203617,
2036-04-30,2036,4,17,116,2036-04-27,203617,
2036-04-27,2036,4,17,113,2036-04-27,203617,
2036-04-29,2036,4,17,115,2036-04-27,203617,
2036-05-05,2036,5,18,121,2036-05-04,203618,
2036-05-04,2036,5,18,120,2036-05-04,203618,
2036-05-07,2036,5,18,123,2036-05-04,203618,
2036-05-09,2036,5,18,125,2036-05-04,203618,
2036-05-10,2036,5,18,126,2036-05-04,203618,
2036-05-08,2036,5,18,124,2036-05-04,203618,
2036-05-06,2036,5,18,122,2036-05-04,203618,
2036-05-17,2036,5,19,133,2036-05-11,203619,
2036-05-16,2036,5,19,132,2036-05-11,203619,
2036-05-11,2036,5,19,127,2036-05-11,203619,
2036-05-15,2036,5,19,131,2036-05-11,203619,
2036-05-13,2036,5,19,129,2036-05-11,203619,
2036-05-12,2036,5,19,128,2036-05-11,203619,
2036-05-14,2036,5,19,130,2036-05-11,203619,
2036-05-24,2036,5,20,140,2036-05-18,203620,
2036-05-20,2036,5,20,136,2036-05-18,203620,
2036-05-23,2036,5,20,139,2036-05-18,203620,
2036-05-19,2036,5,20,135,2036-05-18,203620,
2036-05-22,2036,5,20,138,2036-05-18,203620,
2036-05-21,2036,5,20,137,2036-05-18,203620,
2036-05-18,2036,5,20,134,2036-05-18,203620,
2036-05-28,2036,5,21,144,2036-05-25,203621,
2036-05-30,2036,5,21,146,2036-05-25,203621,
2036-05-25,2036,5,21,141,2036-05-25,203621,
2036-05-29,2036,5,21,145,2036-05-25,203621,
2036-05-31,2036,5,21,147,2036-05-25,203621,
2036-05-26,2036,5,21,142,2036-05-25,203621,
2036-05-27,2036,5,21,143,2036-05-25,203621,
2036-06-03,2036,6,22,150,2036-06-01,203622,
2036-06-01,2036,6,22,148,2036-06-01,203622,
2036-06-05,2036,6,22,152,2036-06-01,203622,
2036-06-02,2036,6,22,149,2036-06-01,203622,
2036-06-04,2036,6,22,151,2036-06-01,203622,
2036-06-06,2036,6,22,153,2036-06-01,203622,
2036-06-07,2036,6,22,154,2036-06-01,203622,
2036-06-09,2036,6,23,156,2036-06-08,203623,
2036-06-13,2036,6,23,160,2036-06-08,203623,
2036-06-12,2036,6,23,159,2036-06-08,203623,
2036-06-11,2036,6,23,158,2036-06-08,203623,
2036-06-14,2036,6,23,161,2036-06-08,203623,
2036-06-08,2036,6,23,155,2036-06-08,203623,
2036-06-10,2036,6,23,157,2036-06-08,203623,
2036-06-17,2036,6,24,164,2036-06-15,203624,
2036-06-16,2036,6,24,163,2036-06-15,203624,
2036-06-21,2036,6,24,168,2036-06-15,203624,
2036-06-20,2036,6,24,167,2036-06-15,203624,
2036-06-15,2036,6,24,162,2036-06-15,203624,
2036-06-19,2036,6,24,166,2036-06-15,203624,
2036-06-18,2036,6,24,165,2036-06-15,203624,
2036-06-25,2036,6,25,172,2036-06-22,203625,
2036-06-23,2036,6,25,170,2036-06-22,203625,
2036-06-27,2036,6,25,174,2036-06-22,203625,
2036-06-28,2036,6,25,175,2036-06-22,203625,
2036-06-24,2036,6,25,171,2036-06-22,203625,
2036-06-26,2036,6,25,173,2036-06-22,203625,
2036-06-22,2036,6,25,169,2036-06-22,203625,
2036-06-30,2036,6,26,177,2036-06-29,203626,
2036-07-03,2036,6,26,180,2036-06-29,203626,
2036-07-02,2036,6,26,179,2036-06-29,203626,
2036-07-04,2036,6,26,181,2036-06-29,203626,
2036-07-05,2036,6,26,182,2036-06-29,203626,
2036-07-01,2036,6,26,178,2036-06-29,203626,
2036-06-29,2036,6,26,176,2036-06-29,203626,
2036-07-07,2036,7,27,184,2036-07-06,203627,
2036-07-09,2036,7,27,186,2036-07-06,203627,
2036-07-11,2036,7,27,188,2036-07-06,203627,
2036-07-08,2036,7,27,185,2036-07-06,203627,
2036-07-12,2036,7,27,189,2036-07-06,203627,
2036-07-10,2036,7,27,187,2036-07-06,203627,
2036-07-06,2036,7,27,183,2036-07-06,203627,
2036-07-13,2036,7,28,190,2036-07-13,203628,
2036-07-19,2036,7,28,196,2036-07-13,203628,
2036-07-15,2036,7,28,192,2036-07-13,203628,
2036-07-17,2036,7,28,194,2036-07-13,203628,
2036-07-18,2036,7,28,195,2036-07-13,203628,
2036-07-14,2036,7,28,191,2036-07-13,203628,
2036-07-16,2036,7,28,193,2036-07-13,203628,
2036-07-24,2036,7,29,201,2036-07-20,203629,
2036-07-23,2036,7,29,200,2036-07-20,203629,
2036-07-20,2036,7,29,197,2036-07-20,203629,
2036-07-22,2036,7,29,199,2036-07-20,203629,
2036-07-25,2036,7,29,202,2036-07-20,203629,
2036-07-21,2036,7,29,198,2036-07-20,203629,
2036-07-26,2036,7,29,203,2036-07-20,203629,
2036-07-27,2036,7,30,204,2036-07-27,203630,
2036-07-28,2036,7,30,205,2036-07-27,203630,
2036-07-31,2036,7,30,208,2036-07-27,203630,
2036-08-02,2036,7,30,210,2036-07-27,203630,
2036-07-30,2036,7,30,207,2036-07-27,203630,
2036-08-01,2036,7,30,209,2036-07-27,203630,
2036-07-29,2036,7,30,206,2036-07-27,203630,
2036-08-08,2036,8,31,216,2036-08-03,203631,
2036-08-07,2036,8,31,215,2036-08-03,203631,
2036-08-05,2036,8,31,213,2036-08-03,203631,
2036-08-04,2036,8,31,212,2036-08-03,203631,
2036-08-03,2036,8,31,211,2036-08-03,203631,
2036-08-09,2036,8,31,217,2036-08-03,203631,
2036-08-06,2036,8,31,214,2036-08-03,203631,
2036-08-12,2036,8,32,220,2036-08-10,203632,
2036-08-16,2036,8,32,224,2036-08-10,203632,
2036-08-15,2036,8,32,223,2036-08-10,203632,
2036-08-11,2036,8,32,219,2036-08-10,203632,
2036-08-13,2036,8,32,221,2036-08-10,203632,
2036-08-10,2036,8,32,218,2036-08-10,203632,
2036-08-14,2036,8,32,222,2036-08-10,203632,
2036-08-22,2036,8,33,230,2036-08-17,203633,
2036-08-20,2036,8,33,228,2036-08-17,203633,
2036-08-18,2036,8,33,226,2036-08-17,203633,
2036-08-17,2036,8,33,225,2036-08-17,203633,
2036-08-19,2036,8,33,227,2036-08-17,203633,
2036-08-23,2036,8,33,231,2036-08-17,203633,
2036-08-21,2036,8,33,229,2036-08-17,203633,
2036-08-29,2036,8,34,237,2036-08-24,203634,
2036-08-25,2036,8,34,233,2036-08-24,203634,
2036-08-28,2036,8,34,236,2036-08-24,203634,
2036-08-27,2036,8,34,235,2036-08-24,203634,
2036-08-26,2036,8,34,234,2036-08-24,203634,
2036-08-30,2036,8,34,238,2036-08-24,203634,
2036-08-24,2036,8,34,232,2036-08-24,203634,
2036-09-06,2036,9,35,245,2036-08-31,203635,
2036-09-04,2036,9,35,243,2036-08-31,203635,
2036-09-05,2036,9,35,244,2036-08-31,203635,
2036-09-03,2036,9,35,242,2036-08-31,203635,
2036-08-31,2036,9,35,239,2036-08-31,203635,
2036-09-01,2036,9,35,240,2036-08-31,203635,
2036-09-02,2036,9,35,241,2036-08-31,203635,
2036-09-10,2036,9,36,249,2036-09-07,203636,
2036-09-07,2036,9,36,246,2036-09-07,203636,
2036-09-08,2036,9,36,247,2036-09-07,203636,
2036-09-13,2036,9,36,252,2036-09-07,203636,
2036-09-09,2036,9,36,248,2036-09-07,203636,
2036-09-12,2036,9,36,251,2036-09-07,203636,
2036-09-11,2036,9,36,250,2036-09-07,203636,
2036-09-19,2036,9,37,258,2036-09-14,203637,
2036-09-16,2036,9,37,255,2036-09-14,203637,
2036-09-18,2036,9,37,257,2036-09-14,203637,
2036-09-17,2036,9,37,256,2036-09-14,203637,
2036-09-20,2036,9,37,259,2036-09-14,203637,
2036-09-14,2036,9,37,253,2036-09-14,203637,
2036-09-15,2036,9,37,254,2036-09-14,203637,
2036-09-27,2036,9,38,266,2036-09-21,203638,
2036-09-22,2036,9,38,261,2036-09-21,203638,
2036-09-24,2036,9,38,263,2036-09-21,203638,
2036-09-23,2036,9,38,262,2036-09-21,203638,
2036-09-26,2036,9,38,265,2036-09-21,203638,
2036-09-25,2036,9,38,264,2036-09-21,203638,
2036-09-21,2036,9,38,260,2036-09-21,203638,
2036-09-28,2036,9,39,267,2036-09-28,203639,
2036-09-30,2036,9,39,269,2036-09-28,203639,
2036-10-02,2036,9,39,271,2036-09-28,203639,
2036-10-04,2036,9,39,273,2036-09-28,203639,
2036-09-29,2036,9,39,268,2036-09-28,203639,
2036-10-01,2036,9,39,270,2036-09-28,203639,
2036-10-03,2036,9,39,272,2036-09-28,203639,
2036-10-11,2036,10,40,280,2036-10-05,203640,
2036-10-06,2036,10,40,275,2036-10-05,203640,
2036-10-05,2036,10,40,274,2036-10-05,203640,
2036-10-07,2036,10,40,276,2036-10-05,203640,
2036-10-10,2036,10,40,279,2036-10-05,203640,
2036-10-09,2036,10,40,278,2036-10-05,203640,
2036-10-08,2036,10,40,277,2036-10-05,203640,
2036-10-18,2036,10,41,287,2036-10-12,203641,
2036-10-15,2036,10,41,284,2036-10-12,203641,
2036-10-16,2036,10,41,285,2036-10-12,203641,
2036-10-12,2036,10,41,281,2036-10-12,203641,
2036-10-14,2036,10,41,283,2036-10-12,203641,
2036-10-17,2036,10,41,286,2036-10-12,203641,
2036-10-13,2036,10,41,282,2036-10-12,203641,
2036-10-20,2036,10,42,289,2036-10-19,203642,
2036-10-22,2036,10,42,291,2036-10-19,203642,
2036-10-21,2036,10,42,290,2036-10-19,203642,
2036-10-23,2036,10,42,292,2036-10-19,203642,
2036-10-19,2036,10,42,288,2036-10-19,203642,
2036-10-25,2036,10,42,294,2036-10-19,203642,
2036-10-24,2036,10,42,293,2036-10-19,203642,
2036-11-01,2036,10,43,301,2036-10-26,203643,
2036-10-27,2036,10,43,296,2036-10-26,203643,
2036-10-31,2036,10,43,300,2036-10-26,203643,
2036-10-28,2036,10,43,297,2036-10-26,203643,
2036-10-29,2036,10,43,298,2036-10-26,203643,
2036-10-26,2036,10,43,295,2036-10-26,203643,
2036-10-30,2036,10,43,299,2036-10-26,203643,
2036-11-04,2036,11,44,304,2036-11-02,203644,
2036-11-07,2036,11,44,307,2036-11-02,203644,
2036-11-08,2036,11,44,308,2036-11-02,203644,
2036-11-06,2036,11,44,306,2036-11-02,203644,
2036-11-03,2036,11,44,303,2036-11-02,203644,
2036-11-05,2036,11,44,305,2036-11-02,203644,
2036-11-02,2036,11,44,302,2036-11-02,203644,
2036-11-15,2036,11,45,315,2036-11-09,203645,
2036-11-12,2036,11,45,312,2036-11-09,203645,
2036-11-09,2036,11,45,309,2036-11-09,203645,
2036-11-11,2036,11,45,311,2036-11-09,203645,
2036-11-14,2036,11,45,314,2036-11-09,203645,
2036-11-13,2036,11,45,313,2036-11-09,203645,
2036-11-10,2036,11,45,310,2036-11-09,203645,
2036-11-22,2036,11,46,322,2036-11-16,203646,
2036-11-17,2036,11,46,317,2036-11-16,203646,
2036-11-19,2036,11,46,319,2036-11-16,203646,
2036-11-20,2036,11,46,320,2036-11-16,203646,
2036-11-21,2036,11,46,321,2036-11-16,203646,
2036-11-16,2036,11,46,316,2036-11-16,203646,
2036-11-18,2036,11,46,318,2036-11-16,203646,
2036-11-26,2036,11,47,326,2036-11-23,203647,
2036-11-27,2036,11,47,327,2036-11-23,203647,
2036-11-24,2036,11,47,324,2036-11-23,203647,
2036-11-25,2036,11,47,325,2036-11-23,203647,
2036-11-23,2036,11,47,323,2036-11-23,203647,
2036-11-29,2036,11,47,329,2036-11-23,203647,
2036-11-28,2036,11,47,328,2036-11-23,203647,
2036-12-02,2036,12,48,332,2036-11-30,203648,
2036-12-06,2036,12,48,336,2036-11-30,203648,
2036-12-03,2036,12,48,333,2036-11-30,203648,
2036-11-30,2036,12,48,330,2036-11-30,203648,
2036-12-04,2036,12,48,334,2036-11-30,203648,
2036-12-05,2036,12,48,335,2036-11-30,203648,
2036-12-01,2036,12,48,331,2036-11-30,203648,
2036-12-10,2036,12,49,340,2036-12-07,203649,
2036-12-12,2036,12,49,342,2036-12-07,203649,
2036-12-11,2036,12,49,341,2036-12-07,203649,
2036-12-13,2036,12,49,343,2036-12-07,203649,
2036-12-08,2036,12,49,338,2036-12-07,203649,
2036-12-09,2036,12,49,339,2036-12-07,203649,
2036-12-07,2036,12,49,337,2036-12-07,203649,
2036-12-18,2036,12,50,348,2036-12-14,203650,
2036-12-15,2036,12,50,345,2036-12-14,203650,
2036-12-14,2036,12,50,344,2036-12-14,203650,
2036-12-17,2036,12,50,347,2036-12-14,203650,
2036-12-20,2036,12,50,350,2036-12-14,203650,
2036-12-16,2036,12,50,346,2036-12-14,203650,
2036-12-19,2036,12,50,349,2036-12-14,203650,
2036-12-21,2036,12,51,351,2036-12-21,203651,
2036-12-27,2036,12,51,357,2036-12-21,203651,
2036-12-26,2036,12,51,356,2036-12-21,203651,
2036-12-25,2036,12,51,355,2036-12-21,203651,
2036-12-24,2036,12,51,354,2036-12-21,203651,
2036-12-23,2036,12,51,353,2036-12-21,203651,
2036-12-22,2036,12,51,352,2036-12-21,203651,
2036-12-28,2036,12,52,358,2036-12-28,203652,
2037-01-01,2036,12,52,362,2036-12-28,203652,
2037-01-03,2036,12,52,364,2036-12-28,203652,
2037-01-02,2036,12,52,363,2036-12-28,203652,
2036-12-31,2036,12,52,361,2036-12-28,203652,
2036-12-29,2036,12,52,359,2036-12-28,203652,
2036-12-30,2036,12,52,360,2036-12-28,203652,
2037-01-09,2037,1,1,6,2037-01-04,203701,
2037-01-05,2037,1,1,2,2037-01-04,203701,
2037-01-07,2037,1,1,4,2037-01-04,203701,
2037-01-10,2037,1,1,7,2037-01-04,203701,
2037-01-08,2037,1,1,5,2037-01-04,203701,
2037-01-06,2037,1,1,3,2037-01-04,203701,
2037-01-04,2037,1,1,1,2037-01-04,203701,
2037-01-14,2037,1,2,11,2037-01-11,203702,
2037-01-17,2037,1,2,14,2037-01-11,203702,
2037-01-16,2037,1,2,13,2037-01-11,203702,
2037-01-15,2037,1,2,12,2037-01-11,203702,
2037-01-11,2037,1,2,8,2037-01-11,203702,
2037-01-13,2037,1,2,10,2037-01-11,203702,
2037-01-12,2037,1,2,9,2037-01-11,203702,
2037-01-18,2037,1,3,15,2037-01-18,203703,
2037-01-24,2037,1,3,21,2037-01-18,203703,
2037-01-22,2037,1,3,19,2037-01-18,203703,
2037-01-20,2037,1,3,17,2037-01-18,203703,
2037-01-19,2037,1,3,16,2037-01-18,203703,
2037-01-21,2037,1,3,18,2037-01-18,203703,
2037-01-23,2037,1,3,20,2037-01-18,203703,
2037-01-25,2037,1,4,22,2037-01-25,203704,
2037-01-30,2037,1,4,27,2037-01-25,203704,
2037-01-28,2037,1,4,25,2037-01-25,203704,
2037-01-26,2037,1,4,23,2037-01-25,203704,
2037-01-29,2037,1,4,26,2037-01-25,203704,
2037-01-27,2037,1,4,24,2037-01-25,203704,
2037-01-31,2037,1,4,28,2037-01-25,203704,
2037-02-06,2037,2,5,34,2037-02-01,203705,
2037-02-04,2037,2,5,32,2037-02-01,203705,
2037-02-07,2037,2,5,35,2037-02-01,203705,
2037-02-01,2037,2,5,29,2037-02-01,203705,
2037-02-03,2037,2,5,31,2037-02-01,203705,
2037-02-02,2037,2,5,30,2037-02-01,203705,
2037-02-05,2037,2,5,33,2037-02-01,203705,
2037-02-11,2037,2,6,39,2037-02-08,203706,
2037-02-12,2037,2,6,40,2037-02-08,203706,
2037-02-14,2037,2,6,42,2037-02-08,203706,
2037-02-10,2037,2,6,38,2037-02-08,203706,
2037-02-09,2037,2,6,37,2037-02-08,203706,
2037-02-08,2037,2,6,36,2037-02-08,203706,
2037-02-13,2037,2,6,41,2037-02-08,203706,
2037-02-15,2037,2,7,43,2037-02-15,203707,
2037-02-18,2037,2,7,46,2037-02-15,203707,
2037-02-20,2037,2,7,48,2037-02-15,203707,
2037-02-16,2037,2,7,44,2037-02-15,203707,
2037-02-21,2037,2,7,49,2037-02-15,203707,
2037-02-17,2037,2,7,45,2037-02-15,203707,
2037-02-19,2037,2,7,47,2037-02-15,203707,
2037-02-25,2037,2,8,53,2037-02-22,203708,
2037-02-27,2037,2,8,55,2037-02-22,203708,
2037-02-23,2037,2,8,51,2037-02-22,203708,
2037-02-24,2037,2,8,52,2037-02-22,203708,
2037-02-22,2037,2,8,50,2037-02-22,203708,
2037-02-26,2037,2,8,54,2037-02-22,203708,
2037-02-28,2037,2,8,56,2037-02-22,203708,
2037-03-06,2037,3,9,62,2037-03-01,203709,
2037-03-03,2037,3,9,59,2037-03-01,203709,
2037-03-02,2037,3,9,58,2037-03-01,203709,
2037-03-04,2037,3,9,60,2037-03-01,203709,
2037-03-05,2037,3,9,61,2037-03-01,203709,
2037-03-01,2037,3,9,57,2037-03-01,203709,
2037-03-07,2037,3,9,63,2037-03-01,203709,
2037-03-11,2037,3,10,67,2037-03-08,203710,
2037-03-12,2037,3,10,68,2037-03-08,203710,
2037-03-08,2037,3,10,64,2037-03-08,203710,
2037-03-10,2037,3,10,66,2037-03-08,203710,
2037-03-14,2037,3,10,70,2037-03-08,203710,
2037-03-09,2037,3,10,65,2037-03-08,203710,
2037-03-13,2037,3,10,69,2037-03-08,203710,
2037-03-17,2037,3,11,73,2037-03-15,203711,
2037-03-15,2037,3,11,71,2037-03-15,203711,
2037-03-18,2037,3,11,74,2037-03-15,203711,
2037-03-20,2037,3,11,76,2037-03-15,203711,
2037-03-21,2037,3,11,77,2037-03-15,203711,
2037-03-19,2037,3,11,75,2037-03-15,203711,
2037-03-16,2037,3,11,72,2037-03-15,203711,
2037-03-26,2037,3,12,82,2037-03-22,203712,
2037-03-27,2037,3,12,83,2037-03-22,203712,
2037-03-25,2037,3,12,81,2037-03-22,203712,
2037-03-23,2037,3,12,79,2037-03-22,203712,
2037-03-24,2037,3,12,80,2037-03-22,203712,
2037-03-28,2037,3,12,84,2037-03-22,203712,
2037-03-22,2037,3,12,78,2037-03-22,203712,
2037-04-02,2037,3,13,89,2037-03-29,203713,
2037-04-03,2037,3,13,90,2037-03-29,203713,
2037-03-30,2037,3,13,86,2037-03-29,203713,
2037-03-29,2037,3,13,85,2037-03-29,203713,
2037-04-04,2037,3,13,91,2037-03-29,203713,
2037-03-31,2037,3,13,87,2037-03-29,203713,
2037-04-01,2037,3,13,88,2037-03-29,203713,
2037-04-06,2037,4,14,93,2037-04-05,203714,
2037-04-10,2037,4,14,97,2037-04-05,203714,
2037-04-08,2037,4,14,95,2037-04-05,203714,
2037-04-07,2037,4,14,94,2037-04-05,203714,
2037-04-05,2037,4,14,92,2037-04-05,203714,
2037-04-11,2037,4,14,98,2037-04-05,203714,
2037-04-09,2037,4,14,96,2037-04-05,203714,
2037-04-18,2037,4,15,105,2037-04-12,203715,
2037-04-13,2037,4,15,100,2037-04-12,203715,
2037-04-17,2037,4,15,104,2037-04-12,203715,
2037-04-15,2037,4,15,102,2037-04-12,203715,
2037-04-16,2037,4,15,103,2037-04-12,203715,
2037-04-12,2037,4,15,99,2037-04-12,203715,
2037-04-14,2037,4,15,101,2037-04-12,203715,
2037-04-20,2037,4,16,107,2037-04-19,203716,
2037-04-25,2037,4,16,112,2037-04-19,203716,
2037-04-22,2037,4,16,109,2037-04-19,203716,
2037-04-21,2037,4,16,108,2037-04-19,203716,
2037-04-23,2037,4,16,110,2037-04-19,203716,
2037-04-19,2037,4,16,106,2037-04-19,203716,
2037-04-24,2037,4,16,111,2037-04-19,203716,
2037-05-02,2037,4,17,119,2037-04-26,203717,
2037-04-29,2037,4,17,116,2037-04-26,203717,
2037-04-27,2037,4,17,114,2037-04-26,203717,
2037-05-01,2037,4,17,118,2037-04-26,203717,
2037-04-30,2037,4,17,117,2037-04-26,203717,
2037-04-26,2037,4,17,113,2037-04-26,203717,
2037-04-28,2037,4,17,115,2037-04-26,203717,
2037-05-08,2037,5,18,125,2037-05-03,203718,
2037-05-06,2037,5,18,123,2037-05-03,203718,
2037-05-05,2037,5,18,122,2037-05-03,203718,
2037-05-09,2037,5,18,126,2037-05-03,203718,
2037-05-03,2037,5,18,120,2037-05-03,203718,
2037-05-07,2037,5,18,124,2037-05-03,203718,
2037-05-04,2037,5,18,121,2037-05-03,203718,
2037-05-16,2037,5,19,133,2037-05-10,203719,
2037-05-14,2037,5,19,131,2037-05-10,203719,
2037-05-13,2037,5,19,130,2037-05-10,203719,
2037-05-11,2037,5,19,128,2037-05-10,203719,
2037-05-10,2037,5,19,127,2037-05-10,203719,
2037-05-12,2037,5,19,129,2037-05-10,203719,
2037-05-15,2037,5,19,132,2037-05-10,203719,
2037-05-17,2037,5,20,134,2037-05-17,203720,
2037-05-23,2037,5,20,140,2037-05-17,203720,
2037-05-19,2037,5,20,136,2037-05-17,203720,
2037-05-18,2037,5,20,135,2037-05-17,203720,
2037-05-20,2037,5,20,137,2037-05-17,203720,
2037-05-22,2037,5,20,139,2037-05-17,203720,
2037-05-21,2037,5,20,138,2037-05-17,203720,
2037-05-26,2037,5,21,143,2037-05-24,203721,
2037-05-24,2037,5,21,141,2037-05-24,203721,
2037-05-25,2037,5,21,142,2037-05-24,203721,
2037-05-27,2037,5,21,144,2037-05-24,203721,
2037-05-29,2037,5,21,146,2037-05-24,203721,
2037-05-28,2037,5,21,145,2037-05-24,203721,
2037-05-30,2037,5,21,147,2037-05-24,203721,
2037-06-05,2037,6,22,153,2037-05-31,203722,
2037-06-04,2037,6,22,152,2037-05-31,203722,
2037-06-03,2037,6,22,151,2037-05-31,203722,
2037-06-06,2037,6,22,154,2037-05-31,203722,
2037-06-01,2037,6,22,149,2037-05-31,203722,
2037-05-31,2037,6,22,148,2037-05-31,203722,
2037-06-02,2037,6,22,150,2037-05-31,203722,
2037-06-08,2037,6,23,156,2037-06-07,203723,
2037-06-09,2037,6,23,157,2037-06-07,203723,
2037-06-11,2037,6,23,159,2037-06-07,203723,
2037-06-12,2037,6,23,160,2037-06-07,203723,
2037-06-13,2037,6,23,161,2037-06-07,203723,
2037-06-10,2037,6,23,158,2037-06-07,203723,
2037-06-07,2037,6,23,155,2037-06-07,203723,
2037-06-16,2037,6,24,164,2037-06-14,203724,
2037-06-14,2037,6,24,162,2037-06-14,203724,
2037-06-19,2037,6,24,167,2037-06-14,203724,
2037-06-17,2037,6,24,165,2037-06-14,203724,
2037-06-20,2037,6,24,168,2037-06-14,203724,
2037-06-18,2037,6,24,166,2037-06-14,203724,
2037-06-15,2037,6,24,163,2037-06-14,203724,
2037-06-24,2037,6,25,172,2037-06-21,203725,
2037-06-21,2037,6,25,169,2037-06-21,203725,
2037-06-27,2037,6,25,175,2037-06-21,203725,
2037-06-23,2037,6,25,171,2037-06-21,203725,
2037-06-25,2037,6,25,173,2037-06-21,203725,
2037-06-22,2037,6,25,170,2037-06-21,203725,
2037-06-26,2037,6,25,174,2037-06-21,203725,
2037-07-02,2037,6,26,180,2037-06-28,203726,
2037-06-29,2037,6,26,177,2037-06-28,203726,
2037-07-03,2037,6,26,181,2037-06-28,203726,
2037-06-28,2037,6,26,176,2037-06-28,203726,
2037-07-04,2037,6,26,182,2037-06-28,203726,
2037-06-30,2037,6,26,178,2037-06-28,203726,
2037-07-01,2037,6,26,179,2037-06-28,203726,
2037-07-05,2037,7,27,183,2037-07-05,203727,
2037-07-08,2037,7,27,186,2037-07-05,203727,
2037-07-07,2037,7,27,185,2037-07-05,203727,
2037-07-11,2037,7,27,189,2037-07-05,203727,
2037-07-09,2037,7,27,187,2037-07-05,203727,
2037-07-10,2037,7,27,188,2037-07-05,203727,
2037-07-06,2037,7,27,184,2037-07-05,203727,
2037-07-12,2037,7,28,190,2037-07-12,203728,
2037-07-13,2037,7,28,191,2037-07-12,203728,
2037-07-14,2037,7,28,192,2037-07-12,203728,
2037-07-15,2037,7,28,193,2037-07-12,203728,
2037-07-18,2037,7,28,196,2037-07-12,203728,
2037-07-16,2037,7,28,194,2037-07-12,203728,
2037-07-17,2037,7,28,195,2037-07-12,203728,
2037-07-23,2037,7,29,201,2037-07-19,203729,
2037-07-22,2037,7,29,200,2037-07-19,203729,
2037-07-21,2037,7,29,199,2037-07-19,203729,
2037-07-25,2037,7,29,203,2037-07-19,203729,
2037-07-24,2037,7,29,202,2037-07-19,203729,
2037-07-20,2037,7,29,198,2037-07-19,203729,
2037-07-19,2037,7,29,197,2037-07-19,203729,
2037-08-01,2037,7,30,210,2037-07-26,203730,
2037-07-28,2037,7,30,206,2037-07-26,203730,
2037-07-29,2037,7,30,207,2037-07-26,203730,
2037-07-31,2037,7,30,209,2037-07-26,203730,
2037-07-26,2037,7,30,204,2037-07-26,203730,
2037-07-30,2037,7,30,208,2037-07-26,203730,
2037-07-27,2037,7,30,205,2037-07-26,203730,
2037-08-06,2037,8,31,215,2037-08-02,203731,
2037-08-04,2037,8,31,213,2037-08-02,203731,
2037-08-03,2037,8,31,212,2037-08-02,203731,
2037-08-08,2037,8,31,217,2037-08-02,203731,
2037-08-02,2037,8,31,211,2037-08-02,203731,
2037-08-05,2037,8,31,214,2037-08-02,203731,
2037-08-07,2037,8,31,216,2037-08-02,203731,
2037-08-09,2037,8,32,218,2037-08-09,203732,
2037-08-11,2037,8,32,220,2037-08-09,203732,
2037-08-10,2037,8,32,219,2037-08-09,203732,
2037-08-15,2037,8,32,224,2037-08-09,203732,
2037-08-14,2037,8,32,223,2037-08-09,203732,
2037-08-13,2037,8,32,222,2037-08-09,203732,
2037-08-12,2037,8,32,221,2037-08-09,203732,
2037-08-18,2037,8,33,227,2037-08-16,203733,
2037-08-21,2037,8,33,230,2037-08-16,203733,
2037-08-20,2037,8,33,229,2037-08-16,203733,
2037-08-17,2037,8,33,226,2037-08-16,203733,
2037-08-19,2037,8,33,228,2037-08-16,203733,
2037-08-22,2037,8,33,231,2037-08-16,203733,
2037-08-16,2037,8,33,225,2037-08-16,203733,
2037-08-23,2037,8,34,232,2037-08-23,203734,
2037-08-29,2037,8,34,238,2037-08-23,203734,
2037-08-24,2037,8,34,233,2037-08-23,203734,
2037-08-27,2037,8,34,236,2037-08-23,203734,
2037-08-25,2037,8,34,234,2037-08-23,203734,
2037-08-26,2037,8,34,235,2037-08-23,203734,
2037-08-28,2037,8,34,237,2037-08-23,203734,
2037-09-03,2037,9,35,243,2037-08-30,203735,
2037-08-31,2037,9,35,240,2037-08-30,203735,
2037-09-05,2037,9,35,245,2037-08-30,203735,
2037-08-30,2037,9,35,239,2037-08-30,203735,
2037-09-01,2037,9,35,241,2037-08-30,203735,
2037-09-04,2037,9,35,244,2037-08-30,203735,
2037-09-02,2037,9,35,242,2037-08-30,203735,
2037-09-10,2037,9,36,250,2037-09-06,203736,
2037-09-07,2037,9,36,247,2037-09-06,203736,
2037-09-06,2037,9,36,246,2037-09-06,203736,
2037-09-09,2037,9,36,249,2037-09-06,203736,
2037-09-11,2037,9,36,251,2037-09-06,203736,
2037-09-08,2037,9,36,248,2037-09-06,203736,
2037-09-12,2037,9,36,252,2037-09-06,203736,
2037-09-16,2037,9,37,256,2037-09-13,203737,
2037-09-14,2037,9,37,254,2037-09-13,203737,
2037-09-15,2037,9,37,255,2037-09-13,203737,
2037-09-19,2037,9,37,259,2037-09-13,203737,
2037-09-17,2037,9,37,257,2037-09-13,203737,
2037-09-13,2037,9,37,253,2037-09-13,203737,
2037-09-18,2037,9,37,258,2037-09-13,203737,
2037-09-20,2037,9,38,260,2037-09-20,203738,
2037-09-25,2037,9,38,265,2037-09-20,203738,
2037-09-21,2037,9,38,261,2037-09-20,203738,
2037-09-26,2037,9,38,266,2037-09-20,203738,
2037-09-24,2037,9,38,264,2037-09-20,203738,
2037-09-23,2037,9,38,263,2037-09-20,203738,
2037-09-22,2037,9,38,262,2037-09-20,203738,
2037-09-29,2037,9,39,269,2037-09-27,203739,
2037-09-27,2037,9,39,267,2037-09-27,203739,
2037-10-03,2037,9,39,273,2037-09-27,203739,
2037-09-30,2037,9,39,270,2037-09-27,203739,
2037-10-01,2037,9,39,271,2037-09-27,203739,
2037-10-02,2037,9,39,272,2037-09-27,203739,
2037-09-28,2037,9,39,268,2037-09-27,203739,
2037-10-07,2037,10,40,277,2037-10-04,203740,
2037-10-04,2037,10,40,274,2037-10-04,203740,
2037-10-06,2037,10,40,276,2037-10-04,203740,
2037-10-05,2037,10,40,275,2037-10-04,203740,
2037-10-08,2037,10,40,278,2037-10-04,203740,
2037-10-09,2037,10,40,279,2037-10-04,203740,
2037-10-10,2037,10,40,280,2037-10-04,203740,
2037-10-15,2037,10,41,285,2037-10-11,203741,
2037-10-12,2037,10,41,282,2037-10-11,203741,
2037-10-13,2037,10,41,283,2037-10-11,203741,
2037-10-11,2037,10,41,281,2037-10-11,203741,
2037-10-16,2037,10,41,286,2037-10-11,203741,
2037-10-14,2037,10,41,284,2037-10-11,203741,
2037-10-17,2037,10,41,287,2037-10-11,203741,
2037-10-22,2037,10,42,292,2037-10-18,203742,
2037-10-18,2037,10,42,288,2037-10-18,203742,
2037-10-23,2037,10,42,293,2037-10-18,203742,
2037-10-19,2037,10,42,289,2037-10-18,203742,
2037-10-24,2037,10,42,294,2037-10-18,203742,
2037-10-20,2037,10,42,290,2037-10-18,203742,
2037-10-21,2037,10,42,291,2037-10-18,203742,
2037-10-29,2037,10,43,299,2037-10-25,203743,
2037-10-31,2037,10,43,301,2037-10-25,203743,
2037-10-26,2037,10,43,296,2037-10-25,203743,
2037-10-28,2037,10,43,298,2037-10-25,203743,
2037-10-27,2037,10,43,297,2037-10-25,203743,
2037-10-25,2037,10,43,295,2037-10-25,203743,
2037-10-30,2037,10,43,300,2037-10-25,203743,
2037-11-03,2037,11,44,304,2037-11-01,203744,
2037-11-06,2037,11,44,307,2037-11-01,203744,
2037-11-01,2037,11,44,302,2037-11-01,203744,
2037-11-02,2037,11,44,303,2037-11-01,203744,
2037-11-04,2037,11,44,305,2037-11-01,203744,
2037-11-05,2037,11,44,306,2037-11-01,203744,
2037-11-07,2037,11,44,308,2037-11-01,203744,
2037-11-11,2037,11,45,312,2037-11-08,203745,
2037-11-14,2037,11,45,315,2037-11-08,203745,
2037-11-12,2037,11,45,313,2037-11-08,203745,
2037-11-09,2037,11,45,310,2037-11-08,203745,
2037-11-13,2037,11,45,314,2037-11-08,203745,
2037-11-10,2037,11,45,311,2037-11-08,203745,
2037-11-08,2037,11,45,309,2037-11-08,203745,
2037-11-20,2037,11,46,321,2037-11-15,203746,
2037-11-16,2037,11,46,317,2037-11-15,203746,
2037-11-15,2037,11,46,316,2037-11-15,203746,
2037-11-19,2037,11,46,320,2037-11-15,203746,
2037-11-21,2037,11,46,322,2037-11-15,203746,
2037-11-18,2037,11,46,319,2037-11-15,203746,
2037-11-17,2037,11,46,318,2037-11-15,203746,
2037-11-28,2037,11,47,329,2037-11-22,203747,
2037-11-26,2037,11,47,327,2037-11-22,203747,
2037-11-23,2037,11,47,324,2037-11-22,203747,
2037-11-25,2037,11,47,326,2037-11-22,203747,
2037-11-27,2037,11,47,328,2037-11-22,203747,
2037-11-22,2037,11,47,323,2037-11-22,203747,
2037-11-24,2037,11,47,325,2037-11-22,203747,
2037-12-05,2037,12,48,336,2037-11-29,203748,
2037-12-04,2037,12,48,335,2037-11-29,203748,
2037-12-02,2037,12,48,333,2037-11-29,203748,
2037-12-01,2037,12,48,332,2037-11-29,203748,
2037-11-29,2037,12,48,330,2037-11-29,203748,
2037-12-03,2037,12,48,334,2037-11-29,203748,
2037-11-30,2037,12,48,331,2037-11-29,203748,
2037-12-06,2037,12,49,337,2037-12-06,203749,
2037-12-08,2037,12,49,339,2037-12-06,203749,
2037-12-07,2037,12,49,338,2037-12-06,203749,
2037-12-09,2037,12,49,340,2037-12-06,203749,
2037-12-10,2037,12,49,341,2037-12-06,203749,
2037-12-11,2037,12,49,342,2037-12-06,203749,
2037-12-12,2037,12,49,343,2037-12-06,203749,
2037-12-18,2037,12,50,349,2037-12-13,203750,
2037-12-15,2037,12,50,346,2037-12-13,203750,
2037-12-14,2037,12,50,345,2037-12-13,203750,
2037-12-17,2037,12,50,348,2037-12-13,203750,
2037-12-13,2037,12,50,344,2037-12-13,203750,
2037-12-19,2037,12,50,350,2037-12-13,203750,
2037-12-16,2037,12,50,347,2037-12-13,203750,
2037-12-21,2037,12,51,352,2037-12-20,203751,
2037-12-22,2037,12,51,353,2037-12-20,203751,
2037-12-25,2037,12,51,356,2037-12-20,203751,
2037-12-24,2037,12,51,355,2037-12-20,203751,
2037-12-23,2037,12,51,354,2037-12-20,203751,
2037-12-20,2037,12,51,351,2037-12-20,203751,
2037-12-26,2037,12,51,357,2037-12-20,203751,
2037-12-28,2037,12,52,359,2037-12-27,203752,
2037-12-31,2037,12,52,362,2037-12-27,203752,
2038-01-02,2037,12,52,364,2037-12-27,203752,
2037-12-27,2037,12,52,358,2037-12-27,203752,
2037-12-30,2037,12,52,361,2037-12-27,203752,
2038-01-01,2037,12,52,363,2037-12-27,203752,
2037-12-29,2037,12,52,360,2037-12-27,203752,
2038-01-03,2038,1,1,1,2038-01-03,203801,
2038-01-09,2038,1,1,7,2038-01-03,203801,
2038-01-06,2038,1,1,4,2038-01-03,203801,
2038-01-04,2038,1,1,2,2038-01-03,203801,
2038-01-05,2038,1,1,3,2038-01-03,203801,
2038-01-07,2038,1,1,5,2038-01-03,203801,
2038-01-08,2038,1,1,6,2038-01-03,203801,
2038-01-16,2038,1,2,14,2038-01-10,203802,
2038-01-13,2038,1,2,11,2038-01-10,203802,
2038-01-15,2038,1,2,13,2038-01-10,203802,
2038-01-14,2038,1,2,12,2038-01-10,203802,
2038-01-10,2038,1,2,8,2038-01-10,203802,
2038-01-12,2038,1,2,10,2038-01-10,203802,
2038-01-11,2038,1,2,9,2038-01-10,203802,
2038-01-17,2038,1,3,15,2038-01-17,203803,
2038-01-18,2038,1,3,16,2038-01-17,203803,
2038-01-20,2038,1,3,18,2038-01-17,203803,
2038-01-22,2038,1,3,20,2038-01-17,203803,
2038-01-21,2038,1,3,19,2038-01-17,203803,
2038-01-19,2038,1,3,17,2038-01-17,203803,
2038-01-23,2038,1,3,21,2038-01-17,203803,
2038-01-27,2038,1,4,25,2038-01-24,203804,
2038-01-26,2038,1,4,24,2038-01-24,203804,
2038-01-29,2038,1,4,27,2038-01-24,203804,
2038-01-28,2038,1,4,26,2038-01-24,203804,
2038-01-30,2038,1,4,28,2038-01-24,203804,
2038-01-24,2038,1,4,22,2038-01-24,203804,
2038-01-25,2038,1,4,23,2038-01-24,203804,
2038-01-31,2038,2,5,29,2038-01-31,203805,
2038-02-06,2038,2,5,35,2038-01-31,203805,
2038-02-01,2038,2,5,30,2038-01-31,203805,
2038-02-04,2038,2,5,33,2038-01-31,203805,
2038-02-02,2038,2,5,31,2038-01-31,203805,
2038-02-05,2038,2,5,34,2038-01-31,203805,
2038-02-03,2038,2,5,32,2038-01-31,203805,
2038-02-09,2038,2,6,38,2038-02-07,203806,
2038-02-10,2038,2,6,39,2038-02-07,203806,
2038-02-08,2038,2,6,37,2038-02-07,203806,
2038-02-13,2038,2,6,42,2038-02-07,203806,
2038-02-11,2038,2,6,40,2038-02-07,203806,
2038-02-07,2038,2,6,36,2038-02-07,203806,
2038-02-12,2038,2,6,41,2038-02-07,203806,
2038-02-18,2038,2,7,47,2038-02-14,203807,
2038-02-17,2038,2,7,46,2038-02-14,203807,
2038-02-19,2038,2,7,48,2038-02-14,203807,
2038-02-16,2038,2,7,45,2038-02-14,203807,
2038-02-20,2038,2,7,49,2038-02-14,203807,
2038-02-14,2038,2,7,43,2038-02-14,203807,
2038-02-15,2038,2,7,44,2038-02-14,203807,
2038-02-21,2038,2,8,50,2038-02-21,203808,
2038-02-22,2038,2,8,51,2038-02-21,203808,
2038-02-25,2038,2,8,54,2038-02-21,203808,
2038-02-26,2038,2,8,55,2038-02-21,203808,
2038-02-23,2038,2,8,52,2038-02-21,203808,
2038-02-27,2038,2,8,56,2038-02-21,203808,
2038-02-24,2038,2,8,53,2038-02-21,203808,
2038-03-03,2038,3,9,60,2038-02-28,203809,
2038-03-01,2038,3,9,58,2038-02-28,203809,
2038-03-02,2038,3,9,59,2038-02-28,203809,
2038-03-06,2038,3,9,63,2038-02-28,203809,
2038-03-04,2038,3,9,61,2038-02-28,203809,
2038-03-05,2038,3,9,62,2038-02-28,203809,
2038-02-28,2038,3,9,57,2038-02-28,203809,
2038-03-11,2038,3,10,68,2038-03-07,203810,
2038-03-10,2038,3,10,67,2038-03-07,203810,
2038-03-07,2038,3,10,64,2038-03-07,203810,
2038-03-13,2038,3,10,70,2038-03-07,203810,
2038-03-09,2038,3,10,66,2038-03-07,203810,
2038-03-08,2038,3,10,65,2038-03-07,203810,
2038-03-12,2038,3,10,69,2038-03-07,203810,
2038-03-17,2038,3,11,74,2038-03-14,203811,
2038-03-15,2038,3,11,72,2038-03-14,203811,
2038-03-19,2038,3,11,76,2038-03-14,203811,
2038-03-20,2038,3,11,77,2038-03-14,203811,
2038-03-14,2038,3,11,71,2038-03-14,203811,
2038-03-16,2038,3,11,73,2038-03-14,203811,
2038-03-18,2038,3,11,75,2038-03-14,203811,
2038-03-25,2038,3,12,82,2038-03-21,203812,
2038-03-27,2038,3,12,84,2038-03-21,203812,
2038-03-24,2038,3,12,81,2038-03-21,203812,
2038-03-26,2038,3,12,83,2038-03-21,203812,
2038-03-22,2038,3,12,79,2038-03-21,203812,
2038-03-21,2038,3,12,78,2038-03-21,203812,
2038-03-23,2038,3,12,80,2038-03-21,203812,
2038-04-01,2038,3,13,89,2038-03-28,203813,
2038-04-02,2038,3,13,90,2038-03-28,203813,
2038-03-30,2038,3,13,87,2038-03-28,203813,
2038-03-29,2038,3,13,86,2038-03-28,203813,
2038-03-31,2038,3,13,88,2038-03-28,203813,
2038-03-28,2038,3,13,85,2038-03-28,203813,
2038-04-03,2038,3,13,91,2038-03-28,203813,
2038-04-05,2038,4,14,93,2038-04-04,203814,
2038-04-08,2038,4,14,96,2038-04-04,203814,
2038-04-09,2038,4,14,97,2038-04-04,203814,
2038-04-10,2038,4,14,98,2038-04-04,203814,
2038-04-04,2038,4,14,92,2038-04-04,203814,
2038-04-06,2038,4,14,94,2038-04-04,203814,
2038-04-07,2038,4,14,95,2038-04-04,203814,
2038-04-15,2038,4,15,103,2038-04-11,203815,
2038-04-12,2038,4,15,100,2038-04-11,203815,
2038-04-16,2038,4,15,104,2038-04-11,203815,
2038-04-11,2038,4,15,99,2038-04-11,203815,
2038-04-17,2038,4,15,105,2038-04-11,203815,
2038-04-14,2038,4,15,102,2038-04-11,203815,
2038-04-13,2038,4,15,101,2038-04-11,203815,
2038-04-22,2038,4,16,110,2038-04-18,203816,
2038-04-23,2038,4,16,111,2038-04-18,203816,
2038-04-21,2038,4,16,109,2038-04-18,203816,
2038-04-20,2038,4,16,108,2038-04-18,203816,
2038-04-24,2038,4,16,112,2038-04-18,203816,
2038-04-18,2038,4,16,106,2038-04-18,203816,
2038-04-19,2038,4,16,107,2038-04-18,203816,
2038-04-26,2038,4,17,114,2038-04-25,203817,
2038-04-27,2038,4,17,115,2038-04-25,203817,
2038-04-30,2038,4,17,118,2038-04-25,203817,
2038-04-29,2038,4,17,117,2038-04-25,203817,
2038-05-01,2038,4,17,119,2038-04-25,203817,
2038-04-28,2038,4,17,116,2038-04-25,203817,
2038-04-25,2038,4,17,113,2038-04-25,203817,
2038-05-02,2038,5,18,120,2038-05-02,203818,
2038-05-05,2038,5,18,123,2038-05-02,203818,
2038-05-06,2038,5,18,124,2038-05-02,203818,
2038-05-08,2038,5,18,126,2038-05-02,203818,
2038-05-03,2038,5,18,121,2038-05-02,203818,
2038-05-04,2038,5,18,122,2038-05-02,203818,
2038-05-07,2038,5,18,125,2038-05-02,203818,
2038-05-09,2038,5,19,127,2038-05-09,203819,
2038-05-11,2038,5,19,129,2038-05-09,203819,
2038-05-13,2038,5,19,131,2038-05-09,203819,
2038-05-15,2038,5,19,133,2038-05-09,203819,
2038-05-10,2038,5,19,128,2038-05-09,203819,
2038-05-12,2038,5,19,130,2038-05-09,203819,
2038-05-14,2038,5,19,132,2038-05-09,203819,
2038-05-21,2038,5,20,139,2038-05-16,203820,
2038-05-16,2038,5,20,134,2038-05-16,203820,
2038-05-19,2038,5,20,137,2038-05-16,203820,
2038-05-22,2038,5,20,140,2038-05-16,203820,
2038-05-20,2038,5,20,138,2038-05-16,203820,
2038-05-17,2038,5,20,135,2038-05-16,203820,
2038-05-18,2038,5,20,136,2038-05-16,203820,
2038-05-28,2038,5,21,146,2038-05-23,203821,
2038-05-26,2038,5,21,144,2038-05-23,203821,
2038-05-27,2038,5,21,145,2038-05-23,203821,
2038-05-24,2038,5,21,142,2038-05-23,203821,
2038-05-23,2038,5,21,141,2038-05-23,203821,
2038-05-29,2038,5,21,147,2038-05-23,203821,
2038-05-25,2038,5,21,143,2038-05-23,203821,
2038-05-30,2038,6,22,148,2038-05-30,203822,
2038-06-03,2038,6,22,152,2038-05-30,203822,
2038-05-31,2038,6,22,149,2038-05-30,203822,
2038-06-02,2038,6,22,151,2038-05-30,203822,
2038-06-04,2038,6,22,153,2038-05-30,203822,
2038-06-01,2038,6,22,150,2038-05-30,203822,
2038-06-05,2038,6,22,154,2038-05-30,203822,
2038-06-07,2038,6,23,156,2038-06-06,203823,
2038-06-12,2038,6,23,161,2038-06-06,203823,
2038-06-08,2038,6,23,157,2038-06-06,203823,
2038-06-09,2038,6,23,158,2038-06-06,203823,
2038-06-10,2038,6,23,159,2038-06-06,203823,
2038-06-11,2038,6,23,160,2038-06-06,203823,
2038-06-06,2038,6,23,155,2038-06-06,203823,
2038-06-14,2038,6,24,163,2038-06-13,203824,
2038-06-18,2038,6,24,167,2038-06-13,203824,
2038-06-16,2038,6,24,165,2038-06-13,203824,
2038-06-17,2038,6,24,166,2038-06-13,203824,
2038-06-15,2038,6,24,164,2038-06-13,203824,
2038-06-13,2038,6,24,162,2038-06-13,203824,
2038-06-19,2038,6,24,168,2038-06-13,203824,
2038-06-21,2038,6,25,170,2038-06-20,203825,
2038-06-26,2038,6,25,175,2038-06-20,203825,
2038-06-23,2038,6,25,172,2038-06-20,203825,
2038-06-25,2038,6,25,174,2038-06-20,203825,
2038-06-24,2038,6,25,173,2038-06-20,203825,
2038-06-20,2038,6,25,169,2038-06-20,203825,
2038-06-22,2038,6,25,171,2038-06-20,203825,
2038-06-27,2038,6,26,176,2038-06-27,203826,
2038-07-03,2038,6,26,182,2038-06-27,203826,
2038-06-28,2038,6,26,177,2038-06-27,203826,
2038-06-30,2038,6,26,179,2038-06-27,203826,
2038-07-01,2038,6,26,180,2038-06-27,203826,
2038-06-29,2038,6,26,178,2038-06-27,203826,
2038-07-02,2038,6,26,181,2038-06-27,203826,
2038-07-07,2038,7,27,186,2038-07-04,203827,
2038-07-10,2038,7,27,189,2038-07-04,203827,
2038-07-06,2038,7,27,185,2038-07-04,203827,
2038-07-05,2038,7,27,184,2038-07-04,203827,
2038-07-08,2038,7,27,187,2038-07-04,203827,
2038-07-09,2038,7,27,188,2038-07-04,203827,
2038-07-04,2038,7,27,183,2038-07-04,203827,
2038-07-15,2038,7,28,194,2038-07-11,203828,
2038-07-14,2038,7,28,193,2038-07-11,203828,
2038-07-13,2038,7,28,192,2038-07-11,203828,
2038-07-16,2038,7,28,195,2038-07-11,203828,
2038-07-12,2038,7,28,191,2038-07-11,203828,
2038-07-11,2038,7,28,190,2038-07-11,203828,
2038-07-17,2038,7,28,196,2038-07-11,203828,
2038-07-20,2038,7,29,199,2038-07-18,203829,
2038-07-18,2038,7,29,197,2038-07-18,203829,
2038-07-24,2038,7,29,203,2038-07-18,203829,
2038-07-22,2038,7,29,201,2038-07-18,203829,
2038-07-23,2038,7,29,202,2038-07-18,203829,
2038-07-21,2038,7,29,200,2038-07-18,203829,
2038-07-19,2038,7,29,198,2038-07-18,203829,
2038-07-25,2038,7,30,204,2038-07-25,203830,
2038-07-30,2038,7,30,209,2038-07-25,203830,
2038-07-29,2038,7,30,208,2038-07-25,203830,
2038-07-27,2038,7,30,206,2038-07-25,203830,
2038-07-31,2038,7,30,210,2038-07-25,203830,
2038-07-28,2038,7,30,207,2038-07-25,203830,
2038-07-26,2038,7,30,205,2038-07-25,203830,
2038-08-02,2038,8,31,212,2038-08-01,203831,
2038-08-04,2038,8,31,214,2038-08-01,203831,
2038-08-03,2038,8,31,213,2038-08-01,203831,
2038-08-01,2038,8,31,211,2038-08-01,203831,
2038-08-07,2038,8,31,217,2038-08-01,203831,
2038-08-05,2038,8,31,215,2038-08-01,203831,
2038-08-06,2038,8,31,216,2038-08-01,203831,
2038-08-08,2038,8,32,218,2038-08-08,203832,
2038-08-14,2038,8,32,224,2038-08-08,203832,
2038-08-10,2038,8,32,220,2038-08-08,203832,
2038-08-13,2038,8,32,223,2038-08-08,203832,
2038-08-11,2038,8,32,221,2038-08-08,203832,
2038-08-09,2038,8,32,219,2038-08-08,203832,
2038-08-12,2038,8,32,222,2038-08-08,203832,
2038-08-16,2038,8,33,226,2038-08-15,203833,
2038-08-17,2038,8,33,227,2038-08-15,203833,
2038-08-15,2038,8,33,225,2038-08-15,203833,
2038-08-20,2038,8,33,230,2038-08-15,203833,
2038-08-19,2038,8,33,229,2038-08-15,203833,
2038-08-21,2038,8,33,231,2038-08-15,203833,
2038-08-18,2038,8,33,228,2038-08-15,203833,
2038-08-24,2038,8,34,234,2038-08-22,203834,
2038-08-22,2038,8,34,232,2038-08-22,203834,
2038-08-23,2038,8,34,233,2038-08-22,203834,
2038-08-26,2038,8,34,236,2038-08-22,203834,
2038-08-25,2038,8,34,235,2038-08-22,203834,
2038-08-28,2038,8,34,238,2038-08-22,203834,
2038-08-27,2038,8,34,237,2038-08-22,203834,
2038-09-01,2038,9,35,242,2038-08-29,203835,
2038-09-04,2038,9,35,245,2038-08-29,203835,
2038-08-30,2038,9,35,240,2038-08-29,203835,
2038-09-02,2038,9,35,243,2038-08-29,203835,
2038-08-29,2038,9,35,239,2038-08-29,203835,
2038-08-31,2038,9,35,241,2038-08-29,203835,
2038-09-03,2038,9,35,244,2038-08-29,203835,
2038-09-06,2038,9,36,247,2038-09-05,203836,
2038-09-11,2038,9,36,252,2038-09-05,203836,
2038-09-07,2038,9,36,248,2038-09-05,203836,
2038-09-05,2038,9,36,246,2038-09-05,203836,
2038-09-08,2038,9,36,249,2038-09-05,203836,
2038-09-09,2038,9,36,250,2038-09-05,203836,
2038-09-10,2038,9,36,251,2038-09-05,203836,
2038-09-12,2038,9,37,253,2038-09-12,203837,
2038-09-17,2038,9,37,258,2038-09-12,203837,
2038-09-15,2038,9,37,256,2038-09-12,203837,
2038-09-18,2038,9,37,259,2038-09-12,203837,
2038-09-16,2038,9,37,257,2038-09-12,203837,
2038-09-14,2038,9,37,255,2038-09-12,203837,
2038-09-13,2038,9,37,254,2038-09-12,203837,
2038-09-24,2038,9,38,265,2038-09-19,203838,
2038-09-25,2038,9,38,266,2038-09-19,203838,
2038-09-21,2038,9,38,262,2038-09-19,203838,
2038-09-22,2038,9,38,263,2038-09-19,203838,
2038-09-23,2038,9,38,264,2038-09-19,203838,
2038-09-20,2038,9,38,261,2038-09-19,203838,
2038-09-19,2038,9,38,260,2038-09-19,203838,
2038-09-29,2038,9,39,270,2038-09-26,203839,
2038-09-27,2038,9,39,268,2038-09-26,203839,
2038-10-02,2038,9,39,273,2038-09-26,203839,
2038-09-30,2038,9,39,271,2038-09-26,203839,
2038-09-28,2038,9,39,269,2038-09-26,203839,
2038-10-01,2038,9,39,272,2038-09-26,203839,
2038-09-26,2038,9,39,267,2038-09-26,203839,
2038-10-09,2038,10,40,280,2038-10-03,203840,
2038-10-03,2038,10,40,274,2038-10-03,203840,
2038-10-06,2038,10,40,277,2038-10-03,203840,
2038-10-08,2038,10,40,279,2038-10-03,203840,
2038-10-04,2038,10,40,275,2038-10-03,203840,
2038-10-07,2038,10,40,278,2038-10-03,203840,
2038-10-05,2038,10,40,276,2038-10-03,203840,
2038-10-15,2038,10,41,286,2038-10-10,203841,
2038-10-12,2038,10,41,283,2038-10-10,203841,
2038-10-16,2038,10,41,287,2038-10-10,203841,
2038-10-13,2038,10,41,284,2038-10-10,203841,
2038-10-11,2038,10,41,282,2038-10-10,203841,
2038-10-10,2038,10,41,281,2038-10-10,203841,
2038-10-14,2038,10,41,285,2038-10-10,203841,
2038-10-19,2038,10,42,290,2038-10-17,203842,
2038-10-23,2038,10,42,294,2038-10-17,203842,
2038-10-17,2038,10,42,288,2038-10-17,203842,
2038-10-20,2038,10,42,291,2038-10-17,203842,
2038-10-18,2038,10,42,289,2038-10-17,203842,
2038-10-22,2038,10,42,293,2038-10-17,203842,
2038-10-21,2038,10,42,292,2038-10-17,203842,
2038-10-29,2038,10,43,300,2038-10-24,203843,
2038-10-24,2038,10,43,295,2038-10-24,203843,
2038-10-27,2038,10,43,298,2038-10-24,203843,
2038-10-25,2038,10,43,296,2038-10-24,203843,
2038-10-30,2038,10,43,301,2038-10-24,203843,
2038-10-26,2038,10,43,297,2038-10-24,203843,
2038-10-28,2038,10,43,299,2038-10-24,203843,
2038-11-06,2038,11,44,308,2038-10-31,203844,
2038-11-04,2038,11,44,306,2038-10-31,203844,
2038-11-05,2038,11,44,307,2038-10-31,203844,
2038-11-01,2038,11,44,303,2038-10-31,203844,
2038-11-02,2038,11,44,304,2038-10-31,203844,
2038-10-31,2038,11,44,302,2038-10-31,203844,
2038-11-03,2038,11,44,305,2038-10-31,203844,
2038-11-11,2038,11,45,313,2038-11-07,203845,
2038-11-13,2038,11,45,315,2038-11-07,203845,
2038-11-12,2038,11,45,314,2038-11-07,203845,
2038-11-07,2038,11,45,309,2038-11-07,203845,
2038-11-08,2038,11,45,310,2038-11-07,203845,
2038-11-10,2038,11,45,312,2038-11-07,203845,
2038-11-09,2038,11,45,311,2038-11-07,203845,
2038-11-17,2038,11,46,319,2038-11-14,203846,
2038-11-18,2038,11,46,320,2038-11-14,203846,
2038-11-20,2038,11,46,322,2038-11-14,203846,
2038-11-15,2038,11,46,317,2038-11-14,203846,
2038-11-19,2038,11,46,321,2038-11-14,203846,
2038-11-16,2038,11,46,318,2038-11-14,203846,
2038-11-14,2038,11,46,316,2038-11-14,203846,
2038-11-22,2038,11,47,324,2038-11-21,203847,
2038-11-25,2038,11,47,327,2038-11-21,203847,
2038-11-24,2038,11,47,326,2038-11-21,203847,
2038-11-21,2038,11,47,323,2038-11-21,203847,
2038-11-23,2038,11,47,325,2038-11-21,203847,
2038-11-27,2038,11,47,329,2038-11-21,203847,
2038-11-26,2038,11,47,328,2038-11-21,203847,
2038-11-29,2038,12,48,331,2038-11-28,203848,
2038-11-30,2038,12,48,332,2038-11-28,203848,
2038-12-02,2038,12,48,334,2038-11-28,203848,
2038-12-04,2038,12,48,336,2038-11-28,203848,
2038-12-01,2038,12,48,333,2038-11-28,203848,
2038-11-28,2038,12,48,330,2038-11-28,203848,
2038-12-03,2038,12,48,335,2038-11-28,203848,
2038-12-07,2038,12,49,339,2038-12-05,203849,
2038-12-09,2038,12,49,341,2038-12-05,203849,
2038-12-11,2038,12,49,343,2038-12-05,203849,
2038-12-06,2038,12,49,338,2038-12-05,203849,
2038-12-08,2038,12,49,340,2038-12-05,203849,
2038-12-05,2038,12,49,337,2038-12-05,203849,
2038-12-10,2038,12,49,342,2038-12-05,203849,
2038-12-16,2038,12,50,348,2038-12-12,203850,
2038-12-13,2038,12,50,345,2038-12-12,203850,
2038-12-12,2038,12,50,344,2038-12-12,203850,
2038-12-14,2038,12,50,346,2038-12-12,203850,
2038-12-15,2038,12,50,347,2038-12-12,203850,
2038-12-17,2038,12,50,349,2038-12-12,203850,
2038-12-18,2038,12,50,350,2038-12-12,203850,
2038-12-24,2038,12,51,356,2038-12-19,203851,
2038-12-21,2038,12,51,353,2038-12-19,203851,
2038-12-19,2038,12,51,351,2038-12-19,203851,
2038-12-20,2038,12,51,352,2038-12-19,203851,
2038-12-25,2038,12,51,357,2038-12-19,203851,
2038-12-23,2038,12,51,355,2038-12-19,203851,
2038-12-22,2038,12,51,354,2038-12-19,203851,
2038-12-30,2038,12,52,362,2038-12-26,203852,
2038-12-26,2038,12,52,358,2038-12-26,203852,
2038-12-27,2038,12,52,359,2038-12-26,203852,
2038-12-29,2038,12,52,361,2038-12-26,203852,
2039-01-01,2038,12,52,364,2038-12-26,203852,
2038-12-28,2038,12,52,360,2038-12-26,203852,
2038-12-31,2038,12,52,363,2038-12-26,203852,
2039-01-04,2039,1,1,3,2039-01-02,203901,
2039-01-07,2039,1,1,6,2039-01-02,203901,
2039-01-05,2039,1,1,4,2039-01-02,203901,
2039-01-08,2039,1,1,7,2039-01-02,203901,
2039-01-06,2039,1,1,5,2039-01-02,203901,
2039-01-02,2039,1,1,1,2039-01-02,203901,
2039-01-03,2039,1,1,2,2039-01-02,203901,
2039-01-15,2039,1,2,14,2039-01-09,203902,
2039-01-12,2039,1,2,11,2039-01-09,203902,
2039-01-11,2039,1,2,10,2039-01-09,203902,
2039-01-14,2039,1,2,13,2039-01-09,203902,
2039-01-13,2039,1,2,12,2039-01-09,203902,
2039-01-10,2039,1,2,9,2039-01-09,203902,
2039-01-09,2039,1,2,8,2039-01-09,203902,
2039-01-21,2039,1,3,20,2039-01-16,203903,
2039-01-20,2039,1,3,19,2039-01-16,203903,
2039-01-18,2039,1,3,17,2039-01-16,203903,
2039-01-19,2039,1,3,18,2039-01-16,203903,
2039-01-16,2039,1,3,15,2039-01-16,203903,
2039-01-17,2039,1,3,16,2039-01-16,203903,
2039-01-22,2039,1,3,21,2039-01-16,203903,
2039-01-29,2039,1,4,28,2039-01-23,203904,
2039-01-24,2039,1,4,23,2039-01-23,203904,
2039-01-26,2039,1,4,25,2039-01-23,203904,
2039-01-23,2039,1,4,22,2039-01-23,203904,
2039-01-25,2039,1,4,24,2039-01-23,203904,
2039-01-28,2039,1,4,27,2039-01-23,203904,
2039-01-27,2039,1,4,26,2039-01-23,203904,
2039-02-02,2039,2,5,32,2039-01-30,203905,
2039-02-01,2039,2,5,31,2039-01-30,203905,
2039-01-30,2039,2,5,29,2039-01-30,203905,
2039-02-04,2039,2,5,34,2039-01-30,203905,
2039-02-05,2039,2,5,35,2039-01-30,203905,
2039-02-03,2039,2,5,33,2039-01-30,203905,
2039-01-31,2039,2,5,30,2039-01-30,203905,
2039-02-08,2039,2,6,38,2039-02-06,203906,
2039-02-12,2039,2,6,42,2039-02-06,203906,
2039-02-10,2039,2,6,40,2039-02-06,203906,
2039-02-09,2039,2,6,39,2039-02-06,203906,
2039-02-07,2039,2,6,37,2039-02-06,203906,
2039-02-11,2039,2,6,41,2039-02-06,203906,
2039-02-06,2039,2,6,36,2039-02-06,203906,
2039-02-17,2039,2,7,47,2039-02-13,203907,
2039-02-18,2039,2,7,48,2039-02-13,203907,
2039-02-14,2039,2,7,44,2039-02-13,203907,
2039-02-13,2039,2,7,43,2039-02-13,203907,
2039-02-15,2039,2,7,45,2039-02-13,203907,
2039-02-16,2039,2,7,46,2039-02-13,203907,
2039-02-19,2039,2,7,49,2039-02-13,203907,
2039-02-25,2039,2,8,55,2039-02-20,203908,
2039-02-20,2039,2,8,50,2039-02-20,203908,
2039-02-22,2039,2,8,52,2039-02-20,203908,
2039-02-23,2039,2,8,53,2039-02-20,203908,
2039-02-24,2039,2,8,54,2039-02-20,203908,
2039-02-26,2039,2,8,56,2039-02-20,203908,
2039-02-21,2039,2,8,51,2039-02-20,203908,
2039-03-04,2039,3,9,62,2039-02-27,203909,
2039-02-27,2039,3,9,57,2039-02-27,203909,
2039-03-05,2039,3,9,63,2039-02-27,203909,
2039-03-01,2039,3,9,59,2039-02-27,203909,
2039-03-02,2039,3,9,60,2039-02-27,203909,
2039-03-03,2039,3,9,61,2039-02-27,203909,
2039-02-28,2039,3,9,58,2039-02-27,203909,
2039-03-12,2039,3,10,70,2039-03-06,203910,
2039-03-07,2039,3,10,65,2039-03-06,203910,
2039-03-10,2039,3,10,68,2039-03-06,203910,
2039-03-09,2039,3,10,67,2039-03-06,203910,
2039-03-11,2039,3,10,69,2039-03-06,203910,
2039-03-08,2039,3,10,66,2039-03-06,203910,
2039-03-06,2039,3,10,64,2039-03-06,203910,
2039-03-14,2039,3,11,72,2039-03-13,203911,
2039-03-13,2039,3,11,71,2039-03-13,203911,
2039-03-15,2039,3,11,73,2039-03-13,203911,
2039-03-18,2039,3,11,76,2039-03-13,203911,
2039-03-17,2039,3,11,75,2039-03-13,203911,
2039-03-16,2039,3,11,74,2039-03-13,203911,
2039-03-19,2039,3,11,77,2039-03-13,203911,
2039-03-20,2039,3,12,78,2039-03-20,203912,
2039-03-22,2039,3,12,80,2039-03-20,203912,
2039-03-26,2039,3,12,84,2039-03-20,203912,
2039-03-25,2039,3,12,83,2039-03-20,203912,
2039-03-21,2039,3,12,79,2039-03-20,203912,
2039-03-23,2039,3,12,81,2039-03-20,203912,
2039-03-24,2039,3,12,82,2039-03-20,203912,
2039-04-02,2039,3,13,91,2039-03-27,203913,
2039-03-29,2039,3,13,87,2039-03-27,203913,
2039-03-31,2039,3,13,89,2039-03-27,203913,
2039-04-01,2039,3,13,90,2039-03-27,203913,
2039-03-27,2039,3,13,85,2039-03-27,203913,
2039-03-28,2039,3,13,86,2039-03-27,203913,
2039-03-30,2039,3,13,88,2039-03-27,203913,
2039-04-08,2039,4,14,97,2039-04-03,203914,
2039-04-04,2039,4,14,93,2039-04-03,203914,
2039-04-03,2039,4,14,92,2039-04-03,203914,
2039-04-07,2039,4,14,96,2039-04-03,203914,
2039-04-09,2039,4,14,98,2039-04-03,203914,
2039-04-06,2039,4,14,95,2039-04-03,203914,
2039-04-05,2039,4,14,94,2039-04-03,203914,
2039-04-16,2039,4,15,105,2039-04-10,203915,
2039-04-15,2039,4,15,104,2039-04-10,203915,
2039-04-13,2039,4,15,102,2039-04-10,203915,
2039-04-12,2039,4,15,101,2039-04-10,203915,
2039-04-11,2039,4,15,100,2039-04-10,203915,
2039-04-14,2039,4,15,103,2039-04-10,203915,
2039-04-10,2039,4,15,99,2039-04-10,203915,
2039-04-23,2039,4,16,112,2039-04-17,203916,
2039-04-19,2039,4,16,108,2039-04-17,203916,
2039-04-21,2039,4,16,110,2039-04-17,203916,
2039-04-20,2039,4,16,109,2039-04-17,203916,
2039-04-18,2039,4,16,107,2039-04-17,203916,
2039-04-22,2039,4,16,111,2039-04-17,203916,
2039-04-17,2039,4,16,106,2039-04-17,203916,
2039-04-28,2039,4,17,117,2039-04-24,203917,
2039-04-26,2039,4,17,115,2039-04-24,203917,
2039-04-25,2039,4,17,114,2039-04-24,203917,
2039-04-27,2039,4,17,116,2039-04-24,203917,
2039-04-30,2039,4,17,119,2039-04-24,203917,
2039-04-29,2039,4,17,118,2039-04-24,203917,
2039-04-24,2039,4,17,113,2039-04-24,203917,
2039-05-03,2039,5,18,122,2039-05-01,203918,
2039-05-06,2039,5,18,125,2039-05-01,203918,
2039-05-05,2039,5,18,124,2039-05-01,203918,
2039-05-01,2039,5,18,120,2039-05-01,203918,
2039-05-02,2039,5,18,121,2039-05-01,203918,
2039-05-04,2039,5,18,123,2039-05-01,203918,
2039-05-07,2039,5,18,126,2039-05-01,203918,
2039-05-13,2039,5,19,132,2039-05-08,203919,
2039-05-11,2039,5,19,130,2039-05-08,203919,
2039-05-14,2039,5,19,133,2039-05-08,203919,
2039-05-10,2039,5,19,129,2039-05-08,203919,
2039-05-09,2039,5,19,128,2039-05-08,203919,
2039-05-12,2039,5,19,131,2039-05-08,203919,
2039-05-08,2039,5,19,127,2039-05-08,203919,
2039-05-20,2039,5,20,139,2039-05-15,203920,
2039-05-15,2039,5,20,134,2039-05-15,203920,
2039-05-19,2039,5,20,138,2039-05-15,203920,
2039-05-21,2039,5,20,140,2039-05-15,203920,
2039-05-16,2039,5,20,135,2039-05-15,203920,
2039-05-17,2039,5,20,136,2039-05-15,203920,
2039-05-18,2039,5,20,137,2039-05-15,203920,
2039-05-23,2039,5,21,142,2039-05-22,203921,
2039-05-24,2039,5,21,143,2039-05-22,203921,
2039-05-26,2039,5,21,145,2039-05-22,203921,
2039-05-28,2039,5,21,147,2039-05-22,203921,
2039-05-22,2039,5,21,141,2039-05-22,203921,
2039-05-25,2039,5,21,144,2039-05-22,203921,
2039-05-27,2039,5,21,146,2039-05-22,203921,
2039-06-03,2039,6,22,153,2039-05-29,203922,
2039-05-31,2039,6,22,150,2039-05-29,203922,
2039-06-04,2039,6,22,154,2039-05-29,203922,
2039-06-01,2039,6,22,151,2039-05-29,203922,
2039-05-30,2039,6,22,149,2039-05-29,203922,
2039-05-29,2039,6,22,148,2039-05-29,203922,
2039-06-02,2039,6,22,152,2039-05-29,203922,
2039-06-06,2039,6,23,156,2039-06-05,203923,
2039-06-05,2039,6,23,155,2039-06-05,203923,
2039-06-09,2039,6,23,159,2039-06-05,203923,
2039-06-11,2039,6,23,161,2039-06-05,203923,
2039-06-08,2039,6,23,158,2039-06-05,203923,
2039-06-10,2039,6,23,160,2039-06-05,203923,
2039-06-07,2039,6,23,157,2039-06-05,203923,
2039-06-14,2039,6,24,164,2039-06-12,203924,
2039-06-15,2039,6,24,165,2039-06-12,203924,
2039-06-18,2039,6,24,168,2039-06-12,203924,
2039-06-13,2039,6,24,163,2039-06-12,203924,
2039-06-16,2039,6,24,166,2039-06-12,203924,
2039-06-12,2039,6,24,162,2039-06-12,203924,
2039-06-17,2039,6,24,167,2039-06-12,203924,
2039-06-22,2039,6,25,172,2039-06-19,203925,
2039-06-19,2039,6,25,169,2039-06-19,203925,
2039-06-21,2039,6,25,171,2039-06-19,203925,
2039-06-24,2039,6,25,174,2039-06-19,203925,
2039-06-20,2039,6,25,170,2039-06-19,203925,
2039-06-25,2039,6,25,175,2039-06-19,203925,
2039-06-23,2039,6,25,173,2039-06-19,203925,
2039-07-02,2039,6,26,182,2039-06-26,203926,
2039-06-26,2039,6,26,176,2039-06-26,203926,
2039-07-01,2039,6,26,181,2039-06-26,203926,
2039-06-30,2039,6,26,180,2039-06-26,203926,
2039-06-29,2039,6,26,179,2039-06-26,203926,
2039-06-27,2039,6,26,177,2039-06-26,203926,
2039-06-28,2039,6,26,178,2039-06-26,203926,
2039-07-09,2039,7,27,189,2039-07-03,203927,
2039-07-03,2039,7,27,183,2039-07-03,203927,
2039-07-07,2039,7,27,187,2039-07-03,203927,
2039-07-08,2039,7,27,188,2039-07-03,203927,
2039-07-04,2039,7,27,184,2039-07-03,203927,
2039-07-06,2039,7,27,186,2039-07-03,203927,
2039-07-05,2039,7,27,185,2039-07-03,203927,
2039-07-15,2039,7,28,195,2039-07-10,203928,
2039-07-10,2039,7,28,190,2039-07-10,203928,
2039-07-11,2039,7,28,191,2039-07-10,203928,
2039-07-14,2039,7,28,194,2039-07-10,203928,
2039-07-13,2039,7,28,193,2039-07-10,203928,
2039-07-12,2039,7,28,192,2039-07-10,203928,
2039-07-16,2039,7,28,196,2039-07-10,203928,
2039-07-21,2039,7,29,201,2039-07-17,203929,
2039-07-20,2039,7,29,200,2039-07-17,203929,
2039-07-17,2039,7,29,197,2039-07-17,203929,
2039-07-23,2039,7,29,203,2039-07-17,203929,
2039-07-22,2039,7,29,202,2039-07-17,203929,
2039-07-18,2039,7,29,198,2039-07-17,203929,
2039-07-19,2039,7,29,199,2039-07-17,203929,
2039-07-24,2039,7,30,204,2039-07-24,203930,
2039-07-25,2039,7,30,205,2039-07-24,203930,
2039-07-28,2039,7,30,208,2039-07-24,203930,
2039-07-29,2039,7,30,209,2039-07-24,203930,
2039-07-30,2039,7,30,210,2039-07-24,203930,
2039-07-27,2039,7,30,207,2039-07-24,203930,
2039-07-26,2039,7,30,206,2039-07-24,203930,
2039-07-31,2039,8,31,211,2039-07-31,203931,
2039-08-03,2039,8,31,214,2039-07-31,203931,
2039-08-02,2039,8,31,213,2039-07-31,203931,
2039-08-04,2039,8,31,215,2039-07-31,203931,
2039-08-05,2039,8,31,216,2039-07-31,203931,
2039-08-06,2039,8,31,217,2039-07-31,203931,
2039-08-01,2039,8,31,212,2039-07-31,203931,
2039-08-07,2039,8,32,218,2039-08-07,203932,
2039-08-12,2039,8,32,223,2039-08-07,203932,
2039-08-11,2039,8,32,222,2039-08-07,203932,
2039-08-08,2039,8,32,219,2039-08-07,203932,
2039-08-09,2039,8,32,220,2039-08-07,203932,
2039-08-10,2039,8,32,221,2039-08-07,203932,
2039-08-13,2039,8,32,224,2039-08-07,203932,
2039-08-18,2039,8,33,229,2039-08-14,203933,
2039-08-20,2039,8,33,231,2039-08-14,203933,
2039-08-15,2039,8,33,226,2039-08-14,203933,
2039-08-17,2039,8,33,228,2039-08-14,203933,
2039-08-16,2039,8,33,227,2039-08-14,203933,
2039-08-14,2039,8,33,225,2039-08-14,203933,
2039-08-19,2039,8,33,230,2039-08-14,203933,
2039-08-27,2039,8,34,238,2039-08-21,203934,
2039-08-23,2039,8,34,234,2039-08-21,203934,
2039-08-26,2039,8,34,237,2039-08-21,203934,
2039-08-22,2039,8,34,233,2039-08-21,203934,
2039-08-24,2039,8,34,235,2039-08-21,203934,
2039-08-25,2039,8,34,236,2039-08-21,203934,
2039-08-21,2039,8,34,232,2039-08-21,203934,
2039-08-28,2039,9,35,239,2039-08-28,203935,
2039-09-01,2039,9,35,243,2039-08-28,203935,
2039-08-30,2039,9,35,241,2039-08-28,203935,
2039-08-31,2039,9,35,242,2039-08-28,203935,
2039-09-02,2039,9,35,244,2039-08-28,203935,
2039-09-03,2039,9,35,245,2039-08-28,203935,
2039-08-29,2039,9,35,240,2039-08-28,203935,
2039-09-04,2039,9,36,246,2039-09-04,203936,
2039-09-08,2039,9,36,250,2039-09-04,203936,
2039-09-09,2039,9,36,251,2039-09-04,203936,
2039-09-05,2039,9,36,247,2039-09-04,203936,
2039-09-10,2039,9,36,252,2039-09-04,203936,
2039-09-07,2039,9,36,249,2039-09-04,203936,
2039-09-06,2039,9,36,248,2039-09-04,203936,
2039-09-12,2039,9,37,254,2039-09-11,203937,
2039-09-15,2039,9,37,257,2039-09-11,203937,
2039-09-11,2039,9,37,253,2039-09-11,203937,
2039-09-16,2039,9,37,258,2039-09-11,203937,
2039-09-17,2039,9,37,259,2039-09-11,203937,
2039-09-13,2039,9,37,255,2039-09-11,203937,
2039-09-14,2039,9,37,256,2039-09-11,203937,
2039-09-22,2039,9,38,264,2039-09-18,203938,
2039-09-18,2039,9,38,260,2039-09-18,203938,
2039-09-21,2039,9,38,263,2039-09-18,203938,
2039-09-19,2039,9,38,261,2039-09-18,203938,
2039-09-20,2039,9,38,262,2039-09-18,203938,
2039-09-23,2039,9,38,265,2039-09-18,203938,
2039-09-24,2039,9,38,266,2039-09-18,203938,
2039-10-01,2039,9,39,273,2039-09-25,203939,
2039-09-29,2039,9,39,271,2039-09-25,203939,
2039-09-30,2039,9,39,272,2039-09-25,203939,
2039-09-27,2039,9,39,269,2039-09-25,203939,
2039-09-28,2039,9,39,270,2039-09-25,203939,
2039-09-25,2039,9,39,267,2039-09-25,203939,
2039-09-26,2039,9,39,268,2039-09-25,203939,
2039-10-08,2039,10,40,280,2039-10-02,203940,
2039-10-05,2039,10,40,277,2039-10-02,203940,
2039-10-02,2039,10,40,274,2039-10-02,203940,
2039-10-07,2039,10,40,279,2039-10-02,203940,
2039-10-03,2039,10,40,275,2039-10-02,203940,
2039-10-04,2039,10,40,276,2039-10-02,203940,
2039-10-06,2039,10,40,278,2039-10-02,203940,
2039-10-10,2039,10,41,282,2039-10-09,203941,
2039-10-14,2039,10,41,286,2039-10-09,203941,
2039-10-11,2039,10,41,283,2039-10-09,203941,
2039-10-09,2039,10,41,281,2039-10-09,203941,
2039-10-12,2039,10,41,284,2039-10-09,203941,
2039-10-15,2039,10,41,287,2039-10-09,203941,
2039-10-13,2039,10,41,285,2039-10-09,203941,
2039-10-20,2039,10,42,292,2039-10-16,203942,
2039-10-16,2039,10,42,288,2039-10-16,203942,
2039-10-21,2039,10,42,293,2039-10-16,203942,
2039-10-19,2039,10,42,291,2039-10-16,203942,
2039-10-17,2039,10,42,289,2039-10-16,203942,
2039-10-22,2039,10,42,294,2039-10-16,203942,
2039-10-18,2039,10,42,290,2039-10-16,203942,
2039-10-28,2039,10,43,300,2039-10-23,203943,
2039-10-26,2039,10,43,298,2039-10-23,203943,
2039-10-27,2039,10,43,299,2039-10-23,203943,
2039-10-24,2039,10,43,296,2039-10-23,203943,
2039-10-29,2039,10,43,301,2039-10-23,203943,
2039-10-25,2039,10,43,297,2039-10-23,203943,
2039-10-23,2039,10,43,295,2039-10-23,203943,
2039-11-04,2039,11,44,307,2039-10-30,203944,
2039-11-01,2039,11,44,304,2039-10-30,203944,
2039-10-31,2039,11,44,303,2039-10-30,203944,
2039-11-03,2039,11,44,306,2039-10-30,203944,
2039-10-30,2039,11,44,302,2039-10-30,203944,
2039-11-02,2039,11,44,305,2039-10-30,203944,
2039-11-05,2039,11,44,308,2039-10-30,203944,
2039-11-07,2039,11,45,310,2039-11-06,203945,
2039-11-12,2039,11,45,315,2039-11-06,203945,
2039-11-09,2039,11,45,312,2039-11-06,203945,
2039-11-08,2039,11,45,311,2039-11-06,203945,
2039-11-10,2039,11,45,313,2039-11-06,203945,
2039-11-06,2039,11,45,309,2039-11-06,203945,
2039-11-11,2039,11,45,314,2039-11-06,203945,
2039-11-19,2039,11,46,322,2039-11-13,203946,
2039-11-14,2039,11,46,317,2039-11-13,203946,
2039-11-16,2039,11,46,319,2039-11-13,203946,
2039-11-17,2039,11,46,320,2039-11-13,203946,
2039-11-15,2039,11,46,318,2039-11-13,203946,
2039-11-18,2039,11,46,321,2039-11-13,203946,
2039-11-13,2039,11,46,316,2039-11-13,203946,
2039-11-22,2039,11,47,325,2039-11-20,203947,
2039-11-20,2039,11,47,323,2039-11-20,203947,
2039-11-24,2039,11,47,327,2039-11-20,203947,
2039-11-23,2039,11,47,326,2039-11-20,203947,
2039-11-26,2039,11,47,329,2039-11-20,203947,
2039-11-21,2039,11,47,324,2039-11-20,203947,
2039-11-25,2039,11,47,328,2039-11-20,203947,
2039-11-30,2039,12,48,333,2039-11-27,203948,
2039-12-01,2039,12,48,334,2039-11-27,203948,
2039-11-27,2039,12,48,330,2039-11-27,203948,
2039-12-02,2039,12,48,335,2039-11-27,203948,
2039-11-28,2039,12,48,331,2039-11-27,203948,
2039-12-03,2039,12,48,336,2039-11-27,203948,
2039-11-29,2039,12,48,332,2039-11-27,203948,
2039-12-07,2039,12,49,340,2039-12-04,203949,
2039-12-06,2039,12,49,339,2039-12-04,203949,
2039-12-04,2039,12,49,337,2039-12-04,203949,
2039-12-08,2039,12,49,341,2039-12-04,203949,
2039-12-09,2039,12,49,342,2039-12-04,203949,
2039-12-10,2039,12,49,343,2039-12-04,203949,
2039-12-05,2039,12,49,338,2039-12-04,203949,
2039-12-17,2039,12,50,350,2039-12-11,203950,
2039-12-12,2039,12,50,345,2039-12-11,203950,
2039-12-15,2039,12,50,348,2039-12-11,203950,
2039-12-16,2039,12,50,349,2039-12-11,203950,
2039-12-11,2039,12,50,344,2039-12-11,203950,
2039-12-13,2039,12,50,346,2039-12-11,203950,
2039-12-14,2039,12,50,347,2039-12-11,203950,
2039-12-23,2039,12,51,356,2039-12-18,203951,
2039-12-21,2039,12,51,354,2039-12-18,203951,
2039-12-19,2039,12,51,352,2039-12-18,203951,
2039-12-24,2039,12,51,357,2039-12-18,203951,
2039-12-18,2039,12,51,351,2039-12-18,203951,
2039-12-20,2039,12,51,353,2039-12-18,203951,
2039-12-22,2039,12,51,355,2039-12-18,203951,
2039-12-30,2039,12,52,363,2039-12-25,203952,
2039-12-26,2039,12,52,359,2039-12-25,203952,
2039-12-27,2039,12,52,360,2039-12-25,203952,
2039-12-28,2039,12,52,361,2039-12-25,203952,
2039-12-25,2039,12,52,358,2039-12-25,203952,
2039-12-29,2039,12,52,362,2039-12-25,203952,
2039-12-31,2039,12,52,364,2039-12-25,203952,
2040-01-01,2040,1,1,1,2040-01-01,204001,
2040-01-02,2040,1,1,2,2040-01-01,204001,
2040-01-06,2040,1,1,6,2040-01-01,204001,
2040-01-05,2040,1,1,5,2040-01-01,204001,
2040-01-04,2040,1,1,4,2040-01-01,204001,
2040-01-03,2040,1,1,3,2040-01-01,204001,
2040-01-07,2040,1,1,7,2040-01-01,204001,
2040-01-12,2040,1,2,12,2040-01-08,204002,
2040-01-10,2040,1,2,10,2040-01-08,204002,
2040-01-08,2040,1,2,8,2040-01-08,204002,
2040-01-09,2040,1,2,9,2040-01-08,204002,
2040-01-14,2040,1,2,14,2040-01-08,204002,
2040-01-13,2040,1,2,13,2040-01-08,204002,
2040-01-11,2040,1,2,11,2040-01-08,204002,
2040-01-18,2040,1,3,18,2040-01-15,204003,
2040-01-15,2040,1,3,15,2040-01-15,204003,
2040-01-21,2040,1,3,21,2040-01-15,204003,
2040-01-20,2040,1,3,20,2040-01-15,204003,
2040-01-16,2040,1,3,16,2040-01-15,204003,
2040-01-19,2040,1,3,19,2040-01-15,204003,
2040-01-17,2040,1,3,17,2040-01-15,204003,
2040-01-28,2040,1,4,28,2040-01-22,204004,
2040-01-27,2040,1,4,27,2040-01-22,204004,
2040-01-26,2040,1,4,26,2040-01-22,204004,
2040-01-23,2040,1,4,23,2040-01-22,204004,
2040-01-25,2040,1,4,25,2040-01-22,204004,
2040-01-24,2040,1,4,24,2040-01-22,204004,
2040-01-22,2040,1,4,22,2040-01-22,204004,
2040-12-31,2040,1,53,366,2040-12-30,204053,
2041-01-03,2040,1,53,369,2040-12-30,204053,
2041-01-02,2040,1,53,368,2040-12-30,204053,
2040-12-30,2040,1,53,365,2040-12-30,204053,
2041-01-04,2040,1,53,370,2040-12-30,204053,
2041-01-05,2040,1,53,371,2040-12-30,204053,
2041-01-01,2040,1,53,367,2040-12-30,204053,
2040-01-31,2040,2,5,31,2040-01-29,204005,
2040-01-30,2040,2,5,30,2040-01-29,204005,
2040-02-03,2040,2,5,34,2040-01-29,204005,
2040-01-29,2040,2,5,29,2040-01-29,204005,
2040-02-04,2040,2,5,35,2040-01-29,204005,
2040-02-02,2040,2,5,33,2040-01-29,204005,
2040-02-01,2040,2,5,32,2040-01-29,204005,
2040-02-05,2040,2,6,36,2040-02-05,204006,
2040-02-10,2040,2,6,41,2040-02-05,204006,
2040-02-07,2040,2,6,38,2040-02-05,204006,
2040-02-11,2040,2,6,42,2040-02-05,204006,
2040-02-09,2040,2,6,40,2040-02-05,204006,
2040-02-08,2040,2,6,39,2040-02-05,204006,
2040-02-06,2040,2,6,37,2040-02-05,204006,
2040-02-15,2040,2,7,46,2040-02-12,204007,
2040-02-13,2040,2,7,44,2040-02-12,204007,
2040-02-17,2040,2,7,48,2040-02-12,204007,
2040-02-12,2040,2,7,43,2040-02-12,204007,
2040-02-18,2040,2,7,49,2040-02-12,204007,
2040-02-16,2040,2,7,47,2040-02-12,204007,
2040-02-14,2040,2,7,45,2040-02-12,204007,
2040-02-23,2040,2,8,54,2040-02-19,204008,
2040-02-22,2040,2,8,53,2040-02-19,204008,
2040-02-21,2040,2,8,52,2040-02-19,204008,
2040-02-20,2040,2,8,51,2040-02-19,204008,
2040-02-25,2040,2,8,56,2040-02-19,204008,
2040-02-24,2040,2,8,55,2040-02-19,204008,
2040-02-19,2040,2,8,50,2040-02-19,204008,
2040-03-02,2040,3,9,62,2040-02-26,204009,
2040-02-26,2040,3,9,57,2040-02-26,204009,
2040-02-27,2040,3,9,58,2040-02-26,204009,
2040-02-28,2040,3,9,59,2040-02-26,204009,
2040-03-01,2040,3,9,61,2040-02-26,204009,
2040-03-03,2040,3,9,63,2040-02-26,204009,
2040-02-29,2040,3,9,60,2040-02-26,204009,
2040-03-06,2040,3,10,66,2040-03-04,204010,
2040-03-05,2040,3,10,65,2040-03-04,204010,
2040-03-07,2040,3,10,67,2040-03-04,204010,
2040-03-08,2040,3,10,68,2040-03-04,204010,
2040-03-09,2040,3,10,69,2040-03-04,204010,
2040-03-10,2040,3,10,70,2040-03-04,204010,
2040-03-04,2040,3,10,64,2040-03-04,204010,
2040-03-15,2040,3,11,75,2040-03-11,204011,
2040-03-11,2040,3,11,71,2040-03-11,204011,
2040-03-16,2040,3,11,76,2040-03-11,204011,
2040-03-17,2040,3,11,77,2040-03-11,204011,
2040-03-14,2040,3,11,74,2040-03-11,204011,
2040-03-12,2040,3,11,72,2040-03-11,204011,
2040-03-13,2040,3,11,73,2040-03-11,204011,
2040-03-22,2040,3,12,82,2040-03-18,204012,
2040-03-19,2040,3,12,79,2040-03-18,204012,
2040-03-20,2040,3,12,80,2040-03-18,204012,
2040-03-18,2040,3,12,78,2040-03-18,204012,
2040-03-21,2040,3,12,81,2040-03-18,204012,
2040-03-24,2040,3,12,84,2040-03-18,204012,
2040-03-23,2040,3,12,83,2040-03-18,204012,
2040-03-27,2040,3,13,87,2040-03-25,204013,
2040-03-28,2040,3,13,88,2040-03-25,204013,
2040-03-29,2040,3,13,89,2040-03-25,204013,
2040-03-30,2040,3,13,90,2040-03-25,204013,
2040-03-26,2040,3,13,86,2040-03-25,204013,
2040-03-25,2040,3,13,85,2040-03-25,204013,
2040-03-31,2040,3,13,91,2040-03-25,204013,
2040-04-02,2040,4,14,93,2040-04-01,204014,
2040-04-06,2040,4,14,97,2040-04-01,204014,
2040-04-05,2040,4,14,96,2040-04-01,204014,
2040-04-04,2040,4,14,95,2040-04-01,204014,
2040-04-03,2040,4,14,94,2040-04-01,204014,
2040-04-01,2040,4,14,92,2040-04-01,204014,
2040-04-07,2040,4,14,98,2040-04-01,204014,
2040-04-10,2040,4,15,101,2040-04-08,204015,
2040-04-11,2040,4,15,102,2040-04-08,204015,
2040-04-09,2040,4,15,100,2040-04-08,204015,
2040-04-12,2040,4,15,103,2040-04-08,204015,
2040-04-14,2040,4,15,105,2040-04-08,204015,
2040-04-08,2040,4,15,99,2040-04-08,204015,
2040-04-13,2040,4,15,104,2040-04-08,204015,
2040-04-15,2040,4,16,106,2040-04-15,204016,
2040-04-19,2040,4,16,110,2040-04-15,204016,
2040-04-17,2040,4,16,108,2040-04-15,204016,
2040-04-20,2040,4,16,111,2040-04-15,204016,
2040-04-16,2040,4,16,107,2040-04-15,204016,
2040-04-21,2040,4,16,112,2040-04-15,204016,
2040-04-18,2040,4,16,109,2040-04-15,204016,
2040-04-26,2040,4,17,117,2040-04-22,204017,
2040-04-23,2040,4,17,114,2040-04-22,204017,
2040-04-24,2040,4,17,115,2040-04-22,204017,
2040-04-22,2040,4,17,113,2040-04-22,204017,
2040-04-25,2040,4,17,116,2040-04-22,204017,
2040-04-27,2040,4,17,118,2040-04-22,204017,
2040-04-28,2040,4,17,119,2040-04-22,204017,
2040-05-01,2040,5,18,122,2040-04-29,204018,
2040-05-05,2040,5,18,126,2040-04-29,204018,
2040-05-04,2040,5,18,125,2040-04-29,204018,
2040-05-03,2040,5,18,124,2040-04-29,204018,
2040-04-30,2040,5,18,121,2040-04-29,204018,
2040-05-02,2040,5,18,123,2040-04-29,204018,
2040-04-29,2040,5,18,120,2040-04-29,204018,
2040-05-09,2040,5,19,130,2040-05-06,204019,
2040-05-11,2040,5,19,132,2040-05-06,204019,
2040-05-10,2040,5,19,131,2040-05-06,204019,
2040-05-12,2040,5,19,133,2040-05-06,204019,
2040-05-08,2040,5,19,129,2040-05-06,204019,
2040-05-06,2040,5,19,127,2040-05-06,204019,
2040-05-07,2040,5,19,128,2040-05-06,204019,
2040-05-15,2040,5,20,136,2040-05-13,204020,
2040-05-16,2040,5,20,137,2040-05-13,204020,
2040-05-17,2040,5,20,138,2040-05-13,204020,
2040-05-13,2040,5,20,134,2040-05-13,204020,
2040-05-18,2040,5,20,139,2040-05-13,204020,
2040-05-14,2040,5,20,135,2040-05-13,204020,
2040-05-19,2040,5,20,140,2040-05-13,204020,
2040-05-21,2040,5,21,142,2040-05-20,204021,
2040-05-24,2040,5,21,145,2040-05-20,204021,
2040-05-26,2040,5,21,147,2040-05-20,204021,
2040-05-23,2040,5,21,144,2040-05-20,204021,
2040-05-25,2040,5,21,146,2040-05-20,204021,
2040-05-22,2040,5,21,143,2040-05-20,204021,
2040-05-20,2040,5,21,141,2040-05-20,204021,
2040-05-27,2040,6,22,148,2040-05-27,204022,
2040-05-28,2040,6,22,149,2040-05-27,204022,
2040-06-02,2040,6,22,154,2040-05-27,204022,
2040-05-31,2040,6,22,152,2040-05-27,204022,
2040-05-30,2040,6,22,151,2040-05-27,204022,
2040-05-29,2040,6,22,150,2040-05-27,204022,
2040-06-01,2040,6,22,153,2040-05-27,204022,
2040-06-08,2040,6,23,160,2040-06-03,204023,
2040-06-07,2040,6,23,159,2040-06-03,204023,
2040-06-09,2040,6,23,161,2040-06-03,204023,
2040-06-04,2040,6,23,156,2040-06-03,204023,
2040-06-06,2040,6,23,158,2040-06-03,204023,
2040-06-05,2040,6,23,157,2040-06-03,204023,
2040-06-03,2040,6,23,155,2040-06-03,204023,
2040-06-10,2040,6,24,162,2040-06-10,204024,
2040-06-16,2040,6,24,168,2040-06-10,204024,
2040-06-15,2040,6,24,167,2040-06-10,204024,
2040-06-14,2040,6,24,166,2040-06-10,204024,
2040-06-11,2040,6,24,163,2040-06-10,204024,
2040-06-12,2040,6,24,164,2040-06-10,204024,
2040-06-13,2040,6,24,165,2040-06-10,204024,
2040-06-18,2040,6,25,170,2040-06-17,204025,
2040-06-20,2040,6,25,172,2040-06-17,204025,
2040-06-19,2040,6,25,171,2040-06-17,204025,
2040-06-23,2040,6,25,175,2040-06-17,204025,
2040-06-21,2040,6,25,173,2040-06-17,204025,
2040-06-17,2040,6,25,169,2040-06-17,204025,
2040-06-22,2040,6,25,174,2040-06-17,204025,
2040-06-28,2040,6,26,180,2040-06-24,204026,
2040-06-25,2040,6,26,177,2040-06-24,204026,
2040-06-24,2040,6,26,176,2040-06-24,204026,
2040-06-26,2040,6,26,178,2040-06-24,204026,
2040-06-29,2040,6,26,181,2040-06-24,204026,
2040-06-27,2040,6,26,179,2040-06-24,204026,
2040-06-30,2040,6,26,182,2040-06-24,204026,
2040-07-01,2040,7,27,183,2040-07-01,204027,
2040-07-02,2040,7,27,184,2040-07-01,204027,
2040-07-07,2040,7,27,189,2040-07-01,204027,
2040-07-03,2040,7,27,185,2040-07-01,204027,
2040-07-06,2040,7,27,188,2040-07-01,204027,
2040-07-04,2040,7,27,186,2040-07-01,204027,
2040-07-05,2040,7,27,187,2040-07-01,204027,
2040-07-09,2040,7,28,191,2040-07-08,204028,
2040-07-14,2040,7,28,196,2040-07-08,204028,
2040-07-10,2040,7,28,192,2040-07-08,204028,
2040-07-11,2040,7,28,193,2040-07-08,204028,
2040-07-08,2040,7,28,190,2040-07-08,204028,
2040-07-12,2040,7,28,194,2040-07-08,204028,
2040-07-13,2040,7,28,195,2040-07-08,204028,
2040-07-16,2040,7,29,198,2040-07-15,204029,
2040-07-18,2040,7,29,200,2040-07-15,204029,
2040-07-21,2040,7,29,203,2040-07-15,204029,
2040-07-17,2040,7,29,199,2040-07-15,204029,
2040-07-20,2040,7,29,202,2040-07-15,204029,
2040-07-15,2040,7,29,197,2040-07-15,204029,
2040-07-19,2040,7,29,201,2040-07-15,204029,
2040-07-27,2040,7,30,209,2040-07-22,204030,
2040-07-26,2040,7,30,208,2040-07-22,204030,
2040-07-28,2040,7,30,210,2040-07-22,204030,
2040-07-25,2040,7,30,207,2040-07-22,204030,
2040-07-22,2040,7,30,204,2040-07-22,204030,
2040-07-24,2040,7,30,206,2040-07-22,204030,
2040-07-23,2040,7,30,205,2040-07-22,204030,
2040-08-02,2040,8,31,215,2040-07-29,204031,
2040-08-03,2040,8,31,216,2040-07-29,204031,
2040-07-29,2040,8,31,211,2040-07-29,204031,
2040-08-04,2040,8,31,217,2040-07-29,204031,
2040-08-01,2040,8,31,214,2040-07-29,204031,
2040-07-31,2040,8,31,213,2040-07-29,204031,
2040-07-30,2040,8,31,212,2040-07-29,204031,
2040-08-09,2040,8,32,222,2040-08-05,204032,
2040-08-10,2040,8,32,223,2040-08-05,204032,
2040-08-06,2040,8,32,219,2040-08-05,204032,
2040-08-08,2040,8,32,221,2040-08-05,204032,
2040-08-05,2040,8,32,218,2040-08-05,204032,
2040-08-07,2040,8,32,220,2040-08-05,204032,
2040-08-11,2040,8,32,224,2040-08-05,204032,
2040-08-12,2040,8,33,225,2040-08-12,204033,
2040-08-13,2040,8,33,226,2040-08-12,204033,
2040-08-14,2040,8,33,227,2040-08-12,204033,
2040-08-17,2040,8,33,230,2040-08-12,204033,
2040-08-15,2040,8,33,228,2040-08-12,204033,
2040-08-16,2040,8,33,229,2040-08-12,204033,
2040-08-18,2040,8,33,231,2040-08-12,204033,
2040-08-22,2040,8,34,235,2040-08-19,204034,
2040-08-25,2040,8,34,238,2040-08-19,204034,
2040-08-23,2040,8,34,236,2040-08-19,204034,
2040-08-20,2040,8,34,233,2040-08-19,204034,
2040-08-19,2040,8,34,232,2040-08-19,204034,
2040-08-21,2040,8,34,234,2040-08-19,204034,
2040-08-24,2040,8,34,237,2040-08-19,204034,
2040-08-30,2040,9,35,243,2040-08-26,204035,
2040-08-31,2040,9,35,244,2040-08-26,204035,
2040-08-26,2040,9,35,239,2040-08-26,204035,
2040-08-28,2040,9,35,241,2040-08-26,204035,
2040-08-29,2040,9,35,242,2040-08-26,204035,
2040-08-27,2040,9,35,240,2040-08-26,204035,
2040-09-01,2040,9,35,245,2040-08-26,204035,
2040-09-05,2040,9,36,249,2040-09-02,204036,
2040-09-08,2040,9,36,252,2040-09-02,204036,
2040-09-06,2040,9,36,250,2040-09-02,204036,
2040-09-04,2040,9,36,248,2040-09-02,204036,
2040-09-07,2040,9,36,251,2040-09-02,204036,
2040-09-02,2040,9,36,246,2040-09-02,204036,
2040-09-03,2040,9,36,247,2040-09-02,204036,
2040-09-15,2040,9,37,259,2040-09-09,204037,
2040-09-10,2040,9,37,254,2040-09-09,204037,
2040-09-09,2040,9,37,253,2040-09-09,204037,
2040-09-13,2040,9,37,257,2040-09-09,204037,
2040-09-11,2040,9,37,255,2040-09-09,204037,
2040-09-14,2040,9,37,258,2040-09-09,204037,
2040-09-12,2040,9,37,256,2040-09-09,204037,
2040-09-19,2040,9,38,263,2040-09-16,204038,
2040-09-17,2040,9,38,261,2040-09-16,204038,
2040-09-22,2040,9,38,266,2040-09-16,204038,
2040-09-18,2040,9,38,262,2040-09-16,204038,
2040-09-16,2040,9,38,260,2040-09-16,204038,
2040-09-20,2040,9,38,264,2040-09-16,204038,
2040-09-21,2040,9,38,265,2040-09-16,204038,
2040-09-24,2040,9,39,268,2040-09-23,204039,
2040-09-29,2040,9,39,273,2040-09-23,204039,
2040-09-28,2040,9,39,272,2040-09-23,204039,
2040-09-26,2040,9,39,270,2040-09-23,204039,
2040-09-25,2040,9,39,269,2040-09-23,204039,
2040-09-23,2040,9,39,267,2040-09-23,204039,
2040-09-27,2040,9,39,271,2040-09-23,204039,
2040-10-02,2040,10,40,276,2040-09-30,204040,
2040-10-05,2040,10,40,279,2040-09-30,204040,
2040-09-30,2040,10,40,274,2040-09-30,204040,
2040-10-01,2040,10,40,275,2040-09-30,204040,
2040-10-03,2040,10,40,277,2040-09-30,204040,
2040-10-06,2040,10,40,280,2040-09-30,204040,
2040-10-04,2040,10,40,278,2040-09-30,204040,
2040-10-13,2040,10,41,287,2040-10-07,204041,
2040-10-12,2040,10,41,286,2040-10-07,204041,
2040-10-08,2040,10,41,282,2040-10-07,204041,
2040-10-11,2040,10,41,285,2040-10-07,204041,
2040-10-10,2040,10,41,284,2040-10-07,204041,
2040-10-09,2040,10,41,283,2040-10-07,204041,
2040-10-07,2040,10,41,281,2040-10-07,204041,
2040-10-15,2040,10,42,289,2040-10-14,204042,
2040-10-16,2040,10,42,290,2040-10-14,204042,
2040-10-14,2040,10,42,288,2040-10-14,204042,
2040-10-20,2040,10,42,294,2040-10-14,204042,
2040-10-17,2040,10,42,291,2040-10-14,204042,
2040-10-19,2040,10,42,293,2040-10-14,204042,
2040-10-18,2040,10,42,292,2040-10-14,204042,
2040-10-23,2040,10,43,297,2040-10-21,204043,
2040-10-21,2040,10,43,295,2040-10-21,204043,
2040-10-27,2040,10,43,301,2040-10-21,204043,
2040-10-22,2040,10,43,296,2040-10-21,204043,
2040-10-26,2040,10,43,300,2040-10-21,204043,
2040-10-24,2040,10,43,298,2040-10-21,204043,
2040-10-25,2040,10,43,299,2040-10-21,204043,
2040-10-28,2040,11,44,302,2040-10-28,204044,
2040-10-30,2040,11,44,304,2040-10-28,204044,
2040-11-01,2040,11,44,306,2040-10-28,204044,
2040-11-03,2040,11,44,308,2040-10-28,204044,
2040-10-29,2040,11,44,303,2040-10-28,204044,
2040-11-02,2040,11,44,307,2040-10-28,204044,
2040-10-31,2040,11,44,305,2040-10-28,204044,
2040-11-06,2040,11,45,311,2040-11-04,204045,
2040-11-04,2040,11,45,309,2040-11-04,204045,
2040-11-08,2040,11,45,313,2040-11-04,204045,
2040-11-07,2040,11,45,312,2040-11-04,204045,
2040-11-09,2040,11,45,314,2040-11-04,204045,
2040-11-05,2040,11,45,310,2040-11-04,204045,
2040-11-10,2040,11,45,315,2040-11-04,204045,
2040-11-11,2040,11,46,316,2040-11-11,204046,
2040-11-13,2040,11,46,318,2040-11-11,204046,
2040-11-17,2040,11,46,322,2040-11-11,204046,
2040-11-15,2040,11,46,320,2040-11-11,204046,
2040-11-16,2040,11,46,321,2040-11-11,204046,
2040-11-12,2040,11,46,317,2040-11-11,204046,
2040-11-14,2040,11,46,319,2040-11-11,204046,
2040-11-20,2040,11,47,325,2040-11-18,204047,
2040-11-18,2040,11,47,323,2040-11-18,204047,
2040-11-22,2040,11,47,327,2040-11-18,204047,
2040-11-21,2040,11,47,326,2040-11-18,204047,
2040-11-24,2040,11,47,329,2040-11-18,204047,
2040-11-23,2040,11,47,328,2040-11-18,204047,
2040-11-19,2040,11,47,324,2040-11-18,204047,
2040-11-30,2040,12,48,335,2040-11-25,204048,
2040-12-01,2040,12,48,336,2040-11-25,204048,
2040-11-28,2040,12,48,333,2040-11-25,204048,
2040-11-25,2040,12,48,330,2040-11-25,204048,
2040-11-29,2040,12,48,334,2040-11-25,204048,
2040-11-27,2040,12,48,332,2040-11-25,204048,
2040-11-26,2040,12,48,331,2040-11-25,204048,
2040-12-02,2040,12,49,337,2040-12-02,204049,
2040-12-03,2040,12,49,338,2040-12-02,204049,
2040-12-04,2040,12,49,339,2040-12-02,204049,
2040-12-06,2040,12,49,341,2040-12-02,204049,
2040-12-08,2040,12,49,343,2040-12-02,204049,
2040-12-07,2040,12,49,342,2040-12-02,204049,
2040-12-05,2040,12,49,340,2040-12-02,204049,
2040-12-14,2040,12,50,349,2040-12-09,204050,
2040-12-15,2040,12,50,350,2040-12-09,204050,
2040-12-13,2040,12,50,348,2040-12-09,204050,
2040-12-12,2040,12,50,347,2040-12-09,204050,
2040-12-10,2040,12,50,345,2040-12-09,204050,
2040-12-09,2040,12,50,344,2040-12-09,204050,
2040-12-11,2040,12,50,346,2040-12-09,204050,
2040-12-22,2040,12,51,357,2040-12-16,204051,
2040-12-20,2040,12,51,355,2040-12-16,204051,
2040-12-18,2040,12,51,353,2040-12-16,204051,
2040-12-17,2040,12,51,352,2040-12-16,204051,
2040-12-16,2040,12,51,351,2040-12-16,204051,
2040-12-21,2040,12,51,356,2040-12-16,204051,
2040-12-19,2040,12,51,354,2040-12-16,204051,
2040-12-27,2040,12,52,362,2040-12-23,204052,
2040-12-28,2040,12,52,363,2040-12-23,204052,
2040-12-25,2040,12,52,360,2040-12-23,204052,
2040-12-26,2040,12,52,361,2040-12-23,204052,
2040-12-24,2040,12,52,359,2040-12-23,204052,
2040-12-29,2040,12,52,364,2040-12-23,204052,
2040-12-23,2040,12,52,358,2040-12-23,204052,
