"plan_master_id","l0_name","l1_name","channel","start_date","l3_name","age","gender","sub_channel","store_code","st","size","receipt_qty","style_number","sales_ty","gross_margin_ty","leg_type","class","leg_length_dsc","rtl_pricing_dsc","sleeve_length_dsc","sleeve_type","article","cluster_code_id","aur","forecasted_qty","actual_msrp","total_qty","eop_inventory_qty","fiscal_year","fiscal_week","cost","l5_name"
1501,CAN,Brick __ia_char_13 Mortar,Brick __ia_char_13 Mortar,2024-04-05,OUTERWEAR,TODDLER,GIRL,Brick __ia_char_13 Mortar,1471,0.7,"2T",3500,C1257120,61255.44,43907.13,CINCHED,SNOWSUITS-PANTS,LONG LEG,BETTER,LONG SLEEVE,NA,B224K106-CAN-Brick __ia_char_13 Mortar,300,19.68401,7855,89.5,10887,1399,2024,14,15.95,LIGHT WEIGHT
1502,CAN,Brick __ia_char_13 Mortar,Brick __ia_char_13 Mortar,2024-04-05,OUTERWEAR,TODDLER,GIRL,Brick __ia_char_13 Mortar,1472,0.7,"2T",17000,C1257187,156227.05,117925.0,CINCHED,SNOWSUITS-PANTS,LONG LEG,BETTER,LONG SLEEVE,NA,B224K168-CAN-Brick __ia_char_13 Mortar,300,20.5375,9841,89.5,9434,1002,2024,14,15.95,LIGHT WEIGHT
1503,CAN,E-Commerce,E-Commerce,2024-04-05,OUTERWEAR,TODDLER,BOY,E-Commerce,1469,0.7,"5T",1500,C1258116,65842.56,49700.0,CINCHED,SNOWSUITS-PANTS,SHORT LEG,BLANK,LONG SLEEVE,NA,OGBS150-CAN-E-Commerce,300,21.608713,4764,89.5,3976,1635,2024,14,15.95,LIGHT WEIGHT
1504,CAN,Brick __ia_char_13 Mortar,Brick __ia_char_13 Mortar,2024-04-05,OUTERWEAR,KIDS,BOY,Brick __ia_char_13 Mortar,1462,0.7,"8",4500,C125B108,72433.44,54675.0,CINCHED,SNOWSUITS-PANTS,LONG LEG,BLANK,LONG SLEEVE,NA,OW22B103-CAN-Brick __ia_char_13 Mortar,300,20.944,5423,89.5,4374,1487,2024,14,15.95,MID WEIGHT
1505,CAN,E-Commerce,E-Commerce,2024-04-05,OUTERWEAR,KIDS,GIRL,E-Commerce,1460,0.7,"8",4500,C125G290,89142.48,67287.5,CINCHED,SNOWSUITS-PANTS,LONG LEG,BEST,LONG SLEEVE,NA,C223BS93-CAN-E-Commerce,300,19.68401,3739,109.5,5383,666,2024,14,17.75,LIGHT WEIGHT
1506,CAN,Brick __ia_char_13 Mortar,Brick __ia_char_13 Mortar,2024-04-05,OUTERWEAR,KIDS,BLANK,Brick __ia_char_13 Mortar,7998,0.7,"7",3000,CH117911,53996.812,38081.96,CINCHED,SNOWSUITS-PANTS,LONG LEG,BEST,LONG SLEEVE,NA,C2238S93-CAN-Brick __ia_char_13 Mortar,300,19.033663,4414,109.5,3295,1033,2024,14,17.75,HEAVY WEIGHT
1507,CAN,Brick __ia_char_13 Mortar,Brick __ia_char_13 Mortar,2024-04-05,OUTERWEAR,KIDS,BLANK,Brick __ia_char_13 Mortar,2999,0.7,"8",8000,CH117E13,134393.89,100523.76,NA,JACKETS,NA,BLANK,NA,NA,CH117828-CAN-Brick __ia_char_13 Mortar,300,21.60362,9753,89.5,8201,571,2024,14,15.95,HEAVY WEIGHT
1508,CAN,E-Commerce,E-Commerce,2024-04-05,OUTERWEAR,TODDLER,BLANK,E-Commerce,521,0.65,"2T",4000,CH118719,60322.387,45119.86,NA,RAIN,NA,BLANK,NA,NA,CH118509-CAN-E-Commerce,300,19.466227,2570,129.0,3681,622,2024,14,21.19354,HEAVY WEIGHT
1509,CAN,Brick __ia_char_13 Mortar,Brick __ia_char_13 Mortar,2024-04-05,OUTERWEAR,TODDLER,BLANK,Brick __ia_char_13 Mortar,902,0.47,"4T",3500,CH118817,70531.8,52756.28,NA,RAIN,NA,BLANK,NA,NA,CH119812-CAN-Brick __ia_char_13 Mortar,300,21.839437,7322,129.0,4304,3921,2024,14,21.19354,HEAVY WEIGHT
1510,CAN,E-Commerce,E-Commerce,2024-04-05,OUTERWEAR,TODDLER,BLANK,E-Commerce,904,0.47,"2T",5000,CH118893,74432.02,55673.566,NA,JACKETS,NA,BLANK,NA,NA,CH120509-CAN-E-Commerce,300,19.033663,7394,129.0,4542,3225,2024,14,21.19354,HEAVY WEIGHT
1511,CAN,E-Commerce,E-Commerce,2024-04-05,OUTERWEAR,KIDS,BLANK,E-Commerce,997,0.45,"6",5000,CH118E93,90028.84,64096.12,NA,RAIN,NA,BLANK,NA,NA,CH120B82-CAN-E-Commerce,300,19.68401,5506,129.0,4598,941,2024,14,21.19354,HEAVY WEIGHT
1512,CAN,E-Commerce,E-Commerce,2024-04-05,OUTERWEAR,INFANT,BOY,E-Commerce,901,0.47,"18M",8000,CH119692,69685.22,48153.27,NA,JACKETS,NA,BLANK,NA,NA,CH121817-CAN-E-Commerce,300,19.68401,664,129.0,3559,3669,2024,14,21.19354,MID WEIGHT
1513,CAN,Brick __ia_char_13 Mortar,Brick __ia_char_13 Mortar,2024-04-05,OUTERWEAR,TODDLER,GIRL,Brick __ia_char_13 Mortar,1999,0.65,"4T",4500,CH119702,132869.88,94596.84,NA,RAIN,NA,BLANK,NA,NA,CH122G60-CAN-Brick __ia_char_13 Mortar,300,22.005978,9582,139.0,6786,2811,2024,14,22.0185,LIGHT WEIGHT
1514,CAN,E-Commerce,E-Commerce,2024-04-05,OUTERWEAR,KIDS,BOY,E-Commerce,508,0.45,"7",5000,CH119E11,140545.23,100061.32,NA,RAIN,NA,BLANK,LONG SLEEVE,NA,CH123608-CAN-E-Commerce,300,19.01031,2941,139.0,7178,873,2024,14,22.0185,MID WEIGHT
1515,CAN,Brick __ia_char_13 Mortar,Brick __ia_char_13 Mortar,2024-04-05,OUTERWEAR,INFANT,BOY,Brick __ia_char_13 Mortar,905,0.65,"18M",3000,CH120615,99740.52,71010.36,NA,JACKETS,NA,BLANK,LONG SLEEVE,NA,CH123796-CAN-Brick __ia_char_13 Mortar,300,19.239662,9683,129.0,5094,1462,2024,14,21.49001,MID WEIGHT
1516,CAN,E-Commerce,E-Commerce,2024-04-05,OUTERWEAR,KIDS,BOY,E-Commerce,522,0.65,"7",1500,CH120B15,70573.44,51971.92,NA,RAIN,NA,BLANK,LONG SLEEVE,NA,CH124521-CAN-E-Commerce,300,19.291712,5206,99.0,3304,3260,2024,14,11.91,MID WEIGHT
1517,CAN,E-Commerce,E-Commerce,2024-04-05,OUTERWEAR,KIDS,GIRL,E-Commerce,903,0.65,"5",3500,CH120G03,57736.08,41409.96,NA,JACKETS,NA,BLANK,LONG SLEEVE,NA,CH124693-CAN-E-Commerce,300,19.68401,10983,99.0,2703,1724,2024,14,11.96354,LIGHT WEIGHT
1518,CAN,Brick __ia_char_13 Mortar,Brick __ia_char_13 Mortar,2024-04-05,OUTERWEAR,KIDS,GIRL,Brick __ia_char_13 Mortar,520,1.0,"7",3000,CH120G09,93919.92,69164.81,NA,JACKETS,NA,BLANK,LONG SLEEVE,NA,CH124750-CAN-Brick __ia_char_13 Mortar,300,19.256224,6970,99.0,4397,2136,2024,14,11.91,LIGHT WEIGHT
1519,CAN,Brick __ia_char_13 Mortar,Brick __ia_char_13 Mortar,2024-04-05,OUTERWEAR,KIDS,GIRL,Brick __ia_char_13 Mortar,900,0.65,"6",10000,CH120G84,138669.12,102119.16,NA,JACKETS,NA,BLANK,LONG SLEEVE,NA,CH124B83-CAN-Brick __ia_char_13 Mortar,300,19.68401,5644,209.0,6492,3758,2024,14,28.83731,LIGHT WEIGHT
1520,CAN,E-Commerce,E-Commerce,2024-04-05,OUTERWEAR,INFANT,GIRL,E-Commerce,500,0.7,"12M",1000,CH121503,86748.3,62359.14,NA,RAIN,NA,BLANK,LONG SLEEVE,NA,CH124G80-CAN-E-Commerce,300,19.818789,632,139.0,4332,605,2024,14,29.18,LIGHT WEIGHT
1521,CAN,Brick __ia_char_13 Mortar,Brick __ia_char_13 Mortar,2024-04-05,OUTERWEAR,INFANT,GIRL,Brick __ia_char_13 Mortar,1470,0.8,"12M",7000,CH121517,58201.273,40425.824,NA,RAIN,NA,BLANK,NA,NA,C1178113-CAN-Brick __ia_char_13 Mortar,300,19.788166,9914,109.0,3135,2343,2024,14,17.03007,LIGHT WEIGHT
1522,CAN,E-Commerce,E-Commerce,2024-04-05,OUTERWEAR,INFANT,GIRL,E-Commerce,1474,0.6,"12M",10187,CH121586,38912.24,26168.56,NA,RAIN,NA,BETTER,NA,NA,C1185108-CAN-E-Commerce,300,19.778961,7228,109.0,2096,648,2024,14,17.03007,LIGHT WEIGHT
1523,CAN,Brick __ia_char_13 Mortar,Brick __ia_char_13 Mortar,2024-04-05,OUTERWEAR,INFANT,BOY,Brick __ia_char_13 Mortar,1354,0.8,"24M",3204,CH121615,65348.8,45390.4,NA,JACKETS,NA,GOOD,NA,NA,C118E111-CAN-Brick __ia_char_13 Mortar,300,19.760681,8665,109.0,3520,1935,2024,14,17.0,MID WEIGHT
1524,CAN,E-Commerce,E-Commerce,2024-04-05,OUTERWEAR,INFANT,BOY,E-Commerce,1459,0.8,"24M",9665,CH121685,95776.836,66525.305,NA,JACKETS,NA,BETTER,NA,NA,C118E194-CAN-E-Commerce,300,19.818789,8971,119.0,5159,2991,2024,14,24.8516,MID WEIGHT
1525,CAN,E-Commerce,E-Commerce,2024-04-05,OUTERWEAR,INFANT,BOY,E-Commerce,1442,0.8,"18M",6418,CH121685,161621.45,119355.234,NA,RAIN,NA,BETTER,NA,NA,C118E216-CAN-E-Commerce,300,19.255213,5545,119.0,10410,768,2024,14,24.8516,MID WEIGHT
1526,CAN,Brick __ia_char_13 Mortar,Brick __ia_char_13 Mortar,2024-04-05,OUTERWEAR,TODDLER,GIRL,Brick __ia_char_13 Mortar,1465,0.65,"2T",3210,CH121786,63494.145,46889.56,NA,JACKETS,NA,BETTER,NA,NA,C1205197-CAN-Brick __ia_char_13 Mortar,300,20.037392,2883,89.5,4089,4082,2024,14,15.5,LIGHT WEIGHT
1527,CAN,E-Commerce,E-Commerce,2024-04-05,OUTERWEAR,TODDLER,GIRL,E-Commerce,1468,0.75,"3T",4680,CH121786,124102.195,86611.74,NA,JACKETS,NA,BETTER,NA,NA,C1205596-CAN-E-Commerce,300,19.262152,7853,89.5,7993,722,2024,14,15.5,LIGHT WEIGHT
1528,CAN,Brick __ia_char_13 Mortar,Brick __ia_char_13 Mortar,2024-04-05,OUTERWEAR,TODDLER,GIRL,Brick __ia_char_13 Mortar,1473,0.65,"3T",7258,CH121787,63559.066,43211.977,NA,JACKETS,NA,BETTER,NA,NA,C120G197-CAN-Brick __ia_char_13 Mortar,300,19.818789,7144,89.5,4093,3334,2024,14,14.95,LIGHT WEIGHT
1529,CAN,Brick __ia_char_13 Mortar,Brick __ia_char_13 Mortar,2024-04-05,OUTERWEAR,TODDLER,BOY,Brick __ia_char_13 Mortar,1466,0.75,"2T",10283,CH121896,70621.19,52152.78,NA,JACKETS,NA,BETTER,NA,NA,C120G306-CAN-Brick __ia_char_13 Mortar,300,19.239155,5835,89.5,4548,1509,2024,14,14.95,LIGHT WEIGHT
1530,CAN,Brick __ia_char_13 Mortar,Brick __ia_char_13 Mortar,2024-04-05,OUTERWEAR,KIDS,BOY,Brick __ia_char_13 Mortar,1425,0.7,"5",15030,CH121B16,65324.598,48241.32,NA,JACKETS,NA,BETTER,LONG SLEEVE,NA,C122B176-CAN-Brick __ia_char_13 Mortar,300,20.037392,9044,99.0,4207,1839,2024,14,16.30939,MID WEIGHT
1531,CAN,Brick __ia_char_13 Mortar,Brick __ia_char_13 Mortar,2024-04-05,OUTERWEAR,KIDS,GIRL,Brick __ia_char_13 Mortar,983,0.7,"10",294,CH121G05,52965.89,39114.586,NA,JACKETS,NA,BETTER,LONG SLEEVE,NA,C1247122-CAN-Brick __ia_char_13 Mortar,300,19.818789,7007,99.0,3411,973,2024,14,16.30939,LIGHT WEIGHT
1532,CAN,Brick __ia_char_13 Mortar,Brick __ia_char_13 Mortar,2024-04-05,OUTERWEAR,KIDS,GIRL,Brick __ia_char_13 Mortar,354,0.65,"6",2659,CH121G09,75038.53,54061.58,NA,RAIN,NA,GOOD,LONG SLEEVE,NA,C124B111-CAN-Brick __ia_char_13 Mortar,300,54.650887,7248,109.0,4833,2321,2024,14,16.22756,LIGHT WEIGHT
1533,CAN,Brick __ia_char_13 Mortar,Brick __ia_char_13 Mortar,2024-04-05,OUTERWEAR,KIDS,GIRL,Brick __ia_char_13 Mortar,689,0.65,"10",6067,CH121G10,109671.7,79013.08,NA,JACKETS,NA,GOOD,LONG SLEEVE,NA,C124B216-CAN-Brick __ia_char_13 Mortar,300,19.818789,9152,109.0,7064,689,2024,14,16.22756,LIGHT WEIGHT
1534,CAN,Brick __ia_char_13 Mortar,Brick __ia_char_13 Mortar,2024-04-05,OUTERWEAR,KIDS,GIRL,Brick __ia_char_13 Mortar,558,0.8,"5",4789,CH121G99,35310.594,25439.549,NA,JACKETS,NA,BETTER,LONG SLEEVE,NA,C124B303-CAN-Brick __ia_char_13 Mortar,300,19.481703,3052,99.0,2274,3592,2024,14,19.42,LIGHT WEIGHT
1535,CAN,E-Commerce,E-Commerce,2024-04-05,OUTERWEAR,KIDS,GIRL,E-Commerce,300,0.8,"7",4061,CH121G99,69266.34,49902.996,NA,RAIN,NA,BETTER,NA,NA,C125B115-CAN-E-Commerce,300,19.68401,9310,159.0,4461,3026,2024,14,33.96753,LIGHT WEIGHT
1536,CAN,Brick __ia_char_13 Mortar,Brick __ia_char_13 Mortar,2024-04-05,OUTERWEAR,INFANT,GIRL,Brick __ia_char_13 Mortar,380,0.8,"24M",10679,CH122521,103899.51,70705.2,NA,RAIN,NA,BETTER,NA,NA,C125B208-CAN-Brick __ia_char_13 Mortar,300,19.461193,9116,99.0,6692,4605,2024,14,14.952,LIGHT WEIGHT
1537,CAN,Brick __ia_char_13 Mortar,Brick __ia_char_13 Mortar,2024-04-05,OUTERWEAR,TODDLER,BOY,Brick __ia_char_13 Mortar,357,0.8,"2T",7713,CH122866,150077.06,108123.16,NA,RAIN,NA,BETTER,NA,NA,C125G120-CAN-Brick __ia_char_13 Mortar,300,19.818789,3374,99.0,9666,2197,2024,14,14.952,LIGHT WEIGHT
1538,CAN,E-Commerce,E-Commerce,2024-04-05,OUTERWEAR,TODDLER,BOY,E-Commerce,643,0.65,"3T",10732,CH122895,128059.07,90380.86,NA,RAIN,NA,BETTER,NA,NA,C220B192-CAN-E-Commerce,300,19.90383,977,129.0,6692,3333,2024,14,22.41809,LIGHT WEIGHT
1539,CAN,E-Commerce,E-Commerce,2024-04-05,OUTERWEAR,KIDS,BOY,E-Commerce,698,0.65,"7",8049,CH122B16,110273.09,75465.17,NA,RAIN,NA,BETTER,NA,NA,C220B193-CAN-E-Commerce,300,19.458605,10040,129.0,5762,1302,2024,14,22.41809,MID WEIGHT
1540,CAN,E-Commerce,E-Commerce,2024-04-05,OUTERWEAR,KIDS,BOY,E-Commerce,980,0.0,"6",7713,CH122B66,96044.305,67785.65,NA,JACKETS,NA,BETTER,NA,NA,C219B126-CAN-E-Commerce,300,18.935064,740,139.9,5019,634,2024,14,0.0,MID WEIGHT
1541,CAN,E-Commerce,E-Commerce,2024-04-05,OUTERWEAR,KIDS,BOY,E-Commerce,102,0.5,"6",1118,CH122B86,69373.07,48961.76,NA,JACKETS,NA,BLANK,NA,NA,B216ER46-CAN-E-Commerce,300,60.02727,697,89.0,3625,3460,2024,14,16.632,MID WEIGHT
1542,CAN,E-Commerce,E-Commerce,2024-04-12,OUTERWEAR,KIDS,GIRL,E-Commerce,583,0.5,"5",516,CH122G90,85674.22,57074.113,NA,SNOWSUITS-PANTS,NA,BLANK,NA,NA,B2178S47-CAN-E-Commerce,300,19.496141,1730,89.0,5044,2685,2024,15,16.632,LIGHT WEIGHT
1543,CAN,E-Commerce,E-Commerce,2024-04-12,OUTERWEAR,KIDS,GIRL,E-Commerce,748,0.5,"5",1075,CH122G96,64255.664,42805.582,NA,JACKETS,NA,BLANK,NA,NA,B2179172-CAN-E-Commerce,300,18.935064,6375,89.0,3783,1728,2024,15,16.632,LIGHT WEIGHT
1544,CAN,Brick __ia_char_13 Mortar,Brick __ia_char_13 Mortar,2024-04-12,OUTERWEAR,INFANT,GIRL,Brick __ia_char_13 Mortar,740,0.6,"18M",505,CH123591,61578.344,41022.02,NA,JACKETS,NA,BLANK,NA,NA,B217DX46-CAN-Brick __ia_char_13 Mortar,300,18.935064,2983,89.0,3625,2300,2024,15,16.632,LIGHT WEIGHT
1545,CAN,E-Commerce,E-Commerce,2024-04-12,OUTERWEAR,INFANT,GIRL,E-Commerce,352,0.5,"12M",1118,CH123596,56073.74,39692.645,NA,JACKETS,NA,BLANK,NA,NA,B217E197-CAN-E-Commerce,300,19.487293,9573,89.0,3000,4562,2024,15,16.632,LIGHT WEIGHT
1546,CAN,Brick __ia_char_13 Mortar,Brick __ia_char_13 Mortar,2024-04-12,OUTERWEAR,TODDLER,GIRL,Brick __ia_char_13 Mortar,656,0.7,"4T",774,CH123790,43016.902,30450.168,NA,JACKETS,NA,BLANK,NA,NA,B2188196-CAN-Brick __ia_char_13 Mortar,300,19.54895,4018,89.5,2301,4551,2024,15,15.95,LIGHT WEIGHT
1547,CAN,Brick __ia_char_13 Mortar,Brick __ia_char_13 Mortar,2024-04-12,OUTERWEAR,TODDLER,BOY,Brick __ia_char_13 Mortar,686,0.7,"4T",516,CH123805,55511.168,39294.42,NA,JACKETS,NA,BLANK,NA,NA,B218EX67-CAN-Brick __ia_char_13 Mortar,300,18.935064,3079,89.5,2970,3180,2024,15,15.95,LIGHT WEIGHT
1548,CAN,Brick __ia_char_13 Mortar,Brick __ia_char_13 Mortar,2024-04-12,OUTERWEAR,KIDS,BOY,Brick __ia_char_13 Mortar,351,0.7,"10",1075,CH123B08,41146.035,29125.846,NA,SNOWSUITS-PANTS,NA,BLANK,NA,NA,B218K135-CAN-Brick __ia_char_13 Mortar,300,19.319094,3348,89.5,2201,4210,2024,15,15.95,MID WEIGHT
1549,CAN,E-Commerce,E-Commerce,2024-04-12,OUTERWEAR,KIDS,BOY,E-Commerce,200,0.7,"8",602,CH123B68,20677.998,14637.234,NA,SNOWSUITS-PANTS,NA,BETTER,NA,NA,B2195S46-CAN-E-Commerce,300,19.843761,7817,89.5,1106,1004,2024,15,15.95,MID WEIGHT
1550,CAN,E-Commerce,E-Commerce,2024-04-12,OUTERWEAR,KIDS,BOY,E-Commerce,653,0.7,"10",8822,CH123B88,37757.54,24868.662,NA,SNOWSUITS-PANTS,NA,BETTER,NA,NA,B2197S44-CAN-E-Commerce,300,19.53219,6752,109.5,2020,3223,2024,15,17.75,MID WEIGHT
1551,CAN,E-Commerce,E-Commerce,2024-04-12,OUTERWEAR,KIDS,GIRL,E-Commerce,587,0.7,"10",9010,CH123G70,44743.86,31672.62,NA,JACKETS,NA,BETTER,NA,NA,B2198112-CAN-E-Commerce,300,20.211681,3098,109.5,2394,3875,2024,15,17.75,LIGHT WEIGHT
1552,CAN,Brick __ia_char_13 Mortar,Brick __ia_char_13 Mortar,2024-04-12,OUTERWEAR,INFANT,GIRL,Brick __ia_char_13 Mortar,627,0.7,"12M",153,CH124580,19088.098,13511.799,NA,JACKETS,NA,BETTER,NA,NA,B2198X30-CAN-Brick __ia_char_13 Mortar,300,22.208607,9501,89.5,1021,3588,2024,15,15.95,LIGHT WEIGHT
1553,CAN,Brick __ia_char_13 Mortar,Brick __ia_char_13 Mortar,2024-04-12,OUTERWEAR,INFANT,GIRL,Brick __ia_char_13 Mortar,675,0.65,"18M",6163,CH124590,29508.3,20887.898,NA,JACKETS,NA,BETTER,NA,NA,B219A234-CAN-Brick __ia_char_13 Mortar,300,19.80215,4506,129.0,1578,3070,2024,15,21.19354,LIGHT WEIGHT
1554,CAN,E-Commerce,E-Commerce,2024-04-12,OUTERWEAR,KIDS,BOY,E-Commerce,747,0.47,"8",11319,CH124B83,204871.1,130299.17,NA,JACKETS,NA,BETTER,NA,NA,B219DX16-CAN-E-Commerce,300,22.312378,9217,129.0,11525,2395,2024,15,21.19354,MID WEIGHT
1555,CAN,E-Commerce,E-Commerce,2024-04-12,OUTERWEAR,KIDS,BOY,E-Commerce,353,0.47,"6",5453,CH124B88,191653.61,121892.77,NA,JACKETS,NA,BETTER,NA,NA,B219E194-CAN-E-Commerce,300,20.207066,8669,129.0,10782,3001,2024,15,21.19354,MID WEIGHT
1556,CAN,E-Commerce,E-Commerce,2024-04-12,OUTERWEAR,KIDS,GIRL,E-Commerce,98,0.45,"6",3679,CH124G70,76813.336,45007.645,NA,JACKETS,NA,BETTER,NA,NA,B2207S56-CAN-E-Commerce,300,22.394949,9929,129.0,4321,3055,2024,15,21.19354,LIGHT WEIGHT
1557,CAN,E-Commerce,E-Commerce,2024-04-12,OUTERWEAR,TODDLER,BOY,E-Commerce,101,0.47,"2T",7045,DW2801EY,142088.02,90368.78,NA,JACKETS,NA,BETTER,NA,NA,B220GS46-CAN-E-Commerce,300,19.503883,8757,129.0,7993,3760,2024,15,21.19354,LIGHT WEIGHT
1645,CAN,Brick __ia_char_13 Mortar,Brick __ia_char_13 Mortar,2024-04-26,BABY,INFANT,GIRL,Brick __ia_char_13 Mortar,299,0.47,"18M",10327,"118G288",53573.652,34400.094,LEGGING,SETS,LONG LEG,BLANK,LONG SLEEVE,NA,"1R507710-CAN-Brick __ia_char_13 Mortar",300,19.778961,4325,129.0,1604,1387,2024,17,21.19354,HOLIDAYS AND EVENTS
1646,CAN,Brick __ia_char_13 Mortar,Brick __ia_char_13 Mortar,2024-04-26,BABY,INFANT,BOY,Brick __ia_char_13 Mortar,88,0.45,"6M",4166,"118G318",54482.887,30464.076,LEGGING,SETS,LONG LEG,BLANK,LONG SLEEVE,NA,"2O030810-CAN-Brick __ia_char_13 Mortar",300,18.993422,4610,129.0,1631,3152,2024,17,21.19354,"1 PC KEY ITEMS"
1647,CAN,Brick __ia_char_13 Mortar,Brick __ia_char_13 Mortar,2024-04-26,BABY,INFANT,BOY,Brick __ia_char_13 Mortar,139,0.47,"24M",7440,"118G318",43586.31,24371.262,LEGGING,KNIT BOTTOMS,LONG LEG,BLANK,NA,NA,"2O174310-CAN-Brick __ia_char_13 Mortar",300,19.778961,10226,129.0,1305,1748,2024,17,21.19354,"1 PC KEY ITEMS"
1648,CAN,Brick __ia_char_13 Mortar,Brick __ia_char_13 Mortar,2024-04-26,BABY,INFANT,GIRL,Brick __ia_char_13 Mortar,702,0.65,"24M",4751,"118G361",56820.523,33523.938,LEGGING,KNIT BOTTOMS,LONG LEG,"",NA,NA,"2R514210-CAN-Brick __ia_char_13 Mortar",300,19.778961,3792,139.0,1701,1072,2024,17,22.0185,HOLIDAYS AND EVENTS
1649,CAN,Brick __ia_char_13 Mortar,Brick __ia_char_13 Mortar,2024-04-26,BABY,INFANT,GIRL,Brick __ia_char_13 Mortar,169,0.45,"24M",4544,"118G377",109772.93,64765.7,LEGGING,KNIT BOTTOMS,LONG LEG,BLANK,NA,NA,"2R533210-CAN-Brick __ia_char_13 Mortar",300,19.851091,7873,139.0,3287,3411,2024,17,22.0185,HOLIDAYS AND EVENTS
1650,CAN,Brick __ia_char_13 Mortar,Brick __ia_char_13 Mortar,2024-04-26,BABY,INFANT,GIRL,Brick __ia_char_13 Mortar,607,0.65,"6M",3925,"118G933",77486.77,45716.965,LEGGING,KNIT BOTTOMS,LONG LEG,BLANK,NA,NA,"2R856710-CAN-Brick __ia_char_13 Mortar",300,19.415234,2829,129.0,2320,4080,2024,17,21.49001,HOLIDAYS AND EVENTS
1651,CAN,Brick __ia_char_13 Mortar,Brick __ia_char_13 Mortar,2024-04-26,BABY,INFANT,GIRL,Brick __ia_char_13 Mortar,603,0.65,"18M",3718,"118G948",29141.713,18066.291,LEGGING,KNIT BOTTOMS,LONG LEG,BLANK,NA,NA,"2R856710-CAN-Brick __ia_char_13 Mortar",300,19.01115,5528,99.0,872,1409,2024,17,11.91,HOLIDAYS AND EVENTS
1652,CAN,Brick __ia_char_13 Mortar,Brick __ia_char_13 Mortar,2024-04-26,BABY,INFANT,GIRL,Brick __ia_char_13 Mortar,602,0.65,NB,3202,"118G951",34440.207,21351.07,LEGGING,KNIT BOTTOMS,LONG LEG,BLANK,NA,NA,"2R863810-CAN-Brick __ia_char_13 Mortar",300,52.18241,9718,99.0,1031,1460,2024,17,11.96354,HOLIDAYS AND EVENTS
1653,CAN,Brick __ia_char_13 Mortar,Brick __ia_char_13 Mortar,2024-04-26,BABY,INFANT,BOY,Brick __ia_char_13 Mortar,610,1.0,"24M",3098,"118H010",122740.48,85935.99,LEGGING,KNIT BOTTOMS,LONG LEG,BLANK,NA,NA,"3O055814-CAN-Brick __ia_char_13 Mortar",300,19.778961,9442,99.0,3532,1389,2024,17,11.91,"1 PC KEY ITEMS"
1654,CAN,Brick __ia_char_13 Mortar,Brick __ia_char_13 Mortar,2024-04-26,BABY,INFANT,BOY,Brick __ia_char_13 Mortar,7992,0.65,"24M",2685,"118H015",116280.45,81413.05,LEGGING,KNIT BOTTOMS,LONG LEG,BLANK,NA,NA,"3O171810-CAN-Brick __ia_char_13 Mortar",300,18.920578,4744,209.0,3346,3179,2024,17,28.83731,"1 PC KEY ITEMS"
1655,CAN,Brick __ia_char_13 Mortar,Brick __ia_char_13 Mortar,2024-04-26,BABY,INFANT,BOY,Brick __ia_char_13 Mortar,7999,0.7,"18M",2479,"118H016",96900.375,67844.2,LEGGING,KNIT BOTTOMS,LONG LEG,BLANK,NA,NA,"3O202210-CAN-Brick __ia_char_13 Mortar",300,18.857971,1071,139.0,2788,2539,2024,17,29.18,"1 PC KEY ITEMS"
1656,CAN,Brick __ia_char_13 Mortar,Brick __ia_char_13 Mortar,2024-04-26,BABY,INFANT,GIRL,Brick __ia_char_13 Mortar,480,0.8,"12M",13756,"118H046",96900.375,67844.2,LEGGING,SETS,LONG LEG,BLANK,LONG SLEEVE,NA,"3R339910-CAN-Brick __ia_char_13 Mortar",300,44.591537,5896,109.0,2788,2355,2024,17,17.03007,HOLIDAYS AND EVENTS
1657,CAN,Brick __ia_char_13 Mortar,Brick __ia_char_13 Mortar,2024-04-26,BABY,INFANT,GIRL,Brick __ia_char_13 Mortar,1023,0.6,"18M",13013,"118H049",64600.25,44764.72,LEGGING,KNIT BOTTOMS,LONG LEG,BLANK,NA,NA,"3R536010-CAN-Brick __ia_char_13 Mortar",300,52.18241,1830,109.0,1859,1910,2024,17,17.03007,HOLIDAYS AND EVENTS
1658,CAN,Brick __ia_char_13 Mortar,Brick __ia_char_13 Mortar,2024-04-26,BABY,INFANT,BOY,Brick __ia_char_13 Mortar,410,0.8,"9M",11154,"118H068",50510.164,35001.0,LEGGING,KNIT BOTTOMS,LONG LEG,BLANK,NA,NA,"3R858010-CAN-Brick __ia_char_13 Mortar",300,18.950777,6967,109.0,1453,3672,2024,17,17.0,"1 PC KEY ITEMS"
1659,CAN,Brick __ia_char_13 Mortar,Brick __ia_char_13 Mortar,2024-04-26,BABY,INFANT,BOY,Brick __ia_char_13 Mortar,575,0.8,"24M",10410,"118H070",214668.03,153581.28,CINCHED,SETS,LONG LEG,BETTER,LONG SLEEVE,NA,"1O031910-CAN-Brick __ia_char_13 Mortar",300,52.18241,10027,119.0,5762,1836,2024,17,24.8516,"1 PC KEY ITEMS"
1660,CAN,Brick __ia_char_13 Mortar,Brick __ia_char_13 Mortar,2024-04-26,BABY,INFANT,GIRL,Brick __ia_char_13 Mortar,308,0.8,"24M",7436,"118H940",193893.7,138718.58,LEGGING,KNIT BOTTOMS,LONG LEG,BLANK,NA,NA,"1O087410-CAN-Brick __ia_char_13 Mortar",300,19.778961,3267,119.0,5205,3194,2024,17,24.8516,HOLIDAYS AND EVENTS
1661,CAN,Brick __ia_char_13 Mortar,Brick __ia_char_13 Mortar,2024-04-26,BABY,INFANT,GIRL,Brick __ia_char_13 Mortar,359,0.65,"6M",7064,"118H946",173119.38,123855.875,LEGGING,KNIT BOTTOMS,LONG LEG,BETTER,NA,NA,"1P960510-CAN-Brick __ia_char_13 Mortar",300,19.411467,7963,89.5,4647,3749,2024,17,15.5,HOLIDAYS AND EVENTS
1662,CAN,Brick __ia_char_13 Mortar,Brick __ia_char_13 Mortar,2024-04-26,BABY,INFANT,GIRL,Brick __ia_char_13 Mortar,362,0.75,"6M",5493,"118H966",159269.83,112921.234,LEGGING,KNIT BOTTOMS,LONG LEG,BLANK,NA,NA,"2O087411-CAN-Brick __ia_char_13 Mortar",300,40.211338,6862,89.5,4275,2453,2024,17,15.5,HOLIDAYS AND EVENTS
1663,CAN,Brick __ia_char_13 Mortar,Brick __ia_char_13 Mortar,2024-04-26,BABY,INFANT,GIRL,Brick __ia_char_13 Mortar,390,0.65,"9M",4917,"118H968",138495.5,99084.7,LEGGING,KNIT BOTTOMS,LONG LEG,GOOD,NA,NA,"2O174310-CAN-Brick __ia_char_13 Mortar",300,52.18241,3028,89.5,3718,4619,2024,17,14.95,HOLIDAYS AND EVENTS
1664,CAN,Brick __ia_char_13 Mortar,Brick __ia_char_13 Mortar,2024-04-26,BABY,INFANT,GIRL,Brick __ia_char_13 Mortar,766,0.75,NB,5340,"118H969",102271.984,72510.15,LEGGING,KNIT BOTTOMS,LONG LEG,GOOD,NA,NA,"2R529610-CAN-Brick __ia_char_13 Mortar",300,19.841434,8230,89.5,2745,2104,2024,17,14.95,HOLIDAYS AND EVENTS
1665,CAN,Brick __ia_char_13 Mortar,Brick __ia_char_13 Mortar,2024-04-26,BABY,INFANT,BOY,Brick __ia_char_13 Mortar,865,0.7,NB,5013,"118H971",286813.97,211134.06,LEGGING,SETS,LONG LEG,BETTER,LONG SLEEVE,NA,"2R724310-CAN-Brick __ia_char_13 Mortar",300,19.778961,5669,99.0,8551,1066,2024,17,16.30939,"1 PC KEY ITEMS"
1666,CAN,E-Commerce,E-Commerce,2024-04-26,BABY,INFANT,BOY,E-Commerce,56,0.7,"24M",4687,"118H971",274343.78,201954.33,LEGGING,KNIT BOTTOMS,LONG LEG,GOOD,NA,NA,"3R365110-CAN-E-Commerce",300,19.778961,1370,99.0,8179,1992,2024,17,16.30939,"1 PC KEY ITEMS"
1667,CAN,Brick __ia_char_13 Mortar,Brick __ia_char_13 Mortar,2024-04-26,BABY,INFANT,BOY,Brick __ia_char_13 Mortar,100,0.65,NB,3697,"118H990",236933.27,174415.1,LEGGING,KNIT BOTTOMS,LONG LEG,GOOD,NA,NA,"1Q460810-CAN-Brick __ia_char_13 Mortar",300,19.116072,8718,109.0,7064,1307,2024,17,16.22756,"1 PC KEY ITEMS"
1668,CAN,E-Commerce,E-Commerce,2024-04-26,BABY,INFANT,GIRL,E-Commerce,697,0.65,"3M",3869,"118I014",224463.1,165235.36,CINCHED,WOVEN BOTTOMS,LONG LEG,BEST,NA,NA,"1S782410-CAN-E-Commerce",300,19.024794,4921,109.0,6692,1244,2024,17,16.22756,HOLIDAYS AND EVENTS
1669,CAN,Brick __ia_char_13 Mortar,Brick __ia_char_13 Mortar,2024-04-26,BABY,INFANT,GIRL,Brick __ia_char_13 Mortar,36,0.8,"6M",2956,"118I015",193287.67,142286.0,CINCHED,KNIT TOPS,NA,GOOD,SLEEVELESS,NA,"2O987211-CAN-Brick __ia_char_13 Mortar",300,19.778961,1286,99.0,5762,662,2024,17,19.42,HOLIDAYS AND EVENTS
1670,CAN,Brick __ia_char_13 Mortar,Brick __ia_char_13 Mortar,2024-04-26,BABY,INFANT,GIRL,Brick __ia_char_13 Mortar,1086,0.8,"24M",1178,"118I019",187052.58,137696.12,LEGGING,KNIT BOTTOMS,LONG LEG,BETTER,NA,NA,"2S550410-CAN-Brick __ia_char_13 Mortar",300,44.591537,9628,159.0,5577,3015,2024,17,33.96753,HOLIDAYS AND EVENTS
1671,CAN,E-Commerce,E-Commerce,2024-04-26,BABY,INFANT,BOY,E-Commerce,334,0.8,"9M",2922,"118I031",162112.23,119336.65,LEGGING,KNIT BOTTOMS,LONG LEG,GOOD,NA,NA,"3Q457811-CAN-E-Commerce",300,18.920403,10793,99.0,4833,2828,2024,17,14.952,"1 PC KEY ITEMS"
1672,CAN,Brick __ia_char_13 Mortar,Brick __ia_char_13 Mortar,2024-04-26,BABY,INFANT,GIRL,Brick __ia_char_13 Mortar,832,0.8,"6M",2778,"118I036",149642.06,110156.91,LEGGING,KNIT BOTTOMS,LONG LEG,BLANK,NA,NA,"2O895013-CAN-Brick __ia_char_13 Mortar",300,18.921658,8885,99.0,4461,514,2024,17,14.952,HOLIDAYS AND EVENTS
1673,CAN,Brick __ia_char_13 Mortar,Brick __ia_char_13 Mortar,2024-04-26,BABY,INFANT,GIRL,Brick __ia_char_13 Mortar,733,0.65,"9M",2133,"118I036",25936.482,16318.302,CINCHED,KNIT TOPS,NA,BLANK,SLEEVELESS,NA,"2O987211-CAN-Brick __ia_char_13 Mortar",300,19.453087,6250,129.0,1086,863,2024,17,22.41809,HOLIDAYS AND EVENTS
1674,CAN,Brick __ia_char_13 Mortar,Brick __ia_char_13 Mortar,2024-04-26,BABY,INFANT,GIRL,Brick __ia_char_13 Mortar,883,0.65,"9M",5352,"118I038",266465.34,199608.27,LEGGING,KNIT BOTTOMS,LONG LEG,BLANK,NA,NA,"3Q450010-CAN-Brick __ia_char_13 Mortar",300,53.672085,10150,129.0,6878,1008,2024,17,22.41809,HOLIDAYS AND EVENTS
1675,CAN,E-Commerce,E-Commerce,2024-04-26,BABY,INFANT,BOY,E-Commerce,451,0.0,"24M",5207,"118I041",252061.81,188818.62,LEGGING,KNIT BOTTOMS,LONG LEG,BLANK,NA,NA,"2O559513-CAN-E-Commerce",300,18.942892,8658,139.9,6506,4112,2024,17,0.0,"1 PC KEY ITEMS"
1676,CAN,Brick __ia_char_13 Mortar,Brick __ia_char_13 Mortar,2024-04-26,BABY,INFANT,BOY,Brick __ia_char_13 Mortar,335,0.5,"24M",5062,"118I041",216052.98,161844.55,LEGGING,KNIT BOTTOMS,LONG LEG,BETTER,NA,NA,"2Q086511-CAN-Brick __ia_char_13 Mortar",300,18.930563,9860,89.0,5577,2193,2024,17,16.632,"1 PC KEY ITEMS"
1677,CAN,E-Commerce,E-Commerce,2024-04-26,BABY,INFANT,BOY,E-Commerce,5102,0.5,"3M",4846,"118I043",201649.45,151054.9,LEGGING,KNIT BOTTOMS,LONG LEG,GOOD,NA,NA,"2S003010-CAN-E-Commerce",300,19.778961,5915,89.0,5205,4277,2024,17,16.632,"1 PC KEY ITEMS"
1678,CAN,E-Commerce,E-Commerce,2024-04-26,BABY,INFANT,GIRL,E-Commerce,374,0.5,NB,3532,"118I220",144035.31,107896.36,LEGGING,KNIT BOTTOMS,LONG LEG,BETTER,NA,NA,"3S022410-CAN-E-Commerce",300,18.93583,8110,89.0,3718,2893,2024,17,16.632,HOLIDAYS AND EVENTS
1679,CAN,Brick __ia_char_13 Mortar,Brick __ia_char_13 Mortar,2024-04-26,BABY,INFANT,GIRL,Brick __ia_char_13 Mortar,406,0.6,"3M",3304,"119G175",136833.55,102501.54,CINCHED,OVERALLS,LONG LEG,BLANK,SLEEVELESS,NA,"1O523510-CAN-Brick __ia_char_13 Mortar",300,44.591537,5526,89.0,3532,2186,2024,17,16.632,HOLIDAYS AND EVENTS
1680,CAN,Brick __ia_char_13 Mortar,Brick __ia_char_13 Mortar,2024-04-26,BABY,INFANT,GIRL,Brick __ia_char_13 Mortar,1011,0.5,"12M",3190,"119G307",199812.75,142923.64,CINCHED,OVERALLS,LONG LEG,BLANK,SLEEVELESS,NA,"2O523510-CAN-Brick __ia_char_13 Mortar",300,18.90981,10968,89.0,4833,4325,2024,17,16.632,HOLIDAYS AND EVENTS
1681,CAN,Brick __ia_char_13 Mortar,Brick __ia_char_13 Mortar,2024-04-26,BABY,INFANT,BOY,Brick __ia_char_13 Mortar,5101,0.7,"3M",3395,"119G314",184442.55,131929.52,LEGGING,KNIT BOTTOMS,LONG LEG,BLANK,NA,NA,"2O560010-CAN-Brick __ia_char_13 Mortar",300,19.778961,4483,89.5,4461,1121,2024,17,15.95,"1 PC KEY ITEMS"
1682,CAN,Brick __ia_char_13 Mortar,Brick __ia_char_13 Mortar,2024-04-26,BABY,INFANT,GIRL,Brick __ia_char_13 Mortar,940,0.7,"6M",3252,"120G050",169072.33,120935.38,LEGGING,KNIT BOTTOMS,LONG LEG,BLANK,NA,NA,"3O564210-CAN-Brick __ia_char_13 Mortar",300,19.837254,5051,89.5,4089,2444,2024,17,15.95,HOLIDAYS AND EVENTS
1683,CAN,Brick __ia_char_13 Mortar,Brick __ia_char_13 Mortar,2024-04-26,BABY,INFANT,BOY,Brick __ia_char_13 Mortar,1282,0.7,"6M",3106,"120G118",153702.12,109941.26,LEGGING,KNIT BOTTOMS,SHORT LEG,BLANK,NA,NA,"3R018311-CAN-Brick __ia_char_13 Mortar",300,19.778961,6033,89.5,3718,4671,2024,17,15.95,"1 PC KEY ITEMS"
1684,CAN,Brick __ia_char_13 Mortar,Brick __ia_char_13 Mortar,2024-04-26,BABY,INFANT,BOY,Brick __ia_char_13 Mortar,728,0.7,"3M",1921,"120G123",138331.9,98947.13,LEGGING,KNIT BOTTOMS,LONG LEG,BLANK,NA,NA,"3S025310-CAN-Brick __ia_char_13 Mortar",300,18.945173,6946,89.5,3346,1180,2024,17,15.95,"1 PC KEY ITEMS"
1685,CAN,Brick __ia_char_13 Mortar,Brick __ia_char_13 Mortar,2024-04-26,BABY,INFANT,GIRL,Brick __ia_char_13 Mortar,458,0.7,"18M",1777,"120G124",115276.59,82455.945,LEGGING,KNIT BOTTOMS,LONG LEG,BLANK,NA,NA,"2N992511-CAN-Brick __ia_char_13 Mortar",300,52.80979,3750,109.5,2788,1759,2024,17,17.75,HOLIDAYS AND EVENTS
1686,CAN,Brick __ia_char_13 Mortar,Brick __ia_char_13 Mortar,2024-04-26,BABY,INFANT,BOY,Brick __ia_char_13 Mortar,806,0.7,"18M",1586,"121G432",87132.19,49427.094,LEGGING,KNIT BOTTOMS,LONG LEG,BLANK,NA,NA,"2N992812-CAN-Brick __ia_char_13 Mortar",300,19.778961,4794,109.5,2631,3993,2024,17,17.75,"1 PC KEY ITEMS"
1687,CAN,Brick __ia_char_13 Mortar,Brick __ia_char_13 Mortar,2024-04-26,BABY,INFANT,GIRL,Brick __ia_char_13 Mortar,526,0.7,"6M",4500,"121G476",34095.203,15490.332,LEGGING,KNIT BOTTOMS,LONG LEG,BLANK,NA,NA,"3N980411-CAN-Brick __ia_char_13 Mortar",300,20.037392,6150,89.5,1029,3778,2024,17,15.95,HOLIDAYS AND EVENTS
1688,CAN,Brick __ia_char_13 Mortar,Brick __ia_char_13 Mortar,2024-04-26,BABY,INFANT,GIRL,Brick __ia_char_13 Mortar,805,0.65,"24M",1836,"121H093",14887.679,6763.8574,LEGGING,KNIT BOTTOMS,LONG LEG,BETTER,NA,NA,"3P822310-CAN-Brick __ia_char_13 Mortar",300,18.945997,1469,129.0,449,2735,2024,17,21.19354,HOLIDAYS AND EVENTS
1689,CAN,Brick __ia_char_13 Mortar,Brick __ia_char_13 Mortar,2024-04-26,BABY,INFANT,GIRL,Brick __ia_char_13 Mortar,467,0.47,"12M",4000,"121H120",32201.025,19394.518,LEGGING,KNIT BOTTOMS,LONG LEG,BLANK,NA,NA,"1N992810-CAN-Brick __ia_char_13 Mortar",300,19.88333,1273,129.0,972,4757,2024,17,21.19354,HOLIDAYS AND EVENTS
1690,CAN,Brick __ia_char_13 Mortar,Brick __ia_char_13 Mortar,2024-04-26,BABY,INFANT,BOY,Brick __ia_char_13 Mortar,464,0.47,"3M",2000,"121H169",33693.09,11270.688,LEGGING,KNIT BOTTOMS,LONG LEG,BLANK,NA,NA,"1R400610-CAN-Brick __ia_char_13 Mortar",300,44.591537,1131,129.0,915,4378,2024,17,21.19354,"1 PC KEY ITEMS"
1691,CAN,Brick __ia_char_13 Mortar,Brick __ia_char_13 Mortar,2024-04-26,BABY,INFANT,BOY,Brick __ia_char_13 Mortar,804,0.45,"6M",1000,"121H174",27975.11,13301.166,JEGGING,DENIM BOTTOMS,LONG LEG,BLANK,NA,NA,"2N990510-CAN-Brick __ia_char_13 Mortar",300,53.672085,8842,129.0,844,2884,2024,17,21.19354,"1 PC KEY ITEMS"
1692,CAN,Brick __ia_char_13 Mortar,Brick __ia_char_13 Mortar,2024-04-26,BABY,INFANT,GIRL,Brick __ia_char_13 Mortar,720,0.47,"24M",7849,"121H242",139139.0,89689.6,LEGGING,DENIM BOTTOMS,LONG LEG,BLANK,NA,NA,"3O555110-CAN-Brick __ia_char_13 Mortar",300,19.778961,985,129.0,2002,4601,2024,17,21.19354,HOLIDAYS AND EVENTS
1693,CAN,Brick __ia_char_13 Mortar,Brick __ia_char_13 Mortar,2024-04-26,BABY,INFANT,GIRL,Brick __ia_char_13 Mortar,497,0.65,NB,4960,"121H244",135163.6,87127.04,LEGGING,SETS,LONG LEG,BLANK,SHORT SLEEVE,RUFFLE SLEEVE,"1O855210-CAN-Brick __ia_char_13 Mortar",300,19.778961,5691,139.0,1944,1146,2024,17,22.0185,HOLIDAYS AND EVENTS
1694,CAN,Brick __ia_char_13 Mortar,Brick __ia_char_13 Mortar,2024-04-26,BABY,INFANT,GIRL,Brick __ia_char_13 Mortar,5100,0.45,"9M",4857,"121H245",131188.2,84564.48,LEGGING,KNIT BOTTOMS,CROP-ANKLE,GOOD,NA,NA,"1P066010-CAN-Brick __ia_char_13 Mortar",300,19.778961,9109,139.0,1887,1733,2024,17,22.0185,HOLIDAYS AND EVENTS
1695,CAN,Brick __ia_char_13 Mortar,Brick __ia_char_13 Mortar,2024-04-26,BABY,INFANT,GIRL,Brick __ia_char_13 Mortar,465,0.65,"12M",3975,"121I126",40288.246,29657.629,LEGGING,KNIT BOTTOMS,LONG LEG,GOOD,NA,NA,"2Q949310-CAN-Brick __ia_char_13 Mortar",300,19.778961,3363,129.0,1201,4015,2024,17,21.49001,HOLIDAYS AND EVENTS
1696,CAN,Brick __ia_char_13 Mortar,Brick __ia_char_13 Mortar,2024-04-26,BABY,INFANT,BOY,Brick __ia_char_13 Mortar,811,0.65,"18M",8933,"121I132",24940.344,18359.484,LEGGING,SETS,LONG LEG,BLANK,LONG SLEEVE,NA,"1O579510-CAN-Brick __ia_char_13 Mortar",300,19.778961,9349,99.0,743,4257,2024,17,11.91,"1 PC KEY ITEMS"
1697,CAN,Brick __ia_char_13 Mortar,Brick __ia_char_13 Mortar,2024-04-26,BABY,INFANT,BOY,Brick __ia_char_13 Mortar,255,0.65,"3M",8049,"121I132",21103.367,15534.948,LEGGING,KNIT BOTTOMS,LONG LEG,BLANK,NA,NA,"2O589510-CAN-Brick __ia_char_13 Mortar",300,20.037392,7410,99.0,629,4403,2024,17,11.96354,"1 PC KEY ITEMS"
1698,CAN,Brick __ia_char_13 Mortar,Brick __ia_char_13 Mortar,2024-04-26,BABY,INFANT,GIRL,Brick __ia_char_13 Mortar,187,1.0,"18M",6609,"121I138",19184.88,14122.68,LEGGING,KNIT BOTTOMS,LONG LEG,BLANK,NA,NA,"2Q130610-CAN-Brick __ia_char_13 Mortar",300,20.037392,5965,99.0,572,4627,2024,17,11.91,HOLIDAYS AND EVENTS
1699,CAN,E-Commerce,E-Commerce,2024-04-26,BABY,INFANT,GIRL,E-Commerce,132,0.65,"18M",7396,"121I139",25417.52,18307.93,LEGGING,KNIT BOTTOMS,LONG LEG,BLANK,NA,NA,"2R993610-CAN-E-Commerce",300,18.955904,4819,209.0,731,604,2024,17,28.83731,HOLIDAYS AND EVENTS
1700,CAN,Brick __ia_char_13 Mortar,Brick __ia_char_13 Mortar,2024-04-26,BABY,INFANT,BOY,Brick __ia_char_13 Mortar,214,0.7,"9M",5637,"121I143",24349.867,17538.912,LEGGING,KNIT BOTTOMS,LONG LEG,BLANK,NA,NA,"2S014010-CAN-Brick __ia_char_13 Mortar",300,20.832266,7274,139.0,700,3837,2024,17,29.18,"1 PC KEY ITEMS"
1701,CAN,E-Commerce,E-Commerce,2024-04-26,BABY,INFANT,GIRL,E-Commerce,77,0.8,"12M",3613,"121I158",23255.79,16750.86,LEGGING,KNIT BOTTOMS,LONG LEG,BLANK,NA,NA,"3Q056110-CAN-E-Commerce",300,19.589191,5397,109.0,669,1191,2024,17,17.03007,HOLIDAYS AND EVENTS
1702,CAN,Brick __ia_char_13 Mortar,Brick __ia_char_13 Mortar,2024-04-26,BABY,INFANT,GIRL,Brick __ia_char_13 Mortar,220,0.6,"18M",3133,"121I162",14381.591,10358.885,LEGGING,KNIT BOTTOMS,LONG LEG,BLANK,NA,NA,"3Q056110-CAN-Brick __ia_char_13 Mortar",300,20.421509,9436,109.0,413,4571,2024,17,17.03007,HOLIDAYS AND EVENTS
1703,CAN,E-Commerce,E-Commerce,2024-04-26,BABY,INFANT,BOY,E-Commerce,99,0.8,"9M",2991,"121I165",13308.653,9586.061,LEGGING,KNIT BOTTOMS,LONG LEG,BETTER,NA,NA,"1O087112-CAN-E-Commerce",300,19.009735,2988,109.0,382,1485,2024,17,17.0,"1 PC KEY ITEMS"
1704,CAN,E-Commerce,E-Commerce,2024-04-26,BABY,INFANT,BOY,E-Commerce,1315,0.8,"3M",213,"121I170",11873.138,8552.075,LEGGING,KNIT BOTTOMS,SHORT LEG,GOOD,NA,NA,"1P345011-CAN-E-Commerce",300,44.591537,8802,119.0,341,1628,2024,17,24.8516,"1 PC KEY ITEMS"
1705,CAN,Brick __ia_char_13 Mortar,Brick __ia_char_13 Mortar,2024-03-19,BABY,INFANT,BOY,Brick __ia_char_13 Mortar,1223,0.8,"12M",194,"121I170",82606.94,59500.77,LEGGING,SETS,LONG LEG,BETTER,LONG SLEEVE,NA,"1Q055010-CAN-Brick __ia_char_13 Mortar",300,18.9321,5286,119.0,2377,4240,2024,12,24.8516,"1 PC KEY ITEMS"
1706,CAN,Brick __ia_char_13 Mortar,Brick __ia_char_13 Mortar,2024-03-19,BABY,INFANT,BOY,Brick __ia_char_13 Mortar,1327,0.65,"3M",3292,"127G102",79137.07,57001.465,LEGGING,SETS,LONG LEG,BETTER,LONG SLEEVE,NA,"1R975410-CAN-Brick __ia_char_13 Mortar",300,18.942171,7789,89.5,2277,1571,2024,12,15.5,"1 PC KEY ITEMS"
1707,CAN,Brick __ia_char_13 Mortar,Brick __ia_char_13 Mortar,2024-03-19,BABY,INFANT,GIRL,Brick __ia_char_13 Mortar,1337,0.75,"24M",1543,"127G312",75581.31,54440.297,LEGGING,SETS,LONG LEG,BETTER,LONG SLEEVE,NA,"2O579210-CAN-Brick __ia_char_13 Mortar",300,19.778961,3596,89.5,2175,4942,2024,12,15.5,HOLIDAYS AND EVENTS
1708,CAN,Brick __ia_char_13 Mortar,Brick __ia_char_13 Mortar,2024-03-19,BABY,INFANT,GIRL,Brick __ia_char_13 Mortar,750,0.65,"9M",3255,"127G312",46740.17,33666.375,LEGGING,KNIT BOTTOMS,LONG LEG,BLANK,NA,NA,"2O595110-CAN-Brick __ia_char_13 Mortar",300,19.559057,8617,89.5,1345,3868,2024,12,14.95,HOLIDAYS AND EVENTS
1709,CAN,Brick __ia_char_13 Mortar,Brick __ia_char_13 Mortar,2024-03-19,BABY,INFANT,GIRL,Brick __ia_char_13 Mortar,1226,0.75,NB,3215,"127G316",43253.125,31154.697,LEGGING,KNIT BOTTOMS,SHORT LEG,GOOD,NA,NA,"2P345012-CAN-Brick __ia_char_13 Mortar",300,20.037392,5609,89.5,1244,3117,2024,12,14.95,HOLIDAYS AND EVENTS
1710,CAN,Brick __ia_char_13 Mortar,Brick __ia_char_13 Mortar,2024-03-19,BABY,INFANT,BOY,Brick __ia_char_13 Mortar,714,0.7,"12M",2898,"127G395",38587.695,27794.246,LEGGING,KNIT BOTTOMS,SHORT LEG,GOOD,NA,NA,"2P345014-CAN-Brick __ia_char_13 Mortar",300,40.211338,6996,99.0,1110,4062,2024,12,16.30939,"1 PC KEY ITEMS"
1711,CAN,Brick __ia_char_13 Mortar,Brick __ia_char_13 Mortar,2024-03-19,BABY,INFANT,BOY,Brick __ia_char_13 Mortar,1044,0.7,NB,2560,"127G402",125842.5,95062.5,LEGGING,KNIT BOTTOMS,LONG LEG,BETTER,NA,NA,"2Q054610-CAN-Brick __ia_char_13 Mortar",300,20.38703,5091,99.0,4500,1945,2024,12,16.30939,"1 PC KEY ITEMS"
1712,CAN,Brick __ia_char_13 Mortar,Brick __ia_char_13 Mortar,2024-03-19,BABY,INFANT,GIRL,Brick __ia_char_13 Mortar,441,0.65,"6M",3859,"127G463",81098.5,61262.5,LEGGING,SETS,LONG LEG,BETTER,LONG SLEEVE,NA,"2Q055010-CAN-Brick __ia_char_13 Mortar",300,18.956577,8825,109.0,2900,765,2024,12,16.22756,HOLIDAYS AND EVENTS
1713,CAN,Brick __ia_char_13 Mortar,Brick __ia_char_13 Mortar,2024-03-19,BABY,INFANT,GIRL,Brick __ia_char_13 Mortar,97,0.65,"3M",2450,"127G953",139825.0,105625.0,LEGGING,SETS,LONG LEG,BETTER,LONG SLEEVE,NA,"2Q313110-CAN-Brick __ia_char_13 Mortar",300,19.778961,3403,109.0,5000,1164,2024,12,16.22756,HOLIDAYS AND EVENTS
1714,CAN,E-Commerce,E-Commerce,2024-03-19,BABY,INFANT,GIRL,E-Commerce,961,0.8,"18M",1918,"127G954",55930.0,42250.0,LEGGING,SETS,LONG LEG,BETTER,LONG SLEEVE,NA,"3Q057710-CAN-E-Commerce",300,20.578089,5339,99.0,2000,2056,2024,12,19.42,HOLIDAYS AND EVENTS
1715,CAN,E-Commerce,E-Commerce,2024-03-19,BABY,INFANT,GIRL,E-Commerce,181,0.8,NB,1829,"127G954",27965.0,21125.0,LEGGING,KNIT BOTTOMS,LONG LEG,GOOD,NA,NA,"3R995110-CAN-E-Commerce",300,20.037392,9377,159.0,1000,2462,2024,12,33.96753,HOLIDAYS AND EVENTS
1716,CAN,Brick __ia_char_13 Mortar,Brick __ia_char_13 Mortar,2024-03-19,BABY,INFANT,GIRL,Brick __ia_char_13 Mortar,1085,0.8,"3M",3554,"127G959",94571.98,70412.414,LEGGING,KNIT BOTTOMS,LONG LEG,BLANK,NA,NA,"1O179510-CAN-Brick __ia_char_13 Mortar",300,19.179443,7190,99.0,3532,4253,2024,12,14.952,HOLIDAYS AND EVENTS
1717,CAN,Brick __ia_char_13 Mortar,Brick __ia_char_13 Mortar,2024-03-19,BABY,INFANT,GIRL,Brick __ia_char_13 Mortar,1125,0.8,"6M",2032,"127G960",79639.56,59294.664,LEGGING,SETS,LONG LEG,BLANK,LONG SLEEVE,NA,"1O681110-CAN-Brick __ia_char_13 Mortar",300,20.037392,6190,99.0,2974,4694,2024,12,14.952,HOLIDAYS AND EVENTS
1718,CAN,Brick __ia_char_13 Mortar,Brick __ia_char_13 Mortar,2024-03-19,BABY,INFANT,GIRL,Brick __ia_char_13 Mortar,528,0.65,"6M",2909,"127G988",74662.086,55588.746,LEGGING,SETS,LONG LEG,BLANK,LONG SLEEVE,NA,"1R531410-CAN-Brick __ia_char_13 Mortar",300,56.07875,3012,129.0,2788,3985,2024,12,22.41809,HOLIDAYS AND EVENTS
1719,CAN,E-Commerce,E-Commerce,2024-03-19,BABY,INFANT,GIRL,E-Commerce,1040,0.65,"9M",8427,"127H001",59729.67,44470.996,LEGGING,SETS,LONG LEG,BLANK,LONG SLEEVE,NA,"2P829410-CAN-E-Commerce",300,52.18241,5680,129.0,2230,2743,2024,12,22.41809,HOLIDAYS AND EVENTS
1720,CAN,Brick __ia_char_13 Mortar,Brick __ia_char_13 Mortar,2024-03-19,BABY,INFANT,GIRL,Brick __ia_char_13 Mortar,917,0.0,"3M",4211,"127H001",129497.94,96705.18,LEGGING,SETS,LONG LEG,BLANK,LONG SLEEVE,NA,"2R372510-CAN-Brick __ia_char_13 Mortar",300,19.778961,2789,139.9,4461,902,2024,12,0.0,HOLIDAYS AND EVENTS
1721,CAN,Brick __ia_char_13 Mortar,Brick __ia_char_13 Mortar,2024-03-19,BABY,INFANT,BOY,Brick __ia_char_13 Mortar,886,0.5,"9M",5456,"127H017",118706.445,88646.414,LEGGING,KNIT BOTTOMS,LONG LEG,BLANK,NA,NA,"2R857110-CAN-Brick __ia_char_13 Mortar",300,20.69268,4035,89.0,4089,4603,2024,12,16.632,"1 PC KEY ITEMS"
1722,CAN,Brick __ia_char_13 Mortar,Brick __ia_char_13 Mortar,2024-03-19,BABY,INFANT,BOY,Brick __ia_char_13 Mortar,349,0.5,"6M",5725,"127H019",86331.96,64470.12,LEGGING,KNIT BOTTOMS,LONG LEG,BLANK,NA,NA,"3O055810-CAN-Brick __ia_char_13 Mortar",300,19.026546,8032,89.0,2974,2448,2024,12,16.632,"1 PC KEY ITEMS"
1723,CAN,Brick __ia_char_13 Mortar,Brick __ia_char_13 Mortar,2024-03-19,BABY,INFANT,BOY,Brick __ia_char_13 Mortar,8,0.5,"9M",3530,"127H020",107914.95,80587.65,LEGGING,SETS,LONG LEG,BLANK,LONG SLEEVE,NA,"3P541010-CAN-Brick __ia_char_13 Mortar",300,56.07875,2122,89.0,3718,1713,2024,12,16.632,"1 PC KEY ITEMS"
1724,CAN,Brick __ia_char_13 Mortar,Brick __ia_char_13 Mortar,2024-03-19,BABY,INFANT,BOY,Brick __ia_char_13 Mortar,140,0.6,NB,2105,"127H021",80936.21,60440.74,LEGGING,KNIT BOTTOMS,LONG LEG,BLANK,NA,NA,"3P614310-CAN-Brick __ia_char_13 Mortar",300,19.13951,3419,89.0,2788,4122,2024,12,16.632,"1 PC KEY ITEMS"
1725,CAN,E-Commerce,E-Commerce,2024-03-19,BABY,INFANT,BOY,E-Commerce,1106,0.5,NB,1908,"127H027",53957.477,40293.824,LEGGING,SETS,LONG LEG,BLANK,LONG SLEEVE,NA,"3R533910-CAN-E-Commerce",300,20.037392,9165,89.0,1859,4490,2024,12,16.632,"1 PC KEY ITEMS"
1726,CAN,Brick __ia_char_13 Mortar,Brick __ia_char_13 Mortar,2024-03-19,BABY,INFANT,BOY,Brick __ia_char_13 Mortar,764,0.7,"9M",2925,"16475213",44105.582,31300.51,LEGGING,SETS,LONG LEG,BETTER,LONG SLEEVE,RUFFLE SLEEVE,"1O032710-CAN-Brick __ia_char_13 Mortar",300,52.18241,7229,89.5,1410,4645,2024,12,15.95,"1 PC KEY ITEMS"
1727,CAN,E-Commerce,E-Commerce,2024-03-19,BABY,INFANT,BOY,E-Commerce,1379,0.7,"6M",2413,"16475215",42100.785,29877.76,CINCHED,SETS,LONG LEG,BETTER,LONG SLEEVE,NA,"1O176210-CAN-E-Commerce",300,20.83881,9492,89.5,1346,2597,2024,12,15.95,"1 PC KEY ITEMS"
1728,CAN,Brick __ia_char_13 Mortar,Brick __ia_char_13 Mortar,2024-03-19,BABY,INFANT,BOY,Brick __ia_char_13 Mortar,636,0.7,"18M",2882,"16475215",57020.594,41751.215,LEGGING,KNIT BOTTOMS,LONG LEG,GOOD,NA,NA,"1R533210-CAN-Brick __ia_char_13 Mortar",300,20.181183,8264,89.5,2129,666,2024,12,15.95,"1 PC KEY ITEMS"
1729,CAN,Brick __ia_char_13 Mortar,Brick __ia_char_13 Mortar,2024-03-19,BABY,INFANT,BOY,Brick __ia_char_13 Mortar,1130,0.7,"18M",2151,"16475217",52062.28,38120.67,LEGGING,SETS,LONG LEG,BEST,LONG SLEEVE,NA,"2M701710-CAN-Brick __ia_char_13 Mortar",300,20.037392,5973,89.5,1944,1351,2024,12,15.95,"1 PC KEY ITEMS"
1730,CAN,Brick __ia_char_13 Mortar,Brick __ia_char_13 Mortar,2024-03-19,BABY,INFANT,BOY,Brick __ia_char_13 Mortar,1296,0.7,"18M",8082,"16475219",47103.97,34490.133,LEGGING,KNIT BOTTOMS,LONG LEG,BLANK,NA,NA,"2O087113-CAN-Brick __ia_char_13 Mortar",300,18.93313,7384,109.5,1759,2183,2024,12,17.75,"1 PC KEY ITEMS"
1731,CAN,E-Commerce,E-Commerce,2024-03-19,BABY,INFANT,BOY,E-Commerce,396,0.7,"6M",9699,"16487310",39666.5,29044.322,LEGGING,SETS,LONG LEG,BETTER,LONG SLEEVE,NA,"2S109110-CAN-E-Commerce",300,19.778961,9619,109.5,1481,3238,2024,12,17.75,"1 PC KEY ITEMS"
1732,CAN,Brick __ia_char_13 Mortar,Brick __ia_char_13 Mortar,2024-03-19,BABY,INFANT,BOY,Brick __ia_char_13 Mortar,1456,0.7,"9-18M",7678,"16487310",32229.031,23598.512,LEGGING,SETS,LONG LEG,BLANK,LONG SLEEVE,NA,"3O034310-CAN-Brick __ia_char_13 Mortar",300,20.037392,1000,89.5,1203,4240,2024,12,15.95,"1 PC KEY ITEMS"
1733,CAN,Brick __ia_char_13 Mortar,Brick __ia_char_13 Mortar,2024-03-19,BABY,INFANT,BOY,Brick __ia_char_13 Mortar,1050,0.65,"45446",7274,"16487310",27270.719,19967.97,LEGGING,SETS,LONG LEG,BLANK,LONG SLEEVE,NA,"3O034910-CAN-Brick __ia_char_13 Mortar",300,19.010183,2032,129.0,1018,3455,2024,12,21.19354,"1 PC KEY ITEMS"
1734,CAN,Brick __ia_char_13 Mortar,Brick __ia_char_13 Mortar,2024-03-19,BABY,INFANT,BOY,Brick __ia_char_13 Mortar,1207,0.47,"10P",6494,"16487310",27270.719,19967.97,LEGGING,KNIT BOTTOMS,LONG LEG,BLANK,NA,NA,"3O055813-CAN-Brick __ia_char_13 Mortar",300,40.211338,5679,129.0,1018,3679,2024,12,21.19354,"1 PC KEY ITEMS"
1735,CAN,Brick __ia_char_13 Mortar,Brick __ia_char_13 Mortar,2024-03-19,BABY,INFANT,BOY,Brick __ia_char_13 Mortar,1334,0.47,"6R",8306,"16487310",24791.562,18152.701,LEGGING,SETS,LONG LEG,BETTER,LONG SLEEVE,NA,"3P541310-CAN-Brick __ia_char_13 Mortar",300,19.135115,8980,129.0,925,4634,2024,12,21.19354,"1 PC KEY ITEMS"
1736,CAN,Brick __ia_char_13 Mortar,Brick __ia_char_13 Mortar,2024-03-19,BABY,INFANT,BOY,Brick __ia_char_13 Mortar,948,0.45,XXS,5621,"16487310",67239.31,53409.215,LEGGING,SETS,LONG LEG,BETTER,LONG SLEEVE,NA,"3R339810-CAN-Brick __ia_char_13 Mortar",300,20.037392,8217,129.0,2316,4877,2024,12,21.19354,"1 PC KEY ITEMS"
1737,CAN,Brick __ia_char_13 Mortar,Brick __ia_char_13 Mortar,2024-03-19,BABY,INFANT,BOY,Brick __ia_char_13 Mortar,1294,0.47,"18M",5993,"16503810",63503.797,50442.035,LEGGING,SETS,LONG LEG,BETTER,LONG SLEEVE,NA,"3R365510-CAN-Brick __ia_char_13 Mortar",300,19.778961,8816,129.0,2187,3585,2024,12,21.19354,"1 PC KEY ITEMS"
1738,CAN,Brick __ia_char_13 Mortar,Brick __ia_char_13 Mortar,2024-03-19,BABY,INFANT,BOY,Brick __ia_char_13 Mortar,1305,0.65,NB,5293,"16503810",48561.727,38573.32,LEGGING,KNIT BOTTOMS,LONG LEG,GOOD,NA,NA,"3R529110-CAN-Brick __ia_char_13 Mortar",300,20.037392,1794,139.0,1673,1962,2024,12,22.0185,"1 PC KEY ITEMS"
1739,CAN,Brick __ia_char_13 Mortar,Brick __ia_char_13 Mortar,2024-03-19,BABY,INFANT,GIRL,Brick __ia_char_13 Mortar,691,0.45,"6-6XP",4864,"16504610",44826.21,35606.14,LEGGING,KNIT BOTTOMS,LONG LEG,GOOD,NA,NA,"3R857910-CAN-Brick __ia_char_13 Mortar",300,52.18241,8295,139.0,1544,2730,2024,12,22.0185,HOLIDAYS AND EVENTS
1740,CAN,Brick __ia_char_13 Mortar,Brick __ia_char_13 Mortar,2024-03-19,BABY,INFANT,GIRL,Brick __ia_char_13 Mortar,1361,0.65,"6XR",3132,"16504610",41090.69,32638.963,LEGGING,KNIT BOTTOMS,CROP-ANKLE,GOOD,NA,NA,"3O892811-CAN-Brick __ia_char_13 Mortar",300,20.037392,10977,129.0,1415,4519,2024,12,21.49001,HOLIDAYS AND EVENTS
1741,CAN,E-Commerce,E-Commerce,2024-03-19,BABY,INFANT,GIRL,E-Commerce,918,0.65,"3M",4221,"16504610",52297.246,41540.5,LEGGING,KNIT BOTTOMS,LONG LEG,BLANK,NA,NA,"2Q454510-CAN-E-Commerce",300,20.037392,2806,99.0,1801,4661,2024,12,11.91,HOLIDAYS AND EVENTS
1742,CAN,Brick __ia_char_13 Mortar,Brick __ia_char_13 Mortar,2024-03-19,BABY,INFANT,GIRL,Brick __ia_char_13 Mortar,591,0.65,"45508",3882,"16504610",27474.941,20209.143,LEGGING,KNIT BOTTOMS,LONG LEG,BLANK,NA,NA,"2Q460812-CAN-Brick __ia_char_13 Mortar",300,20.037392,5281,99.0,1217,3731,2024,12,11.96354,HOLIDAYS AND EVENTS
1743,CAN,Brick __ia_char_13 Mortar,Brick __ia_char_13 Mortar,2024-03-19,BABY,INFANT,GIRL,Brick __ia_char_13 Mortar,858,1.0,"146",3020,"16504610",32470.387,23883.533,LEGGING,KNIT BOTTOMS,CROP-ANKLE,BLANK,NA,NA,"3O892810-CAN-Brick __ia_char_13 Mortar",300,18.9756,5263,99.0,1438,2646,2024,12,11.91,HOLIDAYS AND EVENTS
1744,CAN,Brick __ia_char_13 Mortar,Brick __ia_char_13 Mortar,2024-03-19,BABY,INFANT,GIRL,Brick __ia_char_13 Mortar,1198,0.65,"3M",3642,"16505910",27474.941,20209.143,JEGGING,WOVEN BOTTOMS,LONG LEG,BLANK,NA,NA,"3Q446610-CAN-Brick __ia_char_13 Mortar",300,19.145477,5700,209.0,1217,889,2024,12,28.83731,HOLIDAYS AND EVENTS
1745,CAN,Brick __ia_char_13 Mortar,Brick __ia_char_13 Mortar,2024-03-19,BABY,INFANT,GIRL,Brick __ia_char_13 Mortar,1417,0.7,"45414",3006,"16506110",41730.168,26092.195,LEGGING,KNIT BOTTOMS,LONG LEG,BLANK,NA,NA,"3Q457810-CAN-Brick __ia_char_13 Mortar",300,20.543295,1323,139.0,1334,4770,2024,12,29.18,HOLIDAYS AND EVENTS
1746,CAN,Brick __ia_char_13 Mortar,Brick __ia_char_13 Mortar,2024-03-19,BABY,INFANT,GIRL,Brick __ia_char_13 Mortar,972,0.8,"9",3758,"16506110",39122.03,24461.434,LEGGING,KNIT BOTTOMS,LONG LEG,BLANK,NA,NA,"3Q457813-CAN-Brick __ia_char_13 Mortar",300,19.778961,9820,109.0,1250,2703,2024,12,17.03007,HOLIDAYS AND EVENTS
1747,CAN,Brick __ia_char_13 Mortar,Brick __ia_char_13 Mortar,2024-03-19,BABY,INFANT,GIRL,Brick __ia_char_13 Mortar,1122,0.6,"1218M",3507,"16506110",186216.03,124729.6,LEGGING,KNIT BOTTOMS,LONG LEG,BETTER,NA,NA,"2S002610-CAN-Brick __ia_char_13 Mortar",300,19.133863,5441,109.0,3903,4578,2024,12,17.03007,HOLIDAYS AND EVENTS
1748,CAN,Brick __ia_char_13 Mortar,Brick __ia_char_13 Mortar,2024-03-19,BABY,INFANT,GIRL,Brick __ia_char_13 Mortar,395,0.8,"0-24M",3507,"16506110",141878.88,96400.305,LEGGING,WOVEN BOTTOMS,LONG LEG,BLANK,NA,NA,"3O555210-CAN-Brick __ia_char_13 Mortar",300,20.037392,3259,109.0,2974,3258,2024,12,17.0,HOLIDAYS AND EVENTS
1749,CAN,Brick __ia_char_13 Mortar,Brick __ia_char_13 Mortar,2024-03-19,BABY,INFANT,BOY,Brick __ia_char_13 Mortar,717,0.8,"45541",2089,"16511810",133011.45,90040.664,LEGGING,KNIT BOTTOMS,LONG LEG,BEST,NA,NA,"3Q081511-CAN-Brick __ia_char_13 Mortar",300,19.778961,3201,119.0,2788,656,2024,12,24.8516,"1 PC KEY ITEMS"
1750,CAN,Brick __ia_char_13 Mortar,Brick __ia_char_13 Mortar,2024-03-19,BABY,INFANT,BOY,Brick __ia_char_13 Mortar,732,0.8,YL,2216,"16511810",180895.58,118321.63,CINCHED,OVERALLS,LONG LEG,BLANK,SLEEVELESS,NA,"1O523810-CAN-Brick __ia_char_13 Mortar",300,44.591537,10607,119.0,3792,949,2024,12,24.8516,"1 PC KEY ITEMS"
1751,CAN,Brick __ia_char_13 Mortar,Brick __ia_char_13 Mortar,2024-03-19,BABY,INFANT,BOY,Brick __ia_char_13 Mortar,923,0.65,"45446",3290,"16511810",133011.45,81479.97,LEGGING,KNIT BOTTOMS,LONG LEG,BLANK,NA,NA,"1O558910-CAN-Brick __ia_char_13 Mortar",300,40.211338,3495,89.5,3346,2709,2024,12,15.5,"1 PC KEY ITEMS"
1752,CAN,Brick __ia_char_13 Mortar,Brick __ia_char_13 Mortar,2024-03-19,BABY,INFANT,BOY,Brick __ia_char_13 Mortar,1079,0.75,"16",1354,"16511810",97541.73,56316.547,LEGGING,KNIT BOTTOMS,LONG LEG,BLANK,NA,NA,"1S002010-CAN-Brick __ia_char_13 Mortar",300,19.170607,4512,89.5,2453,4945,2024,12,15.5,"1 PC KEY ITEMS"
1753,CAN,Brick __ia_char_13 Mortar,Brick __ia_char_13 Mortar,2024-03-19,BABY,INFANT,BOY,Brick __ia_char_13 Mortar,1252,0.65,"0-12",3023,"16511810",113798.69,60578.117,LEGGING,KNIT BOTTOMS,LONG LEG,BLANK,NA,NA,"1S003010-CAN-Brick __ia_char_13 Mortar",300,53.672085,7736,89.5,2862,1445,2024,12,14.95,"1 PC KEY ITEMS"
1754,CAN,Brick __ia_char_13 Mortar,Brick __ia_char_13 Mortar,2024-03-19,BABY,INFANT,GIRL,Brick __ia_char_13 Mortar,423,0.75,"1",1053,"16512611",84517.29,44403.43,LEGGING,KNIT BOTTOMS,LONG LEG,GOOD,NA,NA,"2P547315-CAN-Brick __ia_char_13 Mortar",300,20.037392,10354,89.5,2123,2522,2024,12,14.95,HOLIDAYS AND EVENTS
1755,CAN,Brick __ia_char_13 Mortar,Brick __ia_char_13 Mortar,2024-03-19,BABY,INFANT,GIRL,Brick __ia_char_13 Mortar,908,0.7,"5.5",397,"16512611",33927.676,22075.152,LEGGING,KNIT BOTTOMS,LONG LEG,GOOD,NA,NA,"2P823210-CAN-Brick __ia_char_13 Mortar",300,19.778961,1014,99.0,681,3139,2024,12,16.30939,HOLIDAYS AND EVENTS
1756,CAN,Brick __ia_char_13 Mortar,Brick __ia_char_13 Mortar,2024-03-19,BABY,INFANT,GIRL,Brick __ia_char_13 Mortar,1332,0.7,"6P",4997,"16512611",25146.623,16361.732,JEGGING,DENIM BOTTOMS,LONG LEG,BLANK,NA,NA,"3N973810-CAN-Brick __ia_char_13 Mortar",300,20.037392,7172,99.0,505,1401,2024,12,16.30939,HOLIDAYS AND EVENTS
1757,CAN,Brick __ia_char_13 Mortar,Brick __ia_char_13 Mortar,2024-03-19,BABY,INFANT,GIRL,Brick __ia_char_13 Mortar,1316,0.65,"45636",1027,"16512611",58146.75,31860.03,LEGGING,KNIT BOTTOMS,LONG LEG,GOOD,NA,NA,"3R309911-CAN-Brick __ia_char_13 Mortar",300,52.18241,6167,109.0,1462,3827,2024,12,16.22756,HOLIDAYS AND EVENTS
1758,CAN,Brick __ia_char_13 Mortar,Brick __ia_char_13 Mortar,2024-03-19,BABY,INFANT,GIRL,Brick __ia_char_13 Mortar,848,0.65,NB,2305,"16512611",97733.52,56432.008,LEGGING,KNIT BOTTOMS,LONG LEG,BLANK,NA,NA,"1O000515-CAN-Brick __ia_char_13 Mortar",300,19.142986,4574,109.0,2364,4198,2024,12,16.22756,HOLIDAYS AND EVENTS
1759,CAN,E-Commerce,E-Commerce,2024-03-19,BABY,INFANT,GIRL,E-Commerce,408,0.8,"18M",2276,"16513410",80630.16,45776.242,LEGGING,KNIT BOTTOMS,LONG LEG,BLANK,NA,NA,"3N981711-CAN-E-Commerce",300,18.933754,10626,99.0,1950,2631,2024,12,19.42,HOLIDAYS AND EVENTS
1760,CAN,Brick __ia_char_13 Mortar,Brick __ia_char_13 Mortar,2024-03-19,BABY,INFANT,BOY,Brick __ia_char_13 Mortar,442,0.8,"24M",1531,"16518810",58785.016,34511.668,LEGGING,SETS,LONG LEG,BLANK,SHORT SLEEVE,RUFFLE SLEEVE,"1S408410-CAN-Brick __ia_char_13 Mortar",300,19.778961,6353,159.0,1421,3187,2024,12,33.96753,"1 PC KEY ITEMS"
1761,CAN,E-Commerce,E-Commerce,2024-03-19,BABY,INFANT,BOY,E-Commerce,784,0.8,"6M",1325,"16518810",46210.812,28263.46,LEGGING,KNIT BOTTOMS,CROP-ANKLE,BLANK,NA,NA,"2P069910-CAN-E-Commerce",300,18.934498,7652,99.0,1032,4183,2024,12,14.952,"1 PC KEY ITEMS"
1558,USA,Brick __ia_char_13 Mortar,Brick __ia_char_13 Mortar,2024-04-12,OUTERWEAR,INFANT,BLANK,Brick __ia_char_13 Mortar,574,0.65,"18M",5577,C1185209,135479.27,79382.086,NA,JACKETS,NA,BETTER,NA,NA,B221G101-USA-Brick __ia_char_13 Mortar,300,18.935064,3394,139.0,7621,1446,2024,15,22.0185,LIGHT WEIGHT
1559,USA,Brick __ia_char_13 Mortar,Brick __ia_char_13 Mortar,2024-04-12,OUTERWEAR,INFANT,BLANK,Brick __ia_char_13 Mortar,774,0.45,"12M",8041,C1186115,99131.17,63047.984,NA,SNOWSUITS-PANTS,NA,BETTER,LONG SLEEVE,NA,B2227180-USA-Brick __ia_char_13 Mortar,300,18.857971,10955,139.0,5577,1425,2024,15,22.0185,LIGHT WEIGHT
1560,USA,Brick __ia_char_13 Mortar,Brick __ia_char_13 Mortar,2024-04-12,OUTERWEAR,INFANT,BLANK,Brick __ia_char_13 Mortar,671,0.65,"18M",3574,C1186213,72770.53,46282.465,NA,SNOWSUITS-PANTS,NA,BETTER,LONG SLEEVE,NA,B2228110-USA-Brick __ia_char_13 Mortar,300,19.811506,9638,129.0,4093,1108,2024,15,21.49001,LIGHT WEIGHT
1561,USA,Brick __ia_char_13 Mortar,Brick __ia_char_13 Mortar,2024-04-12,OUTERWEAR,TODDLER,BLANK,Brick __ia_char_13 Mortar,723,0.65,"3T",2999,C1188194,103241.42,72017.66,NA,SNOWSUITS-PANTS,NA,BETTER,LONG SLEEVE,NA,B222G103-USA-Brick __ia_char_13 Mortar,300,19.345028,5020,99.0,4833,4663,2024,15,11.91,HEAVY WEIGHT
1562,USA,Brick __ia_char_13 Mortar,Brick __ia_char_13 Mortar,2024-04-12,OUTERWEAR,KIDS,BLANK,Brick __ia_char_13 Mortar,981,0.65,"45416",6024,C1189206,83387.305,58168.11,CINCHED,SNOWSUITS-PANTS,NA,BETTER,LONG SLEEVE,NA,B222G180-USA-Brick __ia_char_13 Mortar,300,20.342413,1405,99.0,3903,845,2024,15,11.96354,HEAVY WEIGHT
1571,USA,Brick __ia_char_13 Mortar,Brick __ia_char_13 Mortar,2024-04-12,OUTERWEAR,TODDLER,BOY,Brick __ia_char_13 Mortar,647,0.65,"5P",5434,C1198116,61878.676,38934.895,CINCHED,JACKETS,NA,BLANK,NA,NA,OGB5803-USA-Brick __ia_char_13 Mortar,300,19.398571,4863,89.5,3160,2684,2024,15,15.5,LIGHT WEIGHT
1572,USA,Brick __ia_char_13 Mortar,Brick __ia_char_13 Mortar,2024-04-12,OUTERWEAR,KIDS,BOY,Brick __ia_char_13 Mortar,654,0.75,"45416",3710,C119B113,72798.44,45805.76,CINCHED,PARKAS,NA,BLANK,NA,NA,OGLS272-USA-Brick __ia_char_13 Mortar,300,19.818789,9017,89.5,3718,1261,2024,15,15.5,MID WEIGHT
1573,USA,Brick __ia_char_13 Mortar,Brick __ia_char_13 Mortar,2024-04-12,OUTERWEAR,KIDS,BOY,Brick __ia_char_13 Mortar,660,0.65,"8",3104,C119B113,54598.83,34354.32,CINCHED,JACKETS,NA,BLANK,NA,NA,OGLS779-USA-Brick __ia_char_13 Mortar,300,18.935064,10771,89.5,2788,4442,2024,15,14.95,MID WEIGHT
1574,USA,Brick __ia_char_13 Mortar,Brick __ia_char_13 Mortar,2024-04-12,OUTERWEAR,KIDS,BOY,Brick __ia_char_13 Mortar,12,0.75,"6",4146,C119B118,61878.676,38934.895,CINCHED,JACKETS,NA,BLANK,NA,NA,OGLS800-USA-Brick __ia_char_13 Mortar,300,18.857971,6575,89.5,3160,3809,2024,15,14.95,MID WEIGHT
1575,USA,Brick __ia_char_13 Mortar,Brick __ia_char_13 Mortar,2024-04-12,OUTERWEAR,KIDS,BOY,Brick __ia_char_13 Mortar,646,0.7,"8",3928,C119B120,41026.984,21918.896,CINCHED,JACKETS,NA,BLANK,NA,NA,"1516331P-USA-Brick __ia_char_13 Mortar",300,20.555504,10624,99.0,2702,1360,2024,15,16.30939,MID WEIGHT
1576,USA,E-Commerce,E-Commerce,2024-04-12,OUTERWEAR,KIDS,GIRL,E-Commerce,340,0.7,"6-6X",8214,C119G106,29304.99,15656.355,CINCHED,JACKETS,NA,BLANK,NA,NA,BH220A86-USA-E-Commerce,300,19.840929,8662,99.0,1930,2940,2024,15,16.30939,LIGHT WEIGHT
1577,USA,Brick __ia_char_13 Mortar,Brick __ia_char_13 Mortar,2024-04-12,OUTERWEAR,KIDS,GIRL,Brick __ia_char_13 Mortar,638,0.65,"7",4522,C119G106,42499.312,23890.58,CINCHED,SNOWSUITS-PANTS,NA,BLANK,NA,NA,BH221797-USA-Brick __ia_char_13 Mortar,300,22.22041,1698,109.0,2445,2044,2024,15,16.22756,LIGHT WEIGHT
1578,USA,Brick __ia_char_13 Mortar,Brick __ia_char_13 Mortar,2024-04-12,OUTERWEAR,INFANT,GIRL,Brick __ia_char_13 Mortar,637,0.65,"12M",6298,C1205103,36639.523,24469.635,CINCHED,SNOWSUITS-PANTS,NA,BLANK,LONG SLEEVE,NA,BH222767-USA-Brick __ia_char_13 Mortar,300,52.18241,1566,109.0,1855,4723,2024,15,16.22756,LIGHT WEIGHT
1579,USA,Brick __ia_char_13 Mortar,Brick __ia_char_13 Mortar,2024-04-12,OUTERWEAR,INFANT,GIRL,Brick __ia_char_13 Mortar,990,0.8,"24M",7119,C1205103,30173.725,20151.465,CINCHED,SNOWSUITS-PANTS,NA,BLANK,LONG SLEEVE,NA,BH222D08-USA-Brick __ia_char_13 Mortar,300,20.225555,6449,99.0,1527,1994,2024,15,19.42,LIGHT WEIGHT
1580,USA,Brick __ia_char_13 Mortar,Brick __ia_char_13 Mortar,2024-04-12,OUTERWEAR,INFANT,GIRL,Brick __ia_char_13 Mortar,700,0.8,"12M",7667,C1205309,40950.055,27348.416,CINCHED,SNOWSUITS-PANTS,NA,BLANK,LONG SLEEVE,NA,BH222D12-USA-Brick __ia_char_13 Mortar,300,19.518,7173,159.0,2073,1372,2024,15,33.96753,LIGHT WEIGHT
1581,USA,Brick __ia_char_13 Mortar,Brick __ia_char_13 Mortar,2024-04-12,OUTERWEAR,INFANT,BOY,Brick __ia_char_13 Mortar,721,0.8,"18M",6845,C1206191,38794.79,25909.025,CINCHED,SNOWSUITS-PANTS,NA,BLANK,NA,NA,OBB6728C-USA-Brick __ia_char_13 Mortar,300,19.319864,6304,99.0,1964,2172,2024,15,14.952,MID WEIGHT
1582,USA,E-Commerce,E-Commerce,2024-04-12,OUTERWEAR,TODDLER,BOY,E-Commerce,710,0.8,"3T",6298,C1208114,73204.56,50772.15,CINCHED,SNOWSUITS-PANTS,NA,BLANK,LONG SLEEVE,NA,OBBJ153B-USA-E-Commerce,300,18.967379,2123,99.0,3861,4352,2024,15,14.952,LIGHT WEIGHT
1583,USA,Brick __ia_char_13 Mortar,Brick __ia_char_13 Mortar,2024-04-12,OUTERWEAR,KIDS,BOY,Brick __ia_char_13 Mortar,572,0.65,"7",5158,C120B182,40303.676,25827.514,CINCHED,SNOWSUITS-PANTS,NA,BLANK,NA,NA,OBBJ171A-USA-Brick __ia_char_13 Mortar,300,18.991463,5941,129.0,2125,1697,2024,15,22.41809,MID WEIGHT
1584,USA,Brick __ia_char_13 Mortar,Brick __ia_char_13 Mortar,2024-04-12,OUTERWEAR,KIDS,BOY,Brick __ia_char_13 Mortar,690,0.65,"6",6305,C120B191,56123.496,38925.316,CINCHED,JACKETS,NA,BLANK,NA,NA,OBBJ709C-USA-Brick __ia_char_13 Mortar,300,19.839195,8171,129.0,2960,2767,2024,15,22.41809,MID WEIGHT
1567,USA,Brick __ia_char_13 Mortar,Brick __ia_char_13 Mortar,2022-03-17,BOYS PLAYWEAR,TODDLER,GIRL,Brick __ia_char_13 Mortar,1155,0.6,"5S",3849,C1197107,63443.953,39050.152,CINCHED,JACKETS,NA,BETTER,LONG SLEEVE,NA,B2248109-USA-Brick __ia_char_13 Mortar,300,19.818789,9513,109.0,3346,823,2024,15,17.03007,LIGHT WEIGHT
1565,USA,E-Commerce,Brick __ia_char_13 Mortar,2022-03-15,BOYS PLAYWEAR,TODDLER,BOY,E-Commerce,56,0.7,"18M",4642,C1196116,43705.52,28056.652,CINCHED,SNOWSUITS-PANTS,NA,BEST,LONG SLEEVE,NA,B2237120-USA-E-Commerce,300,20.390823,8291,139.0,2182,1295,2024,15,29.18,MID WEIGHT
1566,USA,Brick __ia_char_13 Mortar,Brick __ia_char_13 Mortar,2022-03-16,BOYS PLAYWEAR,TODDLER,BOY,Brick __ia_char_13 Mortar,624,0.8,"24M",7436,C1196216,53683.344,37374.48,CINCHED,SNOWSUITS-PANTS,NA,BETTER,LONG SLEEVE,NA,B223B310-USA-Brick __ia_char_13 Mortar,300,19.818789,9159,109.0,2831,1204,2024,15,17.03007,MID WEIGHT
1569,USA,Brick __ia_char_13 Mortar,Brick __ia_char_13 Mortar,2022-03-19,BOYS PLAYWEAR,TODDLER,BOY,Brick __ia_char_13 Mortar,384,0.8,"13",6006,C1198116,20546.87,13760.964,CINCHED,JACKETS,NA,BLANK,NA,NA,OBI5818-USA-Brick __ia_char_13 Mortar,300,19.818789,6309,119.0,1182,2544,2024,15,24.8516,LIGHT WEIGHT
1568,USA,Brick __ia_char_13 Mortar,Brick __ia_char_13 Mortar,2022-03-18,BOYS PLAYWEAR,TODDLER,GIRL,Brick __ia_char_13 Mortar,927,0.8,"14H",6320,C1197107,20546.87,13760.964,CINCHED,JACKETS,NA,BEST,LONG SLEEVE,NA,B2248S92-USA-Brick __ia_char_13 Mortar,300,52.18241,3173,109.0,1182,1606,2024,15,17.0,BASICS
1585,USA,E-Commerce,E-Commerce,2024-04-12,OUTERWEAR,KIDS,BOY,E-Commerce,665,0.0,"7",5731,C120B191,63443.953,44002.53,CINCHED,PARKAS,NA,BLANK,NA,NA,OBBJ768B-USA-E-Commerce,300,22.32164,1386,139.9,3346,1860,2024,15,0.0,MID WEIGHT
1586,USA,Brick __ia_char_13 Mortar,Brick __ia_char_13 Mortar,2024-04-12,OUTERWEAR,KIDS,BOY,Brick __ia_char_13 Mortar,667,0.5,"4",4012,C120B197,68324.26,47387.34,CINCHED,SNOWSUITS-PANTS,NA,BLANK,NA,NA,OBBS283B-USA-Brick __ia_char_13 Mortar,300,52.18241,9425,89.0,3603,1315,2024,15,16.632,MID WEIGHT
1587,USA,Brick __ia_char_13 Mortar,Brick __ia_char_13 Mortar,2024-04-12,OUTERWEAR,KIDS,GIRL,Brick __ia_char_13 Mortar,103,0.5,"8",2204,C120G106,61003.8,42277.95,CINCHED,SNOWSUITS-PANTS,NA,BLANK,NA,NA,OBLS281C-USA-Brick __ia_char_13 Mortar,300,18.935064,1977,89.0,3217,1636,2024,15,16.632,LIGHT WEIGHT
1588,USA,E-Commerce,E-Commerce,2024-04-12,OUTERWEAR,KIDS,GIRL,E-Commerce,664,0.5,"6-6X",2002,C120G108,56123.496,38895.715,CINCHED,SNOWSUITS-PANTS,NA,BLANK,NA,NA,OBT5435E-USA-E-Commerce,300,19.818789,4886,89.0,2960,4937,2024,15,16.632,LIGHT WEIGHT
1589,USA,Brick __ia_char_13 Mortar,Brick __ia_char_13 Mortar,2024-04-12,OUTERWEAR,KIDS,GIRL,Brick __ia_char_13 Mortar,669,0.6,"5",6123,C120G197,50433.227,34544.277,CINCHED,SNOWSUITS-PANTS,NA,BLANK,NA,NA,OBTS281C-USA-Brick __ia_char_13 Mortar,300,20.346231,835,89.0,2837,3891,2024,15,16.632,LIGHT WEIGHT
1590,USA,Brick __ia_char_13 Mortar,Brick __ia_char_13 Mortar,2024-04-12,OUTERWEAR,KIDS,GIRL,Brick __ia_char_13 Mortar,581,0.5,"14",6473,C120G306,61640.61,42220.78,CINCHED,COATS,NA,BLANK,NA,NA,OGB5991A-USA-Brick __ia_char_13 Mortar,300,18.992165,10543,89.0,3467,4486,2024,15,16.632,LIGHT WEIGHT
1591,USA,E-Commerce,E-Commerce,2024-04-12,OUTERWEAR,INFANT,BOY,E-Commerce,595,0.7,"24M",3969,C1216112,56036.918,38382.527,CINCHED,SNOWSUITS-PANTS,NA,BLANK,NA,NA,OGB5991C-USA-E-Commerce,300,44.591537,7999,89.5,3152,2059,2024,15,15.95,MID WEIGHT
1592,USA,Brick __ia_char_13 Mortar,Brick __ia_char_13 Mortar,2024-04-12,OUTERWEAR,KIDS,BOY,Brick __ia_char_13 Mortar,709,0.7,"8",5248,C121B114,39225.84,25654.031,CINCHED,SNOWSUITS-PANTS,NA,BLANK,NA,NA,OGB6408C-USA-Brick __ia_char_13 Mortar,300,18.935064,7978,89.5,2206,2227,2024,15,15.95,MID WEIGHT
1593,USA,Brick __ia_char_13 Mortar,Brick __ia_char_13 Mortar,2024-04-12,OUTERWEAR,KIDS,BOY,Brick __ia_char_13 Mortar,18,0.7,"14",8222,C121B116,33108.11,19699.531,CINCHED,SNOWSUITS-PANTS,NA,BLANK,NA,NA,OGBJ765D-USA-Brick __ia_char_13 Mortar,300,19.901321,7940,89.5,1653,2772,2024,15,15.95,MID WEIGHT
1594,USA,E-Commerce,E-Commerce,2024-04-12,OUTERWEAR,KIDS,BOY,E-Commerce,608,0.7,"6",5598,C121B196,29954.957,17823.387,CINCHED,PARKAS,NA,BLANK,NA,NA,OGL6928A-USA-E-Commerce,300,19.818789,1013,89.5,1495,4019,2024,15,15.95,MID WEIGHT
1595,USA,E-Commerce,E-Commerce,2024-04-12,OUTERWEAR,KIDS,GIRL,E-Commerce,195,0.7,"7",16731,C121G102,66496.66,41401.36,CINCHED,JACKETS,NA,BLANK,LONG SLEEVE,NA,OGLS107B-USA-E-Commerce,300,18.935064,9745,109.5,3915,3886,2024,15,17.75,LIGHT WEIGHT
1596,USA,E-Commerce,E-Commerce,2024-04-12,OUTERWEAR,KIDS,GIRL,E-Commerce,606,0.7,"6",15243,C121G206,54500.81,33932.65,CINCHED,RAIN,NA,BLANK,LONG SLEEVE,NA,OGLS108A-USA-E-Commerce,300,18.857971,1979,109.5,3208,2173,2024,15,17.75,LIGHT WEIGHT
1597,USA,Brick __ia_char_13 Mortar,Brick __ia_char_13 Mortar,2024-04-12,OUTERWEAR,KIDS,GIRL,Brick __ia_char_13 Mortar,63,0.7,"8",17846,C121G206,44690.934,27824.94,CINCHED,SNOWSUITS-PANTS,SHORT LEG,BLANK,LONG SLEEVE,NA,OGLS373A-USA-Brick __ia_char_13 Mortar,300,52.18241,8050,89.5,2631,3807,2024,15,15.95,LIGHT WEIGHT
1598,USA,E-Commerce,E-Commerce,2024-04-12,OUTERWEAR,KIDS,GIRL,E-Commerce,196,0.65,"8",3811,C121G206,39239.5,23183.303,CINCHED,JACKETS,NA,BLANK,NA,NA,OGLS770A-USA-E-Commerce,300,19.818789,8064,129.0,2310,1208,2024,15,21.19354,LIGHT WEIGHT
1599,USA,Brick __ia_char_13 Mortar,Brick __ia_char_13 Mortar,2024-04-12,OUTERWEAR,TODDLER,GIRL,Brick __ia_char_13 Mortar,605,0.47,"4T",4164,C1227220,42262.08,26312.715,CINCHED,RAIN,NA,BLANK,NA,NA,OGT6735A-USA-Brick __ia_char_13 Mortar,300,52.18241,4606,129.0,2488,2712,2024,15,21.19354,LIGHT WEIGHT
1600,USA,Brick __ia_char_13 Mortar,Brick __ia_char_13 Mortar,2024-04-12,GIRLS PLAYWEAR,TODDLER,BOY,Brick __ia_char_13 Mortar,105,0.47,"4T",5033,C1228178,38740.24,24119.988,LEGGING,KNIT BOTTOMS,LONG LEG,BLANK,NA,NA,"2O000511-USA-Brick __ia_char_13 Mortar",300,19.578615,4002,129.0,2280,4376,2024,15,21.19354,LAYERING
1601,USA,Brick __ia_char_13 Mortar,Brick __ia_char_13 Mortar,2024-04-12,GIRLS PLAYWEAR,TODDLER,BOY,Brick __ia_char_13 Mortar,613,0.45,"5T",3548,C1228214,19013.396,13698.219,LEGGING,KNIT BOTTOMS,LONG LEG,BETTER,NA,NA,"2P575810-USA-Brick __ia_char_13 Mortar",300,52.18241,10049,129.0,1224,4690,2024,15,21.19354,LAYERING
1602,USA,E-Commerce,E-Commerce,2024-04-12,GIRLS PLAYWEAR,KIDS,BOY,E-Commerce,9,0.47,"7",3227,C122B108,20099.877,14480.974,LEGGING,KNIT BOTTOMS,LONG LEG,GOOD,NA,NA,"2R312211-USA-E-Commerce",300,20.046274,9190,129.0,1294,1422,2024,15,21.19354,DRESSES - ROMPERS
1603,USA,E-Commerce,E-Commerce,2024-04-12,GIRLS PLAYWEAR,KIDS,BOY,E-Commerce,124,0.65,"8",6998,C122B186,58262.48,43026.043,LEGGING,WOVEN BOTTOMS,LONG LEG,BLANK,NA,NA,"3N876010-USA-E-Commerce",300,19.812382,4886,139.0,3752,4683,2024,15,22.0185,KEY ITEM BOTTOMS
1604,USA,E-Commerce,E-Commerce,2024-04-12,GIRLS PLAYWEAR,KIDS,BOY,E-Commerce,155,0.45,"4",7150,C122B214,18659.11,11867.299,LEGGING,WOVEN BOTTOMS,LONG LEG,BLANK,NA,NA,"3N876011-USA-E-Commerce",300,19.882133,1531,139.0,1049,3346,2024,15,22.0185,DRESSES - ROMPERS
1605,USA,Brick __ia_char_13 Mortar,Brick __ia_char_13 Mortar,2024-04-12,GIRLS PLAYWEAR,KIDS,GIRL,Brick __ia_char_13 Mortar,94,0.65,"7",7844,C122G108,29232.605,18592.102,LEGGING,KNIT BOTTOMS,LONG LEG,BLANK,NA,NA,"3N980911-USA-Brick __ia_char_13 Mortar",300,19.489534,9639,129.0,1644,4615,2024,15,21.49001,BASICS
1606,USA,E-Commerce,E-Commerce,2024-04-12,GIRLS PLAYWEAR,KIDS,GIRL,E-Commerce,104,0.65,"7",4198,C122G122,34830.34,22152.291,LEGGING,KNIT BOTTOMS,LONG LEG,BLANK,NA,NA,"3N981610-USA-E-Commerce",300,18.981106,550,99.0,1959,2101,2024,15,11.91,KEY ITEM SETS
1607,USA,Brick __ia_char_13 Mortar,Brick __ia_char_13 Mortar,2024-04-12,GIRLS PLAYWEAR,KIDS,GIRL,Brick __ia_char_13 Mortar,70,0.65,"8",4902,C122G176,148696.77,97667.21,LEGGING,KNIT BOTTOMS,LONG LEG,GOOD,NA,NA,"3R589110-USA-Brick __ia_char_13 Mortar",300,19.778961,9812,99.0,8365,2221,2024,15,11.96354,PROMO
1608,USA,Brick __ia_char_13 Mortar,Brick __ia_char_13 Mortar,2024-04-12,GIRLS PLAYWEAR,KIDS,GIRL,Brick __ia_char_13 Mortar,291,1.0,"14",8171,C122G220,135479.27,88985.68,LEGGING,KNIT BOTTOMS,LONG LEG,BLANK,NA,NA,"2O000512-USA-Brick __ia_char_13 Mortar",300,19.778961,2085,99.0,7621,2259,2024,15,11.91,DRESSES - ROMPERS
1609,USA,Brick __ia_char_13 Mortar,Brick __ia_char_13 Mortar,2024-04-12,GIRLS PLAYWEAR,INFANT,GIRL,Brick __ia_char_13 Mortar,61,0.65,"24M",5720,C1235103,158609.88,104178.36,LEGGING,KNIT BOTTOMS,LONG LEG,BLANK,NA,NA,"2P547312-USA-Brick __ia_char_13 Mortar",300,18.935064,8545,209.0,8923,2091,2024,15,28.83731,BASICS
1610,USA,Brick __ia_char_13 Mortar,Brick __ia_char_13 Mortar,2024-04-12,GIRLS PLAYWEAR,INFANT,GIRL,Brick __ia_char_13 Mortar,126,0.7,"24M",3399,C1235206,28416.96,16318.016,LEGGING,WOVEN BOTTOMS,LONG LEG,BLANK,NA,NA,"3N876011-USA-Brick __ia_char_13 Mortar",300,19.42255,803,139.0,1830,4421,2024,15,29.18,BASICS
1611,USA,Brick __ia_char_13 Mortar,Brick __ia_char_13 Mortar,2024-04-12,GIRLS PLAYWEAR,INFANT,BOY,Brick __ia_char_13 Mortar,705,0.8,"18M",2499,C1236116,36602.28,20931.768,LEGGING,KNIT BOTTOMS,LONG LEG,BLANK,NA,NA,"3N981610-USA-Brick __ia_char_13 Mortar",300,52.18241,1680,109.0,2059,592,2024,15,17.03007,BABY BGOSH
1612,USA,Brick __ia_char_13 Mortar,Brick __ia_char_13 Mortar,2024-04-26,GIRLS PLAYWEAR,TODDLER,GIRL,Brick __ia_char_13 Mortar,39,0.6,"4T",3227,C1237108,44736.12,25583.271,LEGGING,KNIT BOTTOMS,LONG LEG,BLANK,NA,NA,"3N981711-USA-Brick __ia_char_13 Mortar",300,18.857971,10419,109.0,2516,4857,2024,17,17.03007,DRESSES - ROMPERS
1613,USA,Brick __ia_char_13 Mortar,Brick __ia_char_13 Mortar,2024-04-26,GIRLS PLAYWEAR,TODDLER,BOY,Brick __ia_char_13 Mortar,188,0.8,"4T",5000,C1238308,28468.44,18586.568,LEGGING,KNIT BOTTOMS,LONG LEG,BLANK,NA,NA,"3R309310-USA-Brick __ia_char_13 Mortar",300,19.778961,940,109.0,1601,614,2024,17,17.0,LAYERING
1614,USA,E-Commerce,E-Commerce,2024-04-26,GIRLS PLAYWEAR,TODDLER,BOY,E-Commerce,161,0.8,"4T",1500,C1238605,22368.06,14603.732,LEGGING,KNIT BOTTOMS,CROP-ANKLE,BLANK,NA,NA,"1O932714-USA-E-Commerce",300,44.591537,4969,119.0,1258,3528,2024,17,24.8516,LAYERING
1615,USA,E-Commerce,E-Commerce,2024-04-26,GIRLS PLAYWEAR,KIDS,GIRL,E-Commerce,156,0.8,"10",5028,C123G103,21729.596,16047.009,LEGGING,KNIT BOTTOMS,CROP-ANKLE,BLANK,NA,NA,"2O932711-USA-E-Commerce",300,55.471607,3611,119.0,1399,711,2024,17,24.8516,DRESSES - ROMPERS
1616,USA,Brick __ia_char_13 Mortar,Brick __ia_char_13 Mortar,2024-04-26,GIRLS PLAYWEAR,KIDS,GIRL,Brick __ia_char_13 Mortar,612,0.65,"7",3942,C123G108,22200.75,16394.95,LEGGING,KNIT BOTTOMS,CROP-ANKLE,BLANK,NA,NA,"3N270810-USA-Brick __ia_char_13 Mortar",300,55.471607,9351,89.5,1430,1722,2024,17,15.5,DRESSES - ROMPERS
1617,USA,Brick __ia_char_13 Mortar,Brick __ia_char_13 Mortar,2024-04-26,GIRLS PLAYWEAR,KIDS,GIRL,Brick __ia_char_13 Mortar,984,0.75,"8",6692,C123G206,48803.04,31039.008,LEGGING,KNIT BOTTOMS,CROP-ANKLE,BLANK,NA,NA,"3P043910-USA-Brick __ia_char_13 Mortar",300,18.857971,8806,89.5,2745,3918,2024,17,15.5,DRESSES - ROMPERS
1618,USA,E-Commerce,E-Commerce,2024-04-26,GIRLS PLAYWEAR,KIDS,GIRL,E-Commerce,993,0.65,"12",3456,C123G220,26122.754,16614.219,LEGGING,SETS,LONG LEG,BETTER,SHORT SLEEVE,RUFFLE SLEEVE,"1Q575110-USA-E-Commerce",300,18.93937,5771,89.5,1469,4968,2024,17,14.95,DRESSES - ROMPERS
1619,USA,E-Commerce,E-Commerce,2024-04-26,GIRLS PLAYWEAR,INFANT,GIRL,E-Commerce,186,0.75,"12M",4833,C1245122,30501.9,19399.38,LEGGING,KNIT BOTTOMS,CROP-ANKLE,GOOD,NA,NA,"2O932710-USA-E-Commerce",300,19.722227,4280,89.5,1716,1969,2024,17,14.95,BASICS
1620,USA,E-Commerce,E-Commerce,2024-04-26,GIRLS PLAYWEAR,INFANT,GIRL,E-Commerce,166,0.7,"12M",2455,C1245190,50836.5,32332.3,CINCHED,LAYERING,LONG LEG,BETTER,LONG SLEEVE,NA,"3S793410-USA-E-Commerce",300,19.544558,5930,99.0,2860,4451,2024,17,16.30939,BASICS
1621,USA,E-Commerce,E-Commerce,2024-04-26,GIRLS PLAYWEAR,TODDLER,GIRL,E-Commerce,20,0.7,"5T",2238,C1247160,35585.55,21411.39,LEGGING,SETS,LONG LEG,BLANK,LONG SLEEVE,NA,"1O579210-USA-E-Commerce",300,19.73644,3431,99.0,2002,1227,2024,17,16.30939,DRESSES - ROMPERS
1622,USA,E-Commerce,E-Commerce,2024-04-26,GIRLS PLAYWEAR,TODDLER,BOY,E-Commerce,604,0.65,"5T",8500,C1248178,21146.99,13449.605,LEGGING,KNIT BOTTOMS,LONG LEG,BLANK,NA,NA,"1Q050510-USA-E-Commerce",300,19.778961,5010,109.0,1189,2428,2024,17,16.22756,LAYERING
1623,USA,E-Commerce,E-Commerce,2024-04-26,GIRLS PLAYWEAR,TODDLER,BOY,E-Commerce,290,0.65,"5T",5434,C1248195,15549.258,9889.416,LEGGING,KNIT BOTTOMS,LONG LEG,BLANK,NA,NA,"1Q159510-USA-E-Commerce",300,19.474356,8759,109.0,874,3338,2024,17,16.22756,LAYERING
1624,USA,Brick __ia_char_13 Mortar,Brick __ia_char_13 Mortar,2024-04-26,GIRLS PLAYWEAR,KIDS,BOY,Brick __ia_char_13 Mortar,614,0.8,"5",6342,C124B111,22368.06,14603.732,LEGGING,KNIT BOTTOMS,LONG LEG,BLANK,NA,NA,"1S044910-USA-Brick __ia_char_13 Mortar",300,18.857971,2607,99.0,1258,2749,2024,17,19.42,MIX AND MATCH TOPS
1625,USA,Brick __ia_char_13 Mortar,Brick __ia_char_13 Mortar,2024-04-26,GIRLS PLAYWEAR,KIDS,BOY,Brick __ia_char_13 Mortar,93,0.8,"6",5520,C124B116,79436.4,40717.4,LEGGING,KNIT BOTTOMS,LONG LEG,BLANK,NA,NA,"2O624112-USA-Brick __ia_char_13 Mortar",300,41.076305,10400,159.0,2498,3507,2024,17,33.96753,CORE DENIM
1626,USA,Brick __ia_char_13 Mortar,Brick __ia_char_13 Mortar,2024-04-26,GIRLS PLAYWEAR,KIDS,BOY,Brick __ia_char_13 Mortar,502,0.8,"4",5656,C124B178,114988.8,59989.44,LEGGING,SETS,LONG LEG,BLANK,LONG SLEEVE,NA,"3O569710-USA-Brick __ia_char_13 Mortar",300,19.849546,860,99.0,3616,4463,2024,17,14.952,HOLIDAYS AND EVENTS
1627,USA,E-Commerce,E-Commerce,2024-04-26,GIRLS PLAYWEAR,KIDS,BOY,E-Commerce,611,0.8,"4",2318,C124B216,44423.324,29069.564,LEGGING,KNIT BOTTOMS,LONG LEG,BLANK,NA,NA,"3O575910-USA-E-Commerce",300,19.778961,8939,99.0,1103,2216,2024,17,14.952,KEY ITEM TOPS
1628,USA,Brick __ia_char_13 Mortar,Brick __ia_char_13 Mortar,2024-04-26,GIRLS PLAYWEAR,KIDS,GIRL,Brick __ia_char_13 Mortar,162,0.65,"7",1962,C124G116,84939.98,55582.695,LEGGING,KNIT BOTTOMS,LONG LEG,BLANK,NA,NA,"3O624211-USA-Brick __ia_char_13 Mortar",300,19.444998,6881,129.0,2109,1011,2024,17,22.41809,DRESSES - ROMPERS
1629,USA,Brick __ia_char_13 Mortar,Brick __ia_char_13 Mortar,2024-04-26,GIRLS PLAYWEAR,KIDS,GIRL,Brick __ia_char_13 Mortar,800,0.65,"7",2783,C124G122,101253.21,66257.69,LEGGING,KNIT BOTTOMS,LONG LEG,BLANK,NA,NA,"3R995610-USA-Brick __ia_char_13 Mortar",300,19.791042,4849,129.0,2514,4928,2024,17,22.41809,DRESSES - ROMPERS
1630,USA,Brick __ia_char_13 Mortar,Brick __ia_char_13 Mortar,2024-04-26,GIRLS PLAYWEAR,KIDS,GIRL,Brick __ia_char_13 Mortar,801,0.0,"12",2292,C124G160,134768.2,88189.1,LEGGING,KNIT BOTTOMS,LONG LEG,BLANK,NA,NA,"1O595110-USA-Brick __ia_char_13 Mortar",300,19.627424,10763,139.9,3346,3875,2024,17,0.0,DRESSES - ROMPERS
1631,USA,E-Commerce,E-Commerce,2024-04-26,GIRLS PLAYWEAR,INFANT,GIRL,E-Commerce,164,0.5,"12M",4079,C1255120,134768.2,88189.1,LEGGING,KNIT BOTTOMS,LONG LEG,BLANK,NA,NA,"1O633510-USA-E-Commerce",300,19.717567,9822,89.0,3346,1689,2024,17,16.632,BASICS
1632,USA,E-Commerce,E-Commerce,2024-04-26,GIRLS PLAYWEAR,INFANT,BOY,E-Commerce,122,0.5,"12M",3280,C1256115,69611.586,45552.16,LEGGING,KNIT BOTTOMS,SHORT LEG,GOOD,NA,NA,"1P345011-USA-E-Commerce",300,19.465868,10246,89.0,1728,3185,2024,17,16.632,BABY BGOSH
1633,USA,E-Commerce,E-Commerce,2024-04-26,GIRLS PLAYWEAR,TODDLER,GIRL,E-Commerce,505,0.5,"3T",2431,C1257190,97332.59,63692.13,LEGGING,KNIT BOTTOMS,LONG LEG,BETTER,NA,NA,"1Q159510-USA-E-Commerce",300,19.778961,9079,89.0,2416,3070,2024,17,16.632,DRESSES - ROMPERS
1634,USA,Brick __ia_char_13 Mortar,Brick __ia_char_13 Mortar,2024-04-26,GIRLS PLAYWEAR,TODDLER,GIRL,Brick __ia_char_13 Mortar,83,0.6,"5T",4696,C1257190,104819.72,68591.52,LEGGING,KNIT BOTTOMS,LONG LEG,GOOD,NA,NA,"1R994010-USA-Brick __ia_char_13 Mortar",300,19.778961,1095,89.0,2602,1706,2024,17,16.632,DRESSES - ROMPERS
1635,USA,E-Commerce,E-Commerce,2024-04-26,GIRLS PLAYWEAR,KIDS,BOY,E-Commerce,160,0.5,"8",2550,C125B101,104819.72,68591.52,LEGGING,KNIT BOTTOMS,LONG LEG,GOOD,NA,NA,"1S045110-USA-E-Commerce",300,19.943974,5668,89.0,2602,2464,2024,17,16.632,BASICS
1636,USA,Brick __ia_char_13 Mortar,Brick __ia_char_13 Mortar,2024-04-26,GIRLS PLAYWEAR,KIDS,BOY,Brick __ia_char_13 Mortar,121,0.7,"12",1420,C125B101,38284.273,18246.223,LEGGING,KNIT BOTTOMS,LONG LEG,BETTER,NA,NA,"2Q054810-USA-Brick __ia_char_13 Mortar",300,18.946564,1952,89.5,950,1885,2024,17,15.95,MIX AND MATCH BOTTOMS
1637,USA,Brick __ia_char_13 Mortar,Brick __ia_char_13 Mortar,2024-04-26,GIRLS PLAYWEAR,KIDS,GIRL,Brick __ia_char_13 Mortar,994,0.7,"7",1591,C125G190,87009.72,43974.742,LEGGING,KNIT BOTTOMS,LONG LEG,BETTER,NA,NA,"2Q130610-USA-Brick __ia_char_13 Mortar",300,18.964506,10170,89.5,2160,2632,2024,17,15.95,DRESSES - ROMPERS
1638,USA,Brick __ia_char_13 Mortar,Brick __ia_char_13 Mortar,2024-04-26,GIRLS PLAYWEAR,KIDS,GIRL,Brick __ia_char_13 Mortar,170,0.7,"5",4628,C125G190,112799.76,71025.734,LEGGING,SETS,LONG LEG,BLANK,LONG SLEEVE,NA,"1O032410-USA-Brick __ia_char_13 Mortar",300,19.354008,2698,89.5,3299,4091,2024,17,15.95,DRESSES - ROMPERS
1639,USA,Brick __ia_char_13 Mortar,Brick __ia_char_13 Mortar,2024-04-26,GIRLS PLAYWEAR,KIDS,GIRL,Brick __ia_char_13 Mortar,17,0.7,"12",7436,C125G290,123542.59,77790.09,LEGGING,KNIT BOTTOMS,LONG LEG,BLANK,NA,NA,"1O087410-USA-Brick __ia_char_13 Mortar",300,19.573002,1403,89.5,3613,3509,2024,17,15.95,DRESSES - ROMPERS
1640,USA,E-Commerce,E-Commerce,2024-04-26,GIRLS PLAYWEAR,KIDS,BOY,E-Commerce,73,0.7,"12",3177,C220B192,102056.92,64261.38,CINCHED,SETS,LONG LEG,BLANK,LONG SLEEVE,NA,"1O176210-USA-E-Commerce",300,19.510326,5814,109.5,2985,3837,2024,17,17.75,LAYERING
1641,USA,E-Commerce,E-Commerce,2024-04-26,GIRLS PLAYWEAR,KIDS,GIRL,E-Commerce,209,0.7,"6",3680,C220G102,96685.51,60879.203,LEGGING,KNIT BOTTOMS,LONG LEG,BLANK,NA,NA,"1O205810-USA-E-Commerce",300,19.874393,7064,109.5,2828,2715,2024,17,17.75,DRESSES - ROMPERS
1642,USA,E-Commerce,E-Commerce,2024-04-26,GIRLS PLAYWEAR,KIDS,GIRL,E-Commerce,115,0.7,"12",1459,C220G138,86900.81,53873.82,LEGGING,SETS,LONG LEG,BLANK,LONG SLEEVE,NA,"1O430210-USA-E-Commerce",300,19.89743,7360,89.5,2602,1677,2024,17,15.95,DRESSES - ROMPERS
1643,USA,Brick __ia_char_13 Mortar,Brick __ia_char_13 Mortar,2024-04-26,GIRLS PLAYWEAR,KIDS,GIRL,Brick __ia_char_13 Mortar,703,0.65,"8",7371,C220G138,74486.414,43902.145,LEGGING,KNIT BOTTOMS,LONG LEG,BLANK,NA,NA,"1P564210-USA-Brick __ia_char_13 Mortar",300,19.778961,10540,129.0,2230,3287,2024,17,21.19354,DRESSES - ROMPERS
1644,USA,Brick __ia_char_13 Mortar,Brick __ia_char_13 Mortar,2024-04-26,GIRLS PLAYWEAR,KIDS,GIRL,Brick __ia_char_13 Mortar,996,0.47,"4",5930,C220G209,65053.723,41771.543,LEGGING,SETS,LONG LEG,BLANK,LONG SLEEVE,NA,"1R343510-USA-Brick __ia_char_13 Mortar",300,52.18241,7555,129.0,1948,2353,2024,17,21.19354,DRESSES - ROMPERS
1762,USA,E-Commerce,E-Commerce,2024-03-19,BABY,INFANT,BOY,E-Commerce,892,0.8,"18M",3621,"16519012",105368.12,67704.78,LEGGING,SETS,LONG LEG,BLANK,SHORT SLEEVE,RUFFLE SLEEVE,"2Q566510-USA-E-Commerce",300,20.037392,7079,99.0,3718,1068,2024,12,14.952,"1 PC KEY ITEMS"
1763,USA,E-Commerce,E-Commerce,2024-03-19,BABY,INFANT,BOY,E-Commerce,472,0.65,"24M",6435,"16528112",126441.74,80130.336,LEGGING,SETS,LONG LEG,BLANK,SHORT SLEEVE,RUFFLE SLEEVE,"3Q577610-USA-E-Commerce",300,20.700953,5558,129.0,4461,1468,2024,12,22.41809,"1 PC KEY ITEMS"
1764,USA,E-Commerce,E-Commerce,2024-03-19,BABY,INFANT,GIRL,E-Commerce,839,0.65,"18M",3466,"16529311",100099.71,63436.516,LEGGING,SETS,CROP-ANKLE,BETTER,SHORT SLEEVE,RUFFLE SLEEVE,"2Q688510-USA-E-Commerce",300,19.119987,4612,129.0,3532,673,2024,12,22.41809,HOLIDAYS AND EVENTS
1765,USA,Brick __ia_char_13 Mortar,Brick __ia_char_13 Mortar,2024-03-19,BABY,INFANT,GIRL,Brick __ia_char_13 Mortar,924,0.0,"6X",2390,"16529811",94831.305,60097.754,LEGGING,KNIT BOTTOMS,LONG LEG,BLANK,NA,NA,"1O087112-USA-Brick __ia_char_13 Mortar",300,20.037392,8142,139.9,3346,676,2024,12,0.0,HOLIDAYS AND EVENTS
1766,USA,Brick __ia_char_13 Mortar,Brick __ia_char_13 Mortar,2024-03-19,BABY,INFANT,GIRL,Brick __ia_char_13 Mortar,884,0.5,"6M",2474,"16529811",84294.49,53420.223,LEGGING,KNIT BOTTOMS,LONG LEG,BLANK,NA,NA,"1R994010-USA-Brick __ia_char_13 Mortar",300,20.28082,9874,89.0,2974,4345,2024,12,16.632,HOLIDAYS AND EVENTS
1767,USA,Brick __ia_char_13 Mortar,Brick __ia_char_13 Mortar,2024-03-19,BABY,INFANT,GIRL,Brick __ia_char_13 Mortar,911,0.5,O__ia_char_03S,1347,"16529811",110636.52,70114.05,LEGGING,KNIT BOTTOMS,LONG LEG,BLANK,NA,NA,"1R995010-USA-Brick __ia_char_13 Mortar",300,18.945614,1508,89.0,3903,728,2024,12,16.632,HOLIDAYS AND EVENTS
1768,USA,Brick __ia_char_13 Mortar,Brick __ia_char_13 Mortar,2024-03-19,BABY,INFANT,GIRL,Brick __ia_char_13 Mortar,1105,0.5,"3M",6500,"16529811",73757.69,46742.695,LEGGING,KNIT BOTTOMS,LONG LEG,BLANK,NA,NA,"2O087114-USA-Brick __ia_char_13 Mortar",300,19.148727,4190,89.0,2602,2845,2024,12,16.632,HOLIDAYS AND EVENTS
1769,USA,E-Commerce,E-Commerce,2024-03-19,BABY,INFANT,GIRL,E-Commerce,2120,0.6,"18M",4500,"16530210",79026.09,50081.46,LEGGING,KNIT BOTTOMS,LONG LEG,BLANK,NA,NA,"2R993510-USA-E-Commerce",300,19.185665,2385,89.0,2788,821,2024,12,16.632,HOLIDAYS AND EVENTS
1770,USA,E-Commerce,E-Commerce,2024-03-19,BABY,INFANT,GIRL,E-Commerce,1007,0.5,NB,6500,"16535810",79639.56,50064.3,LEGGING,KNIT BOTTOMS,LONG LEG,BLANK,NA,NA,"3O575910-USA-E-Commerce",300,18.931793,10184,89.0,2574,1847,2024,12,16.632,HOLIDAYS AND EVENTS
1771,USA,Brick __ia_char_13 Mortar,Brick __ia_char_13 Mortar,2024-03-19,BABY,INFANT,BOY,Brick __ia_char_13 Mortar,419,0.7,"12M",8358,"16540610",71675.6,45057.87,LEGGING,SETS,LONG LEG,BLANK,LONG SLEEVE,NA,"3Q313210-USA-Brick __ia_char_13 Mortar",300,20.037392,1969,89.5,2316,2591,2024,12,15.95,"1 PC KEY ITEMS"
1772,USA,Brick __ia_char_13 Mortar,Brick __ia_char_13 Mortar,2024-03-19,BABY,INFANT,BOY,Brick __ia_char_13 Mortar,431,0.7,"8S",2000,"16541410",48461.734,30464.793,LEGGING,KNIT BOTTOMS,SHORT LEG,BLANK,NA,NA,"1N703112-USA-Brick __ia_char_13 Mortar",300,20.037392,8271,89.5,1566,3656,2024,12,15.95,"1 PC KEY ITEMS"
1773,USA,Brick __ia_char_13 Mortar,Brick __ia_char_13 Mortar,2024-03-19,BABY,INFANT,BOY,Brick __ia_char_13 Mortar,1389,0.7,"24M",4684,"16541410",59729.67,37548.227,LEGGING,SETS,LONG LEG,BLANK,LONG SLEEVE,NA,"1O579510-USA-Brick __ia_char_13 Mortar",300,18.954979,3704,89.5,1930,4565,2024,12,15.95,"1 PC KEY ITEMS"
1774,USA,Brick __ia_char_13 Mortar,Brick __ia_char_13 Mortar,2024-03-19,BABY,"",BOY,Brick __ia_char_13 Mortar,1357,0.7,"41852",2882,"16542010",53957.477,31972.941,LEGGING,SETS,LONG LEG,BETTER,LONG SLEEVE,NA,"1R972710-USA-Brick __ia_char_13 Mortar",300,19.144285,8166,89.5,1673,1495,2024,12,15.95,KEY ITEM SEPARATES
1775,USA,Brick __ia_char_13 Mortar,Brick __ia_char_13 Mortar,2024-03-19,BABY,"",BOY,Brick __ia_char_13 Mortar,727,0.7,"16",4684,"16542010",48369.26,29741.47,LEGGING,SETS,LONG LEG,BLANK,LONG SLEEVE,NA,"2O578510-USA-Brick __ia_char_13 Mortar",300,40.211338,7319,109.5,1499,4454,2024,12,17.75,KEY ITEM SEPARATES
1776,USA,Brick __ia_char_13 Mortar,Brick __ia_char_13 Mortar,2024-03-19,BABY,INFANT,GIRL,Brick __ia_char_13 Mortar,676,0.7,"9M",2882,"16556915",58734.1,34038.46,LEGGING,KNIT BOTTOMS,LONG LEG,BLANK,NA,NA,"2O624112-USA-Brick __ia_char_13 Mortar",300,19.778961,2660,109.5,1821,986,2024,12,17.75,HOLIDAYS AND EVENTS
1777,USA,Brick __ia_char_13 Mortar,Brick __ia_char_13 Mortar,2024-03-19,BABY,INFANT,GIRL,Brick __ia_char_13 Mortar,843,0.7,"6X__ia_char_037",514,"16556917",83456.6,44899.402,LEGGING,KNIT BOTTOMS,LONG LEG,BLANK,NA,NA,"3O633310-USA-Brick __ia_char_13 Mortar",300,53.672085,5498,89.5,3036,2688,2024,12,15.95,HOLIDAYS AND EVENTS
1778,USA,Brick __ia_char_13 Mortar,Brick __ia_char_13 Mortar,2024-03-19,BABY,INFANT,GIRL,Brick __ia_char_13 Mortar,934,0.65,"5R",6435,"16556917",50388.17,25847.64,LEGGING,SETS,LONG LEG,BLANK,LONG SLEEVE,NA,"1P829110-USA-Brick __ia_char_13 Mortar",300,53.672085,4558,129.0,1841,913,2024,12,21.19354,HOLIDAYS AND EVENTS
1779,USA,Brick __ia_char_13 Mortar,Brick __ia_char_13 Mortar,2024-03-19,BABY,INFANT,GIRL,Brick __ia_char_13 Mortar,1303,0.47,"42583",628,"16557311",40252.465,25805.174,LEGGING,SETS,LONG LEG,BLANK,LONG SLEEVE,NA,"2O032510-USA-Brick __ia_char_13 Mortar",300,19.201168,5033,129.0,1503,4378,2024,12,21.19354,HOLIDAYS AND EVENTS
1780,USA,Brick __ia_char_13 Mortar,Brick __ia_char_13 Mortar,2024-03-19,BABY,INFANT,GIRL,Brick __ia_char_13 Mortar,507,0.47,"12M",1719,"16557710",50315.58,32256.469,LEGGING,KNIT BOTTOMS,LONG LEG,BLANK,NA,NA,"2O179510-USA-Brick __ia_char_13 Mortar",300,19.048168,1817,129.0,1879,3861,2024,12,21.19354,HOLIDAYS AND EVENTS
1781,USA,Brick __ia_char_13 Mortar,Brick __ia_char_13 Mortar,2024-03-19,BABY,INFANT,BOY,Brick __ia_char_13 Mortar,1063,0.45,"9M",2923,"16558511",46961.207,30106.037,LEGGING,SETS,LONG LEG,BLANK,LONG SLEEVE,NA,"2P574910-USA-Brick __ia_char_13 Mortar",300,52.18241,532,129.0,1753,1107,2024,12,21.19354,"1 PC KEY ITEMS"
1782,USA,Brick __ia_char_13 Mortar,Brick __ia_char_13 Mortar,2024-03-19,BABY,INFANT,BOY,Brick __ia_char_13 Mortar,385,0.47,"3M",2457,"16559011",46961.207,30106.037,LEGGING,KNIT BOTTOMS,LONG LEG,BLANK,NA,NA,"3O055811-USA-Brick __ia_char_13 Mortar",300,20.037392,2895,129.0,1753,3375,2024,12,21.19354,"1 PC KEY ITEMS"
1783,USA,Brick __ia_char_13 Mortar,Brick __ia_char_13 Mortar,2024-03-19,BABY,"",GIRL,Brick __ia_char_13 Mortar,812,0.65,ONESI,2400,"16560810",27696.285,16990.158,DENIM,DENIM BOTTOMS,LONG LEG,BLANK,NA,NA,"3P577310-USA-Brick __ia_char_13 Mortar",300,19.134418,8145,139.0,1034,1224,2024,12,22.0185,KEY ITEM SETS
1784,USA,Brick __ia_char_13 Mortar,Brick __ia_char_13 Mortar,2024-03-19,BABY,"",GIRL,Brick __ia_char_13 Mortar,15,0.45,"45477",2295,"16560810",29674.592,18203.74,LEGGING,SETS,LONG LEG,BLANK,LONG SLEEVE,NA,"1O032210-USA-Brick __ia_char_13 Mortar",300,20.037392,8986,139.0,1108,3131,2024,12,22.0185,KEY ITEM SETS
1785,USA,Brick __ia_char_13 Mortar,Brick __ia_char_13 Mortar,2024-03-19,BABY,"",GIRL,Brick __ia_char_13 Mortar,1263,0.65,YL,2191,"16560810",31359.9,16336.32,LEGGING,KNIT BOTTOMS,LONG LEG,BLANK,NA,NA,"1O055614-USA-Brick __ia_char_13 Mortar",300,55.471607,896,129.0,972,4049,2024,12,21.49001,KEY ITEM SETS
1786,USA,Brick __ia_char_13 Mortar,Brick __ia_char_13 Mortar,2024-03-19,BABY,INFANT,GIRL,Brick __ia_char_13 Mortar,695,0.65,"5P",4348,"16561410",65654.81,41861.3,LEGGING,KNIT BOTTOMS,LONG LEG,BLANK,NA,NA,"1O179510-USA-Brick __ia_char_13 Mortar",300,20.037392,888,99.0,978,4066,2024,12,11.91,HOLIDAYS AND EVENTS
1787,USA,Brick __ia_char_13 Mortar,Brick __ia_char_13 Mortar,2024-03-19,BABY,INFANT,GIRL,Brick __ia_char_13 Mortar,1024,0.65,"6X__ia_char_037",2135,"16561410",236933.27,151067.92,LEGGING,SETS,LONG LEG,BETTER,LONG SLEEVE,PUFF SLEEVE,"1R343710-USA-Brick __ia_char_13 Mortar",300,52.80979,8602,99.0,3532,2970,2024,12,11.96354,HOLIDAYS AND EVENTS
1788,USA,Brick __ia_char_13 Mortar,Brick __ia_char_13 Mortar,2024-03-19,BABY,INFANT,GIRL,Brick __ia_char_13 Mortar,1165,1.0,"5T",3314,"16561410",187052.58,119264.15,LEGGING,SETS,LONG LEG,BETTER,LONG SLEEVE,NA,"1R352710-USA-Brick __ia_char_13 Mortar",300,52.80979,3777,99.0,2788,1215,2024,12,11.91,HOLIDAYS AND EVENTS
1789,USA,Brick __ia_char_13 Mortar,Brick __ia_char_13 Mortar,2024-03-19,BABY,INFANT,GIRL,Brick __ia_char_13 Mortar,1434,0.65,"6-6XP",3980,"16561410",51668.777,27915.012,LEGGING,SETS,LONG LEG,BETTER,LONG SLEEVE,NA,"1R508010-USA-Brick __ia_char_13 Mortar",300,20.037392,4389,209.0,866,705,2024,12,28.83731,HOLIDAYS AND EVENTS
1790,USA,Brick __ia_char_13 Mortar,Brick __ia_char_13 Mortar,2024-03-19,BABY,INFANT,GIRL,Brick __ia_char_13 Mortar,305,0.7,"2T4T",2863,"16561410",65760.266,35528.195,LEGGING,KNIT BOTTOMS,LONG LEG,BLANK,NA,NA,"2O087111-USA-Brick __ia_char_13 Mortar",300,53.672085,4234,139.0,1103,4189,2024,12,29.18,HOLIDAYS AND EVENTS
1791,USA,Brick __ia_char_13 Mortar,Brick __ia_char_13 Mortar,2024-03-19,BABY,INFANT,BOY,Brick __ia_char_13 Mortar,1318,0.8,"2.5",2967,"16573911",56365.938,30452.738,LEGGING,KNIT BOTTOMS,LONG LEG,GOOD,NA,NA,"2R856710-USA-Brick __ia_char_13 Mortar",300,20.037392,6846,109.0,945,2023,2024,12,17.03007,"1 PC KEY ITEMS"
1792,USA,Brick __ia_char_13 Mortar,Brick __ia_char_13 Mortar,2024-03-19,BABY,INFANT,BOY,Brick __ia_char_13 Mortar,868,0.6,"12",2295,"16573911",250551.38,165102.44,LEGGING,SETS,LONG LEG,BETTER,LONG SLEEVE,NA,"3P541110-USA-Brick __ia_char_13 Mortar",300,20.037392,4490,109.0,2695,3803,2024,12,17.03007,"1 PC KEY ITEMS"
1793,USA,E-Commerce,E-Commerce,2024-03-19,BABY,INFANT,BOY,E-Commerce,899,0.8,"6M",3792,"16574111",354227.8,233420.69,LEGGING,KNIT BOTTOMS,LONG LEG,GOOD,NA,NA,"3P618710-USA-E-Commerce",300,19.11232,3518,109.0,3810,4999,2024,12,17.0,"1 PC KEY ITEMS"
1794,USA,Brick __ia_char_13 Mortar,Brick __ia_char_13 Mortar,2024-03-19,BABY,INFANT,BOY,Brick __ia_char_13 Mortar,523,0.8,"6M",372,"16574111",184728.8,121728.23,LEGGING,SETS,LONG LEG,BETTER,LONG SLEEVE,NA,"3P818810-USA-Brick __ia_char_13 Mortar",300,19.127779,8619,119.0,1987,2738,2024,12,24.8516,"1 PC KEY ITEMS"
1795,USA,E-Commerce,E-Commerce,2024-03-19,BABY,INFANT,BOY,E-Commerce,1066,0.8,"12M",2712,"16574112",121669.95,78210.55,LEGGING,SETS,LONG LEG,BETTER,LONG SLEEVE,NA,"3R506010-USA-E-Commerce",300,20.313667,8910,119.0,1170,4252,2024,12,24.8516,"1 PC KEY ITEMS"
1796,USA,Brick __ia_char_13 Mortar,Brick __ia_char_13 Mortar,2024-03-19,BABY,INFANT,BOY,Brick __ia_char_13 Mortar,1228,0.65,"45447",2664,"16574112",162792.62,112093.984,LEGGING,KNIT BOTTOMS,LONG LEG,GOOD,NA,NA,"3R532110-USA-Brick __ia_char_13 Mortar",300,52.80979,7009,89.5,2602,4734,2024,12,15.5,"1 PC KEY ITEMS"
1797,USA,Brick __ia_char_13 Mortar,Brick __ia_char_13 Mortar,2024-03-19,BABY,INFANT,BOY,Brick __ia_char_13 Mortar,543,0.75,"10",577,"16574112",122094.47,84070.484,CINCHED,KNIT BOTTOMS,SHORT LEG,BEST,NA,NA,"1O819310-USA-Brick __ia_char_13 Mortar",300,20.037392,7418,89.5,1951,2484,2024,12,15.5,"1 PC KEY ITEMS"
1798,USA,Brick __ia_char_13 Mortar,Brick __ia_char_13 Mortar,2024-03-19,BABY,INFANT,BOY,Brick __ia_char_13 Mortar,430,0.65,NB,686,"16574113",94215.07,64873.59,LEGGING,KNIT BOTTOMS,LONG LEG,GOOD,NA,NA,"3Q457810-USA-Brick __ia_char_13 Mortar",300,19.183561,9698,89.5,1506,1499,2024,12,14.95,"1 PC KEY ITEMS"
1799,USA,E-Commerce,E-Commerce,2024-03-19,BABY,INFANT,BOY,E-Commerce,365,0.75,NB,3971,"16574311",207824.11,145408.56,LEGGING,KNIT BOTTOMS,LONG LEG,BLANK,NA,NA,"3O559313-USA-E-Commerce",300,52.13769,9633,89.5,2732,881,2024,12,14.95,"1 PC KEY ITEMS"
1800,USA,E-Commerce,E-Commerce,2024-03-19,BABY,INFANT,BOY,E-Commerce,962,0.7,NB,2331,"16574313",178134.95,124635.914,LEGGING,KNIT BOTTOMS,LONG LEG,BLANK,NA,NA,"2O558913-USA-E-Commerce",300,20.037392,2823,99.0,2342,677,2024,12,16.30939,"1 PC KEY ITEMS"
1801,USA,Brick __ia_char_13 Mortar,Brick __ia_char_13 Mortar,2024-03-19,BABY,INFANT,GIRL,Brick __ia_char_13 Mortar,1246,0.7,"18M",1748,"16574710",188031.34,131560.12,LEGGING,KNIT BOTTOMS,LONG LEG,BLANK,NA,NA,"3O559310-USA-Brick __ia_char_13 Mortar",300,19.173069,10986,99.0,2472,3749,2024,12,16.30939,HOLIDAYS AND EVENTS
1802,USA,Brick __ia_char_13 Mortar,Brick __ia_char_13 Mortar,2024-03-19,BABY,INFANT,GIRL,Brick __ia_char_13 Mortar,1118,0.65,"18M",2331,"16574712",158342.19,110787.48,LEGGING,KNIT BOTTOMS,LONG LEG,BLANK,NA,NA,"1N992511-USA-Brick __ia_char_13 Mortar",300,19.205147,8882,109.0,2082,4400,2024,12,16.22756,HOLIDAYS AND EVENTS
1803,USA,Brick __ia_char_13 Mortar,Brick __ia_char_13 Mortar,2024-03-19,BABY,INFANT,GIRL,Brick __ia_char_13 Mortar,1348,0.65,XS,4800,"16576310",60779.113,33444.59,LEGGING,KNIT BOTTOMS,LONG LEG,GOOD,NA,NA,"3P533112-USA-Brick __ia_char_13 Mortar",300,20.037392,10691,109.0,803,1117,2024,12,16.22756,HOLIDAYS AND EVENTS
1804,USA,Brick __ia_char_13 Mortar,Brick __ia_char_13 Mortar,2024-03-19,BABY,INFANT,GIRL,Brick __ia_char_13 Mortar,316,0.8,"12S",3720,"16576310",71504.836,39346.58,LEGGING,KNIT BOTTOMS,LONG LEG,BETTER,NA,NA,"3P584810-USA-Brick __ia_char_13 Mortar",300,20.746254,10973,99.0,945,3813,2024,12,19.42,HOLIDAYS AND EVENTS
1805,USA,Brick __ia_char_13 Mortar,Brick __ia_char_13 Mortar,2024-03-19,BABY,INFANT,GIRL,Brick __ia_char_13 Mortar,626,0.8,"5P",2469,"16576310",97106.125,49555.406,LEGGING,KNIT BOTTOMS,LONG LEG,GOOD,NA,NA,"3R309911-USA-Brick __ia_char_13 Mortar",300,19.089128,6104,159.0,1276,4305,2024,12,33.96753,HOLIDAYS AND EVENTS
1806,USA,Brick __ia_char_13 Mortar,Brick __ia_char_13 Mortar,2024-03-19,BABY,INFANT,GIRL,Brick __ia_char_13 Mortar,701,0.8,"45636",6179,"16576310",58252.875,29727.734,LEGGING,KNIT BOTTOMS,LONG LEG,BETTER,NA,NA,"3R853710-USA-Brick __ia_char_13 Mortar",300,20.037392,2544,99.0,765,3351,2024,12,14.952,HOLIDAYS AND EVENTS
1807,USA,Brick __ia_char_13 Mortar,Brick __ia_char_13 Mortar,2024-03-19,BABY,INFANT,GIRL,Brick __ia_char_13 Mortar,1242,0.8,"0-12",5774,"16576310",41265.668,25877.734,LEGGING,KNIT BOTTOMS,LONG LEG,BLANK,NA,NA,"3N980411-USA-Brick __ia_char_13 Mortar",300,44.591537,8403,99.0,866,3419,2024,12,14.952,HOLIDAYS AND EVENTS
1808,USA,Brick __ia_char_13 Mortar,Brick __ia_char_13 Mortar,2024-03-19,BABY,INFANT,GIRL,Brick __ia_char_13 Mortar,1008,0.65,"6M",4347,"16576710",83236.73,47465.848,LEGGING,KNIT BOTTOMS,LONG LEG,BLANK,NA,NA,"3R853710-USA-Brick __ia_char_13 Mortar",300,40.211338,4382,129.0,1673,1732,2024,12,22.41809,HOLIDAYS AND EVENTS
1809,USA,Brick __ia_char_13 Mortar,Brick __ia_char_13 Mortar,2024-03-19,BABY,INFANT,NEUTRAL,Brick __ia_char_13 Mortar,1189,0.65,"9M",5618,"16591910",176077.69,116553.94,LEGGING,SETS,CROP-ANKLE,BLANK,SHORT SLEEVE,CAP,"1P070410-USA-Brick __ia_char_13 Mortar",300,19.517683,5770,129.0,3217,2687,2024,12,22.41809,KEY ITEM SEPARATES
1810,USA,E-Commerce,E-Commerce,2024-03-19,BABY,INFANT,NEUTRAL,E-Commerce,808,0.0,"6M",7792,"16592310",84517.29,55945.89,LEGGING,KNIT BOTTOMS,LONG LEG,BLANK,NA,NA,"1Q475110-USA-E-Commerce",300,20.416624,3400,139.9,1544,4175,2024,12,0.0,KEY ITEM SEPARATES
1838,USA,E-Commerce,E-Commerce,2024-03-19,BABY,INFANT,BOY,E-Commerce,1225,0.8,"18M",4315,"17013910",72451.664,43308.836,LEGGING,KNIT BOTTOMS,LONG LEG,GOOD,NA,NA,"3S043510-USA-E-Commerce",300,20.588728,8346,99.0,2316,2741,2024,12,16.632,"1 PC KEY ITEMS"
1811,USA,Brick __ia_char_13 Mortar,Brick __ia_char_13 Mortar,2024-03-19,BABY,INFANT,BOY,Brick __ia_char_13 Mortar,1415,0.5,"45508",6416,"16597213",63524.387,36837.76,LEGGING,KNIT BOTTOMS,LONG LEG,BLANK,NA,NA,"2Q424510-USA-Brick __ia_char_13 Mortar",300,20.037392,8785,89.0,1276,2180,2024,12,16.632,"1 PC KEY ITEMS"
1812,USA,E-Commerce,E-Commerce,2024-03-19,BABY,INFANT,BOY,E-Commerce,1036,0.5,"12M",5455,"16597215",68818.086,39907.574,LEGGING,SETS,LONG LEG,BLANK,LONG SLEEVE,NA,"2S410510-USA-E-Commerce",300,19.149271,6483,89.0,1383,1054,2024,12,16.632,"1 PC KEY ITEMS"
1813,USA,Brick __ia_char_13 Mortar,Brick __ia_char_13 Mortar,2024-03-19,BABY,INFANT,BOY,Brick __ia_char_13 Mortar,1286,0.5,"7XR",7213,"16597216",39208.69,22737.1,LEGGING,KNIT BOTTOMS,LONG LEG,BLANK,NA,NA,"3O944710-USA-Brick __ia_char_13 Mortar",300,52.80979,543,89.0,788,2539,2024,12,16.632,"1 PC KEY ITEMS"
1814,USA,Brick __ia_char_13 Mortar,Brick __ia_char_13 Mortar,2024-03-19,BABY,INFANT,BOY,Brick __ia_char_13 Mortar,754,0.6,"6-6X",5523,"16597216",205019.6,149945.72,LEGGING,SETS,CROP-ANKLE,BETTER,SHORT SLEEVE,RUFFLE SLEEVE,"1O855410-USA-Brick __ia_char_13 Mortar",300,19.477032,7925,89.0,5915,2075,2024,12,16.632,"1 PC KEY ITEMS"
1815,USA,Brick __ia_char_13 Mortar,Brick __ia_char_13 Mortar,2024-03-19,BABY,INFANT,BOY,Brick __ia_char_13 Mortar,440,0.5,NB,4622,"16597610",142730.31,104554.61,LEGGING,KNIT BOTTOMS,CROP-ANKLE,GOOD,NA,NA,"2O932714-USA-Brick __ia_char_13 Mortar",300,40.211338,6462,89.0,4100,518,2024,12,16.632,"1 PC KEY ITEMS"
1816,USA,E-Commerce,E-Commerce,2024-03-19,BABY,INFANT,BOY,E-Commerce,1279,0.7,"6M",4778,"16597612",156721.05,114561.51,CINCHED,KNIT BOTTOMS,LONG LEG,BEST,NA,NA,"2Q424410-USA-E-Commerce",300,20.037392,3379,79.5,4528,3939,2024,12,15.95,"1 PC KEY ITEMS"
1817,USA,Brick __ia_char_13 Mortar,Brick __ia_char_13 Mortar,2024-03-19,BABY,INFANT,GIRL,Brick __ia_char_13 Mortar,175,0.7,"24M",6320,"16599212",197113.02,145225.81,LEGGING,SETS,LONG LEG,BETTER,SHORT SLEEVE,RUFFLE SLEEVE,"3Q577810-USA-Brick __ia_char_13 Mortar",300,20.037392,7296,79.5,5310,4432,2024,12,15.95,HOLIDAYS AND EVENTS
1818,USA,Brick __ia_char_13 Mortar,Brick __ia_char_13 Mortar,2024-03-19,BABY,INFANT,GIRL,Brick __ia_char_13 Mortar,204,0.7,"18M",1293,"16599215",116908.86,85820.72,LEGGING,SETS,LONG LEG,BETTER,LONG SLEEVE,NA,"3S473010-USA-Brick __ia_char_13 Mortar",300,19.107409,1789,79.5,3182,4240,2024,12,15.95,HOLIDAYS AND EVENTS
1819,USA,Brick __ia_char_13 Mortar,Brick __ia_char_13 Mortar,2024-03-19,BABY,INFANT,GIRL,Brick __ia_char_13 Mortar,432,0.7,"12M",1498,"16601611",96900.375,70939.44,LEGGING,KNIT BOTTOMS,LONG LEG,BLANK,NA,NA,"1O442610-USA-Brick __ia_char_13 Mortar",300,19.434351,2155,79.5,2788,4904,2024,12,15.95,HOLIDAYS AND EVENTS
1820,USA,Brick __ia_char_13 Mortar,Brick __ia_char_13 Mortar,2024-03-19,BABY,INFANT,GIRL,Brick __ia_char_13 Mortar,1204,0.7,NB,1284,"16602610",50081.883,36664.26,LEGGING,SETS,LONG LEG,BLANK,LONG SLEEVE,NA,"1O579610-USA-Brick __ia_char_13 Mortar",300,20.037392,10025,99.5,1441,4117,2024,12,17.75,HOLIDAYS AND EVENTS
1821,USA,Brick __ia_char_13 Mortar,Brick __ia_char_13 Mortar,2024-03-19,BABY,INFANT,GIRL,Brick __ia_char_13 Mortar,514,0.7,"24M",832,"16603610",103871.625,76627.98,LEGGING,KNIT BOTTOMS,SHORT LEG,BLANK,NA,NA,"1P345010-USA-Brick __ia_char_13 Mortar",300,19.100344,4475,99.5,2788,1954,2024,12,17.75,HOLIDAYS AND EVENTS
1822,USA,E-Commerce,E-Commerce,2024-03-19,BABY,INFANT,GIRL,E-Commerce,1003,0.7,"24M",530,"16603610",53684.895,39604.32,LEGGING,SETS,LONG LEG,BLANK,LONG SLEEVE,NA,"2Q050310-USA-E-Commerce",300,19.15343,1107,79.5,1441,4872,2024,12,15.95,HOLIDAYS AND EVENTS
1823,USA,E-Commerce,E-Commerce,2024-03-19,BABY,INFANT,GIRL,E-Commerce,1052,0.65,"9M",3945,"16607410",166194.6,109799.98,LEGGING,KNIT BOTTOMS,LONG LEG,BLANK,NA,NA,"2R978210-USA-E-Commerce",300,52.80979,6868,119.0,4461,843,2024,12,19.992,HOLIDAYS AND EVENTS
1824,USA,Brick __ia_char_13 Mortar,Brick __ia_char_13 Mortar,2024-03-19,BABY,INFANT,NEUTRAL,Brick __ia_char_13 Mortar,1135,0.47,"6M",3651,"16608410",119851.875,82979.33,LEGGING,SETS,LONG LEG,BLANK,LONG SLEEVE,NA,"3O570010-USA-Brick __ia_char_13 Mortar",300,52.80979,10093,119.0,3217,757,2024,12,19.992,KEY ITEM SEPARATES
1825,USA,Brick __ia_char_13 Mortar,Brick __ia_char_13 Mortar,2024-03-19,BABY,INFANT,GIRL,Brick __ia_char_13 Mortar,632,0.47,UP5LB,2521,"16642910",37047.516,25480.2,LEGGING,SETS,LONG LEG,BLANK,LONG SLEEVE,NA,"3Q055810-USA-Brick __ia_char_13 Mortar",300,20.037392,6171,119.0,1035,4920,2024,12,19.992,HOLIDAYS AND EVENTS
1826,USA,Brick __ia_char_13 Mortar,Brick __ia_char_13 Mortar,2024-03-19,BABY,INFANT,GIRL,Brick __ia_char_13 Mortar,680,0.45,"4",3277,"16642910",54146.37,37240.293,LEGGING,KNIT BOTTOMS,LONG LEG,BLANK,NA,NA,"3Q062710-USA-Brick __ia_char_13 Mortar",300,19.48631,9507,119.0,1513,1384,2024,12,19.992,HOLIDAYS AND EVENTS
1827,USA,Brick __ia_char_13 Mortar,Brick __ia_char_13 Mortar,2024-03-19,BABY,INFANT,GIRL,Brick __ia_char_13 Mortar,755,0.47,"42583",1232,"16642910",48446.754,33320.26,LEGGING,KNIT BOTTOMS,LONG LEG,BLANK,NA,NA,"3R994310-USA-Brick __ia_char_13 Mortar",300,52.13769,3116,119.0,1354,1667,2024,12,19.992,HOLIDAYS AND EVENTS
1828,USA,Brick __ia_char_13 Mortar,Brick __ia_char_13 Mortar,2024-03-19,BABY,INFANT,GIRL,Brick __ia_char_13 Mortar,21,0.65,"4Y-8Y",1108,"16642910",119710.305,67442.664,LEGGING,SETS,LONG LEG,BLANK,LONG SLEEVE,RUFFLE SLEEVE,"1O579310-USA-Brick __ia_char_13 Mortar",300,20.037392,5594,129.0,3346,2294,2024,12,21.672,HOLIDAYS AND EVENTS
1829,USA,E-Commerce,E-Commerce,2024-03-19,BABY,INFANT,GIRL,E-Commerce,127,0.45,"3M",1555,"16644310",133011.45,74936.29,LEGGING,SETS,LONG LEG,BETTER,LONG SLEEVE,NA,"1Q050910-USA-E-Commerce",300,20.037392,2899,129.0,3718,1658,2024,12,21.672,HOLIDAYS AND EVENTS
1830,USA,E-Commerce,E-Commerce,2024-03-19,BABY,INFANT,BOY,E-Commerce,217,0.65,"24M",2215,"16645210",88660.72,55226.152,LEGGING,KNIT BOTTOMS,LONG LEG,BETTER,NA,NA,"2O087114-USA-E-Commerce",300,20.037392,4741,119.0,2230,4814,2024,12,19.992,"1 PC KEY ITEMS"
1831,USA,E-Commerce,E-Commerce,2024-03-19,BABY,INFANT,BOY,E-Commerce,1395,0.65,NB,3342,"16645610",78152.02,48680.355,LEGGING,SETS,LONG LEG,BETTER,LONG SLEEVE,NA,"2Q313810-USA-E-Commerce",300,20.037392,2722,89.0,1966,4764,2024,12,14.952,"1 PC KEY ITEMS"
1832,USA,Brick __ia_char_13 Mortar,Brick __ia_char_13 Mortar,2024-03-19,BABY,INFANT,BOY,Brick __ia_char_13 Mortar,1414,0.65,"12M",3224,"16645610",61380.5,38418.79,LEGGING,KNIT BOTTOMS,LONG LEG,GOOD,NA,NA,"2R993310-USA-Brick __ia_char_13 Mortar",300,19.099363,4670,89.0,1544,3760,2024,12,14.952,"1 PC KEY ITEMS"
1833,USA,E-Commerce,E-Commerce,2024-03-19,BABY,INFANT,BOY,E-Commerce,650,1.0,"9M",2333,"16646410",49302.934,29925.889,LEGGING,SETS,LONG LEG,BLANK,LONG SLEEVE,NA,"3O570210-USA-E-Commerce",300,53.672085,9582,89.0,1323,4183,2024,12,14.952,"1 PC KEY ITEMS"
1834,USA,Brick __ia_char_13 Mortar,Brick __ia_char_13 Mortar,2024-03-19,BABY,INFANT,GIRL,Brick __ia_char_13 Mortar,1467,0.65,"12M",3306,"16875610",41085.78,24938.24,LEGGING,SETS,SHORT LEG,BETTER,SLEEVELESS,TANK,"3P314210-USA-Brick __ia_char_13 Mortar",300,49.41304,8095,199.0,1102,4033,2024,12,33.432,HOLIDAYS AND EVENTS
1835,USA,Brick __ia_char_13 Mortar,Brick __ia_char_13 Mortar,2024-03-19,BABY,INFANT,GIRL,Brick __ia_char_13 Mortar,1218,0.7,"12M",3625,"16875810",80501.85,51415.65,LEGGING,KNIT BOTTOMS,LONG LEG,GOOD,NA,NA,"3Q056110-USA-Brick __ia_char_13 Mortar",300,19.150795,8683,129.0,2574,2916,2024,12,21.672,HOLIDAYS AND EVENTS
1836,USA,E-Commerce,E-Commerce,2024-03-19,BABY,INFANT,GIRL,E-Commerce,1323,0.8,"18M",4315,"16876410",40065.504,25589.398,LEGGING,KNIT BOTTOMS,LONG LEG,GOOD,NA,NA,"3Q133810-USA-E-Commerce",300,52.80979,8285,99.0,1281,1057,2024,12,16.632,HOLIDAYS AND EVENTS
1837,USA,Brick __ia_char_13 Mortar,Brick __ia_char_13 Mortar,2024-03-19,BABY,INFANT,GIRL,Brick __ia_char_13 Mortar,782,0.6,"6M",5145,"16876410",52326.203,32667.277,LEGGING,KNIT BOTTOMS,LONG LEG,GOOD,NA,NA,"3R995610-USA-Brick __ia_char_13 Mortar",300,20.037392,8268,99.0,1673,1581,2024,12,16.632,HOLIDAYS AND EVENTS
1839,USA,E-Commerce,E-Commerce,2024-03-19,BABY,INFANT,GIRL,E-Commerce,673,0.8,"6M",4038,"17017310",51158.25,33822.36,LEGGING,WOVEN BOTTOMS,LONG LEG,BEST,NA,NA,"1S458310-USA-E-Commerce",300,19.162115,940,109.0,1287,503,2024,12,18.312,HOLIDAYS AND EVENTS
1840,USA,Brick __ia_char_13 Mortar,Brick __ia_char_13 Mortar,2024-03-19,BABY,INFANT,BOY,Brick __ia_char_13 Mortar,488,0.8,"6M",1858,"17053210",61389.9,40694.94,LEGGING,KNIT BOTTOMS,LONG LEG,BLANK,NA,NA,"1R356710-USA-Brick __ia_char_13 Mortar",300,20.037392,6102,109.0,1544,2083,2024,12,18.312,"1 PC KEY ITEMS"
1841,USA,Brick __ia_char_13 Mortar,Brick __ia_char_13 Mortar,2024-03-19,BABY,INFANT,GIRL,Brick __ia_char_13 Mortar,1371,0.65,"6M",2042,"1H289910",45994.01,29224.398,LEGGING,KNIT BOTTOMS,LONG LEG,BLANK,NA,NA,"1O055613-USA-Brick __ia_char_13 Mortar",300,20.037392,5919,79.5,1323,548,2024,12,15.5,HOLIDAYS AND EVENTS
1842,USA,E-Commerce,E-Commerce,2024-03-19,BABY,INFANT,GIRL,E-Commerce,1370,0.75,"24M",4530,"1H290610",44383.05,28315.89,LEGGING,KNIT BOTTOMS,LONG LEG,BLANK,NA,NA,"1O072110-USA-E-Commerce",300,19.098734,2171,79.5,1102,3674,2024,12,15.5,HOLIDAYS AND EVENTS
1843,USA,E-Commerce,E-Commerce,2024-03-19,BABY,INFANT,BOY,E-Commerce,1349,0.65,"6M",2600,"1H291310",7985.642,5222.197,LEGGING,KNIT BOTTOMS,LONG LEG,BLANK,NA,NA,"1O087410-USA-E-Commerce",300,52.80979,1874,79.5,223,2401,2024,12,14.95,"1 PC KEY ITEMS"
1844,USA,E-Commerce,E-Commerce,2024-03-19,BABY,INFANT,BOY,E-Commerce,1322,0.75,"12M",700,"1H291410",18378.36,12317.448,LEGGING,KNIT BOTTOMS,LONG LEG,BLANK,NA,NA,"1O174210-USA-E-Commerce",300,20.037392,3578,79.5,686,1481,2024,12,14.95,"1 PC KEY ITEMS"
1845,USA,E-Commerce,E-Commerce,2024-03-19,BABY,INFANT,BOY,E-Commerce,238,0.7,"24M",3853,"1H291410",15315.3,10264.54,LEGGING,SETS,LONG LEG,BLANK,LONG SLEEVE,NA,"1R507510-USA-E-Commerce",300,52.80979,10341,89.0,572,3968,2024,12,14.952,"1 PC KEY ITEMS"
1846,USA,E-Commerce,E-Commerce,2024-03-19,BABY,INFANT,BOY,E-Commerce,1391,0.7,"12M",2281,"1H311910",55864.81,39327.887,LEGGING,SETS,LONG LEG,BLANK,LONG SLEEVE,NA,"1R507710-USA-E-Commerce",300,19.954367,2046,89.0,1561,2287,2024,12,14.952,"1 PC KEY ITEMS"
1847,USA,E-Commerce,E-Commerce,2024-03-19,BABY,INFANT,BOY,E-Commerce,946,0.65,"6M",1663,"1H312110",82467.1,58055.453,LEGGING,KNIT BOTTOMS,LONG LEG,BLANK,NA,NA,"1R529610-USA-E-Commerce",300,20.146381,6982,99.0,2305,1373,2024,12,16.632,"1 PC KEY ITEMS"
1848,USA,Brick __ia_char_13 Mortar,Brick __ia_char_13 Mortar,2024-03-19,BABY,INFANT,BOY,Brick __ia_char_13 Mortar,644,0.65,"12M",4647,"1H312210",53204.58,30628.885,LEGGING,SETS,LONG LEG,BLANK,LONG SLEEVE,NA,"2O031510-USA-Brick __ia_char_13 Mortar",300,49.41304,3860,99.0,1487,2122,2024,12,16.632,"1 PC KEY ITEMS"
1849,USA,Brick __ia_char_13 Mortar,Brick __ia_char_13 Mortar,2024-03-19,BABY,INFANT,BOY,Brick __ia_char_13 Mortar,1438,0.8,"9M",2147,"1H312210",107814.56,73121.164,LEGGING,SETS,LONG LEG,BLANK,LONG SLEEVE,NA,"3P541410-USA-Brick __ia_char_13 Mortar",300,20.037392,4497,89.0,2676,2166,2024,12,14.952,"1 PC KEY ITEMS"
1850,USA,Brick __ia_char_13 Mortar,Brick __ia_char_13 Mortar,2024-03-19,BABY,INFANT,BOY,Brick __ia_char_13 Mortar,1166,0.8,"12M",10410,"1H312510",68991.02,50507.383,LEGGING,KNIT BOTTOMS,LONG LEG,BLANK,NA,NA,"3R365110-USA-Brick __ia_char_13 Mortar",300,18.991072,5193,149.0,1985,3613,2024,12,25.032,"1 PC KEY ITEMS"
1851,USA,Brick __ia_char_13 Mortar,Brick __ia_char_13 Mortar,2024-03-19,BABY,INFANT,GIRL,Brick __ia_char_13 Mortar,842,0.8,"3M",1655,"1H312910",34667.71,20684.098,LEGGING,SETS,LONG LEG,BLANK,LONG SLEEVE,NA,"3R506010-USA-Brick __ia_char_13 Mortar",300,19.909729,3640,89.0,1165,1467,2024,12,14.952,HOLIDAYS AND EVENTS
1852,USA,E-Commerce,E-Commerce,2024-03-19,BABY,INFANT,GIRL,E-Commerce,547,0.8,"6M",1138,"1H312910",26000.785,15513.073,LEGGING,KNIT BOTTOMS,LONG LEG,BLANK,NA,NA,"3R529010-USA-E-Commerce",300,52.18241,5502,89.0,873,2257,2024,12,14.952,HOLIDAYS AND EVENTS
1853,USA,E-Commerce,E-Commerce,2024-03-19,BABY,INFANT,GIRL,E-Commerce,796,0.65,"3M",1968,"1H314610",37580.965,23014.7,LEGGING,SETS,LONG LEG,BETTER,LONG SLEEVE,NA,"1P558210-USA-E-Commerce",300,19.102451,10274,119.0,1165,925,2024,12,19.992,HOLIDAYS AND EVENTS
1854,USA,Brick __ia_char_13 Mortar,Brick __ia_char_13 Mortar,2024-03-19,BABY,INFANT,BOY,Brick __ia_char_13 Mortar,320,0.65,"6M",3861,"1H314910",173100.75,114687.96,LEGGING,KNIT BOTTOMS,LONG LEG,GOOD,NA,NA,"1R856710-USA-Brick __ia_char_13 Mortar",300,19.158113,4723,119.0,4647,4238,2024,12,19.992,"1 PC KEY ITEMS"
1855,USA,Brick __ia_char_13 Mortar,Brick __ia_char_13 Mortar,2024-03-19,BABY,INFANT,BOY,Brick __ia_char_13 Mortar,1053,0.0,"12M",2931,"1H314910",159243.75,105507.0,LEGGING,SETS,LONG LEG,BLANK,LONG SLEEVE,NA,"2O030810-USA-Brick __ia_char_13 Mortar",300,52.18241,6392,129.9,4275,4498,2024,12,23.32,"1 PC KEY ITEMS"
1856,USA,E-Commerce,E-Commerce,2024-03-19,BABY,INFANT,BOY,E-Commerce,394,0.5,"18M",4300,"1H317710",45986.863,30468.611,LEGGING,KNIT BOTTOMS,LONG LEG,BETTER,NA,NA,"2R833110-USA-E-Commerce",300,19.068483,5885,79.0,1234,825,2024,12,16.632,"1 PC KEY ITEMS"
1857,USA,Brick __ia_char_13 Mortar,Brick __ia_char_13 Mortar,2024-03-19,BABY,INFANT,BOY,Brick __ia_char_13 Mortar,888,0.5,"9M",3096,"1H318210",124645.95,82584.22,LEGGING,KNIT BOTTOMS,LONG LEG,GOOD,NA,NA,"3O055815-USA-Brick __ia_char_13 Mortar",300,19.862617,5574,79.0,3346,4345,2024,12,16.632,"1 PC KEY ITEMS"
1858,USA,Brick __ia_char_13 Mortar,Brick __ia_char_13 Mortar,2024-03-19,BABY,INFANT,BOY,Brick __ia_char_13 Mortar,434,0.5,"18M",907,"1H318410",193893.7,128464.336,LEGGING,SETS,LONG LEG,BETTER,LONG SLEEVE,NA,"3R339910-USA-Brick __ia_char_13 Mortar",300,44.591537,3559,79.0,5205,1715,2024,12,16.632,"1 PC KEY ITEMS"
1859,USA,Brick __ia_char_13 Mortar,Brick __ia_char_13 Mortar,2024-03-19,BABY,INFANT,GIRL,Brick __ia_char_13 Mortar,5104,0.6,"12M",2527,"1H319110",135467.78,89754.23,CINCHED,KNIT TOPS,NA,BLANK,SLEEVELESS,NA,"3O986411-USA-Brick __ia_char_13 Mortar",300,19.456326,8521,79.0,3636,4128,2024,12,16.632,HOLIDAYS AND EVENTS
1860,USA,Brick __ia_char_13 Mortar,Brick __ia_char_13 Mortar,2024-03-19,BABY,INFANT,GIRL,Brick __ia_char_13 Mortar,655,0.5,"3M",1282,"1H319110",103871.625,68820.18,CINCHED,KNIT TOPS,NA,BLANK,SLEEVELESS,NA,"3O986411-USA-Brick __ia_char_13 Mortar",300,19.54163,9019,79.0,2788,2137,2024,12,16.632,HOLIDAYS AND EVENTS
1861,USA,E-Commerce,E-Commerce,2024-03-19,BABY,INFANT,GIRL,E-Commerce,787,0.7,NB,2968,"1H319210",221685.75,133178.77,LEGGING,KNIT BOTTOMS,LONG LEG,BLANK,NA,NA,"3Q457811-USA-E-Commerce",300,20.037392,7985,79.5,5577,1263,2024,12,15.95,HOLIDAYS AND EVENTS
1862,USA,E-Commerce,E-Commerce,2024-03-19,BABY,INFANT,GIRL,E-Commerce,382,0.7,"6M",3079,"1H319210",184738.12,110982.3,LEGGING,KNIT BOTTOMS,LONG LEG,BETTER,NA,NA,"1S002010-USA-E-Commerce",300,20.452362,6533,79.5,4647,2181,2024,12,15.95,HOLIDAYS AND EVENTS
1863,USA,E-Commerce,E-Commerce,2024-03-19,BABY,INFANT,GIRL,E-Commerce,420,0.7,"3M",3022,"1H319610",108419.69,65133.64,LEGGING,KNIT BOTTOMS,LONG LEG,BETTER,NA,NA,"3S022410-USA-E-Commerce",300,19.919935,1242,79.5,2727,3290,2024,12,15.95,HOLIDAYS AND EVENTS
1864,USA,E-Commerce,E-Commerce,2024-03-19,BABY,INFANT,GIRL,E-Commerce,1083,0.7,"3M",3364,"1H320010",147790.5,88785.84,CINCHED,KNIT TOPS,NA,BLANK,LONG SLEEVE,NA,"2S001710-USA-E-Commerce",300,52.80979,5659,79.5,3718,4218,2024,12,15.95,HOLIDAYS AND EVENTS
1865,USA,Brick __ia_char_13 Mortar,Brick __ia_char_13 Mortar,2024-03-19,BABY,"",BOY,Brick __ia_char_13 Mortar,477,0.7,PRE,2664,"1H321110",221685.75,132453.75,LEGGING,DENIM BOTTOMS,LONG LEG,BLANK,NA,NA,"3N979910-USA-Brick __ia_char_13 Mortar",300,20.037392,8307,99.5,5577,2672,2024,12,17.75,KEY ITEM SEPARATES
1866,USA,E-Commerce,E-Commerce,2024-03-19,BABY,INFANT,BOY,E-Commerce,786,0.7,"18M",3336,"1H321710",147790.5,94437.2,LEGGING,KNIT BOTTOMS,LONG LEG,BLANK,NA,NA,"3S022410-USA-E-Commerce",300,56.07875,4196,99.5,3718,4639,2024,12,17.75,"1 PC KEY ITEMS"
1867,USA,E-Commerce,E-Commerce,2024-03-19,BABY,INFANT,BOY,E-Commerce,833,0.7,"3M",2650,"1H321810",147790.5,94437.2,LEGGING,KNIT BOTTOMS,LONG LEG,BLANK,NA,NA,"3S023310-USA-E-Commerce",300,44.591537,2589,79.5,3718,3566,2024,12,15.95,"1 PC KEY ITEMS"
1868,USA,E-Commerce,E-Commerce,2024-03-19,BABY,INFANT,BOY,E-Commerce,1146,0.65,"9M",2350,"1H321810",125621.92,80271.62,JEGGING,DENIM BOTTOMS,LONG LEG,BLANK,NA,NA,"1N990510-USA-E-Commerce",300,40.211338,6753,119.0,3160,1176,2024,12,19.992,"1 PC KEY ITEMS"
1869,USA,E-Commerce,E-Commerce,2024-03-19,BABY,INFANT,BOY,E-Commerce,566,0.47,"24M",708,"1H322010",21810.324,13936.66,LEGGING,KNIT BOTTOMS,LONG LEG,BLANK,NA,NA,"1O000510-USA-E-Commerce",300,44.591537,4476,119.0,548,3181,2024,12,19.992,"1 PC KEY ITEMS"
1870,USA,Brick __ia_char_13 Mortar,Brick __ia_char_13 Mortar,2024-03-19,BABY,INFANT,BOY,Brick __ia_char_13 Mortar,483,0.47,NB,1188,"1H322110",37512.727,26712.418,LEGGING,KNIT BOTTOMS,LONG LEG,BLANK,NA,NA,"1O000611-USA-Brick __ia_char_13 Mortar",300,52.80979,8545,119.0,1048,1113,2024,12,19.992,"1 PC KEY ITEMS"
1871,USA,Brick __ia_char_13 Mortar,Brick __ia_char_13 Mortar,2024-03-19,BABY,INFANT,BOY,Brick __ia_char_13 Mortar,840,0.45,"12M",2112,"1H322210",32153.766,22896.357,LEGGING,SETS,LONG LEG,BLANK,SHORT SLEEVE,RUFFLE SLEEVE,"1Q566910-USA-Brick __ia_char_13 Mortar",300,52.80979,5991,119.0,898,4296,2024,12,19.992,"1 PC KEY ITEMS"
1872,USA,Brick __ia_char_13 Mortar,Brick __ia_char_13 Mortar,2024-03-19,BABY,INFANT,NEUTRAL,Brick __ia_char_13 Mortar,1140,0.47,"9M",324,"1H328910",67131.56,34278.35,LEGGING,KNIT BOTTOMS,CROP-ANKLE,BLANK,NA,NA,"3P046711-USA-Brick __ia_char_13 Mortar",300,52.80979,4991,119.0,1666,4047,2024,12,19.992,KEY ITEM SEPARATES
1873,USA,E-Commerce,E-Commerce,2024-03-19,BABY,INFANT,GIRL,E-Commerce,829,0.65,"24M",1092,"1H338310",61028.69,31162.137,LEGGING,WOVEN BOTTOMS,LONG LEG,BETTER,NA,NA,"1Q476210-USA-E-Commerce",300,19.169382,5609,129.0,1515,3484,2024,12,21.672,HOLIDAYS AND EVENTS
1874,USA,E-Commerce,E-Commerce,2024-03-19,BABY,INFANT,GIRL,E-Commerce,324,0.45,NB,2760,"1H338510",72567.49,42981.938,LEGGING,SETS,LONG LEG,BETTER,SHORT SLEEVE,RUFFLE SLEEVE,"2Q566910-USA-E-Commerce",300,19.220661,760,129.0,1801,2518,2024,12,21.672,HOLIDAYS AND EVENTS
1875,USA,E-Commerce,E-Commerce,2024-03-19,BABY,INFANT,BOY,E-Commerce,642,0.65,"9M",7436,"1H349110",62200.71,36841.66,LEGGING,KNIT BOTTOMS,CROP-ANKLE,GOOD,NA,NA,"3O926711-USA-E-Commerce",300,20.037392,3279,119.0,1544,507,2024,12,19.992,"1 PC KEY ITEMS"
1876,USA,Brick __ia_char_13 Mortar,Brick __ia_char_13 Mortar,2024-03-19,BABY,INFANT,BOY,Brick __ia_char_13 Mortar,1035,0.65,"9M",9295,"1H350410",46475.695,27527.691,LEGGING,SETS,LONG LEG,BLANK,LONG SLEEVE,NA,"1O735610-USA-Brick __ia_char_13 Mortar",300,19.150587,1495,89.0,1153,4030,2024,12,14.952,"1 PC KEY ITEMS"
1877,USA,E-Commerce,E-Commerce,2024-03-19,BABY,INFANT,BOY,E-Commerce,687,0.65,NB,3466,"1H350910",62200.71,31235.49,LEGGING,SETS,LONG LEG,BLANK,LONG SLEEVE,NA,"1Q050310-USA-E-Commerce",300,52.80979,6994,89.0,1544,626,2024,12,14.952,"1 PC KEY ITEMS"
1878,USA,Brick __ia_char_13 Mortar,Brick __ia_char_13 Mortar,2024-03-19,BABY,INFANT,BOY,Brick __ia_char_13 Mortar,1082,1.0,NB,2087,"1H350910",19498.574,11239.216,LEGGING,SETS,LONG LEG,BLANK,LONG SLEEVE,NA,"2O579510-USA-Brick __ia_char_13 Mortar",300,19.497337,9894,89.0,484,2589,2024,12,14.952,"1 PC KEY ITEMS"
1879,USA,E-Commerce,E-Commerce,2024-03-19,BABY,INFANT,GIRL,E-Commerce,1217,0.65,"6M",2664,"1H354310",14298.955,8242.092,LEGGING,SETS,LONG LEG,BLANK,LONG SLEEVE,NA,"2R972810-USA-E-Commerce",300,44.591537,8153,199.0,355,3505,2024,12,33.432,HOLIDAYS AND EVENTS
1880,USA,Brick __ia_char_13 Mortar,Brick __ia_char_13 Mortar,2024-03-19,BABY,INFANT,GIRL,Brick __ia_char_13 Mortar,725,0.7,"3M",1074,"1H354510",23037.3,12609.74,LEGGING,SETS,LONG LEG,BLANK,LONG SLEEVE,NA,"3O570210-USA-Brick __ia_char_13 Mortar",300,19.16968,3182,129.0,572,735,2024,12,21.672,HOLIDAYS AND EVENTS
1881,USA,E-Commerce,E-Commerce,2024-03-19,BABY,INFANT,GIRL,E-Commerce,1006,0.8,"3M",920,"1H354510",57597.75,39340.35,LEGGING,KNIT BOTTOMS,LONG LEG,BLANK,NA,NA,"3O624212-USA-E-Commerce",300,20.608427,5099,99.0,1610,1485,2024,12,16.632,HOLIDAYS AND EVENTS
1882,USA,Brick __ia_char_13 Mortar,Brick __ia_char_13 Mortar,2024-03-19,BABY,INFANT,GIRL,Brick __ia_char_13 Mortar,544,0.6,"18M",920,"1H354610",64967.4,44755.32,LEGGING,SETS,SHORT LEG,BLANK,SLEEVELESS,TANK,"3P313910-USA-Brick __ia_char_13 Mortar",300,56.07875,4496,99.0,1816,3013,2024,12,16.632,HOLIDAYS AND EVENTS
1883,USA,E-Commerce,E-Commerce,2024-03-19,BABY,INFANT,GIRL,E-Commerce,368,0.8,"12M",2069,"1H355210",61924.5,45300.1,LEGGING,KNIT BOTTOMS,LONG LEG,BLANK,NA,NA,"3R990310-USA-E-Commerce",300,56.07875,1410,99.0,2780,2002,2024,12,16.632,HOLIDAYS AND EVENTS
1884,USA,Brick __ia_char_13 Mortar,Brick __ia_char_13 Mortar,2024-03-19,BABY,INFANT,GIRL,Brick __ia_char_13 Mortar,874,0.8,"9M",1565,"1H355610",63372.375,46359.273,LEGGING,KNIT BOTTOMS,LONG LEG,BLANK,NA,NA,"3R990410-USA-Brick __ia_char_13 Mortar",300,19.158262,8522,109.0,2845,1410,2024,12,18.312,HOLIDAYS AND EVENTS
1885,USA,E-Commerce,E-Commerce,2024-03-19,BABY,INFANT,GIRL,E-Commerce,769,0.8,"12M",3156,"1H355710",66505.73,37282.246,LEGGING,KNIT BOTTOMS,LONG LEG,BLANK,NA,NA,"3R994310-USA-E-Commerce",300,19.092937,8756,109.0,1859,1283,2024,12,18.312,HOLIDAYS AND EVENTS
1886,USA,E-Commerce,E-Commerce,2024-03-19,BABY,INFANT,BOY,E-Commerce,302,0.65,"12M",2876,"1H361910",93108.016,55031.977,LEGGING,SETS,LONG LEG,BETTER,SLEEVELESS,TANK,"1P313510-USA-E-Commerce",300,44.591537,4712,79.5,2602,2317,2024,12,15.5,"1 PC KEY ITEMS"
1887,USA,Brick __ia_char_13 Mortar,Brick __ia_char_13 Mortar,2024-03-19,BABY,INFANT,GIRL,Brick __ia_char_13 Mortar,445,0.75,"18M",2972,"1H363510",46554.008,30235.705,LEGGING,KNIT BOTTOMS,LONG LEG,GOOD,NA,NA,"1R993510-USA-Brick __ia_char_13 Mortar",300,20.229359,8845,79.5,1301,2667,2024,12,15.5,HOLIDAYS AND EVENTS
1888,USA,Brick __ia_char_13 Mortar,Brick __ia_char_13 Mortar,2024-03-19,BABY,INFANT,GIRL,Brick __ia_char_13 Mortar,358,0.65,"24M",2972,"1H389110",39903.434,25916.318,LEGGING,KNIT BOTTOMS,LONG LEG,BLANK,NA,NA,"2O624112-USA-Brick __ia_char_13 Mortar",300,52.80979,7622,79.5,1115,1257,2024,12,14.95,HOLIDAYS AND EVENTS
1889,USA,E-Commerce,E-Commerce,2024-03-19,BABY,INFANT,GIRL,E-Commerce,1174,0.75,"3M",2813,"1H391610",37946.89,24645.592,LEGGING,KNIT BOTTOMS,LONG LEG,BLANK,NA,NA,"3O591210-USA-E-Commerce",300,52.80979,3754,79.5,1060,3223,2024,12,14.95,HOLIDAYS AND EVENTS
1890,USA,Brick __ia_char_13 Mortar,Brick __ia_char_13 Mortar,2024-03-19,BABY,INFANT,BOY,Brick __ia_char_13 Mortar,545,0.7,"24M",1992,"1H397410",65051.812,42249.586,LEGGING,KNIT BOTTOMS,LONG LEG,GOOD,NA,NA,"3R994910-USA-Brick __ia_char_13 Mortar",300,52.80979,10053,89.0,1818,4626,2024,12,14.952,"1 PC KEY ITEMS"
1891,USA,E-Commerce,E-Commerce,2024-03-19,BABY,INFANT,GIRL,E-Commerce,708,0.7,"9M",2091,"1H399810",59855.152,38874.477,LEGGING,KNIT BOTTOMS,LONG LEG,GOOD,NA,NA,"3R995710-USA-E-Commerce",300,20.270054,9805,89.0,1673,1866,2024,12,14.952,HOLIDAYS AND EVENTS
1892,USA,E-Commerce,E-Commerce,2024-03-26,BABY,INFANT,GIRL,E-Commerce,941,0.65,"3M",2664,"1H405210",79806.87,51832.637,LEGGING,WOVEN BOTTOMS,LONG LEG,BLANK,NA,NA,"1S458310-USA-E-Commerce",300,20.31343,3898,99.0,2230,2964,2024,13,16.632,HOLIDAYS AND EVENTS
1893,USA,Brick __ia_char_13 Mortar,Brick __ia_char_13 Mortar,2024-03-26,BABY,INFANT,GIRL,Brick __ia_char_13 Mortar,303,0.65,"9M",475,"1H405610",99758.586,64790.797,LEGGING,SETS,LONG LEG,BLANK,LONG SLEEVE,NA,"1R343510-USA-Brick __ia_char_13 Mortar",300,19.886906,4924,99.0,2788,1870,2024,13,16.632,HOLIDAYS AND EVENTS
1894,USA,Brick __ia_char_13 Mortar,Brick __ia_char_13 Mortar,2024-03-26,BABY,INFANT,GIRL,Brick __ia_char_13 Mortar,890,0.8,"3M",475,"1H405610",79806.87,51832.637,LEGGING,KNIT BOTTOMS,LONG LEG,BLANK,NA,NA,"2M815610-USA-Brick __ia_char_13 Mortar",300,19.980556,8493,89.0,2230,1059,2024,13,14.952,HOLIDAYS AND EVENTS
1895,USA,E-Commerce,E-Commerce,2024-03-26,BABY,INFANT,GIRL,E-Commerce,863,0.8,"12M",470,"1H406310",73156.3,47513.25,LEGGING,SETS,LONG LEG,BLANK,LONG SLEEVE,NA,"2P558910-USA-E-Commerce",300,20.684406,4575,149.0,2044,3142,2024,13,25.032,HOLIDAYS AND EVENTS
1896,USA,E-Commerce,E-Commerce,2024-03-26,BABY,INFANT,GIRL,E-Commerce,479,0.8,"3M",468,"1H406510",70055.8,46008.69,LEGGING,KNIT BOTTOMS,LONG LEG,BLANK,NA,NA,"3R863910-USA-E-Commerce",300,53.672085,1958,89.0,1958,3744,2024,13,14.952,HOLIDAYS AND EVENTS
1897,USA,E-Commerce,E-Commerce,2024-03-26,BABY,INFANT,BOY,E-Commerce,491,0.8,"3M",468,"1H431210",51116.242,33570.26,LEGGING,SETS,LONG LEG,BETTER,LONG SLEEVE,NA,"1M701710-USA-E-Commerce",300,56.07875,3037,89.0,1428,3614,2024,13,14.952,"1 PC KEY ITEMS"
1898,USA,E-Commerce,E-Commerce,2024-03-26,BABY,INFANT,BOY,E-Commerce,5107,0.65,"24M",467,"1H431510",113423.67,74490.266,LEGGING,KNIT BOTTOMS,LONG LEG,BLANK,NA,NA,"1O072110-USA-E-Commerce",300,52.80979,4563,119.0,3170,4522,2024,13,19.992,"1 PC KEY ITEMS"
1899,USA,Brick __ia_char_13 Mortar,Brick __ia_char_13 Mortar,2024-03-26,BOYS PLAYWEAR,INFANT,BOY,Brick __ia_char_13 Mortar,576,0.65,"9M",467,"1H431810",160173.42,124548.8,LEGGING,SETS,LONG LEG,BETTER,LONG SLEEVE,NA,"1R508110-USA-Brick __ia_char_13 Mortar",300,40.211338,3953,119.0,4579,599,2024,13,19.992,ACTIVE-ATHLEISURE
1900,USA,E-Commerce,E-Commerce,2024-03-26,BOYS PLAYWEAR,INFANT,BOY,E-Commerce,945,0.0,NB,466,"1H438910",142263.66,110622.4,LEGGING,SETS,LONG LEG,BETTER,LONG SLEEVE,NA,"1R787110-USA-E-Commerce",300,20.037392,1983,129.9,4067,3335,2024,13,23.32,ACTIVE-ATHLEISURE
1901,USA,E-Commerce,E-Commerce,2024-03-26,BOYS PLAYWEAR,INFANT,GIRL,E-Commerce,663,0.5,"9M",466,"1H439310",97541.73,75847.2,CHINO,WOVEN BOTTOMS,LONG LEG,BETTER,NA,NA,"1R856610-USA-E-Commerce",300,52.80979,3679,79.0,2788,3031,2024,13,16.632,HOLIDAYS AND EVENTS
1902,USA,Brick __ia_char_13 Mortar,Brick __ia_char_13 Mortar,2024-03-26,BOYS PLAYWEAR,INFANT,BOY,Brick __ia_char_13 Mortar,759,0.5,PRE,465,"1H442710",130055.64,101129.6,LEGGING,SETS,LONG LEG,BETTER,SHORT SLEEVE,CAP,"2R343810-USA-Brick __ia_char_13 Mortar",300,52.80979,7204,79.0,3718,4069,2024,13,16.632,ACTIVE-ATHLEISURE
1903,USA,Brick __ia_char_13 Mortar,Brick __ia_char_13 Mortar,2024-03-26,BOYS PLAYWEAR,INFANT,BOY,Brick __ia_char_13 Mortar,1437,0.5,"6M",463,"1H445810",47877.992,37229.312,LEGGING,KNIT BOTTOMS,LONG LEG,GOOD,NA,NA,"3O055815-USA-Brick __ia_char_13 Mortar",300,54.733376,5225,79.0,1368,3913,2024,13,16.632,ACTIVE-ATHLEISURE
1904,USA,E-Commerce,E-Commerce,2024-03-26,BOYS PLAYWEAR,INFANT,BOY,E-Commerce,975,0.6,"9M",460,"1H447010",34914.066,27148.73,CINCHED,KNIT TOPS,LONG LEG,BEST,LONG SLEEVE,NA,"3P960110-USA-E-Commerce",300,53.672085,10484,79.0,998,4830,2024,13,16.632,ACTIVE-ATHLEISURE
1905,USA,Brick __ia_char_13 Mortar,Brick __ia_char_13 Mortar,2024-03-26,BOYS PLAYWEAR,INFANT,BOY,Brick __ia_char_13 Mortar,845,0.5,"3M",457,"1H494310",103676.43,77966.46,LEGGING,KNIT BOTTOMS,LONG LEG,BLANK,NA,NA,"1Q454510-USA-Brick __ia_char_13 Mortar",300,40.211338,8742,79.0,2788,959,2024,13,16.632,ACTIVE-ATHLEISURE
1906,USA,E-Commerce,E-Commerce,2024-03-26,BOYS PLAYWEAR,INFANT,BOY,E-Commerce,763,0.7,"9M",456,"1H495410",47895.703,36018.395,LEGGING,KNIT BOTTOMS,LONG LEG,BLANK,NA,NA,"1Q679610-USA-E-Commerce",300,19.932055,5841,79.5,1288,3223,2024,13,15.95,ACTIVE-ATHLEISURE
1907,USA,Brick __ia_char_13 Mortar,Brick __ia_char_13 Mortar,2024-03-26,BOYS PLAYWEAR,INFANT,BOY,Brick __ia_char_13 Mortar,5105,0.7,NB,455,"1H495610",193529.34,145537.39,LEGGING,KNIT BOTTOMS,CROP-ANKLE,BLANK,NA,NA,"3O892811-USA-Brick __ia_char_13 Mortar",300,52.80979,3712,79.5,5205,3430,2024,13,15.95,WBO
1908,USA,Brick __ia_char_13 Mortar,Brick __ia_char_13 Mortar,2024-03-26,BOYS PLAYWEAR,INFANT,BOY,Brick __ia_char_13 Mortar,1089,0.7,NB,455,"1H498910",47084.684,34805.36,CINCHED,LAYERING,NA,BLANK,LONG SLEEVE,NA,"1O561612-USA-Brick __ia_char_13 Mortar",300,44.591537,8650,79.5,1195,1974,2024,13,15.95,ACTIVE-ATHLEISURE
1909,USA,Brick __ia_char_13 Mortar,Brick __ia_char_13 Mortar,2024-03-26,BOYS PLAYWEAR,INFANT,BOY,Brick __ia_char_13 Mortar,785,0.7,"9M",454,"1H501010",32370.719,23928.686,LEGGING,KNIT BOTTOMS,SHORT LEG,GOOD,NA,NA,"3R258910-USA-Brick __ia_char_13 Mortar",300,40.211338,7709,79.5,822,3299,2024,13,15.95,KEY ITEM BOTTOMS
1910,USA,E-Commerce,E-Commerce,2024-03-26,BOYS PLAYWEAR,INFANT,BOY,E-Commerce,367,0.7,NB,452,"1H501110",41591.543,30428.273,LEGGING,KNIT BOTTOMS,LONG LEG,BLANK,NA,NA,"2Q086611-USA-E-Commerce",300,56.07875,9286,99.5,984,3739,2024,13,17.75,COLLECTIONS
1911,USA,E-Commerce,E-Commerce,2024-03-26,BOYS PLAYWEAR,INFANT,BOY,E-Commerce,511,0.7,"9M",452,"1H509810",82876.37,56351.297,LEGGING,KNIT BOTTOMS,LONG LEG,BLANK,NA,NA,"3S025210-USA-E-Commerce",300,19.174786,4910,99.5,2316,4329,2024,13,17.75,ACTIVE-ATHLEISURE
1912,USA,E-Commerce,E-Commerce,2024-03-26,BOYS PLAYWEAR,INFANT,BOY,E-Commerce,662,0.7,NB,452,"1H510010",46042.426,31306.275,LEGGING,KNIT BOTTOMS,LONG LEG,BLANK,NA,NA,"1N992811-USA-E-Commerce",300,19.118513,1629,79.5,1287,1619,2024,13,15.95,ACTIVE-ATHLEISURE
1913,USA,E-Commerce,E-Commerce,2024-03-26,BOYS PLAYWEAR,INFANT,BOY,E-Commerce,628,0.65,"12M",451,"1H510310",80693.87,50145.016,LEGGING,KNIT BOTTOMS,LONG LEG,BLANK,NA,NA,"3N980411-USA-E-Commerce",300,19.116343,8492,119.0,2580,1188,2024,13,19.992,ACTIVE-ATHLEISURE
1914,USA,Brick __ia_char_13 Mortar,Brick __ia_char_13 Mortar,2024-03-26,BOYS PLAYWEAR,INFANT,BOY,Brick __ia_char_13 Mortar,336,0.47,"24M",450,"1H511310",58099.586,36104.41,CINCHED,OVERALLS,LONG LEG,BLANK,SLEEVELESS,NA,"1N580210-USA-Brick __ia_char_13 Mortar",300,19.130713,7075,119.0,1857,2714,2024,13,19.992,ACTIVE-ATHLEISURE
1915,USA,E-Commerce,E-Commerce,2024-03-26,BOYS PLAYWEAR,INFANT,BOY,E-Commerce,1142,0.47,"6M",449,"1H511710",174797.12,120220.6,LEGGING,KNIT BOTTOMS,LONG LEG,BLANK,NA,NA,"2O000515-USA-E-Commerce",300,52.80979,7341,119.0,3903,4069,2024,13,19.992,ACTIVE-ATHLEISURE
1916,USA,Brick __ia_char_13 Mortar,Brick __ia_char_13 Mortar,2024-03-26,BOYS PLAYWEAR,INFANT,BOY,Brick __ia_char_13 Mortar,629,0.45,"24M",448,"1H511710",99884.07,68697.484,LEGGING,KNIT BOTTOMS,LONG LEG,BLANK,NA,NA,"3P533115-USA-Brick __ia_char_13 Mortar",300,54.733376,6982,119.0,2230,1707,2024,13,19.992,ACTIVE-ATHLEISURE
1917,USA,E-Commerce,E-Commerce,2024-03-26,BOYS PLAYWEAR,INFANT,BOY,E-Commerce,474,0.47,"3M",448,"1H511710",166473.45,114495.81,LEGGING,SETS,CROP-ANKLE,BLANK,SHORT SLEEVE,RUFFLE SLEEVE,"1P070710-USA-E-Commerce",300,52.80979,10252,119.0,3718,4979,2024,13,19.992,ACTIVE-ATHLEISURE
1918,USA,E-Commerce,E-Commerce,2024-03-26,BOYS PLAYWEAR,INFANT,BOY,E-Commerce,938,0.65,"9M",446,"1H511810",116141.89,79879.164,LEGGING,KNIT BOTTOMS,CROP-ANKLE,BLANK,NA,NA,"2P071610-USA-E-Commerce",300,20.51908,9198,129.0,2593,606,2024,13,21.672,ACTIVE-ATHLEISURE
1919,USA,Brick __ia_char_13 Mortar,Brick __ia_char_13 Mortar,2024-03-26,BOYS PLAYWEAR,INFANT,BOY,Brick __ia_char_13 Mortar,550,0.45,NB,443,"1H512010",109504.4,77992.484,LEGGING,KNIT BOTTOMS,LONG LEG,BLANK,NA,NA,"2Q474510-USA-Brick __ia_char_13 Mortar",300,19.156336,6345,129.0,2044,1752,2024,13,21.672,ACTIVE-ATHLEISURE
1920,USA,Brick __ia_char_13 Mortar,Brick __ia_char_13 Mortar,2024-03-26,BOYS PLAYWEAR,INFANT,BOY,Brick __ia_char_13 Mortar,692,0.65,"9M",442,"1H512410",112065.52,77683.32,LEGGING,KNIT BOTTOMS,CROP-ANKLE,GOOD,NA,NA,"1P076212-USA-Brick __ia_char_13 Mortar",300,52.80979,9873,119.0,1930,1344,2024,13,19.992,ACTIVE-ATHLEISURE
1921,USA,Brick __ia_char_13 Mortar,Brick __ia_char_13 Mortar,2024-03-26,BOYS PLAYWEAR,INFANT,NEUTRAL,Brick __ia_char_13 Mortar,678,0.65,"24M",441,"1H512510",137837.7,90810.72,LEGGING,SETS,LONG LEG,BETTER,SHORT SLEEVE,NA,"3Q577310-USA-Brick __ia_char_13 Mortar",300,19.204931,2479,89.0,2574,2009,2024,13,14.952,BASICS
1922,USA,E-Commerce,E-Commerce,2024-03-26,BOYS PLAYWEAR,INFANT,NEUTRAL,E-Commerce,898,0.65,"12M",441,"1H512510",79829.52,52623.383,LEGGING,KNIT BOTTOMS,LONG LEG,BLANK,NA,NA,"1R993410-USA-E-Commerce",300,20.270683,4078,89.0,1490,3110,2024,13,14.952,LICENSED
1923,USA,Brick __ia_char_13 Mortar,Brick __ia_char_13 Mortar,2024-03-26,BOYS PLAYWEAR,INFANT,NEUTRAL,Brick __ia_char_13 Mortar,412,1.0,"9M",439,"1H512710",74871.23,47971.496,LEGGING,KNIT BOTTOMS,LONG LEG,BLANK,NA,NA,"2Q055710-USA-Brick __ia_char_13 Mortar",300,53.672085,8999,89.0,1859,2500,2024,13,14.952,LICENSED
1924,USA,Brick __ia_char_13 Mortar,Brick __ia_char_13 Mortar,2024-03-26,BOYS PLAYWEAR,INFANT,NEUTRAL,Brick __ia_char_13 Mortar,538,0.65,"3M",439,"1H513410",45183.406,29037.467,LEGGING,KNIT BOTTOMS,LONG LEG,BLANK,NA,NA,"2R995010-USA-Brick __ia_char_13 Mortar",300,40.211338,9670,199.0,1009,1441,2024,13,33.432,KEY ITEM TOPS
1925,USA,E-Commerce,E-Commerce,2024-03-26,BOYS PLAYWEAR,INFANT,NEUTRAL,E-Commerce,5108,0.7,"18M",437,"1H513410",69315.45,42967.066,CINCHED,SETS,SHORT LEG,BLANK,SLEEVELESS,NA,"3N663510-USA-E-Commerce",300,53.672085,2623,129.0,1548,1995,2024,13,21.672,HOLIDAYS AND EVENTS
1926,USA,Brick __ia_char_13 Mortar,Brick __ia_char_13 Mortar,2024-03-26,BOYS PLAYWEAR,INFANT,NEUTRAL,Brick __ia_char_13 Mortar,953,0.8,"12M",436,"1H513610",19700.627,13700.306,LEGGING,SETS,LONG LEG,BETTER,LONG SLEEVE,NA,"1O579610-USA-Brick __ia_char_13 Mortar",300,52.80979,6186,99.0,367,3443,2024,13,16.632,ACTIVE-ATHLEISURE
1927,USA,Brick __ia_char_13 Mortar,Brick __ia_char_13 Mortar,2024-03-26,BOYS PLAYWEAR,INFANT,NEUTRAL,Brick __ia_char_13 Mortar,1072,0.6,"6M",434,"1H513610",27262.932,19870.629,LEGGING,KNIT BOTTOMS,LONG LEG,BETTER,NA,NA,"1Q312610-USA-Brick __ia_char_13 Mortar",300,19.195591,9759,99.0,509,2316,2024,13,16.632,WBO
1928,USA,Brick __ia_char_13 Mortar,Brick __ia_char_13 Mortar,2024-03-26,BOYS PLAYWEAR,INFANT,BOY,Brick __ia_char_13 Mortar,589,0.8,"6M",433,"1H514010",29475.516,20046.654,LEGGING,KNIT BOTTOMS,LONG LEG,GOOD,NA,NA,"1R993110-USA-Brick __ia_char_13 Mortar",300,19.158094,3160,99.0,550,2063,2024,13,16.632,KEY ITEM BOTTOMS
1929,USA,Brick __ia_char_13 Mortar,Brick __ia_char_13 Mortar,2024-03-26,BOYS PLAYWEAR,INFANT,BOY,Brick __ia_char_13 Mortar,393,0.8,"12M",428,"1H514510",10991.263,6034.307,LEGGING,KNIT BOTTOMS,LONG LEG,GOOD,NA,NA,"1R995010-USA-Brick __ia_char_13 Mortar",300,44.591537,4531,109.0,189,1456,2024,13,18.312,MIX AND MATCH BOTTOMS
1930,USA,E-Commerce,E-Commerce,2024-03-26,BOYS PLAYWEAR,INFANT,BOY,E-Commerce,1069,0.8,"3M",427,"1H555610",18471.209,10140.868,LEGGING,KNIT BOTTOMS,LONG LEG,BETTER,NA,NA,"2O442410-USA-E-Commerce",300,20.465694,4807,109.0,318,2465,2024,13,18.312,ACTIVE-ATHLEISURE
1931,USA,Brick __ia_char_13 Mortar,Brick __ia_char_13 Mortar,2024-03-26,BOYS PLAYWEAR,INFANT,BOY,Brick __ia_char_13 Mortar,969,0.65,"6M",426,"1H555710",49008.96,32452.992,LEGGING,SETS,LONG LEG,BETTER,LONG SLEEVE,NA,"3O614310-USA-Brick __ia_char_13 Mortar",300,52.80979,4738,79.5,915,3083,2024,13,15.5,OPP TEES
1932,USA,E-Commerce,E-Commerce,2024-03-26,BOYS PLAYWEAR,INFANT,BOY,E-Commerce,5110,0.75,"6M",423,"1H557010",110851.98,80285.695,LEGGING,KNIT BOTTOMS,LONG LEG,BLANK,NA,NA,"6M222010-USA-E-Commerce",300,19.157454,4774,79.5,3279,2196,2024,13,15.5,KEY ITEM BOTTOMS
1933,USA,Brick __ia_char_13 Mortar,Brick __ia_char_13 Mortar,2024-03-26,BOYS PLAYWEAR,INFANT,BOY,Brick __ia_char_13 Mortar,1099,0.65,"18M",423,"1H728310",100774.52,72986.99,LEGGING,KNIT BOTTOMS,LONG LEG,BLANK,NA,NA,"1R334910-USA-Brick __ia_char_13 Mortar",300,20.40499,4124,79.5,2981,2920,2024,13,14.95,ACTIVE-ATHLEISURE
1934,USA,Brick __ia_char_13 Mortar,Brick __ia_char_13 Mortar,2024-03-26,BOYS PLAYWEAR,INFANT,NEUTRAL,Brick __ia_char_13 Mortar,490,0.75,"3M",423,"1H729410",75580.89,54740.246,LEGGING,KNIT BOTTOMS,LONG LEG,BLANK,NA,NA,"1R856710-USA-Brick __ia_char_13 Mortar",300,40.211338,1291,79.5,2236,4883,2024,13,14.95,WBO
1935,USA,Brick __ia_char_13 Mortar,Brick __ia_char_13 Mortar,2024-03-26,BOYS PLAYWEAR,INFANT,NEUTRAL,Brick __ia_char_13 Mortar,1287,0.7,"12M",422,"1H746110",106737.516,52712.83,LEGGING,SETS,LONG LEG,BLANK,LONG SLEEVE,NA,"2O032010-USA-Brick __ia_char_13 Mortar",300,19.192514,10037,89.0,2981,2486,2024,13,14.952,WBO
1936,USA,Brick __ia_char_13 Mortar,Brick __ia_char_13 Mortar,2024-03-26,BOYS PLAYWEAR,INFANT,BOY,Brick __ia_char_13 Mortar,5109,0.7,"12M",420,"1H746610",35395.36,18939.492,LEGGING,KNIT BOTTOMS,LONG LEG,BLANK,NA,NA,"3R536010-USA-Brick __ia_char_13 Mortar",300,36.217445,8248,89.0,743,2542,2024,13,14.952,ACTIVE-ATHLEISURE
1937,USA,E-Commerce,E-Commerce,2024-03-26,BOYS PLAYWEAR,INFANT,GIRL,E-Commerce,913,0.65,"3M",419,"1H764710",9844.947,5267.874,CINCHED,SETS,LONG LEG,BETTER,LONG SLEEVE,NA,"1O031910-USA-E-Commerce",300,20.37105,7935,99.0,206,3371,2024,13,16.632,WBO
1938,USA,E-Commerce,E-Commerce,2024-03-26,BOYS PLAYWEAR,INFANT,BOY,E-Commerce,652,0.65,NB,418,"1H846610",35395.36,21162.855,LEGGING,SETS,LONG LEG,BLANK,LONG SLEEVE,NA,"1O430210-USA-E-Commerce",300,19.193556,6066,99.0,743,3805,2024,13,16.632,ACTIVE-ATHLEISURE
1939,USA,Brick __ia_char_13 Mortar,Brick __ia_char_13 Mortar,2024-03-26,BOYS PLAYWEAR,INFANT,NEUTRAL,Brick __ia_char_13 Mortar,951,0.8,"3M",418,"1I037310",8231.7,4794.241,LEGGING,SETS,LONG LEG,BETTER,LONG SLEEVE,RUFFLE SLEEVE,"1P830410-USA-Brick __ia_char_13 Mortar",300,19.141026,10119,89.0,206,4037,2024,13,14.952,OPP BOTTOMS
1940,USA,E-Commerce,E-Commerce,2024-03-26,BOYS PLAYWEAR,INFANT,NEUTRAL,E-Commerce,1168,0.8,"24M",410,"1J087210",166473.45,114495.81,LEGGING,SETS,LONG LEG,BETTER,LONG SLEEVE,NA,"2O283310-USA-E-Commerce",300,52.80979,4236,149.0,3718,1213,2024,13,25.032,LAYERING
1941,USA,Brick __ia_char_13 Mortar,Brick __ia_char_13 Mortar,2024-03-26,BOYS PLAYWEAR,INFANT,NEUTRAL,Brick __ia_char_13 Mortar,959,0.8,NB,410,"1J087210",208091.81,143119.77,LEGGING,SETS,LONG LEG,BETTER,LONG SLEEVE,RUFFLE SLEEVE,"2P830410-USA-Brick __ia_char_13 Mortar",300,40.211338,1263,89.0,4647,4920,2024,13,14.952,HOLIDAYS AND EVENTS
1942,USA,Brick __ia_char_13 Mortar,Brick __ia_char_13 Mortar,2024-03-26,BOYS PLAYWEAR,INFANT,BOY,Brick __ia_char_13 Mortar,1289,0.8,NB,409,"1J088210",70029.96,54454.4,LEGGING,KNIT BOTTOMS,LONG LEG,GOOD,NA,NA,"2R533110-USA-Brick __ia_char_13 Mortar",300,53.672085,7644,89.0,2002,1421,2024,13,14.952,ACTIVE-ATHLEISURE
1943,USA,E-Commerce,E-Commerce,2024-03-26,BOYS PLAYWEAR,INFANT,NEUTRAL,E-Commerce,478,0.65,"6M",409,"1J090210",43809.926,34066.04,LEGGING,KNIT BOTTOMS,LONG LEG,BETTER,NA,NA,"3Q497810-USA-E-Commerce",300,52.80979,10699,119.0,1252,3821,2024,13,19.992,BABY BGOSH
1944,USA,E-Commerce,E-Commerce,2024-03-26,BOYS PLAYWEAR,INFANT,NEUTRAL,E-Commerce,391,0.65,"12M",409,"1J199310",25520.352,19191.744,CINCHED,WOVEN TOPS,NA,BEST,LONG SLEEVE,NA,"1Q332110-USA-E-Commerce",300,19.109627,10902,119.0,686,4501,2024,13,19.992,COLLECTIONS
1945,USA,Brick __ia_char_13 Mortar,Brick __ia_char_13 Mortar,2024-03-26,BOYS PLAYWEAR,INFANT,NEUTRAL,Brick __ia_char_13 Mortar,622,0.0,"3M",404,"1J199310",23947.852,18009.197,LEGGING,KNIT BOTTOMS,LONG LEG,BLANK,NA,NA,"3Q081511-USA-Brick __ia_char_13 Mortar",300,19.778961,615,129.9,644,3488,2024,13,23.32,COLLECTIONS
1946,USA,E-Commerce,E-Commerce,2024-03-26,BOYS PLAYWEAR,INFANT,NEUTRAL,E-Commerce,470,0.5,"3M",401,"1J199510",18109.494,13386.677,CINCHED,LAYERING,NA,BLANK,SLEEVELESS,NA,"3S016410-USA-E-Commerce",300,20.037392,5802,79.0,459,4790,2024,13,16.632,BABY BGOSH
1947,USA,E-Commerce,E-Commerce,2024-03-26,BOYS PLAYWEAR,INFANT,NEUTRAL,E-Commerce,364,0.5,"18M",399,"1K420010",18109.494,13386.677,LEGGING,KNIT BOTTOMS,LONG LEG,BLANK,NA,NA,"2O000511-USA-E-Commerce",300,52.80979,3863,79.0,459,3054,2024,13,16.632,HOLIDAYS AND EVENTS
1948,USA,Brick __ia_char_13 Mortar,Brick __ia_char_13 Mortar,2024-03-26,BOYS PLAYWEAR,INFANT,BOY,Brick __ia_char_13 Mortar,1075,0.5,"12M",398,"1K421310",18109.494,11147.134,LEGGING,KNIT BOTTOMS,LONG LEG,GOOD,NA,NA,"3Q061710-USA-Brick __ia_char_13 Mortar",300,19.11462,1761,79.0,459,2673,2024,13,16.632,ACTIVE-ATHLEISURE
1949,USA,Brick __ia_char_13 Mortar,Brick __ia_char_13 Mortar,2024-03-26,BOYS PLAYWEAR,INFANT,BOY,Brick __ia_char_13 Mortar,957,0.6,"3M",394,"1K422210",14487.595,8917.707,CINCHED,ONE PIECE,LONG LEG,BLANK,LONG SLEEVE,NA,"1R549010-USA-Brick __ia_char_13 Mortar",300,52.80979,7791,79.0,367,4500,2024,13,16.632,ACTIVE-ATHLEISURE
1950,USA,Brick __ia_char_13 Mortar,Brick __ia_char_13 Mortar,2024-03-26,BOYS PLAYWEAR,INFANT,GIRL,Brick __ia_char_13 Mortar,3,0.5,"24M",393,"1K422410",42934.32,26680.367,LEGGING,KNIT BOTTOMS,LONG LEG,BLANK,NA,NA,"3N980911-USA-Brick __ia_char_13 Mortar",300,56.07875,3724,79.0,1372,3322,2024,13,16.632,BABY BGOSH
1951,USA,Brick __ia_char_13 Mortar,Brick __ia_char_13 Mortar,2024-03-26,BOYS PLAYWEAR,INFANT,GIRL,Brick __ia_char_13 Mortar,47,0.7,"12M",393,"1K422410",30411.81,18898.594,LEGGING,KNIT BOTTOMS,LONG LEG,GOOD,NA,NA,"1Q475310-USA-Brick __ia_char_13 Mortar",300,52.80979,4849,79.5,972,3655,2024,13,15.95,COLLECTIONS
1952,USA,E-Commerce,E-Commerce,2024-03-26,BOYS PLAYWEAR,INFANT,GIRL,E-Commerce,110,0.7,"6M",391,"1K423510",35778.6,22622.6,LEGGING,KNIT BOTTOMS,LONG LEG,BEST,NA,NA,"2Q424510-USA-E-Commerce",300,19.143322,1124,79.5,1144,3252,2024,13,15.95,HOLIDAYS AND EVENTS
1953,USA,E-Commerce,E-Commerce,2024-03-26,BOYS PLAYWEAR,INFANT,GIRL,E-Commerce,37,0.7,"9M",386,"1K423610",46074.6,30081.48,LEGGING,SETS,LONG LEG,BLANK,LONG SLEEVE,NA,"1O579210-USA-E-Commerce",300,49.41304,8079,79.5,1144,1354,2024,13,15.95,MIX AND MATCH TOPS
1954,USA,Brick __ia_char_13 Mortar,Brick __ia_char_13 Mortar,2024-03-26,BOYS PLAYWEAR,INFANT,GIRL,Brick __ia_char_13 Mortar,150,0.7,"6M",384,"1K424210",34555.95,22561.11,LEGGING,SETS,SHORT LEG,BLANK,SLEEVELESS,SPAGHETTI STRAP,"1P313310-USA-Brick __ia_char_13 Mortar",300,20.507183,896,79.5,858,3688,2024,13,15.95,MIX AND MATCH BOTTOMS
1955,USA,Brick __ia_char_13 Mortar,Brick __ia_char_13 Mortar,2024-03-26,BOYS PLAYWEAR,INFANT,BOY,Brick __ia_char_13 Mortar,58,0.7,"24M",384,"1K429110",14525.853,9585.517,LEGGING,SETS,LONG LEG,BLANK,LONG SLEEVE,NA,"1R975410-USA-Brick __ia_char_13 Mortar",300,53.672085,7653,99.5,351,3991,2024,13,17.75,LAYERING
1956,USA,Brick __ia_char_13 Mortar,Brick __ia_char_13 Mortar,2024-03-26,BOYS PLAYWEAR,INFANT,BOY,Brick __ia_char_13 Mortar,13,0.7,NB,382,"1K429210",28572.078,18571.06,LEGGING,KNIT BOTTOMS,SHORT LEG,BLANK,NA,NA,"2N683410-USA-Brick __ia_char_13 Mortar",300,19.177126,5509,99.5,790,2251,2024,13,17.75,HOLIDAYS AND EVENTS
1957,USA,E-Commerce,E-Commerce,2024-03-26,BOYS PLAYWEAR,INFANT,BOY,E-Commerce,109,0.7,"12M",381,"1K429810",22737.0,14157.0,LEGGING,KNIT BOTTOMS,LONG LEG,BLANK,NA,NA,"2Q130710-USA-E-Commerce",300,53.672085,6179,79.5,572,2369,2024,13,15.95,ACTIVE-ATHLEISURE
1958,USA,Brick __ia_char_13 Mortar,Brick __ia_char_13 Mortar,2024-03-26,BOYS PLAYWEAR,INFANT,BOY,Brick __ia_char_13 Mortar,178,0.65,"9M",380,"1K430310",33217.04,23239.08,LEGGING,KNIT BOTTOMS,LONG LEG,BLANK,NA,NA,"2R994410-USA-Brick __ia_char_13 Mortar",300,19.151693,7233,119.0,713,717,2024,13,19.992,ACTIVE-ATHLEISURE
1959,USA,E-Commerce,E-Commerce,2024-03-26,BOYS PLAYWEAR,INFANT,BOY,E-Commerce,225,0.47,"24M",379,"1K430510",10278.074,7243.1143,LEGGING,SETS,LONG LEG,BLANK,LONG SLEEVE,NA,"3R974910-USA-E-Commerce",300,20.352732,4496,119.0,643,1533,2024,13,19.992,ACTIVE-ATHLEISURE
1960,USA,Brick __ia_char_13 Mortar,Brick __ia_char_13 Mortar,2024-03-26,BOYS PLAYWEAR,INFANT,GIRL,Brick __ia_char_13 Mortar,40,0.47,"9M",373,"1K431310",23225.57,17297.332,LEGGING,SETS,LONG LEG,BETTER,LONG SLEEVE,NA,"1O579610-USA-Brick __ia_char_13 Mortar",300,20.175516,9426,119.0,1453,1247,2024,13,19.992,OPP BOTTOMS
1961,USA,E-Commerce,E-Commerce,2024-03-26,BOYS PLAYWEAR,INFANT,GIRL,E-Commerce,165,0.45,NB,372,"1K431310",12627.806,9404.605,LEGGING,SETS,SHORT LEG,BETTER,SLEEVELESS,SPAGHETTI STRAP,"2P313310-USA-E-Commerce",300,40.211338,10908,119.0,790,1737,2024,13,19.992,CORE DENIM
1962,USA,E-Commerce,E-Commerce,2024-03-26,BOYS PLAYWEAR,INFANT,GIRL,E-Commerce,173,0.47,"6M",371,"1K431410",11684.716,8702.236,LEGGING,SETS,SHORT LEG,BETTER,SLEEVELESS,SPAGHETTI STRAP,"2P670010-USA-E-Commerce",300,19.103188,2992,119.0,731,4921,2024,13,19.992,BASICS
1963,USA,E-Commerce,E-Commerce,2024-03-26,BOYS PLAYWEAR,INFANT,GIRL,E-Commerce,233,0.65,"9M",371,"1K431710",13187.265,9821.265,LEGGING,KNIT BOTTOMS,LONG LEG,BETTER,NA,NA,"2R978310-USA-E-Commerce",300,52.80979,4422,129.0,825,2676,2024,13,21.672,OPP BOTTOMS
1964,USA,Brick __ia_char_13 Mortar,Brick __ia_char_13 Mortar,2024-03-26,BOYS PLAYWEAR,INFANT,GIRL,Brick __ia_char_13 Mortar,198,0.45,"3M",368,"1K432710",7292.1245,5051.6646,CINCHED,SETS,SHORT LEG,BLANK,SLEEVELESS,NA,"3N663510-USA-Brick __ia_char_13 Mortar",300,56.07875,4927,129.0,461,4285,2024,13,21.672,KEY ITEM SETS
1965,USA,E-Commerce,E-Commerce,2024-03-26,BOYS PLAYWEAR,INFANT,BOY,E-Commerce,237,0.65,"12M",366,"1K440510",16608.96,12251.461,LEGGING,KNIT BOTTOMS,LONG LEG,GOOD,NA,NA,"3S044810-USA-E-Commerce",300,47.016678,10918,119.0,1050,3456,2024,13,19.992,ACTIVE-ATHLEISURE
1966,USA,Brick __ia_char_13 Mortar,Brick __ia_char_13 Mortar,2024-03-26,BOYS PLAYWEAR,INFANT,GIRL,Brick __ia_char_13 Mortar,193,0.65,NB,365,"1K443410",8747.386,6452.436,LEGGING,OVERALLS,LONG LEG,BLANK,SLEEVELESS,NA,"3N660510-USA-Brick __ia_char_13 Mortar",300,54.733376,10325,89.0,553,4763,2024,13,14.952,BASICS
1967,USA,E-Commerce,E-Commerce,2024-03-26,BOYS PLAYWEAR,INFANT,GIRL,E-Commerce,52,0.65,"6M",364,"1K443610",11515.546,8494.346,LEGGING,SETS,LONG LEG,BLANK,LONG SLEEVE,NA,"1O030710-USA-E-Commerce",300,52.80979,7078,89.0,728,3517,2024,13,14.952,OPP BOTTOMS
1968,USA,E-Commerce,E-Commerce,2024-03-26,BOYS PLAYWEAR,INFANT,GIRL,E-Commerce,137,1.0,NB,362,"1K443910",11547.183,8517.683,LEGGING,KNIT BOTTOMS,LONG LEG,BLANK,NA,NA,"1O087110-USA-E-Commerce",300,53.672085,1691,89.0,730,1529,2024,13,14.952,KEY ITEM SETS
1969,USA,Brick __ia_char_13 Mortar,Brick __ia_char_13 Mortar,2024-03-26,BOYS PLAYWEAR,INFANT,BOY,Brick __ia_char_13 Mortar,223,0.65,"18M",358,"1K446010",15127.818,10331.148,LEGGING,SETS,LONG LEG,BLANK,LONG SLEEVE,NA,"1P829410-USA-Brick __ia_char_13 Mortar",300,19.156656,8824,199.0,843,1546,2024,13,33.432,ACTIVE-ATHLEISURE
1970,USA,E-Commerce,E-Commerce,2024-03-26,BOYS PLAYWEAR,INFANT,GIRL,E-Commerce,136,0.7,"18M",357,"1K448810",8811.102,5816.0015,LEGGING,SETS,LONG LEG,BLANK,LONG SLEEVE,NA,"1Q227910-USA-E-Commerce",300,52.80979,8931,129.0,491,2724,2024,13,21.672,ACTIVE-ATHLEISURE
1971,USA,Brick __ia_char_13 Mortar,Brick __ia_char_13 Mortar,2024-03-26,BOYS PLAYWEAR,INFANT,BOY,Brick __ia_char_13 Mortar,222,0.8,"3M",354,"1K455310",18698.916,12769.937,LEGGING,KNIT BOTTOMS,LONG LEG,BLANK,NA,NA,"2O055613-USA-Brick __ia_char_13 Mortar",300,19.107273,8954,99.0,1042,504,2024,13,16.632,ACTIVE-ATHLEISURE
1972,USA,E-Commerce,E-Commerce,2024-03-26,BOYS PLAYWEAR,INFANT,GIRL,E-Commerce,116,0.6,"24M",353,"1K462110",14517.681,9914.471,LEGGING,SETS,LONG LEG,BLANK,LONG SLEEVE,RUFFLE SLEEVE,"2P830410-USA-E-Commerce",300,20.211891,7858,99.0,809,4537,2024,13,16.632,OPP BOTTOMS
1973,USA,E-Commerce,E-Commerce,2024-03-26,BOYS PLAYWEAR,INFANT,GIRL,E-Commerce,2116,0.8,"18M",344,"1K462310",22987.822,15698.934,LEGGING,SETS,LONG LEG,BLANK,SHORT SLEEVE,CAP,"2R343810-USA-E-Commerce",300,36.217445,5484,99.0,1281,1346,2024,13,16.632,CORE DENIM
1974,USA,E-Commerce,E-Commerce,2024-03-26,BOYS PLAYWEAR,INFANT,BOY,E-Commerce,2045,0.8,"9M",343,"1K462710",11687.23,8296.2705,LEGGING,KNIT BOTTOMS,LONG LEG,"",NA,NA,"2R514210-USA-E-Commerce",300,40.211338,3195,109.0,597,4067,2024,13,18.312,ACTIVE-ATHLEISURE
1975,USA,E-Commerce,E-Commerce,2024-03-26,BOYS PLAYWEAR,INFANT,BOY,E-Commerce,226,0.8,"6M",343,"1K463010",10081.949,6945.599,LEGGING,KNIT BOTTOMS,LONG LEG,BLANK,NA,NA,"2R533310-USA-E-Commerce",300,20.361805,999,109.0,515,4909,2024,13,18.312,ACTIVE-ATHLEISURE
1976,USA,E-Commerce,E-Commerce,2024-03-26,BOYS PLAYWEAR,INFANT,BOY,E-Commerce,2350,0.65,"6M",341,"1K463810",14956.522,10617.003,LEGGING,KNIT BOTTOMS,LONG LEG,BLANK,NA,NA,"3O174010-USA-E-Commerce",300,53.672085,3343,79.5,764,1233,2024,13,15.5,ACTIVE-ATHLEISURE
1977,USA,E-Commerce,E-Commerce,2024-03-26,BOYS PLAYWEAR,INFANT,GIRL,E-Commerce,111,0.75,"24M",335,"1K469110",23589.803,16745.404,LEGGING,SETS,LONG LEG,BLANK,LONG SLEEVE,NA,"3R506010-USA-E-Commerce",300,52.80979,6075,79.5,1205,4297,2024,13,15.5,ACTIVE-ATHLEISURE
1978,USA,Brick __ia_char_13 Mortar,Brick __ia_char_13 Mortar,2024-03-26,BOYS PLAYWEAR,INFANT,GIRL,Brick __ia_char_13 Mortar,118,0.65,NB,332,"1K470810",13342.677,9213.316,LEGGING,SETS,LONG LEG,BLANK,LONG SLEEVE,NA,"6R952210-USA-Brick __ia_char_13 Mortar",300,19.495237,6006,79.5,727,3610,2024,13,14.95,OPP BOTTOMS
1979,USA,Brick __ia_char_13 Mortar,Brick __ia_char_13 Mortar,2024-03-26,BOYS PLAYWEAR,INFANT,GIRL,Brick __ia_char_13 Mortar,10,0.75,"18M",330,"1K472110",6145.784,4130.1543,LEGGING,SETS,LONG LEG,BETTER,LONG SLEEVE,NA,"1P558810-USA-Brick __ia_char_13 Mortar",300,19.496376,7882,79.5,353,4270,2024,13,14.95,CORE DENIM
1980,USA,E-Commerce,E-Commerce,2024-03-26,BOYS PLAYWEAR,INFANT,BOY,E-Commerce,138,0.7,"12M",325,"1K477110",4230.6675,2741.0771,LEGGING,SETS,LONG LEG,BETTER,LONG SLEEVE,NA,"2O032010-USA-E-Commerce",300,19.069859,7992,89.0,243,607,2024,13,14.952,ACTIVE-ATHLEISURE
1981,USA,Brick __ia_char_13 Mortar,Brick __ia_char_13 Mortar,2024-03-26,BOYS PLAYWEAR,INFANT,GIRL,Brick __ia_char_13 Mortar,224,0.7,NB,324,"1K478310",7712.6978,5183.168,LEGGING,KNIT BOTTOMS,LONG LEG,BLANK,NA,NA,"2O055612-USA-Brick __ia_char_13 Mortar",300,19.103651,6293,89.0,443,1401,2024,13,14.952,CORE DENIM
1982,USA,Brick __ia_char_13 Mortar,Brick __ia_char_13 Mortar,2024-03-26,BOYS PLAYWEAR,INFANT,GIRL,Brick __ia_char_13 Mortar,240,0.65,"12M",323,"1K478410",10672.424,7172.194,LEGGING,KNIT BOTTOMS,LONG LEG,BLANK,NA,NA,"3O055811-USA-Brick __ia_char_13 Mortar",300,44.591537,9407,99.0,613,2523,2024,13,16.632,LICENSED
1983,USA,Brick __ia_char_13 Mortar,Brick __ia_char_13 Mortar,2024-03-26,BOYS PLAYWEAR,INFANT,GIRL,Brick __ia_char_13 Mortar,81,0.65,"12M",317,"1K492910",34197.562,24886.844,LEGGING,KNIT BOTTOMS,LONG LEG,BLANK,NA,NA,"3O055811-USA-Brick __ia_char_13 Mortar",300,19.125452,3835,99.0,2282,3202,2024,13,16.632,MIX AND MATCH TOPS
1984,USA,E-Commerce,E-Commerce,2024-03-26,BOYS PLAYWEAR,INFANT,GIRL,E-Commerce,55,0.8,"9M",315,"1K496310",13434.757,9776.975,LEGGING,KNIT BOTTOMS,CROP-ANKLE,GOOD,NA,NA,"3O892814-USA-E-Commerce",300,36.217445,1079,89.0,896,640,2024,13,14.952,KEY ITEM SETS
1985,USA,E-Commerce,E-Commerce,2024-03-26,BOYS PLAYWEAR,INFANT,GIRL,E-Commerce,167,0.8,"3M",314,"1K496710",26258.844,17988.082,LEGGING,KNIT BOTTOMS,LONG LEG,BETTER,NA,NA,"2Q086510-USA-E-Commerce",300,19.086214,6276,149.0,1752,4305,2024,13,25.032,LICENSED
1986,USA,Brick __ia_char_13 Mortar,Brick __ia_char_13 Mortar,2024-03-26,BOYS PLAYWEAR,INFANT,BOY,Brick __ia_char_13 Mortar,35,0.8,"12M",314,"1K498010",19808.299,13199.156,LEGGING,KNIT BOTTOMS,LONG LEG,BLANK,NA,NA,"3Q080312-USA-Brick __ia_char_13 Mortar",300,20.306757,4826,89.0,1321,1789,2024,13,14.952,ACTIVE-ATHLEISURE
1987,USA,Brick __ia_char_13 Mortar,Brick __ia_char_13 Mortar,2024-03-26,BOYS PLAYWEAR,INFANT,BOY,Brick __ia_char_13 Mortar,31,0.8,"6M",309,"1K500110",22009.22,16016.932,CINCHED,OVERALLS,LONG LEG,BEST,SLEEVELESS,NA,"1O821910-USA-Brick __ia_char_13 Mortar",300,19.409649,874,89.0,1468,588,2024,13,14.952,ACTIVE-ATHLEISURE
1988,USA,E-Commerce,E-Commerce,2024-03-26,BOYS PLAYWEAR,INFANT,BOY,E-Commerce,177,0.65,"9M",308,"1K500210",20358.53,14815.661,LEGGING,KNIT BOTTOMS,LONG LEG,BLANK,NA,NA,"2N992511-USA-E-Commerce",300,51.612,6492,119.0,1358,2209,2024,13,19.992,ACTIVE-ATHLEISURE
1989,USA,Brick __ia_char_13 Mortar,Brick __ia_char_13 Mortar,2024-03-26,BOYS PLAYWEAR,INFANT,BOY,Brick __ia_char_13 Mortar,211,0.65,"18M",304,"1K500410",16506.916,12012.698,LEGGING,LAYERING,LONG LEG,BLANK,LONG SLEEVE,NA,"2N995310-USA-Brick __ia_char_13 Mortar",300,52.265,4705,119.0,1101,1849,2024,13,19.992,ACTIVE-ATHLEISURE
1990,USA,Brick __ia_char_13 Mortar,Brick __ia_char_13 Mortar,2024-03-26,BOYS PLAYWEAR,INFANT,BOY,Brick __ia_char_13 Mortar,48,0.0,"3M",300,"1K500610",15877.44,11247.346,CINCHED,LAYERING,LONG LEG,BLANK,LONG SLEEVE,NA,"3N975611-USA-Brick __ia_char_13 Mortar",300,19.478388,6500,129.9,1059,3968,2024,13,23.32,ACTIVE-ATHLEISURE
1991,USA,E-Commerce,E-Commerce,2024-03-26,BOYS PLAYWEAR,INFANT,BOY,E-Commerce,2320,0.5,"9M",300,"1K505010",23205.49,16438.428,LEGGING,KNIT BOTTOMS,LONG LEG,BLANK,NA,NA,"1O000515-USA-E-Commerce",300,19.087849,5129,79.0,1548,1015,2024,13,16.632,BABY BGOSH
1992,USA,E-Commerce,E-Commerce,2024-03-26,BOYS PLAYWEAR,INFANT,BOY,E-Commerce,125,0.5,"3M",298,"1K505010",11004.61,7795.5044,LEGGING,KNIT BOTTOMS,LONG LEG,BLANK,NA,NA,"3N980411-USA-E-Commerce",300,36.217445,7893,79.0,734,547,2024,13,16.632,COLLECTIONS
1993,USA,Brick __ia_char_13 Mortar,Brick __ia_char_13 Mortar,2024-03-26,BOYS PLAYWEAR,INFANT,BOY,Brick __ia_char_13 Mortar,141,0.5,"12M",295,"1K523210",14656.099,10382.165,LEGGING,SETS,LONG LEG,BLANK,SHORT SLEEVE,RUFFLE SLEEVE,"1Q566510-USA-Brick __ia_char_13 Mortar",300,47.016678,9865,79.0,978,4148,2024,13,16.632,HOLIDAYS AND EVENTS
1994,USA,Brick __ia_char_13 Mortar,Brick __ia_char_13 Mortar,2024-03-26,BOYS PLAYWEAR,INFANT,BOY,Brick __ia_char_13 Mortar,117,0.6,"9M",294,"1K523510",21984.148,14663.692,LEGGING,KNIT BOTTOMS,LONG LEG,BLANK,NA,NA,"1Q894010-USA-Brick __ia_char_13 Mortar",300,56.07875,4319,79.0,1467,1927,2024,13,16.632,MIX AND MATCH TOPS
1995,USA,E-Commerce,E-Commerce,2024-03-26,BOYS PLAYWEAR,INFANT,BOY,E-Commerce,2267,0.5,"9M",293,"1K531110",31754.88,22494.691,LEGGING,SETS,LONG LEG,BETTER,SHORT SLEEVE,NA,"3Q577110-USA-E-Commerce",300,53.672085,8121,79.0,2119,2865,2024,13,16.632,MIX AND MATCH BOTTOMS
1996,USA,Brick __ia_char_13 Mortar,Brick __ia_char_13 Mortar,2024-03-26,BOYS PLAYWEAR,INFANT,BOY,Brick __ia_char_13 Mortar,154,0.7,"6M",291,"1K533210",25727.766,17395.062,LEGGING,SETS,SHORT LEG,BLANK,SLEEVELESS,SPAGHETTI STRAP,"2P313310-USA-Brick __ia_char_13 Mortar",300,19.101328,1977,79.5,1467,4418,2024,13,15.95,LAYERING
1997,USA,Brick __ia_char_13 Mortar,Brick __ia_char_13 Mortar,2024-03-26,BOYS PLAYWEAR,INFANT,BOY,Brick __ia_char_13 Mortar,46,0.7,NB,288,"1K534610",22154.465,14461.141,LEGGING,SETS,LONG LEG,BLANK,LONG SLEEVE,NA,"3R974110-USA-Brick __ia_char_13 Mortar",300,19.397022,4225,79.5,1263,1179,2024,13,15.95,HOLIDAYS AND EVENTS
1998,USA,E-Commerce,E-Commerce,2024-03-26,BOYS PLAYWEAR,INFANT,BOY,E-Commerce,228,0.7,"18M",287,"1K536210",19295.824,13046.297,LEGGING,KNIT BOTTOMS,LONG LEG,BLANK,NA,NA,"1O633510-USA-E-Commerce",300,19.106148,3288,79.5,1100,2460,2024,13,15.95,KEY ITEM BOTTOMS
1999,USA,Brick __ia_char_13 Mortar,Brick __ia_char_13 Mortar,2024-03-26,BOYS PLAYWEAR,INFANT,BOY,Brick __ia_char_13 Mortar,67,0.7,NB,286,"1K536210",14810.337,10013.568,LEGGING,SETS,SHORT LEG,BETTER,SLEEVELESS,SPAGHETTI STRAP,"1P313310-USA-Brick __ia_char_13 Mortar",300,19.085947,6425,79.5,844,3395,2024,13,15.95,BASICS
2000,USA,Brick __ia_char_13 Mortar,Brick __ia_char_13 Mortar,2024-03-26,BOYS PLAYWEAR,INFANT,BOY,Brick __ia_char_13 Mortar,131,0.7,"9M",286,"1K536210",20771.041,13325.072,LEGGING,KNIT BOTTOMS,SHORT LEG,GOOD,NA,NA,"1P345014-USA-Brick __ia_char_13 Mortar",300,47.016678,10460,99.5,1304,2979,2024,13,17.75,KEY ITEM TOPS
1563,USA,E-Commerce,Brick __ia_char_13 Mortar,2024-04-12,BOYS PLAYWEAR,KIDS,BLANK,E-Commerce,1016,1.0,"7",7119,C118E113,119124.72,83097.3,CINCHED,SNOWSUITS-PANTS,NA,BETTER,LONG SLEEVE,NA,B222G193-USA-E-Commerce,300,20.173002,8528,99.0,5577,4431,2024,15,11.91,HEAVY WEIGHT
1564,USA,Brick __ia_char_13 Mortar,Brick __ia_char_13 Mortar,2022-03-14,BOYS PLAYWEAR,TODDLER,GIRL,Brick __ia_char_13 Mortar,1333,0.65,"24M",6373,C1195107,48967.133,29893.793,CINCHED,SNOWSUITS-PANTS,NA,BETTER,LONG SLEEVE,NA,B222G193-USA-Brick __ia_char_13 Mortar,300,19.343496,6892,209.0,2445,3222,2024,15,28.83731,LIGHT WEIGHT
1570,USA,Brick __ia_char_13 Mortar,Brick __ia_char_13 Mortar,2022-03-20,BOYS PLAYWEAR,TODDLER,BOY,Brick __ia_char_13 Mortar,1332,0.8,"12P",4321,C1198116,80078.28,50386.336,CINCHED,JACKETS,NA,BLANK,LONG SLEEVE,NA,OBTS160-USA-Brick __ia_char_13 Mortar,300,22.111301,7380,119.0,4089,4841,2024,15,24.8516,BABY BGOSH