"id","attribute_id","kpi_id","category_id","order","ranking","kpi_type","label","lock_and_hold_id","formatter_id","is_deleted","condition_formatting_id","extra","is_default_visible","bucket_id","editable","default","visible","match_with_all","single_match_with","is_actualized","variance_visible","variance_editable","class_to_dept_visible","class_to_dept_editable","class_to_channel_visible","class_to_channel_editable","class_to_class_visible","class_to_class_editable","contribution_editable_version","is_advance_lock","remarks","eligible","first_week_editable","display_label"
1,-1,171,73,89,,101,Ttl WOS,1,1,false,1,{},false,,false,false,false,true,false,true,false,false,false,false,false,false,false,false,"{""""}",true,,true,false,
2,-1,231,73,119,,101,Ttl Var Res FULL U,1,1,false,1,{},false,,false,false,false,true,false,true,true,false,true,false,false,false,false,false,"{""""}",true,,true,false,
3,-1,233,73,121,,101,Ttl Var Res FULL LCst,1,1,false,1,{},false,,false,false,false,true,false,true,true,false,true,false,false,false,false,false,"{""""}",true,,true,false,
4,-1,170,73,124,,101,Ttl Turn U,1,1,false,1,{},false,,false,false,false,true,false,true,false,false,false,false,false,false,false,false,"{""""}",true,,true,false,
5,-1,168,73,127,,101,Ttl Turn Cst,1,1,false,1,{},false,,false,false,false,true,false,true,false,false,false,false,false,false,false,false,"{""""}",true,,true,false,
6,-1,167,73,196,,101,Ttl Store Total Facings,1,1,false,1,{},false,,false,false,false,true,false,true,true,false,true,false,false,false,false,false,"{""""}",true,,true,false,
7,-1,166,73,193,,101,Ttl Store Instock Facings,1,1,false,1,{},false,,false,false,false,true,false,true,true,false,true,false,false,false,false,false,"{""""}",true,,true,false,
8,-1,165,73,86,,101,Ttl ST%,1,1,false,1,{},false,,false,false,false,true,false,true,false,false,false,false,false,false,false,false,"{""""}",true,,true,false,
9,-1,201,73,50,,101,Ttl Svc Lvl,1,1,false,1,{},false,,false,false,false,true,false,true,true,false,false,false,false,false,false,false,"{""""}",true,,true,false,
10,-1,164,74,6,,101,Ttl Sls $,1,1,false,1,{},false,,false,false,false,true,false,true,true,false,true,false,false,false,false,false,"{""""}",true,,true,false,
11,-1,219,73,107,,101,Ttl CH Est Res U,1,1,false,1,{},false,,false,false,false,true,false,true,true,false,true,false,false,false,false,false,"{""""}",true,,true,false,
12,-1,221,73,109,,101,Ttl CH Est Res LCst,1,1,false,1,{},false,,false,false,false,true,false,true,true,false,true,false,false,false,false,false,"{""""}",true,,true,false,
13,-1,223,73,111,,101,Ttl CH Est Res AULC,1,1,false,1,{},false,,false,false,false,true,false,true,true,false,false,false,false,false,false,false,"{""""}",true,,true,false,
14,-1,162,73,95,,101,Ttl Rct U,1,1,false,1,{},false,,false,false,false,true,false,true,true,false,true,false,false,false,false,false,"{""""}",true,,true,false,
15,-1,291,73,230,,101,Ttl Est 3rd Pty Rec U,1,1,false,1,{},false,,false,false,false,true,false,true,true,false,true,false,false,false,false,false,"{""""}",true,,true,false,
16,-1,293,73,232,,101,Ttl Est 3rd Pty Rec Cst,1,1,false,1,{},false,,false,false,false,true,false,true,true,false,true,false,false,false,false,false,"{""""}",true,,true,false,
17,-1,289,73,228,,101,Ttl Est 3rd Pty Rec %,1,1,false,1,{},false,,false,false,false,true,false,true,true,false,false,false,false,false,false,false,"{""""}",true,,true,false,
18,-1,215,73,100,,101,Ttl Rct LCst,1,1,false,1,{},false,,false,false,false,true,false,true,true,false,true,false,false,false,false,false,"{""""}",true,,true,false,
19,-1,160,73,98,,101,Ttl Rct Cst,1,1,false,1,{},false,,false,false,false,true,false,true,true,false,true,false,false,false,false,false,"{""""}",true,,true,false,
20,-1,285,73,224,,101,Ttl CH Est Res Rec U,1,1,false,1,{},false,,false,false,false,true,false,true,true,false,true,false,false,false,false,false,"{""""}",true,,true,false,
21,-1,287,73,226,,101,Ttl CH Est Res Rec Cst,1,1,false,1,{},false,,false,false,false,true,false,true,true,false,true,false,false,false,false,false,"{""""}",true,,true,false,
22,-1,283,73,222,,101,Ttl CH Est Res Rec %,1,1,false,1,{},false,,false,false,false,true,false,true,true,false,false,false,false,false,false,false,"{""""}",true,,true,false,
23,-1,297,73,236,,101,Ttl Est Bypass Rec U,1,1,false,1,{},false,,false,false,false,true,false,true,true,false,true,false,false,false,false,false,"{""""}",true,,true,false,
24,-1,299,73,238,,101,Ttl Est Bypass Rec Cst,1,1,false,1,{},false,,false,false,false,true,false,true,true,false,true,false,false,false,false,false,"{""""}",true,,true,false,
25,-1,295,73,234,,101,Ttl Est Bypass Rec %,1,1,false,1,{},false,,false,false,false,true,false,true,true,false,false,false,false,false,false,false,"{""""}",true,,true,false,
26,-1,217,73,105,,101,Ttl Rct AULC,1,1,false,1,{},false,,false,false,false,true,false,true,true,false,false,false,false,false,false,false,"{""""}",true,,true,false,
27,-1,159,73,103,,101,Ttl Rct AUC,1,1,false,1,{},false,,false,false,false,true,false,true,true,false,false,false,false,false,false,false,"{""""}",true,,true,false,
28,-1,203,73,52,,101,Ttl Qty Shp,1,1,false,1,{},false,,false,false,false,true,false,true,true,false,true,false,false,false,false,false,"{""""}",true,,true,false,
29,-1,205,73,54,,101,Ttl Qty Ord,1,1,false,1,{},false,,false,false,false,true,false,true,true,false,true,false,false,false,false,false,"{""""}",true,,true,false,
30,-1,158,74,30,,101,Ttl Sls U Build,1,1,false,1,{},false,,false,false,false,true,false,true,false,false,false,false,false,false,false,false,"{""""}",true,,true,false,
31,-1,157,74,3,,101,Ttl Sls U,1,1,false,1,{},false,,false,false,false,true,false,true,true,false,true,false,false,false,false,false,"{""""}",true,,true,false,
32,-1,180,73,183,,101,Ttl OTB $ (WF vs OP),1,1,false,1,{},false,,false,false,false,false,false,true,false,false,true,false,false,false,false,false,"{""""}",true,,true,false,
33,-1,179,73,186,,101,Ttl OTB $ (WF vs LF),1,1,false,1,{},false,,false,false,false,false,false,true,false,false,true,false,false,false,false,false,"{""""}",true,,true,false,
34,-1,255,73,188,,101,Ttl OTB LCst WF to OP,1,1,false,1,{},false,,false,false,false,false,false,true,false,false,true,false,false,false,false,false,"{""""}",true,,true,false,
35,-1,257,73,190,,101,Ttl OTB LCst WF to LF,1,1,false,1,{},false,,false,false,false,false,false,true,false,false,true,false,false,false,false,false,"{""""}",true,,true,false,
36,-1,155,73,130,,101,Ttl OO U (Com),1,1,false,1,{},false,,false,false,false,true,false,true,true,false,true,false,false,false,false,false,"{""""}",true,,true,false,
37,-1,154,73,143,,101,Ttl OO U (NCom),1,1,false,1,{},false,,false,false,false,true,false,true,true,false,true,false,false,false,false,false,"{""""}",true,,true,false,
38,-1,235,73,135,,101,Ttl OO LCst (Com),1,1,false,1,{},false,,false,false,false,true,false,true,true,false,true,false,false,false,false,false,"{""""}",true,,true,false,
39,-1,239,73,148,,101,Ttl OO LCst (NCom),1,1,false,1,{},false,,false,false,false,true,false,true,true,false,true,false,false,false,false,false,"{""""}",true,,true,false,
40,-1,151,73,133,,101,Ttl OO Cst (Com),1,1,false,1,{},false,,false,false,false,true,false,true,true,false,true,false,false,false,false,false,"{""""}",true,,true,false,
41,-1,150,73,146,,101,Ttl OO Cst (NCom),1,1,false,1,{},false,,false,false,false,true,false,true,true,false,true,false,false,false,false,false,"{""""}",true,,true,false,
42,-1,237,73,140,,101,Ttl OO AULC (Com),1,1,false,1,{},false,,false,false,false,true,false,true,true,false,false,false,false,false,false,false,"{""""}",true,,true,false,
43,-1,241,73,153,,101,Ttl OO AULC (NCom),1,1,false,1,{},false,,false,false,false,true,false,true,true,false,false,false,false,false,false,false,"{""""}",true,,true,false,
44,-1,148,73,138,,101,Ttl OO AUC (Com),1,1,false,1,{},false,,false,false,false,true,false,true,true,false,false,false,false,false,false,false,"{""""}",true,,true,false,
45,-1,147,73,151,,101,Ttl OO AUC (NCom),1,1,false,1,{},false,,false,false,false,true,false,true,true,false,false,false,false,false,false,false,"{""""}",true,,true,false,
46,-1,143,72,39,,101,Ttl GM %,1,1,false,1,{},false,,false,false,false,true,false,true,true,false,false,false,false,false,false,false,"{""""}",true,,true,false,
47,-1,142,72,36,,101,Ttl GM $,1,1,false,1,{},false,,false,false,false,true,false,true,true,false,true,false,false,false,false,false,"{""""}",true,,true,false,
48,-1,188,74,19,,101,Ttl COGS.,1,1,false,1,{},false,,false,false,false,true,false,true,true,false,true,false,false,false,false,false,"{""""}",true,,true,false,
49,-1,138,73,92,,101,Ttl In Stock %,1,1,false,1,{},false,,false,false,false,true,false,true,true,false,false,false,false,false,false,false,"{""""}",true,,true,false,
50,-1,137,72,48,,101,Ttl GMROI,1,1,false,1,{},false,,false,false,false,true,false,true,false,false,false,false,false,false,false,false,"{""""}",true,,true,false,
51,-1,225,73,113,,101,Ttl CH FULL U,1,1,false,1,{},false,,false,false,false,true,false,true,true,false,true,false,false,false,false,false,"{""""}",true,,true,false,
52,-1,227,73,115,,101,Ttl CH FULL LCst,1,1,false,1,{},false,,false,false,false,true,false,true,true,false,true,false,false,false,false,false,"{""""}",true,,true,false,
53,-1,229,73,117,,101,Ttl CH FULL AULC,1,1,false,1,{},false,,false,false,false,true,false,true,true,false,false,false,false,false,false,false,"{""""}",true,,true,false,
54,-1,247,73,168,,101,Ttl EOH U OP,1,1,false,1,{},false,,false,false,false,false,false,true,false,false,true,false,false,false,false,false,"{""""}",true,,true,false,
55,-1,249,73,170,,101,Ttl EOH U LF,1,1,false,1,{},false,,false,false,false,false,false,true,false,false,true,false,false,false,false,false,"{""""}",true,,true,false,
56,-1,135,73,70,,101,Ttl EOH U,1,1,false,1,{},false,,false,false,false,true,false,true,true,false,true,false,false,false,false,false,"{""""}",true,,true,false,
57,-1,251,73,175,,101,Ttl EOH LCst OP,1,1,false,1,{},false,,false,false,false,false,false,true,false,false,true,false,false,false,false,false,"{""""}",true,,true,false,
58,-1,253,73,180,,101,Ttl EOH LCst LF,1,1,false,1,{},false,,false,false,false,false,false,true,false,false,true,false,false,false,false,false,"{""""}",true,,true,false,
59,-1,211,73,75,,101,Ttl EOH LCst,1,1,false,1,{},false,,false,false,false,true,false,true,true,false,true,false,false,false,false,false,"{""""}",true,,true,false,
60,-1,133,73,173,,101,Ttl EOH Cst OP,1,1,false,1,{},false,,false,false,false,false,false,true,false,false,true,false,false,false,false,false,"{""""}",true,,true,false,
61,-1,132,73,178,,101,Ttl EOH Cst LF,1,1,false,1,{},false,,false,false,false,false,false,true,false,false,true,false,false,false,false,false,"{""""}",true,,true,false,
62,-1,131,73,73,,101,Ttl EOH Cst,1,1,false,1,{},false,,false,false,false,true,false,true,true,false,true,false,false,false,false,false,"{""""}",true,,true,false,
63,-1,213,73,80,,101,Ttl EOH AULC,1,1,false,1,{},false,,false,false,false,true,false,true,true,false,false,false,false,false,false,false,"{""""}",true,,true,false,
64,-1,130,73,78,,101,Ttl EOH AUC,1,1,false,1,{},false,,false,false,false,true,false,true,true,false,false,false,false,false,false,false,"{""""}",true,,true,false,
65,-1,129,74,33,,101,Ttl Sls $ Build,1,1,false,1,{},false,,false,false,false,true,false,true,false,false,false,false,false,false,false,false,"{""""}",true,,true,false,
66,-1,128,74,14,,101,Ttl COGS,1,1,false,1,{},false,,false,false,false,true,false,true,true,false,true,false,false,false,false,false,"{""""}",true,,true,false,
67,-1,301,73,240,,101,Ttl CH Ttl Rct U,1,1,false,1,{},false,,false,false,false,false,false,true,false,false,true,false,false,false,false,false,"{""""}",true,,true,false,
68,-1,303,73,242,,101,Ttl CH Ttl Rct Cst,1,1,false,1,{},false,,false,false,false,false,false,true,false,false,true,false,false,false,false,false,"{""""}",true,,true,false,
69,-1,271,73,210,,101,Ttl CH EOH U IMP,1,1,false,1,{},false,,false,false,false,false,false,true,false,false,true,false,false,false,false,false,"{""""}",true,,true,false,
70,-1,277,73,216,,101,Ttl CH EOH U,1,1,false,1,{},false,,false,false,false,false,false,true,false,false,true,false,false,false,false,false,"{""""}",true,,true,false,
71,-1,275,73,214,,101,Ttl CH EOH Cst IMP,1,1,false,1,{},false,,false,false,false,false,false,true,false,false,true,false,false,false,false,false,"{""""}",true,,true,false,
72,-1,279,73,218,,101,Ttl CH EOH Cst,1,1,false,1,{},false,,false,false,false,false,false,true,false,false,true,false,false,false,false,false,"{""""}",true,,true,false,
73,-1,273,73,212,,101,Ttl CH EOH LCst IMP,1,1,false,1,{},false,,false,false,false,false,false,true,false,false,true,false,false,false,false,false,"{""""}",true,,true,false,
74,-1,281,73,220,,101,Ttl CH EOH AULC,1,1,false,1,{},false,,false,false,false,false,false,true,false,false,false,false,false,false,false,false,"{""""}",true,,true,false,
75,-1,259,73,198,,101,Ttl CH BOH U IMP,1,1,false,1,{},false,,false,false,false,false,false,true,false,false,true,false,false,false,false,false,"{""""}",true,,true,false,
76,-1,265,73,204,,101,Ttl CH BOH U,1,1,false,1,{},false,,false,false,false,false,false,true,false,false,true,false,false,false,false,false,"{""""}",true,,true,false,
77,-1,263,73,202,,101,Ttl CH BOH Cst IMP,1,1,false,1,{},false,,false,false,false,false,false,true,false,false,true,false,false,false,false,false,"{""""}",true,,true,false,
78,-1,267,73,206,,101,Ttl CH BOH Cst,1,1,false,1,{},false,,false,false,false,false,false,true,false,false,true,false,false,false,false,false,"{""""}",true,,true,false,
79,-1,261,73,200,,101,Ttl CH BOH LCst IMP,1,1,false,1,{},false,,false,false,false,false,false,true,false,false,true,false,false,false,false,false,"{""""}",true,,true,false,
80,-1,269,73,208,,101,Ttl CH BOH AULC,1,1,false,1,{},false,,false,false,false,false,false,true,false,false,false,false,false,false,false,false,"{""""}",true,,true,false,
81,-1,124,73,57,,101,Ttl BOH U,1,1,false,1,{},false,,false,false,false,true,false,true,true,false,true,false,false,false,false,false,"{""""}",true,,true,false,
82,-1,207,73,62,,101,Ttl BOH LCst,1,1,false,1,{},false,,false,false,false,true,false,true,true,false,true,false,false,false,false,false,"{""""}",true,,true,false,
83,-1,122,73,60,,101,Ttl BOH Cst,1,1,false,1,{},false,,false,false,false,true,false,true,true,false,true,false,false,false,false,false,"{""""}",true,,true,false,
84,-1,209,73,67,,101,Ttl BOH AULC,1,1,false,1,{},false,,false,false,false,true,false,true,true,false,false,false,false,false,false,false,"{""""}",true,,true,false,
85,-1,120,73,65,,101,Ttl BOH AUC,1,1,false,1,{},false,,false,false,false,true,false,true,true,false,false,false,false,false,false,false,"{""""}",true,,true,false,
86,-1,119,73,83,,101,Ttl Avg Inv,1,1,false,1,{},false,,false,false,false,true,false,true,true,false,false,false,false,false,false,false,"{""""}",true,,true,false,
87,-1,118,74,9,,101,Ttl AUR,1,1,false,1,{},false,,false,false,false,true,false,true,true,false,false,false,false,false,false,false,"{""""}",true,,true,false,
88,-1,183,74,11,,101,Ttl AUP,1,1,false,1,{},false,,false,false,false,true,false,true,true,false,false,false,false,false,false,false,"{""""}",true,,true,false,
89,-1,193,74,27,,101,Ttl AULC,1,1,false,1,{},false,,false,false,false,true,false,true,true,false,false,false,false,false,false,false,"{""""}",true,,true,false,
90,-1,117,74,22,,101,Ttl AUC,1,1,false,1,{},false,,false,false,false,true,false,true,true,false,false,false,false,false,false,false,"{""""}",true,,true,false,
91,-1,199,72,45,,101,Ttl Adj GM %,1,1,false,1,{},false,,false,false,false,true,false,true,true,false,false,false,false,false,false,false,"{""""}",true,,true,false,
92,-1,196,72,42,,101,Ttl Adj GM $,1,1,false,1,{},false,,false,false,false,true,false,true,true,false,true,false,false,false,false,false,"{""""}",true,,true,false,
93,-1,186,74,17,,101,Ttl Adj Cst,1,1,false,1,{},false,,false,false,false,true,false,true,true,false,true,false,false,false,false,false,"{""""}",true,,true,false,
94,-1,191,74,25,,101,Ttl Adj AUC,1,1,false,1,{},false,,false,false,false,true,false,true,true,false,false,false,false,false,false,false,"{""""}",true,,true,false,
95,-1,115,73,156,,101,Ttl Inv Adj U,1,1,false,1,{},false,,false,false,false,true,false,true,true,false,true,false,false,false,false,false,"{""""}",true,,true,false,
96,-1,243,73,161,,101,Ttl Inv Adj LCst,1,1,false,1,{},false,,false,false,false,true,false,true,true,false,true,false,false,false,false,false,"{""""}",true,,true,false,
97,-1,113,73,159,,101,Ttl Inv Adj Cst,1,1,false,1,{},false,,false,false,false,true,false,true,true,false,true,false,false,false,false,false,"{""""}",true,,true,false,
98,-1,245,73,166,,101,Ttl Inv Adj AULC,1,1,false,1,{},false,,false,false,false,true,false,true,true,false,false,false,false,false,false,false,"{""""}",true,,true,false,
99,-1,112,73,164,,101,Ttl Inv Adj AUC,1,1,false,1,{},false,,false,false,false,true,false,true,true,false,false,false,false,false,false,false,"{""""}",true,,true,false,
100,-1,111,73,88,,101,NComp WOS,1,1,false,1,{},false,,false,false,false,true,false,true,false,false,false,false,false,false,false,false,"{""""}",true,,true,false,
101,-1,110,73,123,,101,NComp Turn U,1,1,false,1,{},false,,false,false,false,true,false,true,false,false,false,false,false,false,false,false,"{""""}",true,,true,false,
102,-1,108,73,126,,101,NComp Turn Cst,1,1,false,1,{},false,,false,false,false,true,false,true,false,false,false,false,false,false,false,false,"{""""}",true,,true,false,
103,-1,107,73,195,,101,NComp Store Total Facings,1,1,false,1,{},false,,false,false,false,true,false,true,true,false,true,false,false,false,false,false,"{""""}",true,,true,false,
104,-1,106,73,192,,101,NComp Store Instock Facings,1,1,false,1,{},false,,false,false,false,true,false,true,true,false,true,false,false,false,false,false,"{""""}",true,,true,false,
105,-1,105,73,85,,101,NComp ST%,1,1,false,1,{},false,,false,false,false,true,false,true,false,false,false,false,false,false,false,false,"{""""}",true,,true,false,
106,-1,104,74,5,,101,NComp Sls $,1,1,false,1,{},false,,false,false,false,true,true,true,true,true,true,false,false,false,false,false,"{""""}",true,,true,false,
107,-1,103,73,94,,101,NComp Rct U,1,1,false,1,{},false,,false,false,false,true,true,true,true,false,true,false,false,false,false,false,"{""""}",true,,true,false,
108,-1,101,73,97,,101,NComp Rct Cst,1,1,false,1,{},false,,false,false,false,true,true,true,true,false,true,false,false,false,false,false,"{""""}",true,,true,false,
109,-1,100,73,102,,101,NComp Rct AUC,1,1,false,1,{},false,,false,false,false,true,true,true,true,false,false,false,false,false,false,false,"{""""}",true,,true,false,
110,-1,99,74,29,,101,NComp Sls U Build,1,1,false,1,{},false,,false,false,false,true,false,true,false,false,false,false,false,false,false,false,"{""""}",true,,true,false,
111,-1,98,74,2,,101,NComp Sls U,1,1,false,1,{},false,,false,false,false,true,true,true,true,true,true,false,false,false,false,false,"{""""}",true,,true,false,
112,-1,178,73,182,,101,NComp OTB $ (WF vs OP),1,1,false,1,{},false,,false,false,false,false,false,true,false,false,true,false,false,false,false,false,"{""""}",true,,true,false,
113,-1,177,73,185,,101,NComp OTB $ (WF vs LF),1,1,false,1,{},false,,false,false,false,false,false,true,false,false,true,false,false,false,false,false,"{""""}",true,,true,false,
114,-1,96,73,129,,101,NComp OO U (Com),1,1,false,1,{},false,,false,false,false,true,false,true,true,false,true,false,false,false,false,false,"{""""}",true,,true,false,
115,-1,95,73,142,,101,NComp OO U (NCom),1,1,false,1,{},false,,false,false,false,true,false,true,true,false,true,false,false,false,false,false,"{""""}",true,,true,false,
116,-1,92,73,132,,101,NComp OO Cst (Com),1,1,false,1,{},false,,false,false,false,true,false,true,true,false,true,false,false,false,false,false,"{""""}",true,,true,false,
117,-1,91,73,145,,101,NComp OO Cst (NCom),1,1,false,1,{},false,,false,false,false,true,false,true,true,false,true,false,false,false,false,false,"{""""}",true,,true,false,
118,-1,90,73,137,,101,NComp OO AUC (Com),1,1,false,1,{},false,,false,false,false,true,false,true,true,false,false,false,false,false,false,false,"{""""}",true,,true,false,
119,-1,89,73,150,,101,NComp OO AUC (NCom),1,1,false,1,{},false,,false,false,false,true,false,true,true,false,false,false,false,false,false,false,"{""""}",true,,true,false,
120,-1,85,72,38,,101,NComp GM %,1,1,false,1,{},false,,false,false,false,true,true,true,true,false,false,false,false,false,false,false,"{""""}",true,,true,false,
121,-1,84,72,35,,101,NComp GM $,1,1,false,1,{},false,,false,false,false,true,true,true,true,false,true,false,false,false,false,false,"{""""}",true,,true,false,
122,-1,81,73,91,,101,NComp In Stock %,1,1,false,1,{},false,,false,false,false,true,false,true,true,false,false,false,false,false,false,false,"{""""}",true,,true,false,
123,-1,80,72,47,,101,NComp GMROI,1,1,false,1,{},false,,false,false,false,true,false,true,false,false,false,false,false,false,false,false,"{""""}",true,,true,false,
124,-1,79,73,69,,101,NComp EOH U,1,1,false,1,{},false,,false,false,false,true,false,true,true,false,true,false,false,false,false,false,"{""""}",true,,true,false,
125,-1,78,73,172,,101,NComp EOH Cst OP,1,1,false,1,{},false,,false,false,false,false,false,true,false,false,true,false,false,false,false,false,"{""""}",true,,true,false,
126,-1,77,73,177,,101,NComp EOH Cst LF,1,1,false,1,{},false,,false,false,false,false,false,true,false,false,true,false,false,false,false,false,"{""""}",true,,true,false,
127,-1,76,73,72,,101,NComp EOH Cst,1,1,false,1,{},false,,false,false,false,true,false,true,true,false,true,false,false,false,false,false,"{""""}",true,,true,false,
128,-1,75,73,77,,101,NComp EOH AUC,1,1,false,1,{},false,,false,false,false,true,false,true,true,false,false,false,false,false,false,false,"{""""}",true,,true,false,
129,-1,74,74,32,,101,NComp Sls $ Build,1,1,false,1,{},false,,false,false,false,true,false,true,false,false,false,false,false,false,false,false,"{""""}",true,,true,false,
130,-1,73,74,13,,101,NComp COGS,1,1,false,1,{},false,,false,false,false,true,false,true,true,false,true,false,false,false,false,false,"{""""}",true,,true,false,
131,-1,69,73,56,,101,NComp BOH U,1,1,false,1,{},false,,false,false,false,true,false,true,true,false,true,false,false,false,false,false,"{""""}",true,,true,false,
132,-1,67,73,59,,101,NComp BOH Cst,1,1,false,1,{},false,,false,false,false,true,false,true,true,false,true,false,false,false,false,false,"{""""}",true,,true,false,
133,-1,65,73,64,,101,NComp BOH AUC,1,1,false,1,{},false,,false,false,false,true,false,true,true,false,false,false,false,false,false,false,"{""""}",true,,true,false,
134,-1,64,73,82,,101,NComp Avg Inv,1,1,false,1,{},false,,false,false,false,true,false,true,true,false,false,false,false,false,false,false,"{""""}",true,,true,false,
135,-1,63,74,8,,101,NComp AUR,1,1,false,1,{},false,,false,false,false,true,true,true,true,false,false,false,false,false,false,false,"{""""}",true,,true,false,
136,-1,62,74,21,,101,NComp AUC,1,1,false,1,{},false,,false,false,false,true,false,true,true,false,false,false,false,false,false,false,"{""""}",true,,true,false,
137,-1,198,72,44,,101,NComp Adj GM %,1,1,false,1,{},false,,false,false,false,true,false,true,true,false,false,false,false,false,false,false,"{""""}",true,,true,false,
138,-1,195,72,41,,101,NComp Adj GM $,1,1,false,1,{},false,,false,false,false,true,false,true,true,false,true,false,false,false,false,false,"{""""}",true,,true,false,
139,-1,185,74,16,,101,NComp Adj Cst,1,1,false,1,{},false,,false,false,false,true,false,true,true,false,true,false,false,false,false,false,"{""""}",true,,true,false,
140,-1,190,74,24,,101,NComp Adj AUC,1,1,false,1,{},false,,false,false,false,true,false,true,true,false,false,false,false,false,false,false,"{""""}",true,,true,false,
141,-1,60,73,155,,101,NComp Inv Adj U,1,1,false,1,{},false,,false,false,false,true,false,true,true,false,true,false,false,false,false,false,"{""""}",true,,true,false,
142,-1,58,73,158,,101,NComp Inv Adj Cst,1,1,false,1,{},false,,false,false,false,true,false,true,true,false,true,false,false,false,false,false,"{""""}",true,,true,false,
143,-1,57,73,163,,101,NComp Inv Adj AUC,1,1,false,1,{},false,,false,false,false,true,false,true,true,false,false,false,false,false,false,false,"{""""}",true,,true,false,
145,-1,230,73,118,,101,Comp Var Res FULL U,1,1,false,1,{},false,,false,false,false,true,false,true,true,false,true,false,false,false,false,false,"{""""}",true,,true,false,
146,-1,232,73,120,,101,Comp Var Res FULL LCst,1,1,false,1,{},false,,false,false,false,true,false,true,true,false,true,false,false,false,false,false,"{""""}",true,,true,false,
147,-1,55,73,122,,101,Comp Turn U,1,1,false,1,{},false,,false,false,false,true,false,true,false,false,false,false,false,false,false,false,"{""""}",true,,true,false,
149,-1,52,73,194,,101,Comp Store Total Facings,1,1,false,1,{},false,,false,false,false,true,false,true,true,false,true,false,false,false,false,false,"{""""}",true,,true,false,
150,-1,51,73,191,,101,Comp Store Instock Facings,1,1,false,1,{},false,,false,false,false,true,false,true,true,false,true,false,false,false,false,false,"{""""}",true,,true,false,
151,-1,50,73,84,,101,Comp ST%,1,1,false,1,{},false,,false,false,false,true,false,true,false,false,false,false,false,false,false,false,"{""""}",true,,true,false,
152,-1,200,73,49,,101,Comp Svc Lvl,1,1,false,1,{},false,,false,false,false,true,false,true,true,false,false,false,false,false,false,false,"{""""}",true,,true,false,
154,-1,218,73,106,,101,Comp CH Est Res U,1,1,false,1,{},false,,false,false,false,true,false,true,true,false,true,false,false,false,false,false,"{""""}",true,,true,false,
155,-1,220,73,108,,101,Comp CH Est Res LCst,1,1,false,1,{},false,,false,false,false,true,false,true,true,false,true,false,false,false,false,false,"{""""}",true,,true,false,
156,-1,222,73,110,,101,Comp CH Est Res AULC,1,1,false,1,{},false,,false,false,false,true,false,true,true,false,false,false,false,false,false,false,"{""""}",true,,true,false,
158,-1,290,73,229,,101,Comp Est 3rd Pty Rec U,1,1,false,1,{},false,,false,false,false,true,false,true,true,false,true,false,false,false,false,false,"{""""}",true,,true,false,
159,-1,292,73,231,,101,Comp Est 3rd Pty Rec Cst,1,1,false,1,{},false,,false,false,false,true,false,true,true,false,true,false,false,false,false,false,"{""""}",true,,true,false,
161,-1,214,73,99,,101,Comp Rct LCst,1,1,false,1,{},false,,false,false,false,true,true,true,true,false,true,false,false,false,false,false,"{""""}",true,,true,false,
163,-1,284,73,223,,101,Comp CH Est Res Rec U,1,1,false,1,{},false,,false,false,false,true,false,true,true,false,true,false,false,false,false,false,"{""""}",true,,true,false,
164,-1,286,73,225,,101,Comp CH Est Res Rec Cst,1,1,false,1,{},false,,false,false,false,true,false,true,true,false,true,false,false,false,false,false,"{""""}",true,,true,false,
166,-1,296,73,235,,101,Comp Est Bypass Rec U,1,1,false,1,{},false,,false,false,false,true,false,true,true,false,true,false,false,false,false,false,"{""""}",true,,true,false,
167,-1,298,73,237,,101,Comp Est Bypass Rec Cst,1,1,false,1,{},false,,false,false,false,true,false,true,true,false,true,false,false,false,false,false,"{""""}",true,,true,false,
169,-1,216,73,104,,101,Comp Rct AULC,1,1,false,1,{},false,,false,false,false,true,true,true,true,false,false,false,false,false,false,false,"{""""}",true,,true,false,
148,-1,53,73,125,,101,Comp Turn Cst,1,1,false,1,{},true,,false,false,true,true,false,true,false,false,false,false,false,false,false,false,"{""""}",true,,true,false,
153,-1,49,74,4,,101,Comp Sls $,1,1,false,1,{},true,,false,false,true,true,true,true,true,true,true,false,false,false,false,false,"{""""}",true,,true,false,
157,-1,47,73,93,,101,Comp Rct U,1,1,false,1,{},true,,false,false,true,true,true,true,true,false,true,false,false,false,false,false,"{""""}",true,,true,false,
160,-1,288,73,227,,101,Comp Est 3rd Pty Rec %,1,1,false,1,{},true,,false,false,true,true,true,true,true,false,false,false,false,false,false,false,"{""""}",true,,true,false,
162,-1,45,73,96,,101,Comp Rct Cst,1,1,false,1,{},true,,false,false,true,true,true,true,true,false,true,false,false,false,false,false,"{""""}",true,,true,false,
165,-1,282,73,221,,101,Comp CH Est Res Rec %,1,1,false,1,{},true,,false,false,true,true,true,true,true,false,false,false,false,false,false,false,"{""""}",true,,true,false,
168,-1,294,73,233,,101,Comp Est Bypass Rec %,1,1,false,1,{},true,,false,false,true,true,true,true,true,false,false,false,false,false,false,false,"{""""}",true,,true,false,
170,-1,44,73,101,,101,Comp Rct AUC,1,1,false,1,{},false,,false,false,false,true,true,true,true,false,false,false,false,false,false,false,"{""""}",true,,true,false,
171,-1,202,73,51,,101,Comp Qty Shp,1,1,false,1,{},false,,false,false,false,true,false,true,true,false,true,false,false,false,false,false,"{""""}",true,,true,false,
172,-1,204,73,53,,101,Comp Qty Ord,1,1,false,1,{},false,,false,false,false,true,false,true,true,false,true,false,false,false,false,false,"{""""}",true,,true,false,
173,-1,43,74,28,,101,Comp Sls U Build,1,1,false,1,{},false,,false,false,false,true,false,true,false,false,false,false,false,false,false,false,"{""""}",true,,true,false,
175,-1,176,73,181,,101,Comp OTB $ (WF vs OP),1,1,false,1,{},false,,false,false,false,false,false,true,false,false,true,false,false,false,false,false,"{""""}",true,,true,false,
176,-1,175,73,184,,101,Comp OTB $ (WF vs LF),1,1,false,1,{},false,,false,false,false,false,false,true,false,false,true,false,false,false,false,false,"{""""}",true,,true,false,
177,-1,254,73,187,,101,Comp OTB LCst WF to OP,1,1,false,1,{},false,,false,false,false,false,false,true,false,false,true,false,false,false,false,false,"{""""}",true,,true,false,
178,-1,256,73,189,,101,Comp OTB LCst WF to LF,1,1,false,1,{},false,,false,false,false,false,false,true,false,false,true,false,false,false,false,false,"{""""}",true,,true,false,
181,-1,234,73,134,,101,Comp OO LCst (Com),1,1,false,1,{},false,,false,false,false,true,false,true,true,false,true,false,false,false,false,false,"{""""}",true,,true,false,
182,-1,238,73,147,,101,Comp OO LCst (NCom),1,1,false,1,{},false,,false,false,false,true,false,true,true,false,true,false,false,false,false,false,"{""""}",true,,true,false,
185,-1,236,73,139,,101,Comp OO AULC (Com),1,1,false,1,{},false,,false,false,false,true,false,true,true,false,false,false,false,false,false,false,"{""""}",true,,true,false,
186,-1,240,73,152,,101,Comp OO AULC (NCom),1,1,false,1,{},false,,false,false,false,true,false,true,true,false,false,false,false,false,false,false,"{""""}",true,,true,false,
191,-1,187,74,18,,101,Comp COGS.,1,1,false,1,{},false,,false,false,false,true,false,true,true,false,true,false,false,false,false,false,"{""""}",true,,true,false,
192,-1,24,73,90,,101,Comp In Stock %,1,1,false,1,{},false,,false,false,false,true,false,true,true,false,false,false,false,false,false,false,"{""""}",true,,true,false,
194,-1,224,73,112,,101,Comp CH FULL U,1,1,false,1,{},false,,false,false,false,true,true,true,true,false,true,false,false,false,false,false,"{""""}",true,,true,false,
195,-1,226,73,114,,101,Comp CH FULL LCst,1,1,false,1,{},false,,false,false,false,true,true,true,true,false,true,false,false,false,false,false,"{""""}",true,,true,false,
196,-1,228,73,116,,101,Comp CH FULL AULC,1,1,false,1,{},false,,false,false,false,true,true,true,true,false,false,false,false,false,false,false,"{""""}",true,,true,false,
197,-1,246,73,167,,101,Comp EOH U OP,1,1,false,1,{},false,,false,false,false,false,false,true,false,false,true,false,false,false,false,false,"{""""}",true,,true,false,
198,-1,248,73,169,,101,Comp EOH U LF,1,1,false,1,{},false,,false,false,false,false,false,true,false,false,true,false,false,false,false,false,"{""""}",true,,true,false,
200,-1,250,73,174,,101,Comp EOH LCst OP,1,1,false,1,{},false,,false,false,false,false,false,true,false,false,true,false,false,false,false,false,"{""""}",true,,true,false,
201,-1,252,73,179,,101,Comp EOH LCst LF,1,1,false,1,{},false,,false,false,false,false,false,true,false,false,true,false,false,false,false,false,"{""""}",true,,true,false,
202,-1,210,73,74,,101,Comp EOH LCst,1,1,false,1,{},false,,false,false,false,true,false,true,true,false,true,false,false,false,false,false,"{""""}",true,,true,false,
203,-1,181,73,171,,101,Comp EOH Cst OP,1,1,false,1,{},false,,false,false,false,false,false,true,false,false,true,false,false,false,false,false,"{""""}",true,,true,false,
204,-1,21,73,176,,101,Comp EOH Cst LF,1,1,false,1,{},false,,false,false,false,false,false,true,false,false,true,false,false,false,false,false,"{""""}",true,,true,false,
206,-1,212,73,79,,101,Comp EOH AULC,1,1,false,1,{},false,,false,false,false,true,false,true,true,false,false,false,false,false,false,false,"{""""}",true,,true,false,
208,-1,18,74,31,,101,Comp Sls $ Build,1,1,false,1,{},false,,false,false,false,true,false,true,false,false,false,false,false,false,false,false,"{""""}",true,,true,false,
209,-1,17,74,12,,101,Comp COGS,1,1,false,1,{},false,,false,false,false,true,false,true,true,false,true,false,false,false,false,false,"{""""}",true,,true,false,
213,-1,276,73,215,,101,Comp CH EOH U,1,1,false,1,{},false,,false,false,false,false,false,true,false,false,true,false,false,false,false,false,"{""""}",true,,true,false,
215,-1,278,73,217,,101,Comp CH EOH Cst,1,1,false,1,{},false,,false,false,false,false,false,true,false,false,true,false,false,false,false,false,"{""""}",true,,true,false,
216,-1,272,73,211,,101,Comp CH EOH LCst IMP,1,1,false,1,{},false,,false,false,false,false,false,true,false,false,true,false,false,false,false,false,"{""""}",true,,true,false,
217,-1,280,73,219,,101,Comp CH EOH AULC,1,1,false,1,{},false,,false,false,false,false,false,true,false,false,false,false,false,false,false,false,"{""""}",true,,true,false,
219,-1,264,73,203,,101,Comp CH BOH U,1,1,false,1,{},false,,false,false,false,false,false,true,false,false,true,false,false,false,false,false,"{""""}",true,,true,false,
221,-1,266,73,205,,101,Comp CH BOH Cst,1,1,false,1,{},false,,false,false,false,false,false,true,false,false,true,false,false,false,false,false,"{""""}",true,,true,false,
222,-1,260,73,199,,101,Comp CH BOH LCst IMP,1,1,false,1,{},false,,false,false,false,false,false,true,false,false,true,false,false,false,false,false,"{""""}",true,,true,false,
223,-1,268,73,207,,101,Comp CH BOH AULC,1,1,false,1,{},false,,false,false,false,false,false,true,false,false,false,false,false,false,false,false,"{""""}",true,,true,false,
224,-1,13,73,55,,101,Comp BOH U,1,1,false,1,{},false,,false,false,false,true,false,true,true,false,true,false,false,false,false,false,"{""""}",true,,true,false,
225,-1,206,73,61,,101,Comp BOH LCst,1,1,false,1,{},false,,false,false,false,true,false,true,true,false,true,false,false,false,false,false,"{""""}",true,,true,false,
179,-1,40,73,128,,101,Comp OO U (Com),1,1,false,1,{},true,,false,false,true,true,false,true,true,false,true,false,false,false,false,false,"{""""}",true,,true,false,
180,-1,39,73,141,,101,Comp OO U (NCom),1,1,false,1,{},true,,false,false,true,true,false,true,true,false,true,false,false,false,false,false,"{""""}",true,,true,false,
183,-1,36,73,131,,101,Comp OO Cst (Com),1,1,false,1,{},true,,false,false,true,true,false,true,true,false,true,false,false,false,false,false,"{""""}",true,,true,false,
184,-1,35,73,144,,101,Comp OO Cst (NCom),1,1,false,1,{},true,,false,false,true,true,false,true,true,false,true,false,false,false,false,false,"{""""}",true,,true,false,
187,-1,34,73,136,,101,Comp OO AUC (Com),1,1,false,1,{},true,,false,false,true,true,false,true,true,false,false,false,false,false,false,false,"{""""}",true,,true,false,
188,-1,33,73,149,,101,Comp OO AUC (NCom),1,1,false,1,{},true,,false,false,true,true,false,true,true,false,false,false,false,false,false,false,"{""""}",true,,true,false,
189,-1,29,72,37,,101,Comp GM %,1,1,false,1,{},true,,false,false,true,true,true,true,true,false,false,false,false,false,false,false,"{""""}",true,,true,false,
190,-1,28,72,34,,101,Comp GM $,1,1,false,1,{},true,,false,false,true,true,true,true,true,false,true,false,false,false,false,false,"{""""}",true,,true,false,
193,-1,23,72,46,,101,Comp GMROI,1,1,false,1,{},true,,false,false,true,true,false,true,false,false,false,false,false,false,false,false,"{""""}",true,,true,false,
199,-1,22,73,68,,101,Comp EOH U,1,1,false,1,{},true,,false,false,true,true,false,true,true,false,true,false,false,false,false,false,"{""""}",true,,true,false,
205,-1,20,73,71,,101,Comp EOH Cst,1,1,false,1,{},true,,false,false,true,true,false,true,true,false,true,false,false,false,false,false,"{""""}",true,,true,false,
207,-1,19,73,76,,101,Comp EOH AUC,1,1,false,1,{},true,,false,false,true,true,false,true,true,false,false,false,false,false,false,false,"{""""}",true,,true,false,
210,-1,300,73,239,,101,Comp CH Ttl Rct U,1,1,false,1,{},true,,false,false,true,false,false,true,false,false,true,false,false,false,false,false,"{""""}",true,,true,false,
211,-1,302,73,241,,101,Comp CH Ttl Rct Cst,1,1,false,1,{},true,,false,false,true,false,false,true,false,false,true,false,false,false,false,false,"{""""}",true,,true,false,
212,-1,270,73,209,,101,Comp CH EOH U IMP,1,1,false,1,{},true,,false,false,true,false,false,true,false,false,true,false,false,false,false,false,"{""""}",true,,true,false,
214,-1,274,73,213,,101,Comp CH EOH Cst IMP,1,1,false,1,{},true,,false,false,true,false,false,true,false,false,true,false,false,false,false,false,"{""""}",true,,true,false,
218,-1,258,73,197,,101,Comp CH BOH U IMP,1,1,false,1,{},true,,false,false,true,false,false,true,false,false,true,false,false,false,false,false,"{""""}",true,,true,false,
220,-1,262,73,201,,101,Comp CH BOH Cst IMP,1,1,false,1,{},true,,false,false,true,false,false,true,false,false,true,false,false,false,false,false,"{""""}",true,,true,false,
227,-1,208,73,66,,101,Comp BOH AULC,1,1,false,1,{},false,,false,false,false,true,false,true,true,false,false,false,false,false,false,false,"{""""}",true,,true,false,
229,-1,8,73,81,,101,Comp Avg Inv,1,1,false,1,{},false,,false,false,false,true,false,true,true,false,false,false,false,false,false,false,"{""""}",true,,true,false,
231,-1,182,74,10,,101,Comp AUP,1,1,false,1,{},false,,false,false,false,true,true,true,true,false,false,false,false,false,false,false,"{""""}",true,,true,false,
232,-1,192,74,26,,101,Comp AULC,1,1,false,1,{},false,,false,false,false,true,false,true,true,false,false,false,false,false,false,false,"{""""}",true,,true,false,
234,-1,197,72,43,,101,Comp Adj GM %,1,1,false,1,{},false,,false,false,false,true,false,true,true,false,false,false,false,false,false,false,"{""""}",true,,true,false,
235,-1,194,72,40,,101,Comp Adj GM $,1,1,false,1,{},false,,false,false,false,true,false,true,true,false,true,false,false,false,false,false,"{""""}",true,,true,false,
236,-1,184,74,15,,101,Comp Adj Cst,1,1,false,1,{},false,,false,false,false,true,false,true,true,false,true,false,false,false,false,false,"{""""}",true,,true,false,
237,-1,189,74,23,,101,Comp Adj AUC,1,1,false,1,{},false,,false,false,false,true,false,true,true,false,false,false,false,false,false,false,"{""""}",true,,true,false,
238,-1,4,73,154,,101,Comp Inv Adj U,1,1,false,1,{},false,,false,false,false,true,true,true,true,false,true,false,false,false,false,false,"{""""}",true,,true,false,
239,-1,242,73,160,,101,Comp Inv Adj LCst,1,1,false,1,{},false,,false,false,false,true,true,true,true,false,true,false,false,false,false,false,"{""""}",true,,true,false,
241,-1,244,73,165,,101,Comp Inv Adj AULC,1,1,false,1,{},false,,false,false,false,true,true,true,true,false,false,false,false,false,false,false,"{""""}",true,,true,false,
243,16,42,74,1,,101,Comp Sls U,1,1,false,1,{},true,,true,false,true,true,true,true,true,true,true,true,false,false,false,false,"{""""}",true,,true,false,
244,16,98,74,2,,101,NComp Sls U,1,1,false,1,{},false,,true,false,true,true,true,true,true,true,true,true,false,false,false,false,"{""""}",true,,true,false,
245,16,157,74,3,,101,Ttl Sls U,1,1,false,1,{},false,,false,false,true,true,false,true,true,false,true,false,false,false,false,false,"{""""}",true,,true,false,
246,16,49,74,4,,101,Comp Sls $,1,1,false,1,{},true,,true,false,true,true,true,true,true,true,true,true,false,false,false,false,"{""""}",true,,true,false,
247,16,104,74,5,,101,NComp Sls $,1,1,false,1,{},false,,true,false,true,true,true,true,true,true,true,true,false,false,false,false,"{""""}",true,,true,false,
248,16,164,74,6,,101,Ttl Sls $,1,1,false,1,{},false,,false,false,true,true,false,true,true,false,true,false,false,false,false,false,"{""""}",true,,true,false,
249,16,7,74,7,,101,Comp AUR,1,1,false,1,{},true,,true,false,true,true,true,true,true,false,false,false,false,false,false,false,"{""""}",true,,true,false,
250,16,63,74,8,,101,NComp AUR,1,1,false,1,{},false,,true,false,true,true,true,true,true,false,false,false,false,false,false,false,"{""""}",true,,true,false,
251,16,118,74,9,,101,Ttl AUR,1,1,false,1,{},false,,false,false,true,true,false,true,true,false,false,false,false,false,false,false,"{""""}",true,,true,false,
252,16,17,74,12,,101,Comp COGS,1,1,false,1,{},false,,false,false,true,true,false,true,true,false,true,false,false,false,false,false,"{""""}",true,,true,false,
253,16,73,74,13,,101,NComp COGS,1,1,false,1,{},false,,false,false,true,true,false,true,true,false,true,false,false,false,false,false,"{""""}",true,,true,false,
254,16,128,74,14,,101,Ttl COGS,1,1,false,1,{},false,,false,false,true,true,false,true,true,false,true,false,false,false,false,false,"{""""}",true,,true,false,
255,16,184,74,15,,101,Comp Adj Cst,1,1,false,1,{},false,,false,false,true,true,false,true,true,false,true,false,false,false,false,false,"{""""}",true,,true,false,
256,16,185,74,16,,101,NComp Adj Cst,1,1,false,1,{},false,,false,false,true,true,false,true,true,false,true,false,false,false,false,false,"{""""}",true,,true,false,
257,16,186,74,17,,101,Ttl Adj Cst,1,1,false,1,{},false,,false,false,true,true,false,true,true,false,true,false,false,false,false,false,"{""""}",true,,true,false,
258,16,6,74,20,,101,Comp AUC,1,1,false,1,{},true,,false,false,true,true,false,true,true,false,false,false,false,false,false,false,"{""""}",true,,true,false,
259,16,62,74,21,,101,NComp AUC,1,1,false,1,{},false,,false,false,true,true,false,true,true,false,false,false,false,false,false,false,"{""""}",true,,true,false,
260,16,117,74,22,,101,Ttl AUC,1,1,false,1,{},false,,false,false,true,true,false,true,true,false,false,false,false,false,false,false,"{""""}",true,,true,false,
261,16,189,74,23,,101,Comp Adj AUC,1,1,false,1,{},false,,false,false,true,true,false,true,true,false,false,false,false,false,false,false,"{""""}",true,,true,false,
262,16,190,74,24,,101,NComp Adj AUC,1,1,false,1,{},false,,false,false,true,true,false,true,true,false,false,false,false,false,false,false,"{""""}",true,,true,false,
263,16,191,74,25,,101,Ttl Adj AUC,1,1,false,1,{},false,,false,false,true,true,false,true,true,false,false,false,false,false,false,false,"{""""}",true,,true,false,
264,16,192,74,26,,101,Comp AULC,1,1,false,1,{},false,,false,false,true,true,false,true,true,false,false,false,false,false,false,false,"{""""}",true,,true,false,
265,16,193,74,27,,101,Ttl AULC,1,1,false,1,{},false,,false,false,true,true,false,true,true,false,false,false,false,false,false,false,"{""""}",true,,true,false,
266,16,43,74,28,,101,Comp Sls U Build,1,1,false,1,{},false,,false,false,true,true,false,true,false,false,false,false,false,false,false,false,"{""""}",true,,true,false,
267,16,99,74,29,,101,NComp Sls U Build,1,1,false,1,{},false,,false,false,true,true,false,true,false,false,false,false,false,false,false,false,"{""""}",true,,true,false,
268,16,158,74,30,,101,Ttl Sls U Build,1,1,false,1,{},false,,false,false,true,true,false,true,false,false,false,false,false,false,false,false,"{""""}",true,,true,false,
269,16,18,74,31,,101,Comp Sls $ Build,1,1,false,1,{},false,,false,false,true,true,false,true,false,false,false,false,false,false,false,false,"{""""}",true,,true,false,
270,16,74,74,32,,101,NComp Sls $ Build,1,1,false,1,{},false,,false,false,true,true,false,true,false,false,false,false,false,false,false,false,"{""""}",true,,true,false,
271,16,129,74,33,,101,Ttl Sls $ Build,1,1,false,1,{},false,,false,false,true,true,false,true,false,false,false,false,false,false,false,false,"{""""}",true,,true,false,
272,16,28,72,34,,101,Comp GM $,1,1,false,1,{},true,,true,false,true,true,true,true,true,false,true,true,false,false,false,false,"{""""}",true,,true,false,
273,16,84,72,35,,101,NComp GM $,1,1,false,1,{},false,,true,false,true,true,true,true,true,false,true,true,false,false,false,false,"{""""}",true,,true,false,
274,16,142,72,36,,101,Ttl GM $,1,1,false,1,{},false,,false,false,true,true,false,true,true,false,true,false,false,false,false,false,"{""""}",true,,true,false,
275,16,29,72,37,,101,Comp GM %,1,1,false,1,{},true,,true,false,true,true,true,true,true,false,false,false,false,false,false,false,"{""""}",true,,true,false,
276,16,85,72,38,,101,NComp GM %,1,1,false,1,{},false,,true,false,true,true,true,true,true,false,false,false,false,false,false,false,"{""""}",true,,true,false,
277,16,143,72,39,,101,Ttl GM %,1,1,false,1,{},false,,false,false,true,true,false,true,true,false,false,false,false,false,false,false,"{""""}",true,,true,false,
278,16,194,72,40,,101,Comp Adj GM $,1,1,false,1,{},false,,false,false,true,true,false,true,true,false,true,false,false,false,false,false,"{""""}",true,,true,false,
279,16,195,72,41,,101,NComp Adj GM $,1,1,false,1,{},false,,false,false,true,true,false,true,true,false,true,false,false,false,false,false,"{""""}",true,,true,false,
280,16,196,72,42,,101,Ttl Adj GM $,1,1,false,1,{},false,,false,false,true,true,false,true,true,false,true,false,false,false,false,false,"{""""}",true,,true,false,
281,16,197,72,43,,101,Comp Adj GM %,1,1,false,1,{},false,,false,false,true,true,false,true,true,false,false,false,false,false,false,false,"{""""}",true,,true,false,
282,16,198,72,44,,101,NComp Adj GM %,1,1,false,1,{},false,,false,false,true,true,false,true,true,false,false,false,false,false,false,false,"{""""}",true,,true,false,
283,16,199,72,45,,101,Ttl Adj GM %,1,1,false,1,{},false,,false,false,true,true,false,true,true,false,false,false,false,false,false,false,"{""""}",true,,true,false,
230,-1,7,74,7,,101,Comp AUR,1,1,false,1,{},true,,false,false,true,true,true,true,true,false,false,false,false,false,false,false,"{""""}",true,,true,false,
233,-1,6,74,20,,101,Comp AUC,1,1,false,1,{},true,,false,false,true,true,false,true,true,false,false,false,false,false,false,false,"{""""}",true,,true,false,
240,-1,2,73,157,,101,Comp Inv Adj Cst,1,1,false,1,{},true,,false,false,true,true,false,true,true,false,true,false,false,false,false,false,"{""""}",true,,true,false,
242,-1,1,73,162,,101,Comp Inv Adj AUC,1,1,false,1,{},true,,false,false,true,true,false,true,true,false,false,false,false,false,false,false,"{""""}",true,,true,false,
284,16,23,72,46,,101,Comp GMROI,1,1,false,1,{},true,,false,false,true,true,false,true,false,false,false,false,false,false,false,false,"{""""}",true,,true,false,
285,16,80,72,47,,101,NComp GMROI,1,1,false,1,{},false,,false,false,true,true,false,true,false,false,false,false,false,false,false,false,"{""""}",true,,true,false,
286,16,137,72,48,,101,Ttl GMROI,1,1,false,1,{},false,,false,false,true,true,false,true,false,false,false,false,false,false,false,false,"{""""}",true,,true,false,
287,16,13,73,55,,101,Comp BOH U,1,1,false,1,{},false,,true,false,true,true,false,true,true,false,true,true,false,false,false,false,"{""""}",true,,true,false,
288,16,69,73,56,,101,NComp BOH U,1,1,false,1,{},false,,true,false,true,true,false,true,true,false,true,true,false,false,false,false,"{""""}",true,,true,false,
289,16,124,73,57,,101,Ttl BOH U,1,1,false,1,{},false,,false,false,true,true,false,true,true,false,true,false,false,false,false,false,"{""""}",true,,true,false,
290,16,11,73,58,,101,Comp BOH Cst,1,1,false,1,{},true,,true,false,true,true,false,true,true,false,true,true,false,false,false,false,"{""""}",true,,true,false,
291,16,67,73,59,,101,NComp BOH Cst,1,1,false,1,{},false,,true,false,true,true,false,true,true,false,true,true,false,false,false,false,"{""""}",true,,true,false,
292,16,122,73,60,,101,Ttl BOH Cst,1,1,false,1,{},false,,false,false,true,true,false,true,true,false,true,false,false,false,false,false,"{""""}",true,,true,false,
293,16,9,73,63,,101,Comp BOH AUC,1,1,false,1,{},true,,true,false,true,true,false,true,true,false,false,false,false,false,false,false,"{""""}",true,,true,false,
294,16,65,73,64,,101,NComp BOH AUC,1,1,false,1,{},false,,true,false,true,true,false,true,true,false,false,false,false,false,false,false,"{""""}",true,,true,false,
295,16,120,73,65,,101,Ttl BOH AUC,1,1,false,1,{},false,,false,false,true,true,false,true,true,false,false,false,false,false,false,false,"{""""}",true,,true,false,
296,16,22,73,68,,101,Comp EOH U,1,1,false,1,{},true,,false,false,true,true,false,true,true,false,true,false,false,false,false,false,"{""""}",true,,true,false,
297,16,79,73,69,,101,NComp EOH U,1,1,false,1,{},false,,false,false,true,true,false,true,true,false,true,false,false,false,false,false,"{""""}",true,,true,false,
298,16,135,73,70,,101,Ttl EOH U,1,1,false,1,{},false,,false,false,true,true,false,true,true,false,true,false,false,false,false,false,"{""""}",true,,true,false,
299,16,20,73,71,,101,Comp EOH Cst,1,1,false,1,{},true,,false,false,true,true,false,true,true,false,true,false,false,false,false,false,"{""""}",true,,true,false,
300,16,76,73,72,,101,NComp EOH Cst,1,1,false,1,{},false,,false,false,true,true,false,true,true,false,true,false,false,false,false,false,"{""""}",true,,true,false,
301,16,131,73,73,,101,Ttl EOH Cst,1,1,false,1,{},false,,false,false,true,true,false,true,true,false,true,false,false,false,false,false,"{""""}",true,,true,false,
302,16,19,73,76,,101,Comp EOH AUC,1,1,false,1,{},true,,false,false,true,true,false,true,true,false,false,false,false,false,false,false,"{""""}",true,,true,false,
303,16,75,73,77,,101,NComp EOH AUC,1,1,false,1,{},false,,false,false,true,true,false,true,true,false,false,false,false,false,false,false,"{""""}",true,,true,false,
304,16,130,73,78,,101,Ttl EOH AUC,1,1,false,1,{},false,,false,false,true,true,false,true,true,false,false,false,false,false,false,false,"{""""}",true,,true,false,
305,16,8,73,81,,101,Comp Avg Inv,1,1,false,1,{},false,,false,false,true,true,false,true,true,false,false,false,false,false,false,false,"{""""}",true,,true,false,
306,16,64,73,82,,101,NComp Avg Inv,1,1,false,1,{},false,,false,false,true,true,false,true,true,false,false,false,false,false,false,false,"{""""}",true,,true,false,
307,16,119,73,83,,101,Ttl Avg Inv,1,1,false,1,{},false,,false,false,true,true,false,true,true,false,false,false,false,false,false,false,"{""""}",true,,true,false,
308,16,50,73,84,,101,Comp ST%,1,1,false,1,{},false,,false,false,true,true,false,true,false,false,false,false,false,false,false,false,"{""""}",true,,true,false,
309,16,105,73,85,,101,NComp ST%,1,1,false,1,{},false,,false,false,true,true,false,true,false,false,false,false,false,false,false,false,"{""""}",true,,true,false,
310,16,165,73,86,,101,Ttl ST%,1,1,false,1,{},false,,false,false,true,true,false,true,false,false,false,false,false,false,false,false,"{""""}",true,,true,false,
311,16,56,73,87,,101,Comp WOS,1,1,false,1,{},true,,false,false,true,true,false,true,false,false,false,false,false,false,false,false,"{""""}",true,,true,false,
312,16,111,73,88,,101,NComp WOS,1,1,false,1,{},false,,false,false,true,true,false,true,false,false,false,false,false,false,false,false,"{""""}",true,,true,false,
313,16,171,73,89,,101,Ttl WOS,1,1,false,1,{},false,,false,false,true,true,false,true,false,false,false,false,false,false,false,false,"{""""}",true,,true,false,
314,16,24,73,90,,101,Comp In Stock %,1,1,false,1,{},false,,false,false,true,true,false,true,true,false,false,false,false,false,false,false,"{""""}",true,,true,false,
315,16,81,73,91,,101,NComp In Stock %,1,1,false,1,{},false,,false,false,true,true,false,true,true,false,false,false,false,false,false,false,"{""""}",true,,true,false,
316,16,138,73,92,,101,Ttl In Stock %,1,1,false,1,{},false,,false,false,true,true,false,true,true,false,false,false,false,false,false,false,"{""""}",true,,true,false,
317,16,47,73,93,,101,Comp Rct U,1,1,false,1,{},true,,true,false,true,true,true,true,true,false,true,true,false,false,false,false,"{""""}",true,,true,false,
318,16,103,73,94,,101,NComp Rct U,1,1,false,1,{},false,,true,false,true,true,true,true,true,false,true,true,false,false,false,false,"{""""}",true,,true,false,
319,16,162,73,95,,101,Ttl Rct U,1,1,false,1,{},false,,false,false,true,true,false,true,true,false,true,false,false,false,false,false,"{""""}",true,,true,false,
320,16,45,73,96,,101,Comp Rct Cst,1,1,false,1,{},true,,true,false,true,true,true,true,true,false,true,true,false,false,false,false,"{""""}",true,,true,false,
321,16,101,73,97,,101,NComp Rct Cst,1,1,false,1,{},false,,true,false,true,true,true,true,true,false,true,true,false,false,false,false,"{""""}",true,,true,false,
322,16,160,73,98,,101,Ttl Rct Cst,1,1,false,1,{},false,,false,false,true,true,false,true,true,false,true,false,false,false,false,false,"{""""}",true,,true,false,
323,16,44,73,101,,101,Comp Rct AUC,1,1,false,1,{},false,,true,false,true,true,true,true,true,false,false,false,false,false,false,false,"{""""}",true,,true,false,
324,16,100,73,102,,101,NComp Rct AUC,1,1,false,1,{},false,,true,false,true,true,true,true,true,false,false,false,false,false,false,false,"{""""}",true,,true,false,
325,16,159,73,103,,101,Ttl Rct AUC,1,1,false,1,{},false,,false,false,true,true,false,true,true,false,false,false,false,false,false,false,"{""""}",true,,true,false,
326,16,55,73,122,,101,Comp Turn U,1,1,false,1,{},false,,false,false,true,true,false,true,false,false,false,false,false,false,false,false,"{""""}",true,,true,false,
327,16,110,73,123,,101,NComp Turn U,1,1,false,1,{},false,,false,false,true,true,false,true,false,false,false,false,false,false,false,false,"{""""}",true,,true,false,
328,16,170,73,124,,101,Ttl Turn U,1,1,false,1,{},false,,false,false,true,true,false,true,false,false,false,false,false,false,false,false,"{""""}",true,,true,false,
329,16,53,73,125,,101,Comp Turn Cst,1,1,false,1,{},true,,false,false,true,true,false,true,false,false,false,false,false,false,false,false,"{""""}",true,,true,false,
330,16,108,73,126,,101,NComp Turn Cst,1,1,false,1,{},false,,false,false,true,true,false,true,false,false,false,false,false,false,false,false,"{""""}",true,,true,false,
331,16,168,73,127,,101,Ttl Turn Cst,1,1,false,1,{},false,,false,false,true,true,false,true,false,false,false,false,false,false,false,false,"{""""}",true,,true,false,
332,16,40,73,128,,101,Comp OO U (Com),1,1,false,1,{},true,,false,false,true,true,false,true,true,false,true,false,false,false,false,false,"{""""}",true,,true,false,
333,16,96,73,129,,101,NComp OO U (Com),1,1,false,1,{},false,,false,false,true,true,false,true,true,false,true,false,false,false,false,false,"{""""}",true,,true,false,
334,16,155,73,130,,101,Ttl OO U (Com),1,1,false,1,{},false,,false,false,true,true,false,true,true,false,true,false,false,false,false,false,"{""""}",true,,true,false,
335,16,36,73,131,,101,Comp OO Cst (Com),1,1,false,1,{},true,,false,false,true,true,false,true,true,false,true,false,false,false,false,false,"{""""}",true,,true,false,
336,16,92,73,132,,101,NComp OO Cst (Com),1,1,false,1,{},false,,false,false,true,true,false,true,true,false,true,false,false,false,false,false,"{""""}",true,,true,false,
337,16,151,73,133,,101,Ttl OO Cst (Com),1,1,false,1,{},false,,false,false,true,true,false,true,true,false,true,false,false,false,false,false,"{""""}",true,,true,false,
338,16,34,73,136,,101,Comp OO AUC (Com),1,1,false,1,{},true,,false,false,true,true,false,true,true,false,false,false,false,false,false,false,"{""""}",true,,true,false,
339,16,90,73,137,,101,NComp OO AUC (Com),1,1,false,1,{},false,,false,false,true,true,false,true,true,false,false,false,false,false,false,false,"{""""}",true,,true,false,
340,16,148,73,138,,101,Ttl OO AUC (Com),1,1,false,1,{},false,,false,false,true,true,false,true,true,false,false,false,false,false,false,false,"{""""}",true,,true,false,
1019,59,171,73,89,,101,Ttl WOS,1,1,false,1,{},false,,false,false,false,true,false,true,false,false,false,false,false,false,false,false,"{""""}",true,,true,false,
341,16,39,73,141,,101,Comp OO U (NCom),1,1,false,1,{},true,,false,false,true,true,false,true,true,false,true,false,false,false,false,false,"{""""}",true,,true,false,
342,16,95,73,142,,101,NComp OO U (NCom),1,1,false,1,{},false,,false,false,true,true,false,true,true,false,true,false,false,false,false,false,"{""""}",true,,true,false,
343,16,154,73,143,,101,Ttl OO U (NCom),1,1,false,1,{},false,,false,false,true,true,false,true,true,false,true,false,false,false,false,false,"{""""}",true,,true,false,
344,16,35,73,144,,101,Comp OO Cst (NCom),1,1,false,1,{},true,,false,false,true,true,false,true,true,false,true,false,false,false,false,false,"{""""}",true,,true,false,
345,16,91,73,145,,101,NComp OO Cst (NCom),1,1,false,1,{},false,,false,false,true,true,false,true,true,false,true,false,false,false,false,false,"{""""}",true,,true,false,
346,16,150,73,146,,101,Ttl OO Cst (NCom),1,1,false,1,{},false,,false,false,true,true,false,true,true,false,true,false,false,false,false,false,"{""""}",true,,true,false,
347,16,33,73,149,,101,Comp OO AUC (NCom),1,1,false,1,{},true,,false,false,true,true,false,true,true,false,false,false,false,false,false,false,"{""""}",true,,true,false,
348,16,89,73,150,,101,NComp OO AUC (NCom),1,1,false,1,{},false,,false,false,true,true,false,true,true,false,false,false,false,false,false,false,"{""""}",true,,true,false,
349,16,147,73,151,,101,Ttl OO AUC (NCom),1,1,false,1,{},false,,false,false,true,true,false,true,true,false,false,false,false,false,false,false,"{""""}",true,,true,false,
350,16,4,73,154,,101,Comp Inv Adj U,1,1,false,1,{},false,,true,false,true,true,true,true,true,false,true,true,false,false,false,false,"{""""}",true,,true,false,
351,16,60,73,155,,101,NComp Inv Adj U,1,1,false,1,{},false,,true,false,true,true,false,true,true,false,true,true,false,false,false,false,"{""""}",true,,true,false,
352,16,115,73,156,,101,Ttl Inv Adj U,1,1,false,1,{},false,,false,false,true,true,false,true,true,false,true,false,false,false,false,false,"{""""}",true,,true,false,
353,16,2,73,157,,101,Comp Inv Adj Cst,1,1,false,1,{},true,,true,false,true,true,false,true,true,false,true,true,false,false,false,false,"{""""}",true,,true,false,
354,16,58,73,158,,101,NComp Inv Adj Cst,1,1,false,1,{},false,,true,false,true,true,false,true,true,false,true,true,false,false,false,false,"{""""}",true,,true,false,
355,16,113,73,159,,101,Ttl Inv Adj Cst,1,1,false,1,{},false,,false,false,true,true,false,true,true,false,true,false,false,false,false,false,"{""""}",true,,true,false,
356,16,1,73,162,,101,Comp Inv Adj AUC,1,1,false,1,{},true,,true,false,true,true,false,true,true,false,false,false,false,false,false,false,"{""""}",true,,true,false,
357,16,57,73,163,,101,NComp Inv Adj AUC,1,1,false,1,{},false,,true,false,true,true,false,true,true,false,false,false,false,false,false,false,"{""""}",true,,true,false,
358,16,112,73,164,,101,Ttl Inv Adj AUC,1,1,false,1,{},false,,false,false,true,true,false,true,true,false,false,false,false,false,false,false,"{""""}",true,,true,false,
359,16,181,73,171,,101,Comp EOH Cst OP,1,1,false,1,{},false,,false,false,false,false,false,true,false,false,true,false,false,false,false,false,"{""""}",true,,true,false,
360,16,78,73,172,,101,NComp EOH Cst OP,1,1,false,1,{},false,,false,false,false,false,false,true,false,false,true,false,false,false,false,false,"{""""}",true,,true,false,
361,16,133,73,173,,101,Ttl EOH Cst OP,1,1,false,1,{},false,,false,false,false,false,false,true,false,false,true,false,false,false,false,false,"{""""}",true,,true,false,
362,16,21,73,176,,101,Comp EOH Cst LF,1,1,false,1,{},false,,false,false,false,false,false,true,false,false,true,false,false,false,false,false,"{""""}",true,,true,false,
363,16,77,73,177,,101,NComp EOH Cst LF,1,1,false,1,{},false,,false,false,false,false,false,true,false,false,true,false,false,false,false,false,"{""""}",true,,true,false,
364,16,132,73,178,,101,Ttl EOH Cst LF,1,1,false,1,{},false,,false,false,false,false,false,true,false,false,true,false,false,false,false,false,"{""""}",true,,true,false,
365,16,176,73,181,,101,Comp OTB $ (WF vs OP),1,1,false,1,{},false,,false,false,false,false,false,true,false,false,true,false,false,false,false,false,"{""""}",true,,true,false,
366,16,178,73,182,,101,NComp OTB $ (WF vs OP),1,1,false,1,{},false,,false,false,false,false,false,true,false,false,true,false,false,false,false,false,"{""""}",true,,true,false,
367,16,180,73,183,,101,Ttl OTB $ (WF vs OP),1,1,false,1,{},false,,false,false,false,false,false,true,false,false,true,false,false,false,false,false,"{""""}",true,,true,false,
368,16,175,73,184,,101,Comp OTB $ (WF vs LF),1,1,false,1,{},false,,false,false,false,false,false,true,false,false,true,false,false,false,false,false,"{""""}",true,,true,false,
369,16,177,73,185,,101,NComp OTB $ (WF vs LF),1,1,false,1,{},false,,false,false,false,false,false,true,false,false,true,false,false,false,false,false,"{""""}",true,,true,false,
370,16,179,73,186,,101,Ttl OTB $ (WF vs LF),1,1,false,1,{},false,,false,false,false,false,false,true,false,false,true,false,false,false,false,false,"{""""}",true,,true,false,
371,16,51,73,191,,101,Comp Store Instock Facings,1,1,false,1,{},false,,false,false,true,true,false,true,true,false,true,false,false,false,false,false,"{""""}",true,,true,false,
372,16,106,73,192,,101,NComp Store Instock Facings,1,1,false,1,{},false,,false,false,true,true,false,true,true,false,true,false,false,false,false,false,"{""""}",true,,true,false,
373,16,166,73,193,,101,Ttl Store Instock Facings,1,1,false,1,{},false,,false,false,true,true,false,true,true,false,true,false,false,false,false,false,"{""""}",true,,true,false,
374,16,52,73,194,,101,Comp Store Total Facings,1,1,false,1,{},false,,false,false,true,true,false,true,true,false,true,false,false,false,false,false,"{""""}",true,,true,false,
375,16,107,73,195,,101,NComp Store Total Facings,1,1,false,1,{},false,,false,false,true,true,false,true,true,false,true,false,false,false,false,false,"{""""}",true,,true,false,
376,16,167,73,196,,101,Ttl Store Total Facings,1,1,false,1,{},false,,false,false,true,true,false,true,true,false,true,false,false,false,false,false,"{""""}",true,,true,false,
377,16,258,73,197,,101,Comp CH BOH U IMP,1,1,false,1,{},true,,false,false,true,false,false,true,false,false,true,false,false,false,false,false,"{""""}",true,,true,false,
378,16,259,73,198,,101,Ttl CH BOH U IMP,1,1,false,1,{},false,,false,false,true,false,false,true,false,false,true,false,false,false,false,false,"{""""}",true,,true,false,
379,16,262,73,201,,101,Comp CH BOH Cst IMP,1,1,false,1,{},true,,false,false,true,false,false,true,false,false,true,false,false,false,false,false,"{""""}",true,,true,false,
380,16,263,73,202,,101,Ttl CH BOH Cst IMP,1,1,false,1,{},false,,false,false,true,false,false,true,false,false,true,false,false,false,false,false,"{""""}",true,,true,false,
381,16,264,73,203,,101,Comp CH BOH U,1,1,false,1,{},false,,false,false,true,false,false,true,false,false,true,false,false,false,false,false,"{""""}",true,,true,false,
382,16,265,73,204,,101,Ttl CH BOH U,1,1,false,1,{},false,,false,false,true,false,false,true,false,false,true,false,false,false,false,false,"{""""}",true,,true,false,
383,16,266,73,205,,101,Comp CH BOH Cst,1,1,false,1,{},false,,false,false,true,false,false,true,false,false,true,false,false,false,false,false,"{""""}",true,,true,false,
384,16,267,73,206,,101,Ttl CH BOH Cst,1,1,false,1,{},false,,false,false,true,false,false,true,false,false,true,false,false,false,false,false,"{""""}",true,,true,false,
385,16,270,73,209,,101,Comp CH EOH U IMP,1,1,false,1,{},true,,false,false,true,false,false,true,false,false,true,false,false,false,false,false,"{""""}",true,,true,false,
386,16,271,73,210,,101,Ttl CH EOH U IMP,1,1,false,1,{},false,,false,false,true,false,false,true,false,false,true,false,false,false,false,false,"{""""}",true,,true,false,
387,16,274,73,213,,101,Comp CH EOH Cst IMP,1,1,false,1,{},true,,false,false,true,false,false,true,false,false,true,false,false,false,false,false,"{""""}",true,,true,false,
388,16,275,73,214,,101,Ttl CH EOH Cst IMP,1,1,false,1,{},false,,false,false,true,false,false,true,false,false,true,false,false,false,false,false,"{""""}",true,,true,false,
389,16,276,73,215,,101,Comp CH EOH U,1,1,false,1,{},false,,false,false,true,false,false,true,false,false,true,false,false,false,false,false,"{""""}",true,,true,false,
390,16,277,73,216,,101,Ttl CH EOH U,1,1,false,1,{},false,,false,false,true,false,false,true,false,false,true,false,false,false,false,false,"{""""}",true,,true,false,
391,16,278,73,217,,101,Comp CH EOH Cst,1,1,false,1,{},false,,false,false,true,false,false,true,false,false,true,false,false,false,false,false,"{""""}",true,,true,false,
392,16,279,73,218,,101,Ttl CH EOH Cst,1,1,false,1,{},false,,false,false,true,false,false,true,false,false,true,false,false,false,false,false,"{""""}",true,,true,false,
393,16,282,73,221,,101,Comp CH Est Res Rec %,1,1,false,1,{},true,,true,false,true,true,true,true,true,false,false,false,false,false,false,false,"{""""}",true,,true,false,
394,16,283,73,222,,101,Ttl CH Est Res Rec %,1,1,false,1,{},false,,false,false,true,true,false,true,true,false,false,false,false,false,false,false,"{""""}",true,,true,false,
395,16,284,73,223,,101,Comp CH Est Res Rec U,1,1,false,1,{},false,,false,false,true,true,false,true,true,false,true,false,false,false,false,false,"{""""}",true,,true,false,
396,16,285,73,224,,101,Ttl CH Est Res Rec U,1,1,false,1,{},false,,false,false,true,true,false,true,true,false,true,false,false,false,false,false,"{""""}",true,,true,false,
397,16,286,73,225,,101,Comp CH Est Res Rec Cst,1,1,false,1,{},false,,false,false,true,true,false,true,true,false,true,false,false,false,false,false,"{""""}",true,,true,false,
398,16,287,73,226,,101,Ttl CH Est Res Rec Cst,1,1,false,1,{},false,,false,false,true,true,false,true,true,false,true,false,false,false,false,false,"{""""}",true,,true,false,
399,16,288,73,227,,101,Comp Est 3rd Pty Rec %,1,1,false,1,{},true,,true,false,true,true,true,true,true,false,false,false,false,false,false,false,"{""""}",true,,true,false,
400,16,289,73,228,,101,Ttl Est 3rd Pty Rec %,1,1,false,1,{},false,,false,false,true,true,false,true,true,false,false,false,false,false,false,false,"{""""}",true,,true,false,
401,16,290,73,229,,101,Comp Est 3rd Pty Rec U,1,1,false,1,{},false,,false,false,true,true,false,true,true,false,true,false,false,false,false,false,"{""""}",true,,true,false,
402,16,291,73,230,,101,Ttl Est 3rd Pty Rec U,1,1,false,1,{},false,,false,false,true,true,false,true,true,false,true,false,false,false,false,false,"{""""}",true,,true,false,
403,16,292,73,231,,101,Comp Est 3rd Pty Rec Cst,1,1,false,1,{},false,,false,false,true,true,false,true,true,false,true,false,false,false,false,false,"{""""}",true,,true,false,
404,16,293,73,232,,101,Ttl Est 3rd Pty Rec Cst,1,1,false,1,{},false,,false,false,true,true,false,true,true,false,true,false,false,false,false,false,"{""""}",true,,true,false,
405,16,294,73,233,,101,Comp Est Bypass Rec %,1,1,false,1,{},true,,true,false,true,true,true,true,true,false,false,false,false,false,false,false,"{""""}",true,,true,false,
406,16,295,73,234,,101,Ttl Est Bypass Rec %,1,1,false,1,{},false,,false,false,true,true,false,true,true,false,false,false,false,false,false,false,"{""""}",true,,true,false,
407,16,296,73,235,,101,Comp Est Bypass Rec U,1,1,false,1,{},false,,false,false,true,true,false,true,true,false,true,false,false,false,false,false,"{""""}",true,,true,false,
408,16,297,73,236,,101,Ttl Est Bypass Rec U,1,1,false,1,{},false,,false,false,true,true,false,true,true,false,true,false,false,false,false,false,"{""""}",true,,true,false,
409,16,298,73,237,,101,Comp Est Bypass Rec Cst,1,1,false,1,{},false,,false,false,true,true,false,true,true,false,true,false,false,false,false,false,"{""""}",true,,true,false,
410,16,299,73,238,,101,Ttl Est Bypass Rec Cst,1,1,false,1,{},false,,false,false,true,true,false,true,true,false,true,false,false,false,false,false,"{""""}",true,,true,false,
411,16,300,73,239,,101,Comp CH Ttl Rct U,1,1,false,1,{},true,,false,false,true,false,false,true,false,false,true,false,false,false,false,false,"{""""}",true,,true,false,
412,16,301,73,240,,101,Ttl CH Ttl Rct U,1,1,false,1,{},false,,false,false,true,false,false,true,false,false,true,false,false,false,false,false,"{""""}",true,,true,false,
413,16,302,73,241,,101,Comp CH Ttl Rct Cst,1,1,false,1,{},true,,false,false,true,false,false,true,false,false,true,false,false,false,false,false,"{""""}",true,,true,false,
414,16,303,73,242,,101,Ttl CH Ttl Rct Cst,1,1,false,1,{},false,,false,false,true,false,false,true,false,false,true,false,false,false,false,false,"{""""}",true,,true,false,
415,9,42,74,1,,101,Comp Sls U,1,1,false,1,{},true,,false,false,true,true,true,true,true,true,true,false,false,false,false,false,"{""""}",true,,true,false,
416,9,98,74,2,,101,NComp Sls U,1,1,false,1,{},false,,false,false,true,true,true,true,true,true,true,false,false,false,false,false,"{""""}",true,,true,false,
417,9,157,74,3,,101,Ttl Sls U,1,1,false,1,{},false,,false,false,true,true,false,true,true,false,true,false,false,false,false,false,"{""""}",true,,true,false,
418,9,49,74,4,,101,Comp Sls $,1,1,false,1,{},true,,false,false,true,true,true,true,true,true,true,false,false,false,false,false,"{""""}",true,,true,false,
419,9,104,74,5,,101,NComp Sls $,1,1,false,1,{},false,,false,false,true,true,true,true,true,true,true,false,false,false,false,false,"{""""}",true,,true,false,
420,9,164,74,6,,101,Ttl Sls $,1,1,false,1,{},false,,false,false,true,true,false,true,true,false,true,false,false,false,false,false,"{""""}",true,,true,false,
421,9,7,74,7,,101,Comp AUR,1,1,false,1,{},true,,false,false,true,true,true,true,true,false,false,false,false,false,false,false,"{""""}",true,,true,false,
422,9,63,74,8,,101,NComp AUR,1,1,false,1,{},false,,false,false,true,true,true,true,true,false,false,false,false,false,false,false,"{""""}",true,,true,false,
423,9,118,74,9,,101,Ttl AUR,1,1,false,1,{},false,,false,false,true,true,false,true,true,false,false,false,false,false,false,false,"{""""}",true,,true,false,
424,9,17,74,12,,101,Comp COGS,1,1,false,1,{},false,,false,false,true,true,false,true,true,false,true,false,false,false,false,false,"{""""}",true,,true,false,
425,9,73,74,13,,101,NComp COGS,1,1,false,1,{},false,,false,false,true,true,false,true,true,false,true,false,false,false,false,false,"{""""}",true,,true,false,
426,9,128,74,14,,101,Ttl COGS,1,1,false,1,{},false,,false,false,true,true,false,true,true,false,true,false,false,false,false,false,"{""""}",true,,true,false,
427,9,184,74,15,,101,Comp Adj Cst,1,1,false,1,{},false,,false,false,true,true,false,true,true,false,true,false,false,false,false,false,"{""""}",true,,true,false,
428,9,185,74,16,,101,NComp Adj Cst,1,1,false,1,{},false,,false,false,true,true,false,true,true,false,true,false,false,false,false,false,"{""""}",true,,true,false,
429,9,186,74,17,,101,Ttl Adj Cst,1,1,false,1,{},false,,false,false,true,true,false,true,true,false,true,false,false,false,false,false,"{""""}",true,,true,false,
430,9,6,74,20,,101,Comp AUC,1,1,false,1,{},true,,false,false,true,true,false,true,true,false,false,false,false,false,false,false,"{""""}",true,,true,false,
431,9,62,74,21,,101,NComp AUC,1,1,false,1,{},false,,false,false,true,true,false,true,true,false,false,false,false,false,false,false,"{""""}",true,,true,false,
432,9,117,74,22,,101,Ttl AUC,1,1,false,1,{},false,,false,false,true,true,false,true,true,false,false,false,false,false,false,false,"{""""}",true,,true,false,
433,9,189,74,23,,101,Comp Adj AUC,1,1,false,1,{},false,,false,false,true,true,false,true,true,false,false,false,false,false,false,false,"{""""}",true,,true,false,
434,9,190,74,24,,101,NComp Adj AUC,1,1,false,1,{},false,,false,false,true,true,false,true,true,false,false,false,false,false,false,false,"{""""}",true,,true,false,
435,9,191,74,25,,101,Ttl Adj AUC,1,1,false,1,{},false,,false,false,true,true,false,true,true,false,false,false,false,false,false,false,"{""""}",true,,true,false,
436,9,192,74,26,,101,Comp AULC,1,1,false,1,{},false,,false,false,true,true,false,true,true,false,false,false,false,false,false,false,"{""""}",true,,true,false,
437,9,193,74,27,,101,Ttl AULC,1,1,false,1,{},false,,false,false,true,true,false,true,true,false,false,false,false,false,false,false,"{""""}",true,,true,false,
438,9,43,74,28,,101,Comp Sls U Build,1,1,false,1,{},false,,false,false,true,true,false,true,false,false,false,false,false,false,false,false,"{""""}",true,,true,false,
439,9,99,74,29,,101,NComp Sls U Build,1,1,false,1,{},false,,false,false,true,true,false,true,false,false,false,false,false,false,false,false,"{""""}",true,,true,false,
440,9,158,74,30,,101,Ttl Sls U Build,1,1,false,1,{},false,,false,false,true,true,false,true,false,false,false,false,false,false,false,false,"{""""}",true,,true,false,
441,9,18,74,31,,101,Comp Sls $ Build,1,1,false,1,{},false,,false,false,true,true,false,true,false,false,false,false,false,false,false,false,"{""""}",true,,true,false,
442,9,74,74,32,,101,NComp Sls $ Build,1,1,false,1,{},false,,false,false,true,true,false,true,false,false,false,false,false,false,false,false,"{""""}",true,,true,false,
443,9,129,74,33,,101,Ttl Sls $ Build,1,1,false,1,{},false,,false,false,true,true,false,true,false,false,false,false,false,false,false,false,"{""""}",true,,true,false,
444,9,28,72,34,,101,Comp GM $,1,1,false,1,{},true,,false,false,true,true,true,true,true,false,true,false,false,false,false,false,"{""""}",true,,true,false,
445,9,84,72,35,,101,NComp GM $,1,1,false,1,{},false,,false,false,true,true,true,true,true,false,true,false,false,false,false,false,"{""""}",true,,true,false,
446,9,142,72,36,,101,Ttl GM $,1,1,false,1,{},false,,false,false,true,true,false,true,true,false,true,false,false,false,false,false,"{""""}",true,,true,false,
447,9,29,72,37,,101,Comp GM %,1,1,false,1,{},true,,false,false,true,true,true,true,true,false,false,false,false,false,false,false,"{""""}",true,,true,false,
448,9,85,72,38,,101,NComp GM %,1,1,false,1,{},false,,false,false,true,true,true,true,true,false,false,false,false,false,false,false,"{""""}",true,,true,false,
449,9,143,72,39,,101,Ttl GM %,1,1,false,1,{},false,,false,false,true,true,false,true,true,false,false,false,false,false,false,false,"{""""}",true,,true,false,
450,9,194,72,40,,101,Comp Adj GM $,1,1,false,1,{},false,,false,false,true,true,false,true,true,false,true,false,false,false,false,false,"{""""}",true,,true,false,
451,9,195,72,41,,101,NComp Adj GM $,1,1,false,1,{},false,,false,false,true,true,false,true,true,false,true,false,false,false,false,false,"{""""}",true,,true,false,
452,9,196,72,42,,101,Ttl Adj GM $,1,1,false,1,{},false,,false,false,true,true,false,true,true,false,true,false,false,false,false,false,"{""""}",true,,true,false,
453,9,197,72,43,,101,Comp Adj GM %,1,1,false,1,{},false,,false,false,true,true,false,true,true,false,false,false,false,false,false,false,"{""""}",true,,true,false,
454,9,198,72,44,,101,NComp Adj GM %,1,1,false,1,{},false,,false,false,true,true,false,true,true,false,false,false,false,false,false,false,"{""""}",true,,true,false,
455,9,199,72,45,,101,Ttl Adj GM %,1,1,false,1,{},false,,false,false,true,true,false,true,true,false,false,false,false,false,false,false,"{""""}",true,,true,false,
456,9,23,72,46,,101,Comp GMROI,1,1,false,1,{},true,,false,false,true,true,false,true,false,false,false,false,false,false,false,false,"{""""}",true,,true,false,
457,9,80,72,47,,101,NComp GMROI,1,1,false,1,{},false,,false,false,true,true,false,true,false,false,false,false,false,false,false,false,"{""""}",true,,true,false,
458,9,137,72,48,,101,Ttl GMROI,1,1,false,1,{},false,,false,false,true,true,false,true,false,false,false,false,false,false,false,false,"{""""}",true,,true,false,
459,9,13,73,55,,101,Comp BOH U,1,1,false,1,{},false,,false,false,true,true,false,true,true,false,true,false,false,false,false,false,"{""""}",true,,true,false,
460,9,69,73,56,,101,NComp BOH U,1,1,false,1,{},false,,false,false,true,true,false,true,true,false,true,false,false,false,false,false,"{""""}",true,,true,false,
461,9,124,73,57,,101,Ttl BOH U,1,1,false,1,{},false,,false,false,true,true,false,true,true,false,true,false,false,false,false,false,"{""""}",true,,true,false,
462,9,11,73,58,,101,Comp BOH Cst,1,1,false,1,{},true,,false,false,true,true,false,true,true,false,true,false,false,false,false,false,"{""""}",true,,true,false,
463,9,67,73,59,,101,NComp BOH Cst,1,1,false,1,{},false,,false,false,true,true,false,true,true,false,true,false,false,false,false,false,"{""""}",true,,true,false,
464,9,122,73,60,,101,Ttl BOH Cst,1,1,false,1,{},false,,false,false,true,true,false,true,true,false,true,false,false,false,false,false,"{""""}",true,,true,false,
465,9,9,73,63,,101,Comp BOH AUC,1,1,false,1,{},true,,false,false,true,true,false,true,true,false,false,false,false,false,false,false,"{""""}",true,,true,false,
466,9,65,73,64,,101,NComp BOH AUC,1,1,false,1,{},false,,false,false,true,true,false,true,true,false,false,false,false,false,false,false,"{""""}",true,,true,false,
467,9,120,73,65,,101,Ttl BOH AUC,1,1,false,1,{},false,,false,false,true,true,false,true,true,false,false,false,false,false,false,false,"{""""}",true,,true,false,
468,9,22,73,68,,101,Comp EOH U,1,1,false,1,{},true,,false,false,true,true,false,true,true,false,true,false,false,false,false,false,"{""""}",true,,true,false,
469,9,79,73,69,,101,NComp EOH U,1,1,false,1,{},false,,false,false,true,true,false,true,true,false,true,false,false,false,false,false,"{""""}",true,,true,false,
470,9,135,73,70,,101,Ttl EOH U,1,1,false,1,{},false,,false,false,true,true,false,true,true,false,true,false,false,false,false,false,"{""""}",true,,true,false,
471,9,20,73,71,,101,Comp EOH Cst,1,1,false,1,{},true,,false,false,true,true,false,true,true,false,true,false,false,false,false,false,"{""""}",true,,true,false,
472,9,76,73,72,,101,NComp EOH Cst,1,1,false,1,{},false,,false,false,true,true,false,true,true,false,true,false,false,false,false,false,"{""""}",true,,true,false,
473,9,131,73,73,,101,Ttl EOH Cst,1,1,false,1,{},false,,false,false,true,true,false,true,true,false,true,false,false,false,false,false,"{""""}",true,,true,false,
474,9,19,73,76,,101,Comp EOH AUC,1,1,false,1,{},true,,false,false,true,true,false,true,true,false,false,false,false,false,false,false,"{""""}",true,,true,false,
475,9,75,73,77,,101,NComp EOH AUC,1,1,false,1,{},false,,false,false,true,true,false,true,true,false,false,false,false,false,false,false,"{""""}",true,,true,false,
476,9,130,73,78,,101,Ttl EOH AUC,1,1,false,1,{},false,,false,false,true,true,false,true,true,false,false,false,false,false,false,false,"{""""}",true,,true,false,
477,9,8,73,81,,101,Comp Avg Inv,1,1,false,1,{},false,,false,false,true,true,false,true,true,false,false,false,false,false,false,false,"{""""}",true,,true,false,
478,9,64,73,82,,101,NComp Avg Inv,1,1,false,1,{},false,,false,false,true,true,false,true,true,false,false,false,false,false,false,false,"{""""}",true,,true,false,
479,9,119,73,83,,101,Ttl Avg Inv,1,1,false,1,{},false,,false,false,true,true,false,true,true,false,false,false,false,false,false,false,"{""""}",true,,true,false,
480,9,50,73,84,,101,Comp ST%,1,1,false,1,{},false,,false,false,true,true,false,true,false,false,false,false,false,false,false,false,"{""""}",true,,true,false,
481,9,105,73,85,,101,NComp ST%,1,1,false,1,{},false,,false,false,true,true,false,true,false,false,false,false,false,false,false,false,"{""""}",true,,true,false,
482,9,165,73,86,,101,Ttl ST%,1,1,false,1,{},false,,false,false,true,true,false,true,false,false,false,false,false,false,false,false,"{""""}",true,,true,false,
483,9,56,73,87,,101,Comp WOS,1,1,false,1,{},true,,false,false,true,true,false,true,false,false,false,false,false,false,false,false,"{""""}",true,,true,false,
484,9,111,73,88,,101,NComp WOS,1,1,false,1,{},false,,false,false,true,true,false,true,false,false,false,false,false,false,false,false,"{""""}",true,,true,false,
485,9,171,73,89,,101,Ttl WOS,1,1,false,1,{},false,,false,false,true,true,false,true,false,false,false,false,false,false,false,false,"{""""}",true,,true,false,
486,9,24,73,90,,101,Comp In Stock %,1,1,false,1,{},false,,false,false,true,true,false,true,true,false,false,false,false,false,false,false,"{""""}",true,,true,false,
487,9,81,73,91,,101,NComp In Stock %,1,1,false,1,{},false,,false,false,true,true,false,true,true,false,false,false,false,false,false,false,"{""""}",true,,true,false,
488,9,138,73,92,,101,Ttl In Stock %,1,1,false,1,{},false,,false,false,true,true,false,true,true,false,false,false,false,false,false,false,"{""""}",true,,true,false,
489,9,47,73,93,,101,Comp Rct U,1,1,false,1,{},true,,false,false,true,true,true,true,true,false,true,false,false,false,false,false,"{""""}",true,,true,false,
490,9,103,73,94,,101,NComp Rct U,1,1,false,1,{},false,,false,false,true,true,true,true,true,false,true,false,false,false,false,false,"{""""}",true,,true,false,
491,9,162,73,95,,101,Ttl Rct U,1,1,false,1,{},false,,false,false,true,true,false,true,true,false,true,false,false,false,false,false,"{""""}",true,,true,false,
492,9,45,73,96,,101,Comp Rct Cst,1,1,false,1,{},true,,false,false,true,true,true,true,true,false,true,false,false,false,false,false,"{""""}",true,,true,false,
493,9,101,73,97,,101,NComp Rct Cst,1,1,false,1,{},false,,false,false,true,true,true,true,true,false,true,false,false,false,false,false,"{""""}",true,,true,false,
494,9,160,73,98,,101,Ttl Rct Cst,1,1,false,1,{},false,,false,false,true,true,false,true,true,false,true,false,false,false,false,false,"{""""}",true,,true,false,
495,9,44,73,101,,101,Comp Rct AUC,1,1,false,1,{},false,,false,false,true,true,true,true,true,false,false,false,false,false,false,false,"{""""}",true,,true,false,
496,9,100,73,102,,101,NComp Rct AUC,1,1,false,1,{},false,,false,false,true,true,true,true,true,false,false,false,false,false,false,false,"{""""}",true,,true,false,
497,9,159,73,103,,101,Ttl Rct AUC,1,1,false,1,{},false,,false,false,true,true,false,true,true,false,false,false,false,false,false,false,"{""""}",true,,true,false,
498,9,55,73,122,,101,Comp Turn U,1,1,false,1,{},false,,false,false,true,true,false,true,false,false,false,false,false,false,false,false,"{""""}",true,,true,false,
499,9,110,73,123,,101,NComp Turn U,1,1,false,1,{},false,,false,false,true,true,false,true,false,false,false,false,false,false,false,false,"{""""}",true,,true,false,
500,9,170,73,124,,101,Ttl Turn U,1,1,false,1,{},false,,false,false,true,true,false,true,false,false,false,false,false,false,false,false,"{""""}",true,,true,false,
501,9,53,73,125,,101,Comp Turn Cst,1,1,false,1,{},true,,false,false,true,true,false,true,false,false,false,false,false,false,false,false,"{""""}",true,,true,false,
502,9,108,73,126,,101,NComp Turn Cst,1,1,false,1,{},false,,false,false,true,true,false,true,false,false,false,false,false,false,false,false,"{""""}",true,,true,false,
503,9,168,73,127,,101,Ttl Turn Cst,1,1,false,1,{},false,,false,false,true,true,false,true,false,false,false,false,false,false,false,false,"{""""}",true,,true,false,
504,9,40,73,128,,101,Comp OO U (Com),1,1,false,1,{},true,,false,false,true,true,false,true,true,false,true,false,false,false,false,false,"{""""}",true,,true,false,
505,9,96,73,129,,101,NComp OO U (Com),1,1,false,1,{},false,,false,false,true,true,false,true,true,false,true,false,false,false,false,false,"{""""}",true,,true,false,
506,9,155,73,130,,101,Ttl OO U (Com),1,1,false,1,{},false,,false,false,true,true,false,true,true,false,true,false,false,false,false,false,"{""""}",true,,true,false,
507,9,36,73,131,,101,Comp OO Cst (Com),1,1,false,1,{},true,,false,false,true,true,false,true,true,false,true,false,false,false,false,false,"{""""}",true,,true,false,
508,9,92,73,132,,101,NComp OO Cst (Com),1,1,false,1,{},false,,false,false,true,true,false,true,true,false,true,false,false,false,false,false,"{""""}",true,,true,false,
509,9,151,73,133,,101,Ttl OO Cst (Com),1,1,false,1,{},false,,false,false,true,true,false,true,true,false,true,false,false,false,false,false,"{""""}",true,,true,false,
510,9,34,73,136,,101,Comp OO AUC (Com),1,1,false,1,{},true,,false,false,true,true,false,true,true,false,false,false,false,false,false,false,"{""""}",true,,true,false,
511,9,90,73,137,,101,NComp OO AUC (Com),1,1,false,1,{},false,,false,false,true,true,false,true,true,false,false,false,false,false,false,false,"{""""}",true,,true,false,
512,9,148,73,138,,101,Ttl OO AUC (Com),1,1,false,1,{},false,,false,false,true,true,false,true,true,false,false,false,false,false,false,false,"{""""}",true,,true,false,
513,9,39,73,141,,101,Comp OO U (NCom),1,1,false,1,{},true,,false,false,true,true,false,true,true,false,true,false,false,false,false,false,"{""""}",true,,true,false,
514,9,95,73,142,,101,NComp OO U (NCom),1,1,false,1,{},false,,false,false,true,true,false,true,true,false,true,false,false,false,false,false,"{""""}",true,,true,false,
515,9,154,73,143,,101,Ttl OO U (NCom),1,1,false,1,{},false,,false,false,true,true,false,true,true,false,true,false,false,false,false,false,"{""""}",true,,true,false,
516,9,35,73,144,,101,Comp OO Cst (NCom),1,1,false,1,{},true,,false,false,true,true,false,true,true,false,true,false,false,false,false,false,"{""""}",true,,true,false,
517,9,91,73,145,,101,NComp OO Cst (NCom),1,1,false,1,{},false,,false,false,true,true,false,true,true,false,true,false,false,false,false,false,"{""""}",true,,true,false,
518,9,150,73,146,,101,Ttl OO Cst (NCom),1,1,false,1,{},false,,false,false,true,true,false,true,true,false,true,false,false,false,false,false,"{""""}",true,,true,false,
519,9,33,73,149,,101,Comp OO AUC (NCom),1,1,false,1,{},true,,false,false,true,true,false,true,true,false,false,false,false,false,false,false,"{""""}",true,,true,false,
520,9,89,73,150,,101,NComp OO AUC (NCom),1,1,false,1,{},false,,false,false,true,true,false,true,true,false,false,false,false,false,false,false,"{""""}",true,,true,false,
521,9,147,73,151,,101,Ttl OO AUC (NCom),1,1,false,1,{},false,,false,false,true,true,false,true,true,false,false,false,false,false,false,false,"{""""}",true,,true,false,
522,9,4,73,154,,101,Comp Inv Adj U,1,1,false,1,{},false,,false,false,true,true,true,true,true,false,true,false,false,false,false,false,"{""""}",true,,true,false,
523,9,60,73,155,,101,NComp Inv Adj U,1,1,false,1,{},false,,false,false,true,true,false,true,true,false,true,false,false,false,false,false,"{""""}",true,,true,false,
524,9,115,73,156,,101,Ttl Inv Adj U,1,1,false,1,{},false,,false,false,true,true,false,true,true,false,true,false,false,false,false,false,"{""""}",true,,true,false,
525,9,2,73,157,,101,Comp Inv Adj Cst,1,1,false,1,{},true,,false,false,true,true,false,true,true,false,true,false,false,false,false,false,"{""""}",true,,true,false,
526,9,58,73,158,,101,NComp Inv Adj Cst,1,1,false,1,{},false,,false,false,true,true,false,true,true,false,true,false,false,false,false,false,"{""""}",true,,true,false,
527,9,113,73,159,,101,Ttl Inv Adj Cst,1,1,false,1,{},false,,false,false,true,true,false,true,true,false,true,false,false,false,false,false,"{""""}",true,,true,false,
528,9,1,73,162,,101,Comp Inv Adj AUC,1,1,false,1,{},true,,false,false,true,true,false,true,true,false,false,false,false,false,false,false,"{""""}",true,,true,false,
529,9,57,73,163,,101,NComp Inv Adj AUC,1,1,false,1,{},false,,false,false,true,true,false,true,true,false,false,false,false,false,false,false,"{""""}",true,,true,false,
530,9,112,73,164,,101,Ttl Inv Adj AUC,1,1,false,1,{},false,,false,false,true,true,false,true,true,false,false,false,false,false,false,false,"{""""}",true,,true,false,
531,9,181,73,171,,101,Comp EOH Cst OP,1,1,false,1,{},false,,false,false,false,false,false,true,false,false,true,false,false,false,false,false,"{""""}",true,,true,false,
532,9,78,73,172,,101,NComp EOH Cst OP,1,1,false,1,{},false,,false,false,false,false,false,true,false,false,true,false,false,false,false,false,"{""""}",true,,true,false,
533,9,133,73,173,,101,Ttl EOH Cst OP,1,1,false,1,{},false,,false,false,false,false,false,true,false,false,true,false,false,false,false,false,"{""""}",true,,true,false,
534,9,21,73,176,,101,Comp EOH Cst LF,1,1,false,1,{},false,,false,false,false,false,false,true,false,false,true,false,false,false,false,false,"{""""}",true,,true,false,
535,9,77,73,177,,101,NComp EOH Cst LF,1,1,false,1,{},false,,false,false,false,false,false,true,false,false,true,false,false,false,false,false,"{""""}",true,,true,false,
536,9,132,73,178,,101,Ttl EOH Cst LF,1,1,false,1,{},false,,false,false,false,false,false,true,false,false,true,false,false,false,false,false,"{""""}",true,,true,false,
537,9,176,73,181,,101,Comp OTB $ (WF vs OP),1,1,false,1,{},false,,false,false,false,false,false,true,false,false,true,false,false,false,false,false,"{""""}",true,,true,false,
538,9,178,73,182,,101,NComp OTB $ (WF vs OP),1,1,false,1,{},false,,false,false,false,false,false,true,false,false,true,false,false,false,false,false,"{""""}",true,,true,false,
539,9,180,73,183,,101,Ttl OTB $ (WF vs OP),1,1,false,1,{},false,,false,false,false,false,false,true,false,false,true,false,false,false,false,false,"{""""}",true,,true,false,
540,9,175,73,184,,101,Comp OTB $ (WF vs LF),1,1,false,1,{},false,,false,false,false,false,false,true,false,false,true,false,false,false,false,false,"{""""}",true,,true,false,
541,9,177,73,185,,101,NComp OTB $ (WF vs LF),1,1,false,1,{},false,,false,false,false,false,false,true,false,false,true,false,false,false,false,false,"{""""}",true,,true,false,
542,9,179,73,186,,101,Ttl OTB $ (WF vs LF),1,1,false,1,{},false,,false,false,false,false,false,true,false,false,true,false,false,false,false,false,"{""""}",true,,true,false,
543,9,51,73,191,,101,Comp Store Instock Facings,1,1,false,1,{},false,,false,false,true,true,false,true,true,false,true,false,false,false,false,false,"{""""}",true,,true,false,
544,9,106,73,192,,101,NComp Store Instock Facings,1,1,false,1,{},false,,false,false,true,true,false,true,true,false,true,false,false,false,false,false,"{""""}",true,,true,false,
545,9,166,73,193,,101,Ttl Store Instock Facings,1,1,false,1,{},false,,false,false,true,true,false,true,true,false,true,false,false,false,false,false,"{""""}",true,,true,false,
546,9,52,73,194,,101,Comp Store Total Facings,1,1,false,1,{},false,,false,false,true,true,false,true,true,false,true,false,false,false,false,false,"{""""}",true,,true,false,
547,9,107,73,195,,101,NComp Store Total Facings,1,1,false,1,{},false,,false,false,true,true,false,true,true,false,true,false,false,false,false,false,"{""""}",true,,true,false,
548,9,167,73,196,,101,Ttl Store Total Facings,1,1,false,1,{},false,,false,false,true,true,false,true,true,false,true,false,false,false,false,false,"{""""}",true,,true,false,
549,9,258,73,197,,101,Comp CH BOH U IMP,1,1,false,1,{},true,,false,false,false,false,false,true,false,false,true,false,false,false,false,false,"{""""}",true,,true,false,
550,9,259,73,198,,101,Ttl CH BOH U IMP,1,1,false,1,{},false,,false,false,false,false,false,true,false,false,true,false,false,false,false,false,"{""""}",true,,true,false,
551,9,262,73,201,,101,Comp CH BOH Cst IMP,1,1,false,1,{},true,,false,false,false,false,false,true,false,false,true,false,false,false,false,false,"{""""}",true,,true,false,
552,9,263,73,202,,101,Ttl CH BOH Cst IMP,1,1,false,1,{},false,,false,false,false,false,false,true,false,false,true,false,false,false,false,false,"{""""}",true,,true,false,
553,9,264,73,203,,101,Comp CH BOH U,1,1,false,1,{},false,,false,false,false,false,false,true,false,false,true,false,false,false,false,false,"{""""}",true,,true,false,
554,9,265,73,204,,101,Ttl CH BOH U,1,1,false,1,{},false,,false,false,false,false,false,true,false,false,true,false,false,false,false,false,"{""""}",true,,true,false,
555,9,266,73,205,,101,Comp CH BOH Cst,1,1,false,1,{},false,,false,false,false,false,false,true,false,false,true,false,false,false,false,false,"{""""}",true,,true,false,
556,9,267,73,206,,101,Ttl CH BOH Cst,1,1,false,1,{},false,,false,false,false,false,false,true,false,false,true,false,false,false,false,false,"{""""}",true,,true,false,
557,9,270,73,209,,101,Comp CH EOH U IMP,1,1,false,1,{},true,,false,false,false,false,false,true,false,false,true,false,false,false,false,false,"{""""}",true,,true,false,
558,9,271,73,210,,101,Ttl CH EOH U IMP,1,1,false,1,{},false,,false,false,false,false,false,true,false,false,true,false,false,false,false,false,"{""""}",true,,true,false,
559,9,274,73,213,,101,Comp CH EOH Cst IMP,1,1,false,1,{},true,,false,false,false,false,false,true,false,false,true,false,false,false,false,false,"{""""}",true,,true,false,
560,9,275,73,214,,101,Ttl CH EOH Cst IMP,1,1,false,1,{},false,,false,false,false,false,false,true,false,false,true,false,false,false,false,false,"{""""}",true,,true,false,
561,9,276,73,215,,101,Comp CH EOH U,1,1,false,1,{},false,,false,false,false,false,false,true,false,false,true,false,false,false,false,false,"{""""}",true,,true,false,
562,9,277,73,216,,101,Ttl CH EOH U,1,1,false,1,{},false,,false,false,false,false,false,true,false,false,true,false,false,false,false,false,"{""""}",true,,true,false,
563,9,278,73,217,,101,Comp CH EOH Cst,1,1,false,1,{},false,,false,false,false,false,false,true,false,false,true,false,false,false,false,false,"{""""}",true,,true,false,
564,9,279,73,218,,101,Ttl CH EOH Cst,1,1,false,1,{},false,,false,false,false,false,false,true,false,false,true,false,false,false,false,false,"{""""}",true,,true,false,
565,9,282,73,221,,101,Comp CH Est Res Rec %,1,1,false,1,{},true,,false,false,true,true,true,true,true,false,false,false,false,false,false,false,"{""""}",true,,true,false,
566,9,283,73,222,,101,Ttl CH Est Res Rec %,1,1,false,1,{},false,,false,false,true,true,false,true,true,false,false,false,false,false,false,false,"{""""}",true,,true,false,
567,9,284,73,223,,101,Comp CH Est Res Rec U,1,1,false,1,{},false,,false,false,true,true,false,true,true,false,true,false,false,false,false,false,"{""""}",true,,true,false,
568,9,285,73,224,,101,Ttl CH Est Res Rec U,1,1,false,1,{},false,,false,false,true,true,false,true,true,false,true,false,false,false,false,false,"{""""}",true,,true,false,
569,9,286,73,225,,101,Comp CH Est Res Rec Cst,1,1,false,1,{},false,,false,false,true,true,false,true,true,false,true,false,false,false,false,false,"{""""}",true,,true,false,
570,9,287,73,226,,101,Ttl CH Est Res Rec Cst,1,1,false,1,{},false,,false,false,true,true,false,true,true,false,true,false,false,false,false,false,"{""""}",true,,true,false,
571,9,288,73,227,,101,Comp Est 3rd Pty Rec %,1,1,false,1,{},true,,false,false,true,true,true,true,true,false,false,false,false,false,false,false,"{""""}",true,,true,false,
572,9,289,73,228,,101,Ttl Est 3rd Pty Rec %,1,1,false,1,{},false,,false,false,true,true,false,true,true,false,false,false,false,false,false,false,"{""""}",true,,true,false,
573,9,290,73,229,,101,Comp Est 3rd Pty Rec U,1,1,false,1,{},false,,false,false,true,true,false,true,true,false,true,false,false,false,false,false,"{""""}",true,,true,false,
574,9,291,73,230,,101,Ttl Est 3rd Pty Rec U,1,1,false,1,{},false,,false,false,true,true,false,true,true,false,true,false,false,false,false,false,"{""""}",true,,true,false,
575,9,292,73,231,,101,Comp Est 3rd Pty Rec Cst,1,1,false,1,{},false,,false,false,true,true,false,true,true,false,true,false,false,false,false,false,"{""""}",true,,true,false,
576,9,293,73,232,,101,Ttl Est 3rd Pty Rec Cst,1,1,false,1,{},false,,false,false,true,true,false,true,true,false,true,false,false,false,false,false,"{""""}",true,,true,false,
577,9,294,73,233,,101,Comp Est Bypass Rec %,1,1,false,1,{},true,,false,false,true,true,true,true,true,false,false,false,false,false,false,false,"{""""}",true,,true,false,
578,9,295,73,234,,101,Ttl Est Bypass Rec %,1,1,false,1,{},false,,false,false,true,true,false,true,true,false,false,false,false,false,false,false,"{""""}",true,,true,false,
579,9,296,73,235,,101,Comp Est Bypass Rec U,1,1,false,1,{},false,,false,false,true,true,false,true,true,false,true,false,false,false,false,false,"{""""}",true,,true,false,
580,9,297,73,236,,101,Ttl Est Bypass Rec U,1,1,false,1,{},false,,false,false,true,true,false,true,true,false,true,false,false,false,false,false,"{""""}",true,,true,false,
581,9,298,73,237,,101,Comp Est Bypass Rec Cst,1,1,false,1,{},false,,false,false,true,true,false,true,true,false,true,false,false,false,false,false,"{""""}",true,,true,false,
582,9,299,73,238,,101,Ttl Est Bypass Rec Cst,1,1,false,1,{},false,,false,false,true,true,false,true,true,false,true,false,false,false,false,false,"{""""}",true,,true,false,
583,9,300,73,239,,101,Comp CH Ttl Rct U,1,1,false,1,{},true,,false,false,false,false,false,true,false,false,true,false,false,false,false,false,"{""""}",true,,true,false,
584,9,301,73,240,,101,Ttl CH Ttl Rct U,1,1,false,1,{},false,,false,false,false,false,false,true,false,false,true,false,false,false,false,false,"{""""}",true,,true,false,
585,9,302,73,241,,101,Comp CH Ttl Rct Cst,1,1,false,1,{},true,,false,false,false,false,false,true,false,false,true,false,false,false,false,false,"{""""}",true,,true,false,
586,9,303,73,242,,101,Ttl CH Ttl Rct Cst,1,1,false,1,{},false,,false,false,false,false,false,true,false,false,true,false,false,false,false,false,"{""""}",true,,true,false,
587,53,42,74,1,,101,Comp Sls U,1,1,false,1,{},true,,false,false,true,true,true,true,true,true,true,false,false,false,false,false,"{""""}",true,,true,false,
588,53,98,74,2,,101,NComp Sls U,1,1,false,1,{},false,,false,false,true,true,true,true,true,true,true,false,false,false,false,false,"{""""}",true,,true,false,
589,53,157,74,3,,101,Ttl Sls U,1,1,false,1,{},false,,false,false,true,true,false,true,true,false,true,false,false,false,false,false,"{""""}",true,,true,false,
590,53,49,74,4,,101,Comp Sls $,1,1,false,1,{},true,,false,false,true,true,true,true,true,true,true,false,false,false,false,false,"{""""}",true,,true,false,
591,53,104,74,5,,101,NComp Sls $,1,1,false,1,{},false,,false,false,true,true,true,true,true,true,true,false,false,false,false,false,"{""""}",true,,true,false,
592,53,164,74,6,,101,Ttl Sls $,1,1,false,1,{},false,,false,false,true,true,false,true,true,false,true,false,false,false,false,false,"{""""}",true,,true,false,
593,53,7,74,7,,101,Comp AUR,1,1,false,1,{},true,,false,false,true,true,true,true,true,false,false,false,false,false,false,false,"{""""}",true,,true,false,
594,53,63,74,8,,101,NComp AUR,1,1,false,1,{},false,,false,false,true,true,true,true,true,false,false,false,false,false,false,false,"{""""}",true,,true,false,
595,53,118,74,9,,101,Ttl AUR,1,1,false,1,{},false,,false,false,true,true,false,true,true,false,false,false,false,false,false,false,"{""""}",true,,true,false,
596,53,17,74,12,,101,Comp COGS,1,1,false,1,{},false,,false,false,true,true,false,true,true,false,true,false,false,false,false,false,"{""""}",true,,true,false,
597,53,73,74,13,,101,NComp COGS,1,1,false,1,{},false,,false,false,true,true,false,true,true,false,true,false,false,false,false,false,"{""""}",true,,true,false,
598,53,128,74,14,,101,Ttl COGS,1,1,false,1,{},false,,false,false,true,true,false,true,true,false,true,false,false,false,false,false,"{""""}",true,,true,false,
599,53,184,74,15,,101,Comp Adj Cst,1,1,false,1,{},false,,false,false,true,true,false,true,true,false,true,false,false,false,false,false,"{""""}",true,,true,false,
600,53,185,74,16,,101,NComp Adj Cst,1,1,false,1,{},false,,false,false,true,true,false,true,true,false,true,false,false,false,false,false,"{""""}",true,,true,false,
601,53,186,74,17,,101,Ttl Adj Cst,1,1,false,1,{},false,,false,false,true,true,false,true,true,false,true,false,false,false,false,false,"{""""}",true,,true,false,
602,53,6,74,20,,101,Comp AUC,1,1,false,1,{},true,,false,false,true,true,false,true,true,false,false,false,false,false,false,false,"{""""}",true,,true,false,
603,53,62,74,21,,101,NComp AUC,1,1,false,1,{},false,,false,false,true,true,false,true,true,false,false,false,false,false,false,false,"{""""}",true,,true,false,
604,53,117,74,22,,101,Ttl AUC,1,1,false,1,{},false,,false,false,true,true,false,true,true,false,false,false,false,false,false,false,"{""""}",true,,true,false,
605,53,189,74,23,,101,Comp Adj AUC,1,1,false,1,{},false,,false,false,true,true,false,true,true,false,false,false,false,false,false,false,"{""""}",true,,true,false,
606,53,190,74,24,,101,NComp Adj AUC,1,1,false,1,{},false,,false,false,true,true,false,true,true,false,false,false,false,false,false,false,"{""""}",true,,true,false,
607,53,191,74,25,,101,Ttl Adj AUC,1,1,false,1,{},false,,false,false,true,true,false,true,true,false,false,false,false,false,false,false,"{""""}",true,,true,false,
608,53,192,74,26,,101,Comp AULC,1,1,false,1,{},false,,false,false,true,true,false,true,true,false,false,false,false,false,false,false,"{""""}",true,,true,false,
609,53,193,74,27,,101,Ttl AULC,1,1,false,1,{},false,,false,false,true,true,false,true,true,false,false,false,false,false,false,false,"{""""}",true,,true,false,
610,53,43,74,28,,101,Comp Sls U Build,1,1,false,1,{},false,,false,false,true,true,false,true,false,false,false,false,false,false,false,false,"{""""}",true,,true,false,
611,53,99,74,29,,101,NComp Sls U Build,1,1,false,1,{},false,,false,false,true,true,false,true,false,false,false,false,false,false,false,false,"{""""}",true,,true,false,
612,53,158,74,30,,101,Ttl Sls U Build,1,1,false,1,{},false,,false,false,true,true,false,true,false,false,false,false,false,false,false,false,"{""""}",true,,true,false,
613,53,18,74,31,,101,Comp Sls $ Build,1,1,false,1,{},false,,false,false,true,true,false,true,false,false,false,false,false,false,false,false,"{""""}",true,,true,false,
614,53,74,74,32,,101,NComp Sls $ Build,1,1,false,1,{},false,,false,false,true,true,false,true,false,false,false,false,false,false,false,false,"{""""}",true,,true,false,
615,53,129,74,33,,101,Ttl Sls $ Build,1,1,false,1,{},false,,false,false,true,true,false,true,false,false,false,false,false,false,false,false,"{""""}",true,,true,false,
616,53,28,72,34,,101,Comp GM $,1,1,false,1,{},true,,false,false,true,true,true,true,true,false,true,false,false,false,false,false,"{""""}",true,,true,false,
617,53,84,72,35,,101,NComp GM $,1,1,false,1,{},false,,false,false,true,true,true,true,true,false,true,false,false,false,false,false,"{""""}",true,,true,false,
618,53,142,72,36,,101,Ttl GM $,1,1,false,1,{},false,,false,false,true,true,false,true,true,false,true,false,false,false,false,false,"{""""}",true,,true,false,
619,53,29,72,37,,101,Comp GM %,1,1,false,1,{},true,,false,false,true,true,true,true,true,false,false,false,false,false,false,false,"{""""}",true,,true,false,
620,53,85,72,38,,101,NComp GM %,1,1,false,1,{},false,,false,false,true,true,true,true,true,false,false,false,false,false,false,false,"{""""}",true,,true,false,
621,53,143,72,39,,101,Ttl GM %,1,1,false,1,{},false,,false,false,true,true,false,true,true,false,false,false,false,false,false,false,"{""""}",true,,true,false,
622,53,194,72,40,,101,Comp Adj GM $,1,1,false,1,{},false,,false,false,true,true,false,true,true,false,true,false,false,false,false,false,"{""""}",true,,true,false,
623,53,195,72,41,,101,NComp Adj GM $,1,1,false,1,{},false,,false,false,true,true,false,true,true,false,true,false,false,false,false,false,"{""""}",true,,true,false,
624,53,196,72,42,,101,Ttl Adj GM $,1,1,false,1,{},false,,false,false,true,true,false,true,true,false,true,false,false,false,false,false,"{""""}",true,,true,false,
625,53,197,72,43,,101,Comp Adj GM %,1,1,false,1,{},false,,false,false,true,true,false,true,true,false,false,false,false,false,false,false,"{""""}",true,,true,false,
626,53,198,72,44,,101,NComp Adj GM %,1,1,false,1,{},false,,false,false,true,true,false,true,true,false,false,false,false,false,false,false,"{""""}",true,,true,false,
627,53,199,72,45,,101,Ttl Adj GM %,1,1,false,1,{},false,,false,false,true,true,false,true,true,false,false,false,false,false,false,false,"{""""}",true,,true,false,
628,53,23,72,46,,101,Comp GMROI,1,1,false,1,{},true,,false,false,true,true,false,true,false,false,false,false,false,false,false,false,"{""""}",true,,true,false,
629,53,80,72,47,,101,NComp GMROI,1,1,false,1,{},false,,false,false,true,true,false,true,false,false,false,false,false,false,false,false,"{""""}",true,,true,false,
630,53,137,72,48,,101,Ttl GMROI,1,1,false,1,{},false,,false,false,true,true,false,true,false,false,false,false,false,false,false,false,"{""""}",true,,true,false,
631,53,13,73,55,,101,Comp BOH U,1,1,false,1,{},false,,false,false,true,true,false,true,true,false,true,false,false,false,false,false,"{""""}",true,,true,false,
632,53,69,73,56,,101,NComp BOH U,1,1,false,1,{},false,,false,false,true,true,false,true,true,false,true,false,false,false,false,false,"{""""}",true,,true,false,
633,53,124,73,57,,101,Ttl BOH U,1,1,false,1,{},false,,false,false,true,true,false,true,true,false,true,false,false,false,false,false,"{""""}",true,,true,false,
634,53,11,73,58,,101,Comp BOH Cst,1,1,false,1,{},true,,false,false,true,true,false,true,true,false,true,false,false,false,false,false,"{""""}",true,,true,false,
635,53,67,73,59,,101,NComp BOH Cst,1,1,false,1,{},false,,false,false,true,true,false,true,true,false,true,false,false,false,false,false,"{""""}",true,,true,false,
636,53,122,73,60,,101,Ttl BOH Cst,1,1,false,1,{},false,,false,false,true,true,false,true,true,false,true,false,false,false,false,false,"{""""}",true,,true,false,
637,53,9,73,63,,101,Comp BOH AUC,1,1,false,1,{},true,,false,false,true,true,false,true,true,false,false,false,false,false,false,false,"{""""}",true,,true,false,
638,53,65,73,64,,101,NComp BOH AUC,1,1,false,1,{},false,,false,false,true,true,false,true,true,false,false,false,false,false,false,false,"{""""}",true,,true,false,
639,53,120,73,65,,101,Ttl BOH AUC,1,1,false,1,{},false,,false,false,true,true,false,true,true,false,false,false,false,false,false,false,"{""""}",true,,true,false,
640,53,22,73,68,,101,Comp EOH U,1,1,false,1,{},true,,false,false,true,true,false,true,true,false,true,false,false,false,false,false,"{""""}",true,,true,false,
641,53,79,73,69,,101,NComp EOH U,1,1,false,1,{},false,,false,false,true,true,false,true,true,false,true,false,false,false,false,false,"{""""}",true,,true,false,
642,53,135,73,70,,101,Ttl EOH U,1,1,false,1,{},false,,false,false,true,true,false,true,true,false,true,false,false,false,false,false,"{""""}",true,,true,false,
643,53,20,73,71,,101,Comp EOH Cst,1,1,false,1,{},true,,false,false,true,true,false,true,true,false,true,false,false,false,false,false,"{""""}",true,,true,false,
644,53,76,73,72,,101,NComp EOH Cst,1,1,false,1,{},false,,false,false,true,true,false,true,true,false,true,false,false,false,false,false,"{""""}",true,,true,false,
645,53,131,73,73,,101,Ttl EOH Cst,1,1,false,1,{},false,,false,false,true,true,false,true,true,false,true,false,false,false,false,false,"{""""}",true,,true,false,
646,53,19,73,76,,101,Comp EOH AUC,1,1,false,1,{},true,,false,false,true,true,false,true,true,false,false,false,false,false,false,false,"{""""}",true,,true,false,
647,53,75,73,77,,101,NComp EOH AUC,1,1,false,1,{},false,,false,false,true,true,false,true,true,false,false,false,false,false,false,false,"{""""}",true,,true,false,
648,53,130,73,78,,101,Ttl EOH AUC,1,1,false,1,{},false,,false,false,true,true,false,true,true,false,false,false,false,false,false,false,"{""""}",true,,true,false,
649,53,8,73,81,,101,Comp Avg Inv,1,1,false,1,{},false,,false,false,true,true,false,true,true,false,false,false,false,false,false,false,"{""""}",true,,true,false,
650,53,64,73,82,,101,NComp Avg Inv,1,1,false,1,{},false,,false,false,true,true,false,true,true,false,false,false,false,false,false,false,"{""""}",true,,true,false,
651,53,119,73,83,,101,Ttl Avg Inv,1,1,false,1,{},false,,false,false,true,true,false,true,true,false,false,false,false,false,false,false,"{""""}",true,,true,false,
652,53,50,73,84,,101,Comp ST%,1,1,false,1,{},false,,false,false,true,true,false,true,false,false,false,false,false,false,false,false,"{""""}",true,,true,false,
653,53,105,73,85,,101,NComp ST%,1,1,false,1,{},false,,false,false,true,true,false,true,false,false,false,false,false,false,false,false,"{""""}",true,,true,false,
654,53,165,73,86,,101,Ttl ST%,1,1,false,1,{},false,,false,false,true,true,false,true,false,false,false,false,false,false,false,false,"{""""}",true,,true,false,
655,53,56,73,87,,101,Comp WOS,1,1,false,1,{},true,,false,false,true,true,false,true,false,false,false,false,false,false,false,false,"{""""}",true,,true,false,
656,53,111,73,88,,101,NComp WOS,1,1,false,1,{},false,,false,false,true,true,false,true,false,false,false,false,false,false,false,false,"{""""}",true,,true,false,
657,53,171,73,89,,101,Ttl WOS,1,1,false,1,{},false,,false,false,true,true,false,true,false,false,false,false,false,false,false,false,"{""""}",true,,true,false,
658,53,24,73,90,,101,Comp In Stock %,1,1,false,1,{},false,,false,false,true,true,false,true,true,false,false,false,false,false,false,false,"{""""}",true,,true,false,
659,53,81,73,91,,101,NComp In Stock %,1,1,false,1,{},false,,false,false,true,true,false,true,true,false,false,false,false,false,false,false,"{""""}",true,,true,false,
660,53,138,73,92,,101,Ttl In Stock %,1,1,false,1,{},false,,false,false,true,true,false,true,true,false,false,false,false,false,false,false,"{""""}",true,,true,false,
661,53,47,73,93,,101,Comp Rct U,1,1,false,1,{},true,,false,false,true,true,true,true,true,false,true,false,false,false,false,false,"{""""}",true,,true,false,
662,53,103,73,94,,101,NComp Rct U,1,1,false,1,{},false,,false,false,true,true,true,true,true,false,true,false,false,false,false,false,"{""""}",true,,true,false,
663,53,162,73,95,,101,Ttl Rct U,1,1,false,1,{},false,,false,false,true,true,false,true,true,false,true,false,false,false,false,false,"{""""}",true,,true,false,
664,53,45,73,96,,101,Comp Rct Cst,1,1,false,1,{},true,,false,false,true,true,true,true,true,false,true,false,false,false,false,false,"{""""}",true,,true,false,
665,53,101,73,97,,101,NComp Rct Cst,1,1,false,1,{},false,,false,false,true,true,true,true,true,false,true,false,false,false,false,false,"{""""}",true,,true,false,
666,53,160,73,98,,101,Ttl Rct Cst,1,1,false,1,{},false,,false,false,true,true,false,true,true,false,true,false,false,false,false,false,"{""""}",true,,true,false,
667,53,44,73,101,,101,Comp Rct AUC,1,1,false,1,{},false,,false,false,true,true,true,true,true,false,false,false,false,false,false,false,"{""""}",true,,true,false,
668,53,100,73,102,,101,NComp Rct AUC,1,1,false,1,{},false,,false,false,true,true,true,true,true,false,false,false,false,false,false,false,"{""""}",true,,true,false,
669,53,159,73,103,,101,Ttl Rct AUC,1,1,false,1,{},false,,false,false,true,true,false,true,true,false,false,false,false,false,false,false,"{""""}",true,,true,false,
670,53,55,73,122,,101,Comp Turn U,1,1,false,1,{},false,,false,false,true,true,false,true,false,false,false,false,false,false,false,false,"{""""}",true,,true,false,
671,53,110,73,123,,101,NComp Turn U,1,1,false,1,{},false,,false,false,true,true,false,true,false,false,false,false,false,false,false,false,"{""""}",true,,true,false,
672,53,170,73,124,,101,Ttl Turn U,1,1,false,1,{},false,,false,false,true,true,false,true,false,false,false,false,false,false,false,false,"{""""}",true,,true,false,
673,53,53,73,125,,101,Comp Turn Cst,1,1,false,1,{},true,,false,false,true,true,false,true,false,false,false,false,false,false,false,false,"{""""}",true,,true,false,
674,53,108,73,126,,101,NComp Turn Cst,1,1,false,1,{},false,,false,false,true,true,false,true,false,false,false,false,false,false,false,false,"{""""}",true,,true,false,
675,53,168,73,127,,101,Ttl Turn Cst,1,1,false,1,{},false,,false,false,true,true,false,true,false,false,false,false,false,false,false,false,"{""""}",true,,true,false,
676,53,40,73,128,,101,Comp OO U (Com),1,1,false,1,{},true,,false,false,true,true,false,true,true,false,true,false,false,false,false,false,"{""""}",true,,true,false,
677,53,96,73,129,,101,NComp OO U (Com),1,1,false,1,{},false,,false,false,true,true,false,true,true,false,true,false,false,false,false,false,"{""""}",true,,true,false,
678,53,155,73,130,,101,Ttl OO U (Com),1,1,false,1,{},false,,false,false,true,true,false,true,true,false,true,false,false,false,false,false,"{""""}",true,,true,false,
679,53,36,73,131,,101,Comp OO Cst (Com),1,1,false,1,{},true,,false,false,true,true,false,true,true,false,true,false,false,false,false,false,"{""""}",true,,true,false,
680,53,92,73,132,,101,NComp OO Cst (Com),1,1,false,1,{},false,,false,false,true,true,false,true,true,false,true,false,false,false,false,false,"{""""}",true,,true,false,
681,53,151,73,133,,101,Ttl OO Cst (Com),1,1,false,1,{},false,,false,false,true,true,false,true,true,false,true,false,false,false,false,false,"{""""}",true,,true,false,
682,53,34,73,136,,101,Comp OO AUC (Com),1,1,false,1,{},true,,false,false,true,true,false,true,true,false,false,false,false,false,false,false,"{""""}",true,,true,false,
683,53,90,73,137,,101,NComp OO AUC (Com),1,1,false,1,{},false,,false,false,true,true,false,true,true,false,false,false,false,false,false,false,"{""""}",true,,true,false,
684,53,148,73,138,,101,Ttl OO AUC (Com),1,1,false,1,{},false,,false,false,true,true,false,true,true,false,false,false,false,false,false,false,"{""""}",true,,true,false,
685,53,39,73,141,,101,Comp OO U (NCom),1,1,false,1,{},true,,false,false,true,true,false,true,true,false,true,false,false,false,false,false,"{""""}",true,,true,false,
686,53,95,73,142,,101,NComp OO U (NCom),1,1,false,1,{},false,,false,false,true,true,false,true,true,false,true,false,false,false,false,false,"{""""}",true,,true,false,
687,53,154,73,143,,101,Ttl OO U (NCom),1,1,false,1,{},false,,false,false,true,true,false,true,true,false,true,false,false,false,false,false,"{""""}",true,,true,false,
688,53,35,73,144,,101,Comp OO Cst (NCom),1,1,false,1,{},true,,false,false,true,true,false,true,true,false,true,false,false,false,false,false,"{""""}",true,,true,false,
689,53,91,73,145,,101,NComp OO Cst (NCom),1,1,false,1,{},false,,false,false,true,true,false,true,true,false,true,false,false,false,false,false,"{""""}",true,,true,false,
690,53,150,73,146,,101,Ttl OO Cst (NCom),1,1,false,1,{},false,,false,false,true,true,false,true,true,false,true,false,false,false,false,false,"{""""}",true,,true,false,
691,53,33,73,149,,101,Comp OO AUC (NCom),1,1,false,1,{},true,,false,false,true,true,false,true,true,false,false,false,false,false,false,false,"{""""}",true,,true,false,
692,53,89,73,150,,101,NComp OO AUC (NCom),1,1,false,1,{},false,,false,false,true,true,false,true,true,false,false,false,false,false,false,false,"{""""}",true,,true,false,
693,53,147,73,151,,101,Ttl OO AUC (NCom),1,1,false,1,{},false,,false,false,true,true,false,true,true,false,false,false,false,false,false,false,"{""""}",true,,true,false,
694,53,4,73,154,,101,Comp Inv Adj U,1,1,false,1,{},false,,false,false,true,true,true,true,true,false,true,false,false,false,false,false,"{""""}",true,,true,false,
695,53,60,73,155,,101,NComp Inv Adj U,1,1,false,1,{},false,,false,false,true,true,false,true,true,false,true,false,false,false,false,false,"{""""}",true,,true,false,
696,53,115,73,156,,101,Ttl Inv Adj U,1,1,false,1,{},false,,false,false,true,true,false,true,true,false,true,false,false,false,false,false,"{""""}",true,,true,false,
697,53,2,73,157,,101,Comp Inv Adj Cst,1,1,false,1,{},true,,false,false,true,true,false,true,true,false,true,false,false,false,false,false,"{""""}",true,,true,false,
698,53,58,73,158,,101,NComp Inv Adj Cst,1,1,false,1,{},false,,false,false,true,true,false,true,true,false,true,false,false,false,false,false,"{""""}",true,,true,false,
699,53,113,73,159,,101,Ttl Inv Adj Cst,1,1,false,1,{},false,,false,false,true,true,false,true,true,false,true,false,false,false,false,false,"{""""}",true,,true,false,
700,53,1,73,162,,101,Comp Inv Adj AUC,1,1,false,1,{},true,,false,false,true,true,false,true,true,false,false,false,false,false,false,false,"{""""}",true,,true,false,
701,53,57,73,163,,101,NComp Inv Adj AUC,1,1,false,1,{},false,,false,false,true,true,false,true,true,false,false,false,false,false,false,false,"{""""}",true,,true,false,
702,53,112,73,164,,101,Ttl Inv Adj AUC,1,1,false,1,{},false,,false,false,true,true,false,true,true,false,false,false,false,false,false,false,"{""""}",true,,true,false,
703,53,181,73,171,,101,Comp EOH Cst OP,1,1,false,1,{},false,,false,false,false,false,false,true,false,false,true,false,false,false,false,false,"{""""}",true,,true,false,
704,53,78,73,172,,101,NComp EOH Cst OP,1,1,false,1,{},false,,false,false,false,false,false,true,false,false,true,false,false,false,false,false,"{""""}",true,,true,false,
705,53,133,73,173,,101,Ttl EOH Cst OP,1,1,false,1,{},false,,false,false,false,false,false,true,false,false,true,false,false,false,false,false,"{""""}",true,,true,false,
706,53,21,73,176,,101,Comp EOH Cst LF,1,1,false,1,{},false,,false,false,false,false,false,true,false,false,true,false,false,false,false,false,"{""""}",true,,true,false,
707,53,77,73,177,,101,NComp EOH Cst LF,1,1,false,1,{},false,,false,false,false,false,false,true,false,false,true,false,false,false,false,false,"{""""}",true,,true,false,
708,53,132,73,178,,101,Ttl EOH Cst LF,1,1,false,1,{},false,,false,false,false,false,false,true,false,false,true,false,false,false,false,false,"{""""}",true,,true,false,
709,53,176,73,181,,101,Comp OTB $ (WF vs OP),1,1,false,1,{},false,,false,false,false,false,false,true,false,false,true,false,false,false,false,false,"{""""}",true,,true,false,
710,53,178,73,182,,101,NComp OTB $ (WF vs OP),1,1,false,1,{},false,,false,false,false,false,false,true,false,false,true,false,false,false,false,false,"{""""}",true,,true,false,
711,53,180,73,183,,101,Ttl OTB $ (WF vs OP),1,1,false,1,{},false,,false,false,false,false,false,true,false,false,true,false,false,false,false,false,"{""""}",true,,true,false,
712,53,175,73,184,,101,Comp OTB $ (WF vs LF),1,1,false,1,{},false,,false,false,false,false,false,true,false,false,true,false,false,false,false,false,"{""""}",true,,true,false,
713,53,177,73,185,,101,NComp OTB $ (WF vs LF),1,1,false,1,{},false,,false,false,false,false,false,true,false,false,true,false,false,false,false,false,"{""""}",true,,true,false,
714,53,179,73,186,,101,Ttl OTB $ (WF vs LF),1,1,false,1,{},false,,false,false,false,false,false,true,false,false,true,false,false,false,false,false,"{""""}",true,,true,false,
715,53,51,73,191,,101,Comp Store Instock Facings,1,1,false,1,{},false,,false,false,true,true,false,true,true,false,true,false,false,false,false,false,"{""""}",true,,true,false,
716,53,106,73,192,,101,NComp Store Instock Facings,1,1,false,1,{},false,,false,false,true,true,false,true,true,false,true,false,false,false,false,false,"{""""}",true,,true,false,
717,53,166,73,193,,101,Ttl Store Instock Facings,1,1,false,1,{},false,,false,false,true,true,false,true,true,false,true,false,false,false,false,false,"{""""}",true,,true,false,
718,53,52,73,194,,101,Comp Store Total Facings,1,1,false,1,{},false,,false,false,true,true,false,true,true,false,true,false,false,false,false,false,"{""""}",true,,true,false,
719,53,107,73,195,,101,NComp Store Total Facings,1,1,false,1,{},false,,false,false,true,true,false,true,true,false,true,false,false,false,false,false,"{""""}",true,,true,false,
720,53,167,73,196,,101,Ttl Store Total Facings,1,1,false,1,{},false,,false,false,true,true,false,true,true,false,true,false,false,false,false,false,"{""""}",true,,true,false,
721,53,258,73,197,,101,Comp CH BOH U IMP,1,1,false,1,{},true,,false,false,false,false,false,true,false,false,true,false,false,false,false,false,"{""""}",true,,true,false,
722,53,259,73,198,,101,Ttl CH BOH U IMP,1,1,false,1,{},false,,false,false,false,false,false,true,false,false,true,false,false,false,false,false,"{""""}",true,,true,false,
723,53,262,73,201,,101,Comp CH BOH Cst IMP,1,1,false,1,{},true,,false,false,false,false,false,true,false,false,true,false,false,false,false,false,"{""""}",true,,true,false,
724,53,263,73,202,,101,Ttl CH BOH Cst IMP,1,1,false,1,{},false,,false,false,false,false,false,true,false,false,true,false,false,false,false,false,"{""""}",true,,true,false,
725,53,264,73,203,,101,Comp CH BOH U,1,1,false,1,{},false,,false,false,false,false,false,true,false,false,true,false,false,false,false,false,"{""""}",true,,true,false,
726,53,265,73,204,,101,Ttl CH BOH U,1,1,false,1,{},false,,false,false,false,false,false,true,false,false,true,false,false,false,false,false,"{""""}",true,,true,false,
727,53,266,73,205,,101,Comp CH BOH Cst,1,1,false,1,{},false,,false,false,false,false,false,true,false,false,true,false,false,false,false,false,"{""""}",true,,true,false,
728,53,267,73,206,,101,Ttl CH BOH Cst,1,1,false,1,{},false,,false,false,false,false,false,true,false,false,true,false,false,false,false,false,"{""""}",true,,true,false,
729,53,270,73,209,,101,Comp CH EOH U IMP,1,1,false,1,{},true,,false,false,false,false,false,true,false,false,true,false,false,false,false,false,"{""""}",true,,true,false,
730,53,271,73,210,,101,Ttl CH EOH U IMP,1,1,false,1,{},false,,false,false,false,false,false,true,false,false,true,false,false,false,false,false,"{""""}",true,,true,false,
731,53,274,73,213,,101,Comp CH EOH Cst IMP,1,1,false,1,{},true,,false,false,false,false,false,true,false,false,true,false,false,false,false,false,"{""""}",true,,true,false,
732,53,275,73,214,,101,Ttl CH EOH Cst IMP,1,1,false,1,{},false,,false,false,false,false,false,true,false,false,true,false,false,false,false,false,"{""""}",true,,true,false,
733,53,276,73,215,,101,Comp CH EOH U,1,1,false,1,{},false,,false,false,false,false,false,true,false,false,true,false,false,false,false,false,"{""""}",true,,true,false,
734,53,277,73,216,,101,Ttl CH EOH U,1,1,false,1,{},false,,false,false,false,false,false,true,false,false,true,false,false,false,false,false,"{""""}",true,,true,false,
735,53,278,73,217,,101,Comp CH EOH Cst,1,1,false,1,{},false,,false,false,false,false,false,true,false,false,true,false,false,false,false,false,"{""""}",true,,true,false,
736,53,279,73,218,,101,Ttl CH EOH Cst,1,1,false,1,{},false,,false,false,false,false,false,true,false,false,true,false,false,false,false,false,"{""""}",true,,true,false,
737,53,282,73,221,,101,Comp CH Est Res Rec %,1,1,false,1,{},true,,false,false,true,true,true,true,true,false,false,false,false,false,false,false,"{""""}",true,,true,false,
738,53,283,73,222,,101,Ttl CH Est Res Rec %,1,1,false,1,{},false,,false,false,true,true,false,true,true,false,false,false,false,false,false,false,"{""""}",true,,true,false,
739,53,284,73,223,,101,Comp CH Est Res Rec U,1,1,false,1,{},false,,false,false,true,true,false,true,true,false,true,false,false,false,false,false,"{""""}",true,,true,false,
740,53,285,73,224,,101,Ttl CH Est Res Rec U,1,1,false,1,{},false,,false,false,true,true,false,true,true,false,true,false,false,false,false,false,"{""""}",true,,true,false,
741,53,286,73,225,,101,Comp CH Est Res Rec Cst,1,1,false,1,{},false,,false,false,true,true,false,true,true,false,true,false,false,false,false,false,"{""""}",true,,true,false,
742,53,287,73,226,,101,Ttl CH Est Res Rec Cst,1,1,false,1,{},false,,false,false,true,true,false,true,true,false,true,false,false,false,false,false,"{""""}",true,,true,false,
743,53,288,73,227,,101,Comp Est 3rd Pty Rec %,1,1,false,1,{},true,,false,false,true,true,true,true,true,false,false,false,false,false,false,false,"{""""}",true,,true,false,
744,53,289,73,228,,101,Ttl Est 3rd Pty Rec %,1,1,false,1,{},false,,false,false,true,true,false,true,true,false,false,false,false,false,false,false,"{""""}",true,,true,false,
745,53,290,73,229,,101,Comp Est 3rd Pty Rec U,1,1,false,1,{},false,,false,false,true,true,false,true,true,false,true,false,false,false,false,false,"{""""}",true,,true,false,
746,53,291,73,230,,101,Ttl Est 3rd Pty Rec U,1,1,false,1,{},false,,false,false,true,true,false,true,true,false,true,false,false,false,false,false,"{""""}",true,,true,false,
747,53,292,73,231,,101,Comp Est 3rd Pty Rec Cst,1,1,false,1,{},false,,false,false,true,true,false,true,true,false,true,false,false,false,false,false,"{""""}",true,,true,false,
748,53,293,73,232,,101,Ttl Est 3rd Pty Rec Cst,1,1,false,1,{},false,,false,false,true,true,false,true,true,false,true,false,false,false,false,false,"{""""}",true,,true,false,
749,53,294,73,233,,101,Comp Est Bypass Rec %,1,1,false,1,{},true,,false,false,true,true,true,true,true,false,false,false,false,false,false,false,"{""""}",true,,true,false,
750,53,295,73,234,,101,Ttl Est Bypass Rec %,1,1,false,1,{},false,,false,false,true,true,false,true,true,false,false,false,false,false,false,false,"{""""}",true,,true,false,
751,53,296,73,235,,101,Comp Est Bypass Rec U,1,1,false,1,{},false,,false,false,true,true,false,true,true,false,true,false,false,false,false,false,"{""""}",true,,true,false,
752,53,297,73,236,,101,Ttl Est Bypass Rec U,1,1,false,1,{},false,,false,false,true,true,false,true,true,false,true,false,false,false,false,false,"{""""}",true,,true,false,
753,53,298,73,237,,101,Comp Est Bypass Rec Cst,1,1,false,1,{},false,,false,false,true,true,false,true,true,false,true,false,false,false,false,false,"{""""}",true,,true,false,
754,53,299,73,238,,101,Ttl Est Bypass Rec Cst,1,1,false,1,{},false,,false,false,true,true,false,true,true,false,true,false,false,false,false,false,"{""""}",true,,true,false,
755,53,300,73,239,,101,Comp CH Ttl Rct U,1,1,false,1,{},true,,false,false,false,false,false,true,false,false,true,false,false,false,false,false,"{""""}",true,,true,false,
756,53,301,73,240,,101,Ttl CH Ttl Rct U,1,1,false,1,{},false,,false,false,false,false,false,true,false,false,true,false,false,false,false,false,"{""""}",true,,true,false,
757,53,302,73,241,,101,Comp CH Ttl Rct Cst,1,1,false,1,{},true,,false,false,false,false,false,true,false,false,true,false,false,false,false,false,"{""""}",true,,true,false,
758,53,303,73,242,,101,Ttl CH Ttl Rct Cst,1,1,false,1,{},false,,false,false,false,false,false,true,false,false,true,false,false,false,false,false,"{""""}",true,,true,false,
759,23,42,74,1,,101,Comp Sls U,1,1,false,1,{},true,,false,false,true,true,true,true,true,true,true,false,false,false,false,false,"{""""}",true,,true,false,
760,23,98,74,2,,101,NComp Sls U,1,1,false,1,{},false,,false,false,true,true,true,true,true,true,true,false,false,false,false,false,"{""""}",true,,true,false,
761,23,157,74,3,,101,Ttl Sls U,1,1,false,1,{},false,,false,false,true,true,false,true,true,false,true,false,false,false,false,false,"{""""}",true,,true,false,
762,23,49,74,4,,101,Comp Sls $,1,1,false,1,{},true,,false,false,true,true,true,true,true,true,true,false,false,false,false,false,"{""""}",true,,true,false,
763,23,104,74,5,,101,NComp Sls $,1,1,false,1,{},false,,false,false,true,true,true,true,true,true,true,false,false,false,false,false,"{""""}",true,,true,false,
764,23,164,74,6,,101,Ttl Sls $,1,1,false,1,{},false,,false,false,true,true,false,true,true,false,true,false,false,false,false,false,"{""""}",true,,true,false,
765,23,7,74,7,,101,Comp AUR,1,1,false,1,{},true,,false,false,true,true,true,true,true,false,false,false,false,false,false,false,"{""""}",true,,true,false,
766,23,63,74,8,,101,NComp AUR,1,1,false,1,{},false,,false,false,true,true,true,true,true,false,false,false,false,false,false,false,"{""""}",true,,true,false,
767,23,118,74,9,,101,Ttl AUR,1,1,false,1,{},false,,false,false,true,true,false,true,true,false,false,false,false,false,false,false,"{""""}",true,,true,false,
768,23,17,74,12,,101,Comp COGS,1,1,false,1,{},false,,false,false,true,true,false,true,true,false,true,false,false,false,false,false,"{""""}",true,,true,false,
769,23,73,74,13,,101,NComp COGS,1,1,false,1,{},false,,false,false,true,true,false,true,true,false,true,false,false,false,false,false,"{""""}",true,,true,false,
770,23,128,74,14,,101,Ttl COGS,1,1,false,1,{},false,,false,false,true,true,false,true,true,false,true,false,false,false,false,false,"{""""}",true,,true,false,
771,23,184,74,15,,101,Comp Adj Cst,1,1,false,1,{},false,,false,false,true,true,false,true,true,false,true,false,false,false,false,false,"{""""}",true,,true,false,
772,23,185,74,16,,101,NComp Adj Cst,1,1,false,1,{},false,,false,false,true,true,false,true,true,false,true,false,false,false,false,false,"{""""}",true,,true,false,
773,23,186,74,17,,101,Ttl Adj Cst,1,1,false,1,{},false,,false,false,true,true,false,true,true,false,true,false,false,false,false,false,"{""""}",true,,true,false,
774,23,6,74,20,,101,Comp AUC,1,1,false,1,{},true,,false,false,true,true,false,true,true,false,false,false,false,false,false,false,"{""""}",true,,true,false,
775,23,62,74,21,,101,NComp AUC,1,1,false,1,{},false,,false,false,true,true,false,true,true,false,false,false,false,false,false,false,"{""""}",true,,true,false,
776,23,117,74,22,,101,Ttl AUC,1,1,false,1,{},false,,false,false,true,true,false,true,true,false,false,false,false,false,false,false,"{""""}",true,,true,false,
777,23,189,74,23,,101,Comp Adj AUC,1,1,false,1,{},false,,false,false,true,true,false,true,true,false,false,false,false,false,false,false,"{""""}",true,,true,false,
778,23,190,74,24,,101,NComp Adj AUC,1,1,false,1,{},false,,false,false,true,true,false,true,true,false,false,false,false,false,false,false,"{""""}",true,,true,false,
779,23,191,74,25,,101,Ttl Adj AUC,1,1,false,1,{},false,,false,false,true,true,false,true,true,false,false,false,false,false,false,false,"{""""}",true,,true,false,
780,23,192,74,26,,101,Comp AULC,1,1,false,1,{},false,,false,false,true,true,false,true,true,false,false,false,false,false,false,false,"{""""}",true,,true,false,
781,23,193,74,27,,101,Ttl AULC,1,1,false,1,{},false,,false,false,true,true,false,true,true,false,false,false,false,false,false,false,"{""""}",true,,true,false,
782,23,43,74,28,,101,Comp Sls U Build,1,1,false,1,{},false,,false,false,true,true,false,true,false,false,false,false,false,false,false,false,"{""""}",true,,true,false,
783,23,99,74,29,,101,NComp Sls U Build,1,1,false,1,{},false,,false,false,true,true,false,true,false,false,false,false,false,false,false,false,"{""""}",true,,true,false,
784,23,158,74,30,,101,Ttl Sls U Build,1,1,false,1,{},false,,false,false,true,true,false,true,false,false,false,false,false,false,false,false,"{""""}",true,,true,false,
785,23,18,74,31,,101,Comp Sls $ Build,1,1,false,1,{},false,,false,false,true,true,false,true,false,false,false,false,false,false,false,false,"{""""}",true,,true,false,
786,23,74,74,32,,101,NComp Sls $ Build,1,1,false,1,{},false,,false,false,true,true,false,true,false,false,false,false,false,false,false,false,"{""""}",true,,true,false,
787,23,129,74,33,,101,Ttl Sls $ Build,1,1,false,1,{},false,,false,false,true,true,false,true,false,false,false,false,false,false,false,false,"{""""}",true,,true,false,
788,23,28,72,34,,101,Comp GM $,1,1,false,1,{},true,,false,false,true,true,true,true,true,false,true,false,false,false,false,false,"{""""}",true,,true,false,
789,23,84,72,35,,101,NComp GM $,1,1,false,1,{},false,,false,false,true,true,true,true,true,false,true,false,false,false,false,false,"{""""}",true,,true,false,
790,23,142,72,36,,101,Ttl GM $,1,1,false,1,{},false,,false,false,true,true,false,true,true,false,true,false,false,false,false,false,"{""""}",true,,true,false,
791,23,29,72,37,,101,Comp GM %,1,1,false,1,{},true,,false,false,true,true,true,true,true,false,false,false,false,false,false,false,"{""""}",true,,true,false,
792,23,85,72,38,,101,NComp GM %,1,1,false,1,{},false,,false,false,true,true,true,true,true,false,false,false,false,false,false,false,"{""""}",true,,true,false,
793,23,143,72,39,,101,Ttl GM %,1,1,false,1,{},false,,false,false,true,true,false,true,true,false,false,false,false,false,false,false,"{""""}",true,,true,false,
794,23,194,72,40,,101,Comp Adj GM $,1,1,false,1,{},false,,false,false,true,true,false,true,true,false,true,false,false,false,false,false,"{""""}",true,,true,false,
795,23,195,72,41,,101,NComp Adj GM $,1,1,false,1,{},false,,false,false,true,true,false,true,true,false,true,false,false,false,false,false,"{""""}",true,,true,false,
796,23,196,72,42,,101,Ttl Adj GM $,1,1,false,1,{},false,,false,false,true,true,false,true,true,false,true,false,false,false,false,false,"{""""}",true,,true,false,
797,23,197,72,43,,101,Comp Adj GM %,1,1,false,1,{},false,,false,false,true,true,false,true,true,false,false,false,false,false,false,false,"{""""}",true,,true,false,
798,23,198,72,44,,101,NComp Adj GM %,1,1,false,1,{},false,,false,false,true,true,false,true,true,false,false,false,false,false,false,false,"{""""}",true,,true,false,
799,23,199,72,45,,101,Ttl Adj GM %,1,1,false,1,{},false,,false,false,true,true,false,true,true,false,false,false,false,false,false,false,"{""""}",true,,true,false,
800,23,23,72,46,,101,Comp GMROI,1,1,false,1,{},true,,false,false,true,true,false,true,false,false,false,false,false,false,false,false,"{""""}",true,,true,false,
801,23,80,72,47,,101,NComp GMROI,1,1,false,1,{},false,,false,false,true,true,false,true,false,false,false,false,false,false,false,false,"{""""}",true,,true,false,
802,23,137,72,48,,101,Ttl GMROI,1,1,false,1,{},false,,false,false,true,true,false,true,false,false,false,false,false,false,false,false,"{""""}",true,,true,false,
803,23,13,73,55,,101,Comp BOH U,1,1,false,1,{},false,,false,false,true,true,false,true,true,false,true,false,false,false,false,false,"{""""}",true,,true,false,
804,23,69,73,56,,101,NComp BOH U,1,1,false,1,{},false,,false,false,true,true,false,true,true,false,true,false,false,false,false,false,"{""""}",true,,true,false,
805,23,124,73,57,,101,Ttl BOH U,1,1,false,1,{},false,,false,false,true,true,false,true,true,false,true,false,false,false,false,false,"{""""}",true,,true,false,
806,23,11,73,58,,101,Comp BOH Cst,1,1,false,1,{},true,,false,false,true,true,false,true,true,false,true,false,false,false,false,false,"{""""}",true,,true,false,
807,23,67,73,59,,101,NComp BOH Cst,1,1,false,1,{},false,,false,false,true,true,false,true,true,false,true,false,false,false,false,false,"{""""}",true,,true,false,
808,23,122,73,60,,101,Ttl BOH Cst,1,1,false,1,{},false,,false,false,true,true,false,true,true,false,true,false,false,false,false,false,"{""""}",true,,true,false,
809,23,9,73,63,,101,Comp BOH AUC,1,1,false,1,{},true,,false,false,true,true,false,true,true,false,false,false,false,false,false,false,"{""""}",true,,true,false,
810,23,65,73,64,,101,NComp BOH AUC,1,1,false,1,{},false,,false,false,true,true,false,true,true,false,false,false,false,false,false,false,"{""""}",true,,true,false,
811,23,120,73,65,,101,Ttl BOH AUC,1,1,false,1,{},false,,false,false,true,true,false,true,true,false,false,false,false,false,false,false,"{""""}",true,,true,false,
812,23,22,73,68,,101,Comp EOH U,1,1,false,1,{},true,,false,false,true,true,false,true,true,false,true,false,false,false,false,false,"{""""}",true,,true,false,
813,23,79,73,69,,101,NComp EOH U,1,1,false,1,{},false,,false,false,true,true,false,true,true,false,true,false,false,false,false,false,"{""""}",true,,true,false,
814,23,135,73,70,,101,Ttl EOH U,1,1,false,1,{},false,,false,false,true,true,false,true,true,false,true,false,false,false,false,false,"{""""}",true,,true,false,
815,23,20,73,71,,101,Comp EOH Cst,1,1,false,1,{},true,,false,false,true,true,false,true,true,false,true,false,false,false,false,false,"{""""}",true,,true,false,
816,23,76,73,72,,101,NComp EOH Cst,1,1,false,1,{},false,,false,false,true,true,false,true,true,false,true,false,false,false,false,false,"{""""}",true,,true,false,
817,23,131,73,73,,101,Ttl EOH Cst,1,1,false,1,{},false,,false,false,true,true,false,true,true,false,true,false,false,false,false,false,"{""""}",true,,true,false,
818,23,19,73,76,,101,Comp EOH AUC,1,1,false,1,{},true,,false,false,true,true,false,true,true,false,false,false,false,false,false,false,"{""""}",true,,true,false,
819,23,75,73,77,,101,NComp EOH AUC,1,1,false,1,{},false,,false,false,true,true,false,true,true,false,false,false,false,false,false,false,"{""""}",true,,true,false,
820,23,130,73,78,,101,Ttl EOH AUC,1,1,false,1,{},false,,false,false,true,true,false,true,true,false,false,false,false,false,false,false,"{""""}",true,,true,false,
821,23,8,73,81,,101,Comp Avg Inv,1,1,false,1,{},false,,false,false,true,true,false,true,true,false,false,false,false,false,false,false,"{""""}",true,,true,false,
822,23,64,73,82,,101,NComp Avg Inv,1,1,false,1,{},false,,false,false,true,true,false,true,true,false,false,false,false,false,false,false,"{""""}",true,,true,false,
823,23,119,73,83,,101,Ttl Avg Inv,1,1,false,1,{},false,,false,false,true,true,false,true,true,false,false,false,false,false,false,false,"{""""}",true,,true,false,
824,23,50,73,84,,101,Comp ST%,1,1,false,1,{},false,,false,false,true,true,false,true,false,false,false,false,false,false,false,false,"{""""}",true,,true,false,
825,23,105,73,85,,101,NComp ST%,1,1,false,1,{},false,,false,false,true,true,false,true,false,false,false,false,false,false,false,false,"{""""}",true,,true,false,
826,23,165,73,86,,101,Ttl ST%,1,1,false,1,{},false,,false,false,true,true,false,true,false,false,false,false,false,false,false,false,"{""""}",true,,true,false,
827,23,56,73,87,,101,Comp WOS,1,1,false,1,{},true,,false,false,true,true,false,true,false,false,false,false,false,false,false,false,"{""""}",true,,true,false,
828,23,111,73,88,,101,NComp WOS,1,1,false,1,{},false,,false,false,true,true,false,true,false,false,false,false,false,false,false,false,"{""""}",true,,true,false,
829,23,171,73,89,,101,Ttl WOS,1,1,false,1,{},false,,false,false,true,true,false,true,false,false,false,false,false,false,false,false,"{""""}",true,,true,false,
830,23,24,73,90,,101,Comp In Stock %,1,1,false,1,{},false,,false,false,true,true,false,true,true,false,false,false,false,false,false,false,"{""""}",true,,true,false,
831,23,81,73,91,,101,NComp In Stock %,1,1,false,1,{},false,,false,false,true,true,false,true,true,false,false,false,false,false,false,false,"{""""}",true,,true,false,
832,23,138,73,92,,101,Ttl In Stock %,1,1,false,1,{},false,,false,false,true,true,false,true,true,false,false,false,false,false,false,false,"{""""}",true,,true,false,
833,23,47,73,93,,101,Comp Rct U,1,1,false,1,{},true,,false,false,true,true,true,true,true,false,true,false,false,false,false,false,"{""""}",true,,true,false,
834,23,103,73,94,,101,NComp Rct U,1,1,false,1,{},false,,false,false,true,true,true,true,true,false,true,false,false,false,false,false,"{""""}",true,,true,false,
835,23,162,73,95,,101,Ttl Rct U,1,1,false,1,{},false,,false,false,true,true,false,true,true,false,true,false,false,false,false,false,"{""""}",true,,true,false,
836,23,45,73,96,,101,Comp Rct Cst,1,1,false,1,{},true,,false,false,true,true,true,true,true,false,true,false,false,false,false,false,"{""""}",true,,true,false,
837,23,101,73,97,,101,NComp Rct Cst,1,1,false,1,{},false,,false,false,true,true,true,true,true,false,true,false,false,false,false,false,"{""""}",true,,true,false,
838,23,160,73,98,,101,Ttl Rct Cst,1,1,false,1,{},false,,false,false,true,true,false,true,true,false,true,false,false,false,false,false,"{""""}",true,,true,false,
839,23,44,73,101,,101,Comp Rct AUC,1,1,false,1,{},false,,false,false,true,true,true,true,true,false,false,false,false,false,false,false,"{""""}",true,,true,false,
840,23,100,73,102,,101,NComp Rct AUC,1,1,false,1,{},false,,false,false,true,true,true,true,true,false,false,false,false,false,false,false,"{""""}",true,,true,false,
841,23,159,73,103,,101,Ttl Rct AUC,1,1,false,1,{},false,,false,false,true,true,false,true,true,false,false,false,false,false,false,false,"{""""}",true,,true,false,
842,23,55,73,122,,101,Comp Turn U,1,1,false,1,{},false,,false,false,true,true,false,true,false,false,false,false,false,false,false,false,"{""""}",true,,true,false,
843,23,110,73,123,,101,NComp Turn U,1,1,false,1,{},false,,false,false,true,true,false,true,false,false,false,false,false,false,false,false,"{""""}",true,,true,false,
844,23,170,73,124,,101,Ttl Turn U,1,1,false,1,{},false,,false,false,true,true,false,true,false,false,false,false,false,false,false,false,"{""""}",true,,true,false,
845,23,53,73,125,,101,Comp Turn Cst,1,1,false,1,{},true,,false,false,true,true,false,true,false,false,false,false,false,false,false,false,"{""""}",true,,true,false,
846,23,108,73,126,,101,NComp Turn Cst,1,1,false,1,{},false,,false,false,true,true,false,true,false,false,false,false,false,false,false,false,"{""""}",true,,true,false,
847,23,168,73,127,,101,Ttl Turn Cst,1,1,false,1,{},false,,false,false,true,true,false,true,false,false,false,false,false,false,false,false,"{""""}",true,,true,false,
848,23,40,73,128,,101,Comp OO U (Com),1,1,false,1,{},true,,false,false,true,true,false,true,true,false,true,false,false,false,false,false,"{""""}",true,,true,false,
849,23,96,73,129,,101,NComp OO U (Com),1,1,false,1,{},false,,false,false,true,true,false,true,true,false,true,false,false,false,false,false,"{""""}",true,,true,false,
850,23,155,73,130,,101,Ttl OO U (Com),1,1,false,1,{},false,,false,false,true,true,false,true,true,false,true,false,false,false,false,false,"{""""}",true,,true,false,
851,23,36,73,131,,101,Comp OO Cst (Com),1,1,false,1,{},true,,false,false,true,true,false,true,true,false,true,false,false,false,false,false,"{""""}",true,,true,false,
852,23,92,73,132,,101,NComp OO Cst (Com),1,1,false,1,{},false,,false,false,true,true,false,true,true,false,true,false,false,false,false,false,"{""""}",true,,true,false,
853,23,151,73,133,,101,Ttl OO Cst (Com),1,1,false,1,{},false,,false,false,true,true,false,true,true,false,true,false,false,false,false,false,"{""""}",true,,true,false,
854,23,34,73,136,,101,Comp OO AUC (Com),1,1,false,1,{},true,,false,false,true,true,false,true,true,false,false,false,false,false,false,false,"{""""}",true,,true,false,
855,23,90,73,137,,101,NComp OO AUC (Com),1,1,false,1,{},false,,false,false,true,true,false,true,true,false,false,false,false,false,false,false,"{""""}",true,,true,false,
856,23,148,73,138,,101,Ttl OO AUC (Com),1,1,false,1,{},false,,false,false,true,true,false,true,true,false,false,false,false,false,false,false,"{""""}",true,,true,false,
857,23,39,73,141,,101,Comp OO U (NCom),1,1,false,1,{},true,,false,false,true,true,false,true,true,false,true,false,false,false,false,false,"{""""}",true,,true,false,
858,23,95,73,142,,101,NComp OO U (NCom),1,1,false,1,{},false,,false,false,true,true,false,true,true,false,true,false,false,false,false,false,"{""""}",true,,true,false,
859,23,154,73,143,,101,Ttl OO U (NCom),1,1,false,1,{},false,,false,false,true,true,false,true,true,false,true,false,false,false,false,false,"{""""}",true,,true,false,
860,23,35,73,144,,101,Comp OO Cst (NCom),1,1,false,1,{},true,,false,false,true,true,false,true,true,false,true,false,false,false,false,false,"{""""}",true,,true,false,
861,23,91,73,145,,101,NComp OO Cst (NCom),1,1,false,1,{},false,,false,false,true,true,false,true,true,false,true,false,false,false,false,false,"{""""}",true,,true,false,
862,23,150,73,146,,101,Ttl OO Cst (NCom),1,1,false,1,{},false,,false,false,true,true,false,true,true,false,true,false,false,false,false,false,"{""""}",true,,true,false,
863,23,33,73,149,,101,Comp OO AUC (NCom),1,1,false,1,{},true,,false,false,true,true,false,true,true,false,false,false,false,false,false,false,"{""""}",true,,true,false,
864,23,89,73,150,,101,NComp OO AUC (NCom),1,1,false,1,{},false,,false,false,true,true,false,true,true,false,false,false,false,false,false,false,"{""""}",true,,true,false,
865,23,147,73,151,,101,Ttl OO AUC (NCom),1,1,false,1,{},false,,false,false,true,true,false,true,true,false,false,false,false,false,false,false,"{""""}",true,,true,false,
866,23,4,73,154,,101,Comp Inv Adj U,1,1,false,1,{},false,,false,false,true,true,true,true,true,false,true,false,false,false,false,false,"{""""}",true,,true,false,
867,23,60,73,155,,101,NComp Inv Adj U,1,1,false,1,{},false,,false,false,true,true,false,true,true,false,true,false,false,false,false,false,"{""""}",true,,true,false,
868,23,115,73,156,,101,Ttl Inv Adj U,1,1,false,1,{},false,,false,false,true,true,false,true,true,false,true,false,false,false,false,false,"{""""}",true,,true,false,
869,23,2,73,157,,101,Comp Inv Adj Cst,1,1,false,1,{},true,,false,false,true,true,false,true,true,false,true,false,false,false,false,false,"{""""}",true,,true,false,
870,23,58,73,158,,101,NComp Inv Adj Cst,1,1,false,1,{},false,,false,false,true,true,false,true,true,false,true,false,false,false,false,false,"{""""}",true,,true,false,
871,23,113,73,159,,101,Ttl Inv Adj Cst,1,1,false,1,{},false,,false,false,true,true,false,true,true,false,true,false,false,false,false,false,"{""""}",true,,true,false,
872,23,1,73,162,,101,Comp Inv Adj AUC,1,1,false,1,{},true,,false,false,true,true,false,true,true,false,false,false,false,false,false,false,"{""""}",true,,true,false,
873,23,57,73,163,,101,NComp Inv Adj AUC,1,1,false,1,{},false,,false,false,true,true,false,true,true,false,false,false,false,false,false,false,"{""""}",true,,true,false,
874,23,112,73,164,,101,Ttl Inv Adj AUC,1,1,false,1,{},false,,false,false,true,true,false,true,true,false,false,false,false,false,false,false,"{""""}",true,,true,false,
875,23,181,73,171,,101,Comp EOH Cst OP,1,1,false,1,{},false,,false,false,false,false,false,true,false,false,true,false,false,false,false,false,"{""""}",true,,true,false,
876,23,78,73,172,,101,NComp EOH Cst OP,1,1,false,1,{},false,,false,false,false,false,false,true,false,false,true,false,false,false,false,false,"{""""}",true,,true,false,
877,23,133,73,173,,101,Ttl EOH Cst OP,1,1,false,1,{},false,,false,false,false,false,false,true,false,false,true,false,false,false,false,false,"{""""}",true,,true,false,
878,23,21,73,176,,101,Comp EOH Cst LF,1,1,false,1,{},false,,false,false,false,false,false,true,false,false,true,false,false,false,false,false,"{""""}",true,,true,false,
879,23,77,73,177,,101,NComp EOH Cst LF,1,1,false,1,{},false,,false,false,false,false,false,true,false,false,true,false,false,false,false,false,"{""""}",true,,true,false,
880,23,132,73,178,,101,Ttl EOH Cst LF,1,1,false,1,{},false,,false,false,false,false,false,true,false,false,true,false,false,false,false,false,"{""""}",true,,true,false,
881,23,176,73,181,,101,Comp OTB $ (WF vs OP),1,1,false,1,{},false,,false,false,false,false,false,true,false,false,true,false,false,false,false,false,"{""""}",true,,true,false,
882,23,178,73,182,,101,NComp OTB $ (WF vs OP),1,1,false,1,{},false,,false,false,false,false,false,true,false,false,true,false,false,false,false,false,"{""""}",true,,true,false,
883,23,180,73,183,,101,Ttl OTB $ (WF vs OP),1,1,false,1,{},false,,false,false,false,false,false,true,false,false,true,false,false,false,false,false,"{""""}",true,,true,false,
884,23,175,73,184,,101,Comp OTB $ (WF vs LF),1,1,false,1,{},false,,false,false,false,false,false,true,false,false,true,false,false,false,false,false,"{""""}",true,,true,false,
885,23,177,73,185,,101,NComp OTB $ (WF vs LF),1,1,false,1,{},false,,false,false,false,false,false,true,false,false,true,false,false,false,false,false,"{""""}",true,,true,false,
886,23,179,73,186,,101,Ttl OTB $ (WF vs LF),1,1,false,1,{},false,,false,false,false,false,false,true,false,false,true,false,false,false,false,false,"{""""}",true,,true,false,
887,23,51,73,191,,101,Comp Store Instock Facings,1,1,false,1,{},false,,false,false,true,true,false,true,true,false,true,false,false,false,false,false,"{""""}",true,,true,false,
888,23,106,73,192,,101,NComp Store Instock Facings,1,1,false,1,{},false,,false,false,true,true,false,true,true,false,true,false,false,false,false,false,"{""""}",true,,true,false,
889,23,166,73,193,,101,Ttl Store Instock Facings,1,1,false,1,{},false,,false,false,true,true,false,true,true,false,true,false,false,false,false,false,"{""""}",true,,true,false,
890,23,52,73,194,,101,Comp Store Total Facings,1,1,false,1,{},false,,false,false,true,true,false,true,true,false,true,false,false,false,false,false,"{""""}",true,,true,false,
891,23,107,73,195,,101,NComp Store Total Facings,1,1,false,1,{},false,,false,false,true,true,false,true,true,false,true,false,false,false,false,false,"{""""}",true,,true,false,
892,23,167,73,196,,101,Ttl Store Total Facings,1,1,false,1,{},false,,false,false,true,true,false,true,true,false,true,false,false,false,false,false,"{""""}",true,,true,false,
893,23,258,73,197,,101,Comp CH BOH U IMP,1,1,false,1,{},true,,false,false,false,false,false,true,false,false,true,false,false,false,false,false,"{""""}",true,,true,false,
894,23,259,73,198,,101,Ttl CH BOH U IMP,1,1,false,1,{},false,,false,false,false,false,false,true,false,false,true,false,false,false,false,false,"{""""}",true,,true,false,
895,23,262,73,201,,101,Comp CH BOH Cst IMP,1,1,false,1,{},true,,false,false,false,false,false,true,false,false,true,false,false,false,false,false,"{""""}",true,,true,false,
896,23,263,73,202,,101,Ttl CH BOH Cst IMP,1,1,false,1,{},false,,false,false,false,false,false,true,false,false,true,false,false,false,false,false,"{""""}",true,,true,false,
897,23,264,73,203,,101,Comp CH BOH U,1,1,false,1,{},false,,false,false,false,false,false,true,false,false,true,false,false,false,false,false,"{""""}",true,,true,false,
898,23,265,73,204,,101,Ttl CH BOH U,1,1,false,1,{},false,,false,false,false,false,false,true,false,false,true,false,false,false,false,false,"{""""}",true,,true,false,
899,23,266,73,205,,101,Comp CH BOH Cst,1,1,false,1,{},false,,false,false,false,false,false,true,false,false,true,false,false,false,false,false,"{""""}",true,,true,false,
900,23,267,73,206,,101,Ttl CH BOH Cst,1,1,false,1,{},false,,false,false,false,false,false,true,false,false,true,false,false,false,false,false,"{""""}",true,,true,false,
901,23,270,73,209,,101,Comp CH EOH U IMP,1,1,false,1,{},true,,false,false,false,false,false,true,false,false,true,false,false,false,false,false,"{""""}",true,,true,false,
902,23,271,73,210,,101,Ttl CH EOH U IMP,1,1,false,1,{},false,,false,false,false,false,false,true,false,false,true,false,false,false,false,false,"{""""}",true,,true,false,
903,23,274,73,213,,101,Comp CH EOH Cst IMP,1,1,false,1,{},true,,false,false,false,false,false,true,false,false,true,false,false,false,false,false,"{""""}",true,,true,false,
904,23,275,73,214,,101,Ttl CH EOH Cst IMP,1,1,false,1,{},false,,false,false,false,false,false,true,false,false,true,false,false,false,false,false,"{""""}",true,,true,false,
905,23,276,73,215,,101,Comp CH EOH U,1,1,false,1,{},false,,false,false,false,false,false,true,false,false,true,false,false,false,false,false,"{""""}",true,,true,false,
906,23,277,73,216,,101,Ttl CH EOH U,1,1,false,1,{},false,,false,false,false,false,false,true,false,false,true,false,false,false,false,false,"{""""}",true,,true,false,
907,23,278,73,217,,101,Comp CH EOH Cst,1,1,false,1,{},false,,false,false,false,false,false,true,false,false,true,false,false,false,false,false,"{""""}",true,,true,false,
908,23,279,73,218,,101,Ttl CH EOH Cst,1,1,false,1,{},false,,false,false,false,false,false,true,false,false,true,false,false,false,false,false,"{""""}",true,,true,false,
909,23,282,73,221,,101,Comp CH Est Res Rec %,1,1,false,1,{},true,,false,false,true,true,true,true,true,false,false,false,false,false,false,false,"{""""}",true,,true,false,
910,23,283,73,222,,101,Ttl CH Est Res Rec %,1,1,false,1,{},false,,false,false,true,true,false,true,true,false,false,false,false,false,false,false,"{""""}",true,,true,false,
911,23,284,73,223,,101,Comp CH Est Res Rec U,1,1,false,1,{},false,,false,false,true,true,false,true,true,false,true,false,false,false,false,false,"{""""}",true,,true,false,
912,23,285,73,224,,101,Ttl CH Est Res Rec U,1,1,false,1,{},false,,false,false,true,true,false,true,true,false,true,false,false,false,false,false,"{""""}",true,,true,false,
913,23,286,73,225,,101,Comp CH Est Res Rec Cst,1,1,false,1,{},false,,false,false,true,true,false,true,true,false,true,false,false,false,false,false,"{""""}",true,,true,false,
914,23,287,73,226,,101,Ttl CH Est Res Rec Cst,1,1,false,1,{},false,,false,false,true,true,false,true,true,false,true,false,false,false,false,false,"{""""}",true,,true,false,
915,23,288,73,227,,101,Comp Est 3rd Pty Rec %,1,1,false,1,{},true,,false,false,true,true,true,true,true,false,false,false,false,false,false,false,"{""""}",true,,true,false,
916,23,289,73,228,,101,Ttl Est 3rd Pty Rec %,1,1,false,1,{},false,,false,false,true,true,false,true,true,false,false,false,false,false,false,false,"{""""}",true,,true,false,
917,23,290,73,229,,101,Comp Est 3rd Pty Rec U,1,1,false,1,{},false,,false,false,true,true,false,true,true,false,true,false,false,false,false,false,"{""""}",true,,true,false,
918,23,291,73,230,,101,Ttl Est 3rd Pty Rec U,1,1,false,1,{},false,,false,false,true,true,false,true,true,false,true,false,false,false,false,false,"{""""}",true,,true,false,
919,23,292,73,231,,101,Comp Est 3rd Pty Rec Cst,1,1,false,1,{},false,,false,false,true,true,false,true,true,false,true,false,false,false,false,false,"{""""}",true,,true,false,
920,23,293,73,232,,101,Ttl Est 3rd Pty Rec Cst,1,1,false,1,{},false,,false,false,true,true,false,true,true,false,true,false,false,false,false,false,"{""""}",true,,true,false,
921,23,294,73,233,,101,Comp Est Bypass Rec %,1,1,false,1,{},true,,false,false,true,true,true,true,true,false,false,false,false,false,false,false,"{""""}",true,,true,false,
922,23,295,73,234,,101,Ttl Est Bypass Rec %,1,1,false,1,{},false,,false,false,true,true,false,true,true,false,false,false,false,false,false,false,"{""""}",true,,true,false,
923,23,296,73,235,,101,Comp Est Bypass Rec U,1,1,false,1,{},false,,false,false,true,true,false,true,true,false,true,false,false,false,false,false,"{""""}",true,,true,false,
924,23,297,73,236,,101,Ttl Est Bypass Rec U,1,1,false,1,{},false,,false,false,true,true,false,true,true,false,true,false,false,false,false,false,"{""""}",true,,true,false,
925,23,298,73,237,,101,Comp Est Bypass Rec Cst,1,1,false,1,{},false,,false,false,true,true,false,true,true,false,true,false,false,false,false,false,"{""""}",true,,true,false,
926,23,299,73,238,,101,Ttl Est Bypass Rec Cst,1,1,false,1,{},false,,false,false,true,true,false,true,true,false,true,false,false,false,false,false,"{""""}",true,,true,false,
927,23,300,73,239,,101,Comp CH Ttl Rct U,1,1,false,1,{},true,,false,false,false,false,false,true,false,false,true,false,false,false,false,false,"{""""}",true,,true,false,
928,23,301,73,240,,101,Ttl CH Ttl Rct U,1,1,false,1,{},false,,false,false,false,false,false,true,false,false,true,false,false,false,false,false,"{""""}",true,,true,false,
929,23,302,73,241,,101,Comp CH Ttl Rct Cst,1,1,false,1,{},true,,false,false,false,false,false,true,false,false,true,false,false,false,false,false,"{""""}",true,,true,false,
930,23,303,73,242,,101,Ttl CH Ttl Rct Cst,1,1,false,1,{},false,,false,false,false,false,false,true,false,false,true,false,false,false,false,false,"{""""}",true,,true,false,
931,59,42,74,1,,101,Comp Sls U,1,1,false,1,{},true,,false,false,true,true,true,true,true,true,true,false,false,false,false,false,"{""""}",true,,true,false,
932,59,98,74,2,,101,NComp Sls U,1,1,false,1,{},false,,false,false,true,true,true,true,true,true,true,false,false,false,false,false,"{""""}",true,,true,false,
933,59,157,74,3,,101,Ttl Sls U,1,1,false,1,{},false,,false,false,true,true,false,true,true,false,true,false,false,false,false,false,"{""""}",true,,true,false,
934,59,49,74,4,,101,Comp Sls $,1,1,false,1,{},true,,false,false,true,true,true,true,true,true,true,false,false,false,false,false,"{""""}",true,,true,false,
935,59,104,74,5,,101,NComp Sls $,1,1,false,1,{},false,,false,false,true,true,true,true,true,true,true,false,false,false,false,false,"{""""}",true,,true,false,
936,59,164,74,6,,101,Ttl Sls $,1,1,false,1,{},false,,false,false,true,true,false,true,true,false,true,false,false,false,false,false,"{""""}",true,,true,false,
937,59,7,74,7,,101,Comp AUR,1,1,false,1,{},true,,false,false,true,true,true,true,true,false,false,false,false,false,false,false,"{""""}",true,,true,false,
938,59,63,74,8,,101,NComp AUR,1,1,false,1,{},false,,false,false,true,true,true,true,true,false,false,false,false,false,false,false,"{""""}",true,,true,false,
939,59,118,74,9,,101,Ttl AUR,1,1,false,1,{},false,,false,false,true,true,false,true,true,false,false,false,false,false,false,false,"{""""}",true,,true,false,
940,59,182,74,10,,101,Comp AUP,1,1,false,1,{},false,,false,false,true,true,true,true,true,false,false,false,false,false,false,false,"{""""}",true,,true,false,
941,59,183,74,11,,101,Ttl AUP,1,1,false,1,{},false,,false,false,true,true,false,true,true,false,false,false,false,false,false,false,"{""""}",true,,true,false,
942,59,17,74,12,,101,Comp COGS,1,1,false,1,{},false,,false,false,true,true,false,true,true,false,true,false,false,false,false,false,"{""""}",true,,true,false,
943,59,73,74,13,,101,NComp COGS,1,1,false,1,{},false,,false,false,true,true,false,true,true,false,true,false,false,false,false,false,"{""""}",true,,true,false,
944,59,128,74,14,,101,Ttl COGS,1,1,false,1,{},false,,false,false,true,true,false,true,true,false,true,false,false,false,false,false,"{""""}",true,,true,false,
945,59,184,74,15,,101,Comp Adj Cst,1,1,false,1,{},false,,false,false,false,true,false,true,true,false,true,false,false,false,false,false,"{""""}",true,,true,false,
946,59,185,74,16,,101,NComp Adj Cst,1,1,false,1,{},false,,false,false,false,true,false,true,true,false,true,false,false,false,false,false,"{""""}",true,,true,false,
947,59,186,74,17,,101,Ttl Adj Cst,1,1,false,1,{},false,,false,false,false,true,false,true,true,false,true,false,false,false,false,false,"{""""}",true,,true,false,
948,59,187,74,18,,101,Comp COGS.,1,1,false,1,{},false,,false,false,true,true,false,true,true,false,true,false,false,false,false,false,"{""""}",true,,true,false,
949,59,188,74,19,,101,Ttl COGS.,1,1,false,1,{},false,,false,false,true,true,false,true,true,false,true,false,false,false,false,false,"{""""}",true,,true,false,
950,59,6,74,20,,101,Comp AUC,1,1,false,1,{},true,,false,false,true,true,false,true,true,false,false,false,false,false,false,false,"{""""}",true,,true,false,
951,59,62,74,21,,101,NComp AUC,1,1,false,1,{},false,,false,false,true,true,false,true,true,false,false,false,false,false,false,false,"{""""}",true,,true,false,
952,59,117,74,22,,101,Ttl AUC,1,1,false,1,{},false,,false,false,true,true,false,true,true,false,false,false,false,false,false,false,"{""""}",true,,true,false,
953,59,189,74,23,,101,Comp Adj AUC,1,1,false,1,{},false,,false,false,true,true,false,true,true,false,false,false,false,false,false,false,"{""""}",true,,true,false,
954,59,190,74,24,,101,NComp Adj AUC,1,1,false,1,{},false,,false,false,true,true,false,true,true,false,false,false,false,false,false,false,"{""""}",true,,true,false,
955,59,191,74,25,,101,Ttl Adj AUC,1,1,false,1,{},false,,false,false,true,true,false,true,true,false,false,false,false,false,false,false,"{""""}",true,,true,false,
956,59,192,74,26,,101,Comp AULC,1,1,false,1,{},false,,false,false,true,true,false,true,true,false,false,false,false,false,false,false,"{""""}",true,,true,false,
957,59,193,74,27,,101,Ttl AULC,1,1,false,1,{},false,,false,false,true,true,false,true,true,false,false,false,false,false,false,false,"{""""}",true,,true,false,
958,59,43,74,28,,101,Comp Sls U Build,1,1,false,1,{},false,,false,false,true,true,false,true,false,false,false,false,false,false,false,false,"{""""}",true,,true,false,
959,59,99,74,29,,101,NComp Sls U Build,1,1,false,1,{},false,,false,false,true,true,false,true,false,false,false,false,false,false,false,false,"{""""}",true,,true,false,
960,59,158,74,30,,101,Ttl Sls U Build,1,1,false,1,{},false,,false,false,true,true,false,true,false,false,false,false,false,false,false,false,"{""""}",true,,true,false,
961,59,18,74,31,,101,Comp Sls $ Build,1,1,false,1,{},false,,false,false,true,true,false,true,false,false,false,false,false,false,false,false,"{""""}",true,,true,false,
962,59,74,74,32,,101,NComp Sls $ Build,1,1,false,1,{},false,,false,false,true,true,false,true,false,false,false,false,false,false,false,false,"{""""}",true,,true,false,
963,59,129,74,33,,101,Ttl Sls $ Build,1,1,false,1,{},false,,false,false,true,true,false,true,false,false,false,false,false,false,false,false,"{""""}",true,,true,false,
964,59,28,72,34,,101,Comp GM $,1,1,false,1,{},true,,false,false,true,true,true,true,true,false,true,false,false,false,false,false,"{""""}",true,,true,false,
965,59,84,72,35,,101,NComp GM $,1,1,false,1,{},false,,false,false,true,true,true,true,true,false,true,false,false,false,false,false,"{""""}",true,,true,false,
966,59,142,72,36,,101,Ttl GM $,1,1,false,1,{},false,,false,false,true,true,false,true,true,false,true,false,false,false,false,false,"{""""}",true,,true,false,
967,59,29,72,37,,101,Comp GM %,1,1,false,1,{},true,,false,false,true,true,true,true,true,false,false,false,false,false,false,false,"{""""}",true,,true,false,
968,59,85,72,38,,101,NComp GM %,1,1,false,1,{},false,,false,false,true,true,true,true,true,false,false,false,false,false,false,false,"{""""}",true,,true,false,
969,59,143,72,39,,101,Ttl GM %,1,1,false,1,{},false,,false,false,true,true,false,true,true,false,false,false,false,false,false,false,"{""""}",true,,true,false,
970,59,194,72,40,,101,Comp Adj GM $,1,1,false,1,{},false,,false,false,false,true,false,true,true,false,true,false,false,false,false,false,"{""""}",true,,true,false,
971,59,195,72,41,,101,NComp Adj GM $,1,1,false,1,{},false,,false,false,false,true,false,true,true,false,true,false,false,false,false,false,"{""""}",true,,true,false,
972,59,196,72,42,,101,Ttl Adj GM $,1,1,false,1,{},false,,false,false,false,true,false,true,true,false,true,false,false,false,false,false,"{""""}",true,,true,false,
973,59,197,72,43,,101,Comp Adj GM %,1,1,false,1,{},false,,false,false,false,true,false,true,true,false,false,false,false,false,false,false,"{""""}",true,,true,false,
974,59,198,72,44,,101,NComp Adj GM %,1,1,false,1,{},false,,false,false,false,true,false,true,true,false,false,false,false,false,false,false,"{""""}",true,,true,false,
975,59,199,72,45,,101,Ttl Adj GM %,1,1,false,1,{},false,,false,false,false,true,false,true,true,false,false,false,false,false,false,false,"{""""}",true,,true,false,
976,59,23,72,46,,101,Comp GMROI,1,1,false,1,{},true,,false,false,false,true,false,true,false,false,false,false,false,false,false,false,"{""""}",true,,true,false,
977,59,80,72,47,,101,NComp GMROI,1,1,false,1,{},false,,false,false,false,true,false,true,false,false,false,false,false,false,false,false,"{""""}",true,,true,false,
978,59,137,72,48,,101,Ttl GMROI,1,1,false,1,{},false,,false,false,false,true,false,true,false,false,false,false,false,false,false,false,"{""""}",true,,true,false,
979,59,200,73,49,,101,Comp Svc Lvl,1,1,false,1,{},false,,false,false,false,true,false,true,true,false,false,false,false,false,false,false,"{""""}",true,,true,false,
980,59,201,73,50,,101,Ttl Svc Lvl,1,1,false,1,{},false,,false,false,false,true,false,true,true,false,false,false,false,false,false,false,"{""""}",true,,true,false,
981,59,202,73,51,,101,Comp Qty Shp,1,1,false,1,{},false,,false,false,false,true,false,true,true,false,true,false,false,false,false,false,"{""""}",true,,true,false,
982,59,203,73,52,,101,Ttl Qty Shp,1,1,false,1,{},false,,false,false,false,true,false,true,true,false,true,false,false,false,false,false,"{""""}",true,,true,false,
983,59,204,73,53,,101,Comp Qty Ord,1,1,false,1,{},false,,false,false,false,true,false,true,true,false,true,false,false,false,false,false,"{""""}",true,,true,false,
984,59,205,73,54,,101,Ttl Qty Ord,1,1,false,1,{},false,,false,false,false,true,false,true,true,false,true,false,false,false,false,false,"{""""}",true,,true,false,
985,59,13,73,55,,101,Comp BOH U,1,1,false,1,{},false,,false,false,false,true,false,true,true,false,true,false,false,false,false,false,"{""""}",true,,true,false,
986,59,69,73,56,,101,NComp BOH U,1,1,false,1,{},false,,false,false,false,true,false,true,true,false,true,false,false,false,false,false,"{""""}",true,,true,false,
987,59,124,73,57,,101,Ttl BOH U,1,1,false,1,{},false,,false,false,false,true,false,true,true,false,true,false,false,false,false,false,"{""""}",true,,true,false,
988,59,11,73,58,,101,Comp BOH Cst,1,1,false,1,{},true,,false,false,false,true,false,true,true,false,true,false,false,false,false,false,"{""""}",true,,true,false,
989,59,67,73,59,,101,NComp BOH Cst,1,1,false,1,{},false,,false,false,false,true,false,true,true,false,true,false,false,false,false,false,"{""""}",true,,true,false,
990,59,122,73,60,,101,Ttl BOH Cst,1,1,false,1,{},false,,false,false,false,true,false,true,true,false,true,false,false,false,false,false,"{""""}",true,,true,false,
991,59,206,73,61,,101,Comp BOH LCst,1,1,false,1,{},false,,false,false,false,true,false,true,true,false,true,false,false,false,false,false,"{""""}",true,,true,false,
992,59,207,73,62,,101,Ttl BOH LCst,1,1,false,1,{},false,,false,false,false,true,false,true,true,false,true,false,false,false,false,false,"{""""}",true,,true,false,
993,59,9,73,63,,101,Comp BOH AUC,1,1,false,1,{},true,,false,false,false,true,false,true,true,false,false,false,false,false,false,false,"{""""}",true,,true,false,
994,59,65,73,64,,101,NComp BOH AUC,1,1,false,1,{},false,,false,false,false,true,false,true,true,false,false,false,false,false,false,false,"{""""}",true,,true,false,
995,59,120,73,65,,101,Ttl BOH AUC,1,1,false,1,{},false,,false,false,false,true,false,true,true,false,false,false,false,false,false,false,"{""""}",true,,true,false,
996,59,208,73,66,,101,Comp BOH AULC,1,1,false,1,{},false,,false,false,false,true,false,true,true,false,false,false,false,false,false,false,"{""""}",true,,true,false,
997,59,209,73,67,,101,Ttl BOH AULC,1,1,false,1,{},false,,false,false,false,true,false,true,true,false,false,false,false,false,false,false,"{""""}",true,,true,false,
998,59,22,73,68,,101,Comp EOH U,1,1,false,1,{},true,,false,false,false,true,false,true,true,false,true,false,false,false,false,false,"{""""}",true,,true,false,
999,59,79,73,69,,101,NComp EOH U,1,1,false,1,{},false,,false,false,false,true,false,true,true,false,true,false,false,false,false,false,"{""""}",true,,true,false,
1000,59,135,73,70,,101,Ttl EOH U,1,1,false,1,{},false,,false,false,false,true,false,true,true,false,true,false,false,false,false,false,"{""""}",true,,true,false,
1001,59,20,73,71,,101,Comp EOH Cst,1,1,false,1,{},true,,false,false,false,true,false,true,true,false,true,false,false,false,false,false,"{""""}",true,,true,false,
1002,59,76,73,72,,101,NComp EOH Cst,1,1,false,1,{},false,,false,false,false,true,false,true,true,false,true,false,false,false,false,false,"{""""}",true,,true,false,
1003,59,131,73,73,,101,Ttl EOH Cst,1,1,false,1,{},false,,false,false,false,true,false,true,true,false,true,false,false,false,false,false,"{""""}",true,,true,false,
1004,59,210,73,74,,101,Comp EOH LCst,1,1,false,1,{},false,,false,false,false,true,false,true,true,false,true,false,false,false,false,false,"{""""}",true,,true,false,
1005,59,211,73,75,,101,Ttl EOH LCst,1,1,false,1,{},false,,false,false,false,true,false,true,true,false,true,false,false,false,false,false,"{""""}",true,,true,false,
1006,59,19,73,76,,101,Comp EOH AUC,1,1,false,1,{},true,,false,false,false,true,false,true,true,false,false,false,false,false,false,false,"{""""}",true,,true,false,
1007,59,75,73,77,,101,NComp EOH AUC,1,1,false,1,{},false,,false,false,false,true,false,true,true,false,false,false,false,false,false,false,"{""""}",true,,true,false,
1008,59,130,73,78,,101,Ttl EOH AUC,1,1,false,1,{},false,,false,false,false,true,false,true,true,false,false,false,false,false,false,false,"{""""}",true,,true,false,
1009,59,212,73,79,,101,Comp EOH AULC,1,1,false,1,{},false,,false,false,false,true,false,true,true,false,false,false,false,false,false,false,"{""""}",true,,true,false,
1010,59,213,73,80,,101,Ttl EOH AULC,1,1,false,1,{},false,,false,false,false,true,false,true,true,false,false,false,false,false,false,false,"{""""}",true,,true,false,
1011,59,8,73,81,,101,Comp Avg Inv,1,1,false,1,{},false,,false,false,false,true,false,true,true,false,false,false,false,false,false,false,"{""""}",true,,true,false,
1012,59,64,73,82,,101,NComp Avg Inv,1,1,false,1,{},false,,false,false,false,true,false,true,true,false,false,false,false,false,false,false,"{""""}",true,,true,false,
1013,59,119,73,83,,101,Ttl Avg Inv,1,1,false,1,{},false,,false,false,false,true,false,true,true,false,false,false,false,false,false,false,"{""""}",true,,true,false,
1014,59,50,73,84,,101,Comp ST%,1,1,false,1,{},false,,false,false,false,true,false,true,false,false,false,false,false,false,false,false,"{""""}",true,,true,false,
1015,59,105,73,85,,101,NComp ST%,1,1,false,1,{},false,,false,false,false,true,false,true,false,false,false,false,false,false,false,false,"{""""}",true,,true,false,
1016,59,165,73,86,,101,Ttl ST%,1,1,false,1,{},false,,false,false,false,true,false,true,false,false,false,false,false,false,false,false,"{""""}",true,,true,false,
1017,59,56,73,87,,101,Comp WOS,1,1,false,1,{},true,,false,false,false,true,false,true,false,false,false,false,false,false,false,false,"{""""}",true,,true,false,
1018,59,111,73,88,,101,NComp WOS,1,1,false,1,{},false,,false,false,false,true,false,true,false,false,false,false,false,false,false,false,"{""""}",true,,true,false,
1020,59,24,73,90,,101,Comp In Stock %,1,1,false,1,{},false,,false,false,false,true,false,true,true,false,false,false,false,false,false,false,"{""""}",true,,true,false,
1021,59,81,73,91,,101,NComp In Stock %,1,1,false,1,{},false,,false,false,false,true,false,true,true,false,false,false,false,false,false,false,"{""""}",true,,true,false,
1022,59,138,73,92,,101,Ttl In Stock %,1,1,false,1,{},false,,false,false,false,true,false,true,true,false,false,false,false,false,false,false,"{""""}",true,,true,false,
1023,59,47,73,93,,101,Comp Rct U,1,1,false,1,{},true,,false,false,false,true,true,true,true,false,true,false,false,false,false,false,"{""""}",true,,true,false,
1024,59,103,73,94,,101,NComp Rct U,1,1,false,1,{},false,,false,false,false,true,true,true,true,false,true,false,false,false,false,false,"{""""}",true,,true,false,
1025,59,162,73,95,,101,Ttl Rct U,1,1,false,1,{},false,,false,false,false,true,false,true,true,false,true,false,false,false,false,false,"{""""}",true,,true,false,
1026,59,45,73,96,,101,Comp Rct Cst,1,1,false,1,{},true,,false,false,false,true,true,true,true,false,true,false,false,false,false,false,"{""""}",true,,true,false,
1027,59,101,73,97,,101,NComp Rct Cst,1,1,false,1,{},false,,false,false,false,true,true,true,true,false,true,false,false,false,false,false,"{""""}",true,,true,false,
1028,59,160,73,98,,101,Ttl Rct Cst,1,1,false,1,{},false,,false,false,false,true,false,true,true,false,true,false,false,false,false,false,"{""""}",true,,true,false,
1029,59,214,73,99,,101,Comp Rct LCst,1,1,false,1,{},false,,false,false,false,true,true,true,true,false,true,false,false,false,false,false,"{""""}",true,,true,false,
1030,59,215,73,100,,101,Ttl Rct LCst,1,1,false,1,{},false,,false,false,false,true,false,true,true,false,true,false,false,false,false,false,"{""""}",true,,true,false,
1031,59,44,73,101,,101,Comp Rct AUC,1,1,false,1,{},false,,false,false,false,true,true,true,true,false,false,false,false,false,false,false,"{""""}",true,,true,false,
1032,59,100,73,102,,101,NComp Rct AUC,1,1,false,1,{},false,,false,false,false,true,true,true,true,false,false,false,false,false,false,false,"{""""}",true,,true,false,
1033,59,159,73,103,,101,Ttl Rct AUC,1,1,false,1,{},false,,false,false,false,true,false,true,true,false,false,false,false,false,false,false,"{""""}",true,,true,false,
1034,59,216,73,104,,101,Comp Rct AULC,1,1,false,1,{},false,,false,false,false,true,true,true,true,false,false,false,false,false,false,false,"{""""}",true,,true,false,
1035,59,217,73,105,,101,Ttl Rct AULC,1,1,false,1,{},false,,false,false,false,true,false,true,true,false,false,false,false,false,false,false,"{""""}",true,,true,false,
1036,59,218,73,106,,101,Comp CH Est Res U,1,1,false,1,{},false,,false,false,false,true,false,true,true,false,true,false,false,false,false,false,"{""""}",true,,true,false,
1037,59,219,73,107,,101,Ttl CH Est Res U,1,1,false,1,{},false,,false,false,false,true,false,true,true,false,true,false,false,false,false,false,"{""""}",true,,true,false,
1038,59,220,73,108,,101,Comp CH Est Res LCst,1,1,false,1,{},false,,false,false,false,true,false,true,true,false,true,false,false,false,false,false,"{""""}",true,,true,false,
1039,59,221,73,109,,101,Ttl CH Est Res LCst,1,1,false,1,{},false,,false,false,false,true,false,true,true,false,true,false,false,false,false,false,"{""""}",true,,true,false,
1040,59,222,73,110,,101,Comp CH Est Res AULC,1,1,false,1,{},false,,false,false,false,true,false,true,true,false,false,false,false,false,false,false,"{""""}",true,,true,false,
1041,59,223,73,111,,101,Ttl CH Est Res AULC,1,1,false,1,{},false,,false,false,false,true,false,true,true,false,false,false,false,false,false,false,"{""""}",true,,true,false,
1042,59,224,73,112,,101,Comp CH FULL U,1,1,false,1,{},false,,false,false,false,true,true,true,true,false,true,false,false,false,false,false,"{""""}",true,,true,false,
1043,59,225,73,113,,101,Ttl CH FULL U,1,1,false,1,{},false,,false,false,false,true,false,true,true,false,true,false,false,false,false,false,"{""""}",true,,true,false,
1044,59,226,73,114,,101,Comp CH FULL LCst,1,1,false,1,{},false,,false,false,false,true,true,true,true,false,true,false,false,false,false,false,"{""""}",true,,true,false,
1045,59,227,73,115,,101,Ttl CH FULL LCst,1,1,false,1,{},false,,false,false,false,true,false,true,true,false,true,false,false,false,false,false,"{""""}",true,,true,false,
1046,59,228,73,116,,101,Comp CH FULL AULC,1,1,false,1,{},false,,false,false,false,true,true,true,true,false,false,false,false,false,false,false,"{""""}",true,,true,false,
1047,59,229,73,117,,101,Ttl CH FULL AULC,1,1,false,1,{},false,,false,false,false,true,false,true,true,false,false,false,false,false,false,false,"{""""}",true,,true,false,
1048,59,230,73,118,,101,Comp Var Res FULL U,1,1,false,1,{},false,,false,false,false,true,false,true,true,false,true,false,false,false,false,false,"{""""}",true,,true,false,
1049,59,231,73,119,,101,Ttl Var Res FULL U,1,1,false,1,{},false,,false,false,false,true,false,true,true,false,true,false,false,false,false,false,"{""""}",true,,true,false,
1050,59,232,73,120,,101,Comp Var Res FULL LCst,1,1,false,1,{},false,,false,false,false,true,false,true,true,false,true,false,false,false,false,false,"{""""}",true,,true,false,
1051,59,233,73,121,,101,Ttl Var Res FULL LCst,1,1,false,1,{},false,,false,false,false,true,false,true,true,false,true,false,false,false,false,false,"{""""}",true,,true,false,
1052,59,55,73,122,,101,Comp Turn U,1,1,false,1,{},false,,false,false,false,true,false,true,false,false,false,false,false,false,false,false,"{""""}",true,,true,false,
1053,59,110,73,123,,101,NComp Turn U,1,1,false,1,{},false,,false,false,false,true,false,true,false,false,false,false,false,false,false,false,"{""""}",true,,true,false,
1054,59,170,73,124,,101,Ttl Turn U,1,1,false,1,{},false,,false,false,false,true,false,true,false,false,false,false,false,false,false,false,"{""""}",true,,true,false,
1055,59,53,73,125,,101,Comp Turn Cst,1,1,false,1,{},true,,false,false,false,true,false,true,false,false,false,false,false,false,false,false,"{""""}",true,,true,false,
1056,59,108,73,126,,101,NComp Turn Cst,1,1,false,1,{},false,,false,false,false,true,false,true,false,false,false,false,false,false,false,false,"{""""}",true,,true,false,
1057,59,168,73,127,,101,Ttl Turn Cst,1,1,false,1,{},false,,false,false,false,true,false,true,false,false,false,false,false,false,false,false,"{""""}",true,,true,false,
1058,59,40,73,128,,101,Comp OO U (Com),1,1,false,1,{},true,,false,false,false,true,false,true,true,false,true,false,false,false,false,false,"{""""}",true,,true,false,
1059,59,96,73,129,,101,NComp OO U (Com),1,1,false,1,{},false,,false,false,false,true,false,true,true,false,true,false,false,false,false,false,"{""""}",true,,true,false,
1060,59,155,73,130,,101,Ttl OO U (Com),1,1,false,1,{},false,,false,false,false,true,false,true,true,false,true,false,false,false,false,false,"{""""}",true,,true,false,
1061,59,36,73,131,,101,Comp OO Cst (Com),1,1,false,1,{},true,,false,false,false,true,false,true,true,false,true,false,false,false,false,false,"{""""}",true,,true,false,
1062,59,92,73,132,,101,NComp OO Cst (Com),1,1,false,1,{},false,,false,false,false,true,false,true,true,false,true,false,false,false,false,false,"{""""}",true,,true,false,
1063,59,151,73,133,,101,Ttl OO Cst (Com),1,1,false,1,{},false,,false,false,false,true,false,true,true,false,true,false,false,false,false,false,"{""""}",true,,true,false,
1064,59,234,73,134,,101,Comp OO LCst (Com),1,1,false,1,{},false,,false,false,false,true,false,true,true,false,true,false,false,false,false,false,"{""""}",true,,true,false,
1065,59,235,73,135,,101,Ttl OO LCst (Com),1,1,false,1,{},false,,false,false,false,true,false,true,true,false,true,false,false,false,false,false,"{""""}",true,,true,false,
1066,59,34,73,136,,101,Comp OO AUC (Com),1,1,false,1,{},true,,false,false,false,true,false,true,true,false,false,false,false,false,false,false,"{""""}",true,,true,false,
1067,59,90,73,137,,101,NComp OO AUC (Com),1,1,false,1,{},false,,false,false,false,true,false,true,true,false,false,false,false,false,false,false,"{""""}",true,,true,false,
1068,59,148,73,138,,101,Ttl OO AUC (Com),1,1,false,1,{},false,,false,false,false,true,false,true,true,false,false,false,false,false,false,false,"{""""}",true,,true,false,
1069,59,236,73,139,,101,Comp OO AULC (Com),1,1,false,1,{},false,,false,false,false,true,false,true,true,false,false,false,false,false,false,false,"{""""}",true,,true,false,
1070,59,237,73,140,,101,Ttl OO AULC (Com),1,1,false,1,{},false,,false,false,false,true,false,true,true,false,false,false,false,false,false,false,"{""""}",true,,true,false,
1071,59,39,73,141,,101,Comp OO U (NCom),1,1,false,1,{},true,,false,false,false,true,false,true,true,false,true,false,false,false,false,false,"{""""}",true,,true,false,
1072,59,95,73,142,,101,NComp OO U (NCom),1,1,false,1,{},false,,false,false,false,true,false,true,true,false,true,false,false,false,false,false,"{""""}",true,,true,false,
1073,59,154,73,143,,101,Ttl OO U (NCom),1,1,false,1,{},false,,false,false,false,true,false,true,true,false,true,false,false,false,false,false,"{""""}",true,,true,false,
1074,59,35,73,144,,101,Comp OO Cst (NCom),1,1,false,1,{},true,,false,false,false,true,false,true,true,false,true,false,false,false,false,false,"{""""}",true,,true,false,
1075,59,91,73,145,,101,NComp OO Cst (NCom),1,1,false,1,{},false,,false,false,false,true,false,true,true,false,true,false,false,false,false,false,"{""""}",true,,true,false,
1076,59,150,73,146,,101,Ttl OO Cst (NCom),1,1,false,1,{},false,,false,false,false,true,false,true,true,false,true,false,false,false,false,false,"{""""}",true,,true,false,
1077,59,238,73,147,,101,Comp OO LCst (NCom),1,1,false,1,{},false,,false,false,false,true,false,true,true,false,true,false,false,false,false,false,"{""""}",true,,true,false,
1078,59,239,73,148,,101,Ttl OO LCst (NCom),1,1,false,1,{},false,,false,false,false,true,false,true,true,false,true,false,false,false,false,false,"{""""}",true,,true,false,
1079,59,33,73,149,,101,Comp OO AUC (NCom),1,1,false,1,{},true,,false,false,false,true,false,true,true,false,false,false,false,false,false,false,"{""""}",true,,true,false,
1080,59,89,73,150,,101,NComp OO AUC (NCom),1,1,false,1,{},false,,false,false,false,true,false,true,true,false,false,false,false,false,false,false,"{""""}",true,,true,false,
1081,59,147,73,151,,101,Ttl OO AUC (NCom),1,1,false,1,{},false,,false,false,false,true,false,true,true,false,false,false,false,false,false,false,"{""""}",true,,true,false,
1082,59,240,73,152,,101,Comp OO AULC (NCom),1,1,false,1,{},false,,false,false,false,true,false,true,true,false,false,false,false,false,false,false,"{""""}",true,,true,false,
1083,59,241,73,153,,101,Ttl OO AULC (NCom),1,1,false,1,{},false,,false,false,false,true,false,true,true,false,false,false,false,false,false,false,"{""""}",true,,true,false,
1084,59,4,73,154,,101,Comp Inv Adj U,1,1,false,1,{},false,,false,false,false,true,true,true,true,false,true,false,false,false,false,false,"{""""}",true,,true,false,
1085,59,60,73,155,,101,NComp Inv Adj U,1,1,false,1,{},false,,false,false,false,true,false,true,true,false,true,false,false,false,false,false,"{""""}",true,,true,false,
1086,59,115,73,156,,101,Ttl Inv Adj U,1,1,false,1,{},false,,false,false,false,true,false,true,true,false,true,false,false,false,false,false,"{""""}",true,,true,false,
1087,59,2,73,157,,101,Comp Inv Adj Cst,1,1,false,1,{},true,,false,false,false,true,false,true,true,false,true,false,false,false,false,false,"{""""}",true,,true,false,
1088,59,58,73,158,,101,NComp Inv Adj Cst,1,1,false,1,{},false,,false,false,false,true,false,true,true,false,true,false,false,false,false,false,"{""""}",true,,true,false,
1089,59,113,73,159,,101,Ttl Inv Adj Cst,1,1,false,1,{},false,,false,false,false,true,false,true,true,false,true,false,false,false,false,false,"{""""}",true,,true,false,
1090,59,242,73,160,,101,Comp Inv Adj LCst,1,1,false,1,{},false,,false,false,false,true,true,true,true,false,true,false,false,false,false,false,"{""""}",true,,true,false,
1091,59,243,73,161,,101,Ttl Inv Adj LCst,1,1,false,1,{},false,,false,false,false,true,false,true,true,false,true,false,false,false,false,false,"{""""}",true,,true,false,
1092,59,1,73,162,,101,Comp Inv Adj AUC,1,1,false,1,{},true,,false,false,false,true,false,true,true,false,false,false,false,false,false,false,"{""""}",true,,true,false,
1093,59,57,73,163,,101,NComp Inv Adj AUC,1,1,false,1,{},false,,false,false,false,true,false,true,true,false,false,false,false,false,false,false,"{""""}",true,,true,false,
1094,59,112,73,164,,101,Ttl Inv Adj AUC,1,1,false,1,{},false,,false,false,false,true,false,true,true,false,false,false,false,false,false,false,"{""""}",true,,true,false,
1095,59,244,73,165,,101,Comp Inv Adj AULC,1,1,false,1,{},false,,false,false,false,true,true,true,true,false,false,false,false,false,false,false,"{""""}",true,,true,false,
1096,59,245,73,166,,101,Ttl Inv Adj AULC,1,1,false,1,{},false,,false,false,false,true,false,true,true,false,false,false,false,false,false,false,"{""""}",true,,true,false,
1097,59,246,73,167,,101,Comp EOH U OP,1,1,false,1,{},false,,false,false,false,false,false,true,false,false,true,false,false,false,false,false,"{""""}",true,,true,false,
1098,59,247,73,168,,101,Ttl EOH U OP,1,1,false,1,{},false,,false,false,false,false,false,true,false,false,true,false,false,false,false,false,"{""""}",true,,true,false,
1099,59,248,73,169,,101,Comp EOH U LF,1,1,false,1,{},false,,false,false,false,false,false,true,false,false,true,false,false,false,false,false,"{""""}",true,,true,false,
1100,59,249,73,170,,101,Ttl EOH U LF,1,1,false,1,{},false,,false,false,false,false,false,true,false,false,true,false,false,false,false,false,"{""""}",true,,true,false,
1101,59,181,73,171,,101,Comp EOH Cst OP,1,1,false,1,{},false,,false,false,false,false,false,true,false,false,true,false,false,false,false,false,"{""""}",true,,true,false,
1102,59,78,73,172,,101,NComp EOH Cst OP,1,1,false,1,{},false,,false,false,false,false,false,true,false,false,true,false,false,false,false,false,"{""""}",true,,true,false,
1103,59,133,73,173,,101,Ttl EOH Cst OP,1,1,false,1,{},false,,false,false,false,false,false,true,false,false,true,false,false,false,false,false,"{""""}",true,,true,false,
1104,59,250,73,174,,101,Comp EOH LCst OP,1,1,false,1,{},false,,false,false,false,false,false,true,false,false,true,false,false,false,false,false,"{""""}",true,,true,false,
1105,59,251,73,175,,101,Ttl EOH LCst OP,1,1,false,1,{},false,,false,false,false,false,false,true,false,false,true,false,false,false,false,false,"{""""}",true,,true,false,
1106,59,21,73,176,,101,Comp EOH Cst LF,1,1,false,1,{},false,,false,false,false,false,false,true,false,false,true,false,false,false,false,false,"{""""}",true,,true,false,
1107,59,77,73,177,,101,NComp EOH Cst LF,1,1,false,1,{},false,,false,false,false,false,false,true,false,false,true,false,false,false,false,false,"{""""}",true,,true,false,
1108,59,132,73,178,,101,Ttl EOH Cst LF,1,1,false,1,{},false,,false,false,false,false,false,true,false,false,true,false,false,false,false,false,"{""""}",true,,true,false,
1109,59,252,73,179,,101,Comp EOH LCst LF,1,1,false,1,{},false,,false,false,false,false,false,true,false,false,true,false,false,false,false,false,"{""""}",true,,true,false,
1110,59,253,73,180,,101,Ttl EOH LCst LF,1,1,false,1,{},false,,false,false,false,false,false,true,false,false,true,false,false,false,false,false,"{""""}",true,,true,false,
1111,59,176,73,181,,101,Comp OTB $ (WF vs OP),1,1,false,1,{},false,,false,false,false,false,false,true,false,false,true,false,false,false,false,false,"{""""}",true,,true,false,
1112,59,178,73,182,,101,NComp OTB $ (WF vs OP),1,1,false,1,{},false,,false,false,false,false,false,true,false,false,true,false,false,false,false,false,"{""""}",true,,true,false,
1113,59,180,73,183,,101,Ttl OTB $ (WF vs OP),1,1,false,1,{},false,,false,false,false,false,false,true,false,false,true,false,false,false,false,false,"{""""}",true,,true,false,
1114,59,175,73,184,,101,Comp OTB $ (WF vs LF),1,1,false,1,{},false,,false,false,false,false,false,true,false,false,true,false,false,false,false,false,"{""""}",true,,true,false,
1115,59,177,73,185,,101,NComp OTB $ (WF vs LF),1,1,false,1,{},false,,false,false,false,false,false,true,false,false,true,false,false,false,false,false,"{""""}",true,,true,false,
1116,59,179,73,186,,101,Ttl OTB $ (WF vs LF),1,1,false,1,{},false,,false,false,false,false,false,true,false,false,true,false,false,false,false,false,"{""""}",true,,true,false,
1117,59,254,73,187,,101,Comp OTB LCst WF to OP,1,1,false,1,{},false,,false,false,false,false,false,true,false,false,true,false,false,false,false,false,"{""""}",true,,true,false,
1118,59,255,73,188,,101,Ttl OTB LCst WF to OP,1,1,false,1,{},false,,false,false,false,false,false,true,false,false,true,false,false,false,false,false,"{""""}",true,,true,false,
1119,59,256,73,189,,101,Comp OTB LCst WF to LF,1,1,false,1,{},false,,false,false,false,false,false,true,false,false,true,false,false,false,false,false,"{""""}",true,,true,false,
1120,59,257,73,190,,101,Ttl OTB LCst WF to LF,1,1,false,1,{},false,,false,false,false,false,false,true,false,false,true,false,false,false,false,false,"{""""}",true,,true,false,
1121,59,51,73,191,,101,Comp Store Instock Facings,1,1,false,1,{},false,,false,false,false,true,false,true,true,false,true,false,false,false,false,false,"{""""}",true,,true,false,
1122,59,106,73,192,,101,NComp Store Instock Facings,1,1,false,1,{},false,,false,false,false,true,false,true,true,false,true,false,false,false,false,false,"{""""}",true,,true,false,
1123,59,166,73,193,,101,Ttl Store Instock Facings,1,1,false,1,{},false,,false,false,false,true,false,true,true,false,true,false,false,false,false,false,"{""""}",true,,true,false,
1124,59,52,73,194,,101,Comp Store Total Facings,1,1,false,1,{},false,,false,false,false,true,false,true,true,false,true,false,false,false,false,false,"{""""}",true,,true,false,
1125,59,107,73,195,,101,NComp Store Total Facings,1,1,false,1,{},false,,false,false,false,true,false,true,true,false,true,false,false,false,false,false,"{""""}",true,,true,false,
1126,59,167,73,196,,101,Ttl Store Total Facings,1,1,false,1,{},false,,false,false,false,true,false,true,true,false,true,false,false,false,false,false,"{""""}",true,,true,false,
1127,59,258,73,197,,101,Comp CH BOH U IMP,1,1,false,1,{},true,,false,false,false,false,false,true,false,false,true,false,false,false,false,false,"{""""}",true,,true,false,
1128,59,259,73,198,,101,Ttl CH BOH U IMP,1,1,false,1,{},false,,false,false,false,false,false,true,false,false,true,false,false,false,false,false,"{""""}",true,,true,false,
1129,59,260,73,199,,101,Comp CH BOH LCst IMP,1,1,false,1,{},false,,false,false,false,false,false,true,false,false,true,false,false,false,false,false,"{""""}",true,,true,false,
1130,59,261,73,200,,101,Ttl CH BOH LCst IMP,1,1,false,1,{},false,,false,false,false,false,false,true,false,false,true,false,false,false,false,false,"{""""}",true,,true,false,
1131,59,262,73,201,,101,Comp CH BOH Cst IMP,1,1,false,1,{},true,,false,false,false,false,false,true,false,false,true,false,false,false,false,false,"{""""}",true,,true,false,
1132,59,263,73,202,,101,Ttl CH BOH Cst IMP,1,1,false,1,{},false,,false,false,false,false,false,true,false,false,true,false,false,false,false,false,"{""""}",true,,true,false,
1133,59,264,73,203,,101,Comp CH BOH U,1,1,false,1,{},false,,false,false,false,false,false,true,false,false,true,false,false,false,false,false,"{""""}",true,,true,false,
1134,59,265,73,204,,101,Ttl CH BOH U,1,1,false,1,{},false,,false,false,false,false,false,true,false,false,true,false,false,false,false,false,"{""""}",true,,true,false,
1135,59,266,73,205,,101,Comp CH BOH Cst,1,1,false,1,{},false,,false,false,false,false,false,true,false,false,true,false,false,false,false,false,"{""""}",true,,true,false,
1136,59,267,73,206,,101,Ttl CH BOH Cst,1,1,false,1,{},false,,false,false,false,false,false,true,false,false,true,false,false,false,false,false,"{""""}",true,,true,false,
1137,59,268,73,207,,101,Comp CH BOH AULC,1,1,false,1,{},false,,false,false,false,false,false,true,false,false,false,false,false,false,false,false,"{""""}",true,,true,false,
1138,59,269,73,208,,101,Ttl CH BOH AULC,1,1,false,1,{},false,,false,false,false,false,false,true,false,false,false,false,false,false,false,false,"{""""}",true,,true,false,
1139,59,270,73,209,,101,Comp CH EOH U IMP,1,1,false,1,{},true,,false,false,false,false,false,true,false,false,true,false,false,false,false,false,"{""""}",true,,true,false,
1140,59,271,73,210,,101,Ttl CH EOH U IMP,1,1,false,1,{},false,,false,false,false,false,false,true,false,false,true,false,false,false,false,false,"{""""}",true,,true,false,
1141,59,272,73,211,,101,Comp CH EOH LCst IMP,1,1,false,1,{},false,,false,false,false,false,false,true,false,false,true,false,false,false,false,false,"{""""}",true,,true,false,
1142,59,273,73,212,,101,Ttl CH EOH LCst IMP,1,1,false,1,{},false,,false,false,false,false,false,true,false,false,true,false,false,false,false,false,"{""""}",true,,true,false,
1143,59,274,73,213,,101,Comp CH EOH Cst IMP,1,1,false,1,{},true,,false,false,false,false,false,true,false,false,true,false,false,false,false,false,"{""""}",true,,true,false,
1144,59,275,73,214,,101,Ttl CH EOH Cst IMP,1,1,false,1,{},false,,false,false,false,false,false,true,false,false,true,false,false,false,false,false,"{""""}",true,,true,false,
1145,59,276,73,215,,101,Comp CH EOH U,1,1,false,1,{},false,,false,false,false,false,false,true,false,false,true,false,false,false,false,false,"{""""}",true,,true,false,
1146,59,277,73,216,,101,Ttl CH EOH U,1,1,false,1,{},false,,false,false,false,false,false,true,false,false,true,false,false,false,false,false,"{""""}",true,,true,false,
1147,59,278,73,217,,101,Comp CH EOH Cst,1,1,false,1,{},false,,false,false,false,false,false,true,false,false,true,false,false,false,false,false,"{""""}",true,,true,false,
1148,59,279,73,218,,101,Ttl CH EOH Cst,1,1,false,1,{},false,,false,false,false,false,false,true,false,false,true,false,false,false,false,false,"{""""}",true,,true,false,
1149,59,280,73,219,,101,Comp CH EOH AULC,1,1,false,1,{},false,,false,false,false,false,false,true,false,false,false,false,false,false,false,false,"{""""}",true,,true,false,
1150,59,281,73,220,,101,Ttl CH EOH AULC,1,1,false,1,{},false,,false,false,false,false,false,true,false,false,false,false,false,false,false,false,"{""""}",true,,true,false,
1151,59,282,73,221,,101,Comp CH Est Res Rec %,1,1,false,1,{},true,,false,false,false,true,true,true,true,false,false,false,false,false,false,false,"{""""}",true,,true,false,
1152,59,283,73,222,,101,Ttl CH Est Res Rec %,1,1,false,1,{},false,,false,false,false,true,false,true,true,false,false,false,false,false,false,false,"{""""}",true,,true,false,
1153,59,284,73,223,,101,Comp CH Est Res Rec U,1,1,false,1,{},false,,false,false,false,true,false,true,true,false,true,false,false,false,false,false,"{""""}",true,,true,false,
1154,59,285,73,224,,101,Ttl CH Est Res Rec U,1,1,false,1,{},false,,false,false,false,true,false,true,true,false,true,false,false,false,false,false,"{""""}",true,,true,false,
1155,59,286,73,225,,101,Comp CH Est Res Rec Cst,1,1,false,1,{},false,,false,false,false,true,false,true,true,false,true,false,false,false,false,false,"{""""}",true,,true,false,
1156,59,287,73,226,,101,Ttl CH Est Res Rec Cst,1,1,false,1,{},false,,false,false,false,true,false,true,true,false,true,false,false,false,false,false,"{""""}",true,,true,false,
1157,59,288,73,227,,101,Comp Est 3rd Pty Rec %,1,1,false,1,{},true,,false,false,false,true,true,true,true,false,false,false,false,false,false,false,"{""""}",true,,true,false,
1158,59,289,73,228,,101,Ttl Est 3rd Pty Rec %,1,1,false,1,{},false,,false,false,false,true,false,true,true,false,false,false,false,false,false,false,"{""""}",true,,true,false,
1159,59,290,73,229,,101,Comp Est 3rd Pty Rec U,1,1,false,1,{},false,,false,false,false,true,false,true,true,false,true,false,false,false,false,false,"{""""}",true,,true,false,
1160,59,291,73,230,,101,Ttl Est 3rd Pty Rec U,1,1,false,1,{},false,,false,false,false,true,false,true,true,false,true,false,false,false,false,false,"{""""}",true,,true,false,
1161,59,292,73,231,,101,Comp Est 3rd Pty Rec Cst,1,1,false,1,{},false,,false,false,false,true,false,true,true,false,true,false,false,false,false,false,"{""""}",true,,true,false,
1162,59,293,73,232,,101,Ttl Est 3rd Pty Rec Cst,1,1,false,1,{},false,,false,false,false,true,false,true,true,false,true,false,false,false,false,false,"{""""}",true,,true,false,
1163,59,294,73,233,,101,Comp Est Bypass Rec %,1,1,false,1,{},true,,false,false,false,true,true,true,true,false,false,false,false,false,false,false,"{""""}",true,,true,false,
1164,59,295,73,234,,101,Ttl Est Bypass Rec %,1,1,false,1,{},false,,false,false,false,true,false,true,true,false,false,false,false,false,false,false,"{""""}",true,,true,false,
1165,59,296,73,235,,101,Comp Est Bypass Rec U,1,1,false,1,{},false,,false,false,false,true,false,true,true,false,true,false,false,false,false,false,"{""""}",true,,true,false,
1166,59,297,73,236,,101,Ttl Est Bypass Rec U,1,1,false,1,{},false,,false,false,false,true,false,true,true,false,true,false,false,false,false,false,"{""""}",true,,true,false,
1167,59,298,73,237,,101,Comp Est Bypass Rec Cst,1,1,false,1,{},false,,false,false,false,true,false,true,true,false,true,false,false,false,false,false,"{""""}",true,,true,false,
1168,59,299,73,238,,101,Ttl Est Bypass Rec Cst,1,1,false,1,{},false,,false,false,false,true,false,true,true,false,true,false,false,false,false,false,"{""""}",true,,true,false,
1169,59,300,73,239,,101,Comp CH Ttl Rct U,1,1,false,1,{},true,,false,false,false,false,false,true,false,false,true,false,false,false,false,false,"{""""}",true,,true,false,
1170,59,301,73,240,,101,Ttl CH Ttl Rct U,1,1,false,1,{},false,,false,false,false,false,false,true,false,false,true,false,false,false,false,false,"{""""}",true,,true,false,
1171,59,302,73,241,,101,Comp CH Ttl Rct Cst,1,1,false,1,{},true,,false,false,false,false,false,true,false,false,true,false,false,false,false,false,"{""""}",true,,true,false,
1172,59,303,73,242,,101,Ttl CH Ttl Rct Cst,1,1,false,1,{},false,,false,false,false,false,false,true,false,false,true,false,false,false,false,false,"{""""}",true,,true,false,
1173,65,42,74,1,,101,Comp Sls U,1,1,false,1,{},true,,false,false,true,true,true,true,true,true,true,false,false,false,false,false,"{""""}",true,,true,false,
1174,65,98,74,2,,101,NComp Sls U,1,1,false,1,{},false,,false,false,true,true,true,true,true,true,true,false,false,false,false,false,"{""""}",true,,true,false,
1175,65,157,74,3,,101,Ttl Sls U,1,1,false,1,{},false,,false,false,true,true,false,true,true,false,true,false,false,false,false,false,"{""""}",true,,true,false,
1176,65,49,74,4,,101,Comp Sls $,1,1,false,1,{},true,,false,false,true,true,true,true,true,true,true,false,false,false,false,false,"{""""}",true,,true,false,
1177,65,104,74,5,,101,NComp Sls $,1,1,false,1,{},false,,false,false,true,true,true,true,true,true,true,false,false,false,false,false,"{""""}",true,,true,false,
1178,65,164,74,6,,101,Ttl Sls $,1,1,false,1,{},false,,false,false,true,true,false,true,true,false,true,false,false,false,false,false,"{""""}",true,,true,false,
1179,65,7,74,7,,101,Comp AUR,1,1,false,1,{},true,,false,false,true,true,true,true,true,false,false,false,false,false,false,false,"{""""}",true,,true,false,
1180,65,63,74,8,,101,NComp AUR,1,1,false,1,{},false,,false,false,true,true,true,true,true,false,false,false,false,false,false,false,"{""""}",true,,true,false,
1181,65,118,74,9,,101,Ttl AUR,1,1,false,1,{},false,,false,false,true,true,false,true,true,false,false,false,false,false,false,false,"{""""}",true,,true,false,
1182,29,42,74,1,,101,Comp Sls U,1,1,false,1,{},true,,false,false,true,true,true,true,true,true,true,false,false,false,false,false,"{""""}",true,,true,false,
1183,29,98,74,2,,101,NComp Sls U,1,1,false,1,{},false,,false,false,true,true,true,true,true,true,true,false,false,false,false,false,"{""""}",true,,true,false,
1184,29,157,74,3,,101,Ttl Sls U,1,1,false,1,{},false,,false,false,true,true,false,true,true,false,true,false,false,false,false,false,"{""""}",true,,true,false,
1185,29,49,74,4,,101,Comp Sls $,1,1,false,1,{},true,,false,false,true,true,true,true,true,true,true,false,false,false,false,false,"{""""}",true,,true,false,
1186,29,104,74,5,,101,NComp Sls $,1,1,false,1,{},false,,false,false,true,true,true,true,true,true,true,false,false,false,false,false,"{""""}",true,,true,false,
1187,29,164,74,6,,101,Ttl Sls $,1,1,false,1,{},false,,false,false,true,true,false,true,true,false,true,false,false,false,false,false,"{""""}",true,,true,false,
1188,29,7,74,7,,101,Comp AUR,1,1,false,1,{},true,,false,false,true,true,true,true,true,false,false,false,false,false,false,false,"{""""}",true,,true,false,
1189,29,63,74,8,,101,NComp AUR,1,1,false,1,{},false,,false,false,true,true,true,true,true,false,false,false,false,false,false,false,"{""""}",true,,true,false,
1190,29,118,74,9,,101,Ttl AUR,1,1,false,1,{},false,,false,false,true,true,false,true,true,false,false,false,false,false,false,false,"{""""}",true,,true,false,
1191,29,17,74,12,,101,Comp COGS,1,1,false,1,{},false,,false,false,true,true,false,true,true,false,true,false,false,false,false,false,"{""""}",true,,true,false,
1192,29,73,74,13,,101,NComp COGS,1,1,false,1,{},false,,false,false,true,true,false,true,true,false,true,false,false,false,false,false,"{""""}",true,,true,false,
1193,29,128,74,14,,101,Ttl COGS,1,1,false,1,{},false,,false,false,true,true,false,true,true,false,true,false,false,false,false,false,"{""""}",true,,true,false,
1194,29,184,74,15,,101,Comp Adj Cst,1,1,false,1,{},false,,false,false,true,true,false,true,true,false,true,false,false,false,false,false,"{""""}",true,,true,false,
1195,29,185,74,16,,101,NComp Adj Cst,1,1,false,1,{},false,,false,false,true,true,false,true,true,false,true,false,false,false,false,false,"{""""}",true,,true,false,
1196,29,186,74,17,,101,Ttl Adj Cst,1,1,false,1,{},false,,false,false,true,true,false,true,true,false,true,false,false,false,false,false,"{""""}",true,,true,false,
1197,29,6,74,20,,101,Comp AUC,1,1,false,1,{},true,,false,false,true,true,false,true,true,false,false,false,false,false,false,false,"{""""}",true,,true,false,
1198,29,62,74,21,,101,NComp AUC,1,1,false,1,{},false,,false,false,true,true,false,true,true,false,false,false,false,false,false,false,"{""""}",true,,true,false,
1199,29,117,74,22,,101,Ttl AUC,1,1,false,1,{},false,,false,false,true,true,false,true,true,false,false,false,false,false,false,false,"{""""}",true,,true,false,
1200,29,189,74,23,,101,Comp Adj AUC,1,1,false,1,{},false,,false,false,true,true,false,true,true,false,false,false,false,false,false,false,"{""""}",true,,true,false,
1201,29,190,74,24,,101,NComp Adj AUC,1,1,false,1,{},false,,false,false,true,true,false,true,true,false,false,false,false,false,false,false,"{""""}",true,,true,false,
1202,29,191,74,25,,101,Ttl Adj AUC,1,1,false,1,{},false,,false,false,true,true,false,true,true,false,false,false,false,false,false,false,"{""""}",true,,true,false,
1203,29,192,74,26,,101,Comp AULC,1,1,false,1,{},false,,false,false,true,true,false,true,true,false,false,false,false,false,false,false,"{""""}",true,,true,false,
1204,29,193,74,27,,101,Ttl AULC,1,1,false,1,{},false,,false,false,true,true,false,true,true,false,false,false,false,false,false,false,"{""""}",true,,true,false,
1205,29,43,74,28,,101,Comp Sls U Build,1,1,false,1,{},false,,false,false,true,true,false,true,false,false,false,false,false,false,false,false,"{""""}",true,,true,false,
1206,29,99,74,29,,101,NComp Sls U Build,1,1,false,1,{},false,,false,false,true,true,false,true,false,false,false,false,false,false,false,false,"{""""}",true,,true,false,
1207,29,158,74,30,,101,Ttl Sls U Build,1,1,false,1,{},false,,false,false,true,true,false,true,false,false,false,false,false,false,false,false,"{""""}",true,,true,false,
1208,29,18,74,31,,101,Comp Sls $ Build,1,1,false,1,{},false,,false,false,true,true,false,true,false,false,false,false,false,false,false,false,"{""""}",true,,true,false,
1209,29,74,74,32,,101,NComp Sls $ Build,1,1,false,1,{},false,,false,false,true,true,false,true,false,false,false,false,false,false,false,false,"{""""}",true,,true,false,
1210,29,129,74,33,,101,Ttl Sls $ Build,1,1,false,1,{},false,,false,false,true,true,false,true,false,false,false,false,false,false,false,false,"{""""}",true,,true,false,
1211,29,28,72,34,,101,Comp GM $,1,1,false,1,{},true,,false,false,true,true,true,true,true,false,true,false,false,false,false,false,"{""""}",true,,true,false,
1212,29,84,72,35,,101,NComp GM $,1,1,false,1,{},false,,false,false,true,true,true,true,true,false,true,false,false,false,false,false,"{""""}",true,,true,false,
1213,29,142,72,36,,101,Ttl GM $,1,1,false,1,{},false,,false,false,true,true,false,true,true,false,true,false,false,false,false,false,"{""""}",true,,true,false,
1214,29,29,72,37,,101,Comp GM %,1,1,false,1,{},true,,false,false,true,true,true,true,true,false,false,false,false,false,false,false,"{""""}",true,,true,false,
1215,29,85,72,38,,101,NComp GM %,1,1,false,1,{},false,,false,false,true,true,true,true,true,false,false,false,false,false,false,false,"{""""}",true,,true,false,
1216,29,143,72,39,,101,Ttl GM %,1,1,false,1,{},false,,false,false,true,true,false,true,true,false,false,false,false,false,false,false,"{""""}",true,,true,false,
1217,29,194,72,40,,101,Comp Adj GM $,1,1,false,1,{},false,,false,false,true,true,false,true,true,false,true,false,false,false,false,false,"{""""}",true,,true,false,
1218,29,195,72,41,,101,NComp Adj GM $,1,1,false,1,{},false,,false,false,true,true,false,true,true,false,true,false,false,false,false,false,"{""""}",true,,true,false,
1219,29,196,72,42,,101,Ttl Adj GM $,1,1,false,1,{},false,,false,false,true,true,false,true,true,false,true,false,false,false,false,false,"{""""}",true,,true,false,
1220,29,197,72,43,,101,Comp Adj GM %,1,1,false,1,{},false,,false,false,true,true,false,true,true,false,false,false,false,false,false,false,"{""""}",true,,true,false,
1221,29,198,72,44,,101,NComp Adj GM %,1,1,false,1,{},false,,false,false,true,true,false,true,true,false,false,false,false,false,false,false,"{""""}",true,,true,false,
1222,29,199,72,45,,101,Ttl Adj GM %,1,1,false,1,{},false,,false,false,true,true,false,true,true,false,false,false,false,false,false,false,"{""""}",true,,true,false,
1223,29,23,72,46,,101,Comp GMROI,1,1,false,1,{},true,,false,false,true,true,false,true,false,false,false,false,false,false,false,false,"{""""}",true,,true,false,
1224,29,80,72,47,,101,NComp GMROI,1,1,false,1,{},false,,false,false,true,true,false,true,false,false,false,false,false,false,false,false,"{""""}",true,,true,false,
1225,29,137,72,48,,101,Ttl GMROI,1,1,false,1,{},false,,false,false,true,true,false,true,false,false,false,false,false,false,false,false,"{""""}",true,,true,false,
1226,29,13,73,55,,101,Comp BOH U,1,1,false,1,{},false,,false,false,true,true,false,true,true,false,true,false,false,false,false,false,"{""""}",true,,true,false,
1227,29,69,73,56,,101,NComp BOH U,1,1,false,1,{},false,,false,false,true,true,false,true,true,false,true,false,false,false,false,false,"{""""}",true,,true,false,
1228,29,124,73,57,,101,Ttl BOH U,1,1,false,1,{},false,,false,false,true,true,false,true,true,false,true,false,false,false,false,false,"{""""}",true,,true,false,
1229,29,11,73,58,,101,Comp BOH Cst,1,1,false,1,{},true,,false,false,true,true,false,true,true,false,true,false,false,false,false,false,"{""""}",true,,true,false,
1230,29,67,73,59,,101,NComp BOH Cst,1,1,false,1,{},false,,false,false,true,true,false,true,true,false,true,false,false,false,false,false,"{""""}",true,,true,false,
1231,29,122,73,60,,101,Ttl BOH Cst,1,1,false,1,{},false,,false,false,true,true,false,true,true,false,true,false,false,false,false,false,"{""""}",true,,true,false,
1232,29,9,73,63,,101,Comp BOH AUC,1,1,false,1,{},true,,false,false,true,true,false,true,true,false,false,false,false,false,false,false,"{""""}",true,,true,false,
1233,29,65,73,64,,101,NComp BOH AUC,1,1,false,1,{},false,,false,false,true,true,false,true,true,false,false,false,false,false,false,false,"{""""}",true,,true,false,
1234,29,120,73,65,,101,Ttl BOH AUC,1,1,false,1,{},false,,false,false,true,true,false,true,true,false,false,false,false,false,false,false,"{""""}",true,,true,false,
1235,29,22,73,68,,101,Comp EOH U,1,1,false,1,{},true,,false,false,true,true,false,true,true,false,true,false,false,false,false,false,"{""""}",true,,true,false,
1236,29,79,73,69,,101,NComp EOH U,1,1,false,1,{},false,,false,false,true,true,false,true,true,false,true,false,false,false,false,false,"{""""}",true,,true,false,
1237,29,135,73,70,,101,Ttl EOH U,1,1,false,1,{},false,,false,false,true,true,false,true,true,false,true,false,false,false,false,false,"{""""}",true,,true,false,
1238,29,20,73,71,,101,Comp EOH Cst,1,1,false,1,{},true,,false,false,true,true,false,true,true,false,true,false,false,false,false,false,"{""""}",true,,true,false,
1239,29,76,73,72,,101,NComp EOH Cst,1,1,false,1,{},false,,false,false,true,true,false,true,true,false,true,false,false,false,false,false,"{""""}",true,,true,false,
1240,29,131,73,73,,101,Ttl EOH Cst,1,1,false,1,{},false,,false,false,true,true,false,true,true,false,true,false,false,false,false,false,"{""""}",true,,true,false,
1241,29,19,73,76,,101,Comp EOH AUC,1,1,false,1,{},true,,false,false,true,true,false,true,true,false,false,false,false,false,false,false,"{""""}",true,,true,false,
1242,29,75,73,77,,101,NComp EOH AUC,1,1,false,1,{},false,,false,false,true,true,false,true,true,false,false,false,false,false,false,false,"{""""}",true,,true,false,
1243,29,130,73,78,,101,Ttl EOH AUC,1,1,false,1,{},false,,false,false,true,true,false,true,true,false,false,false,false,false,false,false,"{""""}",true,,true,false,
1244,29,8,73,81,,101,Comp Avg Inv,1,1,false,1,{},false,,false,false,true,true,false,true,true,false,false,false,false,false,false,false,"{""""}",true,,true,false,
1245,29,64,73,82,,101,NComp Avg Inv,1,1,false,1,{},false,,false,false,true,true,false,true,true,false,false,false,false,false,false,false,"{""""}",true,,true,false,
1246,29,119,73,83,,101,Ttl Avg Inv,1,1,false,1,{},false,,false,false,true,true,false,true,true,false,false,false,false,false,false,false,"{""""}",true,,true,false,
1247,29,50,73,84,,101,Comp ST%,1,1,false,1,{},false,,false,false,true,true,false,true,false,false,false,false,false,false,false,false,"{""""}",true,,true,false,
1248,29,105,73,85,,101,NComp ST%,1,1,false,1,{},false,,false,false,true,true,false,true,false,false,false,false,false,false,false,false,"{""""}",true,,true,false,
1249,29,165,73,86,,101,Ttl ST%,1,1,false,1,{},false,,false,false,true,true,false,true,false,false,false,false,false,false,false,false,"{""""}",true,,true,false,
1250,29,56,73,87,,101,Comp WOS,1,1,false,1,{},true,,false,false,true,true,false,true,false,false,false,false,false,false,false,false,"{""""}",true,,true,false,
1251,29,111,73,88,,101,NComp WOS,1,1,false,1,{},false,,false,false,true,true,false,true,false,false,false,false,false,false,false,false,"{""""}",true,,true,false,
1252,29,171,73,89,,101,Ttl WOS,1,1,false,1,{},false,,false,false,true,true,false,true,false,false,false,false,false,false,false,false,"{""""}",true,,true,false,
1253,29,24,73,90,,101,Comp In Stock %,1,1,false,1,{},false,,false,false,true,true,false,true,true,false,false,false,false,false,false,false,"{""""}",true,,true,false,
1254,29,81,73,91,,101,NComp In Stock %,1,1,false,1,{},false,,false,false,true,true,false,true,true,false,false,false,false,false,false,false,"{""""}",true,,true,false,
1255,29,138,73,92,,101,Ttl In Stock %,1,1,false,1,{},false,,false,false,true,true,false,true,true,false,false,false,false,false,false,false,"{""""}",true,,true,false,
1256,29,47,73,93,,101,Comp Rct U,1,1,false,1,{},true,,false,false,true,true,true,true,true,false,true,false,false,false,false,false,"{""""}",true,,true,false,
1257,29,103,73,94,,101,NComp Rct U,1,1,false,1,{},false,,false,false,true,true,true,true,true,false,true,false,false,false,false,false,"{""""}",true,,true,false,
1258,29,162,73,95,,101,Ttl Rct U,1,1,false,1,{},false,,false,false,true,true,false,true,true,false,true,false,false,false,false,false,"{""""}",true,,true,false,
1259,29,45,73,96,,101,Comp Rct Cst,1,1,false,1,{},true,,false,false,true,true,true,true,true,false,true,false,false,false,false,false,"{""""}",true,,true,false,
1260,29,101,73,97,,101,NComp Rct Cst,1,1,false,1,{},false,,false,false,true,true,true,true,true,false,true,false,false,false,false,false,"{""""}",true,,true,false,
1261,29,160,73,98,,101,Ttl Rct Cst,1,1,false,1,{},false,,false,false,true,true,false,true,true,false,true,false,false,false,false,false,"{""""}",true,,true,false,
1262,29,44,73,101,,101,Comp Rct AUC,1,1,false,1,{},false,,false,false,true,true,true,true,true,false,false,false,false,false,false,false,"{""""}",true,,true,false,
1263,29,100,73,102,,101,NComp Rct AUC,1,1,false,1,{},false,,false,false,true,true,true,true,true,false,false,false,false,false,false,false,"{""""}",true,,true,false,
1264,29,159,73,103,,101,Ttl Rct AUC,1,1,false,1,{},false,,false,false,true,true,false,true,true,false,false,false,false,false,false,false,"{""""}",true,,true,false,
1265,29,55,73,122,,101,Comp Turn U,1,1,false,1,{},false,,false,false,true,true,false,true,false,false,false,false,false,false,false,false,"{""""}",true,,true,false,
1266,29,110,73,123,,101,NComp Turn U,1,1,false,1,{},false,,false,false,true,true,false,true,false,false,false,false,false,false,false,false,"{""""}",true,,true,false,
1267,29,170,73,124,,101,Ttl Turn U,1,1,false,1,{},false,,false,false,true,true,false,true,false,false,false,false,false,false,false,false,"{""""}",true,,true,false,
1268,29,53,73,125,,101,Comp Turn Cst,1,1,false,1,{},true,,false,false,true,true,false,true,false,false,false,false,false,false,false,false,"{""""}",true,,true,false,
1269,29,108,73,126,,101,NComp Turn Cst,1,1,false,1,{},false,,false,false,true,true,false,true,false,false,false,false,false,false,false,false,"{""""}",true,,true,false,
1270,29,168,73,127,,101,Ttl Turn Cst,1,1,false,1,{},false,,false,false,true,true,false,true,false,false,false,false,false,false,false,false,"{""""}",true,,true,false,
1271,29,40,73,128,,101,Comp OO U (Com),1,1,false,1,{},true,,false,false,true,true,false,true,true,false,true,false,false,false,false,false,"{""""}",true,,true,false,
1272,29,96,73,129,,101,NComp OO U (Com),1,1,false,1,{},false,,false,false,true,true,false,true,true,false,true,false,false,false,false,false,"{""""}",true,,true,false,
1273,29,155,73,130,,101,Ttl OO U (Com),1,1,false,1,{},false,,false,false,true,true,false,true,true,false,true,false,false,false,false,false,"{""""}",true,,true,false,
1274,29,36,73,131,,101,Comp OO Cst (Com),1,1,false,1,{},true,,false,false,true,true,false,true,true,false,true,false,false,false,false,false,"{""""}",true,,true,false,
1275,29,92,73,132,,101,NComp OO Cst (Com),1,1,false,1,{},false,,false,false,true,true,false,true,true,false,true,false,false,false,false,false,"{""""}",true,,true,false,
1276,29,151,73,133,,101,Ttl OO Cst (Com),1,1,false,1,{},false,,false,false,true,true,false,true,true,false,true,false,false,false,false,false,"{""""}",true,,true,false,
1277,29,34,73,136,,101,Comp OO AUC (Com),1,1,false,1,{},true,,false,false,true,true,false,true,true,false,false,false,false,false,false,false,"{""""}",true,,true,false,
1278,29,90,73,137,,101,NComp OO AUC (Com),1,1,false,1,{},false,,false,false,true,true,false,true,true,false,false,false,false,false,false,false,"{""""}",true,,true,false,
1279,29,148,73,138,,101,Ttl OO AUC (Com),1,1,false,1,{},false,,false,false,true,true,false,true,true,false,false,false,false,false,false,false,"{""""}",true,,true,false,
1280,29,39,73,141,,101,Comp OO U (NCom),1,1,false,1,{},true,,false,false,true,true,false,true,true,false,true,false,false,false,false,false,"{""""}",true,,true,false,
1281,29,95,73,142,,101,NComp OO U (NCom),1,1,false,1,{},false,,false,false,true,true,false,true,true,false,true,false,false,false,false,false,"{""""}",true,,true,false,
1282,29,154,73,143,,101,Ttl OO U (NCom),1,1,false,1,{},false,,false,false,true,true,false,true,true,false,true,false,false,false,false,false,"{""""}",true,,true,false,
1283,29,35,73,144,,101,Comp OO Cst (NCom),1,1,false,1,{},true,,false,false,true,true,false,true,true,false,true,false,false,false,false,false,"{""""}",true,,true,false,
1284,29,91,73,145,,101,NComp OO Cst (NCom),1,1,false,1,{},false,,false,false,true,true,false,true,true,false,true,false,false,false,false,false,"{""""}",true,,true,false,
1285,29,150,73,146,,101,Ttl OO Cst (NCom),1,1,false,1,{},false,,false,false,true,true,false,true,true,false,true,false,false,false,false,false,"{""""}",true,,true,false,
1286,29,33,73,149,,101,Comp OO AUC (NCom),1,1,false,1,{},true,,false,false,true,true,false,true,true,false,false,false,false,false,false,false,"{""""}",true,,true,false,
1287,29,89,73,150,,101,NComp OO AUC (NCom),1,1,false,1,{},false,,false,false,true,true,false,true,true,false,false,false,false,false,false,false,"{""""}",true,,true,false,
1288,29,147,73,151,,101,Ttl OO AUC (NCom),1,1,false,1,{},false,,false,false,true,true,false,true,true,false,false,false,false,false,false,false,"{""""}",true,,true,false,
1289,29,4,73,154,,101,Comp Inv Adj U,1,1,false,1,{},false,,false,false,true,true,true,true,true,false,true,false,false,false,false,false,"{""""}",true,,true,false,
1290,29,60,73,155,,101,NComp Inv Adj U,1,1,false,1,{},false,,false,false,true,true,false,true,true,false,true,false,false,false,false,false,"{""""}",true,,true,false,
1291,29,115,73,156,,101,Ttl Inv Adj U,1,1,false,1,{},false,,false,false,true,true,false,true,true,false,true,false,false,false,false,false,"{""""}",true,,true,false,
1292,29,2,73,157,,101,Comp Inv Adj Cst,1,1,false,1,{},true,,false,false,true,true,false,true,true,false,true,false,false,false,false,false,"{""""}",true,,true,false,
1293,29,58,73,158,,101,NComp Inv Adj Cst,1,1,false,1,{},false,,false,false,true,true,false,true,true,false,true,false,false,false,false,false,"{""""}",true,,true,false,
1294,29,113,73,159,,101,Ttl Inv Adj Cst,1,1,false,1,{},false,,false,false,true,true,false,true,true,false,true,false,false,false,false,false,"{""""}",true,,true,false,
1295,29,1,73,162,,101,Comp Inv Adj AUC,1,1,false,1,{},true,,false,false,true,true,false,true,true,false,false,false,false,false,false,false,"{""""}",true,,true,false,
1296,29,57,73,163,,101,NComp Inv Adj AUC,1,1,false,1,{},false,,false,false,true,true,false,true,true,false,false,false,false,false,false,false,"{""""}",true,,true,false,
1297,29,112,73,164,,101,Ttl Inv Adj AUC,1,1,false,1,{},false,,false,false,true,true,false,true,true,false,false,false,false,false,false,false,"{""""}",true,,true,false,
1298,29,181,73,171,,101,Comp EOH Cst OP,1,1,false,1,{},false,,false,false,false,false,false,true,false,false,true,false,false,false,false,false,"{""""}",true,,true,false,
1299,29,78,73,172,,101,NComp EOH Cst OP,1,1,false,1,{},false,,false,false,false,false,false,true,false,false,true,false,false,false,false,false,"{""""}",true,,true,false,
1300,29,133,73,173,,101,Ttl EOH Cst OP,1,1,false,1,{},false,,false,false,false,false,false,true,false,false,true,false,false,false,false,false,"{""""}",true,,true,false,
1301,29,21,73,176,,101,Comp EOH Cst LF,1,1,false,1,{},false,,false,false,false,false,false,true,false,false,true,false,false,false,false,false,"{""""}",true,,true,false,
1302,29,77,73,177,,101,NComp EOH Cst LF,1,1,false,1,{},false,,false,false,false,false,false,true,false,false,true,false,false,false,false,false,"{""""}",true,,true,false,
1303,29,132,73,178,,101,Ttl EOH Cst LF,1,1,false,1,{},false,,false,false,false,false,false,true,false,false,true,false,false,false,false,false,"{""""}",true,,true,false,
1304,29,176,73,181,,101,Comp OTB $ (WF vs OP),1,1,false,1,{},false,,false,false,false,false,false,true,false,false,true,false,false,false,false,false,"{""""}",true,,true,false,
1305,29,178,73,182,,101,NComp OTB $ (WF vs OP),1,1,false,1,{},false,,false,false,false,false,false,true,false,false,true,false,false,false,false,false,"{""""}",true,,true,false,
1306,29,180,73,183,,101,Ttl OTB $ (WF vs OP),1,1,false,1,{},false,,false,false,false,false,false,true,false,false,true,false,false,false,false,false,"{""""}",true,,true,false,
1307,29,175,73,184,,101,Comp OTB $ (WF vs LF),1,1,false,1,{},false,,false,false,false,false,false,true,false,false,true,false,false,false,false,false,"{""""}",true,,true,false,
1308,29,177,73,185,,101,NComp OTB $ (WF vs LF),1,1,false,1,{},false,,false,false,false,false,false,true,false,false,true,false,false,false,false,false,"{""""}",true,,true,false,
1309,29,179,73,186,,101,Ttl OTB $ (WF vs LF),1,1,false,1,{},false,,false,false,false,false,false,true,false,false,true,false,false,false,false,false,"{""""}",true,,true,false,
1310,29,51,73,191,,101,Comp Store Instock Facings,1,1,false,1,{},false,,false,false,true,true,false,true,true,false,true,false,false,false,false,false,"{""""}",true,,true,false,
1311,29,106,73,192,,101,NComp Store Instock Facings,1,1,false,1,{},false,,false,false,true,true,false,true,true,false,true,false,false,false,false,false,"{""""}",true,,true,false,
1312,29,166,73,193,,101,Ttl Store Instock Facings,1,1,false,1,{},false,,false,false,true,true,false,true,true,false,true,false,false,false,false,false,"{""""}",true,,true,false,
1313,29,52,73,194,,101,Comp Store Total Facings,1,1,false,1,{},false,,false,false,true,true,false,true,true,false,true,false,false,false,false,false,"{""""}",true,,true,false,
1314,29,107,73,195,,101,NComp Store Total Facings,1,1,false,1,{},false,,false,false,true,true,false,true,true,false,true,false,false,false,false,false,"{""""}",true,,true,false,
1315,29,167,73,196,,101,Ttl Store Total Facings,1,1,false,1,{},false,,false,false,true,true,false,true,true,false,true,false,false,false,false,false,"{""""}",true,,true,false,
1316,29,258,73,197,,101,Comp CH BOH U IMP,1,1,false,1,{},true,,false,false,true,false,false,true,false,false,true,false,false,false,false,false,"{""""}",true,,true,false,
1317,29,259,73,198,,101,Ttl CH BOH U IMP,1,1,false,1,{},false,,false,false,true,false,false,true,false,false,true,false,false,false,false,false,"{""""}",true,,true,false,
1318,29,262,73,201,,101,Comp CH BOH Cst IMP,1,1,false,1,{},true,,false,false,true,false,false,true,false,false,true,false,false,false,false,false,"{""""}",true,,true,false,
1319,29,263,73,202,,101,Ttl CH BOH Cst IMP,1,1,false,1,{},false,,false,false,true,false,false,true,false,false,true,false,false,false,false,false,"{""""}",true,,true,false,
1320,29,264,73,203,,101,Comp CH BOH U,1,1,false,1,{},false,,false,false,true,false,false,true,false,false,true,false,false,false,false,false,"{""""}",true,,true,false,
1321,29,265,73,204,,101,Ttl CH BOH U,1,1,false,1,{},false,,false,false,true,false,false,true,false,false,true,false,false,false,false,false,"{""""}",true,,true,false,
1322,29,266,73,205,,101,Comp CH BOH Cst,1,1,false,1,{},false,,false,false,true,false,false,true,false,false,true,false,false,false,false,false,"{""""}",true,,true,false,
1323,29,267,73,206,,101,Ttl CH BOH Cst,1,1,false,1,{},false,,false,false,true,false,false,true,false,false,true,false,false,false,false,false,"{""""}",true,,true,false,
1324,29,270,73,209,,101,Comp CH EOH U IMP,1,1,false,1,{},true,,false,false,true,false,false,true,false,false,true,false,false,false,false,false,"{""""}",true,,true,false,
1325,29,271,73,210,,101,Ttl CH EOH U IMP,1,1,false,1,{},false,,false,false,true,false,false,true,false,false,true,false,false,false,false,false,"{""""}",true,,true,false,
1326,29,274,73,213,,101,Comp CH EOH Cst IMP,1,1,false,1,{},true,,false,false,true,false,false,true,false,false,true,false,false,false,false,false,"{""""}",true,,true,false,
1327,29,275,73,214,,101,Ttl CH EOH Cst IMP,1,1,false,1,{},false,,false,false,true,false,false,true,false,false,true,false,false,false,false,false,"{""""}",true,,true,false,
1328,29,276,73,215,,101,Comp CH EOH U,1,1,false,1,{},false,,false,false,true,false,false,true,false,false,true,false,false,false,false,false,"{""""}",true,,true,false,
1329,29,277,73,216,,101,Ttl CH EOH U,1,1,false,1,{},false,,false,false,true,false,false,true,false,false,true,false,false,false,false,false,"{""""}",true,,true,false,
1330,29,278,73,217,,101,Comp CH EOH Cst,1,1,false,1,{},false,,false,false,true,false,false,true,false,false,true,false,false,false,false,false,"{""""}",true,,true,false,
1331,29,279,73,218,,101,Ttl CH EOH Cst,1,1,false,1,{},false,,false,false,true,false,false,true,false,false,true,false,false,false,false,false,"{""""}",true,,true,false,
1332,29,282,73,221,,101,Comp CH Est Res Rec %,1,1,false,1,{},true,,false,false,true,true,true,true,true,false,false,false,false,false,false,false,"{""""}",true,,true,false,
1333,29,283,73,222,,101,Ttl CH Est Res Rec %,1,1,false,1,{},false,,false,false,true,true,false,true,true,false,false,false,false,false,false,false,"{""""}",true,,true,false,
1334,29,284,73,223,,101,Comp CH Est Res Rec U,1,1,false,1,{},false,,false,false,true,true,false,true,true,false,true,false,false,false,false,false,"{""""}",true,,true,false,
1335,29,285,73,224,,101,Ttl CH Est Res Rec U,1,1,false,1,{},false,,false,false,true,true,false,true,true,false,true,false,false,false,false,false,"{""""}",true,,true,false,
1336,29,286,73,225,,101,Comp CH Est Res Rec Cst,1,1,false,1,{},false,,false,false,true,true,false,true,true,false,true,false,false,false,false,false,"{""""}",true,,true,false,
1337,29,287,73,226,,101,Ttl CH Est Res Rec Cst,1,1,false,1,{},false,,false,false,true,true,false,true,true,false,true,false,false,false,false,false,"{""""}",true,,true,false,
1338,29,288,73,227,,101,Comp Est 3rd Pty Rec %,1,1,false,1,{},true,,false,false,true,true,true,true,true,false,false,false,false,false,false,false,"{""""}",true,,true,false,
1339,29,289,73,228,,101,Ttl Est 3rd Pty Rec %,1,1,false,1,{},false,,false,false,true,true,false,true,true,false,false,false,false,false,false,false,"{""""}",true,,true,false,
1340,29,290,73,229,,101,Comp Est 3rd Pty Rec U,1,1,false,1,{},false,,false,false,true,true,false,true,true,false,true,false,false,false,false,false,"{""""}",true,,true,false,
1341,29,291,73,230,,101,Ttl Est 3rd Pty Rec U,1,1,false,1,{},false,,false,false,true,true,false,true,true,false,true,false,false,false,false,false,"{""""}",true,,true,false,
1342,29,292,73,231,,101,Comp Est 3rd Pty Rec Cst,1,1,false,1,{},false,,false,false,true,true,false,true,true,false,true,false,false,false,false,false,"{""""}",true,,true,false,
1343,29,293,73,232,,101,Ttl Est 3rd Pty Rec Cst,1,1,false,1,{},false,,false,false,true,true,false,true,true,false,true,false,false,false,false,false,"{""""}",true,,true,false,
1344,29,294,73,233,,101,Comp Est Bypass Rec %,1,1,false,1,{},true,,false,false,true,true,true,true,true,false,false,false,false,false,false,false,"{""""}",true,,true,false,
1345,29,295,73,234,,101,Ttl Est Bypass Rec %,1,1,false,1,{},false,,false,false,true,true,false,true,true,false,false,false,false,false,false,false,"{""""}",true,,true,false,
1346,29,296,73,235,,101,Comp Est Bypass Rec U,1,1,false,1,{},false,,false,false,true,true,false,true,true,false,true,false,false,false,false,false,"{""""}",true,,true,false,
1347,29,297,73,236,,101,Ttl Est Bypass Rec U,1,1,false,1,{},false,,false,false,true,true,false,true,true,false,true,false,false,false,false,false,"{""""}",true,,true,false,
1348,29,298,73,237,,101,Comp Est Bypass Rec Cst,1,1,false,1,{},false,,false,false,true,true,false,true,true,false,true,false,false,false,false,false,"{""""}",true,,true,false,
1349,29,299,73,238,,101,Ttl Est Bypass Rec Cst,1,1,false,1,{},false,,false,false,true,true,false,true,true,false,true,false,false,false,false,false,"{""""}",true,,true,false,
1350,29,300,73,239,,101,Comp CH Ttl Rct U,1,1,false,1,{},true,,false,false,true,false,false,true,false,false,true,false,false,false,false,false,"{""""}",true,,true,false,
1351,29,301,73,240,,101,Ttl CH Ttl Rct U,1,1,false,1,{},false,,false,false,true,false,false,true,false,false,true,false,false,false,false,false,"{""""}",true,,true,false,
1352,29,302,73,241,,101,Comp CH Ttl Rct Cst,1,1,false,1,{},true,,false,false,true,false,false,true,false,false,true,false,false,false,false,false,"{""""}",true,,true,false,
1353,29,303,73,242,,101,Ttl CH Ttl Rct Cst,1,1,false,1,{},false,,false,false,true,false,false,true,false,false,true,false,false,false,false,false,"{""""}",true,,true,false,
144,-1,56,73,87,,101,Comp WOS,1,1,false,1,{},true,,false,false,true,true,false,true,false,false,false,false,false,false,false,false,"{""""}",true,,true,false,
226,-1,11,73,58,,101,Comp BOH Cst,1,1,false,1,{},true,,false,false,true,true,false,true,true,false,true,false,false,false,false,false,"{""""}",true,,true,false,
228,-1,9,73,63,,101,Comp BOH AUC,1,1,false,1,{},true,,false,false,true,true,false,true,true,false,false,false,false,false,false,false,"{""""}",true,,true,false,
174,-1,42,74,1,,101,Comp Sls U,1,1,false,1,{},true,,false,false,true,true,true,true,true,true,true,false,false,false,false,false,"{""""}",true,,true,false,