"placeholder_column_id","placeholder_id","metric_id","column_order","column_expression","column_alias","is_dynamic","is_active"
1,9,,1,pmfc.promo_id,promo_id,false,true
2,9,,2,pmfc.name,promo_name,false,true
3,9,,3,{promo_master_date_selection},,false,true
4,9,,4,em.event_id,event_id,false,true
5,9,,5,em.name,event_name,false,true
6,9,,6,em.is_locked,is_locked,false,true
7,9,,7,pmfc.created_by,created_by,false,true
8,9,,8,pmfc.status,status_id,false,true
9,9,,9,MIN(psc.status_name::text),status,false,true
10,9,,10,CASE WHEN pmfc.end_date < CURRENT_DATE THEN 'Completed' WHEN pmfc.start_date > CURRENT_DATE THEN 'Upcoming' ELSE 'Ongoing' END,timeline_status,false,true
11,9,,11,MAX(psrc.review_status)::text,review_status,false,true
12,9,,12,pmfc.step_count,step_count,false,true
13,9,,13,pmfc.offer_comment,offer_comment,false,true
14,9,,14,pmfc.products_count,products_count,false,true
15,9,,15,pmfc.kvi_tagged_products_count,kvi_tagged_products_count,false,true
16,9,,16,pmfc.stores_count,stores_count,false,true
17,9,,17,pmfc.product_selection_type,product_selection_type_id,false,true
18,9,,18,"MIN(CASE WHEN pstc.product_selection_sub_type::text IS NOT NULL THEN CONCAT(pstc.product_selection_type::text, '-', pstc.product_selection_sub_type::text) ELSE pstc.product_selection_type::text END)",product_selection_type,false,true
19,9,,19,pmfc.store_selection_type,store_selection_type_id,false,true
20,9,,20,"MIN(CASE WHEN sstc.store_selection_sub_type::text IS NOT NULL THEN CONCAT(sstc.store_selection_type::text, '-', sstc.store_selection_sub_type::text) ELSE sstc.store_selection_type::text END)",store_selection_type,false,true
21,9,,21,pmfc.exclusion_selection_type,exclusion_selection_type_id,false,true
22,9,,22,case when pmfc.exclusion_selection_type = 1 then 'hierarchy based exclusion ' when pmfc.exclusion_selection_type = 2 then 'product based exclusion ' when pmfc.exclusion_selection_type = 3 then 'product group based exclusion ' when pmfc.exclusion_selection_type = 4 then 'file upload based exclusion ' end,exclusion_selection_type,false,true
23,9,,23,pmfc.customer_type,customer_type_id,false,true
24,9,,24,MIN(tctc.customer_type::text),customer_type,false,true
25,9,,25,pmfc.last_approved_scenario_id,last_approved_scenario_id,false,true
26,9,,26,pmfc.recommendation_type_id,recommendation_type_id,false,true
27,9,,27,MIN(tasm.name),recommendation_type,false,true
28,9,,28,pmfc.is_under_processing,is_under_processing,false,true
29,9,,29,pmfc.is_auto_resimulated,is_auto_resimulated,false,true
30,9,,30,pmfc.is_overridden_scenario_finalized,is_overridden_scenario_finalized,false,true
31,9,,31,pmfc.vendor_portal_status,vendor_portal_status_id,false,true
32,9,,32,pmfc.vendor_created_by,vendor_created_by,false,true
33,9,,33,pvpsc.status_name,vendor_portal_status,false,true
34,9,,34,vum.name,vendor_created_by_name,false,true
35,9,,35,pmfc.created_at,created_at,false,true
36,9,,36,pmfc.updated_at,updated_at,false,true
37,9,,37,em.start_date,event_start_date,false,true
38,9,,38,em.end_date,event_end_date,false,true
39,9,,39,{promo_master_timeline_selections},,false,true
40,9,,40,pmfc.total_inventory,total_inventory,false,true
41,9,,41,pof.is_default,is_override_default,false,true
42,9,,42,pof.comment,override_comment,false,true
43,9,,43,tor.reason,override_reason,false,true
44,9,,44,"jsonb_object_agg(am.fe_identifier, eam.attribute_value) FILTER (WHERE am.fe_identifier IS NOT NULL)",event_attributes,false,true
45,9,,45,MAX(tpb.promo_offer_txn),no_of_txn,false,true
46,9,,46,MAX(tpb.promo_offer_units_per_txn),units_per_txn,false,true
47,9,,47,MAX(tpb.promo_offer_avg_basket_size),avg_basket_size,false,true
48,10,,1,MIN(pmfc.promo_id),promo_id,false,true
49,10,,2,MIN(pmfc.name),promo_name,false,true
50,10,,3,em.start_date,start_date,false,true
51,10,,4,em.end_date,end_date,false,true
52,10,,5,em.event_id,event_id,false,true
53,10,,6,em.name,event_name,false,true
54,10,,7,em.is_locked,is_locked,false,true
55,10,,8,MIN(pmfc.created_by),created_by,false,true
56,10,,9,MIN(pmfc.status),status_id,false,true
57,10,,10,MIN(psc.status_name::text),status,false,true
58,10,,11,CASE WHEN MIN(pmfc.end_date) < CURRENT_DATE THEN 'Completed' WHEN MAX(pmfc.start_date) > CURRENT_DATE THEN 'Upcoming' ELSE 'Ongoing' END,timeline_status,false,true
59,10,,12,MAX(psrc.review_status)::text,review_status,false,true
60,10,,13,MIN(pmfc.step_count),step_count,false,true
61,10,,14,MIN(pmfc.offer_comment),offer_comment,false,true
62,10,,15,SUM(pmfc.products_count),products_count,false,true
63,10,,16,SUM(pmfc.kvi_tagged_products_count),kvi_tagged_products_count,false,true
64,10,,17,SUM(pmfc.stores_count),stores_count,false,true
65,10,,18,MIN(pmfc.product_selection_type),product_selection_type_id,false,true
66,10,,19,"MIN(CASE WHEN pstc.product_selection_sub_type::text IS NOT NULL THEN CONCAT(pstc.product_selection_type::text, '-', pstc.product_selection_sub_type::text) ELSE pstc.product_selection_type::text END)",product_selection_type,false,true
67,10,,20,MIN(pmfc.store_selection_type),store_selection_type_id,false,true
68,10,,21,"MIN(CASE WHEN sstc.store_selection_sub_type::text IS NOT NULL THEN CONCAT(sstc.store_selection_type::text, '-', sstc.store_selection_sub_type::text) ELSE sstc.store_selection_type::text END)",store_selection_type,false,true
69,10,,22,MIN(pmfc.exclusion_selection_type),exclusion_selection_type_id,false,true
70,10,,23,MIN(case when pmfc.exclusion_selection_type = 1 then 'hierarchy based exclusion ' when pmfc.exclusion_selection_type = 2 then 'product based exclusion ' when pmfc.exclusion_selection_type = 3 then 'product group based exclusion ' when pmfc.exclusion_selection_type = 4 then 'file upload based exclusion ' end),exclusion_selection_type,false,true
71,10,,24,MIN(pmfc.customer_type),customer_type_id,false,true
72,10,,25,MIN(tctc.customer_type::text),customer_type,false,true
73,10,,26,MIN(pmfc.last_approved_scenario_id),last_approved_scenario_id,false,true
74,10,,27,MIN(pmfc.recommendation_type_id),recommendation_type_id,false,true
75,10,,28,MIN(tasm.name),recommendation_type,false,true
76,10,,29,(MIN(pmfc.is_under_processing::int))::boolean,is_under_processing,false,true
77,10,,30,(MIN(pmfc.is_auto_resimulated::int))::boolean,is_auto_resimulated,false,true
78,10,,31,(MIN(pmfc.is_overridden_scenario_finalized::int))::boolean,is_overridden_scenario_finalized,false,true
79,10,,32,MIN(pmfc.vendor_portal_status),vendor_portal_status_id,false,true
80,10,,33,MIN(pmfc.vendor_created_by),vendor_created_by,false,true
81,10,,34,MIN(pvpsc.status_name),vendor_portal_status,false,true
82,10,,35,MIN(vum.name),vendor_created_by_name,false,true
83,10,,36,MIN(pmfc.created_at),created_at,false,true
84,10,,37,MIN(pmfc.updated_at),updated_at,false,true
85,10,,38,em.start_date,event_start_date,false,true
86,10,,39,em.end_date,event_end_date,false,true
87,10,,40,{promo_master_timeline_selections},,false,true
88,10,,41,SUM(pmfc.total_inventory),total_inventory,false,true
89,10,,42,MAX(pof.is_default::int)::boolean,is_override_default,false,true
90,10,,43,MIN(pof.comment),override_comment,false,true
91,10,,44,MIN(tor.reason),override_reason,false,true
92,10,,45,"jsonb_object_agg(am.fe_identifier, eam.attribute_value) FILTER (WHERE am.fe_identifier IS NOT NULL)",event_attributes,false,true
93,10,,46,MAX(tpb.event_offer_txn),no_of_txn,false,true
94,10,,47,MAX(tpb.event_offer_units_per_txn),units_per_txn,false,true
95,10,,48,MAX(tpb.event_offer_avg_basket_size),avg_basket_size,false,true
96,11,,1,pmfc.promo_id,,false,true
97,11,,2,pmfc.name,,false,true
98,11,,3,{promo_master_timeline_group_by},,false,true
99,11,,4,em.event_id,,false,true
100,11,,5,em.name,,false,true
101,11,,6,em.is_locked,,false,true
102,11,,7,pmfc.created_by,,false,true
103,11,,8,pmfc.status,,false,true
104,11,,9,pmfc.step_count,,false,true
105,11,,10,pmfc.offer_comment,,false,true
106,11,,11,pmfc.products_count,,false,true
107,11,,12,pmfc.kvi_tagged_products_count,,false,true
108,11,,13,pmfc.stores_count,,false,true
109,11,,14,pmfc.product_selection_type,,false,true
110,11,,15,pmfc.store_selection_type,,false,true
111,11,,16,pmfc.exclusion_selection_type,,false,true
112,11,,17,pmfc.customer_type,,false,true
113,11,,18,pmfc.offer_distribution_channel,,false,true
114,11,,19,pmfc.last_approved_scenario_id,,false,true
115,11,,20,pmfc.recommendation_type_id,,false,true
116,11,,21,pmfc.is_under_processing,,false,true
117,11,,22,pmfc.is_auto_resimulated,,false,true
118,11,,23,pmfc.is_overridden_scenario_finalized,,false,true
119,11,,24,pmfc.review_status,,false,true
120,11,,25,pmfc.vendor_portal_status,,false,true
121,11,,26,pmfc.vendor_created_by,,false,true
122,11,,27,pvpsc.status_name,,false,true
123,11,,28,vum.name,,false,true
124,11,,29,pmfc.created_at,,false,true
125,11,,30,pmfc.updated_at,,false,true
126,11,,31,em.start_date,,false,true
127,11,,32,em.end_date,,false,true
128,11,,33,pmfc.total_inventory,,false,true
129,11,,34,pof.is_default,,false,true
130,11,,35,pof.comment,,false,true
131,11,,36,tor.reason,,false,true
132,12,,1,em.event_id,,false,true
133,12,,2,em.name,,false,true
134,12,,3,em.is_locked,,false,true
135,12,,4,em.start_date,,false,true
136,12,,5,em.end_date,,false,true
137,12,,6,{promo_master_timeline_group_by},,false,true
138,1,,1,fom.promo_id,promo_id,false,true
139,1,,2,fom.promo_name,promo_name,false,true
140,1,,3,fom.scenario_name,scenario_name,false,true
141,1,,10,fom.l0_name,l0_name,true,true
142,1,,11,fom.primary_upc,primary_upc,true,true
143,1,,12,fom.product_description,product_description,true,true
144,1,,13,fom.l1_name,l1_name,true,true
145,1,,14,fom.l1_id,l1_id,true,true
146,1,,15,fom.l2_name,l2_name,true,true
147,1,,16,fom.l2_id,l2_id,true,true
148,1,,17,fom.l3_name,l3_name,true,true
149,1,,18,fom.l3_id,l3_id,true,true
150,1,,19,fom.l4_name,l4_name,true,true
151,1,,20,fom.l4_id,l4_id,true,true
152,1,,21,fom.l5_name,l5_name,true,true
153,1,,22,fom.l5_id,l5_id,true,true
154,1,,30,fom.s0_name,s0_name,true,true
155,1,,31,fom.s0_id,s0_id,true,true
156,1,,32,fom.s1_name,s1_name,true,true
157,1,,33,fom.s1_id,s1_id,true,true
158,1,,34,fom.s2_name,s2_name,true,true
159,1,,35,fom.s2_id,s2_id,true,true
160,1,,36,fom.s3_name,s3_name,true,true
161,1,,37,fom.s3_id,s3_id,true,true
162,1,,38,fom.s4_name,s4_name,true,true
163,1,,39,fom.s4_id,s4_id,true,true
164,1,,40,fom.s5_name,s5_name,true,true
165,1,,41,fom.s5_id,s5_id,true,true
166,1,,50,fom.c0_name,c0_name,true,true
167,1,,51,fom.c0_id,c0_id,true,true
168,1,,52,fom.c1_name,c1_name,true,true
169,1,,53,fom.c1_id,c1_id,true,true
170,1,,54,fom.c2_name,c2_name,true,true
171,1,,55,fom.c2_id,c2_id,true,true
172,1,,60,fom.date_id,date_id,true,true
173,1,,61,fom.fiscal_week,fiscal_week,true,true
174,1,,62,fom.fiscal_year,fiscal_year,true,true
175,1,,63,fom.fiscal_month,fiscal_month,true,true
176,1,,64,fom.fiscal_quarter,fiscal_quarter,true,true
177,1,1,100,"ROUND((fom.sales_units)::decimal, 2)",sales_units,false,true
178,1,4,101,"ROUND((fom.revenue)::decimal, 2)",revenue,false,true
179,1,10,102,"ROUND((fom.margin)::decimal, 2)",margin,false,true
180,1,2,103,"ROUND((fom.baseline_sales_units)::decimal, 2)",baseline_sales_units,false,true
181,1,3,104,"ROUND((fom.incremental_sales_units)::decimal, 2)",incremental_sales_units,false,true
182,1,5,105,"ROUND((fom.baseline_revenue)::decimal, 2)",baseline_revenue,false,true
183,1,6,106,"ROUND((fom.incremental_revenue)::decimal, 2)",incremental_revenue,false,true
184,1,7,107,"ROUND((fom.affinity_revenue)::decimal, 2)",affinity_revenue,false,true
185,1,8,108,"ROUND((fom.cannibalization_revenue)::decimal, 2)",cannibalization_revenue,false,true
186,1,9,109,"ROUND((fom.pull_forward_revenue)::decimal, 2)",pull_forward_revenue,false,true
187,1,11,110,"ROUND((fom.baseline_margin)::decimal, 2)",baseline_margin,false,true
188,1,12,111,"ROUND((fom.incremental_margin)::decimal, 2)",incremental_margin,false,true
189,1,13,112,"ROUND((fom.affinity_margin)::decimal, 2)",affinity_margin,false,true
190,1,14,113,"ROUND((fom.cannibalization_margin)::decimal, 2)",cannibalization_margin,false,true
191,1,15,114,"ROUND((fom.pull_forward_margin)::decimal, 2)",pull_forward_margin,false,true
192,1,16,115,"ROUND((fom.promo_spend)::decimal, 2)",promo_spend,false,true
193,1,17,116,"ROUND((fom.contribution_margin)::decimal, 2)",contribution_margin,false,true
194,1,18,117,"ROUND((fom.contribution_revenue)::decimal, 2)",contribution_revenue,false,true
195,1,19,118,"ROUND((fom.coupon_spend)::decimal, 2)",coupon_spend,false,true
196,1,1,119,"ROUND((fom.sales_units)::decimal, 2)",total_sales_units,false,true
197,1,4,120,"ROUND((fom.revenue)::decimal, 2)",total_revenue,false,true
198,1,10,121,"ROUND((fom.margin)::decimal, 2)",total_margin,false,true
199,1,20,200,"ROUND((fom.aur)::decimal, 2)",aur,false,true
200,1,21,201,"ROUND((fom.aum)::decimal, 2)",aum,false,true
201,1,22,202,"ROUND((fom.gm_percent)::decimal, 2)",gm_percent,false,true
202,1,23,203,"ROUND((fom.margin_percent)::decimal, 2)",margin_percent,false,true
203,1,24,204,"ROUND((fom.contribution_margin_percent)::decimal, 2)",contribution_margin_percent,false,true
204,1,25,205,"ROUND((fom.st_percent)::decimal, 2)",st_percent,false,true
205,1,26,206,"ROUND((fom.baseline_contribution_margin_percent)::decimal, 2)",baseline_contribution_margin_percent,false,true
206,1,27,207,"ROUND((fom.baseline_margin_percent)::decimal, 2)",baseline_margin_percent,false,true
207,1,28,208,"ROUND((fom.performance)::decimal, 2)",performance,false,true
208,1,29,209,"ROUND((fom.order_discount)::decimal, 2)",order_discount,false,true
209,1,30,210,"ROUND((fom.incremental_margin_percent)::decimal, 2)",incremental_margin_percent,false,false
210,1,31,211,"ROUND((fom.finalized_discount)::decimal, 2)",finalized_discount,false,false
211,1,32,212,"ROUND((fom.ia_recc_discount)::decimal, 2)",ia_recc_discount,false,false
212,1,33,213,"ROUND((fom.no_of_txn)::decimal, 2)",no_of_txn,false,false
213,1,34,214,"ROUND((fom.units_per_txn)::decimal, 2)",units_per_txn,false,false
214,1,35,215,"ROUND((fom.avg_basket_size)::decimal, 2)",avg_basket_size,false,false
215,1,36,216,"ROUND((fom.revenue_per_style)::decimal, 2)",revenue_per_style,false,false
216,1,1,300,"ROUND((fomc.sales_units)::decimal, 2)",override_sales_units,false,true
217,1,4,301,"ROUND((fomc.revenue)::decimal, 2)",override_revenue,false,true
218,1,10,302,"ROUND((fomc.margin)::decimal, 2)",override_margin,false,true
219,1,2,303,"ROUND((fomc.baseline_sales_units)::decimal, 2)",override_baseline_sales_units,false,true
220,1,3,304,"ROUND((fomc.incremental_sales_units)::decimal, 2)",override_incremental_sales_units,false,true
221,1,5,305,"ROUND((fomc.baseline_revenue)::decimal, 2)",override_baseline_revenue,false,true
222,1,6,306,"ROUND((fomc.incremental_revenue)::decimal, 2)",override_incremental_revenue,false,true
223,1,7,307,"ROUND((fomc.affinity_revenue)::decimal, 2)",override_affinity_revenue,false,true
224,1,8,308,"ROUND((fomc.cannibalization_revenue)::decimal, 2)",override_cannibalization_revenue,false,true
225,1,9,309,"ROUND((fomc.pull_forward_revenue)::decimal, 2)",override_pull_forward_revenue,false,true
226,1,11,310,"ROUND((fomc.baseline_margin)::decimal, 2)",override_baseline_margin,false,true
227,1,12,311,"ROUND((fomc.incremental_margin)::decimal, 2)",override_incremental_margin,false,true
228,1,13,312,"ROUND((fomc.affinity_margin)::decimal, 2)",override_affinity_margin,false,true
229,1,14,313,"ROUND((fomc.cannibalization_margin)::decimal, 2)",override_cannibalization_margin,false,true
230,1,15,314,"ROUND((fomc.pull_forward_margin)::decimal, 2)",override_pull_forward_margin,false,true
231,1,16,315,"ROUND((fomc.promo_spend)::decimal, 2)",override_promo_spend,false,true
232,1,17,316,"ROUND((fomc.contribution_margin)::decimal, 2)",override_contribution_margin,false,true
233,1,18,317,"ROUND((fomc.contribution_revenue)::decimal, 2)",override_contribution_revenue,false,true
234,1,19,318,"ROUND((fomc.coupon_spend)::decimal, 2)",override_coupon_spend,false,true
235,1,1,319,"ROUND((fomc.sales_units)::decimal, 2)",override_total_sales_units,false,true
236,1,4,320,"ROUND((fomc.revenue)::decimal, 2)",override_total_revenue,false,true
237,1,10,321,"ROUND((fomc.margin)::decimal, 2)",override_total_margin,false,true
238,1,20,400,"ROUND((fomc.aur)::decimal, 2)",override_aur,false,true
239,1,21,401,"ROUND((fomc.aum)::decimal, 2)",override_aum,false,true
240,1,22,402,"ROUND((fomc.gm_percent)::decimal, 2)",override_gm_percent,false,true
241,1,23,403,"ROUND((fomc.margin_percent)::decimal, 2)",override_margin_percent,false,true
242,1,24,404,"ROUND((fomc.contribution_margin_percent)::decimal, 2)",override_contribution_margin_percent,false,true
243,1,25,405,"ROUND((fomc.st_percent)::decimal, 2)",override_st_percent,false,true
244,1,26,406,"ROUND((fomc.baseline_contribution_margin_percent)::decimal, 2)",override_baseline_contribution_margin_percent,false,true
245,1,27,407,"ROUND((fomc.baseline_margin_percent)::decimal, 2)",override_baseline_margin_percent,false,true
246,1,28,408,"ROUND((fomc.performance)::decimal, 2)",override_performance,false,true
247,1,29,409,"ROUND((fomc.order_discount)::decimal, 2)",override_order_discount,false,true
248,1,30,410,"ROUND((fomc.incremental_margin_percent)::decimal, 2)",override_incremental_margin_percent,false,false
249,1,31,411,"ROUND((fomc.finalized_discount)::decimal, 2)",override_finalized_discount,false,false
250,1,32,412,"ROUND((fomc.ia_recc_discount)::decimal, 2)",override_ia_recc_discount,false,false
251,1,33,413,"ROUND((fomc.no_of_txn)::decimal, 2)",override_no_of_txn,false,false
252,1,34,414,"ROUND((fomc.units_per_txn)::decimal, 2)",override_units_per_txn,false,false
253,1,35,415,"ROUND((fomc.avg_basket_size)::decimal, 2)",override_avg_basket_size,false,false
254,1,36,416,"ROUND((fomc.revenue_per_style)::decimal, 2)",override_revenue_per_style,false,false
255,1,1,500,"ROUND((fsmc.sales_units)::decimal, 2)",stacked_sales_units,false,true
256,1,4,501,"ROUND((fsmc.revenue)::decimal, 2)",stacked_revenue,false,true
257,1,10,502,"ROUND((fsmc.margin)::decimal, 2)",stacked_margin,false,true
258,1,2,503,"ROUND((fsmc.baseline_sales_units)::decimal, 2)",stacked_baseline_sales_units,false,true
259,1,3,504,"ROUND((fsmc.incremental_sales_units)::decimal, 2)",stacked_incremental_sales_units,false,true
260,1,5,505,"ROUND((fsmc.baseline_revenue)::decimal, 2)",stacked_baseline_revenue,false,true
261,1,6,506,"ROUND((fsmc.incremental_revenue)::decimal, 2)",stacked_incremental_revenue,false,true
262,1,7,507,"ROUND((fsmc.affinity_revenue)::decimal, 2)",stacked_affinity_revenue,false,true
263,1,8,508,"ROUND((fsmc.cannibalization_revenue)::decimal, 2)",stacked_cannibalization_revenue,false,true
264,1,9,509,"ROUND((fsmc.pull_forward_revenue)::decimal, 2)",stacked_pull_forward_revenue,false,true
265,1,11,510,"ROUND((fsmc.baseline_margin)::decimal, 2)",stacked_baseline_margin,false,true
266,1,12,511,"ROUND((fsmc.incremental_margin)::decimal, 2)",stacked_incremental_margin,false,true
267,1,13,512,"ROUND((fsmc.affinity_margin)::decimal, 2)",stacked_affinity_margin,false,true
268,1,14,513,"ROUND((fsmc.cannibalization_margin)::decimal, 2)",stacked_cannibalization_margin,false,true
269,1,15,514,"ROUND((fsmc.pull_forward_margin)::decimal, 2)",stacked_pull_forward_margin,false,true
270,1,16,515,"ROUND((fsmc.promo_spend)::decimal, 2)",stacked_promo_spend,false,true
271,1,17,516,"ROUND((fsmc.contribution_margin)::decimal, 2)",stacked_contribution_margin,false,true
272,1,18,517,"ROUND((fsmc.contribution_revenue)::decimal, 2)",stacked_contribution_revenue,false,true
273,1,19,518,"ROUND((fsmc.coupon_spend)::decimal, 2)",stacked_coupon_spend,false,true
274,1,1,519,"ROUND((fsmc.sales_units)::decimal, 2)",stacked_total_sales_units,false,true
275,1,4,520,"ROUND((fsmc.revenue)::decimal, 2)",stacked_total_revenue,false,true
276,1,10,521,"ROUND((fsmc.margin)::decimal, 2)",stacked_total_margin,false,true
277,1,20,600,"ROUND((fsmc.aur)::decimal, 2)",stacked_aur,false,true
278,1,21,601,"ROUND((fsmc.aum)::decimal, 2)",stacked_aum,false,true
279,1,22,602,"ROUND((fsmc.gm_percent)::decimal, 2)",stacked_gm_percent,false,true
280,1,23,603,"ROUND((fsmc.margin_percent)::decimal, 2)",stacked_margin_percent,false,true
281,1,24,604,"ROUND((fsmc.contribution_margin_percent)::decimal, 2)",stacked_contribution_margin_percent,false,true
282,1,25,605,"ROUND((fsmc.st_percent)::decimal, 2)",stacked_st_percent,false,true
283,1,26,606,"ROUND((fsmc.baseline_contribution_margin_percent)::decimal, 2)",stacked_baseline_contribution_margin_percent,false,true
284,1,27,607,"ROUND((fsmc.baseline_margin_percent)::decimal, 2)",stacked_baseline_margin_percent,false,true
285,1,28,608,"ROUND((fsmc.performance)::decimal, 2)",stacked_performance,false,true
286,1,29,609,"ROUND((fsmc.order_discount)::decimal, 2)",stacked_order_discount,false,true
287,1,30,610,"ROUND((fsmc.incremental_margin_percent)::decimal, 2)",stacked_incremental_margin_percent,false,false
288,1,31,611,"ROUND((fsmc.finalized_discount)::decimal, 2)",stacked_finalized_discount,false,false
289,1,32,612,"ROUND((fsmc.ia_recc_discount)::decimal, 2)",stacked_ia_recc_discount,false,false
290,1,33,613,"ROUND((fsmc.no_of_txn)::decimal, 2)",stacked_no_of_txn,false,false
291,1,34,614,"ROUND((fsmc.units_per_txn)::decimal, 2)",stacked_units_per_txn,false,false
292,1,35,615,"ROUND((fsmc.avg_basket_size)::decimal, 2)",stacked_avg_basket_size,false,false
293,1,36,616,"ROUND((fsmc.revenue_per_style)::decimal, 2)",stacked_revenue_per_style,false,false
294,1,1,700,"ROUND((fsomc.sales_units)::decimal, 2)",stacked_override_sales_units,false,true
295,1,4,701,"ROUND((fsomc.revenue)::decimal, 2)",stacked_override_revenue,false,true
296,1,10,702,"ROUND((fsomc.margin)::decimal, 2)",stacked_override_margin,false,true
297,1,2,703,"ROUND((fsomc.baseline_sales_units)::decimal, 2)",stacked_override_baseline_sales_units,false,true
298,1,3,704,"ROUND((fsomc.incremental_sales_units)::decimal, 2)",stacked_override_incremental_sales_units,false,true
299,1,5,705,"ROUND((fsomc.baseline_revenue)::decimal, 2)",stacked_override_baseline_revenue,false,true
300,1,6,706,"ROUND((fsomc.incremental_revenue)::decimal, 2)",stacked_override_incremental_revenue,false,true
301,1,7,707,"ROUND((fsomc.affinity_revenue)::decimal, 2)",stacked_override_affinity_revenue,false,true
302,1,8,708,"ROUND((fsomc.cannibalization_revenue)::decimal, 2)",stacked_override_cannibalization_revenue,false,true
303,1,9,709,"ROUND((fsomc.pull_forward_revenue)::decimal, 2)",stacked_override_pull_forward_revenue,false,true
304,1,11,710,"ROUND((fsomc.baseline_margin)::decimal, 2)",stacked_override_baseline_margin,false,true
305,1,12,711,"ROUND((fsomc.incremental_margin)::decimal, 2)",stacked_override_incremental_margin,false,true
306,1,13,712,"ROUND((fsomc.affinity_margin)::decimal, 2)",stacked_override_affinity_margin,false,true
307,1,14,713,"ROUND((fsomc.cannibalization_margin)::decimal, 2)",stacked_override_cannibalization_margin,false,true
308,1,15,714,"ROUND((fsomc.pull_forward_margin)::decimal, 2)",stacked_override_pull_forward_margin,false,true
309,1,16,715,"ROUND((fsomc.promo_spend)::decimal, 2)",stacked_override_promo_spend,false,true
310,1,17,716,"ROUND((fsomc.contribution_margin)::decimal, 2)",stacked_override_contribution_margin,false,true
311,1,18,717,"ROUND((fsomc.contribution_revenue)::decimal, 2)",stacked_override_contribution_revenue,false,true
312,1,19,718,"ROUND((fsomc.coupon_spend)::decimal, 2)",stacked_override_coupon_spend,false,true
313,1,1,719,"ROUND((fsomc.sales_units)::decimal, 2)",stacked_override_total_sales_units,false,true
314,1,4,720,"ROUND((fsomc.revenue)::decimal, 2)",stacked_override_total_revenue,false,true
315,1,10,721,"ROUND((fsomc.margin)::decimal, 2)",stacked_override_total_margin,false,true
316,1,20,800,"ROUND((fsomc.aur)::decimal, 2)",stacked_override_aur,false,true
317,1,21,801,"ROUND((fsomc.aum)::decimal, 2)",stacked_override_aum,false,true
318,1,22,802,"ROUND((fsomc.gm_percent)::decimal, 2)",stacked_override_gm_percent,false,true
319,1,23,803,"ROUND((fsomc.margin_percent)::decimal, 2)",stacked_override_margin_percent,false,true
320,1,24,804,"ROUND((fsomc.contribution_margin_percent)::decimal, 2)",stacked_override_contribution_margin_percent,false,true
321,1,25,805,"ROUND((fsomc.st_percent)::decimal, 2)",stacked_override_st_percent,false,true
322,1,26,806,"ROUND((fsomc.baseline_contribution_margin_percent)::decimal, 2)",stacked_override_baseline_contribution_margin_percent,false,true
323,1,27,807,"ROUND((fsomc.baseline_margin_percent)::decimal, 2)",stacked_override_baseline_margin_percent,false,true
324,1,28,808,"ROUND((fsomc.performance)::decimal, 2)",stacked_override_performance,false,true
325,1,29,809,"ROUND((fsomc.order_discount)::decimal, 2)",stacked_override_order_discount,false,true
326,1,30,810,"ROUND((fsomc.incremental_margin_percent)::decimal, 2)",stacked_override_incremental_margin_percent,false,false
327,1,31,811,"ROUND((fsomc.finalized_discount)::decimal, 2)",stacked_override_finalized_discount,false,false
328,1,32,812,"ROUND((fsomc.ia_recc_discount)::decimal, 2)",stacked_override_ia_recc_discount,false,false
329,1,33,813,"ROUND((fsomc.no_of_txn)::decimal, 2)",stacked_override_no_of_txn,false,false
330,1,34,814,"ROUND((fsomc.units_per_txn)::decimal, 2)",stacked_override_units_per_txn,false,false
331,1,35,815,"ROUND((fsomc.avg_basket_size)::decimal, 2)",stacked_override_avg_basket_size,false,false
332,1,36,816,"ROUND((fsomc.revenue_per_style)::decimal, 2)",stacked_override_revenue_per_style,false,false
333,2,,1,pm.promo_id,promo_id,false,true
334,2,,2,pm.name,promo_name,false,true
335,2,,3,fom.scenario_name,scenario_name,false,true
336,2,1,100,"ROUND((SUM(fom.sales_units))::decimal, 0)",sales_units,false,true
337,2,4,101,"ROUND((SUM(fom.revenue))::decimal, 0)",revenue,false,true
338,2,10,102,"ROUND((SUM(fom.margin))::decimal, 0)",margin,false,true
339,2,2,103,"ROUND((SUM(fom.baseline_sales_units))::decimal, 0)",baseline_sales_units,false,true
340,2,3,104,"ROUND((SUM(fom.incremental_sales_units))::decimal, 0)",incremental_sales_units,false,true
341,2,5,105,"ROUND((SUM(fom.baseline_revenue))::decimal, 0)",baseline_revenue,false,true
342,2,6,106,"ROUND((SUM(fom.incremental_revenue))::decimal, 0)",incremental_revenue,false,true
343,2,11,107,"ROUND((SUM(fom.baseline_margin))::decimal, 0)",baseline_margin,false,true
344,2,12,108,"ROUND((SUM(fom.incremental_margin))::decimal, 0)",incremental_margin,false,true
345,2,16,109,"ROUND((SUM(fom.promo_spend))::decimal, 0)",promo_spend,false,true
346,2,17,110,"ROUND((SUM(fom.contribution_margin))::decimal, 0)",contribution_margin,false,true
347,2,18,111,"ROUND((SUM(fom.contribution_revenue))::decimal, 0)",contribution_revenue,false,true
348,2,19,112,"ROUND((SUM(fom.coupon_spend))::decimal, 0)",coupon_spend,false,true
349,2,1,113,"ROUND((SUM(fom.sales_units))::decimal, 0)",total_sales_units,false,true
350,2,4,114,"ROUND((SUM(fom.revenue))::decimal, 0)",total_revenue,false,true
351,2,10,115,"ROUND((SUM(fom.margin))::decimal, 0)",total_margin,false,true
352,2,20,200,"CASE WHEN ROUND((SUM(fom.sales_units))::decimal, 0) = 0 THEN NULL ELSE ROUND((ROUND((SUM(fom.revenue))::decimal, 0) / ROUND((SUM(fom.sales_units))::decimal, 0))::decimal, 0) END",aur,false,true
353,2,21,201,"CASE WHEN ROUND((SUM(fom.sales_units))::decimal, 0) = 0 THEN NULL ELSE ROUND((ROUND((SUM(fom.margin))::decimal, 0) / ROUND((SUM(fom.sales_units))::decimal, 0))::decimal, 2) END",aum,false,true
354,2,22,202,"CASE WHEN ROUND((SUM(fom.revenue))::decimal, 0) = 0 THEN 0 ELSE ROUND(((ROUND((SUM(fom.margin))::decimal, 0) * 100) / ROUND((SUM(fom.revenue))::decimal, 0))::decimal, 1) END",gm_percent,false,true
355,2,1,300,"ROUND((SUM(fomc.sales_units))::decimal, 0)",override_sales_units,false,true
356,2,4,301,"ROUND((SUM(fomc.revenue))::decimal, 0)",override_revenue,false,true
357,2,10,302,"ROUND((SUM(fomc.margin))::decimal, 0)",override_margin,false,true
358,2,2,303,"ROUND((SUM(fomc.baseline_sales_units))::decimal, 0)",override_baseline_sales_units,false,true
359,2,3,304,"ROUND((SUM(fomc.incremental_sales_units))::decimal, 0)",override_incremental_sales_units,false,true
360,2,5,305,"ROUND((SUM(fomc.baseline_revenue))::decimal, 0)",override_baseline_revenue,false,true
361,2,6,306,"ROUND((SUM(fomc.incremental_revenue))::decimal, 0)",override_incremental_revenue,false,true
362,2,11,307,"ROUND((SUM(fomc.baseline_margin))::decimal, 0)",override_baseline_margin,false,true
363,2,12,308,"ROUND((SUM(fomc.incremental_margin))::decimal, 0)",override_incremental_margin,false,true
364,2,16,309,"ROUND((SUM(fomc.promo_spend))::decimal, 0)",override_promo_spend,false,true
365,2,17,310,"ROUND((SUM(fomc.contribution_margin))::decimal, 0)",override_contribution_margin,false,true
366,2,18,311,"ROUND((SUM(fomc.contribution_revenue))::decimal, 0)",override_contribution_revenue,false,true
367,2,19,312,"ROUND((SUM(fomc.coupon_spend))::decimal, 0)",override_coupon_spend,false,true
368,2,20,400,"CASE WHEN ROUND((SUM(fomc.sales_units))::decimal, 0) = 0 THEN NULL ELSE ROUND((ROUND((SUM(fomc.revenue))::decimal, 0) / ROUND((SUM(fomc.sales_units))::decimal, 0))::decimal, 0) END",override_aur,false,true
369,2,21,401,"CASE WHEN ROUND((SUM(fomc.sales_units))::decimal, 0) = 0 THEN NULL ELSE ROUND((ROUND((SUM(fomc.margin))::decimal, 0) / ROUND((SUM(fomc.sales_units))::decimal, 0))::decimal, 2) END",override_aum,false,true
370,2,22,402,"CASE WHEN ROUND((SUM(fomc.revenue))::decimal, 0) = 0 THEN 0 ELSE ROUND(((ROUND((SUM(fomc.margin))::decimal, 0) * 100) / ROUND((SUM(fomc.revenue))::decimal, 0))::decimal, 1) END",override_gm_percent,false,true
371,2,1,500,"ROUND((SUM(fsm.sales_units))::decimal, 0)",stacked_sales_units,false,true
372,2,4,501,"ROUND((SUM(fsm.revenue))::decimal, 0)",stacked_revenue,false,true
373,2,10,502,"ROUND((SUM(fsm.margin))::decimal, 0)",stacked_margin,false,true
374,2,2,503,"ROUND((SUM(fsm.baseline_sales_units))::decimal, 0)",stacked_baseline_sales_units,false,true
375,2,3,504,"ROUND((SUM(fsm.incremental_sales_units))::decimal, 0)",stacked_incremental_sales_units,false,true
376,2,5,505,"ROUND((SUM(fsm.baseline_revenue))::decimal, 0)",stacked_baseline_revenue,false,true
377,2,6,506,"ROUND((SUM(fsm.incremental_revenue))::decimal, 0)",stacked_incremental_revenue,false,true
378,2,11,507,"ROUND((SUM(fsm.baseline_margin))::decimal, 0)",stacked_baseline_margin,false,true
379,2,12,508,"ROUND((SUM(fsm.incremental_margin))::decimal, 0)",stacked_incremental_margin,false,true
380,2,16,509,"ROUND((SUM(fsm.promo_spend))::decimal, 0)",stacked_promo_spend,false,true
381,2,17,510,"ROUND((SUM(fsm.contribution_margin))::decimal, 0)",stacked_contribution_margin,false,true
382,2,18,511,"ROUND((SUM(fsm.contribution_revenue))::decimal, 0)",stacked_contribution_revenue,false,true
383,2,19,512,"ROUND((SUM(fsm.coupon_spend))::decimal, 0)",stacked_coupon_spend,false,true
384,2,20,600,"CASE WHEN ROUND((SUM(fsm.sales_units))::decimal, 0) = 0 THEN NULL ELSE ROUND((ROUND((SUM(fsm.revenue))::decimal, 0) / ROUND((SUM(fsm.sales_units))::decimal, 0))::decimal, 0) END",stacked_aur,false,true
385,2,21,601,"CASE WHEN ROUND((SUM(fsm.sales_units))::decimal, 0) = 0 THEN NULL ELSE ROUND((ROUND((SUM(fsm.margin))::decimal, 0) / ROUND((SUM(fsm.sales_units))::decimal, 0))::decimal, 2) END",stacked_aum,false,true
386,2,22,602,"CASE WHEN ROUND((SUM(fsm.revenue))::decimal, 0) = 0 THEN 0 ELSE ROUND(((ROUND((SUM(fsm.margin))::decimal, 0) * 100) / ROUND((SUM(fsm.revenue))::decimal, 0))::decimal, 1) END",stacked_gm_percent,false,true
387,2,1,700,"ROUND((SUM(fsom.sales_units))::decimal, 0)",stacked_override_sales_units,false,true
388,2,4,701,"ROUND((SUM(fsom.revenue))::decimal, 0)",stacked_override_revenue,false,true
389,2,10,702,"ROUND((SUM(fsom.margin))::decimal, 0)",stacked_override_margin,false,true
390,2,2,703,"ROUND((SUM(fsom.baseline_sales_units))::decimal, 0)",stacked_override_baseline_sales_units,false,true
391,2,3,704,"ROUND((SUM(fsom.incremental_sales_units))::decimal, 0)",stacked_override_incremental_sales_units,false,true
392,2,5,705,"ROUND((SUM(fsom.baseline_revenue))::decimal, 0)",stacked_override_baseline_revenue,false,true
393,2,6,706,"ROUND((SUM(fsom.incremental_revenue))::decimal, 0)",stacked_override_incremental_revenue,false,true
394,2,11,707,"ROUND((SUM(fsom.baseline_margin))::decimal, 0)",stacked_override_baseline_margin,false,true
395,2,12,708,"ROUND((SUM(fsom.incremental_margin))::decimal, 0)",stacked_override_incremental_margin,false,true
396,2,16,709,"ROUND((SUM(fsom.promo_spend))::decimal, 0)",stacked_override_promo_spend,false,true
397,2,17,710,"ROUND((SUM(fsom.contribution_margin))::decimal, 0)",stacked_override_contribution_margin,false,true
398,2,18,711,"ROUND((SUM(fsom.contribution_revenue))::decimal, 0)",stacked_override_contribution_revenue,false,true
399,2,19,712,"ROUND((SUM(fsom.coupon_spend))::decimal, 0)",stacked_override_coupon_spend,false,true
400,2,20,800,"CASE WHEN ROUND((SUM(fsom.sales_units))::decimal, 0) = 0 THEN NULL ELSE ROUND((ROUND((SUM(fsom.revenue))::decimal, 0) / ROUND((SUM(fsom.sales_units))::decimal, 0))::decimal, 0) END",stacked_override_aur,false,true
401,2,21,801,"CASE WHEN ROUND((SUM(fsom.sales_units))::decimal, 0) = 0 THEN NULL ELSE ROUND((ROUND((SUM(fsom.margin))::decimal, 0) / ROUND((SUM(fsom.sales_units))::decimal, 0))::decimal, 2) END",stacked_override_aum,false,true
402,2,22,802,"CASE WHEN ROUND((SUM(fsom.revenue))::decimal, 0) = 0 THEN 0 ELSE ROUND(((ROUND((SUM(fsom.margin))::decimal, 0) * 100) / ROUND((SUM(fsom.revenue))::decimal, 0))::decimal, 1) END",stacked_override_gm_percent,false,true
403,4,,1,pmc.promo_id,promo_id,false,true
404,4,,2,pmc.promo_name,promo_name,false,true
405,4,,3,pmc.start_date,start_date,false,true
406,4,,4,pmc.end_date,end_date,false,true
407,4,,5,pmc.event_id,event_id,false,true
408,4,,6,pmc.event_name::text,event_name,false,true
409,4,,7,pmc.is_locked,is_locked,false,true
410,4,,8,um.name::text,created_by,false,true
411,4,,9,um.user_code,user_id,false,true
412,4,,10,pmc.offer_comment,offer_comment,false,true
413,4,,11,pmc.status_id::integer,status_id,false,true
414,4,,12,pmc.status,status,false,true
415,4,,13,pmc.timeline_status,timeline_status,false,true
416,4,,14,pmc.review_status::text,review_status,false,true
417,4,,15,pmc.step_count::int,step_count,false,true
418,4,,16,pmc.products_count,products_count,false,true
419,4,,17,pmc.kvi_tagged_products_count,kvi_tagged_products_count,false,true
420,4,,18,pmc.stores_count,stores_count,false,true
421,4,,19,pmc.product_selection_type_id::int,product_selection_type_id,false,true
422,4,,20,pmc.product_selection_type,product_selection_type,false,true
423,4,,21,pmc.store_selection_type_id::int,store_selection_type_id,false,true
424,4,,22,pmc.store_selection_type,store_selection_type,false,true
425,4,,23,pmc.exclusion_selection_type_id::int,exclusion_selection_type_id,false,true
426,4,,24,pmc.exclusion_selection_type,exclusion_selection_type,false,true
427,4,,25,pmc.customer_type_id::int,customer_type_id,false,true
428,4,,26,pmc.customer_type,customer_type,false,true
429,4,,29,pmc.last_approved_scenario_id::int,last_approved_scenario_id,false,true
430,4,,30,pmc.recommendation_type_id::int,recommendation_type_id,false,true
431,4,,31,pmc.recommendation_type,recommendation_type,false,true
432,4,,32,(pmc.is_under_processing::int)::smallint,is_under_processing,false,true
433,4,,33,(pmc.is_auto_resimulated::int)::smallint,is_auto_resimulated,false,true
434,4,,34,"case when (pmc.status_id in (4, 8) and pmc.is_override_default) then 1 else 0 end",is_overridden,false,true
435,4,,35,pmc.override_comment,override_comment,false,true
436,4,,36,pmc.override_reason,override_reason,false,true
437,4,,37,tcm.currency_id,currency_id,false,true
438,4,,38,tcm.currency_symbol::text,currency_symbol,false,true
439,4,,39,tcm.currency_name::text,currency_name,false,true
440,4,,40,prc.discount_level_id,discount_level_id,false,true
441,4,,41,prc.discount_level::text,discount_level,false,true
442,4,,42,prc.display_discount_type::text,discount_type,false,true
443,4,,43,"ROUND(prc.sales_units_target::numeric, 2)",target_sales_units,false,true
444,4,,44,"ROUND(prc.revenue_target::numeric, 2)",target_revenue,false,true
445,4,,45,"ROUND(prc.margin_target::numeric, 2)",target_margin,false,true
446,4,28,46,CASE WHEN acc.performance IS NULL THEN NULL ELSE price_promo.fn_get_performance_repr(acc.performance) END,actual_performance,false,true
447,4,28,47,"CASE WHEN sfc.performance IS NOT NULL THEN price_promo.fn_get_performance_repr(sfc.performance) WHEN (CASE WHEN COALESCE(pmc.is_override_default, false) THEN fov.finalized_performance ELSE (CASE WHEN (oc.baseline_margin IS NULL OR oc.baseline_margin = 0) THEN NULL ELSE ROUND((oc.incremental_margin / ABS(oc.baseline_margin))::DECIMAL * 100, 2) END) END) IS NOT NULL THEN price_promo.fn_get_performance_repr(CASE WHEN COALESCE(pmc.is_override_default, false) THEN fov.finalized_performance ELSE (CASE WHEN (oc.baseline_margin IS NULL OR oc.baseline_margin = 0) THEN NULL ELSE ROUND((oc.incremental_margin / ABS(oc.baseline_margin))::DECIMAL * 100, 2) END) END) ELSE NULL END",finalized_performance,false,true
448,4,28,48,"CASE WHEN (CASE WHEN COALESCE(pmc.is_override_default, false) THEN fov.finalized_performance ELSE (CASE WHEN (oc.baseline_margin IS NULL OR oc.baseline_margin = 0) THEN NULL ELSE ROUND((oc.incremental_margin / ABS(oc.baseline_margin))::DECIMAL * 100, 2) END) END) IS NULL THEN NULL ELSE price_promo.fn_get_performance_repr(CASE WHEN COALESCE(pmc.is_override_default, false) THEN fov.finalized_performance ELSE (CASE WHEN (oc.baseline_margin IS NULL OR oc.baseline_margin = 0) THEN NULL ELSE ROUND((oc.incremental_margin / ABS(oc.baseline_margin))::DECIMAL * 100, 2) END) END) END",finalized_performance_from_finalized,false,true
449,4,28,49,"price_promo.fn_get_performance_repr(COALESCE(acc.performance, (CASE WHEN COALESCE(pmc.is_override_default, false) THEN fov.finalized_performance ELSE (CASE WHEN (oc.baseline_margin IS NULL OR oc.baseline_margin = 0) THEN NULL ELSE ROUND((oc.incremental_margin / ABS(oc.baseline_margin))::DECIMAL * 100, 2) END) END)))",performance,false,true
450,4,17,50,"ROUND(acc.contribution_margin::numeric, 2)",actualized_contribution_margin,false,true
451,4,24,51,"ROUND(acc.contribution_margin_percent::numeric, 2)",actualized_contribution_margin_percent,false,true
452,4,10,52,"ROUND((CASE WHEN COALESCE(pmc.is_override_default, false) THEN fov.finalized_margin ELSE oc.margin END)::numeric, 2)",finalized_margin,false,true
453,4,4,53,"ROUND((CASE WHEN COALESCE(pmc.is_override_default, false) THEN fov.finalized_revenue ELSE oc.revenue END)::numeric, 2)",finalized_revenue,false,true
454,4,31,54,"CASE WHEN COALESCE(pmc.is_override_default, false) THEN fov.finalized_discount ELSE oc.base_finalized_discount END",finalized_discount,false,true
455,4,16,55,"ROUND((CASE WHEN COALESCE(pmc.is_override_default, false) THEN fov.finalized_promo_spend ELSE oc.promo_spend END)::numeric, 2)",finalized_promo_spend,false,true
456,4,1,56,"ROUND((CASE WHEN COALESCE(pmc.is_override_default, false) THEN fov.finalized_sales_units ELSE oc.sales_units END)::numeric, 2)",finalized_sales_units,false,true
457,4,23,57,"ROUND((CASE WHEN COALESCE(pmc.is_override_default, false) THEN fov.finalized_margin_percent ELSE oc.margin_percent END)::numeric, 2)",finalized_margin_percent,false,true
458,4,17,58,"ROUND((CASE WHEN COALESCE(pmc.is_override_default, false) THEN fov.finalized_contribution_margin ELSE oc.contribution_margin END)::numeric, 2)",finalized_contribution_margin,false,true
459,4,18,59,"ROUND((CASE WHEN COALESCE(pmc.is_override_default, false) THEN fov.finalized_contribution_revenue ELSE oc.contribution_revenue END)::numeric, 2)",finalized_contribution_revenue,false,true
460,4,24,60,"ROUND((CASE WHEN COALESCE(pmc.is_override_default, false) THEN fov.finalized_contribution_margin_percent ELSE oc.contribution_margin_percent END)::numeric, 2)",finalized_contribution_margin_percent,false,true
461,4,32,61,iarc.ia_recc_discount,ia_recc_discount,false,true
462,4,11,62,"ROUND((CASE WHEN COALESCE(pmc.is_override_default, false) THEN fov.finalized_baseline_margin ELSE oc.baseline_margin END)::numeric, 2)",finalized_baseline_margin,false,true
463,4,5,63,"ROUND((CASE WHEN COALESCE(pmc.is_override_default, false) THEN fov.finalized_baseline_revenue ELSE oc.baseline_revenue END)::numeric, 2)",finalized_baseline_revenue,false,true
464,4,2,64,"ROUND((CASE WHEN COALESCE(pmc.is_override_default, false) THEN fov.finalized_baseline_sales_units ELSE oc.baseline_sales_units END)::numeric, 2)",finalized_baseline_sales_units,false,true
465,4,10,65,"ROUND(oc.margin::numeric, 2)",original_margin,false,true
466,4,4,66,"ROUND(oc.revenue::numeric, 2)",original_revenue,false,true
467,4,31,67,NULL,original_discount,false,true
468,4,16,68,"ROUND(oc.promo_spend::numeric, 2)",original_promo_spend,false,true
469,4,1,69,"ROUND(oc.sales_units::numeric, 2)",original_sales_units,false,true
470,4,23,70,"ROUND(oc.margin_percent::numeric, 2)",original_margin_percent,false,true
471,4,17,71,"ROUND(oc.contribution_margin::numeric, 2)",original_contribution_margin,false,true
472,4,18,72,"ROUND(oc.contribution_revenue::numeric, 2)",original_contribution_revenue,false,true
473,4,24,73,"ROUND(oc.contribution_margin_percent::numeric, 2)",original_contribution_margin_percent,false,true
474,4,11,74,"ROUND(sfc.baseline_margin::numeric, 2)",finalized_stack_baseline_margin,false,true
475,4,5,75,"ROUND(sfc.baseline_revenue::numeric, 2)",finalized_stack_baseline_revenue,false,true
476,4,2,76,"ROUND(sfc.baseline_sales_units::numeric, 2)",finalized_stack_baseline_sales_units,false,true
477,4,10,77,"ROUND(sfc.margin::numeric, 2)",finalized_stack_margin,false,true
478,4,4,78,"ROUND(sfc.revenue::numeric, 2)",finalized_stack_revenue,false,true
479,4,16,79,"ROUND(sfc.promo_spend::numeric, 2)",finalized_stack_promo_spend,false,true
480,4,1,80,"ROUND(sfc.sales_units::numeric, 2)",finalized_stack_sales_units,false,true
481,4,23,81,"ROUND(sfc.margin_percent::numeric, 2)",finalized_stack_margin_percent,false,true
482,4,17,82,"ROUND(sfc.contribution_margin::numeric, 2)",finalized_stack_contribution_margin,false,true
483,4,18,83,"ROUND(sfc.contribution_revenue::numeric, 2)",finalized_stack_contribution_revenue,false,true
484,4,24,84,"ROUND(sfc.contribution_margin_percent::numeric, 2)",finalized_stack_contribution_margin_percent,false,true
485,4,3,85,"ROUND(sfc.incremental_sales_units::numeric, 2)",finalized_stack_incremental_sales_units,false,true
486,4,6,86,"ROUND(sfc.incremental_revenue::numeric, 2)",finalized_stack_incremental_revenue,false,true
487,4,12,87,"ROUND(sfc.incremental_margin::numeric, 2)",finalized_stack_incremental_margin,false,true
488,4,10,88,"ROUND(COALESCE(sfc.margin, soc.margin)::numeric, 2)",original_stack_margin,false,true
489,4,4,89,"ROUND(COALESCE(sfc.revenue, soc.revenue)::numeric, 2)",original_stack_revenue,false,true
490,4,16,90,"ROUND(COALESCE(sfc.promo_spend, soc.promo_spend)::numeric, 2)",original_stack_promo_spend,false,true
491,4,1,91,"ROUND(COALESCE(sfc.sales_units, soc.sales_units)::numeric, 2)",original_stack_sales_units,false,true
492,4,23,92,"ROUND(COALESCE(sfc.margin_percent, soc.margin_percent)::numeric, 2)",original_stack_margin_percent,false,true
493,4,17,93,"ROUND(COALESCE(sfc.contribution_margin, soc.contribution_margin)::numeric, 2)",original_stack_contribution_margin,false,true
494,4,18,94,"ROUND(COALESCE(sfc.contribution_revenue, soc.contribution_revenue)::numeric, 2)",original_stack_contribution_revenue,false,true
495,4,24,95,"ROUND(COALESCE(sfc.contribution_margin_percent, soc.contribution_margin_percent)::numeric, 2)",original_stack_contribution_margin_percent,false,true
496,4,3,96,"ROUND((CASE WHEN COALESCE(pmc.is_override_default, false) THEN fov.finalized_incremental_sales_units ELSE oc.incremental_sales_units END)::numeric, 2)",finalized_incremental_sales_units,false,true
497,4,6,97,"ROUND((CASE WHEN COALESCE(pmc.is_override_default, false) THEN fov.finalized_incremental_revenue ELSE oc.incremental_revenue END)::numeric, 2)",finalized_incremental_revenue,false,true
498,4,12,98,"ROUND((CASE WHEN COALESCE(pmc.is_override_default, false) THEN fov.finalized_incremental_margin ELSE oc.incremental_margin END)::numeric, 2)",finalized_incremental_margin,false,true
499,4,,99,"ROUND((CASE WHEN COALESCE(pmc.is_override_default, false) THEN fov.total_inventory ELSE oc.total_inventory END)::numeric, 2)",finalized_total_inventory,false,true
500,4,25,100,"ROUND((CASE WHEN COALESCE(pmc.is_override_default, false) THEN fov.event_level_st_percent ELSE (CASE WHEN COALESCE(oc.total_inventory, 0) = 0 THEN 0 ELSE LEAST(100, GREATEST(0, ROUND((oc.sales_units / oc.total_inventory * 100)::numeric, 1))) END) END)::numeric, 2)",finalized_st_percent,false,true
501,4,25,101,"ROUND(sfc.finalized_stack_st_percent::numeric, 2)",finalized_stack_st_percent,false,true
502,4,25,102,"ROUND(acc.st_percent::numeric, 2)",actualized_st_percent,false,true
503,4,16,103,"ROUND(acc.promo_spend::numeric, 2)",actualized_promo_spend,false,true
504,4,3,104,"ROUND(acc.incremental_sales_units::numeric, 2)",actualized_incremental_sales_units,false,true
505,4,6,105,"ROUND(acc.incremental_revenue::numeric, 2)",actualized_incremental_revenue,false,true
506,4,12,106,"ROUND(acc.incremental_margin::numeric, 2)",actualized_incremental_margin,false,true
507,4,10,107,"ROUND(acc.margin::numeric, 2)",actualized_margin,false,true
508,4,4,108,"ROUND(acc.revenue::numeric, 2)",actualized_revenue,false,true
509,4,1,109,"ROUND(acc.sales_units::numeric, 2)",actualized_sales_units,false,true
510,4,23,110,"ROUND(acc.margin_percent::numeric, 2)",actualized_margin_percent,false,true
511,4,18,111,"ROUND(acc.contribution_revenue::numeric, 2)",actualized_contribution_revenue,false,true
512,4,,112,pmc.vendor_portal_status_id::integer,vendor_portal_status_id,false,true
513,4,,113,pmc.vendor_created_by::text,vendor_created_by,false,true
514,4,,114,vum.name::text,vendor_created_by_name,false,true
515,4,,115,pmc.vendor_portal_status::text,vendor_portal_status,false,true
516,4,,116,pmc.created_at::date,created_at,false,true
517,4,,117,pmc.updated_at::date,updated_at,false,true
518,4,,118,pmc.event_attributes,event_attributes,false,true
519,4,,119,pmc.event_start_date,event_start_date,false,true
520,4,,120,pmc.event_end_date,event_end_date,false,true
521,4,33,121,"ROUND(pmc.no_of_txn::numeric, 2)",no_of_txn,false,true
522,4,34,122,"ROUND(pmc.units_per_txn::numeric, 2)",units_per_txn,false,true
523,4,35,123,"ROUND(pmc.avg_basket_size::numeric, 2)",avg_basket_size,false,true
524,4,29,124,"ROUND((CASE WHEN COALESCE(pmc.is_override_default, false) THEN fov.finalized_coupon_spend ELSE oc.order_discount END)::numeric, 2)",finalized_order_discount,false,true
525,4,29,125,"ROUND(oc.order_discount::numeric, 2)",original_order_discount,false,true
526,4,29,126,"ROUND(sfc.coupon_spend::numeric, 2)",finalized_stack_order_discount,false,true
527,4,29,127,"ROUND(COALESCE(sfc.order_discount, soc.order_discount)::numeric, 2)",original_stack_order_discount,false,true
528,4,29,128,"ROUND(acc.order_discount::numeric, 2)",actualized_order_discount,false,true
529,4,27,129,"ROUND((CASE WHEN COALESCE(pmc.is_override_default, false) THEN (CASE WHEN COALESCE(fov.finalized_baseline_revenue, 0) = 0 THEN NULL ELSE ROUND((fov.finalized_baseline_margin * 100 / fov.finalized_baseline_revenue)::numeric, 2) END) ELSE oc.baseline_margin_percent END)::numeric, 2)",finalized_baseline_margin_percent,false,true
530,4,27,130,"ROUND(oc.baseline_margin_percent::numeric, 2)",original_baseline_margin_percent,false,true
531,4,27,131,"ROUND((CASE WHEN COALESCE(sfc.finalized_baseline_revenue, 0) = 0 THEN NULL ELSE ROUND((sfc.finalized_baseline_margin * 100 / sfc.finalized_baseline_revenue)::numeric, 2) END)::numeric, 2)",finalized_stack_baseline_margin_percent,false,true
532,4,27,132,"ROUND(COALESCE((CASE WHEN COALESCE(sfc.baseline_revenue, 0) = 0 THEN NULL ELSE ROUND((sfc.baseline_margin * 100 / sfc.baseline_revenue)::numeric, 2) END), soc.baseline_margin_percent)::numeric, 2)",original_stack_baseline_margin_percent,false,true
533,4,30,133,"ROUND((acc.margin_percent - acc.baseline_contribution_margin_percent)::numeric, 2)",actualized_incremental_margin_percent,false,true
534,4,30,134,"ROUND(((CASE WHEN COALESCE(pmc.is_override_default, false) THEN fov.finalized_margin_percent ELSE oc.margin_percent END) - (CASE WHEN COALESCE(pmc.is_override_default, false) THEN (CASE WHEN COALESCE(fov.finalized_baseline_revenue, 0) = 0 THEN NULL ELSE ROUND((fov.finalized_baseline_margin * 100 / fov.finalized_baseline_revenue)::numeric, 2) END) ELSE oc.baseline_margin_percent END))::numeric, 2)",finalized_incremental_margin_percent,false,true
535,4,30,135,"ROUND((oc.margin_percent - oc.baseline_margin_percent)::numeric, 2)",original_incremental_margin_percent,false,true
536,4,30,136,"ROUND((sfc.margin_percent - (CASE WHEN COALESCE(sfc.baseline_revenue, 0) = 0 THEN NULL ELSE ROUND((sfc.baseline_margin * 100 / sfc.baseline_revenue)::numeric, 2) END))::numeric, 2)",finalized_stack_incremental_margin_percent,false,true
537,4,30,137,"ROUND((COALESCE(sfc.margin_percent, soc.margin_percent) - COALESCE((CASE WHEN COALESCE(sfc.baseline_revenue, 0) = 0 THEN NULL ELSE ROUND((sfc.baseline_margin * 100 / sfc.baseline_revenue)::numeric, 2) END), soc.baseline_margin_percent))::numeric, 2)",original_stack_incremental_margin_percent,false,true
538,4,11,138,"ROUND(oc.baseline_margin::numeric, 2)",original_baseline_margin,false,true
539,4,5,139,"ROUND(oc.baseline_revenue::numeric, 2)",original_baseline_revenue,false,true
540,4,2,140,"ROUND(oc.baseline_sales_units::numeric, 2)",original_baseline_sales_units,false,true
541,4,2,141,"ROUND(COALESCE(sfc.baseline_sales_units, soc.baseline_sales_units)::numeric, 2)",original_stack_baseline_sales_units,false,true
542,4,5,142,"ROUND(COALESCE(sfc.baseline_revenue, soc.baseline_revenue)::numeric, 2)",original_stack_baseline_revenue,false,true
543,4,11,143,"ROUND(COALESCE(sfc.baseline_margin, soc.baseline_margin)::numeric, 2)",original_stack_baseline_margin,false,true
544,4,36,144,"CASE WHEN pmc.products_count != 0 THEN ROUND(((CASE WHEN COALESCE(pmc.is_override_default, false) THEN fov.finalized_revenue ELSE oc.revenue END) / pmc.products_count)::NUMERIC, 2) ELSE 0 END",finalized_revenue_per_style,false,true
545,4,36,145,"CASE WHEN pmc.products_count != 0 THEN ROUND((sfc.revenue / pmc.products_count)::NUMERIC, 2) ELSE 0 END",finalized_stack_revenue_per_style,false,true
546,4,36,146,"CASE WHEN pmc.products_count != 0 THEN ROUND((acc.revenue / pmc.products_count)::NUMERIC, 2) ELSE 0 END",actual_revenue_per_style,false,true
547,4,,200,"COALESCE(fov.l0_cuq, sfc.l0_cuq, iarc.l0_cuq, acc.l0_cuq)",l0_cuq,true,true
548,4,,201,"COALESCE(fov.l1_cuq, sfc.l1_cuq, iarc.l1_cuq, acc.l1_cuq)",l1_cuq,true,true
549,4,,202,"COALESCE(fov.l2_cuq, sfc.l2_cuq, iarc.l2_cuq, acc.l2_cuq)",l2_cuq,true,true
550,4,,203,"COALESCE(fov.l3_cuq, sfc.l3_cuq, iarc.l3_cuq, acc.l3_cuq)",l3_cuq,true,true
551,4,,204,"COALESCE(fov.l4_cuq, sfc.l4_cuq, iarc.l4_cuq, acc.l4_cuq)",l4_cuq,true,true
552,4,,205,"COALESCE(fov.l5_cuq, sfc.l5_cuq, iarc.l5_cuq, acc.l5_cuq)",l5_cuq,true,true
553,4,,210,"COALESCE(fov.l0_name, sfc.l0_name, iarc.l0_name, acc.l0_name)",l0_name,true,true
554,4,,211,"COALESCE(fov.l0_id, sfc.l0_id, iarc.l0_id, acc.l0_id)",l0_id,true,true
555,4,,212,"COALESCE(fov.l1_name, sfc.l1_name, iarc.l1_name, acc.l1_name)",l1_name,true,true
556,4,,213,"COALESCE(fov.l1_id, sfc.l1_id, iarc.l1_id, acc.l1_id)",l1_id,true,true
557,4,,214,"COALESCE(fov.l2_name, sfc.l2_name, iarc.l2_name, acc.l2_name)",l2_name,true,true
558,4,,215,"COALESCE(fov.l2_id, sfc.l2_id, iarc.l2_id, acc.l2_id)",l2_id,true,true
559,4,,216,"COALESCE(fov.l3_name, sfc.l3_name, iarc.l3_name, acc.l3_name)",l3_name,true,true
560,4,,217,"COALESCE(fov.l3_id, sfc.l3_id, iarc.l3_id, acc.l3_id)",l3_id,true,true
561,4,,218,"COALESCE(fov.l4_name, sfc.l4_name, iarc.l4_name, acc.l4_name)",l4_name,true,true
562,4,,219,"COALESCE(fov.l4_id, sfc.l4_id, iarc.l4_id, acc.l4_id)",l4_id,true,true
563,4,,220,"COALESCE(fov.l5_name, sfc.l5_name, iarc.l5_name, acc.l5_name)",l5_name,true,true
564,4,,221,"COALESCE(fov.l5_id, sfc.l5_id, iarc.l5_id, acc.l5_id)",l5_id,true,true
565,4,,230,"COALESCE(fov.s0_name, sfc.s0_name, iarc.s0_name, acc.s0_name)",s0_name,true,true
566,4,,231,"COALESCE(fov.s0_id, sfc.s0_id, iarc.s0_id, acc.s0_id)",s0_id,true,true
567,4,,232,"COALESCE(fov.s1_name, sfc.s1_name, iarc.s1_name, acc.s1_name)",s1_name,true,true
568,4,,233,"COALESCE(fov.s1_id, sfc.s1_id, iarc.s1_id, acc.s1_id)",s1_id,true,true
569,4,,234,"COALESCE(fov.s2_name, sfc.s2_name, iarc.s2_name, acc.s2_name)",s2_name,true,true
570,4,,235,"COALESCE(fov.s2_id, sfc.s2_id, iarc.s2_id, acc.s2_id)",s2_id,true,true
571,4,,236,"COALESCE(fov.s3_name, sfc.s3_name, iarc.s3_name, acc.s3_name)",s3_name,true,true
572,4,,237,"COALESCE(fov.s3_id, sfc.s3_id, iarc.s3_id, acc.s3_id)",s3_id,true,true
573,4,,238,"COALESCE(fov.s4_name, sfc.s4_name, iarc.s4_name, acc.s4_name)",s4_name,true,true
574,4,,239,"COALESCE(fov.s4_id, sfc.s4_id, iarc.s4_id, acc.s4_id)",s4_id,true,true
575,4,,240,"COALESCE(fov.s5_name, sfc.s5_name, iarc.s5_name, acc.s5_name)",s5_name,true,true
576,4,,241,"COALESCE(fov.s5_id, sfc.s5_id, iarc.s5_id, acc.s5_id)",s5_id,true,true
577,4,,250,"COALESCE(fov.c0_name, sfc.c0_name, iarc.c0_name, acc.c0_name)",c0_name,true,true
578,4,,251,"COALESCE(fov.c0_id, sfc.c0_id, iarc.c0_id, acc.c0_id)",c0_id,true,true
579,4,,252,"COALESCE(fov.c1_name, sfc.c1_name, iarc.c1_name, acc.c1_name)",c1_name,true,true
580,4,,253,"COALESCE(fov.c1_id, sfc.c1_id, iarc.c1_id, acc.c1_id)",c1_id,true,true
581,4,,254,"COALESCE(fov.c2_name, sfc.c2_name, iarc.c2_name, acc.c2_name)",c2_name,true,true
582,4,,255,"COALESCE(fov.c2_id, sfc.c2_id, iarc.c2_id, acc.c2_id)",c2_id,true,true
583,3,,1,promo_name,Promo Name,false,true
584,3,,2,event_name,Event Name,false,true
585,3,,3,l0_cuq,l0_cuq,true,true
586,3,,4,l1_cuq,l1_cuq,true,true
587,3,,5,l2_cuq,l2_cuq,true,true
588,3,,6,l3_cuq,l3_cuq,true,true
589,3,,7,l4_cuq,Sub Class,true,true
590,3,,8,l5_cuq,l5_cuq,true,true
591,3,,30,s0_name,s0_name,true,true
592,3,,31,s1_name,s1_name,true,true
593,3,,32,s2_name,s2_name,true,true
594,3,,33,s3_name,s3_name,true,true
595,3,,34,s4_name,s4_name,true,true
596,3,,35,s5_name,s5_name,true,true
597,3,,50,c0_name,c0_name,true,true
598,3,,51,c1_name,c1_name,true,true
599,3,,52,c2_name,c2_name,true,true
600,3,,100,currency_symbol,Currency,false,true
601,3,,101,start_date,Start Date,false,true
602,3,,102,end_date,End Date,false,true
603,3,,103,created_by,Created By,false,true
604,3,,104,offer_comment,Comments,false,true
605,3,,105,status,Promo Status,false,true
606,3,,106,review_status,Review Status,false,true
607,3,28,107,actual_performance,Actual Performance,false,true
608,3,28,108,finalized_performance,Finalized Performance,false,true
609,3,32,109,ia_recc_discount,IA Recommended Discount,false,true
610,3,31,110,finalized_discount,Finalized Discount,false,true
611,3,,111,products_count,#Products,false,true
612,3,,112,kvi_tagged_products_count,#KVI Products,false,true
613,3,35,113,avg_basket_size,Avg. Cart Size,false,true
614,3,34,114,units_per_txn,Units Per Transaction,false,true
615,3,33,115,no_of_txn,# of Transaction,false,true
616,3,36,116,finalized_revenue_per_style,Finalized Revenue Per SKU,false,true
617,3,36,117,finalized_stack_revenue_per_style,Finalized Stack Revenue Per SKU,false,true
618,3,36,118,actual_revenue_per_style,Actual Revenue Per SKU,false,true
619,3,16,119,actualized_promo_spend,Actualized Promo $,false,true
620,3,16,120,finalized_promo_spend,Finalized Promo $,false,true
621,3,1,121,actualized_sales_units,Actualized Sales Units,false,true
622,3,1,122,finalized_sales_units,IA Projected(Finalized) Sales Units,false,true
623,3,2,123,finalized_baseline_sales_units,Baseline Sales Units,false,true
624,3,3,124,finalized_incremental_sales_units,Incremental Sales Units,false,true
625,3,4,125,actualized_revenue,Actualized Revenue,false,true
626,3,4,126,finalized_revenue,IA Projected(Finalized) Revenue,false,true
627,3,5,127,finalized_baseline_revenue,Finalized Baseline Revenue,false,true
628,3,6,128,finalized_incremental_revenue,Finalized Incremental Revenue,false,true
629,3,10,129,actualized_margin,Actualized Margin$,false,true
630,3,10,130,finalized_margin,IA Projected(Finalized) Margin$,false,true
631,3,11,131,finalized_baseline_margin,Baseline Margin$,false,true
632,3,12,132,finalized_incremental_margin,Finalized Incremental Margin$,false,true
633,3,23,133,actualized_margin_percent,Actualized Margin%,false,true
634,3,23,134,finalized_margin_percent,Finalized Margin%,false,true
635,3,29,135,finalized_order_discount,Finalized Order Discount,false,true
636,3,27,136,finalized_baseline_margin_percent,Finalized Baseline Margin Percent,false,true
637,3,30,137,finalized_incremental_margin_percent,Finalized Incremental Margin Percent,false,true
638,3,29,138,actualized_order_discount,Actualized Order Discount,false,true
639,3,30,139,actualized_incremental_margin_percent,Actualized Incremental Margin Percent,false,true
640,3,16,140,original_promo_spend,Original Promo $,false,true
641,3,1,141,original_sales_units,Original Sales Units,false,true
642,3,4,142,original_revenue,Original Sales $,false,true
643,3,10,143,original_margin,Original Margin$,false,true
644,3,23,144,original_margin_percent,Original Margin%,false,true
645,3,29,145,original_order_discount,Original Order Discount,false,true
646,3,11,146,original_baseline_margin,Original Baseline Margin$,false,true
647,3,2,147,original_baseline_sales_units,Original Baseline Sales Units,false,true
648,3,5,148,original_baseline_revenue,Original Baseline Sales $,false,true
649,3,27,149,original_baseline_margin_percent,Original Baseline Margin Percent,false,true
650,3,30,150,original_incremental_margin_percent,Original Incremental Margin Percent,false,true
651,3,16,151,finalized_stack_promo_spend,Finalized Stack Promo $,false,true
652,3,1,152,finalized_stack_sales_units,Finalized Stack Sales Units,false,true
653,3,2,153,finalized_stack_baseline_sales_units,Finalized Stack Baseline Sales Units,false,true
654,3,3,154,finalized_stack_incremental_sales_units,Finalized Stack Incremental Sales Units,false,true
655,3,4,155,finalized_stack_revenue,Finalized Stack Revenue,false,true
656,3,5,156,finalized_stack_baseline_revenue,Finalized Stack Baseline Revenue,false,true
657,3,6,157,finalized_stack_incremental_revenue,Finalized Stack Incremental Revenue,false,true
658,3,10,158,finalized_stack_margin,Finalized Stack Margin$,false,true
659,3,11,159,finalized_stack_baseline_margin,Finalized Stack Baseline Margin$,false,true
660,3,12,160,finalized_stack_incremental_margin,Finalized Stack Incremental Margin$,false,true
661,3,23,161,finalized_stack_margin_percent,Finalized Stack Margin%,false,true
662,3,29,162,finalized_stack_order_discount,Finalized Stack Order Discount,false,true
663,3,27,163,finalized_stack_baseline_margin_percent,Finalized Stack Baseline Margin Percent,false,true
664,3,30,164,finalized_stack_incremental_margin_percent,Finalized Stack Incremental Margin Percent,false,true
665,3,1,165,original_stack_sales_units,Original Stack Sales Units,false,true
666,3,4,166,original_stack_revenue,Original Stack Revenue,false,true
667,3,10,167,original_stack_margin,Original Stack Margin$,false,true
668,3,23,168,original_stack_margin_percent,Original Stack Margin%,false,true
669,3,16,169,original_stack_promo_spend,Original Stack Promo $,false,true
670,3,29,170,original_stack_order_discount,Original Stack Order Discount,false,true
671,3,11,171,original_stack_baseline_margin,Original Stack Baseline Margin$,false,true
672,3,2,172,original_stack_baseline_sales_units,Original Stack Baseline Sales Units,false,true
673,3,5,173,original_stack_baseline_revenue,Original Stack Baseline Revenue,false,true
674,3,27,174,original_stack_baseline_margin_percent,Original Stack Baseline Margin Percent,false,true
675,3,30,175,original_stack_incremental_margin_percent,Original Stack Incremental Margin Percent,false,true
676,6,,1,base_data.promo_id,promo_id,false,true
677,6,,2,base_data.promo_name,promo_name,false,true
678,6,,3,base_data.start_date,start_date,false,true
679,6,,4,base_data.end_date,end_date,false,true
680,6,,5,base_data.event_id,event_id,false,true
681,6,,6,base_data.event_name,event_name,false,true
682,6,,7,base_data.event_start_date,event_start_date,false,true
683,6,,8,base_data.event_end_date,event_end_date,false,true
684,6,,9,base_data.is_locked,is_locked,false,true
685,6,,10,base_data.created_by,created_by,false,true
686,6,,11,base_data.user_id,user_id,false,true
687,6,,12,base_data.offer_comment,offer_comment,false,true
688,6,,13,base_data.status_id,status_id,false,true
689,6,,14,base_data.status,status,false,true
690,6,,15,base_data.timeline_status,timeline_status,false,true
691,6,,16,base_data.review_status,review_status,false,true
692,6,,17,base_data.step_count,step_count,false,true
693,6,,18,base_data.products_count,products_count,false,true
694,6,,19,base_data.kvi_tagged_products_count,kvi_tagged_products_count,false,true
695,6,,20,base_data.stores_count,stores_count,false,true
696,6,,21,base_data.product_selection_type_id,product_selection_type_id,false,true
697,6,,22,base_data.product_selection_type,product_selection_type,false,true
698,6,,23,base_data.store_selection_type_id,store_selection_type_id,false,true
699,6,,24,base_data.store_selection_type,store_selection_type,false,true
700,6,,25,base_data.exclusion_selection_type_id,exclusion_selection_type_id,false,true
701,6,,26,base_data.exclusion_selection_type,exclusion_selection_type,false,true
702,6,,27,base_data.customer_type_id,customer_type_id,false,true
703,6,,28,base_data.customer_type,customer_type,false,true
704,6,,31,base_data.last_approved_scenario_id,last_approved_scenario_id,false,true
705,6,,32,base_data.recommendation_type_id,recommendation_type_id,false,true
706,6,,33,base_data.recommendation_type,recommendation_type,false,true
707,6,,34,base_data.is_under_processing,is_under_processing,false,true
708,6,,35,base_data.is_auto_resimulated,is_auto_resimulated,false,true
709,6,,36,base_data.is_overridden,is_overridden,false,true
710,6,,37,base_data.override_comment,override_comment,false,true
711,6,,38,base_data.override_reason,override_reason,false,true
712,6,,39,base_data.currency_id,currency_id,false,true
713,6,,40,base_data.currency_name,currency_name,false,true
714,6,,41,base_data.currency_symbol,currency_symbol,false,true
715,6,,42,base_data.discount_type,discount_type,false,true
716,6,,43,base_data.discount_level_id,discount_level_id,false,true
717,6,,44,base_data.discount_level,discount_level,false,true
718,6,28,45,base_data.actual_performance,actual_performance,false,true
719,6,28,46,base_data.finalized_performance_from_finalized,finalized_performance,false,true
720,6,28,47,base_data.performance,performance,false,true
721,6,,48,base_data.target_sales_units,target_sales_units,false,true
722,6,,49,base_data.target_revenue,target_revenue,false,true
723,6,,50,base_data.target_margin,target_margin,false,true
724,6,,51,base_data.vendor_portal_status_id,vendor_portal_status_id,false,true
725,6,,52,base_data.vendor_created_by_name,vendor_created_by_name,false,true
726,6,,53,base_data.vendor_created_by,vendor_created_by,false,true
727,6,,54,base_data.vendor_portal_status,vendor_portal_status,false,true
728,6,33,55,base_data.no_of_txn,no_of_txn,false,true
729,6,34,56,base_data.units_per_txn,units_per_txn,false,true
730,6,35,57,base_data.avg_basket_size,avg_basket_size,false,true
731,6,16,58,base_data.actualized_promo_spend,actualized_promo_spend,false,true
732,6,10,59,base_data.finalized_margin,finalized_margin,false,true
733,6,4,60,base_data.finalized_revenue,finalized_revenue,false,true
734,6,31,61,base_data.finalized_discount,finalized_discount,false,true
735,6,16,62,base_data.finalized_promo_spend,finalized_promo_spend,false,true
736,6,1,63,base_data.finalized_sales_units,finalized_sales_units,false,true
737,6,23,64,base_data.finalized_margin_percent,finalized_margin_percent,false,true
738,6,17,65,base_data.finalized_contribution_margin,finalized_contribution_margin,false,true
739,6,18,66,base_data.finalized_contribution_revenue,finalized_contribution_revenue,false,true
740,6,24,67,base_data.finalized_contribution_margin_percent,finalized_contribution_margin_percent,false,true
741,6,,68,base_data.finalized_total_inventory,finalized_total_inventory,false,true
742,6,25,69,base_data.finalized_st_percent,finalized_st_percent,false,true
743,6,29,70,base_data.finalized_order_discount,finalized_order_discount,false,true
744,6,36,71,base_data.finalized_revenue_per_style,finalized_revenue_per_style,false,true
745,6,32,72,base_data.ia_recc_discount,ia_recc_discount,false,true
746,6,11,73,base_data.finalized_baseline_margin,finalized_baseline_margin,false,true
747,6,5,74,base_data.finalized_baseline_revenue,finalized_baseline_revenue,false,true
748,6,2,75,base_data.finalized_baseline_sales_units,finalized_baseline_sales_units,false,true
749,6,27,76,base_data.finalized_baseline_margin_percent,finalized_baseline_margin_percent,false,true
750,6,10,77,base_data.original_margin,original_margin,false,true
751,6,4,78,base_data.original_revenue,original_revenue,false,true
752,6,31,79,base_data.original_discount,original_discount,false,true
753,6,16,80,base_data.original_promo_spend,original_promo_spend,false,true
754,6,1,81,base_data.original_sales_units,original_sales_units,false,true
755,6,23,82,base_data.original_margin_percent,original_margin_percent,false,true
756,6,17,83,base_data.original_contribution_margin,original_contribution_margin,false,true
757,6,18,84,base_data.original_contribution_revenue,original_contribution_revenue,false,true
758,6,24,85,base_data.original_contribution_margin_percent,original_contribution_margin_percent,false,true
759,6,29,86,base_data.original_order_discount,original_order_discount,false,true
760,6,2,87,base_data.original_baseline_sales_units,original_baseline_sales_units,false,true
761,6,5,88,base_data.original_baseline_revenue,original_baseline_revenue,false,true
762,6,11,89,base_data.original_baseline_margin,original_baseline_margin,false,true
763,6,27,90,base_data.original_baseline_margin_percent,original_baseline_margin_percent,false,true
764,6,30,91,base_data.original_incremental_margin_percent,original_incremental_margin_percent,false,true
765,6,11,92,base_data.finalized_stack_baseline_margin,finalized_stack_baseline_margin,false,true
766,6,5,93,base_data.finalized_stack_baseline_revenue,finalized_stack_baseline_revenue,false,true
767,6,2,94,base_data.finalized_stack_baseline_sales_units,finalized_stack_baseline_sales_units,false,true
768,6,27,95,base_data.finalized_stack_baseline_margin_percent,finalized_stack_baseline_margin_percent,false,true
769,6,10,96,base_data.finalized_stack_margin,finalized_stack_margin,false,true
770,6,4,97,base_data.finalized_stack_revenue,finalized_stack_revenue,false,true
771,6,16,98,base_data.finalized_stack_promo_spend,finalized_stack_promo_spend,false,true
772,6,1,99,base_data.finalized_stack_sales_units,finalized_stack_sales_units,false,true
773,6,23,100,base_data.finalized_stack_margin_percent,finalized_stack_margin_percent,false,true
774,6,17,101,base_data.finalized_stack_contribution_margin,finalized_stack_contribution_margin,false,true
775,6,18,102,base_data.finalized_stack_contribution_revenue,finalized_stack_contribution_revenue,false,true
776,6,24,103,base_data.finalized_stack_contribution_margin_percent,finalized_stack_contribution_margin_percent,false,true
777,6,25,104,base_data.finalized_stack_st_percent,finalized_stack_st_percent,false,true
778,6,29,105,base_data.finalized_stack_order_discount,finalized_stack_order_discount,false,true
779,6,36,106,base_data.finalized_stack_revenue_per_style,finalized_stack_revenue_per_style,false,true
780,6,3,107,base_data.finalized_stack_incremental_sales_units,finalized_stack_incremental_sales_units,false,true
781,6,6,108,base_data.finalized_stack_incremental_revenue,finalized_stack_incremental_revenue,false,true
782,6,12,109,base_data.finalized_stack_incremental_margin,finalized_stack_incremental_margin,false,true
783,6,30,110,base_data.finalized_stack_incremental_margin_percent,finalized_stack_incremental_margin_percent,false,true
784,6,10,111,base_data.original_stack_margin,original_stack_margin,false,true
785,6,4,112,base_data.original_stack_revenue,original_stack_revenue,false,true
786,6,16,113,base_data.original_stack_promo_spend,original_stack_promo_spend,false,true
787,6,1,114,base_data.original_stack_sales_units,original_stack_sales_units,false,true
788,6,23,115,base_data.original_stack_margin_percent,original_stack_margin_percent,false,true
789,6,17,116,base_data.original_stack_contribution_margin,original_stack_contribution_margin,false,true
790,6,18,117,base_data.original_stack_contribution_revenue,original_stack_contribution_revenue,false,true
791,6,24,118,base_data.original_stack_contribution_margin_percent,original_stack_contribution_margin_percent,false,true
792,6,29,119,base_data.original_stack_order_discount,original_stack_order_discount,false,true
793,6,2,120,base_data.original_stack_baseline_sales_units,original_stack_baseline_sales_units,false,true
794,6,5,121,base_data.original_stack_baseline_revenue,original_stack_baseline_revenue,false,true
795,6,11,122,base_data.original_stack_baseline_margin,original_stack_baseline_margin,false,true
796,6,27,123,base_data.original_stack_baseline_margin_percent,original_stack_baseline_margin_percent,false,true
797,6,30,124,base_data.original_stack_incremental_margin_percent,original_stack_incremental_margin_percent,false,true
798,6,10,125,base_data.actualized_margin,actualized_margin,false,true
799,6,4,126,base_data.actualized_revenue,actualized_revenue,false,true
800,6,1,127,base_data.actualized_sales_units,actualized_sales_units,false,true
801,6,23,128,base_data.actualized_margin_percent,actualized_margin_percent,false,true
802,6,17,129,base_data.actualized_contribution_margin,actualized_contribution_margin,false,true
803,6,18,130,base_data.actualized_contribution_revenue,actualized_contribution_revenue,false,true
804,6,24,131,base_data.actualized_contribution_margin_percent,actualized_contribution_margin_percent,false,true
805,6,25,132,base_data.actualized_st_percent,actualized_st_percent,false,true
806,6,29,133,base_data.actualized_order_discount,actualized_order_discount,false,true
807,6,36,134,base_data.actual_revenue_per_style,actual_revenue_per_style,false,true
808,6,3,135,base_data.finalized_incremental_sales_units,finalized_incremental_sales_units,false,true
809,6,6,136,base_data.finalized_incremental_revenue,finalized_incremental_revenue,false,true
810,6,12,137,base_data.finalized_incremental_margin,finalized_incremental_margin,false,true
811,6,30,138,base_data.finalized_incremental_margin_percent,finalized_incremental_margin_percent,false,true
812,6,3,139,base_data.actualized_incremental_sales_units,actualized_incremental_sales_units,false,true
813,6,6,140,base_data.actualized_incremental_revenue,actualized_incremental_revenue,false,true
814,6,12,141,base_data.actualized_incremental_margin,actualized_incremental_margin,false,true
815,6,30,142,base_data.actualized_incremental_margin_percent,actualized_incremental_margin_percent,false,true
816,6,,143,base_data.event_attributes,event_attributes,false,true
817,7,,1,base_data.promo_id,promo_id,false,true
818,7,,2,base_data.promo_name,promo_name,false,true
819,7,,3,base_data.start_date,start_date,false,true
820,7,,4,base_data.end_date,end_date,false,true
821,7,,5,base_data.event_id,event_id,false,true
822,7,,6,base_data.event_name,event_name,false,true
823,7,,7,base_data.event_start_date,event_start_date,false,true
824,7,,8,base_data.event_end_date,event_end_date,false,true
825,7,,9,base_data.is_locked,is_locked,false,true
826,7,,10,base_data.created_by,created_by,false,true
827,7,,11,base_data.user_id,user_id,false,true
828,7,,12,base_data.offer_comment,offer_comment,false,true
829,7,,13,base_data.status_id,status_id,false,true
830,7,,14,base_data.status,status,false,true
831,7,,15,base_data.timeline_status,timeline_status,false,true
832,7,,16,base_data.review_status,review_status,false,true
833,7,,17,base_data.step_count,step_count,false,true
834,7,,18,base_data.products_count,products_count,false,true
835,7,,19,base_data.kvi_tagged_products_count,kvi_tagged_products_count,false,true
836,7,,20,base_data.stores_count,stores_count,false,true
837,7,,21,base_data.product_selection_type_id,product_selection_type_id,false,true
838,7,,22,base_data.product_selection_type,product_selection_type,false,true
839,7,,23,base_data.store_selection_type_id,store_selection_type_id,false,true
840,7,,24,base_data.store_selection_type,store_selection_type,false,true
841,7,,25,base_data.exclusion_selection_type_id,exclusion_selection_type_id,false,true
842,7,,26,base_data.exclusion_selection_type,exclusion_selection_type,false,true
843,7,,27,base_data.customer_type_id,customer_type_id,false,true
844,7,,28,base_data.customer_type,customer_type,false,true
845,7,,31,base_data.last_approved_scenario_id,last_approved_scenario_id,false,true
846,7,,32,base_data.recommendation_type_id,recommendation_type_id,false,true
847,7,,33,base_data.recommendation_type,recommendation_type,false,true
848,7,,34,base_data.is_under_processing,is_under_processing,false,true
849,7,,35,base_data.is_auto_resimulated,is_auto_resimulated,false,true
850,7,,36,base_data.is_overridden,is_overridden,false,true
851,7,,37,base_data.override_comment,override_comment,false,true
852,7,,38,base_data.override_reason,override_reason,false,true
853,7,,39,base_data.currency_id,currency_id,false,true
854,7,,40,base_data.currency_name,currency_name,false,true
855,7,,41,base_data.currency_symbol,currency_symbol,false,true
856,7,,42,base_data.discount_type,discount_type,false,true
857,7,,43,base_data.discount_level_id,discount_level_id,false,true
858,7,,44,base_data.discount_level,discount_level,false,true
859,7,28,45,base_data.actual_performance,actual_performance,false,true
860,7,28,46,base_data.finalized_performance_from_finalized,finalized_performance,false,true
861,7,28,47,base_data.performance,performance,false,true
862,7,,48,base_data.target_sales_units,target_sales_units,false,true
863,7,,49,base_data.target_revenue,target_revenue,false,true
864,7,,50,base_data.target_margin,target_margin,false,true
865,7,,51,base_data.vendor_portal_status_id,vendor_portal_status_id,false,true
866,7,,52,base_data.vendor_created_by_name,vendor_created_by_name,false,true
867,7,,53,base_data.vendor_created_by,vendor_created_by,false,true
868,7,,54,base_data.vendor_portal_status,vendor_portal_status,false,true
869,7,33,55,base_data.no_of_txn,no_of_txn,false,true
870,7,34,56,base_data.units_per_txn,units_per_txn,false,true
871,7,35,57,base_data.avg_basket_size,avg_basket_size,false,true
872,7,16,58,base_data.actualized_promo_spend,actualized_promo_spend,false,true
873,7,10,59,base_data.finalized_margin,finalized_margin,false,true
874,7,4,60,base_data.finalized_revenue,finalized_revenue,false,true
875,7,31,61,base_data.finalized_discount,finalized_discount,false,true
876,7,16,62,base_data.finalized_promo_spend,finalized_promo_spend,false,true
877,7,1,63,base_data.finalized_sales_units,finalized_sales_units,false,true
878,7,23,64,base_data.finalized_margin_percent,finalized_margin_percent,false,true
879,7,17,65,base_data.finalized_contribution_margin,finalized_contribution_margin,false,true
880,7,18,66,base_data.finalized_contribution_revenue,finalized_contribution_revenue,false,true
881,7,24,67,base_data.finalized_contribution_margin_percent,finalized_contribution_margin_percent,false,true
882,7,,68,base_data.finalized_total_inventory,finalized_total_inventory,false,true
883,7,25,69,base_data.finalized_st_percent,finalized_st_percent,false,true
884,7,29,70,base_data.finalized_order_discount,finalized_order_discount,false,true
885,7,36,71,base_data.finalized_revenue_per_style,finalized_revenue_per_style,false,true
886,7,32,72,base_data.ia_recc_discount,ia_recc_discount,false,true
887,7,11,73,base_data.finalized_baseline_margin,finalized_baseline_margin,false,true
888,7,5,74,base_data.finalized_baseline_revenue,finalized_baseline_revenue,false,true
889,7,2,75,base_data.finalized_baseline_sales_units,finalized_baseline_sales_units,false,true
890,7,27,76,base_data.finalized_baseline_margin_percent,finalized_baseline_margin_percent,false,true
891,7,10,77,base_data.original_margin,original_margin,false,true
892,7,4,78,base_data.original_revenue,original_revenue,false,true
893,7,31,79,base_data.original_discount,original_discount,false,true
894,7,16,80,base_data.original_promo_spend,original_promo_spend,false,true
895,7,1,81,base_data.original_sales_units,original_sales_units,false,true
896,7,23,82,base_data.original_margin_percent,original_margin_percent,false,true
897,7,17,83,base_data.original_contribution_margin,original_contribution_margin,false,true
898,7,18,84,base_data.original_contribution_revenue,original_contribution_revenue,false,true
899,7,24,85,base_data.original_contribution_margin_percent,original_contribution_margin_percent,false,true
900,7,29,86,base_data.original_order_discount,original_order_discount,false,true
901,7,2,87,base_data.original_baseline_sales_units,original_baseline_sales_units,false,true
902,7,5,88,base_data.original_baseline_revenue,original_baseline_revenue,false,true
903,7,11,89,base_data.original_baseline_margin,original_baseline_margin,false,true
904,7,27,90,base_data.original_baseline_margin_percent,original_baseline_margin_percent,false,true
905,7,30,91,base_data.original_incremental_margin_percent,original_incremental_margin_percent,false,true
906,7,11,92,base_data.finalized_stack_baseline_margin,finalized_stack_baseline_margin,false,true
907,7,5,93,base_data.finalized_stack_baseline_revenue,finalized_stack_baseline_revenue,false,true
908,7,2,94,base_data.finalized_stack_baseline_sales_units,finalized_stack_baseline_sales_units,false,true
909,7,27,95,base_data.finalized_stack_baseline_margin_percent,finalized_stack_baseline_margin_percent,false,true
910,7,10,96,base_data.finalized_stack_margin,finalized_stack_margin,false,true
911,7,4,97,base_data.finalized_stack_revenue,finalized_stack_revenue,false,true
912,7,16,98,base_data.finalized_stack_promo_spend,finalized_stack_promo_spend,false,true
913,7,1,99,base_data.finalized_stack_sales_units,finalized_stack_sales_units,false,true
914,7,23,100,base_data.finalized_stack_margin_percent,finalized_stack_margin_percent,false,true
915,7,17,101,base_data.finalized_stack_contribution_margin,finalized_stack_contribution_margin,false,true
916,7,18,102,base_data.finalized_stack_contribution_revenue,finalized_stack_contribution_revenue,false,true
917,7,24,103,base_data.finalized_stack_contribution_margin_percent,finalized_stack_contribution_margin_percent,false,true
918,7,25,104,base_data.finalized_stack_st_percent,finalized_stack_st_percent,false,true
919,7,29,105,base_data.finalized_stack_order_discount,finalized_stack_order_discount,false,true
920,7,36,106,base_data.finalized_stack_revenue_per_style,finalized_stack_revenue_per_style,false,true
921,7,3,107,base_data.finalized_stack_incremental_sales_units,finalized_stack_incremental_sales_units,false,true
922,7,6,108,base_data.finalized_stack_incremental_revenue,finalized_stack_incremental_revenue,false,true
923,7,12,109,base_data.finalized_stack_incremental_margin,finalized_stack_incremental_margin,false,true
924,7,30,110,base_data.finalized_stack_incremental_margin_percent,finalized_stack_incremental_margin_percent,false,true
925,7,10,111,base_data.original_stack_margin,original_stack_margin,false,true
926,7,4,112,base_data.original_stack_revenue,original_stack_revenue,false,true
927,7,16,113,base_data.original_stack_promo_spend,original_stack_promo_spend,false,true
928,7,1,114,base_data.original_stack_sales_units,original_stack_sales_units,false,true
929,7,23,115,base_data.original_stack_margin_percent,original_stack_margin_percent,false,true
930,7,17,116,base_data.original_stack_contribution_margin,original_stack_contribution_margin,false,true
931,7,18,117,base_data.original_stack_contribution_revenue,original_stack_contribution_revenue,false,true
932,7,24,118,base_data.original_stack_contribution_margin_percent,original_stack_contribution_margin_percent,false,true
933,7,29,119,base_data.original_stack_order_discount,original_stack_order_discount,false,true
934,7,2,120,base_data.original_stack_baseline_sales_units,original_stack_baseline_sales_units,false,true
935,7,5,121,base_data.original_stack_baseline_revenue,original_stack_baseline_revenue,false,true
936,7,11,122,base_data.original_stack_baseline_margin,original_stack_baseline_margin,false,true
937,7,27,123,base_data.original_stack_baseline_margin_percent,original_stack_baseline_margin_percent,false,true
938,7,30,124,base_data.original_stack_incremental_margin_percent,original_stack_incremental_margin_percent,false,true
939,7,10,125,base_data.actualized_margin,actualized_margin,false,true
940,7,4,126,base_data.actualized_revenue,actualized_revenue,false,true
941,7,1,127,base_data.actualized_sales_units,actualized_sales_units,false,true
942,7,23,128,base_data.actualized_margin_percent,actualized_margin_percent,false,true
943,7,17,129,base_data.actualized_contribution_margin,actualized_contribution_margin,false,true
944,7,18,130,base_data.actualized_contribution_revenue,actualized_contribution_revenue,false,true
945,7,24,131,base_data.actualized_contribution_margin_percent,actualized_contribution_margin_percent,false,true
946,7,25,132,base_data.actualized_st_percent,actualized_st_percent,false,true
947,7,29,133,base_data.actualized_order_discount,actualized_order_discount,false,true
948,7,36,134,base_data.actual_revenue_per_style,actual_revenue_per_style,false,true
949,7,3,135,base_data.finalized_incremental_sales_units,finalized_incremental_sales_units,false,true
950,7,6,136,base_data.finalized_incremental_revenue,finalized_incremental_revenue,false,true
951,7,12,137,base_data.finalized_incremental_margin,finalized_incremental_margin,false,true
952,7,30,138,base_data.finalized_incremental_margin_percent,finalized_incremental_margin_percent,false,true
953,7,3,139,base_data.actualized_incremental_sales_units,actualized_incremental_sales_units,false,true
954,7,6,140,base_data.actualized_incremental_revenue,actualized_incremental_revenue,false,true
955,7,12,141,base_data.actualized_incremental_margin,actualized_incremental_margin,false,true
956,7,30,142,base_data.actualized_incremental_margin_percent,actualized_incremental_margin_percent,false,true
957,7,,143,base_data.event_attributes,event_attributes,false,true
958,8,,1,base_data.promo_id,promo_id,false,true
959,8,,2,base_data.promo_name,promo_name,false,true
960,8,,3,base_data.start_date,start_date,false,true
961,8,,4,base_data.end_date,end_date,false,true
962,8,,5,base_data.event_id,event_id,false,true
963,8,,6,base_data.event_name,event_name,false,true
964,8,,7,base_data.event_start_date,event_start_date,false,true
965,8,,8,base_data.event_end_date,event_end_date,false,true
966,8,,9,base_data.is_locked,is_locked,false,true
967,8,,10,base_data.created_by,created_by,false,true
968,8,,11,base_data.user_id,user_id,false,true
969,8,,12,base_data.offer_comment,offer_comment,false,true
970,8,,13,base_data.status_id,status_id,false,true
971,8,,14,base_data.status,status,false,true
972,8,,15,base_data.timeline_status,timeline_status,false,true
973,8,,16,base_data.review_status,review_status,false,true
974,8,,17,base_data.step_count,step_count,false,true
975,8,,18,base_data.products_count,products_count,false,true
976,8,,19,base_data.kvi_tagged_products_count,kvi_tagged_products_count,false,true
977,8,,20,base_data.stores_count,stores_count,false,true
978,8,,21,base_data.product_selection_type_id,product_selection_type_id,false,true
979,8,,22,base_data.product_selection_type,product_selection_type,false,true
980,8,,23,base_data.store_selection_type_id,store_selection_type_id,false,true
981,8,,24,base_data.store_selection_type,store_selection_type,false,true
982,8,,25,base_data.exclusion_selection_type_id,exclusion_selection_type_id,false,true
983,8,,26,base_data.exclusion_selection_type,exclusion_selection_type,false,true
984,8,,27,base_data.customer_type_id,customer_type_id,false,true
985,8,,28,base_data.customer_type,customer_type,false,true
986,8,,31,base_data.last_approved_scenario_id,last_approved_scenario_id,false,true
987,8,,32,base_data.recommendation_type_id,recommendation_type_id,false,true
988,8,,33,base_data.recommendation_type,recommendation_type,false,true
989,8,,34,base_data.is_under_processing,is_under_processing,false,true
990,8,,35,base_data.is_auto_resimulated,is_auto_resimulated,false,true
991,8,,36,base_data.is_overridden,is_overridden,false,true
992,8,,37,base_data.override_comment,override_comment,false,true
993,8,,38,base_data.override_reason,override_reason,false,true
994,8,,39,base_data.currency_id,currency_id,false,true
995,8,,40,base_data.currency_name,currency_name,false,true
996,8,,41,base_data.currency_symbol,currency_symbol,false,true
997,8,,42,base_data.discount_type,discount_type,false,true
998,8,,43,base_data.discount_level_id,discount_level_id,false,true
999,8,,44,base_data.discount_level,discount_level,false,true
1000,8,28,45,base_data.actual_performance,actual_performance,false,true
1001,8,28,46,base_data.finalized_performance_from_finalized,finalized_performance,false,true
1002,8,28,47,base_data.performance,performance,false,true
1003,8,,48,base_data.target_sales_units,target_sales_units,false,true
1004,8,,49,base_data.target_revenue,target_revenue,false,true
1005,8,,50,base_data.target_margin,target_margin,false,true
1006,8,,51,base_data.vendor_portal_status_id,vendor_portal_status_id,false,true
1007,8,,52,base_data.vendor_created_by_name,vendor_created_by_name,false,true
1008,8,,53,base_data.vendor_created_by,vendor_created_by,false,true
1009,8,,54,base_data.vendor_portal_status,vendor_portal_status,false,true
1010,8,33,55,base_data.no_of_txn,no_of_txn,false,true
1011,8,34,56,base_data.units_per_txn,units_per_txn,false,true
1012,8,35,57,base_data.avg_basket_size,avg_basket_size,false,true
1013,8,16,58,base_data.actualized_promo_spend,actualized_promo_spend,false,true
1014,8,10,59,base_data.finalized_margin,finalized_margin,false,true
1015,8,4,60,base_data.finalized_revenue,finalized_revenue,false,true
1016,8,31,61,base_data.finalized_discount,finalized_discount,false,true
1017,8,16,62,base_data.finalized_promo_spend,finalized_promo_spend,false,true
1018,8,1,63,base_data.finalized_sales_units,finalized_sales_units,false,true
1019,8,23,64,base_data.finalized_margin_percent,finalized_margin_percent,false,true
1020,8,17,65,base_data.finalized_contribution_margin,finalized_contribution_margin,false,true
1021,8,18,66,base_data.finalized_contribution_revenue,finalized_contribution_revenue,false,true
1022,8,24,67,base_data.finalized_contribution_margin_percent,finalized_contribution_margin_percent,false,true
1023,8,,68,base_data.finalized_total_inventory,finalized_total_inventory,false,true
1024,8,25,69,base_data.finalized_st_percent,finalized_st_percent,false,true
1025,8,29,70,base_data.finalized_order_discount,finalized_order_discount,false,true
1026,8,36,71,base_data.finalized_revenue_per_style,finalized_revenue_per_style,false,true
1027,8,32,72,base_data.ia_recc_discount,ia_recc_discount,false,true
1028,8,11,73,base_data.finalized_baseline_margin,finalized_baseline_margin,false,true
1029,8,5,74,base_data.finalized_baseline_revenue,finalized_baseline_revenue,false,true
1030,8,2,75,base_data.finalized_baseline_sales_units,finalized_baseline_sales_units,false,true
1031,8,27,76,base_data.finalized_baseline_margin_percent,finalized_baseline_margin_percent,false,true
1032,8,10,77,base_data.original_margin,original_margin,false,true
1033,8,4,78,base_data.original_revenue,original_revenue,false,true
1034,8,31,79,base_data.original_discount,original_discount,false,true
1035,8,16,80,base_data.original_promo_spend,original_promo_spend,false,true
1036,8,1,81,base_data.original_sales_units,original_sales_units,false,true
1037,8,23,82,base_data.original_margin_percent,original_margin_percent,false,true
1038,8,17,83,base_data.original_contribution_margin,original_contribution_margin,false,true
1039,8,18,84,base_data.original_contribution_revenue,original_contribution_revenue,false,true
1040,8,24,85,base_data.original_contribution_margin_percent,original_contribution_margin_percent,false,true
1041,8,29,86,base_data.original_order_discount,original_order_discount,false,true
1042,8,2,87,base_data.original_baseline_sales_units,original_baseline_sales_units,false,true
1043,8,5,88,base_data.original_baseline_revenue,original_baseline_revenue,false,true
1044,8,11,89,base_data.original_baseline_margin,original_baseline_margin,false,true
1045,8,27,90,base_data.original_baseline_margin_percent,original_baseline_margin_percent,false,true
1046,8,30,91,base_data.original_incremental_margin_percent,original_incremental_margin_percent,false,true
1047,8,11,92,base_data.finalized_stack_baseline_margin,finalized_stack_baseline_margin,false,true
1048,8,5,93,base_data.finalized_stack_baseline_revenue,finalized_stack_baseline_revenue,false,true
1049,8,2,94,base_data.finalized_stack_baseline_sales_units,finalized_stack_baseline_sales_units,false,true
1050,8,27,95,base_data.finalized_stack_baseline_margin_percent,finalized_stack_baseline_margin_percent,false,true
1051,8,10,96,base_data.finalized_stack_margin,finalized_stack_margin,false,true
1052,8,4,97,base_data.finalized_stack_revenue,finalized_stack_revenue,false,true
1053,8,16,98,base_data.finalized_stack_promo_spend,finalized_stack_promo_spend,false,true
1054,8,1,99,base_data.finalized_stack_sales_units,finalized_stack_sales_units,false,true
1055,8,23,100,base_data.finalized_stack_margin_percent,finalized_stack_margin_percent,false,true
1056,8,17,101,base_data.finalized_stack_contribution_margin,finalized_stack_contribution_margin,false,true
1057,8,18,102,base_data.finalized_stack_contribution_revenue,finalized_stack_contribution_revenue,false,true
1058,8,24,103,base_data.finalized_stack_contribution_margin_percent,finalized_stack_contribution_margin_percent,false,true
1059,8,25,104,base_data.finalized_stack_st_percent,finalized_stack_st_percent,false,true
1060,8,29,105,base_data.finalized_stack_order_discount,finalized_stack_order_discount,false,true
1061,8,36,106,base_data.finalized_stack_revenue_per_style,finalized_stack_revenue_per_style,false,true
1062,8,3,107,base_data.finalized_stack_incremental_sales_units,finalized_stack_incremental_sales_units,false,true
1063,8,6,108,base_data.finalized_stack_incremental_revenue,finalized_stack_incremental_revenue,false,true
1064,8,12,109,base_data.finalized_stack_incremental_margin,finalized_stack_incremental_margin,false,true
1065,8,30,110,base_data.finalized_stack_incremental_margin_percent,finalized_stack_incremental_margin_percent,false,true
1066,8,10,111,base_data.original_stack_margin,original_stack_margin,false,true
1067,8,4,112,base_data.original_stack_revenue,original_stack_revenue,false,true
1068,8,16,113,base_data.original_stack_promo_spend,original_stack_promo_spend,false,true
1069,8,1,114,base_data.original_stack_sales_units,original_stack_sales_units,false,true
1070,8,23,115,base_data.original_stack_margin_percent,original_stack_margin_percent,false,true
1071,8,17,116,base_data.original_stack_contribution_margin,original_stack_contribution_margin,false,true
1072,8,18,117,base_data.original_stack_contribution_revenue,original_stack_contribution_revenue,false,true
1073,8,24,118,base_data.original_stack_contribution_margin_percent,original_stack_contribution_margin_percent,false,true
1074,8,29,119,base_data.original_stack_order_discount,original_stack_order_discount,false,true
1075,8,2,120,base_data.original_stack_baseline_sales_units,original_stack_baseline_sales_units,false,true
1076,8,5,121,base_data.original_stack_baseline_revenue,original_stack_baseline_revenue,false,true
1077,8,11,122,base_data.original_stack_baseline_margin,original_stack_baseline_margin,false,true
1078,8,27,123,base_data.original_stack_baseline_margin_percent,original_stack_baseline_margin_percent,false,true
1079,8,30,124,base_data.original_stack_incremental_margin_percent,original_stack_incremental_margin_percent,false,true
1080,8,10,125,base_data.actualized_margin,actualized_margin,false,true
1081,8,4,126,base_data.actualized_revenue,actualized_revenue,false,true
1082,8,1,127,base_data.actualized_sales_units,actualized_sales_units,false,true
1083,8,23,128,base_data.actualized_margin_percent,actualized_margin_percent,false,true
1084,8,17,129,base_data.actualized_contribution_margin,actualized_contribution_margin,false,true
1085,8,18,130,base_data.actualized_contribution_revenue,actualized_contribution_revenue,false,true
1086,8,24,131,base_data.actualized_contribution_margin_percent,actualized_contribution_margin_percent,false,true
1087,8,25,132,base_data.actualized_st_percent,actualized_st_percent,false,true
1088,8,29,133,base_data.actualized_order_discount,actualized_order_discount,false,true
1089,8,36,134,base_data.actual_revenue_per_style,actual_revenue_per_style,false,true
1090,8,3,135,base_data.finalized_incremental_sales_units,finalized_incremental_sales_units,false,true
1091,8,6,136,base_data.finalized_incremental_revenue,finalized_incremental_revenue,false,true
1092,8,12,137,base_data.finalized_incremental_margin,finalized_incremental_margin,false,true
1093,8,30,138,base_data.finalized_incremental_margin_percent,finalized_incremental_margin_percent,false,true
1094,8,3,139,base_data.actualized_incremental_sales_units,actualized_incremental_sales_units,false,true
1095,8,6,140,base_data.actualized_incremental_revenue,actualized_incremental_revenue,false,true
1096,8,12,141,base_data.actualized_incremental_margin,actualized_incremental_margin,false,true
1097,8,30,142,base_data.actualized_incremental_margin_percent,actualized_incremental_margin_percent,false,true
1098,8,,143,base_data.event_attributes,event_attributes,false,true
1099,5,1,1,SUM(metrics_table.{metric_name}),sales_units,false,true
1100,5,2,2,SUM(metrics_table.{metric_name}),baseline_sales_units,false,true
1101,5,3,3,SUM(metrics_table.{metric_name}),incremental_sales_units,false,true
1102,5,4,4,SUM(metrics_table.{metric_name} * pfr.planned_conversion_multiplier),revenue,false,true
1103,5,5,5,SUM(metrics_table.{metric_name} * pfr.planned_conversion_multiplier),baseline_revenue,false,true
1104,5,6,6,SUM(metrics_table.{metric_name} * pfr.planned_conversion_multiplier),incremental_revenue,false,true
1105,5,7,7,SUM(metrics_table.{metric_name} * pfr.planned_conversion_multiplier),affinity_revenue,false,true
1106,5,8,8,SUM(metrics_table.{metric_name} * pfr.planned_conversion_multiplier),cannibalization_revenue,false,true
1107,5,9,9,SUM(metrics_table.{metric_name} * pfr.planned_conversion_multiplier),pull_forward_revenue,false,true
1108,5,10,10,SUM(metrics_table.{metric_name} * pfr.planned_conversion_multiplier),margin,false,true
1109,5,11,11,SUM(metrics_table.{metric_name} * pfr.planned_conversion_multiplier),baseline_margin,false,true
1110,5,12,12,SUM(metrics_table.{metric_name} * pfr.planned_conversion_multiplier),incremental_margin,false,true
1111,5,13,13,SUM(metrics_table.{metric_name} * pfr.planned_conversion_multiplier),affinity_margin,false,true
1112,5,14,14,SUM(metrics_table.{metric_name} * pfr.planned_conversion_multiplier),cannibalization_margin,false,true
1113,5,15,15,SUM(metrics_table.{metric_name} * pfr.planned_conversion_multiplier),pull_forward_margin,false,true
1114,5,16,16,SUM(metrics_table.{metric_name} * pfr.planned_conversion_multiplier),promo_spend,false,true
1115,5,17,17,SUM(metrics_table.{metric_name} * pfr.planned_conversion_multiplier),contribution_margin,false,true
1116,5,18,18,SUM(metrics_table.{metric_name} * pfr.planned_conversion_multiplier),contribution_revenue,false,true
1117,5,19,19,SUM(metrics_table.{metric_name} * pfr.planned_conversion_multiplier),coupon_spend,false,true
1118,5,20,50,"CASE WHEN SUM(metrics_table.sales_units) = 0 THEN NULL ELSE ROUND((SUM(metrics_table.revenue * pfr.planned_conversion_multiplier) / NULLIF(SUM(metrics_table.sales_units), 0))::decimal, 0) END",aur,false,true
1119,5,21,51,"CASE WHEN SUM(metrics_table.sales_units) = 0 THEN NULL ELSE ROUND((SUM(metrics_table.margin * pfr.planned_conversion_multiplier) / NULLIF(SUM(metrics_table.sales_units), 0))::decimal, 2) END",aum,false,true
1120,5,22,52,"CASE WHEN SUM(metrics_table.revenue * pfr.planned_conversion_multiplier) = 0 THEN 0 ELSE ROUND(((SUM(metrics_table.margin * pfr.planned_conversion_multiplier) * 100) / NULLIF(SUM(metrics_table.revenue * pfr.planned_conversion_multiplier), 0))::decimal, 1) END",gm_percent,false,true
1121,5,23,53,"CASE WHEN SUM(metrics_table.revenue * pfr.planned_conversion_multiplier) IS NULL OR SUM(metrics_table.revenue * pfr.planned_conversion_multiplier) = 0 THEN 0 ELSE ROUND((SUM(metrics_table.margin * pfr.planned_conversion_multiplier) * 100 / SUM(metrics_table.revenue * pfr.planned_conversion_multiplier))::NUMERIC, 2) END",margin_percent,false,true
1122,5,24,54,"CASE WHEN SUM(metrics_table.contribution_revenue * pfr.planned_conversion_multiplier) IS NULL OR SUM(metrics_table.contribution_revenue * pfr.planned_conversion_multiplier) = 0 THEN 0 ELSE ROUND((SUM(metrics_table.contribution_margin * pfr.planned_conversion_multiplier) * 100 / SUM(metrics_table.contribution_revenue * pfr.planned_conversion_multiplier))::NUMERIC, 2) END",contribution_margin_percent,false,true
1123,5,25,55,"CASE WHEN SUM(metrics_table.baseline_sales_units) IS NULL OR SUM(metrics_table.baseline_sales_units) = 0 THEN NULL ELSE ROUND((SUM(metrics_table.incremental_sales_units) * 100.0 / NULLIF(SUM(metrics_table.baseline_sales_units), 0))::NUMERIC, 2) END",st_percent,false,true
1124,5,26,56,"CASE WHEN SUM(metrics_table.baseline_revenue * pfr.planned_conversion_multiplier) IS NULL OR SUM(metrics_table.baseline_revenue * pfr.planned_conversion_multiplier) = 0 THEN 0 ELSE ROUND((SUM(metrics_table.baseline_margin * pfr.planned_conversion_multiplier) * 100 / SUM(metrics_table.baseline_revenue * pfr.planned_conversion_multiplier))::NUMERIC, 2) END",baseline_contribution_margin_percent,false,true
1125,5,27,57,"CASE WHEN SUM(metrics_table.baseline_revenue * pfr.planned_conversion_multiplier) IS NULL OR SUM(metrics_table.baseline_revenue * pfr.planned_conversion_multiplier) = 0 THEN NULL ELSE ROUND((SUM(metrics_table.baseline_margin * pfr.planned_conversion_multiplier) * 100 / SUM(metrics_table.baseline_revenue * pfr.planned_conversion_multiplier))::NUMERIC, 2) END",baseline_margin_percent,false,true
1126,5,28,58,"CASE WHEN SUM(metrics_table.baseline_margin * pfr.planned_conversion_multiplier) IS NULL OR SUM(metrics_table.baseline_margin * pfr.planned_conversion_multiplier) = 0 THEN NULL ELSE ROUND((SUM(metrics_table.incremental_margin * pfr.planned_conversion_multiplier) / ABS(SUM(metrics_table.baseline_margin * pfr.planned_conversion_multiplier)))::DECIMAL * 100, 2) END",performance,false,true
1127,5,29,59,"ROUND(SUM(COALESCE(metrics_table.coupon_spend, 0) * pfr.planned_conversion_multiplier)::DECIMAL, 2)",order_discount,false,true
4870,4,,27,pmc.offer_distribution_channel_id::int,offer_distribution_channel_id,false,false
4871,4,,28,pmc.offer_distribution_channel,offer_distribution_channel,false,false
5147,6,,29,base_data.offer_distribution_channel_id,offer_distribution_channel_id,false,false
5148,6,,30,base_data.offer_distribution_channel,offer_distribution_channel,false,false
5290,7,,29,base_data.offer_distribution_channel_id,offer_distribution_channel_id,false,false
5291,7,,30,base_data.offer_distribution_channel,offer_distribution_channel,false,false
5433,8,,29,base_data.offer_distribution_channel_id,offer_distribution_channel_id,false,false
5434,8,,30,base_data.offer_distribution_channel,offer_distribution_channel,false,false
5577,5,30,60,"CASE WHEN SUM(metrics_table.baseline_revenue * pfr.planned_conversion_multiplier) IS NULL OR SUM(metrics_table.baseline_revenue * pfr.planned_conversion_multiplier) = 0 THEN NULL ELSE ROUND((SUM(metrics_table.incremental_margin * pfr.planned_conversion_multiplier) * 100 / NULLIF(SUM(metrics_table.baseline_revenue * pfr.planned_conversion_multiplier), 0))::NUMERIC, 2) END",incremental_margin_percent,false,false
5578,5,31,61,"ROUND(AVG(metrics_table.finalized_discount)::NUMERIC, 2)",finalized_discount,false,false
5579,5,32,62,"ROUND(AVG(metrics_table.ia_recc_discount)::NUMERIC, 2)",ia_recc_discount,false,false
5580,5,33,63,SUM(metrics_table.no_of_txn),no_of_txn,false,false
5581,5,34,64,"CASE WHEN SUM(metrics_table.no_of_txn) = 0 THEN NULL ELSE ROUND((SUM(metrics_table.sales_units) / NULLIF(SUM(metrics_table.no_of_txn), 0))::decimal, 2) END",units_per_txn,false,false
5582,5,35,65,"CASE WHEN SUM(metrics_table.no_of_txn) = 0 THEN NULL ELSE ROUND((SUM(metrics_table.revenue * pfr.planned_conversion_multiplier) / NULLIF(SUM(metrics_table.no_of_txn), 0))::decimal, 2) END",avg_basket_size,false,false
5583,5,36,66,"CASE WHEN SUM(COALESCE(metrics_table.products_count, 0)) = 0 THEN NULL ELSE ROUND((SUM(metrics_table.revenue * pfr.planned_conversion_multiplier) / NULLIF(SUM(metrics_table.products_count), 0))::NUMERIC, 2) END",revenue_per_style,false,false
11148,119,,1,"round((sum(tsssda.margin * %5$s)/NULLIF(sum(tsssda.revenue * %5$s), 0))::numeric,2)*100",bl_gm_percent,false,true
11149,119,,2,"round((sum(tsssda.margin * %5$s)/NULLIF(sum(tsssda.sales_units),0))::numeric,2)",bl_aum_$,false,true
11150,119,,3,"round((sum(tsssda.revenue * %5$s)/NULLIF(sum(tsssda.sales_units),0))::numeric,2)",bl_aur_$,false,true
11151,119,,4,"round((sum(tsssda.revenue * %5$s))::numeric,2)",bl_revenue_$,false,true
11152,119,,5,"round((sum(tsssda.margin * %5$s))::numeric,2)",bl_gm_$,false,true
11153,119,,6,round(sum(tsssda.sales_units)),bl_sales_units,false,true
11154,119,,7,"round((sum(tsssda.sales_units * tsssda.clearance_discount) / NULLIF(sum(tsssda.sales_units), 0) )::numeric, 2)",bl_clearance_discount,false,true
11155,119,,8,"round(sum(tsssda.spend * %5$s)::numeric, 2)",bl_markdown_$,false,true
11156,119,,9,"round((sum(tsssda2.margin * %5$s)/NULLIF(sum(tsssda2.revenue * %5$s), 0))::numeric,2)*100",ia_reco_gm_percent,false,true
11157,119,,10,"round((sum(tsssda2.margin * %5$s)/NULLIF(sum(tsssda2.sales_units),0))::numeric,2)",ia_reco_aum_$,false,true
11158,119,,11,"round((sum(tsssda2.revenue * %5$s)/NULLIF(sum(tsssda2.sales_units),0))::numeric,2)",ia_reco_aur_$,false,true
11159,119,,12,"round((sum(tsssda2.revenue * %5$s))::numeric,2)",ia_reco_revenue_$,false,true
11160,119,,13,"round((sum(tsssda2.margin * %5$s))::numeric,2)",ia_reco_gm_$,false,true
11161,119,,14,round(sum(tsssda2.sales_units)),ia_reco_sales_units,false,true
11162,119,,15,"round((sum(tsssda2.sales_units * tsssda2.clearance_discount) / NULLIF(sum(tsssda2.sales_units),0) )::numeric, 2)",ia_reco_clearance_discount,false,true
11163,119,,16,"round(sum(tsssda2.spend * %5$s)::numeric, 2)",ia_reco_markdown_$,false,true
11164,120,,1,"round((sum(tsssda.margin * %5$s)/NULLIF(sum(tsssda.revenue * %5$s), 0))::numeric,2)*100",bl_gm_percent,false,true
11165,120,,2,"round((sum(tsssda.margin * %5$s)/NULLIF(sum(tsssda.sales_units),0))::numeric,2)",bl_aum_$,false,true
11166,120,,3,"round((sum(tsssda.revenue * %5$s)/NULLIF(sum(tsssda.sales_units),0))::numeric,2)",bl_aur_$,false,true
11167,120,,4,"round((sum(tsssda.revenue * %5$s))::numeric,2)",bl_revenue_$,false,true
11168,120,,5,"round((sum(tsssda.margin * %5$s))::numeric,2)",bl_gm_$,false,true
11169,120,,6,round(sum(tsssda.sales_units)::numeric),bl_sales_units,false,true
11170,120,,7,"round((sum(tsssda.sales_units * tsssda.clearance_discount) / NULLIF(sum(tsssda.sales_units), 0) )::numeric, 2)",bl_clearance_discount,false,true
11171,120,,8,"round(sum(tsssda.spend * %5$s)::numeric, 2)",bl_markdown_$,false,true
11172,120,,9,"round((sum(tsssda2.margin * %5$s)/NULLIF(sum(tsssda2.revenue * %5$s), 0))::numeric,2)*100",ia_reco_gm_percent,false,true
11173,120,,10,"round((sum(tsssda2.margin * %5$s)/NULLIF(sum(tsssda2.sales_units),0))::numeric,2)",ia_reco_aum_$,false,true
11174,120,,11,"round((sum(tsssda2.revenue * %5$s)/NULLIF(sum(tsssda2.sales_units),0))::numeric,2)",ia_reco_aur_$,false,true
11175,120,,12,"round((sum(tsssda2.revenue * %5$s))::numeric,2)",ia_reco_revenue_$,false,true
11176,120,,13,"round((sum(tsssda2.margin * %5$s))::numeric,2)",ia_reco_gm_$,false,true
11177,120,,14,round(sum(tsssda2.sales_units)::numeric),ia_reco_sales_units,false,true
11178,120,,15,"round((sum(tsssda2.sales_units * tsssda2.clearance_discount) / NULLIF(sum(tsssda2.sales_units),0))::numeric, 2)",ia_reco_clearance_discount,false,true
11179,120,,16,"round(sum(tsssda2.spend * %5$s)::numeric, 2)",ia_reco_markdown_$,false,true
11180,121,,1,"round(strategy_lw_till_date.lw_gm_percent::numeric,2)",lw_gm_percent,false,true
11181,121,,2,"round(strategy_lw_till_date.lw_aum::numeric,2)",lw_aum,false,true
11182,121,,3,"round(strategy_lw_till_date.lw_aur::numeric,2)",lw_aur,false,true
11183,121,,4,"round(strategy_lw_till_date.lw_revenue::numeric,2)",lw_revenue,false,true
11184,121,,5,"round(strategy_lw_till_date.lw_gm_dollar::numeric,2)",lw_gm_dollar,false,true
11185,121,,6,round(strategy_lw_till_date.lw_sales_units::numeric),lw_sales_units,false,true
11186,121,,7,round(strategy_lw_till_date.lw_inventory::numeric),lw_inventory,false,true
11187,121,,8,"round(strategy_lw_till_date.lw_clearance_discount::numeric,2)",lw_clearance_discount,false,true
11188,121,,9,"round(strategy_lw_till_date.lw_markdown_dollar::numeric,2)",lw_markdown_dollar,false,true
11189,121,,10,"round(strategy_lw_till_date.till_date_gm_percent::numeric,2)",till_date_gm_percent,false,true
11190,121,,11,"round(strategy_lw_till_date.till_date_aum::numeric,2)",till_date_aum,false,true
11191,121,,12,"round(strategy_lw_till_date.till_date_aur::numeric,2)",till_date_aur,false,true
11192,121,,13,"round(strategy_lw_till_date.till_date_revenue::numeric,2)",till_date_revenue,false,true
11193,121,,14,"round(strategy_lw_till_date.till_date_gm_dollar::numeric,2)",till_date_gm_dollar,false,true
11194,121,,15,round(strategy_lw_till_date.till_date_sales_units::numeric),till_date_sales_units,false,true
11195,121,,16,round(strategy_lw_till_date.till_date_inventory::numeric),till_date_inventory,false,true
11196,121,,17,"round(strategy_lw_till_date.till_date_clearance_discount::numeric,2)",till_date_clearance_discount,false,true
11197,121,,18,"round(strategy_lw_till_date.till_date_markdown_dollar::numeric,2)",till_date_markdown_dollar,false,true
11198,121,,19,round((bl_inv.remaining_inv)::numeric),bl_inventory,false,true
11199,121,,20,round(bl_inv.inventory_cost::numeric),bl_inventory_cost,false,true
11200,121,,21,round(bl_inv.inventory_retail::numeric),bl_inventory_retail,false,true
11201,121,,22,round((ia_reco_inv.remaining_inv)::numeric),ia_reco_inventory,false,true
11202,121,,23,round(ia_reco_inv.inventory_cost::numeric),ia_reco_inventory_cost,false,true
11203,121,,24,round(ia_reco_inv.inventory_retail::numeric),ia_reco_inventory_retail,false,true
11204,121,,25,"round(((sd.bl_sales_units/ NULLIF((bl_inv.remaining_inv),0))*100)::Decimal,2)::float",bl_sell_through,false,true
11205,121,,26,"round(((sd.ia_reco_sales_units/NULLIF((ia_reco_inv.remaining_inv),0))*100)::Decimal,2)::float",ia_reco_sell_through,false,true
11206,121,,27,"round(strategy_lw_till_date.lw_st_percent::numeric,2)",lw_sell_through,false,true
11207,121,,28,"round(strategy_lw_till_date.till_date_st_percent::numeric,2)",till_date_sell_through,false,true
11208,13,,1,pm.active,active,false,true
11209,13,,2,pm.cost,cost,false,true
11210,13,,3,pm.cost_usd,cost_usd,false,true
11211,13,,4,pm.currency_id,currency_id,false,true
11212,13,,5,pm.current_price,current_price,false,true
11213,13,,6,pm.current_price_with_vat,current_price_with_vat,false,true
11214,13,,7,pm.hierarchy_id,hierarchy_id,false,true
11215,13,,8,pm.is_active,is_active,false,true
11216,13,,9,pm.kvi_indicator,kvi_indicator,false,true
11217,13,,10,pm.l0_cid,l0_cid,false,true
11218,13,,11,pm.l0_cuq,l0_cuq,false,true
11219,13,,12,pm.l0_id,l0_id,false,true
11220,13,,13,pm.l0_name,l0_name,false,true
11221,13,,14,pm.l1_cid,l1_cid,false,true
11222,13,,15,pm.l1_cuq,l1_cuq,false,true
11223,13,,16,pm.l1_id,l1_id,false,true
11224,13,,17,pm.l1_name,l1_name,false,true
11225,13,,18,pm.l2_cid,l2_cid,false,true
11226,13,,19,pm.l2_cuq,l2_cuq,false,true
11227,13,,20,pm.l2_id,l2_id,false,true
11228,13,,21,pm.l2_name,l2_name,false,true
11229,13,,22,pm.l3_cid,l3_cid,false,true
11230,13,,23,pm.l3_cuq,l3_cuq,false,true
11231,13,,24,pm.l3_id,l3_id,false,true
11232,13,,25,pm.l3_name,l3_name,false,true
11233,13,,26,pm.l4_cid,l4_cid,false,true
11234,13,,27,pm.l4_cuq,l4_cuq,false,true
11235,13,,28,pm.l4_id,l4_id,false,true
11236,13,,29,pm.l4_name,l4_name,false,true
11237,13,,30,pm.l5_cid,l5_cid,false,true
11238,13,,31,pm.l5_cuq,l5_cuq,false,true
11239,13,,32,pm.l5_id,l5_id,false,true
11240,13,,33,pm.l5_name,l5_name,false,true
11241,13,,34,pm.l6_cid,l6_cid,false,true
11242,13,,35,pm.l6_cuq,l6_cuq,false,true
11243,13,,36,pm.l6_id,l6_id,false,true
11244,13,,37,pm.l6_name,l6_name,false,true
11245,13,,38,pm.launch_price,launch_price,false,true
11246,13,,39,pm.msrp,msrp,false,true
11247,13,,40,pm.msrp_with_vat,msrp_with_vat,false,true
11248,13,,41,pm.product_cuq,product_cuq,false,true
11249,13,,42,pm.product_description,product_description,false,true
11250,13,,43,pm.product_id,product_id,false,true
11251,13,,44,pm.product_name,product_name,false,true
11252,13,,45,pm.promo_base_price,promo_base_price,false,true
11253,13,,46,pm.status,status,false,true
11254,13,,47,pm.status_id,status_id,false,true
11255,13,,48,pm.launch_price_with_vat,launch_price_with_vat,false,true
11256,13,,49,pm.l7_id,l7_id,false,true
11257,13,,50,pm.l7_name,l7_name,false,true
11258,13,,51,pm.l7_cid,l7_cid,false,true
11259,13,,52,pm.l7_cuq,l7_cuq,false,true
11260,13,,53,pm.customer_choice_id,customer_choice_id,false,true
11261,13,,54,pm.customer_choice_description,customer_choice_description,false,true
11262,13,,55,pm.last_reg_price_bnm,last_reg_price_bnm,false,true
11263,13,,56,pm.last_reg_price_bnm_with_vat,last_reg_price_bnm_with_vat,false,true
11264,13,,57,pm.last_reg_price_ecom,last_reg_price_ecom,false,true
11265,13,,58,pm.last_reg_price_ecom_with_vat,last_reg_price_ecom_with_vat,false,true
11266,13,,59,pm.new_product_flag,new_product_flag,false,true
11267,13,,60,pm.program_id,program_id,false,true
11268,13,,61,pm.program_name,program_name,false,true
11269,14,,1,"ROUND(pra.sales_units::decimal, 2)",actual_units,false,true
11270,14,,2,"ROUND(prf.sales_units::decimal, 2)",finalized_units,false,true
11271,14,,3,"ROUND(prf.baseline_sales_units::decimal, 2)",baseline_units,false,true
11272,14,,4,"ROUND(pra.incremental_sales_units::decimal, 2)",actualized_incremental_units,false,true
11273,14,,5,"ROUND(prf.incremental_sales_units::decimal, 2)",finalized_incremental_units,false,true
11274,14,,6,"ROUND(pra.revenue::decimal, 2)",actual_revenue,false,true
11275,14,,7,"ROUND(prf.revenue::decimal, 2)",finalized_revenue,false,true
11276,14,,8,"ROUND(prf.baseline_revenue::decimal, 2)",baseline_revenue,false,true
11277,14,,9,"ROUND(pra.incremental_revenue::decimal, 2)",actualized_incremental_revenue,false,true
11278,14,,10,"ROUND(prf.incremental_revenue::decimal, 2)",finalized_incremental_revenue,false,true
11279,14,,11,"ROUND(pra.margin::decimal, 2)",actual_margin,false,true
11280,14,,12,"ROUND(prf.margin::decimal, 2)",finalized_margin,false,true
11281,14,,13,"ROUND(prf.baseline_margin::decimal, 2)",baseline_margin,false,true
11282,14,,14,"ROUND(pra.incremental_margin::decimal, 2)",actualized_incremental_margin,false,true
11283,14,,15,"ROUND(prf.incremental_margin::decimal, 2)",finalized_incremental_margin,false,true
11284,14,,16,"ROUND(pra.contribution_margin::decimal, 2)",actual_contribution_margin,false,true
11285,14,,17,"ROUND(prf.contribution_margin::decimal, 2)",finalized_contribution_margin,false,true
11286,14,,18,"ROUND((pra.contribution_margin * 100 / NULLIF(pra.contribution_revenue, 0))::decimal, 2)",actual_contributional_margin_percent,false,true
11287,14,,19,"ROUND((prf.contribution_margin * 100 / NULLIF(prf.contribution_revenue, 0))::decimal, 2)",finalized_contributional_margin_percent,false,true
11288,14,,20,"ROUND((pra.margin * 100 / NULLIF(SUM(pra.margin) OVER(), 0))::decimal, 2)",actual_metric_contribution_percent,false,true
11289,14,,21,"ROUND((prf.margin * 100 / NULLIF(SUM(prf.margin) OVER(), 0))::decimal, 2)",finalized_metric_contribution_percent,false,true
11290,14,,22,"ROUND((pra.sales_units * 100 / NULLIF(SUM(pra.sales_units) OVER(), 0))::decimal, 2)",actual_units_contribution_percent,false,true
11291,14,,23,"ROUND((prf.sales_units* 100 / NULLIF(SUM(prf.sales_units) OVER(), 0))::decimal, 2)",finalized_units_contribution_percent,false,true
11292,14,,24,"ROUND((pra.revenue * 100 / NULLIF(SUM(pra.revenue) OVER(), 0))::decimal, 2)",actual_revenue_contribution_percent,false,true
11293,14,,25,"ROUND((prf.revenue * 100 / NULLIF(SUM(prf.revenue) OVER(), 0))::decimal, 2)",finalized_revenue_contribution_percent,false,true
11294,14,,26,"ROUND((pra.margin * 100 / NULLIF(SUM(pra.margin) OVER(), 0))::decimal, 2)",actual_merch_margin_contribution_percent,false,true
11295,14,,27,"ROUND((prf.margin * 100 / NULLIF(SUM(prf.margin) OVER(), 0))::decimal, 2)",finalized_merch_margin_contribution_percent,false,true
11296,14,,28,"ROUND(((pra.margin * 100) / NULLIF(pra.revenue, 0))::decimal, 2)",actual_gm_percent,false,true
11297,14,,29,"ROUND(((prf.margin * 100) / NULLIF(prf.revenue, 0))::decimal, 2)",finalized_gm_percent,false,true
11371,125,,1,pm.promo_id,promo_id,false,true
11372,125,,2,pm.name,promo_name,false,true
11373,125,,3,pm.recommendation_type_id,recommendation_type_id,false,true
11374,125,,4,tom.name,recommendation_type,false,true
11375,125,,5,pm.last_approved_scenario_id,last_approved_scenario_id,false,true
11376,125,,6,tpof.is_default,is_default,false,true
11377,125,,7,fmc.scenario_type,scenario_type,false,true
11378,125,,8,fmc.scenario_id,scenario_id,false,true
11379,125,,9,fmc.scenario_order_id,scenario_order_id,false,true
11380,125,,10,fmc.scenario_name,scenario_name,false,true
11381,125,,11,tcm.currency_id,currency_id,false,true
11382,125,,12,tcm.currency_name,currency_name,false,true
11383,125,,13,tcm.currency_symbol,currency_symbol,false,true
11384,125,,14,0,product_id,false,true
11385,125,,15,'overall',product_name,false,true
11386,125,1,20,"ROUND((fmc.sales_units)::decimal, 2)",sales_units,false,true
11387,125,4,21,"ROUND((fmc.revenue)::decimal, 2)",revenue,false,true
11388,125,10,22,"ROUND((fmc.margin)::decimal, 2)",margin,false,true
11389,125,2,23,"ROUND((fmc.baseline_sales_units)::decimal, 2)",baseline_sales_units,false,true
11390,125,3,24,"ROUND((fmc.incremental_sales_units)::decimal, 2)",incremental_sales_units,false,true
11391,125,5,25,"ROUND((fmc.baseline_revenue)::decimal, 2)",baseline_revenue,false,true
11392,125,6,26,"ROUND((fmc.incremental_revenue)::decimal, 2)",incremental_revenue,false,true
11393,125,11,27,"ROUND((fmc.baseline_margin)::decimal, 2)",baseline_margin,false,true
11394,125,12,28,"ROUND((fmc.incremental_margin)::decimal, 2)",incremental_margin,false,true
11395,125,16,29,"ROUND((fmc.promo_spend)::decimal, 2)",promo_spend,false,true
11396,125,1,30,"ROUND((fmc.sales_units)::decimal, 2)",total_sales_units,false,true
11397,125,4,31,"ROUND((fmc.revenue)::decimal, 2)",total_revenue,false,true
11398,125,10,32,"ROUND((fmc.margin)::decimal, 2)",total_margin,false,true
11402,125,7,40,"ROUND((fmc.affinity_revenue)::decimal, 2)",halo_revenue,false,true
11403,125,13,41,"ROUND((fmc.affinity_margin)::decimal, 2)",halo_margin,false,true
11404,125,20,50,"CASE WHEN ROUND((fmc.sales_units)::decimal, 2) = 0 THEN NULL ELSE ROUND((ROUND((fmc.revenue)::decimal, 2) / NULLIF(ROUND((fmc.sales_units)::decimal, 2), 0))::decimal, 2) END",aur,false,true
11405,125,21,51,"CASE WHEN ROUND((fmc.sales_units)::decimal, 2) = 0 THEN NULL ELSE ROUND((ROUND((fmc.margin)::decimal, 2) / NULLIF(ROUND((fmc.sales_units)::decimal, 2), 0))::decimal, 2) END",aum,false,true
11406,125,22,52,"CASE WHEN ROUND((fmc.revenue)::decimal, 2) = 0 THEN 0 ELSE ROUND(((ROUND((fmc.margin)::decimal, 2) * 100) / NULLIF(ROUND((fmc.revenue)::decimal, 2), 0))::decimal, 2) END",gm_percent,false,true
11407,125,,60,"COALESCE(pm.total_inventory, 0)",total_inventory,false,true
11408,125,,61,"LEAST(100, GREATEST(0, CASE WHEN COALESCE(pm.total_inventory, 0) = 0 THEN 0 ELSE ROUND(((fmc.sales_units / pm.total_inventory) * 100)::DECIMAL, 1) END))",finalized_st_percent,false,true
12052,157,,1,em.event_id,event_id,false,true
12053,157,,2,em.name,event_name,false,true
12054,157,,3,em.start_date,start_date,false,true
12055,157,,4,em.end_date,end_date,false,true
12056,157,,5,esc.status_name,status,false,true
12057,157,,6,em.status,status_id,false,true
12058,157,,7,em.submit_by,submit_by,false,true
12059,157,,8,em.is_locked,is_locked,false,true
12060,157,,9,ea.attributes,attributes,false,true
12061,157,,10,((ea.attributes->>'vendor_due_date')::date - INTERVAL '1 day' * cv.submission_buffer_days)::date,submission_due_date,false,true
12062,157,,11,B.total_promo_count,total_promo_count,false,true
12063,157,,12,B.finalised_promo_count,finalised_promo_count,false,true
12064,157,,13,tcm.currency_id,currency_id,false,true
12065,157,,14,tcm.currency_name,currency_name,false,true
12066,157,,15,tcm.currency_symbol,currency_symbol,false,true
12067,157,,16,CASE WHEN acc.performance IS NULL THEN NULL ELSE price_promo.fn_get_performance_repr(acc.performance) END,actual_performance,false,true
12068,157,,17,CASE WHEN fc.finalized_performance IS NULL THEN NULL ELSE price_promo.fn_get_performance_repr(fc.finalized_performance) END,finalized_performance,false,true
12069,157,,18,um1.user_code,created_by,false,true
12070,157,,19,um1.name,created_by_name,false,true
12071,157,,20,um2.user_code,updated_by,false,true
12072,157,,21,um2.name,updated_by_name,false,true
12073,157,10,22,fc.finalized_margin,finalized_margin,false,true
12074,157,4,23,fc.finalized_revenue,finalized_revenue,false,true
12075,157,31,24,fc.finalized_discount,finalized_discount,false,true
12076,157,16,25,fc.finalized_promo_spend,finalized_promo_spend,false,true
12077,157,1,26,fc.finalized_sales_units,finalized_sales_units,false,true
12078,157,23,27,fc.finalized_margin_percent,finalized_margin_percent,false,true
12079,157,17,28,fc.finalized_contribution_margin,finalized_contribution_margin,false,true
12080,157,18,29,fc.finalized_contribution_revenue,finalized_contribution_revenue,false,true
12081,157,24,30,fc.finalized_contribution_margin_percent,finalized_contribution_margin_percent,false,true
12082,157,3,31,fc.finalized_incremental_sales_units,finalized_incremental_sales_units,false,true
12083,157,6,32,fc.finalized_incremental_revenue,finalized_incremental_revenue,false,true
12084,157,12,33,fc.finalized_incremental_margin,finalized_incremental_margin,false,true
12085,157,,34,fc.event_level_total_inventory,finalized_event_level_total_inventory,false,true
12086,157,25,35,fc.event_level_st_percent,finalized_event_level_st_percent,false,true
12087,157,11,36,fc.finalized_baseline_margin,finalized_baseline_margin,false,true
12088,157,5,37,fc.finalized_baseline_revenue,finalized_baseline_revenue,false,true
12089,157,2,38,fc.finalized_baseline_sales_units,finalized_baseline_sales_units,false,true
12090,157,10,39,"ROUND(oc.margin::DECIMAL, 2)",original_margin,false,true
12091,157,4,40,"ROUND(oc.revenue::DECIMAL, 2)",original_revenue,false,true
12092,157,29,41,oc.original_discount,original_discount,false,true
12093,157,16,42,"ROUND(oc.promo_spend::DECIMAL, 2)",original_promo_spend,false,true
12094,157,1,43,"ROUND(oc.sales_units::DECIMAL, 2)",original_sales_units,false,true
12095,157,23,44,oc.margin_percent,original_margin_percent,false,true
12096,157,17,45,"ROUND(oc.contribution_margin::DECIMAL, 2)",original_contribution_margin,false,true
12097,157,18,46,"ROUND(oc.contribution_revenue::DECIMAL, 2)",original_contribution_revenue,false,true
12098,157,24,47,oc.contribution_margin_percent,original_contribution_margin_percent,false,true
12099,157,28,48,oc.performance,original_performance,false,true
12100,157,11,49,sfc.finalized_baseline_margin,finalized_stack_baseline_margin,false,true
12101,157,5,50,sfc.finalized_baseline_revenue,finalized_stack_baseline_revenue,false,true
12102,157,2,51,sfc.finalized_baseline_sales_units,finalized_stack_baseline_sales_units,false,true
12103,157,10,52,sfc.finalized_margin,finalized_stack_margin,false,true
12104,157,4,53,sfc.finalized_revenue,finalized_stack_revenue,false,true
12105,157,16,54,sfc.finalized_promo_spend,finalized_stack_promo_spend,false,true
12106,157,1,55,sfc.finalized_sales_units,finalized_stack_sales_units,false,true
12107,157,23,56,sfc.finalized_margin_percent,finalized_stack_margin_percent,false,true
12108,157,17,57,sfc.finalized_contribution_margin,finalized_stack_contribution_margin,false,true
12109,157,18,58,sfc.finalized_contribution_revenue,finalized_stack_contribution_revenue,false,true
12110,157,24,59,sfc.finalized_contribution_margin_percent,finalized_stack_contribution_margin_percent,false,true
12111,157,3,60,sfc.finalized_incremental_sales_units,finalized_stack_incremental_sales_units,false,true
12112,157,6,61,sfc.finalized_incremental_revenue,finalized_stack_incremental_revenue,false,true
12113,157,12,62,sfc.finalized_incremental_margin,finalized_stack_incremental_margin,false,true
12114,157,,63,sfc.event_level_total_inventory,finalized_stack_event_level_total_inventory,false,true
12115,157,25,64,sfc.event_level_st_percent,finalized_stack_event_level_st_percent,false,true
12116,157,10,65,"ROUND(soc.margin::DECIMAL, 2)",original_stack_margin,false,true
12117,157,4,66,"ROUND(soc.revenue::DECIMAL, 2)",original_stack_revenue,false,true
12118,157,16,67,"ROUND(soc.promo_spend::DECIMAL, 2)",original_stack_promo_spend,false,true
12119,157,1,68,"ROUND(soc.sales_units::DECIMAL, 2)",original_stack_sales_units,false,true
12120,157,23,69,soc.margin_percent,original_stack_margin_percent,false,true
12121,157,17,70,"ROUND(soc.contribution_margin::DECIMAL, 2)",original_stack_contribution_margin,false,true
12122,157,18,71,"ROUND(soc.contribution_revenue::DECIMAL, 2)",original_stack_contribution_revenue,false,true
12123,157,24,72,soc.contribution_margin_percent,original_stack_contribution_margin_percent,false,true
12124,157,28,73,soc.performance,original_stack_performance,false,true
12125,157,10,74,"ROUND(acc.margin::DECIMAL, 2)",actualized_margin,false,true
12126,157,4,75,"ROUND(acc.revenue::DECIMAL, 2)",actualized_revenue,false,true
12127,157,16,76,"ROUND(acc.promo_spend::DECIMAL, 2)",actualized_promo_spend,false,true
12128,157,1,77,"ROUND(acc.sales_units::DECIMAL, 2)",actualized_sales_units,false,true
12129,157,23,78,acc.margin_percent,actualized_margin_percent,false,true
12130,157,17,79,"ROUND(acc.contribution_margin::DECIMAL, 2)",actualized_contribution_margin,false,true
12131,157,18,80,"ROUND(acc.contribution_revenue::DECIMAL, 2)",actualized_contribution_revenue,false,true
12132,157,24,81,acc.contribution_margin_percent,actualized_contribution_margin_percent,false,true
12133,157,3,82,"ROUND(acc.incremental_sales_units::DECIMAL, 2)",actualized_incremental_sales_units,false,true
12134,157,6,83,"ROUND(acc.incremental_revenue::DECIMAL, 2)",actualized_incremental_revenue,false,true
12135,157,12,84,"ROUND(acc.incremental_margin::DECIMAL, 2)",actualized_incremental_margin,false,true
12136,157,,85,acc.actualized_total_inventory,actualized_total_inventory,false,true
12137,157,25,86,acc.actualized_st_percent,actualized_st_percent,false,true
12138,158,1,1,"ROUND(SUM(CASE WHEN sfsc.is_default = TRUE THEN override.{metric_name} ELSE metrics_table.{metric_name} END)::DECIMAL, 2)",finalized_sales_units,false,true
12139,158,2,2,"ROUND(SUM(CASE WHEN sfsc.is_default = TRUE THEN override.{metric_name} ELSE metrics_table.{metric_name} END)::DECIMAL, 2)",finalized_baseline_sales_units,false,true
12140,158,3,3,"ROUND(SUM(CASE WHEN sfsc.is_default = TRUE THEN override.{metric_name} ELSE metrics_table.{metric_name} END)::DECIMAL, 2)",finalized_incremental_sales_units,false,true
12141,158,4,4,"ROUND(SUM((CASE WHEN sfsc.is_default = TRUE THEN override.{metric_name} ELSE metrics_table.{metric_name} END) * pfr.planned_conversion_multiplier)::DECIMAL, 2)",finalized_revenue,false,true
12142,158,5,5,"ROUND(SUM((CASE WHEN sfsc.is_default = TRUE THEN override.{metric_name} ELSE metrics_table.{metric_name} END) * pfr.planned_conversion_multiplier)::DECIMAL, 2)",finalized_baseline_revenue,false,true
12143,158,6,6,"ROUND(SUM((CASE WHEN sfsc.is_default = TRUE THEN override.{metric_name} ELSE metrics_table.{metric_name} END) * pfr.planned_conversion_multiplier)::DECIMAL, 2)",finalized_incremental_revenue,false,true
12144,158,7,7,"ROUND(SUM((CASE WHEN sfsc.is_default = TRUE THEN override.{metric_name} ELSE metrics_table.{metric_name} END) * pfr.planned_conversion_multiplier)::DECIMAL, 2)",finalized_affinity_revenue,false,true
12145,158,8,8,"ROUND(SUM((CASE WHEN sfsc.is_default = TRUE THEN override.{metric_name} ELSE metrics_table.{metric_name} END) * pfr.planned_conversion_multiplier)::DECIMAL, 2)",finalized_cannibalization_revenue,false,true
12146,158,9,9,"ROUND(SUM((CASE WHEN sfsc.is_default = TRUE THEN override.{metric_name} ELSE metrics_table.{metric_name} END) * pfr.planned_conversion_multiplier)::DECIMAL, 2)",finalized_pull_forward_revenue,false,true
12147,158,10,10,"ROUND(SUM((CASE WHEN sfsc.is_default = TRUE THEN override.{metric_name} ELSE metrics_table.{metric_name} END) * pfr.planned_conversion_multiplier)::DECIMAL, 2)",finalized_margin,false,true
12148,158,11,11,"ROUND(SUM((CASE WHEN sfsc.is_default = TRUE THEN override.{metric_name} ELSE metrics_table.{metric_name} END) * pfr.planned_conversion_multiplier)::DECIMAL, 2)",finalized_baseline_margin,false,true
12149,158,12,12,"ROUND(SUM((CASE WHEN sfsc.is_default = TRUE THEN override.{metric_name} ELSE metrics_table.{metric_name} END) * pfr.planned_conversion_multiplier)::DECIMAL, 2)",finalized_incremental_margin,false,true
12150,158,13,13,"ROUND(SUM((CASE WHEN sfsc.is_default = TRUE THEN override.{metric_name} ELSE metrics_table.{metric_name} END) * pfr.planned_conversion_multiplier)::DECIMAL, 2)",finalized_affinity_margin,false,true
12151,158,14,14,"ROUND(SUM((CASE WHEN sfsc.is_default = TRUE THEN override.{metric_name} ELSE metrics_table.{metric_name} END) * pfr.planned_conversion_multiplier)::DECIMAL, 2)",finalized_cannibalization_margin,false,true
12152,158,15,15,"ROUND(SUM((CASE WHEN sfsc.is_default = TRUE THEN override.{metric_name} ELSE metrics_table.{metric_name} END) * pfr.planned_conversion_multiplier)::DECIMAL, 2)",finalized_pull_forward_margin,false,true
12153,158,16,16,"ROUND(SUM((CASE WHEN sfsc.is_default = TRUE THEN override.{metric_name} ELSE metrics_table.{metric_name} END) * pfr.planned_conversion_multiplier)::DECIMAL, 2)",finalized_promo_spend,false,true
12154,158,17,17,"ROUND(SUM((CASE WHEN sfsc.is_default = TRUE THEN override.{metric_name} ELSE metrics_table.{metric_name} END) * pfr.planned_conversion_multiplier)::DECIMAL, 2)",finalized_contribution_margin,false,true
12155,158,18,18,"ROUND(SUM((CASE WHEN sfsc.is_default = TRUE THEN override.{metric_name} ELSE metrics_table.{metric_name} END) * pfr.planned_conversion_multiplier)::DECIMAL, 2)",finalized_contribution_revenue,false,true
12156,158,19,19,"ROUND(SUM((CASE WHEN sfsc.is_default = TRUE THEN override.{metric_name} ELSE metrics_table.{metric_name} END) * pfr.planned_conversion_multiplier)::DECIMAL, 2)",finalized_coupon_spend,false,true
12157,158,23,100,"ROUND((SUM((CASE WHEN sfsc.is_default = TRUE THEN override.margin ELSE metrics_table.margin END) * pfr.planned_conversion_multiplier) * 100 / NULLIF(SUM((CASE WHEN sfsc.is_default = TRUE THEN override.revenue ELSE metrics_table.revenue END) * pfr.planned_conversion_multiplier), 0))::decimal, 2)",finalized_margin_percent,false,true
12158,158,24,101,"ROUND((SUM((CASE WHEN sfsc.is_default = TRUE THEN override.contribution_margin ELSE metrics_table.contribution_margin END) * pfr.planned_conversion_multiplier) * 100 / NULLIF(SUM((CASE WHEN sfsc.is_default = TRUE THEN override.contribution_revenue ELSE metrics_table.contribution_revenue END) * pfr.planned_conversion_multiplier), 0))::decimal, 2)",finalized_contribution_margin_percent,false,true
12159,158,28,102,"ROUND(((SUM((CASE WHEN sfsc.is_default THEN override.incremental_margin ELSE metrics_table.incremental_margin END) * pfr.planned_conversion_multiplier) / NULLIF(ABS(SUM((CASE WHEN sfsc.is_default THEN override.baseline_margin ELSE metrics_table.baseline_margin END) * pfr.planned_conversion_multiplier)), 0)) * 100)::numeric, 2)::DECIMAL",finalized_performance,false,true
12586,158,31,103,MIN(CASE WHEN sfsc.is_default THEN override.offer_type_combined_display_name ELSE metrics_table.offer_type_combined_display_name END),finalized_discount,false,true
12587,158,,104,MAX(ei.finalized_event_level_total_inventory),event_level_total_inventory,false,true
12588,158,25,105,"LEAST(100, GREATEST(0, CASE WHEN COALESCE(MAX(ei.finalized_event_level_total_inventory), 0) = 0 THEN 0 ELSE ROUND(((ROUND(SUM(CASE WHEN sfsc.is_default = TRUE THEN override.sales_units ELSE metrics_table.sales_units END)::DECIMAL, 2) / MAX(ei.finalized_event_level_total_inventory)) * 100)::numeric, 1) END))",event_level_st_percent,false,true
13929,219,,1,ut.promo_id,promo_id,false,true
13930,219,,2,ANY_VALUE(pdmc.promo_name),promo_name,false,true
13931,219,,3,ANY_VALUE(pdmc.recommendation_type),recommendation_type,false,true
13932,219,,4,pdmc.last_approved_scenario_id,last_approved_scenario_id,false,true
13933,219,,5,ANY_VALUE(tcm.currency_id),currency_id,false,true
13934,219,,6,ANY_VALUE(tcm.currency_name),currency_name,false,true
13935,219,,7,ANY_VALUE(tcm.currency_symbol),currency_symbol,false,true
13936,219,,8,pdmc.product_id_column,product_id,false,true
13937,219,,9,ANY_VALUE(pdmc.product_name_column),product_name,false,true
13938,219,,10,ANY_VALUE(ut.scenario_type),scenario_type,false,true
13939,219,,11,ANY_VALUE(ut.scenario_id),scenario_id,false,true
13940,219,,12,ANY_VALUE(ut.scenario_order_id),scenario_order_id,false,true
13941,219,,13,ANY_VALUE(ut.scenario_name),scenario_name,false,true
13942,219,,14,ut.is_default,is_default,false,true
13943,219,1,20,"ROUND(SUM(ut.sales_units)::decimal, 2)",sales_units,false,true
13944,219,4,21,"ROUND(SUM(ut.revenue)::decimal, 2)",revenue,false,true
13945,219,10,22,"ROUND(SUM(ut.margin)::decimal, 2)",margin,false,true
13946,219,2,23,"ROUND(SUM(ut.baseline_sales_units)::decimal, 2)",baseline_sales_units,false,true
13947,219,3,24,"ROUND(SUM(ut.incremental_sales_units)::decimal, 2)",incremental_sales_units,false,true
13948,219,5,25,"ROUND(SUM(ut.baseline_revenue)::decimal, 2)",baseline_revenue,false,true
13949,219,6,26,"ROUND(SUM(ut.incremental_revenue)::decimal, 2)",incremental_revenue,false,true
13950,219,8,27,"ROUND(SUM(ut.cannibalization_revenue)::decimal, 2)",cannibalization_revenue,false,true
13951,219,9,28,"ROUND(SUM(ut.pull_forward_revenue)::decimal, 2)",pull_forward_revenue,false,true
13952,219,11,29,"ROUND(SUM(ut.baseline_margin)::decimal, 2)",baseline_margin,false,true
13953,219,12,30,"ROUND(SUM(ut.incremental_margin)::decimal, 2)",incremental_margin,false,true
13954,219,14,31,"ROUND(SUM(ut.cannibalization_margin)::decimal, 2)",cannibalization_margin,false,true
13955,219,15,32,"ROUND(SUM(ut.pull_forward_margin)::decimal, 2)",pull_forward_margin,false,true
13956,219,16,33,"ROUND(SUM(ut.promo_spend)::decimal, 2)",promo_spend,false,true
13957,219,17,34,"ROUND(SUM(ut.contribution_margin)::decimal, 2)",contribution_margin,false,true
13958,219,18,35,"ROUND(SUM(ut.contribution_revenue)::decimal, 2)",contribution_revenue,false,true
13959,219,19,36,"ROUND(SUM(ut.coupon_spend)::decimal, 2)",coupon_spend,false,true
13960,219,1,37,"ROUND(SUM(ut.sales_units)::decimal, 2)",total_sales_units,false,true
13961,219,4,38,"ROUND(SUM(ut.revenue)::decimal, 2)",total_revenue,false,true
13962,219,10,39,"ROUND(SUM(ut.margin)::decimal, 2)",total_margin,false,true
13963,219,7,40,"ROUND(SUM(ut.affinity_revenue)::decimal, 2)",halo_revenue,false,true
13964,219,13,41,"ROUND(SUM(ut.affinity_margin)::decimal, 2)",halo_margin,false,true
13965,219,20,50,"CASE WHEN SUM(ut.sales_units) = 0 THEN NULL ELSE ROUND(ROUND(SUM(ut.revenue)::decimal, 2) / NULLIF(ROUND(SUM(ut.sales_units)::decimal, 2), 0)::decimal, 2) END",aur,false,true
13966,219,21,51,"CASE WHEN SUM(ut.sales_units) = 0 THEN NULL ELSE ROUND(ROUND(SUM(ut.margin)::decimal, 2) / NULLIF(ROUND(SUM(ut.sales_units)::decimal, 2), 0)::decimal, 2) END",aum,false,true
13967,219,22,52,"CASE WHEN SUM(ut.revenue) = 0 THEN NULL ELSE ROUND((SUM(ut.margin)::decimal * 100) / NULLIF(SUM(ut.revenue), 0)::decimal, 2) END",gm_percent,false,true
13968,219,,60,"COALESCE(ANY_VALUE(pdmc.total_inventory), 0)",total_inventory,false,true
13969,219,,61,"LEAST(100, GREATEST(0, CASE WHEN COALESCE(ANY_VALUE(pdmc.total_inventory), 0) = 0 THEN 0 ELSE ROUND(((SUM(ut.sales_units) / ANY_VALUE(pdmc.total_inventory)) * 100)::DECIMAL, 1) END))",finalized_st_percent,false,true
14192,224,,1,str_mstr.strategy_id,strategy_id,false,true
14193,224,,2,str_mstr.strategy_name,strategy_name,false,true
14194,224,,3,str_mstr.step_count::integer,step_count,false,true
14195,224,,4,ssc.status_name::text,status,false,true
14196,224,,5,ssc.status_id,status_id,false,true
14197,224,,6,Date(str_mstr.created_at),created_at,false,true
14198,224,,7,str_mstr.start_date,start_date,false,true
14199,224,,8,str_mstr.end_date,end_date,false,true
14200,224,,9,str_mstr.version_number,version_number,false,true
14201,224,,10,"coalesce(str_mstr.root_strategy, str_mstr.strategy_id)",root_strategy,false,true
14202,224,,11,case when str_mstr.parent_strategy is null then false else true end,is_child,false,true
14203,224,,12,"string_agg(distinct tvbc1.display_name::text, chr(44) || chr(32))",product_recommendation_level,false,true
14204,224,,13,"string_agg(distinct tvbc2.display_name::text, chr(44) || chr(32))",store_recommendation_level,false,true
14205,224,,14,str_mstr.is_optimisation_running,is_optimisation_running,false,true
14206,224,,15,str_mstr.is_automated,is_automated,false,true
14207,224,,16,cnt_cte.sku_count::integer,products,false,true
14208,224,,17,cnt_cte.store_count::integer,stores,false,true
14209,224,,18,max(bmc.sales_units)::integer,sales_units,false,true
14210,224,,19,max(bmc.revenue)::double precision,revenue,false,true
14211,224,,20,max(bmc.margin)::double precision,margin,false,true
14212,224,,21,max(bmc.spend)::double precision,markdown_spend,false,true
14213,224,,22,sorc.sell_through::real,sell_through_target,false,true
14214,224,,23,sorc.revenue::real,revenue_target,false,true
14215,224,,24,sorc.gm_dollar::real,gm_dollar_target,false,true
14216,224,,25,sorc.gm_percent::real,gm_percent_target,false,true
14217,224,,26,sorc.sales_units::real,sales_units_target,false,true
14218,224,,27,sorc.sell_through_priority::integer,sell_through_priority,false,true
14219,224,,28,sorc.revenue_priority::integer,revenue_priority,false,true
14220,224,,29,sorc.gm_dollar_priority::integer,gm_dollar_priority,false,true
14221,224,,30,sorc.gm_percent_priority::integer,gm_percent_priority,false,true
14222,224,,31,sorc.sales_units_priority::integer,sales_units_priority,false,true
14223,225,,1,str_mstr.strategy_id,,false,true
14224,225,,2,str_mstr.strategy_name,,false,true
14225,225,,3,str_mstr.step_count,,false,true
14226,225,,4,ssc.status_name,,false,true
14227,225,,5,ssc.status_id,,false,true
14228,225,,6,str_mstr.status,,false,true
14229,225,,7,str_mstr.created_at,,false,true
14230,225,,8,str_mstr.start_date,,false,true
14231,225,,9,str_mstr.end_date,,false,true
14232,225,,10,str_mstr.version_number,,false,true
14233,225,,11,str_mstr.root_strategy,,false,true
14234,225,,12,csec.parent_strategy,,false,true
14237,225,,15,str_mstr.is_optimisation_running,,false,true
14238,225,,16,str_mstr.is_automated,,false,true
14239,225,,17,sorc.sell_through,,false,true
14240,225,,18,sorc.revenue,,false,true
14241,225,,19,sorc.gm_dollar,,false,true
14242,225,,20,sorc.gm_percent,,false,true
14243,225,,21,sorc.sales_units,,false,true
14244,225,,22,sorc.sell_through_priority,,false,true
14245,225,,23,sorc.revenue_priority,,false,true
14246,225,,24,sorc.gm_dollar_priority,,false,true
14247,225,,25,sorc.gm_percent_priority,,false,true
14248,225,,26,sorc.sales_units_priority,,false,true
14249,225,,27,cnt_cte.sku_count,,false,true
14250,225,,28,cnt_cte.store_count,,false,true
14251,225,,29,str_mstr.parent_strategy,,false,true
14252,225,,30,usc.alert_message_disable_flag,,false,true
14253,225,,31,cmsc.version_number,,false,true
14263,226,,1,"ROUND(SUM(dd.sales_units)::numeric, 0)::integer",sales_units,false,true
14264,226,,2,"ROUND(SUM(dd.revenue)::numeric, 2)::double precision * %2$s",revenue,false,true
14265,226,,3,"ROUND(SUM(dd.margin)::numeric, 2)::double precision * %2$s",margin,false,true
14266,226,,4,"ROUND(SUM(dd.spend)::numeric, 2)::double precision * %2$s",markdown_dollar,false,true
14267,226,,5,"ROUND((100 * SUM(dd.margin) / NULLIF(SUM(dd.revenue), 0))::numeric, 2)::double precision",gm_percent,false,true
14268,226,,6,SUM(dd.rem_inv)::double precision,rem_inv,false,true
14269,226,,7,"ROUND((SUM(dd.margin)/NULLIF(SUM(dd.sales_units),0))::numeric,2)::double precision * %2$s",aum_dollar,false,true
14270,226,,8,"ROUND((SUM(dd.revenue)/NULLIF(SUM(dd.sales_units),0))::numeric,2)::double precision * %2$s",aur_dollar,false,true
14271,226,,9,"ROUND((100*SUM(dd.sales_units) / NULLIF((SUM(dd.sales_units) + SUM(dd.rem_inv)),0))::numeric,2)::double precision",sell_through,false,true
14272,227,,0,"0,l0_id",pm_country_id,false,true
14273,227,,1,"0,l0_name",pm_country,false,true
14274,227,,2,"1,l1_id",division_id,false,true
14275,227,,3,"1,l1_name",division,false,true
14276,227,,4,"2,l2_id",department_id,false,true
14277,227,,5,"2,l2_name",department,false,true
14278,227,,6,"3,l3_id",sub_dept_id,false,true
14279,227,,7,"3,l3_name",sub_dept,false,true
14280,227,,8,"4,l4_id",class_id,false,true
14281,227,,9,"4,l4_name",class,false,true
14282,227,,10,"5,l5_id",subclass_id,false,true
14283,227,,11,"5,l5_name",subclass,false,true
14284,227,,12,"6,l6_id",style_id,false,true
14285,227,,13,"6,l6_name",style,false,true
14286,228,,0,"0,s0_id",sm_country_id,false,true
14287,228,,1,"0,s0_name",sm_country,false,true
14288,228,,2,"1,s1_id",channel_id,false,true
14289,228,,3,"1,s1_name",channel,false,true
14290,228,,4,"2,s2_id",region_id,false,true
14291,228,,5,"2,s2_name",region,false,true
14292,228,,6,"3,s3_id",state_id,false,true
14293,228,,7,"3,s3_name",state,false,true
14294,228,,8,"4,s4_id",district_id,false,true
14295,228,,9,"4,s4_name",district,false,true
14296,228,,10,"5,s5_id",city_id,false,true
14297,228,,11,"5,s5_name",city,false,true
14298,228,,12,"6,s6_id",store_id,false,true
14299,228,,13,"6,s6_name",store_name,false,true
14300,229,,0,"total_inventory,sum",total_inventory,false,true
14301,229,,1,"current_price,mean",current_price,false,true
14302,229,,2,"cost,sum",cost,false,true
14303,229,,3,"msrp,sum",msrp,false,true
14304,229,,4,"markdown_percentage,mean",markdown_percentage,false,true
14305,229,,5,"effective_price_point,mean",effective_price_point,false,true
14306,232,,1,array_agg(distinct phd.hierarchy_name) filter (where phd.hierarchy_level = 0),l0_name,false,true
14307,232,,2,array_agg(distinct phd.hierarchy_name) filter (where phd.hierarchy_level = 1),l1_name,false,true
14308,232,,3,array_agg(distinct phd.hierarchy_name) filter (where phd.hierarchy_level = 2),l2_name,false,true
14309,230,,0,"0,date",date,false,true
14310,230,,1,"1,weeks_start_date",week,false,true
14311,230,,2,"2,fiscal_year_month",month,false,true
14312,230,,3,"3,fiscal_year_qtr",quarter,false,true
14313,231,,0,"0,strategy_id",strategy_id,false,true
14314,231,,1,"0,strategy_name",strategy_name,false,true
14315,231,,2,"1,pcd_start_date",pcd_start_date,false,true
14316,231,,3,"1,pcd_end_date",pcd_end_date,false,true
14317,231,,4,"2,strategy_name",strategy_name,false,true
14318,231,,5,"2,pcd_start_date",pcd_start_date,false,true
14319,231,,6,"2,pcd_end_date",pcd_end_date,false,true
14369,236,,1,"''strategy_id'',fm.strategy_id",,false,true
14370,236,,2,"''strategy_name'',fm.strategy_name",,false,true
14371,236,,3,"''step_count'', tsm.step_count",,false,true
14372,236,,4,"''pcd_id'',fm.pcd_id",,false,true
14373,236,,5,"''pcd_start_date'',fm.pcd_start_date::date",,false,true
14374,236,,6,"''pcd_end_date'',fm.pcd_end_date::date",,false,true
14375,236,,7,"''is_sub_total'',fm.is_sub_total",,false,true
14376,236,,8,"''alert_count'',fm.alert_count",,false,true
14377,236,,9,"''initially_approved'',fm.initially_approved",,false,true
14378,236,,10,"''finally_approved'',fm.finally_approved",,false,true
14379,236,,11,"''not_approved'',fm.not_approved",,false,true
14380,236,,12,"''custom_alerts'', COALESCE(fm.custom_alerts, ''[]''::jsonb)",,false,true
14381,236,,13,"''unique_key'',gen_random_uuid()",,false,true
14382,236,,14,"''products_count'',fm.products_count",,false,true
14383,236,,15,"''stores_count'',fm.stores_count",,false,true
14384,236,,16,"''read_only'', case when date(timezone(%4$L, now())) >= pcd_data.pcd_start_date then true else false end",,false,true
14385,237,,1,"''bl_gm_percent'',fm.bl_gm_percent",,false,true
14386,237,,2,"''bl_aum_$'',fm.bl_aum_$",,false,true
14387,237,,3,"''bl_aur_$'',fm.bl_aur_$",,false,true
14388,237,,4,"''bl_revenue_$'',fm.bl_revenue_$",,false,true
14389,237,,5,"''bl_gm_$'',fm.bl_gm_$",,false,true
14390,237,,6,"''bl_sales_units'',fm.bl_sales_units",,false,true
14391,237,,7,"''bl_clearance_discount'',fm.bl_clearance_discount",,false,true
14392,237,,8,"''bl_markdown_$'',fm.bl_markdown_$",,false,true
14393,237,,9,"''bl_inventory_cost'',fm.bl_inventory_cost",,false,true
14394,237,,10,"''bl_inventory_retail'',fm.bl_inventory_retail",,false,true
14395,237,,11,"''ia_reco_gm_percent'',fm.ia_reco_gm_percent",,false,true
14396,237,,12,"''ia_reco_aum_$'',fm.ia_reco_aum_$",,false,true
14397,237,,13,"''ia_reco_aur_$'',fm.ia_reco_aur_$",,false,true
14398,237,,14,"''ia_reco_revenue_$'',fm.ia_reco_revenue_$",,false,true
14399,237,,15,"''ia_reco_gm_$'',fm.ia_reco_gm_$",,false,true
14400,237,,16,"''ia_reco_sales_units'',fm.ia_reco_sales_units",,false,true
14401,237,,17,"''ia_reco_clearance_discount'',fm.ia_reco_clearance_discount",,false,true
14402,237,,18,"''ia_reco_markdown_$'',fm.ia_reco_markdown_$",,false,true
14403,237,,19,"''ia_reco_inventory_cost'',fm.ia_reco_inventory_cost",,false,true
14404,237,,20,"''ia_reco_inventory_retail'',fm.ia_reco_inventory_retail",,false,true
14405,237,,21,"''lw_gm_percent'',fm.lw_gm_percent",,false,true
14406,237,,22,"''lw_aum'',fm.lw_aum",,false,true
14407,237,,23,"''lw_aur_$'',fm.lw_aur",,false,true
14408,237,,24,"''lw_revenue_$'',fm.lw_revenue",,false,true
14409,237,,25,"''lw_gm_$'',fm.lw_gm_dollar",,false,true
14410,237,,26,"''lw_sales_units'',fm.lw_sales_units",,false,true
14411,237,,27,"''lw_clearance_discount'',fm.lw_clearance_discount",,false,true
14412,237,,28,"''lw_markdown_dollar'',fm.lw_markdown_dollar",,false,true
14413,237,,29,"''till_date_gm_percent'',fm.till_date_gm_percent",,false,true
14414,237,,30,"''till_date_aum_$'',fm.till_date_aum",,false,true
14415,237,,31,"''till_date_aur_$'',fm.till_date_aur",,false,true
14416,237,,32,"''till_date_revenue_$'',fm.till_date_revenue",,false,true
14417,237,,33,"''till_date_gm_$'',fm.till_date_gm_dollar",,false,true
14418,237,,34,"''till_date_sales_units'',fm.till_date_sales_units",,false,true
14419,237,,35,"''till_date_clearance_discount'',fm.till_date_clearance_discount",,false,true
14420,237,,36,"''till_date_markdown_dollar'',fm.till_date_markdown_dollar",,false,true
14421,237,,37,"''bl_inventory'',fm.bl_inventory",,false,true
14422,237,,38,"''ia_reco_inventory'',fm.ia_reco_inventory",,false,true
14423,237,,39,"''bl_sell_through'',fm.bl_sell_through",,false,true
14424,237,,40,"''ia_reco_sell_through'',fm.ia_reco_sell_through",,false,true
14425,237,,41,"''lw_sell_through'',fm.lw_sell_through",,false,true
14426,237,,42,"''till_date_sell_through'',fm.till_date_sell_through",,false,true
14427,237,,43,"''lw_inventory'',fm.lw_inventory",,false,true
14428,237,,44,"''till_date_inventory'',fm.till_date_inventory",,false,true
14429,238,,1,"round((sum(tsssda.margin * %5$s)/NULLIF(sum(tsssda.revenue * %5$s), 0))::numeric,2)*100",bl_gm_percent,false,true
14430,238,,2,"round((sum(tsssda.margin * %5$s)/NULLIF(sum(tsssda.sales_units),0))::numeric,2)",bl_aum_$,false,true
14431,238,,3,"round((sum(tsssda.revenue * %5$s)/NULLIF(sum(tsssda.sales_units),0))::numeric,2)",bl_aur_$,false,true
14432,238,,4,"round((sum(tsssda.revenue * %5$s))::numeric,2)",bl_revenue_$,false,true
14433,238,,5,"round((sum(tsssda.margin * %5$s))::numeric,2)",bl_gm_$,false,true
14434,238,,6,round(sum(tsssda.sales_units)),bl_sales_units,false,true
14435,238,,7,"round((sum(tsssda.sales_units * tsssda.clearance_discount) / NULLIF(sum(tsssda.sales_units), 0) )::numeric, 2)",bl_clearance_discount,false,true
14436,238,,8,"round(sum(tsssda.spend * %5$s)::numeric, 2)",bl_markdown_$,false,true
14437,238,,9,"round((sum(tsssda2.margin * %5$s)/NULLIF(sum(tsssda2.revenue * %5$s), 0))::numeric,2)*100",ia_reco_gm_percent,false,true
14438,238,,10,"round((sum(tsssda2.margin * %5$s)/NULLIF(sum(tsssda2.sales_units),0))::numeric,2)",ia_reco_aum_$,false,true
14439,238,,11,"round((sum(tsssda2.revenue * %5$s)/NULLIF(sum(tsssda2.sales_units),0))::numeric,2)",ia_reco_aur_$,false,true
14440,238,,12,"round((sum(tsssda2.revenue * %5$s))::numeric,2)",ia_reco_revenue_$,false,true
14441,238,,13,"round((sum(tsssda2.margin * %5$s))::numeric,2)",ia_reco_gm_$,false,true
14442,238,,14,round(sum(tsssda2.sales_units)),ia_reco_sales_units,false,true
14443,238,,15,"round((sum(tsssda2.sales_units * tsssda2.clearance_discount) / NULLIF(sum(tsssda2.sales_units),0) )::numeric, 2)",ia_reco_clearance_discount,false,true
14444,238,,16,"round(sum(tsssda2.spend * %5$s)::numeric, 2)",ia_reco_markdown_$,false,true
14445,239,,1,"round(strategy_lw_till_date.lw_gm_percent::numeric,2)",lw_gm_percent,false,true
14446,239,,2,"round(strategy_lw_till_date.lw_aum::numeric,2)",lw_aum,false,true
14447,239,,3,"round(strategy_lw_till_date.lw_aur::numeric,2)",lw_aur,false,true
14448,239,,4,"round(strategy_lw_till_date.lw_revenue::numeric,2)",lw_revenue,false,true
14449,239,,5,"round(strategy_lw_till_date.lw_gm_dollar::numeric,2)",lw_gm_dollar,false,true
14450,239,,6,round(strategy_lw_till_date.lw_sales_units::numeric),lw_sales_units,false,true
14451,239,,7,round((strategy_lw_till_date.lw_inventory)::numeric),lw_inventory,false,true
14452,239,,8,"round(strategy_lw_till_date.lw_clearance_discount::numeric,2)",lw_clearance_discount,false,true
14453,239,,9,"round(strategy_lw_till_date.lw_markdown_dollar::numeric,2)",lw_markdown_dollar,false,true
14454,239,,10,"round(strategy_lw_till_date.till_date_gm_percent::numeric,2)",till_date_gm_percent,false,true
14455,239,,11,"round(strategy_lw_till_date.till_date_aum::numeric,2)",till_date_aum,false,true
14456,239,,12,"round(strategy_lw_till_date.till_date_aur::numeric,2)",till_date_aur,false,true
14457,239,,13,"round(strategy_lw_till_date.till_date_revenue::numeric,2)",till_date_revenue,false,true
14458,239,,14,"round(strategy_lw_till_date.till_date_gm_dollar::numeric,2)",till_date_gm_dollar,false,true
14459,239,,15,round(strategy_lw_till_date.till_date_sales_units::numeric),till_date_sales_units,false,true
14460,239,,16,round((strategy_lw_till_date.till_date_inventory)::numeric),till_date_inventory,false,true
14461,239,,17,"round(strategy_lw_till_date.till_date_clearance_discount::numeric,2)",till_date_clearance_discount,false,true
14462,239,,18,"round(strategy_lw_till_date.till_date_markdown_dollar::numeric,2)",till_date_markdown_dollar,false,true
14463,239,,19,round((bl_inv.remaining_inv)::numeric),bl_inventory,false,true
14464,239,,20,round(bl_inv.inventory_cost::numeric),bl_inventory_cost,false,true
14465,239,,21,round(bl_inv.inventory_retail::numeric),bl_inventory_retail,false,true
14466,239,,22,round((ia_reco_inv.remaining_inv)::numeric),ia_reco_inventory,false,true
14467,239,,23,round(ia_reco_inv.inventory_cost::numeric),ia_reco_inventory_cost,false,true
14468,239,,24,round(ia_reco_inv.inventory_retail::numeric),ia_reco_inventory_retail,false,true
14469,239,,25,"round(((sd.bl_sales_units/ NULLIF((bl_inv.remaining_inv),0))*100)::Decimal,2)::float",bl_sell_through,false,true
14470,239,,26,"round(((sd.ia_reco_sales_units/NULLIF((ia_reco_inv.remaining_inv),0))*100)::Decimal,2)::float",ia_reco_sell_through,false,true
14471,239,,27,"round(strategy_lw_till_date.lw_st_percent::numeric,2)",lw_sell_through,false,true
14472,239,,28,"round(strategy_lw_till_date.till_date_st_percent::numeric,2)",till_date_sell_through,false,true
14473,240,,1,"''strategy_id'',strategy_id",,false,true
14474,240,,2,"''strategy_name'',strategy_name",,false,true
14475,240,,3,"''step_count'', step_count",,false,true
14476,240,,4,"''alert_count'',alert_count",,false,true
14477,240,,5,"''initially_approved'',initially_approved",,false,true
14478,240,,6,"''finally_approved'',finally_approved",,false,true
14479,240,,7,"''not_approved'',not_approved",,false,true
14480,240,,8,"''initially_approved_pcd_id'',initially_approved_pcd_id",,false,true
14481,240,,9,"''finally_approved_pcd_id'',finally_approved_pcd_id",,false,true
14482,240,,10,"''not_approved_pcd_id'',not_approved_pcd_id",,false,true
14483,240,,11,"''custom_alerts'', COALESCE(ttfm.custom_alerts, ''[]''::jsonb)",,false,false
14484,240,,12,"''unique_key'',gen_random_uuid()",,false,true
14485,240,,13,"''pcd_start_date'',pcd_start_date::date",,false,true
14486,240,,14,"''pcd_end_date'',pcd_end_date::date",,false,true
14487,240,,15,"''products_count'',products_count",,false,true
14488,240,,16,"''stores_count'',stores_count",,false,true
14489,240,,17,"''read_only'',date(timezone(%4$L, now())) >= (select max(pcd_start_date) from price_markdown.tb_strategy_pcd tsp where tsp.strategy_id = ttfm.strategy_id)",,false,true
14490,241,,1,"''bl_gm_percent'',bl_gm_percent",,false,true
14491,241,,2,"''bl_aum_$'',bl_aum_$",,false,true
14492,241,,3,"''bl_aur_$'',bl_aur_$",,false,true
14493,241,,4,"''bl_revenue_$'',bl_revenue_$",,false,true
14494,241,,5,"''bl_gm_$'',bl_gm_$",,false,true
14495,241,,6,"''bl_sales_units'',bl_sales_units",,false,true
14496,241,,7,"''bl_clearance_discount'',bl_clearance_discount",,false,true
14497,241,,8,"''bl_markdown_$'',bl_markdown_$",,false,true
14498,241,,9,"''bl_inventory_cost'',bl_inventory_cost",,false,true
14499,241,,10,"''bl_inventory_retail'',bl_inventory_retail",,false,true
14500,241,,11,"''ia_reco_gm_percent'',ia_reco_gm_percent",,false,true
14501,241,,12,"''ia_reco_aum_$'',ia_reco_aum_$",,false,true
14502,241,,13,"''ia_reco_aur_$'',ia_reco_aur_$",,false,true
14503,241,,14,"''ia_reco_revenue_$'',ia_reco_revenue_$",,false,true
14504,241,,15,"''ia_reco_gm_$'',ia_reco_gm_$",,false,true
14505,241,,16,"''ia_reco_sales_units'',ia_reco_sales_units",,false,true
14506,241,,17,"''ia_reco_clearance_discount'',ia_reco_clearance_discount",,false,true
14507,241,,18,"''ia_reco_markdown_$'',ia_reco_markdown_$",,false,true
14508,241,,19,"''ia_reco_inventory_cost'',ia_reco_inventory_cost",,false,true
14509,241,,20,"''ia_reco_inventory_retail'',ia_reco_inventory_retail",,false,true
14510,241,,21,"''lw_gm_percent'',lw_gm_percent",,false,true
14511,241,,22,"''lw_aum'',lw_aum",,false,true
14512,241,,23,"''lw_aur_$'',lw_aur",,false,true
14513,241,,24,"''lw_revenue_$'',lw_revenue",,false,true
14514,241,,25,"''lw_gm_$'',lw_gm_dollar",,false,true
14515,241,,26,"''lw_sales_units'',lw_sales_units",,false,true
14516,241,,27,"''lw_clearance_discount'',lw_clearance_discount",,false,true
14517,241,,28,"''lw_markdown_dollar'',lw_markdown_dollar",,false,true
14518,241,,29,"''till_date_gm_percent'',till_date_gm_percent",,false,true
14519,241,,30,"''till_date_aum_$'',till_date_aum",,false,true
14520,241,,31,"''till_date_aur_$'',till_date_aur",,false,true
14521,241,,32,"''till_date_revenue_$'',till_date_revenue",,false,true
14522,241,,33,"''till_date_gm_$'',till_date_gm_dollar",,false,true
14523,241,,34,"''till_date_sales_units'',till_date_sales_units",,false,true
14524,241,,35,"''till_date_clearance_discount'',till_date_clearance_discount",,false,true
14525,241,,36,"''till_date_markdown_dollar'',till_date_markdown_dollar",,false,true
14526,241,,37,"''bl_inventory'',bl_inventory",,false,true
14527,241,,38,"''ia_reco_inventory'',ia_reco_inventory",,false,true
14528,241,,39,"''bl_sell_through'',bl_sell_through",,false,true
14529,241,,40,"''ia_reco_sell_through'',ia_reco_sell_through",,false,true
14530,241,,41,"''lw_sell_through'',lw_sell_through",,false,true
14531,241,,42,"''till_date_sell_through'',till_date_sell_through",,false,true
14532,241,,43,"''lw_inventory'',lw_inventory",,false,true
14533,241,,44,"''till_date_inventory'',till_date_inventory",,false,true
14534,242,,1,round((fin_units)::numeric),fin_sales_units,false,true
14535,242,,2,round((fin_revenue * %3$s)::numeric),fin_revenue_$,false,true
14536,242,,3,round((fin_margin * %3$s)::numeric),fin_gm_$,false,true
14537,242,,4,round((fin_gm_percent)::numeric),fin_gm_percent,false,true
14538,242,,5,round((fin_aum * %3$s)::numeric),fin_aum_$,false,true
14539,242,,6,round((fin_sellthrough)::numeric),fin_st_percent,false,true
14540,242,,7,round((fin_markdown_spend * %3$s)::numeric),fin_markdown_$,false,true
14541,242,,8,round((fin_inventory)::numeric),fin_inventory,false,true
14542,242,,9,fin_discount,fin_discount,false,true
14543,242,,10,round((fin_incremental_discount)::numeric),fin_incremental_discount,false,true
14544,242,,11,fin_previous_discount,fin_previous_discount,false,true
14545,242,,12,"round((fin_pcd_price_with_vat * %3$s)::numeric, 2)",fin_pcd_price,false,true
14546,242,,13,"round((fin_previous_pcd_price_with_vat * %3$s)::numeric, 2)",fin_previous_pcd_price,false,true
14547,242,,14,fin_markdown_type,fin_markdown_type,false,true
14548,242,,15,fin_previous_markdown_type,fin_previous_markdown_type,false,true
14549,242,,16,fin_inventory_cost,fin_inventory_cost,false,true
14550,243,,1,round((ia_units)::numeric),ia_sales_units,false,true
14551,243,,2,round((ia_revenue * %3$s)::numeric),ia_revenue_$,false,true
14552,243,,3,round((ia_margin * %3$s)::numeric),ia_gm_$,false,true
14553,243,,4,round((ia_gm_percent)::numeric),ia_gm_percent,false,true
14554,243,,5,round((ia_aum * %3$s)::numeric),ia_aum_$,false,true
14555,243,,6,round((ia_sellthrough)::numeric),ia_st_percent,false,true
14556,243,,7,round((ia_markdown_spend * %3$s)::numeric),ia_markdown_$,false,true
14557,243,,8,round((ia_inventory)::numeric),ia_inventory,false,true
14558,243,,9,ia_discount,ia_discount,false,true
14559,243,,10,round((ia_incremental_discount)::numeric),ia_incremental_discount,false,true
14560,243,,11,ia_previous_discount,ia_previous_discount,false,true
14561,243,,12,"round((ia_pcd_price_with_vat * %3$s)::numeric, 2)",ia_pcd_price,false,true
14562,243,,13,"round((ia_previous_pcd_price_with_vat * %3$s)::numeric, 2)",ia_previous_pcd_price,false,true
14563,243,,14,ia_markdown_type,ia_markdown_type,false,true
14564,243,,15,ia_previous_markdown_type,ia_previous_markdown_type,false,true
14565,243,,16,ia_inventory_cost,ia_inventory_cost,false,true
14566,244,,1,"''strategy_id'',fm.strategy_id",,false,true
14567,244,,2,"''strategy_name'',fm.strategy_name",,false,true
14568,244,,3,"''pcd_id'',fm.pcd_id",,false,true
14569,244,,4,"''pcd_start_date'',fm.pcd_start_date::date",,false,true
14570,244,,5,"''pcd_end_date'',fm.pcd_end_date::date",,false,true
14571,244,,6,"''product_level_value'',fm.product_level_value",,false,true
14572,244,,7,"''product_level_id'',fm.product_level_id",,false,true
14573,244,,8,"''store_level_value'',fm.store_level_value",,false,true
14574,244,,9,"''store_level_id'',fm.store_level_id",,false,true
14575,244,,10,"''channel_info'',fm.channel_info",,false,true
14576,244,,11,"''stores_with_inventory'',fm.stores_with_inventory",,false,true
14577,244,,12,"''unique_key'',gen_random_uuid()",,false,true
14578,244,,13,"''status'',fm.status",,false,true
14579,244,,14,"''action_status'', fm.action_status",,false,true
14580,244,,15,"''pcd_number'', fm.pcd_number",,false,true
14581,244,,16,"''dept'', fm.dept",,false,true
14582,244,,17,"''class'', fm.class",,false,true
14583,244,,18,"''brand'', fm.brand",,false,true
14584,244,,19,"''sub_dept'', fm.sub_dept",,false,true
14585,244,,20,"''base_price'', fm.base_price",,false,true
14586,244,,21,"''age'', fm.age",,false,true
14587,244,,22,"''updated_at'', fm.updated_at",,false,true
14588,245,,1,"''fin_sales_units'',fm.fin_sales_units",,false,true
14589,245,,2,"''fin_revenue_$'',fm.fin_revenue_$",,false,true
14590,245,,3,"''fin_gm_$'',fm.fin_gm_$",,false,true
14591,245,,4,"''fin_gm_percent'',fm.fin_gm_percent",,false,true
14592,245,,5,"''fin_aum_$'',fm.fin_aum_$",,false,true
14593,245,,6,"''fin_st_percent'',fm.fin_st_percent",,false,true
14594,245,,7,"''fin_markdown_$'',fm.fin_markdown_$",,false,true
14595,245,,8,"''fin_inventory'',fm.fin_inventory",,false,true
14596,245,,9,"''fin_discount'',fm.fin_discount",,false,true
14597,245,,10,"''fin_incremental_discount'',fm.fin_incremental_discount",,false,true
14598,245,,11,"''fin_previous_discount'',fm.fin_previous_discount",,false,true
14599,245,,12,"''fin_pcd_price'',fm.fin_pcd_price",,false,true
14600,245,,13,"''fin_previous_pcd_price'',fm.fin_previous_pcd_price",,false,true
14601,245,,14,"''fin_markdown_type'',fm.fin_markdown_type",,false,true
14602,245,,15,"''fin_previous_markdown_type'', fm.fin_previous_markdown_type",,false,true
14603,245,,16,"''fin_inventory_cost'', fm.fin_inventory_cost",,false,true
14604,245,,17,"''ia_sales_units'',fm.ia_sales_units",,false,true
14605,245,,18,"''ia_revenue_$'',fm.ia_revenue_$",,false,true
14606,245,,19,"''ia_gm_$'',fm.ia_gm_$",,false,true
14607,245,,20,"''ia_gm_percent'',fm.ia_gm_percent",,false,true
14608,245,,21,"''ia_aum_$'',fm.ia_aum_$",,false,true
14609,245,,22,"''ia_st_percent'',fm.ia_st_percent",,false,true
14610,245,,23,"''ia_markdown_$'',fm.ia_markdown_$",,false,true
14611,245,,24,"''ia_inventory'',fm.ia_inventory",,false,true
14612,245,,25,"''ia_discount'',fm.ia_discount",,false,true
14613,245,,26,"''ia_incremental_discount'',fm.ia_incremental_discount",,false,true
14614,245,,27,"''ia_previous_discount'',fm.ia_previous_discount",,false,true
14615,245,,28,"''ia_pcd_price'',fm.ia_pcd_price",,false,true
14616,245,,29,"''ia_previous_pcd_price'',fm.ia_previous_pcd_price",,false,true
14617,245,,30,"''ia_markdown_type'',fm.ia_markdown_type",,false,true
14618,245,,31,"''ia_previous_markdown_type'', fm.ia_previous_markdown_type",,false,true
14619,245,,32,"''ia_inventory_cost'', fm.ia_inventory_cost",,false,true
14620,246,,1,tsm.strategy_name,strategy_name,false,true
14621,246,,2,tsm.start_date,start_date,false,true
14622,246,,3,tsm.end_date,end_date,false,true
14623,246,,4,tsm.strategy_id,strategy_id,false,true
14624,246,,5,tssc.status_name,strategy_status,false,true
14625,246,,6,um.name,created_by,false,true
14626,247,,1,pm.name,promo_name,false,true
14627,247,,2,pm.start_date,start_date,false,true
14628,247,,3,pm.end_date,end_date,false,true
14629,247,,4,pm.promo_id,promo_id,false,true
14630,247,,5,psc.status_name,promo_status,false,true
14631,247,,6,um.name,created_by,false,true
14632,248,,1,"(case when round(cast(ungrouped_stores.ungrouped_stores_count / nullif(cast(total_stores.total_store_count as FLOAT),0)* 100 as DECIMAL),2) is not null then round(cast(ungrouped_stores.ungrouped_stores_count / nullif(cast(total_stores.total_store_count as FLOAT),0)* 100 as DECIMAL),2) else 0 end)",ungrouped_percentage,false,true
14633,248,,2,ungrouped_stores.ungrouped_stores_count,ungrouped_count,false,true
14634,249,,1,'Markdown strategy',plan,false,true
14635,249,,2,tsm.strategy_name,plan_name,false,true
14636,249,,3,tsm.strategy_id,plan_id,false,true
14637,249,,4,tssc.status_name::text,plan_status,false,true
14638,249,,5,tsm.start_date,start_date,false,true
14639,249,,6,tsm.end_date,end_date,false,true
14640,249,,7,true,is_editable,false,true
14641,249,,8,null,message,false,true
14642,249,,9,null,plan_discount_level,false,true
14643,249,,10,case when tsm.is_optimisation_running = true or tsm.is_simulation_running = true then 1 else 0 end,under_process,false,true
14644,249,,11,um.user_name,user_name,false,true
14645,250,,1,tsm.strategy_name,strategy_name,false,true
14646,250,,2,tsm.start_date,start_date,false,true
14647,250,,3,tsm.end_date,end_date,false,true
14648,250,,4,tssc.status_name,strategy_status,false,true
14649,250,,5,um.user_name,created_by,false,true
14650,250,,6,tsm.strategy_id,strategy_id,false,true
14651,251,,1,pm.name,promo_name,false,true
14652,251,,2,pm.start_date,start_date,false,true
14653,251,,3,pm.end_date,end_date,false,true
14654,251,,4,psc.status_name,promo_status,false,true
14655,251,,5,um.user_name,created_by,false,true
14656,251,,6,pm.promo_id,promo_id,false,true
14657,252,,1,"round(cast(ungrouped_products.ungrouped_products_count / nullif(cast(total_products.total_product_count as FLOAT),0)* 100 as DECIMAL),2)",ungrouped_percentage,false,true
14658,252,,2,ungrouped_products.ungrouped_products_count,ungrouped_count,false,true
14659,253,,1,'Markdown strategy',plan,false,true
14660,253,,2,tsm.strategy_name,plan_name,false,true
14661,253,,3,tsm.strategy_id,plan_id,false,true
14662,253,,4,tssc.status_name::text,plan_status,false,true
14663,253,,5,tsm.start_date,start_date,false,true
14664,253,,6,tsm.end_date,end_date,false,true
14665,253,,7,true,is_editable,false,true
14666,253,,8,null,message,false,true
14667,253,,9,null,plan_discount_level,false,true
14668,253,,10,case when tsm.is_optimisation_running = true or tsm.is_simulation_running = true then 1 else 0 end,under_process,false,true
14669,253,,11,um.user_name,user_name,false,true
14670,254,,1,'Markdown strategy',plan,false,true
14671,254,,2,tsm.strategy_name,plan_name,false,true
14672,254,,3,tsm.strategy_id,plan_id,false,true
14673,254,,4,tssc.status_name::text,plan_status,false,true
14674,254,,5,tsm.start_date,start_date,false,true
14675,254,,6,tsm.end_date,end_date,false,true
14676,254,,7,null,plan_discount_level,false,true
14677,254,,8,case when tsm.is_optimisation_running = true or tsm.is_simulation_running = true then 1 else 0 end,under_process,false,true
14678,254,,9,um.user_name,user_name,false,true
14679,255,,1,tsm.strategy_id,strategy_id,false,true
14680,255,,2,tsm.strategy_name,strategy_name,false,true
14681,255,,3,tsm.start_date,start_date,false,true
14682,255,,4,tsm.end_date,end_date,false,true
14683,255,,5,"case when status = 2 and start_date < date(timezone('{client_timezone}', now())) then 'Active' when status = 2 and start_date > date(timezone('{client_timezone}', now())) then 'Finalized' when status = 0 then 'Draft' when status = 1 then 'Pending Review' else null end",status,false,true
14684,255,,6,sgd.sg_name,sg_name,false,true
14685,256,,1,'Markdown strategy',plan,false,true
14686,256,,2,tsm.strategy_name,plan_name,false,true
14687,256,,3,tsm.strategy_id,plan_id,false,true
14688,256,,4,tssc.status_name::text,plan_status,false,true
14689,256,,5,tsm.start_date,start_date,false,true
14690,256,,6,tsm.end_date,end_date,false,true
14691,256,,7,null,plan_discount_level,false,true
14692,256,,8,case when tsm.is_optimisation_running = true or tsm.is_simulation_running = true then 1 else 0 end,under_process,false,true
14693,256,,9,um.user_name,user_name,false,true
14694,257,,1,tsm.strategy_id,strategy_id,false,true
14695,257,,2,tsm.strategy_name,strategy_name,false,true
14696,257,,3,tsm.start_date,start_date,false,true
14697,257,,4,tsm.end_date,end_date,false,true
14698,257,,5,"case when status = 2 and start_date < date(timezone('{client_timezone}', now())) then 'Active' when status = 2 and start_date > date(timezone('{client_timezone}', now())) then 'Finalized' when status = 0 then 'Draft' when status = 1 then 'Pending Review' else null end",status,false,true
14699,257,,6,pgd.pg_name,pg_name,false,true
14700,258,,1,tcc.calendar_config_id,calendar_config_id,false,true
14701,258,,2,tcc.config_name,config_name,false,true
14702,258,,3,tcc.pcd_type,pcd_type,false,true
14703,258,,4,tcc.total_days,total_days,false,true
14704,258,,5,tcc.calendar_type,calendar_type,false,true
14705,258,,6,tcc.repeat_every,repeat_every,false,true
14706,258,,7,tcc.repeat_frequency,repeat_frequency,false,true
14707,258,,8,tcc.repeat_on_week,repeat_on_week,false,true
14708,258,,9,tcc.on_day,on_day,false,true
14709,258,,10,created_by_users.name,created_by_user,false,true
14710,258,,11,tcc.created_at,created_at,false,true
14711,258,,12,updated_by_users.name,updated_by_user,false,true
14712,258,,13,tcc.updated_at,updated_at,false,true
14713,259,,1,strategy_id,strategy_id,false,true
14714,259,,2,strategy_name,strategy_name,false,true
14715,259,,3,start_date,start_date,false,true
14716,259,,4,end_date,end_date,false,true
14717,259,,5,tssc.status_name,status,false,true
14718,260,,1,tsm.strategy_name,plan_name,false,true
14719,260,,2,tsm.strategy_id,plan_id,false,true
14720,260,,3,tsm.start_date,start_date,false,true
14721,260,,4,tsm.end_date,end_date,false,true
14722,260,,5,null,plan_discount_level,false,true
14723,260,,6,case when tsm.is_optimisation_running = true or tsm.is_simulation_running = true then 1 else 0 end,under_process,false,true
14724,260,,7,um.user_name,user_name,false,true
14725,261,,1,c1.trigger_id,trigger_id,false,true
14726,261,,2,c1.trigger_name,trigger_name,false,true
14727,261,,3,c1.description,description,false,true
14728,261,,4,c1.created_by,created_by,false,true
14729,261,,5,c1.created_at,created_at,false,true
14730,261,,6,c1.updated_by,updated_by,false,true
14731,261,,7,c1.updated_at,updated_at,false,true
14732,261,,8,c1.product_trigger_level_name,product_trigger_level_name,false,true
14733,261,,9,c1.store_trigger_level_name,store_trigger_level_name,false,true
14734,261,,10,c1.condition_text,condition1,false,true
14735,261,,11,"COALESCE(c2.condition_text, '')",condition2,false,true
14736,261,,12,"COALESCE(te.filtered_product_count, 0)",style_meeting_criteria,false,true
14737,261,,13,"COALESCE(c1.product_count, 0)",total_SKUs,false,true
14738,262,,1,product_id,product_id,false,true
14739,262,,2,style_desc,product_description,false,true
14740,263,,1,ct.trigger_id,trigger_id,false,true
14741,263,,2,tctim.name,trigger_name,false,true
14742,263,,3,CASE WHEN tctim.product_trigger_level = -200 THEN 'Overall' WHEN tctim.product_trigger_level = 0 THEN 'Brand' WHEN tctim.product_trigger_level = 1 THEN 'Division' WHEN tctim.product_trigger_level = 2 THEN 'Department' WHEN tctim.product_trigger_level = 3 THEN 'Class' WHEN tctim.product_trigger_level = 4 THEN 'Sub Class' WHEN tctim.product_trigger_level = 5 THEN 'Style' WHEN tctim.product_trigger_level = 6 THEN 'Customer Choice' ELSE NULL END,product_trigger_level_name,false,true
14743,263,,4,CASE WHEN tctim.store_trigger_level = -200 THEN 'All Stores' WHEN tctim.store_trigger_level = 0 THEN 'Country' WHEN tctim.store_trigger_level = 1 THEN 'Enterprise Channel' WHEN tctim.store_trigger_level = 2 THEN 'Region' WHEN tctim.store_trigger_level = 3 THEN 'District' WHEN tctim.store_trigger_level = 4 THEN 'State' WHEN tctim.store_trigger_level = 5 THEN 'City' WHEN tctim.store_trigger_level = 6 THEN 'Store' ELSE NULL END,store_trigger_level_name,false,true
14744,264,,1,tcam.alert_id,id,false,true
14745,264,,2,tcam.name,title,false,true
14746,264,,3,tcam.description,description,false,true
14747,264,,4,tcam.severity_id,alert_type,false,true
14748,264,,5,"to_char(tcam.created_at, {date_format})",created_at,false,true
14749,264,,6,"coalesce(array_agg(distinct amc.metric_display_name) filter (where amc.metric_display_name is not null), ARRAY[]::text[])",tagged_for,false,true
14750,264,,7,"coalesce(um1.""name"", '')",created_by,false,true
14751,264,,8,"(select concat(count(1), ' strategies') from {markdown_schema}.tb_custom_alerts_strategy_mapping tcasm where tcasm.alert_id = tcam.alert_id)",notification_for,false,true
14752,265,,1,(case when tcasm.strategy_id is null then false else true end),is_selected,false,true
14753,265,,2,als.strategy_id,strategy_id,false,true
14754,265,,3,als.strategy_name,strategy_name,false,true
14755,265,,4,als.strategy_description,strategy_description,false,true
14756,265,,5,tcasm.measured_at,measured_at,false,true
14757,265,,6,tcasm.measured_by,measured_by,false,true
14758,265,,7,"array_agg(json_build_object('label', concat('PCD ', spi.pcd_num, '(', to_char(spi.pcd_start_date, 'yyyy-mm-dd'), ' to ', to_char(spi.pcd_end_date, 'yyyy-mm-dd'), ')'), 'value', spi.pcd_id) order by spi.pcd_id)",pcds_list,false,true
14759,266,,1,strategy_id,strategy_id,false,true
14760,266,,2,strategy_name,strategy_name,false,true
14761,266,,3,"json_agg(json_build_object('metrics_condition', metrics_condition, 'pcd_id', pcd_id, 'triggered_date', triggered_date) order by triggered_date desc nulls last)",pcd_alerts_trigger_data,false,true
14762,267,,1,'Total Alerts',label,false,true
14763,267,,2,count(1),count,false,true
14764,267,,3,'total',type,false,true
14765,268,,1,"concat(severity_display_name, ' Alerts')",label,false,true
14766,268,,2,count(1),count,false,true
14767,268,,3,lower(severity_display_name),type,false,true
14768,4,,147,"ROUND((CASE WHEN COALESCE(pmc.is_override_default, false) THEN fov.finalized_baseline_margin * (fov.finalized_contribution_margin / NULLIF(fov.finalized_margin, 0)) ELSE oc.baseline_margin * (oc.contribution_margin / NULLIF(oc.margin, 0)) END)::numeric, 2)",finalized_baseline_contribution_margin,false,true
14769,4,,148,"ROUND((CASE WHEN COALESCE(pmc.is_override_default, false) THEN (fov.finalized_baseline_margin * (fov.finalized_contribution_margin / NULLIF(fov.finalized_margin, 0)) * 100 / NULLIF(fov.finalized_baseline_revenue * (fov.finalized_contribution_revenue / NULLIF(fov.finalized_revenue, 0)), 0)) ELSE (oc.baseline_margin * (oc.contribution_margin / NULLIF(oc.margin, 0)) * 100 / NULLIF(oc.baseline_revenue * (oc.contribution_revenue / NULLIF(oc.revenue, 0)), 0)) END)::numeric, 2)",finalized_baseline_contribution_margin_percent,false,true
14770,4,,149,"ROUND(((CASE WHEN COALESCE(pmc.is_override_default, false) THEN fov.finalized_contribution_margin ELSE oc.contribution_margin END) - (CASE WHEN COALESCE(pmc.is_override_default, false) THEN fov.finalized_baseline_margin * (fov.finalized_contribution_margin / NULLIF(fov.finalized_margin, 0)) ELSE oc.baseline_margin * (oc.contribution_margin / NULLIF(oc.margin, 0)) END))::numeric, 2)",finalized_incremental_contribution_margin,false,true
14771,4,,150,"ROUND(((CASE WHEN COALESCE(pmc.is_override_default, false) THEN fov.finalized_contribution_margin_percent ELSE oc.contribution_margin_percent END) - (CASE WHEN COALESCE(pmc.is_override_default, false) THEN (fov.finalized_baseline_margin * (fov.finalized_contribution_margin / NULLIF(fov.finalized_margin, 0)) * 100 / NULLIF(fov.finalized_baseline_revenue * (fov.finalized_contribution_revenue / NULLIF(fov.finalized_revenue, 0)), 0)) ELSE (oc.baseline_margin * (oc.contribution_margin / NULLIF(oc.margin, 0)) * 100 / NULLIF(oc.baseline_revenue * (oc.contribution_revenue / NULLIF(oc.revenue, 0)), 0)) END))::numeric, 2)",finalized_incremental_contribution_margin_percent,false,true
14772,6,,144,base_data.finalized_baseline_contribution_margin,finalized_baseline_contribution_margin,false,true
14773,7,,144,base_data.finalized_baseline_contribution_margin,finalized_baseline_contribution_margin,false,true
14774,8,,144,base_data.finalized_baseline_contribution_margin,finalized_baseline_contribution_margin,false,true
14775,6,,145,base_data.finalized_baseline_contribution_margin_percent,finalized_baseline_contribution_margin_percent,false,true
14776,7,,145,base_data.finalized_baseline_contribution_margin_percent,finalized_baseline_contribution_margin_percent,false,true
14777,8,,145,base_data.finalized_baseline_contribution_margin_percent,finalized_baseline_contribution_margin_percent,false,true
14778,6,,146,base_data.finalized_incremental_contribution_margin,finalized_incremental_contribution_margin,false,true
14779,7,,146,base_data.finalized_incremental_contribution_margin,finalized_incremental_contribution_margin,false,true
14780,8,,146,base_data.finalized_incremental_contribution_margin,finalized_incremental_contribution_margin,false,true
14781,6,,147,base_data.finalized_incremental_contribution_margin_percent,finalized_incremental_contribution_margin_percent,false,true
14782,7,,147,base_data.finalized_incremental_contribution_margin_percent,finalized_incremental_contribution_margin_percent,false,true
14783,8,,147,base_data.finalized_incremental_contribution_margin_percent,finalized_incremental_contribution_margin_percent,false,true
14788,4,,151,"ROUND((oc.baseline_margin * (oc.contribution_margin / NULLIF(oc.margin, 0)))::numeric, 2)",baseline_contribution_margin,false,true
14789,4,,152,"ROUND((oc.baseline_margin * (oc.contribution_margin / NULLIF(oc.margin, 0)) * 100 / NULLIF(oc.baseline_revenue * (oc.contribution_revenue / NULLIF(oc.revenue, 0)), 0))::numeric, 2)",baseline_contribution_margin_percent,false,true
14790,4,,153,"ROUND((acc.contribution_margin - (acc.baseline_margin * (acc.contribution_margin / NULLIF(acc.margin, 0))))::numeric, 2)",actualized_incremental_contribution_margin,false,true
14791,4,,154,"ROUND((acc.contribution_margin_percent - (acc.baseline_margin * (acc.contribution_margin / NULLIF(acc.margin, 0)) * 100 / NULLIF(acc.baseline_revenue * (acc.contribution_revenue / NULLIF(acc.revenue, 0)), 0)))::numeric, 2)",actualized_incremental_contribution_margin_percent,false,true
14800,4,8,155,"ROUND((CASE WHEN COALESCE(pmc.is_override_default, false) THEN fov.finalized_cannibalization_revenue ELSE oc.cannibalization_revenue END)::numeric, 2)",finalized_cannibalization_revenue,false,true
14804,6,,148,base_data.baseline_contribution_margin,baseline_contribution_margin,false,true
14805,7,,148,base_data.baseline_contribution_margin,baseline_contribution_margin,false,true
14806,8,,148,base_data.baseline_contribution_margin,baseline_contribution_margin,false,true
14807,6,,149,base_data.baseline_contribution_margin_percent,baseline_contribution_margin_percent,false,true
14808,7,,149,base_data.baseline_contribution_margin_percent,baseline_contribution_margin_percent,false,true
14809,8,,149,base_data.baseline_contribution_margin_percent,baseline_contribution_margin_percent,false,true
14810,6,,150,base_data.actualized_incremental_contribution_margin,actualized_incremental_contribution_margin,false,true
14811,7,,150,base_data.actualized_incremental_contribution_margin,actualized_incremental_contribution_margin,false,true
14812,8,,150,base_data.actualized_incremental_contribution_margin,actualized_incremental_contribution_margin,false,true
14813,6,,151,base_data.actualized_incremental_contribution_margin_percent,actualized_incremental_contribution_margin_percent,false,true
14814,7,,151,base_data.actualized_incremental_contribution_margin_percent,actualized_incremental_contribution_margin_percent,false,true
14815,8,,151,base_data.actualized_incremental_contribution_margin_percent,actualized_incremental_contribution_margin_percent,false,true
14828,280,,1,tcm.currency_id,currency_id,false,true
14829,280,,2,tcm.currency_name,currency_name,false,true
14830,280,,3,tcm.currency_symbol,currency_symbol,false,true
14831,280,,4,finalized.finalized_sales_units,finalized_sales_units,false,true
14832,280,,5,finalized.finalized_baseline_sales_units,finalized_baseline_sales_units,false,true
14833,280,,6,finalized.finalized_incremental_sales_units,finalized_incremental_sales_units,false,true
14834,280,,7,ia_recommended.sales_units,ia_recommended_sales_units,false,true
14835,280,,8,finalized.finalized_revenue,finalized_revenue,false,true
14836,280,,9,finalized.finalized_baseline_revenue,finalized_baseline_revenue,false,true
14837,280,,10,finalized.finalized_incremental_revenue,finalized_incremental_revenue,false,true
14838,280,,11,ia_recommended.revenue,ia_recommended_revenue,false,true
14839,280,,12,finalized.finalized_margin,finalized_margin,false,true
14840,280,,13,finalized.finalized_baseline_margin,finalized_baseline_margin,false,true
14841,280,,14,finalized.finalized_incremental_margin,finalized_incremental_margin,false,true
14842,280,,15,ia_recommended.margin,ia_recommended_margin,false,true
14843,280,,16,finalized.finalized_margin_percent,finalized_margin_percent,false,true
14844,280,,17,finalized.finalized_contribution_margin,finalized_contribution_margin,false,true
14845,280,,18,ia_recommended.contribution_margin,ia_recommended_contribution_margin,false,true
14846,280,,19,finalized.finalized_contribution_margin_percent,finalized_contribution_margin_percent,false,true
14866,280,,20,finalized.finalized_promo_spend,finalized_promo_spend,false,true
14867,280,,21,finalized.finalized_coupon_spend,finalized_order_discount,false,true
14868,280,,22,"CASE WHEN COALESCE(finalized.finalized_baseline_revenue, 0) = 0 THEN NULL ELSE ROUND((finalized.finalized_baseline_margin * 100 / finalized.finalized_baseline_revenue)::numeric, 2) END",finalized_baseline_margin_percent,false,true
14869,280,,23,"ROUND((finalized.finalized_margin_percent - (CASE WHEN COALESCE(finalized.finalized_baseline_revenue, 0) = 0 THEN NULL ELSE ROUND((finalized.finalized_baseline_margin * 100 / finalized.finalized_baseline_revenue)::numeric, 2) END))::numeric, 2)",finalized_incremental_margin_percent,false,true
14870,271,,0,ssd.sales_units::numeric AS sales_units,sales_units,false,true
14871,271,,1,(ssd.revenue * cc.planned_conversion_multiplier)::numeric AS revenue,revenue,false,true
14872,271,,2,(ssd.margin * cc.planned_conversion_multiplier)::numeric AS margin,margin,false,true
14873,271,,3,(pf.cost * cc.planned_conversion_multiplier)::numeric AS cost,cost,false,true
14874,271,,4,"COALESCE(inv.total_inventory::numeric, 0) AS total_inventory",total_inventory,false,true
14875,272,,0,ROUND(SUM(revenue)) AS forecasted_sales_amount,forecasted_sales_amount,false,true
14876,272,,1,ROUND(SUM(sales_units)) AS forecasted_sales_units,forecasted_sales_units,false,true
14877,272,,2,ROUND(SUM(margin)) AS forecasted_gm_amount,forecasted_gm_amount,false,true
14878,272,,3,"ROUND(COALESCE(SUM(margin) / NULLIF(SUM(revenue), 0), 0) * 100, 2) AS forecasted_gm_percentage",forecasted_gm_percentage,false,true
14879,272,,4,ROUND(SUM(sales_units * cost)) AS forecasted_cost_amount,forecasted_cost_amount,false,true
14880,272,,5,"ROUND(COALESCE(SUM(sales_units) / NULLIF(SUM(total_inventory), 0), 0) * 100, 2) AS forecasted_u_st_percentage",forecasted_u_st_percentage,false,true
14900,6,8,151,base_data.finalized_cannibalization_revenue,cannibalization_revenue,false,true
14916,285,,1,tcm.currency_id,currency_id,false,true
14917,285,,2,tcm.currency_name,currency_name,false,true
14918,285,,3,tcm.currency_symbol,currency_symbol,false,true
14919,285,,4,finalized.finalized_sales_units,finalized_sales_units,false,true
14920,285,,5,finalized.finalized_baseline_sales_units,finalized_baseline_sales_units,false,true
14921,285,,6,finalized.finalized_incremental_sales_units,finalized_incremental_sales_units,false,true
14922,285,,7,ia_recommended.sales_units,ia_recommended_sales_units,false,true
14923,285,,8,finalized.finalized_revenue,finalized_revenue,false,true
14924,285,,9,finalized.finalized_baseline_revenue,finalized_baseline_revenue,false,true
14925,285,,10,finalized.finalized_incremental_revenue,finalized_incremental_revenue,false,true
14926,285,,11,ia_recommended.revenue,ia_recommended_revenue,false,true
14927,285,,12,finalized.finalized_margin,finalized_margin,false,true
14928,285,,13,finalized.finalized_baseline_margin,finalized_baseline_margin,false,true
14929,285,,14,finalized.finalized_incremental_margin,finalized_incremental_margin,false,true
14930,285,,15,ia_recommended.margin,ia_recommended_margin,false,true
14931,285,,16,finalized.finalized_margin_percent,finalized_margin_percent,false,true
14932,285,,17,finalized.finalized_contribution_margin,finalized_contribution_margin,false,true
14933,285,,18,ia_recommended.contribution_margin,ia_recommended_contribution_margin,false,true
14934,285,,19,finalized.finalized_contribution_margin_percent,finalized_contribution_margin_percent,false,true
14935,285,,20,finalized.finalized_promo_spend,finalized_promo_spend,false,true
14936,285,,21,finalized.finalized_coupon_spend,finalized_order_discount,false,true
14937,285,,22,"CASE WHEN COALESCE(finalized.finalized_baseline_revenue, 0) = 0 THEN NULL ELSE ROUND((finalized.finalized_baseline_margin * 100 / finalized.finalized_baseline_revenue)::numeric, 2) END",finalized_baseline_margin_percent,false,true
14938,285,,23,"ROUND((finalized.finalized_margin_percent - (CASE WHEN COALESCE(finalized.finalized_baseline_revenue, 0) = 0 THEN NULL ELSE ROUND((finalized.finalized_baseline_margin * 100 / finalized.finalized_baseline_revenue)::numeric, 2) END))::numeric, 2)",finalized_incremental_margin_percent,false,true
14939,285,,24,actualized.sales_units,actualized_sales_units,false,true
14940,285,,25,actualized.baseline_sales_units,actualized_baseline_sales_units,false,true
14941,285,,26,actualized.incremental_sales_units,actualized_incremental_sales_units,false,true
14942,285,,27,actualized.revenue,actualized_revenue,false,true
14943,285,,28,actualized.baseline_revenue,actualized_baseline_revenue,false,true
14944,285,,29,actualized.incremental_revenue,actualized_incremental_revenue,false,true
14945,285,,30,actualized.margin,actualized_margin,false,true
14946,285,,31,actualized.baseline_margin,actualized_baseline_margin,false,true
14947,285,,32,actualized.incremental_margin,actualized_incremental_margin,false,true
14948,285,,33,actualized.margin_percent,actualized_margin_percent,false,true
14949,285,,34,actualized.contribution_revenue,actualized_contribution_revenue,false,true
14950,285,,35,actualized.contribution_margin,actualized_contribution_margin,false,true
14951,285,,36,actualized.contribution_margin_percent,actualized_contribution_margin_percent,false,true
14952,285,,37,actualized.promo_spend,actualized_promo_spend,false,true
14953,285,,38,actualized.coupon_spend,actualized_coupon_spend,false,true
14954,286,,1,SUM(sales_units),actualized_sales_units,false,true
14955,286,,2,SUM(baseline_sales_units),actualized_baseline_sales_units,false,true
14956,286,,3,SUM(incremental_sales_units),actualized_incremental_sales_units,false,true
14957,286,,4,SUM(revenue * afr.planned_conversion_multiplier),actualized_revenue,false,true
14958,286,,5,SUM(baseline_revenue * afr.planned_conversion_multiplier),actualized_baseline_revenue,false,true
14959,286,,6,SUM(incremental_revenue * afr.planned_conversion_multiplier),actualized_incremental_revenue,false,true
14960,286,,7,SUM(margin * afr.planned_conversion_multiplier),actualized_margin,false,true
14961,286,,8,SUM(baseline_margin * afr.planned_conversion_multiplier),actualized_baseline_margin,false,true
14962,286,,9,SUM(incremental_margin * afr.planned_conversion_multiplier),actualized_incremental_margin,false,true
14963,286,,10,"CASE WHEN SUM(revenue) != 0 THEN ROUND((SUM(margin) * 100 / SUM(revenue))::NUMERIC, 2) ELSE 0 END",actualized_margin_percent,false,true
14964,286,,11,"ROUND(SUM(contribution_revenue * afr.planned_conversion_multiplier)::DECIMAL, 2)",actualized_contribution_revenue,false,true
14965,286,,12,"ROUND(SUM(contribution_margin * afr.planned_conversion_multiplier)::DECIMAL, 2)",actualized_contribution_margin,false,true
14966,286,,13,"CASE WHEN SUM(contribution_revenue) != 0 THEN ROUND((SUM(contribution_margin) * 100 / SUM(contribution_revenue))::NUMERIC, 2) ELSE 0 END",actualized_contribution_margin_percent,false,true
14967,286,,14,SUM(promo_spend * afr.planned_conversion_multiplier),actualized_promo_spend,false,true
14968,286,,15,SUM(coupon_spend * afr.planned_conversion_multiplier),actualized_coupon_spend,false,true
14969,287,,1,"SUM(CASE WHEN COALESCE(pofc.is_override_default, false) THEN fsoa.sales_units ELSE fsa.sales_units END)",finalized_sales_units,false,true
14970,287,,2,"SUM(CASE WHEN COALESCE(pofc.is_override_default, false) THEN fsoa.revenue * pfr.planned_conversion_multiplier ELSE fsa.revenue * pfr.planned_conversion_multiplier END)",finalized_revenue,false,true
14971,287,,3,"SUM(CASE WHEN COALESCE(pofc.is_override_default, false) THEN fsoa.margin * pfr.planned_conversion_multiplier ELSE fsa.margin * pfr.planned_conversion_multiplier END)",finalized_margin,false,true
14972,287,,4,"SUM(CASE WHEN COALESCE(pofc.is_override_default, false) THEN fsoa.promo_spend * pfr.planned_conversion_multiplier ELSE fsa.promo_spend * pfr.planned_conversion_multiplier END)",finalized_markdown,false,true
14973,287,,5,"SUM(CASE WHEN COALESCE(pofc.is_override_default, false) THEN fsoa.incremental_revenue * pfr.planned_conversion_multiplier ELSE fsa.incremental_revenue * pfr.planned_conversion_multiplier END)",finalized_incremental_revenue,false,true
14974,287,,6,"SUM(CASE WHEN COALESCE(pofc.is_override_default, false) THEN fsoa.incremental_margin * pfr.planned_conversion_multiplier ELSE fsa.incremental_margin * pfr.planned_conversion_multiplier END)",finalized_incremental_margin,false,true
14975,287,,7,"SUM(CASE WHEN COALESCE(pofc.is_override_default, false) THEN fsoa.baseline_sales_units ELSE fsa.baseline_sales_units END)",baseline_sales_units,false,true
14976,287,,8,"SUM(CASE WHEN COALESCE(pofc.is_override_default, false) THEN fsoa.baseline_revenue * pfr.planned_conversion_multiplier ELSE fsa.baseline_revenue * pfr.planned_conversion_multiplier END)",baseline_revenue,false,true
14977,287,,9,"SUM(CASE WHEN COALESCE(pofc.is_override_default, false) THEN fsoa.baseline_margin * pfr.planned_conversion_multiplier ELSE fsa.baseline_margin * pfr.planned_conversion_multiplier END)",baseline_margin,false,true
14978,287,,10,"SUM(CASE WHEN COALESCE(pofc.is_override_default, false) THEN fsoa.contribution_margin * pfr.planned_conversion_multiplier ELSE fsa.contribution_margin * pfr.planned_conversion_multiplier END)",contribution_margin,false,true
14979,287,,11,"SUM(CASE WHEN COALESCE(pofc.is_override_default, false) THEN fsoa.contribution_revenue * pfr.planned_conversion_multiplier ELSE fsa.contribution_revenue * pfr.planned_conversion_multiplier END)",contribution_revenue,false,true
14980,288,,1,SUM(sales_units),ia_recommended_sales_units,false,true
14981,288,,2,SUM(revenue * pfr.planned_conversion_multiplier),ia_recommended_revenue,false,true
14982,288,,3,SUM(margin * pfr.planned_conversion_multiplier),ia_recommended_margin,false,true
14983,289,,1,SUM(sales_units),actualized_sales_units,false,true
14984,289,,2,SUM(revenue * afr.planned_conversion_multiplier),actualized_revenue,false,true
14985,289,,3,SUM(margin * afr.planned_conversion_multiplier),actualized_margin,false,true
14986,289,,4,SUM(promo_spend * afr.planned_conversion_multiplier),actualized_markdown,false,true
14987,289,,5,SUM(contribution_margin * afr.planned_conversion_multiplier),actualized_contribution_margin,false,true
14988,289,,6,SUM(contribution_revenue * afr.planned_conversion_multiplier),actualized_contribution_revenue,false,true
14989,290,,1,fc.finalized_sales_units,finalized_sales_units,false,true
14990,290,,2,fc.finalized_revenue,finalized_revenue,false,true
14991,290,,3,fc.finalized_margin,finalized_margin,false,true
14992,290,,4,fc.finalized_markdown,finalized_markdown,false,true
14993,290,,5,fc.finalized_incremental_revenue,finalized_incremental_revenue,false,true
14994,290,,6,fc.finalized_incremental_margin,finalized_incremental_margin,false,true
14995,290,,7,fc.baseline_sales_units,baseline_sales_units,false,true
14996,290,,8,fc.baseline_revenue,baseline_revenue,false,true
14997,290,,9,fc.baseline_margin,baseline_margin,false,true
14998,290,,10,fc.contribution_margin,finalized_contribution_margin,false,true
14999,290,,11,"CASE WHEN fc.contribution_revenue != 0 THEN ROUND((fc.contribution_margin * 100 / fc.contribution_revenue)::NUMERIC, 2) ELSE 0 END",finalized_contribution_margin_percent,false,true
15000,290,,12,iac.ia_recommended_sales_units,ia_recommended_sales_units,false,true
15001,290,,13,iac.ia_recommended_revenue,ia_recommended_revenue,false,true
15002,290,,14,iac.ia_recommended_margin,ia_recommended_margin,false,true
15003,290,,15,ac.actualized_sales_units,actualized_sales_units,false,true
15004,290,,16,ac.actualized_revenue,actualized_revenue,false,true
15005,290,,17,ac.actualized_margin,actualized_margin,false,true
15006,290,,18,ac.actualized_markdown,actualized_markdown,false,true
15007,290,,19,ac.actualized_contribution_margin,actualized_contribution_margin,false,true
15008,290,,20,"CASE WHEN ac.actualized_contribution_revenue != 0 THEN ROUND((ac.actualized_contribution_margin * 100 / ac.actualized_contribution_revenue)::NUMERIC, 2) ELSE 0 END",actualized_contribution_margin_percent,false,true
15036,273,,0,ROUND(SUM(a.revenue::numeric)) AS forecasted_revenue,forecasted_revenue,false,true
15037,273,,1,ROUND(SUM(ab.revenue::numeric)) AS actual_revenue,actual_revenue,false,true
15038,273,,2,ROUND(SUM(a.sales_units::numeric)) AS forecasted_sales_units,forecasted_sales_units,false,true
15039,273,,3,ROUND(SUM(ab.sales_units::numeric)) AS actual_sales_units,actual_sales_units,false,true
15040,273,,4,ROUND(SUM(a.margin::numeric)) AS forecasted_gm_amount,forecasted_gm_amount,false,true
15041,273,,5,ROUND(SUM(ab.margin::numeric)) AS actual_gm_amount,actual_gm_amount,false,true
15042,273,,6,"ROUND(COALESCE(SUM(a.margin::numeric) / NULLIF(SUM(a.revenue::numeric), 0), 0) * 100, 2) AS forecasted_gm_percentage",forecasted_gm_percentage,false,true
15043,273,,7,"ROUND(COALESCE(SUM(ab.margin::numeric) / NULLIF(SUM(ab.revenue::numeric), 0), 0) * 100, 2) AS actual_gm_percentage",actual_gm_percentage,false,true
15044,273,,8,ROUND(SUM(a.sales_units::numeric * a.cost::numeric)) AS forecasted_cost_amount,forecasted_cost_amount,false,true
15045,273,,9,ROUND(SUM(ab.sales_units::numeric * ab.cost::numeric)) AS actual_cost_amount,actual_cost_amount,false,true
15046,273,,10,"ROUND(COALESCE(SUM(a.sales_units::numeric) / NULLIF(SUM(a.total_inventory::numeric) + SUM(a.sales_units::numeric), 0), 0) * 100, 2) AS forecasted_u_st_percentage",forecasted_u_st_percentage,false,true
15047,273,,11,"ROUND(COALESCE(SUM(ab.sales_units::numeric) / NULLIF(SUM(ab.total_inventory::numeric) + SUM(a.sales_units::numeric), 0), 0) * 100, 2) AS actual_u_st_percentage",actual_u_st_percentage,false,true
15048,273,,12,ROUND(SUM(a.inv::numeric)) AS forecasted_inventory,forecasted_inventory,false,true
15049,273,,13,ROUND(SUM(ab.inv::numeric)) AS actual_inventory,actual_inventory,false,true
15050,273,,14,"ROUND(ac.num_accepted_stg * 100::numeric, 2) AS strategies_with_ia_recommendation",strategies_with_ia_recommendation,false,true
15051,274,,0,ROUND(SUM(a.revenue::numeric)) AS forecasted_revenue,forecasted_revenue,false,true
15052,274,,1,ROUND(SUM(ab.revenue::numeric)) AS actual_revenue,actual_revenue,false,true
15053,274,,2,ROUND(SUM(a.sales_units::numeric)) AS forecasted_sales_units,forecasted_sales_units,false,true
15054,274,,3,ROUND(SUM(ab.sales_units::numeric)) AS actual_sales_units,actual_sales_units,false,true
15055,274,,4,ROUND(SUM(a.margin::numeric)) AS forecasted_gm_amount,forecasted_gm_amount,false,true
15056,274,,5,ROUND(SUM(ab.margin::numeric)) AS actual_gm_amount,actual_gm_amount,false,true
15057,274,,6,"ROUND(COALESCE(SUM(a.margin::numeric) / NULLIF(SUM(a.revenue::numeric), 0), 0) * 100, 2) AS forecasted_gm_percentage",forecasted_gm_percentage,false,true
15058,274,,7,"ROUND(COALESCE(SUM(ab.margin::numeric) / NULLIF(SUM(ab.revenue::numeric), 0), 0) * 100, 2) AS actual_gm_percentage",actual_gm_percentage,false,true
15059,274,,8,ROUND(SUM(a.sales_units::numeric * a.cost::numeric)) AS forecasted_cost_amount,forecasted_cost_amount,false,true
15060,274,,9,ROUND(SUM(ab.sales_units::numeric * ab.cost::numeric)) AS actual_cost_amount,actual_cost_amount,false,true
15061,274,,10,"ROUND(COALESCE(SUM(a.sales_units::numeric) / NULLIF(SUM(a.total_inventory::numeric) + SUM(a.sales_units::numeric), 0), 0) * 100, 2) AS forecasted_u_st_percentage",forecasted_u_st_percentage,false,true
15062,274,,11,"ROUND(COALESCE(SUM(ab.sales_units::numeric) / NULLIF(SUM(ab.total_inventory::numeric) + SUM(a.sales_units::numeric), 0), 0) * 100, 2) AS actual_u_st_percentage",actual_u_st_percentage,false,true
15063,274,,12,ROUND(SUM(a.inv::numeric)) AS forecasted_inventory,forecasted_inventory,false,true
15064,274,,13,ROUND(SUM(ab.inv::numeric)) AS actual_inventory,actual_inventory,false,true
15065,274,,14,"ROUND(MAX(ac.acc) * 100::numeric, 2) AS strategies_with_ia_recommendation",strategies_with_ia_recommendation,false,true
15066,275,,0,AVG(pf.cost * cc.planned_conversion_multiplier) AS cost,cost,false,true
15067,275,,1,"AVG(COALESCE(tli.total_inventory, 0)) AS total_inventory",total_inventory,false,true
15068,275,,2,SUM(ssd.sales_units) AS sales_units,sales_units,false,true
15069,275,,3,SUM(ssd.revenue * cc.planned_conversion_multiplier) AS revenue,revenue,false,true
15070,275,,4,SUM(ssd.margin * cc.planned_conversion_multiplier) AS margin,margin,false,true
15071,275,,5,MIN(ssd.inv) AS inv,inv,false,true
15072,292,,1,"round((sum(metrics.margin * %1$s)/ NULLIF(sum(metrics.revenue * %1$s),0))::numeric,2)*100",bl_gm_percent,false,true
15073,292,,2,"round((sum(metrics.revenue * %1$s)/ NULLIF(sum(metrics.sales_units),0))::numeric,2)",bl_aur_$,false,true
15074,292,,3,"round((sum(metrics.margin * %1$s) / NULLIF(sum(metrics.sales_units),0))::numeric,2)",bl_aum_$,false,true
15075,292,,4,"round((sum(metrics.revenue * %1$s))::numeric,2)",bl_revenue_$,false,true
15076,292,,5,"round((sum(metrics.margin * %1$s))::numeric,2)",bl_gm_$,false,true
15077,292,,6,"round(sum(metrics.spend * %1$s)::numeric, 2)",bl_markdown_$,false,true
15078,292,,7,round(sum(metrics.sales_units)::numeric),bl_sales_units,false,true
15079,292,,8,"round(1-(sum(metrics.revenue * %1$s)/ NULLIF(sum(metrics.inventory_retail_with_vat * %1$s * metrics.sales_units),0))::numeric,2)",bl_avg_discount,false,true
15080,293,,1,"round((sum(metrics.margin * %1$s)/ NULLIF(sum(metrics.revenue * %1$s),0))::numeric,2)*100",ia_reco_gm_percent,false,true
15081,293,,2,"round((sum(metrics.revenue * %1$s)/ NULLIF(sum(metrics.sales_units),0))::numeric,2)",ia_reco_aur_$,false,true
15082,293,,3,"round((sum(metrics.margin * %1$s) / NULLIF(sum(metrics.sales_units),0))::numeric,2)",ia_reco_aum_$,false,true
15083,293,,4,"round((sum(metrics.revenue * %1$s))::numeric,2)",ia_reco_revenue_$,false,true
15084,293,,5,"round((sum(metrics.margin * %1$s))::numeric,2)",ia_reco_gm_$,false,true
15085,293,,6,"round(sum(metrics.spend * %1$s)::numeric, 2)",ia_reco_markdown_$,false,true
15086,293,,7,round(sum(metrics.sales_units)::numeric),ia_reco_sales_units,false,true
15087,293,,8,"round(1-(sum(metrics.revenue * %1$s)/ NULLIF(sum(metrics.inventory_retail_with_vat * %1$s * metrics.sales_units),0))::numeric,2)",ia_reco_avg_discount,false,true
15088,294,,1,"''gm_dollar'', jsonb_build_object(''bl_override'', array_agg(json_build_object(''timeline'',key, ''value'',bl_gm_$)), ''ia_recommended'', array_agg(json_build_object(''timeline'',key, ''value'',ia_reco_gm_$)))",,false,true
15089,294,,2,"''sales_dollar'', jsonb_build_object(''bl_override'', array_agg(json_build_object(''timeline'',key, ''value'',bl_revenue_$)), ''ia_recommended'', array_agg(json_build_object(''timeline'',key, ''value'',ia_reco_revenue_$)))",,false,true
15090,294,,3,"''sales_unit'', jsonb_build_object(''bl_override'', array_agg(json_build_object(''timeline'',key, ''value'',bl_sales_units)), ''ia_recommended'', array_agg(json_build_object(''timeline'',key, ''value'',ia_reco_sales_units)))",,false,true
15091,294,,4,"''gm_percent'', jsonb_build_object(''bl_override'', array_agg(json_build_object(''timeline'',key, ''value'',bl_gm_percent)), ''ia_recommended'', array_agg(json_build_object(''timeline'',key, ''value'',ia_reco_gm_percent)))",,false,true
15092,294,,5,"''aur'', jsonb_build_object(''bl_override'', array_agg(json_build_object(''timeline'',key, ''value'',bl_aur_$)), ''ia_recommended'', array_agg(json_build_object(''timeline'',key, ''value'',ia_reco_aur_$)))",,false,true
15093,294,,6,"''aum'', jsonb_build_object(''bl_override'', array_agg(json_build_object(''timeline'',key, ''value'',bl_aum_$)), ''ia_recommended'', array_agg(json_build_object(''timeline'',key, ''value'',ia_reco_aum_$)))",,false,true
15094,294,,7,"''markdown_dollar'', jsonb_build_object(''bl_override'', array_agg(json_build_object(''timeline'',key, ''value'',bl_markdown_$)), ''ia_recommended'', array_agg(json_build_object(''timeline'',key, ''value'',ia_reco_markdown_$)))",,false,true
15095,294,,8,"''average_discount'', jsonb_build_object(''bl_override'', array_agg(json_build_object(''timeline'',key, ''value'',bl_avg_discount)), ''ia_recommended'', array_agg(json_build_object(''timeline'',key, ''value'',ia_reco_avg_discount)))",,false,true
15096,294,,9,"''inventory_cost'', jsonb_build_object(''bl_override'', array_agg(json_build_object(''timeline'',key, ''value'',bl_inventory_cost)), ''ia_recommended'', array_agg(json_build_object(''timeline'',key, ''value'',ia_reco_inventory_cost)))",,false,true
15097,294,,10,"''inventory_retail'', jsonb_build_object(''bl_override'', array_agg(json_build_object(''timeline'',key, ''value'',bl_inventory_retail)), ''ia_recommended'', array_agg(json_build_object(''timeline'',key, ''value'',ia_reco_inventory_retail)))",,false,true
15098,294,,11,"''inventory'', jsonb_build_object(''bl_override'', array_agg(json_build_object(''timeline'',key, ''value'',bl_inventory)), ''ia_recommended'', array_agg(json_build_object(''timeline'',key, ''value'',ia_reco_inventory)))",,false,true
15110,295,,1,"round((sum(sm.margin * %7$s)/ NULLIF(sum(sm.revenue * %7$s),0))::numeric,2)*100",bl_gm_percent,false,true
15111,295,,2,"round((sum(sm.margin * %7$s) / NULLIF(sum(sm.sales_units),0))::numeric,2)",bl_aum_$,false,true
15112,295,,3,"round((sum(sm.revenue * %7$s)/ NULLIF(sum(sm.sales_units),0))::numeric,2)",bl_aur_$,false,true
15113,295,,4,"round((sum(sm.revenue * %7$s))::numeric,2)",bl_revenue_$,false,true
15114,295,,5,"round((sum(sm.margin * %7$s))::numeric,2)",bl_gm_$,false,true
15115,295,,6,"round(sum(sm.spend * %7$s)::numeric, 2)",bl_markdown_$,false,true
15116,295,,7,"round(%2$L::numeric, 2)",bl_inventory_cost,false,true
15117,295,,8,"round(%3$L::numeric, 2)",bl_inventory_retail,false,true
15118,295,,9,round(sum(sm.sales_units)::numeric),bl_sales_units,false,true
15119,295,,10,"round(1-(sum(sm.revenue * %7$s)/ NULLIF(sum(sm.inventory_retail_with_vat * %7$s * sm.sales_units),0))::numeric,2)",bl_avg_discount,false,true
15120,295,,11,round(%1$L::numeric),bl_inventory,false,true
15121,296,,1,"round((sum(sir.margin * %7$s)/ NULLIF(sum(sir.revenue * %7$s),0))::numeric,2)*100",ia_reco_gm_percent,false,true
15122,296,,2,"round((sum(sir.margin * %7$s) / NULLIF(sum(sir.sales_units),0))::numeric,2)",ia_reco_aum_$,false,true
15123,296,,3,"round((sum(sir.revenue * %7$s)/ NULLIF(sum(sir.sales_units),0))::numeric,2)",ia_reco_aur_$,false,true
15124,296,,4,"round((sum(sir.revenue * %7$s))::numeric,2)",ia_reco_revenue_$,false,true
15125,296,,5,"round((sum(sir.margin * %7$s))::numeric,2)",ia_reco_gm_$,false,true
15126,296,,6,"round(sum(sir.spend * %7$s)::numeric, 2)",ia_reco_markdown_$,false,true
15127,296,,7,"round(%5$L::numeric, 2)",ia_reco_inventory_cost,false,true
15128,296,,8,"round(%6$L::numeric, 2)",ia_reco_inventory_retail,false,true
15129,296,,9,round(sum(sir.sales_units)::numeric),ia_reco_sales_units,false,true
15130,296,,10,"round(1-(sum(sir.revenue * %7$s)/ NULLIF(sum(sir.inventory_retail_with_vat * %7$s * sir.sales_units),0))::numeric,2)",ia_reco_avg_discount,false,true
15131,296,,11,round(%4$L::numeric),ia_reco_inventory,false,true
15132,297,,1,"''gm_dollar'', jsonb_build_object(''bl_override'', jsonb_build_object(''value'', bl_gm_$), ''ia_recommended'', json_build_object(''value'', ia_reco_gm_$, ''trend'', case when bl_gm_$ < ia_reco_gm_$ then ''up'' when bl_gm_$ > ia_reco_gm_$ then ''down'' else '''' end))",,false,true
15133,297,,2,"''sales_dollar'', jsonb_build_object(''bl_override'', json_build_object(''value'', bl_revenue_$), ''ia_recommended'', json_build_object(''value'', ia_reco_revenue_$, ''trend'', case when bl_revenue_$ < ia_reco_revenue_$ then ''up'' when bl_revenue_$ > ia_reco_revenue_$ then ''down'' else '''' end))",,false,true
15134,297,,3,"''sales_unit'', jsonb_build_object(''bl_override'', json_build_object(''value'', bl_sales_units), ''ia_recommended'', json_build_object(''value'', ia_reco_sales_units, ''trend'', case when bl_sales_units < ia_reco_sales_units then ''up'' when bl_sales_units > ia_reco_sales_units then ''down'' else '''' end))",,false,true
15135,297,,4,"''gm_percent'', jsonb_build_object(''bl_override'', json_build_object(''value'', bl_gm_percent), ''ia_recommended'', json_build_object(''value'', ia_reco_gm_percent, ''trend'', case when bl_gm_percent < ia_reco_gm_percent then ''up'' when bl_gm_percent > ia_reco_gm_percent then ''down'' else '''' end))",,false,true
15136,297,,5,"''aur'', jsonb_build_object(''bl_override'', json_build_object(''value'', bl_aur_$), ''ia_recommended'', json_build_object(''value'', ia_reco_aur_$, ''trend'', case when bl_aur_$ < ia_reco_aur_$ then ''up'' when bl_aur_$ > ia_reco_aur_$ then ''down'' else '''' end))",,false,true
15137,297,,6,"''aum'', jsonb_build_object(''bl_override'', json_build_object(''value'', bl_aum_$), ''ia_recommended'', json_build_object(''value'', ia_reco_aum_$, ''trend'', case when bl_aum_$ < ia_reco_aum_$ then ''up'' when bl_aum_$ > ia_reco_aum_$ then ''down'' else '''' end))",,false,true
15138,297,,7,"''markdown_dollar'', jsonb_build_object(''bl_override'', json_build_object(''value'', bl_markdown_$), ''ia_recommended'', json_build_object(''value'', ia_reco_markdown_$, ''trend'', case when bl_markdown_$ < ia_reco_markdown_$ then ''up'' when bl_markdown_$ > ia_reco_markdown_$ then ''down'' else '''' end))",,false,true
15139,297,,8,"''average_discount'', jsonb_build_object(''bl_override'', json_build_object(''value'', bl_avg_discount), ''ia_recommended'', json_build_object(''value'', ia_reco_avg_discount, ''trend'', case when bl_avg_discount < ia_reco_avg_discount then ''up'' when bl_avg_discount > ia_reco_avg_discount then ''down'' else '''' end))",,false,true
15140,297,,9,"''inventory_cost'', jsonb_build_object(''bl_override'', json_build_object(''value'', bl_inventory_cost), ''ia_recommended'', json_build_object(''value'', ia_reco_inventory_cost, ''trend'', case when bl_inventory_cost < ia_reco_inventory_cost then ''up'' when bl_inventory_cost > ia_reco_inventory_cost then ''down'' else '''' end))",,false,true
15141,297,,10,"''inventory_retail'', jsonb_build_object(''bl_override'', json_build_object(''value'', bl_inventory_retail), ''ia_recommended'', json_build_object(''value'', ia_reco_inventory_retail, ''trend'', case when bl_inventory_retail < ia_reco_inventory_retail then ''up'' when bl_inventory_retail > ia_reco_inventory_retail then ''down'' else '''' end))",,false,true
15142,297,,11,"''inventory'', jsonb_build_object(''bl_override'', json_build_object(''value'', bl_inventory), ''ia_recommended'', json_build_object(''value'', ia_reco_inventory, ''trend'', case when bl_inventory < ia_reco_inventory then ''up'' when bl_inventory > ia_reco_inventory then ''down'' else '''' end))",,false,true
15154,276,,0,"round(a.revenue::numeric) AS ""Forecasted Sales $""",Forecasted Sales $,false,true
15155,276,,1,"round(ab.revenue::numeric) AS ""Actual Sales $""",Actual Sales $,false,true
15156,276,,2,"round(a.sales_units::numeric) AS ""Forecasted Sales U""",Forecasted Sales U,false,true
15157,276,,3,"round(ab.sales_units::numeric) AS ""Actual Sales U""",Actual Sales U,false,true
15158,276,,4,"round(a.margin::numeric) AS ""Forecasted GM $""",Forecasted GM $,false,true
15159,276,,5,"round(ab.margin::numeric) AS ""Actual GM $""",Actual GM $,false,true
15215,307,,1,st.strategy_name,strategy_name,false,true
15216,307,,2,st.start_date,start_date,false,true
15217,307,,3,st.end_date,end_date,false,true
15218,307,,4,st.strategy_duration,strategy_duration,false,true
15219,307,,5,st.product_recommendation_level,product_recommendation_level,false,true
15220,307,,6,st.store_recommendation_level,store_recommendation_level,false,true
15221,307,,7,st.product_recommendation_level_name,product_recommendation_level_name,false,true
15222,307,,8,st.store_recommendation_level_name,store_recommendation_level_name,false,true
15223,307,,9,store_oh,store_oh,false,true
15224,307,,10,doic.dc_oh,dc_oh,false,true
15225,307,,11,ooc.on_order,on_order,false,true
15226,307,,12,tsc.total_stores_count,total_stores_count,false,true
15227,307,,13,(select store_count from {markdown_schema}.tb_strategy_sku_store_count where strategy_id = {strategy_id}),selected_stores_count,false,true
15228,307,,14,(select sku_count from {markdown_schema}.tb_strategy_sku_store_count where strategy_id = {strategy_id}),total_sku_count,false,true
15229,307,,15,case when lwp.lw_recommended_offer_percentage = -1 then null else lwp.lw_recommended_offer_percentage end,lw_recommended_offer_percentage,false,true
15230,307,,16,store_in_transit,store_in_transit,false,true
15231,308,,1,st.strategy_name,strategy_name,false,true
15232,308,,2,st.start_date,start_date,false,true
15233,308,,3,st.end_date,end_date,false,true
15234,308,,4,st.strategy_duration,strategy_duration,false,true
15235,308,,5,doic.dc_oh,dc_oh,false,true
15236,308,,6,ooc.on_order,on_order,false,true
15237,308,,7,store_oh,store_oh,false,true
15238,308,,8,store_in_transit,store_in_transit,false,true
15239,309,,1,tsr.strategy_rule_id,strategy_rule_id,false,true
15240,309,,2,obj.strategy_id,strategy_id,false,true
15241,309,,3,obc.value_format,value_format,false,true
15242,309,,4,1,constraint_type,false,true
15243,309,,5,null::decimal,min_value,false,true
15244,309,,6,null::decimal,max_value,false,true
15245,309,,7,array[]::integer[],applicable_value,false,true
15246,309,,8,tso.objective_value::decimal,target_value,false,true
15247,309,,9,case when tsr.rule_flexibility_type_id is null then 0 else tsr.rule_flexibility_type_id end,rule_flexibility_type_id,false,true
15248,309,,10,tsr.priority,priority,false,true
15249,309,,11,tso.strategy_objective_id,constraint_id,false,true
15250,309,,12,obj.objective_display_name::text,rule_name,false,true
15251,309,,13,case when tsr.status is null then false when tsr.status = 1 then true else false end,is_disabled,false,true
15252,309,,14,true,enable_target_value,false,true
15253,309,,15,false,enable_min_value,false,true
15254,309,,16,false,enable_max_value,false,true
15255,309,,17,false,enable_applicable_value,false,true
15256,309,,18,false,enable_flexibility_type,false,true
15257,309,,19,false,show_disable_button,false,true
15258,309,,20,'textbox',input_type,false,true
15259,309,,21,0,max_allowed_weeks,false,true
15260,309,,22,obc.min_applicable_value,min_applicable_value,false,true
15261,309,,23,obc.max_applicable_value,max_applicable_value,false,true
15262,309,,24,array[]::integer[],applicable_value_range,false,true
15263,309,,25,null::jsonb,additional_config,false,true
15264,309,,26,false,is_custom_rule,false,true
15265,309,,27,obj.objective_type_id,objective_type_id,false,true
15266,309,,28,case when dp.strategy_id is null then obj.show_default when tso.strategy_objective_id is null then false else true end,is_objective_added,false,true
15267,309,,29,obj.show_default,show_default,false,true
15268,269,,1,"COALESCE(tli.total_inventory::numeric, 0) AS total_inventory",total_inventory,false,true
15270,269,,2,(psp.current_price * cc.planned_conversion_multiplier)::numeric AS current_price,current_price,false,true
15271,269,,4,(pf.cost * cc.planned_conversion_multiplier)::numeric AS cost,cost,false,true
15272,269,,5,(pf.msrp * cc.planned_conversion_multiplier)::numeric AS msrp,msrp,false,true
15273,269,,6,ssm.price AS price,price,false,true
15274,269,,7,pf.lifecycle_indicator::text AS lifecycle_indicator,lifecycle_indicator,false,true
15275,269,,8,sc.fin_markdown_type AS markdown_type,markdown_type,false,true
15276,269,,0,(sc.fin_discount * cc.planned_conversion_multiplier)::numeric AS effective_price_point,effective_price_point,false,true
15277,270,,0,"COALESCE(ROUND(SUM(cost * total_inventory) / NULLIF(SUM(total_inventory), 0), 2), 0) AS ""WAC""",WAC,false,true
15278,270,,1,"COALESCE(ROUND(SUM(current_price * total_inventory) / NULLIF(SUM(total_inventory), 0), 2), 0) AS ""Current WAR""",Current WAR,false,true
15279,270,,2,"COALESCE(ROUND(SUM(effective_price_point * total_inventory) / NULLIF(SUM(total_inventory), 0), 2), 0) AS ""New WAR""",New WAR,false,true
15280,270,,3,"COALESCE(ROUND(SUM(msrp * total_inventory) / NULLIF(SUM(total_inventory), 0), 2), 0) AS ""MSRP""",MSRP,false,true
15281,270,,4,"ROUND(SUM(total_inventory)) AS ""Inv U""",Inv U,false,true
15282,270,,5,"ROUND(SUM(total_inventory * cost)) AS ""Inv $ C""",Inv $ C,false,true
15283,270,,6,"ROUND(SUM(total_inventory * current_price)) AS ""Inv $ R Curr""",Inv $ R Curr,false,true
15284,270,,7,"ROUND(SUM(total_inventory * effective_price_point)) AS ""Inv $ R New""",Inv $ R New,false,true
15285,270,,8,"COALESCE(ROUND((SUM(current_price * total_inventory) - SUM(cost * total_inventory)) / NULLIF(SUM(cost * total_inventory), 0)), 0) AS ""Prev MU""",Prev MU,false,true
15286,270,,9,"COALESCE(ROUND((SUM(effective_price_point * total_inventory) - SUM(cost * total_inventory)) / NULLIF(SUM(cost * total_inventory), 0)), 0) AS ""New MU""",New MU,false,true
15287,270,,10,"CASE WHEN SUM(total_inventory) > 0 THEN ROUND(SUM(markdown_percentage * total_inventory) / NULLIF(SUM(total_inventory), 0), 2) ELSE AVG(markdown_percentage) END AS ""MD %""",MD %,false,true
15288,270,,11,"SUM(CASE WHEN total_inventory > 0 THEN 1 ELSE 0 END) AS ""# Locations OH""",# Locations OH,false,true
15289,270,,12,"SUM(CASE WHEN total_inventory > 0 THEN 1 ELSE 0 END) AS ""# Locations MD""",# Locations MD,false,true
15290,270,,13,"COUNT(DISTINCT product_id) AS ""# Styles""",# Styles,false,true
15291,270,,14,"ROUND(COALESCE(SUM(CASE WHEN (lifecycle_indicator::text IS DISTINCT FROM markdown_type::text) THEN (total_inventory * cost) ELSE 0 END) / NULLIF(SUM(CASE WHEN (lifecycle_indicator::text IS DISTINCT FROM 'REGULAR PRICE') THEN (total_inventory * cost) ELSE 0 END), 0), 0) * 100, 2) AS ""New Reg MD $ C Pen% of TTL Reg Inv $ C""",New Reg MD $ C Pen% of TTL Reg Inv $ C,false,true
15292,270,,15,"ROUND(COALESCE(SUM(CASE WHEN (lifecycle_indicator::text IS DISTINCT FROM markdown_type::text) THEN (total_inventory * cost) ELSE 0 END) / NULLIF(SUM(CASE WHEN lifecycle_indicator::text = 'REGULAR PRICE' THEN (total_inventory * cost) ELSE 0 END), 0), 0) * 100, 2) AS ""New Red MD $ C Pen% of TTL Red Inv $ C""",New Red MD $ C Pen% of TTL Red Inv $ C,false,true
15293,269,,3,sc.fin_discount::numeric AS markdown_percentage,markdown_percentage,false,true
15471,310,,1,rowId,,false,true
15472,310,,2,is_footer_row,,false,true
15473,310,,3,min(is_row_locked)::bool,is_row_locked,false,true
15474,310,,4,s.product_level_id,,false,true
15475,310,,5,s.product_level_value,,false,true
15476,310,,6,s.store_level_id,,false,true
15477,310,,7,s.store_level_value,,false,true
15478,310,,8,cw_offer_percentage,,false,true
15479,310,,9,min(recommended_offer_percentage),min_offer_value,false,true
15480,310,,10,max(recommended_offer_percentage),max_offer_value,false,true
15481,310,,11,brand,,false,true
15482,310,,12,division,,false,true
15483,310,,13,department,,false,true
15484,310,,14,style,,false,true
15485,310,,15,color,,false,true
15486,310,,16,size,,false,true
15487,310,,17,product_name,,false,true
15488,310,,18,age,,false,true
15489,310,,19,base_price,,false,true
15490,310,,20,"bool_or(coalesce(show_alert, false))",show_alert,false,true
15491,310,,21,max(sales_units_diff),sales_units_diff,false,true
15492,310,,22,max(ia_discount_next_pcd),ia_discount_next_pcd,false,true
15493,310,,23,max(upcoming_pcd_id),upcoming_pcd_id,false,true
15494,311,,1,s.product_level_id,,false,true
15495,311,,2,s.product_level_value,,false,true
15496,311,,3,s.store_level_id,,false,true
15497,311,,4,s.store_level_value,,false,true
15498,311,,5,rowId,,false,true
15499,311,,6,is_footer_row,,false,true
15500,311,,7,cw_offer_percentage,,false,true
15501,311,,8,cw_incremental_discount,,false,true
15502,311,,9,cw_effective_price_point,,false,true
15503,311,,10,brand,,false,true
15504,311,,11,division,,false,true
15505,311,,12,department,,false,true
15506,311,,13,style,,false,true
15507,311,,14,color,,false,true
15508,311,,15,size,,false,true
15509,311,,16,product_name,,false,true
15510,311,,17,age,,false,true
15511,311,,18,base_price,,false,true
15512,315,,1,ppm.custom_product_level_id,,false,true
15513,315,,2,ppm.custom_store_level_id,,false,true
15514,315,,3,cw.cw_offer_percentage,,false,true
15515,315,,4,cw.cw_incremental_discount,,false,true
15516,315,,5,cw.cw_effective_price_point,,false,true
15517,315,,6,pa.brand,,false,true
15518,315,,7,pa.division,,false,true
15519,315,,8,pa.department,,false,true
15520,315,,9,pa.style,,false,true
15521,315,,10,pa.color,,false,true
15522,315,,11,pa.size,,false,true
15523,315,,12,pa.product_name,,false,true
15524,315,,13,pa.age,,false,true
15525,315,,14,"round(avg(bd_base.average_retail_price)::decimal, 2)::float8",base_price,false,true
15526,312,,1,rowId,,false,true
15527,312,,2,is_footer_row,,false,true
15528,312,,3,is_row_locked::bool,is_row_locked,false,true
15529,312,,4,s.product_level_id::int,product_level_id,false,true
15530,312,,5,s.product_level_value,,false,true
15531,312,,6,s.store_level_id::int,store_level_id,false,true
15532,312,,7,s.store_level_value,,false,true
15533,312,,8,cw_offer_percentage::float8,cw_offer_percentage,false,true
15534,312,,9,null::float8,min_offer_value,false,true
15535,312,,10,null::float8,max_offer_value,false,true
15536,312,,11,pcd_metrics,,false,true
15537,312,,12,s.ia_pcd_metrics,,false,true
15538,312,,13,cw_incremental_discount,,false,true
15539,312,,14,cw_effective_price_point,,false,true
15540,312,,15,s.brand,,false,true
15541,312,,16,s.division,,false,true
15542,312,,17,s.department,,false,true
15543,312,,18,s.style,,false,true
15544,312,,19,s.color,,false,true
15545,312,,20,s.size,,false,true
15546,312,,21,s.product_name,,false,true
15547,312,,22,s.age::float8,age,false,true
15548,312,,23,s.base_price,,false,true
15549,312,,24,"coalesce(s.show_alert, false)",show_alert,false,true
15550,312,,25,s.sales_units_diff,,false,true
15551,312,,26,s.ia_discount_next_pcd,,false,true
15552,312,,27,s.upcoming_pcd_id,,false,true
15553,313,,1,rowId,,false,true
15554,313,,2,is_footer_row,,false,true
15555,313,,3,is_row_locked,,false,true
15556,313,,4,tbl2.product_level_id,,false,true
15557,313,,5,product_level_value,,false,true
15558,313,,6,tbl2.store_level_id,,false,true
15559,313,,7,store_level_value,,false,true
15560,313,,8,cw_offer_percentage,,false,true
15561,313,,9,min_offer_value,,false,true
15562,313,,10,max_offer_value,,false,true
15563,313,,11,pcd_metrics,,false,true
15564,313,,12,ia_pcd_metrics,,false,true
15565,313,,13,cw_incremental_discount,,false,true
15566,313,,14,cw_effective_price_point,,false,true
15567,313,,15,brand,,false,true
15568,313,,16,division,,false,true
15569,313,,17,department,,false,true
15570,313,,18,style,,false,true
15571,313,,19,color,,false,true
15572,313,,20,size,,false,true
15573,313,,21,product_name,,false,true
15574,313,,22,age,,false,true
15575,313,,23,base_price,,false,true
15576,313,,24,show_alert,,false,true
15577,313,,25,sales_units_diff,,false,true
15578,313,,26,ia_discount_next_pcd,,false,true
15579,313,,27,upcoming_pcd_id,,false,true
15580,314,,1,rowId,,false,true
15581,314,,2,is_footer_row,,false,true
15582,314,,3,false,is_row_locked,false,true
15583,314,,4,product_level_id,,false,true
15584,314,,5,product_level_value,,false,true
15585,314,,6,store_level_id,,false,true
15586,314,,7,store_level_value,,false,true
15587,314,,8,cw_offer_percentage,,false,true
15588,314,,9,null::float8,min_offer_value,false,true
15589,314,,10,null::float8,max_offer_value,false,true
15590,314,,11,pcd_metrics,,false,true
15591,314,,12,ia_pcd_metrics,,false,true
15592,314,,13,cw_incremental_discount,,false,true
15593,314,,14,cw_effective_price_point,,false,true
15594,314,,15,null::text[],brand,false,true
15595,314,,16,null::text[],division,false,true
15596,314,,17,null::text[],department,false,true
15597,314,,18,null::text[],style,false,true
15598,314,,19,null::text[],color,false,true
15599,314,,20,null::text[],size,false,true
15600,314,,21,null::text[],product_name,false,true
15601,314,,22,null::float8,age,false,true
15602,314,,23,null::float8,base_price,false,true
15603,314,,24,"bool_or(coalesce(show_alert, false))",show_alert,false,true
15604,314,,25,max(sales_units_diff),sales_units_diff,false,true
15605,314,,26,max(ia_discount_next_pcd),ia_discount_next_pcd,false,true
15606,314,,27,max(upcoming_pcd_id),upcoming_pcd_id,false,true
15607,316,,1,ppm.custom_product_level_id,,false,true
15608,316,,2,ppm.custom_store_level_id,,false,true
15609,316,,3,cw.cw_offer_percentage,,false,true
15610,316,,4,cw.cw_incremental_discount,,false,true
15611,316,,5,cw.cw_effective_price_point,,false,true
15612,316,,6,pa.brand,,false,true
15613,316,,7,pa.division,,false,true
15614,316,,8,pa.department,,false,true
15615,316,,9,pa.style,,false,true
15616,316,,10,pa.color,,false,true
15617,316,,11,pa.size,,false,true
15618,316,,12,pa.product_name,,false,true
15619,316,,13,pa.age,,false,true
15620,317,,1,tbl2.rowid,,false,true
15621,317,,2,tbl2.is_footer_row,,false,true
15622,317,,3,tbl2.is_row_locked,,false,true
15623,317,,4,tbl2.custom_product_level_id,product_level_id,false,true
15624,317,,5,tbl2.product_level_value,,false,true
15625,317,,6,tbl2.custom_store_level_id,store_level_id,false,true
15626,317,,7,tbl2.store_level_value,,false,true
15627,317,,8,tbl2.cw_offer_percentage,,false,true
15628,317,,9,null::float8,min_offer_value,false,true
15629,317,,10,null::float8,max_offer_value,false,true
15630,317,,11,tbl2.pcd_metrics,,false,true
15631,317,,12,tbl2.ia_pcd_metrics,,false,true
15632,317,,13,tbl2.cw_incremental_discount,,false,true
15633,317,,14,tbl2.cw_effective_price_point,,false,true
15634,317,,15,tbl2.brand,,false,true
15635,317,,16,tbl2.division,,false,true
15636,317,,17,tbl2.department,,false,true
15637,317,,18,tbl2.style,,false,true
15638,317,,19,tbl2.color,,false,true
15639,317,,20,tbl2.size,,false,true
15640,317,,21,tbl2.product_name,,false,true
15641,317,,22,tbl2.age,,false,true
15642,317,,23,tbl2.base_price,,false,true
15643,317,,24,null::boolean,show_alert,false,true
15644,317,,25,null::float8,sales_units_diff,false,true
15645,317,,26,null::float8,ia_discount_next_pcd,false,true
15646,317,,27,null::integer,upcoming_pcd_id,false,true
15647,318,,1,f.rowid,,false,true
15648,318,,2,f.is_footer_row,,false,true
15649,318,,3,f.is_row_locked,,false,true
15650,318,,4,f.custom_product_level_id,product_level_id,false,true
15651,318,,5,f.product_level_value,,false,true
15652,318,,6,f.custom_store_level_id,store_level_id,false,true
15653,318,,7,f.store_level_value,,false,true
15654,318,,8,f.cw_offer_percentage,,false,true
15655,318,,9,null::float8,min_offer_value,false,true
15656,318,,10,null::float8,max_offer_value,false,true
15657,318,,11,f.pcd_metrics,,false,true
15658,318,,12,f.ia_pcd_metrics,,false,true
15659,318,,13,f.cw_incremental_discount,,false,true
15660,318,,14,f.cw_effective_price_point,,false,true
15661,318,,15,f.brand,,false,true
15662,318,,16,f.division,,false,true
15663,318,,17,f.department,,false,true
15664,318,,18,f.style,,false,true
15665,318,,19,f.color,,false,true
15666,318,,20,f.size,,false,true
15667,318,,21,f.product_name,,false,true
15668,318,,22,f.age,,false,true
15669,318,,23,f.base_price,,false,true
15670,318,,24,null::boolean,show_alert,false,true
15671,318,,25,null::float8,sales_units_diff,false,true
15672,318,,26,null::float8,ia_discount_next_pcd,false,true
15673,318,,27,null::integer,upcoming_pcd_id,false,true
15674,319,,1,rowId,,false,true
15675,319,,2,is_footer_row,,false,true
15676,319,,3,false,is_row_locked,false,true
15677,319,,4,product_level_id::int,product_level_id,false,true
15678,319,,5,product_level_value,,false,true
15679,319,,6,store_level_id::int,store_level_id,false,true
15680,319,,7,store_level_value,,false,true
15681,319,,8,cw_offer_percentage::float8,cw_offer_percentage,false,true
15682,319,,9,null::float8,min_offer_value,false,true
15683,319,,10,null::float8,max_offer_value,false,true
15684,319,,11,pcd_metrics,,false,true
15685,319,,12,ia_pcd_metrics,,false,true
15686,319,,13,cw_incremental_discount,,false,true
15687,319,,14,cw_effective_price_point,,false,true
15688,319,,15,null::text[],brand,false,true
15689,319,,16,null::text[],division,false,true
15690,319,,17,null::text[],department,false,true
15691,319,,18,null::text[],style,false,true
15692,319,,19,null::text[],color,false,true
15693,319,,20,null::text[],size,false,true
15694,319,,21,null::text[],product_name,false,true
15695,319,,22,null::float8,age,false,true
15696,319,,23,null::float8,base_price,false,true
15697,319,,24,null::boolean,show_alert,false,true
15698,319,,25,null::float8,sales_units_diff,false,true
15699,319,,26,null::float8,ia_discount_next_pcd,false,true
15700,319,,27,null::integer,upcoming_pcd_id,false,true
15701,3,,9,l6_cuq,Customer Choice,true,true
15702,3,12,176,actualized_incremental_margin,Actualized Incremental Margin$,false,true
15703,3,1,177,actualized_incremental_sales_units,Actualized Incremental Sales Units,false,true
15704,3,6,178,actualized_incremental_revenue,Actualized Incremental Revenue,false,true
15705,320,,0,pm.currency_id,,false,true
15706,320,,1,pm.product_id,,false,true
15707,320,,2,pm.cost,,false,true
15708,320,,3,pm.msrp_with_vat,msrp,false,true
15709,320,,4,pm.current_price_with_vat,current_price,false,true
15710,320,,5,pm.status,lifecycle_indicator,false,true
15711,321,,0,pm.currency_id,,false,true
15712,321,,1,pm.product_id,,false,true
15713,321,,2,pm.cost,,false,true
15721,323,,0,strategy_id,,false,true
15722,323,,1,product_level_id,,false,true
15723,323,,2,store_level_id,,false,true
15724,323,,3,product_id,,false,true
15725,323,,4,store_id,,false,true
15726,323,,5,pcd_id,,false,true
15727,322,,0,strategy_id,,false,true
15728,322,,1,product_level_id,,false,true
15729,322,,2,store_level_id,,false,true
15730,322,,3,product_id,,false,true
15731,322,,4,store_id,,false,true
15732,322,,5,pcd_id,,false,true
15733,322,,6,recommendation_date,,false,true
15734,322,,7,SUM(sales_units) AS sales_units,sales_units,false,true
15735,322,,8,SUM(revenue) AS revenue,revenue,false,true
15736,322,,9,SUM(margin) AS margin,margin,false,true
15737,323,,7,recommendation_date,,false,true
15738,324,,0,pm.product_id,,false,true
15739,324,,1,pm.cost,,false,true
15740,324,,2,pm.currency_id,,false,true
15741,325,,0,pm.product_id,,false,true
15742,325,,1,pm.cost,,false,true
15743,325,,2,pm.currency_id,,false,true
15744,326,,0,strategy_id,,false,true
15745,326,,1,product_level_id,,false,true
15746,326,,2,product_id,,false,true
15747,326,,3,store_id,,false,true
15748,326,,4,store_level_id,,false,true
15749,326,,5,pcd_id,,false,true
15750,326,,6,recommendation_date,,false,true
15751,326,,7,SUM(sales_units) AS sales_units,sales_units,false,true
15752,326,,8,SUM(revenue) AS revenue,revenue,false,true
15753,326,,9,SUM(margin) AS margin,margin,false,true
15754,326,,10,MIN(rem_inv) AS inv,inv,false,true
15755,327,,0,strategy_id,,false,true
15756,327,,1,product_level_id,,false,true
15757,327,,2,product_id,,false,true
15758,327,,3,store_id,,false,true
15759,327,,4,store_level_id,,false,true
15760,327,,5,pcd_id,,false,true
15761,327,,6,recommendation_date,,false,true
15762,328,,0,am.strategy_id,,false,true
15763,328,,1,"COALESCE(sm.strategy_name, '') AS strategy_name",strategy_name,false,true
15764,328,,2,am.pcd_start_date,,false,true
15765,328,,3,"COALESCE(am.pcd_end_date, am.pcd_start_date) AS pcd_end_date",pcd_end_date,false,true
15766,328,,4,am.product_level_id,,false,true
15767,328,,5,am.store_level_id,,false,true
15768,328,,6,am.pcd_id,,false,true
15769,329,,0,sc.strategy_id,,false,true
15770,329,,1,sc.strategy_name,,false,true
15771,329,,2,sd.product_level_id,,false,true
15772,329,,3,sd.store_level_id,,false,true
15773,329,,4,sd.markdown_percentage,,false,true
15774,329,,5,sd.markdown_type,,false,true
15775,329,,6,sc.pcd_start_date,,false,true
15776,329,,7,sc.pcd_end_date,,false,true
15777,330,,0,sc.strategy_id,,false,true
15778,330,,1,sc.strategy_name,,false,true
15779,330,,2,sd.product_level_id,,false,true
15780,330,,3,sd.store_level_id,,false,true
15781,330,,4,sd.markdown_percentage,,false,true
15782,330,,5,sd.markdown_type,,false,true
15783,330,,6,sc.pcd_id,,false,true
15784,330,,7,sc.pcd_start_date,,false,true
15785,330,,8,sc.pcd_end_date,,false,true
15786,331,,0,am.strategy_id,,false,true
15787,331,,1,"COALESCE(sm.strategy_name, '') AS strategy_name",strategy_name,false,true
15788,331,,2,am.pcd_start_date,,false,true
15789,331,,3,"COALESCE(am.pcd_end_date, am.pcd_start_date) AS pcd_end_date",pcd_end_date,false,true
15790,331,,4,am.product_level_id,,false,true
15791,331,,5,am.store_level_id,,false,true
15792,331,,6,am.pcd_id,,false,true
15795,291,,1,tcm.currency_id,currency_id,false,true
15796,291,,2,tcm.currency_name,currency_name,false,true
15797,291,,3,tcm.currency_symbol,currency_symbol,false,true
15798,291,,4,fc.finalized_sales_units::float,finalized_sales_units,false,true
15799,291,,5,fc.finalized_revenue::float,finalized_revenue,false,true
15800,291,,6,fc.finalized_margin::float,finalized_margin,false,true
15801,291,,7,(CASE WHEN fc.finalized_revenue != 0 THEN (fc.finalized_margin / fc.finalized_revenue) * 100 ELSE 0 END)::float,finalized_margin_percent,false,true
15802,291,,8,fc.finalized_promo_spend::float,finalized_markdown,false,true
15803,291,,9,iac.sales_units::float,ia_recommended_sales_units,false,true
15804,291,,10,iac.revenue::float,ia_recommended_revenue,false,true
15805,291,,11,iac.margin::float,ia_recommended_margin,false,true
15806,291,,12,(CASE WHEN iac.revenue != 0 THEN (iac.margin / iac.revenue) * 100 ELSE 0 END)::float,ia_recommended_margin_percent,false,true
15807,291,,13,ac.sales_units::float,actualized_sales_units,false,true
15808,291,,14,ac.revenue::float,actualized_revenue,false,true
15809,291,,15,ac.margin::float,actualized_margin,false,true
15810,291,,16,CASE WHEN ac.revenue != 0 THEN (ac.margin / ac.revenue) * 100 ELSE 0 END,actualized_margin_percent,false,true
15811,291,,17,ac.markdown::float,actualized_markdown,false,true
15812,291,,18,fc.finalized_baseline_sales_units::float,baseline_sales_units,false,true
15813,291,,19,fc.finalized_baseline_revenue::float,baseline_revenue,false,true
15814,291,,20,fc.finalized_baseline_margin::float,baseline_margin,false,true
15815,291,,21,fc.finalized_contribution_margin::float,finalized_contribution_margin,false,true
15816,291,,22,"(CASE WHEN fc.finalized_contribution_revenue != 0 THEN ROUND((fc.finalized_contribution_margin * 100 / fc.finalized_contribution_revenue)::NUMERIC, 2) ELSE 0 END)::float",finalized_contribution_margin_percent,false,true
15817,291,,23,ac.contribution_margin::float,actualized_contribution_margin,false,true
15818,291,,24,"(CASE WHEN ac.contribution_revenue != 0 THEN ROUND((ac.contribution_margin * 100 / ac.contribution_revenue)::NUMERIC, 2) ELSE 0 END)::float",actualized_contribution_margin_percent,false,true
15819,291,,25,(CASE WHEN ac.sales_units IS NULL THEN (fc.finalized_sales_units - fc.finalized_baseline_sales_units) ELSE (ac.sales_units - fc.finalized_baseline_sales_units) END)::float,incremental_sales_units,false,true
15820,291,,26,(CASE WHEN ac.revenue IS NULL THEN (fc.finalized_revenue - fc.finalized_baseline_revenue) ELSE (ac.revenue - fc.finalized_baseline_revenue) END)::float,incremental_revenue,false,true
15821,291,,27,(CASE WHEN ac.margin IS NULL THEN (fc.finalized_margin - fc.finalized_baseline_margin) ELSE (ac.margin - fc.finalized_baseline_margin) END)::float,incremental_margin,false,true
15822,332,,0,sc.strategy_id,,false,true
15823,332,,1,sd.product_level_id,,false,true
15824,332,,2,sd.store_level_id,,false,true
15825,332,,3,sd.pcd_id,,false,true
15826,332,,4,sd.markdown_percentage,,false,true
15827,332,,5,sd.markdown_type,,false,true
15828,332,,6,sc.strategy_name,,false,true
15829,332,,7,sc.pcd_start_date,,false,true
15830,5,,67,SUM(metrics_table.promo_spend * pfr.planned_conversion_multiplier),markdown,false,true
15831,332,,8,sc.pcd_end_date,,false,true
15832,333,,0,am.strategy_id,,false,true
15833,333,,1,am.product_level_id,,false,true
15834,333,,2,am.store_level_id,,false,true
15835,333,,3,am.pcd_id,,false,true
15836,333,,4,am.pcd_start_date,,false,true
15837,333,,5,"COALESCE(am.pcd_end_date, am.pcd_start_date) AS pcd_end_date",pcd_end_date,false,true
15838,334,,0,strategy_id,,false,true
15839,334,,2,store_id,,false,true
15840,334,,3,product_level_id,,false,true
15841,334,,4,store_level_id,,false,true
15842,334,,5,pcd_id,,false,true
15843,334,,6,recommendation_date,,false,true
15844,334,,7,sales_units,,false,true
15845,334,,8,revenue,,false,true
15846,334,,9,margin,,false,true
15847,334,,1,product_id,,false,true
15848,335,,0,fdm.timeline,timeline,false,true
15849,335,,1,SUM(ssd.sales_units) AS sales_units,sales_units,false,true
15850,335,,2,SUM(ssd.revenue * cc.planned_conversion_multiplier) AS revenue,revenue,false,true
15851,335,,3,SUM(ssd.margin * cc.planned_conversion_multiplier) AS margin,margin,false,true
15852,336,,0,fdm.timeline,,false,true
15853,337,,1,pm.promo_id,promo_id,false,true
15854,337,,2,pm.name,Offer Name,false,true
15855,337,,3,em.name,Event Name,false,true
15856,337,,4,pm.start_date,Start Date,false,true
15857,337,,5,pm.end_date,End Date,false,true
15859,337,,7,pvpsc.status_name,Offer Status,false,true
15862,337,,10,pm.products_count,#Products,false,true
15873,4,,256,acc.aum-acc.aur,aum_aur_difference,false,true
15874,6,8,151,base_data.aum_aur_difference,aum_aur_difference,false,true
15875,340,,1,promo_id,Offer ID,false,true
15876,340,,2,promo_name,Offer Name,false,true
15877,340,,3,event_name,Event Name,false,true
15878,340,,4,start_date,Start Date,false,true
15879,340,,5,end_date,End Date,false,true
15880,340,,6,created_by,Created By,false,true
15881,340,,7,status,Status,false,true
15882,340,,8,timeline_status,Timeline Status,false,true
15883,340,,9,products_count,#Products,false,true
15884,340,,10,stores_count,#Stores,false,true
15885,340,,11,discount_level,Discount Level,false,true
15886,340,,12,discount_type,Discount Type,false,true
15887,340,,13,finalized_sales_units,Finalized Sales Units,false,true
15888,340,,14,finalized_revenue,Finalized Revenue,false,true
15889,340,,15,finalized_margin,Finalized Margin,false,true
15890,340,,16,finalized_margin_percent,Finalized Margin %,false,true
15891,340,,17,actualized_sales_units,Actualized Sales Units,false,true
15892,340,,18,actualized_revenue,Actualized Revenue,false,true
15893,340,,19,actualized_margin,Actualized Margin,false,true
15894,340,,20,actualized_margin_percent,Actualized Margin %,false,true
15895,341,,1,promo_id,Offer ID,false,true
15896,341,,2,promo_name,Offer Name,false,true
15897,341,,3,event_name,Event Name,false,true
15898,341,,4,start_date,Start Date,false,true
15899,341,,5,end_date,End Date,false,true
15900,341,,6,created_by,Created By,false,true
15901,341,,7,status,Status,false,true
15902,341,,8,step_count,Step Count,false,true
15903,341,,9,products_count,#Products,false,true
15904,341,,10,stores_count,#Stores,false,true
15905,341,,11,discount_level,Discount Level,false,true
15906,341,,12,discount_type,Discount Type,false,true
15907,341,,13,product_selection_type,Product Selection Type,false,true
15908,341,,14,store_selection_type,Store Selection Type,false,true
15909,341,,15,finalized_sales_units,Finalized Sales Units,false,true
15910,341,,16,finalized_revenue,Finalized Revenue,false,true
15911,341,,17,finalized_margin,Finalized Margin,false,true
15912,341,,18,finalized_margin_percent,Finalized Margin %,false,true
15913,341,,19,finalized_promo_spend,Finalized Promo Spend,false,true
15914,341,,20,performance,Performance,false,true
15950,344,,1,incremental_margin,Incremental Margin,false,true
15951,344,,2,incremental_revenue,Incremental Revenue,false,true
15952,344,,3,incremental_sales_units,Incremental Sales Units,false,true
15953,344,,4,promo_spend,Actual Deal Spend,false,true
15954,344,,5,margin,Actual Margin,false,true
15955,344,,6,revenue,Actual Revenue,false,true
15956,344,,7,sales_units,Actual Sales Units,false,true
15957,344,,8,gm_percent,Actual GM %,false,true
15958,344,,9,contribution_margin,Actual Contribution Margin,false,true
15959,344,,10,contribution_margin_percent,Actual CM %,false,true
15960,344,,11,performance,Actual Performance,false,true
15961,328,,7,am.fin_discount,,false,true
15962,328,,8,am.fin_markdown_type,,false,true
