tc_code,label,column_name,dimension,type,is_frozen,is_editable,is_aggregated,order_of_display,is_hidden,is_required,tc_mapping_code,child_tc_mapping_code,aggregate_type,formatter,is_row_span,footer,is_searchable,extra,is_sortable,width,is_deleted,is_master_group
1,Configuration name,name,Product,str,TRUE,FALSE,FALSE,1,FALSE,FALSE,15,,,,FALSE,,TRUE,{},TRUE,200,,
1,Dimensions,dimensions,Product,str,FALSE,FALSE,FALSE,3,FALSE,FALSE,29,,,,FALSE,,TRUE,{},TRUE,200,,
1,Applicable modules,applicable_modules,Product,str,TRUE,FALSE,FALSE,2,FALSE,FALSE,30,,,,FALSE,,TRUE,{},TRUE,200,,
1,Created by,created_by,Product,str,FALSE,FALSE,FALSE,4,FALSE,FALSE,32,,,,FALSE,,TRUE,{},TRUE,200,,
1,Created on,created_on,Product,str,FALSE,FALSE,FALSE,5,FALSE,FALSE,33,,,,FALSE,,TRUE,{},TRUE,200,,
2,Style Description,style_description,Product,str,FALSE,FALSE,FALSE,3,FALSE,FALSE,4,,unique,,FALSE,,TRUE,{},TRUE,200,,
2,Status,status,Product,list,FALSE,TRUE,FALSE,6,FALSE,TRUE,68,,unique,,FALSE,,FALSE,{},FALSE,200,,
2,Product ID,product_code,Product,str,TRUE,FALSE,FALSE,1,FALSE,FALSE,3,,,,FALSE,,TRUE,{},TRUE,200,,
2,SKU ID,sku,Product,str,FALSE,FALSE,FALSE,2,FALSE,FALSE,7102,,,,FALSE,,TRUE,{},TRUE,200,,
2,Color,color,Product,str,FALSE,FALSE,FALSE,8,FALSE,FALSE,7,,unique,,FALSE,,TRUE,{},TRUE,200,,
2,Size,size,Product,str,FALSE,FALSE,FALSE,7,FALSE,FALSE,6,,unique,,FALSE,,TRUE,{},TRUE,200,,
2,Status From Date,status_start_time,Product,datetime,FALSE,TRUE,FALSE,9,FALSE,TRUE,1917,,,,FALSE,,FALSE,{},FALSE,200,,
2,Status To Date,status_end_time,Product,datetime,FALSE,TRUE,FALSE,10,FALSE,FALSE,1918,,,,FALSE,,FALSE,{},FALSE,200,,
2,Fabrication,fabrication,Product,str,FALSE,FALSE,FALSE,17,FALSE,FALSE,2464,,,,FALSE,,TRUE,{},TRUE,200,,
2,Selling Collection,selling_collection,Product,str,FALSE,FALSE,FALSE,18,FALSE,FALSE,2465,,,,FALSE,,TRUE,{},TRUE,200,,
2,Category,l2_name,Product,str,FALSE,FALSE,FALSE,5,FALSE,FALSE,47,,unique,,FALSE,,TRUE,{},TRUE,200,,
2,Department,l0_name,Product,str,FALSE,FALSE,FALSE,4,FALSE,FALSE,55,,unique,,FALSE,,TRUE,{},TRUE,200,,
3,Type,type,Product,list,FALSE,FALSE,FALSE,7,TRUE,FALSE,102,,,,FALSE,,TRUE,{},TRUE,200,,
3,Status,status,Product,list,FALSE,FALSE,FALSE,6,TRUE,FALSE,103,,,,FALSE,,TRUE,{},TRUE,200,,
3,Product group name,name,Product,str,TRUE,FALSE,FALSE,1,FALSE,FALSE,16,,,,FALSE,,TRUE,{},TRUE,200,,
3,Group type,group_type,Product,str,FALSE,FALSE,FALSE,2,FALSE,FALSE,8,,,,FALSE,,FALSE,{},FALSE,200,,
3,Product Groups,pg_count,Product,str,FALSE,FALSE,FALSE,4,FALSE,FALSE,1,,,,FALSE,,FALSE,{},TRUE,200,,
3,Definitions,defintion_ids,Product,list,FALSE,FALSE,FALSE,5,FALSE,FALSE,11,,,,FALSE,,FALSE,{},FALSE,200,,
3,# Products/Styles,product_count,Product,str,FALSE,FALSE,FALSE,3,FALSE,FALSE,10,,,,FALSE,,FALSE,{},TRUE,200,,
3,Time Period,time_period,Product,str,FALSE,FALSE,FALSE,6,TRUE,FALSE,12,,,,FALSE,,FALSE,{},FALSE,200,,
4,Definition Name,name,Product,str,TRUE,FALSE,FALSE,1,FALSE,FALSE,17,,,,FALSE,,TRUE,{},TRUE,200,,
4,Definition,pseudo_code,Product,str,FALSE,FALSE,FALSE,2,FALSE,FALSE,18,,,,FALSE,,TRUE,{},TRUE,200,,
5,Size,size,Product,str,FALSE,FALSE,FALSE,3,FALSE,FALSE,5,,,,FALSE,,TRUE,{},TRUE,200,,
5,Description,product_description,Product,str,FALSE,FALSE,FALSE,2,FALSE,FALSE,19,,,,FALSE,,TRUE,{},TRUE,200,,
5,Product ID,product_code,Product,str,TRUE,FALSE,FALSE,1,FALSE,FALSE,20,,,,FALSE,,TRUE,{},TRUE,200,,
5,Color,color,Product,str,FALSE,FALSE,FALSE,4,FALSE,FALSE,76,,,,FALSE,,TRUE,{},TRUE,200,,
6,Postal Code,zipcode,Store,str,FALSE,FALSE,FALSE,8,FALSE,FALSE,2466,,,,FALSE,,TRUE,{},TRUE,200,,
6,Store Number,store_code,Store,str,TRUE,FALSE,FALSE,1,FALSE,FALSE,9,,,,FALSE,,TRUE,{},TRUE,200,,
6,From Date ,status_start_time,Store,datetime,FALSE,TRUE,FALSE,6,FALSE,TRUE,108,,,,FALSE,,FALSE,{},FALSE,200,,
6,To Date,status_end_time,Store,datetime,FALSE,TRUE,FALSE,7,FALSE,FALSE,109,,,,FALSE,,FALSE,{},FALSE,200,,
6,Status,status,Store,list,FALSE,TRUE,FALSE,5,FALSE,TRUE,107,,count,,FALSE,,FALSE,{},FALSE,200,,
6,Channel,channel,Store,str,FALSE,FALSE,FALSE,3,FALSE,FALSE,77,,unique,,FALSE,,TRUE,{},TRUE,200,,
6,Store Name,store_name,Store,str,TRUE,FALSE,FALSE,2,FALSE,FALSE,70,,unique,,FALSE,,TRUE,{},TRUE,200,,
6,District,district,Store,str,FALSE,FALSE,FALSE,4,FALSE,FALSE,78,,unique,,FALSE,,TRUE,{},TRUE,200,,
6,Climate,climate,Store,str,FALSE,FALSE,FALSE,9,FALSE,FALSE,2468,,,,FALSE,,TRUE,{},TRUE,200,,
6,Standard Fixture Count,standard_fixture_count,Store,str,FALSE,FALSE,FALSE,12,FALSE,FALSE,2471,,,,FALSE,,TRUE,{},TRUE,200,,
6,Transit Days,transit_days,Store,str,FALSE,FALSE,FALSE,13,FALSE,FALSE,2472,,,,FALSE,,TRUE,{},TRUE,200,,
6,State,state,Store,str,FALSE,FALSE,FALSE,8,FALSE,FALSE,2467,,unique,,FALSE,,TRUE,{},TRUE,200,,
6,Store Size,store_size,Store,float,FALSE,FALSE,FALSE,10,FALSE,FALSE,2469,,,,FALSE,,FALSE,{},TRUE,200,,
6,Backroom Square Feet,backroom_square_feet,Store,float,FALSE,FALSE,FALSE,11,FALSE,FALSE,2470,,,,FALSE,,FALSE,{},TRUE,200,,
6,Retail Store Soft,selling_square_feet,Store,float,FALSE,FALSE,FALSE,14,FALSE,FALSE,2473,,,,FALSE,,FALSE,{},TRUE,200,,
7,Updated At,updated_at,Store,date,FALSE,FALSE,TRUE,7,FALSE,FALSE,7107,,,,FALSE,,FALSE,{},TRUE,200,,
7,Created At,created_at,Store,date,FALSE,FALSE,TRUE,6,FALSE,FALSE,7108,,,,FALSE,,FALSE,{},TRUE,200,,
7,Created By,created_by,Store,str,FALSE,FALSE,TRUE,8,FALSE,FALSE,7109,,,,FALSE,,FALSE,{},TRUE,200,,
7,Group Type,special_classification,Store,str,FALSE,FALSE,FALSE,5,FALSE,FALSE,100,,,,FALSE,,FALSE,{},TRUE,200,,
7,#Stores,store_count,Store,int,FALSE,FALSE,TRUE,3,FALSE,FALSE,99,,,roundOff,FALSE,,FALSE,{},TRUE,200,,
7,Store Grp Name,name,Store,str,TRUE,FALSE,FALSE,1,FALSE,FALSE,97,,,,FALSE,,TRUE,{},TRUE,200,,
7,#Store Group,sg_count,Store,int,FALSE,FALSE,TRUE,4,FALSE,FALSE,101,,,,FALSE,,FALSE,{},TRUE,200,,
8,Style Description,style_description,Product,str,TRUE,FALSE,FALSE,2,FALSE,FALSE,7114,,,,FALSE,,TRUE,{},TRUE,200,,
8,Style ID,style,Product,str,TRUE,FALSE,FALSE,1,FALSE,FALSE,148,,,,FALSE,,TRUE,{},TRUE,200,,
8,From Date ,start_time,Product,DateTimeField,FALSE,TRUE,FALSE,7,FALSE,TRUE,167,,,,FALSE,,TRUE,{},FALSE,200,,
8,Status,status,Product,list,FALSE,TRUE,FALSE,5,FALSE,TRUE,152,,,,FALSE,,TRUE,{},FALSE,200,,
8,To Date,end_time,Product,DateTimeField,FALSE,TRUE,FALSE,8,FALSE,FALSE,168,,,,FALSE,,TRUE,{},FALSE,200,,
8,Category,l2_name,Product,str,FALSE,FALSE,FALSE,4,FALSE,FALSE,150,,,,FALSE,,TRUE,{},TRUE,200,,
8,Department,l0_name,Product,str,FALSE,FALSE,FALSE,3,FALSE,FALSE,149,,,,FALSE,,TRUE,{},TRUE,200,,
11,SKU ID,sku,"{""Product""}",str,FALSE,FALSE,TRUE,2,FALSE,TRUE,7113,,,,FALSE,,TRUE,{},TRUE,200,,
11,Product ID,product_code,"{""Product""}",str,TRUE,FALSE,TRUE,1,FALSE,FALSE,42,,,,FALSE,,TRUE,{},TRUE,200,,
11,Category,l2_name,"{""Product""}",str,FALSE,FALSE,TRUE,7,FALSE,FALSE,142,,,,FALSE,,TRUE,{},TRUE,200,,
11,Size,size,"{""Product""}",str,FALSE,FALSE,TRUE,4,FALSE,FALSE,41,,,,FALSE,,TRUE,{},TRUE,200,,
11,Color,color,"{""Product""}",str,FALSE,FALSE,TRUE,6,FALSE,FALSE,84,,,,FALSE,,TRUE,{},TRUE,200,,
11,Style ID,style,"{""Product""}",str,FALSE,FALSE,TRUE,5,FALSE,FALSE,92,,,,FALSE,,TRUE,{},TRUE,200,,
11,Mapped Stores,mapped_stores_count,"{""Product""}",link,FALSE,FALSE,TRUE,10,FALSE,FALSE,106,,,,FALSE,,FALSE,{},TRUE,200,,
11,Style Description,style_description,"{""Product""}",str,FALSE,FALSE,TRUE,3,FALSE,FALSE,93,,,,FALSE,,TRUE,{},TRUE,200,,
11,Class,l1_name,"{""Product""}",str,FALSE,FALSE,TRUE,9,FALSE,FALSE,143,,,,FALSE,,TRUE,{},TRUE,200,,
11,Department,l0_name,"{""Product""}",str,FALSE,FALSE,TRUE,8,FALSE,FALSE,6143,,,,FALSE,,TRUE,{},TRUE,200,,
12,Receive date,expected_receive_date,Product,date,FALSE,FALSE,FALSE,8,FALSE,FALSE,81,,,,FALSE,,TRUE,{},TRUE,200,,
12,PO code,po_code,Product,str,FALSE,FALSE,FALSE,3,FALSE,FALSE,13,,,,FALSE,,TRUE,{},TRUE,200,,
12,PO Line item,line_number,Product,int,FALSE,FALSE,FALSE,4,FALSE,FALSE,14,,,,FALSE,,TRUE,{},TRUE,200,,
12,PO Issue Date,issue_date,Product,str,FALSE,FALSE,FALSE,5,FALSE,FALSE,24,,,,FALSE,,TRUE,{},TRUE,200,,
12,Total Qty,total_quantity,Product,int,FALSE,FALSE,FALSE,7,FALSE,FALSE,26,,,,FALSE,,TRUE,{},TRUE,200,,
12,Product id,product_code,Product,str,TRUE,FALSE,FALSE,1,FALSE,FALSE,27,,,,FALSE,,TRUE,{},TRUE,200,,
12,Product Description,description,Product,str,FALSE,FALSE,FALSE,2,FALSE,FALSE,31,,,,FALSE,,TRUE,{},TRUE,200,,
12,Vendor,vendor_name,Product,str,FALSE,FALSE,FALSE,6,FALSE,FALSE,46,,,,FALSE,,TRUE,{},TRUE,200,,
13,Product id,product_code,Product,str,TRUE,FALSE,FALSE,1,FALSE,FALSE,57,,,,FALSE,,TRUE,{},TRUE,200,,
13,Product Description,description,Product,str,FALSE,FALSE,FALSE,2,FALSE,FALSE,58,,,,FALSE,,TRUE,{},TRUE,200,,
13,PO id,source_po_code,Product,str,FALSE,FALSE,FALSE,3,FALSE,FALSE,59,,,,FALSE,,TRUE,{},TRUE,200,,
13,PO line number,line_number,Product,int,FALSE,FALSE,FALSE,4,FALSE,FALSE,60,,,,FALSE,,TRUE,{},TRUE,200,,
13,PO Issue date,issue_date,Product,date,FALSE,FALSE,FALSE,5,FALSE,FALSE,61,,,,FALSE,,TRUE,{},TRUE,200,,
13,ASN id,source_asn_code,Product,str,FALSE,FALSE,FALSE,7,FALSE,FALSE,62,,,,FALSE,,TRUE,{},TRUE,200,,
13,Vendor,vendor_name,Product,date,FALSE,FALSE,FALSE,6,FALSE,FALSE,67,,,,FALSE,,TRUE,{},TRUE,200,,
13,Expected receive date,expected_receive_date,Product,date,FALSE,FALSE,FALSE,8,FALSE,FALSE,80,,,,FALSE,,TRUE,{},TRUE,200,,
14,Style ID,style_id,Product,str,FALSE,FALSE,FALSE,1,FALSE,FALSE,2,,,,FALSE,,TRUE,{},TRUE,200,,
14,Unit Definition,definition_type,Product,str,FALSE,FALSE,FALSE,3,FALSE,FALSE,56,,,,FALSE,,TRUE,{},TRUE,200,,
14,Mapped Definition,name,Product,list,FALSE,FALSE,FALSE,4,FALSE,FALSE,79,,,,FALSE,,TRUE,{},TRUE,200,,
14,Description,description,Product,list,FALSE,FALSE,FALSE,2,FALSE,FALSE,82,,,,FALSE,,TRUE,{},TRUE,200,,
15,Style ID,style,Product,str,TRUE,FALSE,TRUE,4,FALSE,FALSE,85,,,,FALSE,,TRUE,{},TRUE,200,,
15,Product Codes,product_codes,Product,array,FALSE,FALSE,FALSE,5,FALSE,FALSE,7101,,,,FALSE,,TRUE,{},TRUE,200,,
16,Store Number,store_code,Store,str,TRUE,FALSE,TRUE,1,FALSE,FALSE,25,,,,FALSE,,TRUE,{},TRUE,200,,
16,Store Name,store_name,Store,str,TRUE,FALSE,TRUE,1,FALSE,FALSE,28,,,,FALSE,,TRUE,{},TRUE,200,,
16,Store Classification,channel,Store,str,FALSE,FALSE,TRUE,2,FALSE,FALSE,34,,,,FALSE,,TRUE,{},TRUE,200,,
16,District,district,Store,str,FALSE,FALSE,TRUE,4,FALSE,FALSE,44,,,,FALSE,,TRUE,{},TRUE,200,,
16,DC,dc_map,Store,list,FALSE,TRUE,FALSE,5,FALSE,FALSE,87,,,,FALSE,,FALSE,{},TRUE,200,,
17,Store Number,store_code,Store,str,TRUE,FALSE,TRUE,1,FALSE,FALSE,45,,,,FALSE,,TRUE,{},TRUE,200,,
17,Store Name,store_name,Store,str,TRUE,FALSE,TRUE,1,FALSE,FALSE,48,,,,FALSE,,TRUE,{},TRUE,200,,
17,Store Classification,store_classification,Store,str,FALSE,FALSE,TRUE,2,FALSE,FALSE,50,,,,FALSE,,TRUE,{},TRUE,200,,
17,Store Group,store_group,Store,str,FALSE,FALSE,TRUE,3,FALSE,FALSE,53,,,,FALSE,,TRUE,{},TRUE,200,,
17,District,district,Store,str,FALSE,FALSE,TRUE,4,FALSE,FALSE,54,,,,FALSE,,TRUE,{},TRUE,200,,
17,FC,fc_map,Store,list,FALSE,TRUE,FALSE,5,FALSE,FALSE,86,,,,FALSE,,TRUE,{},TRUE,200,,
18,Store Number,store_code,Store,str,FALSE,FALSE,FALSE,1,FALSE,FALSE,111,,,,FALSE,,TRUE,{},TRUE,200,,
18,Store Name,store_name,Store,str,FALSE,FALSE,FALSE,2,FALSE,FALSE,112,,,,FALSE,,TRUE,{},TRUE,200,,
18,Store Classification,channel,Store,str,FALSE,FALSE,FALSE,3,FALSE,FALSE,113,,,,FALSE,,TRUE,{},TRUE,200,,
19,Mapped DC,dc_map,Product,list,FALSE,TRUE,FALSE,6,FALSE,TRUE,90,,,,FALSE,,TRUE,{},TRUE,200,,
19,SKU ID,sku,Product,,FALSE,FALSE,TRUE,2,FALSE,FALSE,7111,,,,FALSE,,TRUE,{},TRUE,200,,
19,Product ID,product_code,Product,str,TRUE,FALSE,TRUE,1,FALSE,FALSE,114,,,,FALSE,,TRUE,{},TRUE,200,,
19,Size,size,Product,str,FALSE,FALSE,TRUE,5,FALSE,FALSE,116,,,,FALSE,,TRUE,{},TRUE,200,,
19,Style ID,style,Product,str,FALSE,FALSE,TRUE,4,FALSE,FALSE,136,,,,FALSE,,TRUE,{},TRUE,200,,
19,Color,color,Product,str,FALSE,FALSE,TRUE,4,FALSE,FALSE,154,,,,FALSE,,TRUE,{},TRUE,200,,
19,Style Description,style_description,Product,str,FALSE,FALSE,TRUE,3,FALSE,FALSE,115,,,,FALSE,,TRUE,{},TRUE,200,,
20,SKU ID,sku,Product,,FALSE,FALSE,TRUE,2,FALSE,FALSE,7112,,,,FALSE,,TRUE,{},TRUE,200,,
20,Style Description,style_description,Product,str,FALSE,FALSE,TRUE,3,FALSE,FALSE,118,,,,FALSE,,TRUE,{},TRUE,200,,
20,Size,size,Product,str,FALSE,FALSE,TRUE,5,FALSE,FALSE,117,,,,FALSE,,TRUE,{},TRUE,200,,
20,Product ID,product_code,Product,str,TRUE,FALSE,TRUE,1,FALSE,FALSE,119,,,,FALSE,,TRUE,{},TRUE,200,,
20,Style ID,style,Product,str,FALSE,FALSE,TRUE,4,FALSE,FALSE,137,,,,FALSE,,TRUE,{},TRUE,200,,
20,Color,color,Product,str,FALSE,FALSE,TRUE,4,FALSE,FALSE,155,,,,FALSE,,TRUE,{},TRUE,200,,
20,Mapped FC,fc_map,Product,list,FALSE,TRUE,FALSE,6,FALSE,FALSE,91,,,,FALSE,,TRUE,{},TRUE,200,,
21,View Dates,view_dates,Date,link,FALSE,TRUE,FALSE,9,FALSE,FALSE,1940,,,,FALSE,,FALSE,{},TRUE,200,,
21,Include Unmapped,include_unmapped,"{""Store""}",list,FALSE,TRUE,TRUE,8,FALSE,FALSE,123,,,,FALSE,,FALSE,{},FALSE,200,,
21,Store ID,store_code,"{""Store""}",str,TRUE,FALSE,TRUE,1,FALSE,FALSE,127,,,,FALSE,,TRUE,{},TRUE,200,,
21,Store Name,store_name,"{""Store""}",str,FALSE,FALSE,TRUE,2,FALSE,FALSE,128,,,,FALSE,,TRUE,{},TRUE,200,,
21,Area Code,area_code,"{""Store""}",str,FALSE,FALSE,TRUE,3,FALSE,FALSE,129,,,,FALSE,,TRUE,{},TRUE,200,,
21,District,district,"{""Store""}",str,FALSE,FALSE,TRUE,4,FALSE,FALSE,130,,,,FALSE,,TRUE,{},TRUE,200,,
21,Country,country,"{""Store""}",str,FALSE,FALSE,TRUE,5,FALSE,FALSE,131,,,,FALSE,,TRUE,{},TRUE,200,,
21,Mapped Products,num_products_mapped,"{""Store""}",str,FALSE,FALSE,TRUE,6,FALSE,FALSE,132,,,,FALSE,,TRUE,{},TRUE,200,,
21,View Unmapped,view_unmapped,"{""Store""}",str,FALSE,FALSE,TRUE,7,FALSE,FALSE,133,,,,FALSE,,TRUE,{},TRUE,200,,
22,Style Description,style_description,"{""Style""}",str,TRUE,FALSE,TRUE,2,FALSE,FALSE,7115,,,,FALSE,,TRUE,{},TRUE,200,,
22,Mapped Stores,mapped_stores,"{""Style""}",str,FALSE,FALSE,TRUE,6,FALSE,FALSE,95,,,,FALSE,,FALSE,{},FALSE,200,,
22,Style ID,style,"{""Style""}",str,TRUE,FALSE,TRUE,1,FALSE,FALSE,144,,,,FALSE,,TRUE,{},TRUE,200,,
22,Class,l1_name,"{""Style""}",str,FALSE,FALSE,TRUE,3,FALSE,FALSE,6147,,,,FALSE,,TRUE,{},TRUE,200,,
22,Category,l2_name,"{""Style""}",str,FALSE,FALSE,TRUE,3,FALSE,FALSE,6148,,,,FALSE,,TRUE,{},TRUE,200,,
22,Category,l3_name,"{""Style""}",str,FALSE,FALSE,TRUE,5,FALSE,FALSE,96,,,,FALSE,,TRUE,{},TRUE,200,,
22,Department,l0_name,"{""Style""}",str,FALSE,FALSE,TRUE,3,FALSE,FALSE,6146,,,,FALSE,,TRUE,{},TRUE,200,,
23,Store Number,store_code,Store,str,TRUE,FALSE,TRUE,1,FALSE,FALSE,169,,,,FALSE,,TRUE,{},TRUE,200,,
23,Store Name,store_name,Store,str,TRUE,FALSE,TRUE,2,FALSE,FALSE,195,,,,FALSE,,TRUE,{},TRUE,200,,
23,Mapped Products,mapped_products_count,Store,link,FALSE,TRUE,FALSE,5,FALSE,FALSE,175,,,,FALSE,,FALSE,{},FALSE,200,,
23,Store Description,store_description,Store,str,FALSE,FALSE,TRUE,3,FALSE,FALSE,198,,,,FALSE,,TRUE,{},TRUE,200,,
23,Channel,channel,Store,str,FALSE,FALSE,TRUE,4,FALSE,FALSE,3500,,,,FALSE,,TRUE,{},TRUE,200,,
24,View Dates,view_dates,Date,link,FALSE,TRUE,FALSE,7,FALSE,FALSE,1941,,,,FALSE,,FALSE,{},TRUE,200,,
24,Include Unmapped Stores,include_unmapped,Product,list,FALSE,TRUE,TRUE,5,FALSE,FALSE,170,,,,FALSE,,FALSE,{},FALSE,200,,
24,Product ID,product_code,Product,str,TRUE,FALSE,TRUE,1,FALSE,FALSE,177,,,,FALSE,,TRUE,{},TRUE,200,,
24,Product Name,product_name,Product,str,TRUE,FALSE,TRUE,2,FALSE,FALSE,178,,,,FALSE,,TRUE,{},TRUE,200,,
24,Style ID,style,Product,str,FALSE,FALSE,TRUE,3,FALSE,FALSE,179,,,,FALSE,,TRUE,{},TRUE,200,,
24,Stores Mapped,num_stores_mapped,Product,str,FALSE,FALSE,TRUE,4,FALSE,FALSE,180,,,,FALSE,,TRUE,{},TRUE,200,,
24,View Unmapped Stores,view_umapped,Product,str,FALSE,FALSE,TRUE,6,FALSE,FALSE,181,,,,FALSE,,TRUE,{},TRUE,200,,
25,Store Count,store_count,Store,int,FALSE,FALSE,TRUE,3,FALSE,FALSE,3501,,,,FALSE,,FALSE,{},FALSE,200,,
25,Store group type,special_classification,Store,str,TRUE,FALSE,TRUE,4,FALSE,FALSE,3502,,,,FALSE,,TRUE,{},TRUE,200,,
25,Store Group Name,name,Store,str,TRUE,FALSE,TRUE,2,FALSE,FALSE,172,,,,FALSE,,TRUE,{},TRUE,200,,
25,Mapped Products,mapped_products_count,Store,link,FALSE,TRUE,FALSE,5,FALSE,FALSE,176,,,,FALSE,,FALSE,{},FALSE,200,,
26,Group Type,special_classification,"{""Product""}",str,FALSE,FALSE,TRUE,3,FALSE,FALSE,36,,,,FALSE,,TRUE,{},TRUE,200,,
26,Product Group Name,name,"{""Product""}",str,TRUE,FALSE,TRUE,2,FALSE,FALSE,35,,,,FALSE,,TRUE,{},TRUE,200,,
26,#Products/Styles,product_count,"{""Product""}",str,FALSE,FALSE,TRUE,4,FALSE,FALSE,37,,,,FALSE,,FALSE,{},TRUE,200,,
26,#Product Groups,pg_count,"{""Product""}",str,FALSE,FALSE,TRUE,5,FALSE,FALSE,38,,,,FALSE,,FALSE,{},TRUE,200,,
26,Class,l1_name,"{""Product""}",str,FALSE,FALSE,TRUE,6,TRUE,FALSE,6040,,,,FALSE,,TRUE,{},TRUE,200,,
26,Category,l2_name,"{""Product""}",str,FALSE,FALSE,TRUE,6,TRUE,FALSE,6041,,,,FALSE,,TRUE,{},TRUE,200,,
26,Mapped Stores,mapped_stores_count,"{""Product""}",link,FALSE,FALSE,TRUE,6,FALSE,FALSE,39,,,,FALSE,,FALSE,{},FALSE,200,,
26,Product Group ID,pg_code,"{""Product""}",str,TRUE,FALSE,TRUE,1,FALSE,FALSE,21,,,,FALSE,,FALSE,{},TRUE,200,,
26,Department,l0_name,"{""Product""}",str,FALSE,FALSE,TRUE,6,TRUE,FALSE,6039,,,,FALSE,,TRUE,{},TRUE,200,,
27,To Date,end_time,Store,dateStr,FALSE,TRUE,FALSE,5,FALSE,FALSE,75,,,,FALSE,,TRUE,{},TRUE,200,,
27,DC name,name,Store,str,FALSE,FALSE,FALSE,1,FALSE,FALSE,89,,,,FALSE,,TRUE,{},TRUE,200,,
27,District,district,Store,str,FALSE,FALSE,FALSE,1,FALSE,FALSE,122,,,,FALSE,,TRUE,{},TRUE,200,,
27,Status,status,Store,list,FALSE,TRUE,FALSE,2,FALSE,TRUE,138,,,,FALSE,,TRUE,{},TRUE,200,,
27,From Date,start_time,Store,dateStr,FALSE,TRUE,FALSE,4,FALSE,TRUE,206,,,,FALSE,,TRUE,{},TRUE,200,,
28,From Date,start_time,Store,DateTimeField,FALSE,TRUE,FALSE,4,FALSE,TRUE,73,,,,FALSE,,TRUE,{},TRUE,200,,
28,District,district,Store,str,FALSE,FALSE,FALSE,2,FALSE,FALSE,183,,,,FALSE,,TRUE,{},TRUE,200,,
28,To Date,end_time,Store,DateTimeField,FALSE,TRUE,FALSE,5,FALSE,FALSE,208,,,,FALSE,,TRUE,{},TRUE,200,,
28,FC name,name,Store,str,FALSE,FALSE,FALSE,1,FALSE,FALSE,225,,,,FALSE,,TRUE,{},TRUE,200,,
28,Status,status,Store,list,FALSE,TRUE,FALSE,3,FALSE,TRUE,207,,,,FALSE,,TRUE,{},TRUE,200,,
29,Fiscal Week,fw,Inventory,str,FALSE,FALSE,FALSE,2,FALSE,FALSE,71,,,,FALSE,,TRUE,{},TRUE,200,,
29,Week Start Date,fiscal_week_begin_date,Inventory,str,FALSE,FALSE,FALSE,2,FALSE,FALSE,72,,,,FALSE,,TRUE,{},TRUE,200,,
29,Product Id,product_code,Inventory,str,FALSE,FALSE,FALSE,2,FALSE,FALSE,212,,,,FALSE,,TRUE,{},TRUE,200,,
29,Product Name,product_name,Inventory,str,FALSE,FALSE,FALSE,2,FALSE,FALSE,213,,,,FALSE,,TRUE,{},TRUE,200,,
29,DC No.,dc_code,Inventory,str,FALSE,FALSE,FALSE,2,FALSE,FALSE,214,,,,FALSE,,TRUE,{},TRUE,200,,
29,DC Name,dc_name,Inventory,str,FALSE,FALSE,FALSE,2,FALSE,FALSE,215,,,,FALSE,,TRUE,{},TRUE,200,,
29,Store id,store_code,Inventory,str,FALSE,FALSE,FALSE,2,FALSE,FALSE,216,,,,FALSE,,TRUE,{},TRUE,200,,
29,Store Name,store_name,Inventory,str,FALSE,FALSE,FALSE,2,FALSE,FALSE,217,,,,FALSE,,TRUE,{},TRUE,200,,
29,DC on hand,oh,Inventory,str,FALSE,FALSE,FALSE,2,FALSE,FALSE,218,,,,FALSE,,TRUE,{},TRUE,200,,
29,DC to Store Intransit,it,Inventory,str,FALSE,FALSE,FALSE,2,FALSE,FALSE,219,,,,FALSE,,TRUE,{},TRUE,200,,
29,Back order- Store,oc,Inventory,str,FALSE,FALSE,FALSE,2,FALSE,FALSE,220,,,,FALSE,,TRUE,{},TRUE,200,,
29,DC on Order,oo,Inventory,str,FALSE,FALSE,FALSE,2,FALSE,FALSE,221,,,,FALSE,,TRUE,{},TRUE,200,,
29,Tag,tag,Inventory,str,FALSE,FALSE,FALSE,2,FALSE,FALSE,222,,,,FALSE,,TRUE,{},TRUE,200,,
29,Date,date,Inventory,str,FALSE,FALSE,FALSE,2,FALSE,FALSE,223,,,,FALSE,,TRUE,{},TRUE,200,,
30,Inventory Levels,level,Inventory,str,FALSE,FALSE,FALSE,2,FALSE,FALSE,205,,,,FALSE,,TRUE,{},TRUE,200,,
30,Fiscal Week,fy,Inventory,str,FALSE,FALSE,FALSE,2,FALSE,FALSE,227,,,,FALSE,,TRUE,{},TRUE,200,,
30,Week Start Date,fiscal_week_begin_date,Inventory,str,FALSE,FALSE,FALSE,2,FALSE,FALSE,228,,,,FALSE,,TRUE,{},TRUE,200,,
30,Date,date,Inventory,str,FALSE,FALSE,FALSE,2,FALSE,FALSE,229,,,,FALSE,,TRUE,{},TRUE,200,,
30,Product Id,product_code,Inventory,str,FALSE,FALSE,FALSE,2,FALSE,FALSE,230,,,,FALSE,,TRUE,{},TRUE,200,,
30,Prodcut Name,product_name,Inventory,str,FALSE,FALSE,FALSE,2,FALSE,FALSE,231,,,,FALSE,,TRUE,{},TRUE,200,,
30,DC No,dc_code,Inventory,str,FALSE,FALSE,FALSE,2,FALSE,FALSE,232,,,,FALSE,,TRUE,{},TRUE,200,,
30,DC Name,dc_name,Inventory,str,FALSE,FALSE,FALSE,2,FALSE,FALSE,233,,,,FALSE,,TRUE,{},TRUE,200,,
30,On Hand/ Available,oh,Inventory,str,FALSE,FALSE,FALSE,2,FALSE,FALSE,234,,,,FALSE,,TRUE,{},TRUE,200,,
30,From DC In-transit,it,Inventory,str,FALSE,FALSE,FALSE,2,FALSE,FALSE,235,,,,FALSE,,TRUE,{},TRUE,200,,
30,On Order,oo,Inventory,str,FALSE,FALSE,FALSE,2,FALSE,FALSE,236,,,,FALSE,,TRUE,{},TRUE,200,,
30,Back Order / ADA Upcoming Week,bo,Inventory,str,FALSE,FALSE,FALSE,2,FALSE,FALSE,237,,,,FALSE,,TRUE,{},TRUE,200,,
30,Inventory positions,ip,Inventory,str,FALSE,FALSE,FALSE,2,FALSE,FALSE,238,,,,FALSE,,TRUE,{},TRUE,200,,
31,Fiscal Week,fw,Inventory,str,FALSE,FALSE,FALSE,2,FALSE,FALSE,174,,,,FALSE,,TRUE,{},TRUE,200,,
31,Week Start Date,fiscal_week_begin_date,Inventory,str,FALSE,FALSE,FALSE,2,FALSE,FALSE,182,,,,FALSE,,TRUE,{},TRUE,200,,
31,Date,date,Inventory,str,FALSE,FALSE,FALSE,2,FALSE,FALSE,188,,,,FALSE,,TRUE,{},TRUE,200,,
31,Product Id,product_code,Inventory,str,FALSE,FALSE,FALSE,2,FALSE,FALSE,189,,,,FALSE,,TRUE,{},TRUE,200,,
31,Product Name,product_name,Inventory,str,FALSE,FALSE,FALSE,2,FALSE,FALSE,190,,,,FALSE,,TRUE,{},TRUE,200,,
31,DC Code,dc_code,Inventory,str,FALSE,FALSE,FALSE,2,FALSE,FALSE,191,,,,FALSE,,TRUE,{},TRUE,200,,
31,DC Name,dc_name,Inventory,str,FALSE,FALSE,FALSE,2,FALSE,FALSE,192,,,,FALSE,,TRUE,{},TRUE,200,,
31,Store Id,store_code,Inventory,str,FALSE,FALSE,FALSE,2,FALSE,FALSE,193,,,,FALSE,,TRUE,{},TRUE,200,,
31,Store Name,store_name,Inventory,str,FALSE,FALSE,FALSE,2,FALSE,FALSE,194,,,,FALSE,,TRUE,{},TRUE,200,,
31,From DC in-transit,it,Inventory,str,FALSE,FALSE,FALSE,2,FALSE,FALSE,199,,,,FALSE,,TRUE,{},TRUE,200,,
31,Back Order/ ADA Upcoming Week,bo,Inventory,str,FALSE,FALSE,FALSE,2,FALSE,FALSE,200,,,,FALSE,,TRUE,{},TRUE,200,,
31,Plan Name,pn,Inventory,str,FALSE,FALSE,FALSE,2,FALSE,FALSE,201,,,,FALSE,,TRUE,{},TRUE,200,,
31,Plan Status,ps,Inventory,str,FALSE,FALSE,FALSE,2,FALSE,FALSE,202,,,,FALSE,,TRUE,{},TRUE,200,,
31,Delivery Date,dd,Inventory,str,FALSE,FALSE,FALSE,2,FALSE,FALSE,203,,,,FALSE,,TRUE,{},TRUE,200,,
31,Tag,tag,Inventory,str,FALSE,FALSE,FALSE,2,FALSE,FALSE,204,,,,FALSE,,TRUE,{},TRUE,200,,
32,In-transit,it,Inventory,str,FALSE,FALSE,FALSE,2,FALSE,FALSE,243,,,,FALSE,,TRUE,{},TRUE,200,,
32,Back Order/ADA,back_order,Inventory,str,FALSE,FALSE,FALSE,2,FALSE,FALSE,244,,,,FALSE,,TRUE,{},TRUE,200,,
32,Plan,allocation_name,Inventory,str,FALSE,FALSE,FALSE,2,FALSE,FALSE,245,,,,FALSE,,TRUE,{},TRUE,200,,
32,Fiscal Week,fw,Inventory,str,FALSE,FALSE,FALSE,2,FALSE,FALSE,209,,,,FALSE,,TRUE,{},TRUE,200,,
32,Week Start Date,fiscal_week_begin_date,Inventory,str,FALSE,FALSE,FALSE,2,FALSE,FALSE,210,,,,FALSE,,TRUE,{},TRUE,200,,
32,Date,date,Inventory,str,FALSE,FALSE,FALSE,2,FALSE,FALSE,211,,,,FALSE,,TRUE,{},TRUE,200,,
32,Store Id,store_code,Inventory,str,FALSE,FALSE,FALSE,2,FALSE,FALSE,224,,,,FALSE,,TRUE,{},TRUE,200,,
32,Store Name,store_name,Inventory,str,FALSE,FALSE,FALSE,2,FALSE,FALSE,239,,,,FALSE,,TRUE,{},TRUE,200,,
32,Product Id,product_code,Inventory,str,FALSE,FALSE,FALSE,2,FALSE,FALSE,240,,,,FALSE,,TRUE,{},TRUE,200,,
32,Product Name,product_name,Inventory,str,FALSE,FALSE,FALSE,2,FALSE,FALSE,241,,,,FALSE,,TRUE,{},TRUE,200,,
32,Available Levels at Store,available_levels_store,Inventory,str,FALSE,FALSE,FALSE,2,FALSE,FALSE,242,,,,FALSE,,TRUE,{},TRUE,200,,
34,Product ID,product_code,Product,str,TRUE,FALSE,TRUE,1,FALSE,FALSE,88,,,,FALSE,,TRUE,{},TRUE,200,,
34,Description,product_description,Product,str,FALSE,FALSE,TRUE,2,FALSE,FALSE,161,,,,FALSE,,TRUE,{},TRUE,200,,
34,Color,color,Product,str,FALSE,FALSE,FALSE,3,FALSE,FALSE,162,,,,FALSE,,TRUE,{},TRUE,200,,
34,Size,product_size,Product,str,FALSE,FALSE,FALSE,4,FALSE,FALSE,163,,,,FALSE,,TRUE,{},TRUE,200,,
34,Revenue,total_revenue,Product,float,FALSE,FALSE,FALSE,5,FALSE,FALSE,164,,,,FALSE,,TRUE,{},TRUE,200,,
34,Sell Through,sell_through,Product,float,FALSE,FALSE,FALSE,6,FALSE,FALSE,165,,,,FALSE,,TRUE,{},TRUE,200,,
34,IA Classification,labels,Product,str,FALSE,FALSE,FALSE,7,FALSE,FALSE,166,,,,FALSE,,TRUE,{},TRUE,200,,
36,Results,results,Product,review_btn,FALSE,TRUE,FALSE,6,FALSE,FALSE,7110,,,,FALSE,,TRUE,{},FALSE,200,,
36,Request id,id,Product,str,TRUE,FALSE,TRUE,1,FALSE,TRUE,246,,,,FALSE,,TRUE,{},TRUE,200,,
36,Request Name,name,Product,str,TRUE,FALSE,TRUE,2,FALSE,TRUE,247,,,,FALSE,,TRUE,{},TRUE,200,,
36,Created At,created_at,Product,DateTimeField,TRUE,FALSE,TRUE,3,FALSE,TRUE,248,,,,FALSE,,TRUE,{},TRUE,200,,
36,Status,status,Product,str,TRUE,FALSE,TRUE,4,FALSE,TRUE,249,,,,FALSE,,TRUE,{},TRUE,200,,
36,Message,message,Other,str,FALSE,FALSE,TRUE,5,FALSE,FALSE,306,,,,FALSE,,TRUE,{},TRUE,200,,
37,Channel Type,channel,Other,array,FALSE,FALSE,FALSE,7,FALSE,TRUE,125,,,,FALSE,,TRUE,{},TRUE,200,,
37,Plan Name,name,Other,str,TRUE,FALSE,FALSE,1,FALSE,TRUE,40,,,,FALSE,,TRUE,{},TRUE,200,,
37,Created By,created_by,Other,str,FALSE,FALSE,FALSE,2,FALSE,TRUE,63,,,,FALSE,,TRUE,{},TRUE,200,,
37,Created On,created_at,Other,DateTimeField,FALSE,FALSE,FALSE,3,FALSE,TRUE,64,,,,FALSE,,TRUE,{},TRUE,200,,
37,Updated On,updated_at,Other,DateTimeField,FALSE,FALSE,FALSE,4,FALSE,FALSE,120,,,,FALSE,,TRUE,{},TRUE,200,,
37,Hierarchy,hierarchy_level,Other,str,FALSE,FALSE,FALSE,5,TRUE,TRUE,121,,,,FALSE,,TRUE,{},TRUE,200,,
37,Selling Period,selling_period,Other,DateTimeField,FALSE,FALSE,FALSE,6,FALSE,TRUE,124,,,,FALSE,,TRUE,{},TRUE,200,,
37,No. of Articles Mapped,articles_mapped,Other,str,FALSE,FALSE,FALSE,8,TRUE,FALSE,126,,,,FALSE,,TRUE,{},TRUE,200,,
37,Status,status,Other,str,FALSE,FALSE,FALSE,10,TRUE,TRUE,135,,,,FALSE,,TRUE,{},TRUE,200,,
37,Plan Step,plan_step_desc,Other,str,FALSE,FALSE,FALSE,11,FALSE,FALSE,139,,,,FALSE,,TRUE,{},TRUE,200,,
37,Approve,is_finialize_for_po,Other,ToogleField,FALSE,TRUE,FALSE,9,FALSE,FALSE,134,,,,FALSE,,FALSE,{},TRUE,200,,
37,Plan Step,plan_step,Other,float,FALSE,FALSE,FALSE,13,TRUE,TRUE,332,,,,FALSE,,FALSE,{},TRUE,125,,
38,User Name,user_name,User,str,FALSE,FALSE,FALSE,1,FALSE,FALSE,185,,,,FALSE,,TRUE,{},TRUE,200,,
38,User ID,email,User,str,FALSE,FALSE,FALSE,2,FALSE,FALSE,186,,,,FALSE,,TRUE,{},TRUE,200,,
39,Delete,delete,User,delete_icon,FALSE,TRUE,FALSE,7,FALSE,FALSE,1834,,,,FALSE,,FALSE,{},TRUE,200,,
39,Department Accessible,hierarchies,Product,link,FALSE,TRUE,FALSE,5,FALSE,FALSE,156,,,,FALSE,,FALSE,{},TRUE,200,,
39,Application,application_name,User,str,FALSE,FALSE,FALSE,3,FALSE,FALSE,187,,,,FALSE,,TRUE,{},TRUE,200,,
39,Roles assigned,role_name,User,str,FALSE,FALSE,FALSE,4,FALSE,FALSE,226,,,,FALSE,,TRUE,{},TRUE,200,,
39,User,name,User,str,TRUE,FALSE,FALSE,1,FALSE,FALSE,254,,,,FALSE,,TRUE,{},TRUE,200,,
39,User id,user_code,User,int,TRUE,FALSE,FALSE,2,FALSE,FALSE,255,,,,FALSE,,TRUE,{},TRUE,200,,
39,Edit,edit,User,edit_icon,FALSE,TRUE,FALSE,6,FALSE,FALSE,337,,,,FALSE,,FALSE,{},TRUE,200,,
40,Category,category,Product,str,FALSE,FALSE,FALSE,1,FALSE,FALSE,250,,,,FALSE,,TRUE,{},TRUE,200,,
40,Channel,channel,Store,str,FALSE,FALSE,FALSE,2,FALSE,FALSE,251,,,,FALSE,,TRUE,{},TRUE,200,,
40,Department Code,department_code,Product,str,FALSE,FALSE,FALSE,3,FALSE,FALSE,252,,,,FALSE,,TRUE,{},TRUE,200,,
40,Department Name,department_name,Product,str,FALSE,FALSE,FALSE,4,FALSE,FALSE,253,,,,FALSE,,TRUE,{},TRUE,200,,
41,Drops,drop,DepthAndChoice,str,FALSE,FALSE,FALSE,6,TRUE,TRUE,1922,,,,FALSE,,FALSE,{},TRUE,200,,
41,Channel,channel,DepthAndChoice,str,FALSE,FALSE,FALSE,7,TRUE,FALSE,51603,,,,FALSE,,FALSE,{},TRUE,200,,
41,sub_channel,sub_channel,DepthAndChoice,str,FALSE,FALSE,FALSE,8,TRUE,TRUE,1859,,,,FALSE,,FALSE,{},TRUE,200,,
41,Enable Or Disable All Door Choice,all_door_cc_enabled,DepthAndChoice,ToogleField,FALSE,TRUE,FALSE,14,TRUE,FALSE,2462,,,,FALSE,,FALSE,{},TRUE,200,,
41,Department,l0_name,DepthAndChoice,str,FALSE,FALSE,FALSE,1,TRUE,TRUE,310,,,,FALSE,,FALSE,{},TRUE,200,,
41,Class,l1_name,DepthAndChoice,str,FALSE,FALSE,FALSE,2,TRUE,TRUE,311,,,,FALSE,,FALSE,{},TRUE,200,,
41,APS,aps,DepthAndChoice,float,FALSE,FALSE,FALSE,9,FALSE,FALSE,256,,,roundOfftoTwoDecimals,FALSE,,FALSE,{},TRUE,125,,
41,Category,l2_name,DepthAndChoice,str,FALSE,FALSE,FALSE,3,TRUE,TRUE,312,,,,FALSE,,FALSE,{},TRUE,200,,
41,LY,aps_ly,DepthAndChoice,float,FALSE,FALSE,FALSE,9.1,FALSE,FALSE,259,256,,roundOfftoTwoDecimals,FALSE,,FALSE,{},TRUE,125,,
41,TY,aps_ty,DepthAndChoice,float,FALSE,TRUE,FALSE,9.2,FALSE,FALSE,260,256,,roundOfftoTwoDecimals,FALSE,,FALSE,{},TRUE,125,,
41,ST% ,st%,DepthAndChoice,percentage,FALSE,TRUE,FALSE,10,FALSE,FALSE,157,,,roundOff,FALSE,,FALSE,{},TRUE,125,,
41,LY,st_ly,DepthAndChoice,percentage,FALSE,FALSE,FALSE,10.1,FALSE,FALSE,261,157,,roundOff,FALSE,,FALSE,{},TRUE,125,,
41,TY,st_ty,DepthAndChoice,percentage,FALSE,TRUE,FALSE,10.2,FALSE,FALSE,262,157,,roundOff,FALSE,,FALSE,{},TRUE,125,,
41,Reg Wks ,reg_wks,DepthAndChoice,int,FALSE,FALSE,FALSE,11,FALSE,FALSE,158,,,,FALSE,,FALSE,{},TRUE,125,,
41,LY,reg_wks_ly,DepthAndChoice,int,FALSE,FALSE,FALSE,11.1,FALSE,FALSE,263,158,,roundOff,FALSE,,FALSE,{},TRUE,125,,
41,TY,reg_wks_ty,DepthAndChoice,int,FALSE,TRUE,FALSE,11.2,FALSE,FALSE,264,158,,roundOff,FALSE,,FALSE,{},TRUE,125,,
41,Max Choice Count,max_cc,DepthAndChoice,int,FALSE,TRUE,FALSE,12,FALSE,FALSE,160,,,roundOff,FALSE,,FALSE,{},TRUE,125,,
41,All Door Choice,all_door_cc,DepthAndChoice,int,FALSE,FALSE,FALSE,13,FALSE,FALSE,50002,,,roundOff,FALSE,,FALSE,{},TRUE,125,,
41,CC constraint Index,cc_threshold,DepthAndChoice,float,FALSE,TRUE,FALSE,15,FALSE,FALSE,777,,,roundOfftoTwoDecimals,FALSE,,FALSE,{},TRUE,125,,
41,Category,l3_name,DepthAndChoice,attribute,TRUE,FALSE,FALSE,4,FALSE,TRUE,313,,,,FALSE,,FALSE,{},TRUE,200,,
42,Drops,drop,plan_l3_opt,str,FALSE,FALSE,FALSE,5,FALSE,FALSE,1915,,,,FALSE,,FALSE,{},TRUE,200,,
42,Sub Channel,sub_channel,plan_l3_opt,str,FALSE,FALSE,FALSE,5,TRUE,FALSE,1857,,,,FALSE,,FALSE,{},TRUE,200,,
42,Channel,channel,plan_l3_opt,str,FALSE,FALSE,FALSE,5,TRUE,FALSE,51602,,,,FALSE,,FALSE,{},TRUE,200,,
42,Store Eligibility Groups,store_eligibility_groups,plan_l3_opt,str,FALSE,FALSE,FALSE,11,FALSE,TRUE,57000,,,,FALSE,name,FALSE,{},TRUE,200,,
42,Delta RCPTS,delta_rcpts,plan_l3_opt,number,FALSE,FALSE,FALSE,9,FALSE,TRUE,276,,,,FALSE,,TRUE,{},TRUE,200,,
42,Class,l1_name,plan_l3_opt,str,TRUE,FALSE,FALSE,2,TRUE,TRUE,533,,,,FALSE,name,FALSE,{},TRUE,200,,
42,Category,l2_name,plan_l3_opt,str,TRUE,FALSE,FALSE,3,TRUE,TRUE,534,,,,FALSE,name,FALSE,{},TRUE,200,,
42,Delete,delete,plan_l3_opt,delete_icon,FALSE,TRUE,FALSE,12,FALSE,TRUE,282,,,,FALSE,,FALSE,{},TRUE,200,,
42,Department,l0_name,plan_l3_opt,str,TRUE,FALSE,FALSE,1,TRUE,TRUE,532,,,,FALSE,name,FALSE,{},TRUE,200,,
42,Pen%,pen%,plan_l3_opt,float,FALSE,FALSE,FALSE,6,FALSE,TRUE,266,,,,FALSE,,TRUE,{},TRUE,125,,
42,LY,penetration_ly,plan_l3_opt,percentage,FALSE,FALSE,FALSE,6.1,FALSE,TRUE,267,266,,roundOfftoTwoDecimals,FALSE,sum,FALSE,{},TRUE,125,,
42,TY,penetration_ty,plan_l3_opt,percentage,FALSE,TRUE,FALSE,6.2,FALSE,TRUE,268,266,,roundOfftoTwoDecimals,FALSE,sum,FALSE,{},TRUE,125,,
42,RCPTS Units,rcpts_units,plan_l3_opt,float,FALSE,FALSE,FALSE,7,FALSE,TRUE,270,,,,FALSE,,TRUE,{},TRUE,125,,
42,LY,receipts_quantity_ly,plan_l3_opt,int,FALSE,FALSE,FALSE,7.1,FALSE,TRUE,271,270,,roundOff,FALSE,sum,FALSE,{},TRUE,125,,
42,TY,receipts_quantity_ty,plan_l3_opt,int,FALSE,FALSE,FALSE,7.2,FALSE,TRUE,272,270,,roundOff,FALSE,sum,FALSE,{},TRUE,125,,
42,%,penetration_diff,plan_l3_opt,percentage,FALSE,FALSE,FALSE,9.2,FALSE,TRUE,278,276,,roundOfftoTwoDecimals,FALSE,sum,FALSE,{},TRUE,125,,
42,LY,aur_ly,plan_l3_opt,dollar,FALSE,FALSE,FALSE,10.1,FALSE,TRUE,280,279,,roundOfftoTwoDecimals,FALSE,formula,FALSE,{},TRUE,150,,
42,Receipt($),receipt,plan_l3_opt,dollar,FALSE,FALSE,FALSE,8,FALSE,TRUE,273,,,,FALSE,,TRUE,{},TRUE,150,,
42,LY,budget_ly,plan_l3_opt,dollar,FALSE,FALSE,FALSE,8.1,FALSE,TRUE,274,273,,roundOff,FALSE,sum,FALSE,{},TRUE,150,,
42,TY,budget_ty,plan_l3_opt,dollar,FALSE,TRUE,FALSE,8.2,FALSE,TRUE,275,273,,roundOff,FALSE,sum,FALSE,{},TRUE,150,,
42,$,budget_diff,plan_l3_opt,dollar,FALSE,FALSE,FALSE,9.1,FALSE,TRUE,277,276,,roundOff,FALSE,sum,FALSE,{},TRUE,150,,
42,AUR,aur,plan_l3_opt,dollar,FALSE,FALSE,FALSE,10,FALSE,TRUE,279,,,,FALSE,,TRUE,{},TRUE,150,,
42,TY,aur_ty,plan_l3_opt,dollar,FALSE,TRUE,FALSE,10.2,FALSE,TRUE,281,279,,roundOfftoTwoDecimals,FALSE,formula,FALSE,{},TRUE,150,,
42,Lock Pen,lock,plan_l3_opt,bool,FALSE,TRUE,FALSE,6.3,FALSE,TRUE,269,266,,,FALSE,,FALSE,{},TRUE,100,,
42,Category,l3_name,plan_l3_opt,attribute,TRUE,FALSE,FALSE,4,FALSE,TRUE,265,,,,FALSE,name,FALSE,{},TRUE,200,,
43,Cluster,g_cluster,Other,str,FALSE,FALSE,FALSE,1,FALSE,FALSE,283,,,,FALSE,,FALSE,{},FALSE,200,,
43,Store Name,store_name,str,link,FALSE,FALSE,TRUE,3,FALSE,TRUE,296,,count,,FALSE,,FALSE,{},FALSE,200,,
43,APS,APS,Ohter,float,FALSE,FALSE,TRUE,9,FALSE,FALSE,288,,average,roundOfftoTwoDecimals,FALSE,,FALSE,{},FALSE,125,,
43,Unit Sales,unit_sales,Other,float,FALSE,FALSE,TRUE,10,FALSE,FALSE,289,,average,roundOff,FALSE,,FALSE,{},FALSE,125,,
43,attribute_cluster_name,attribute_cluster_name,str,str,FALSE,FALSE,FALSE,4,TRUE,TRUE,298,,,,FALSE,,FALSE,{},FALSE,200,,
43,Store Code,store_code,str,str,FALSE,FALSE,TRUE,2,TRUE,TRUE,295,,,,FALSE,,FALSE,{},FALSE,200,,
43,performance_cluster_name,performance_cluster_name,str,str,FALSE,FALSE,FALSE,4,TRUE,TRUE,297,,,,FALSE,,FALSE,{},FALSE,200,,
43,Lost Sales,lost_sales,Other,float,FALSE,FALSE,TRUE,11,FALSE,FALSE,290,,average,roundOff,FALSE,,FALSE,{},FALSE,125,,
43,Sales ($),sales_retail$,Other,dollar,FALSE,FALSE,TRUE,6,FALSE,FALSE,285,,average,roundOff,FALSE,,FALSE,{},FALSE,150,,
43,Avg. Basket Size ($),avg_basket_size,Other,dollar,FALSE,FALSE,TRUE,7,FALSE,FALSE,286,,average,roundOff,FALSE,,FALSE,{},FALSE,150,,
43,AUR,AUR,Other,dollar,FALSE,FALSE,TRUE,8,FALSE,FALSE,287,,average,roundOff,FALSE,,FALSE,{},FALSE,150,,
43,Gross Margin ($),gross_margin,Other,dollar,FALSE,FALSE,TRUE,12,FALSE,FALSE,291,,average,roundOff,FALSE,,FALSE,{},FALSE,150,,
43,Margin %,margin%,Other,percentage,FALSE,FALSE,TRUE,13,FALSE,FALSE,292,,average,roundOfftoTwoDecimals,FALSE,,FALSE,{},FALSE,125,,
43,ST%,ST%,Other,percentage,FALSE,FALSE,TRUE,14,FALSE,FALSE,293,,average,roundOfftoTwoDecimals,FALSE,,FALSE,{},FALSE,125,,
43,Unit Receipt,unit_receipts,Other,float,FALSE,FALSE,TRUE,15,FALSE,FALSE,294,,average,roundOff,FALSE,,FALSE,{},FALSE,125,,
44,Significant Score,score,Other,roundOfftoTwoDecimal,FALSE,FALSE,FALSE,2,FALSE,TRUE,300,,,,FALSE,,FALSE,{},TRUE,200,,
44,Rank,rank,Other,int,FALSE,FALSE,FALSE,3,FALSE,TRUE,301,,,,FALSE,,FALSE,{},TRUE,125,,
44,Action,is_final,Other,bool,FALSE,FALSE,FALSE,4,TRUE,TRUE,302,,,,FALSE,,FALSE,{},TRUE,100,,
44,"KPI""s Name",attribute_name,Other,attribute,FALSE,FALSE,FALSE,1,FALSE,TRUE,299,,,,FALSE,,FALSE,{},TRUE,200,,
45,"KPI""s Name",attribute_name,Other,attribute,FALSE,FALSE,FALSE,1,FALSE,TRUE,303,,,,FALSE,,FALSE,{},TRUE,200,,
45,Attribute Type,is_primary,Other,boolean,FALSE,FALSE,FALSE,2,TRUE,TRUE,304,,,,FALSE,,FALSE,{},TRUE,200,,
45,Action,is_final,Other,bool,FALSE,FALSE,FALSE,3,TRUE,TRUE,305,,,,FALSE,,FALSE,{},TRUE,100,,
46,Planning Channel,channel,Plan,str,FALSE,FALSE,FALSE,6,FALSE,FALSE,318,,,,FALSE,,TRUE,{},FALSE,200,,
46,Action,action,Plan,edit_icon,FALSE,TRUE,FALSE,11,FALSE,FALSE,358,,,,FALSE,,TRUE,{},FALSE,200,,
46,Plan Stage,status_txt,Plan,str,FALSE,FALSE,FALSE,5,FALSE,FALSE,917,,,,FALSE,,FALSE,{},FALSE,200,,
46,Scenario Name,scenario_name,Plan,str,FALSE,FALSE,FALSE,4,FALSE,FALSE,918,,,,FALSE,,TRUE,{},FALSE,200,,
46,Created On,created_at,Plan,DateTimeField,FALSE,FALSE,FALSE,3,FALSE,FALSE,317,,,,FALSE,,FALSE,{},TRUE,200,,
46,Start date,plan_period_sdate,Plan,DateTimeField,FALSE,FALSE,FALSE,9,FALSE,FALSE,321,,,,FALSE,,TRUE,{},TRUE,200,,
46,End date,plan_period_edate,Plan,DateTimeField,FALSE,FALSE,FALSE,10,FALSE,FALSE,322,,,,FALSE,,TRUE,{},TRUE,200,,
46,Plan Name,name,Plan,str,TRUE,FALSE,FALSE,1,FALSE,FALSE,315,,,,FALSE,,TRUE,{},FALSE,200,,
46,Created By,created_by,Plan,str,FALSE,FALSE,FALSE,2,FALSE,FALSE,316,,,,FALSE,,FALSE,{},FALSE,200,,
46,Season,season,Plan,str,FALSE,FALSE,FALSE,7,FALSE,FALSE,319,,,,FALSE,,TRUE,{},FALSE,200,,
47,Store Number,store_code,Other,str,FALSE,FALSE,FALSE,1,FALSE,TRUE,324,,,,FALSE,,FALSE,{},TRUE,200,,
47,Store Name,store_name,Other,str,FALSE,FALSE,FALSE,2,FALSE,TRUE,325,,,,FALSE,,FALSE,{},TRUE,200,,
47,Store Type,special_classification,Other,str,FALSE,FALSE,FALSE,3,FALSE,TRUE,326,,,,FALSE,,FALSE,{},TRUE,200,,
47,Zip Code,zipcode,Other,str,FALSE,FALSE,FALSE,4,FALSE,TRUE,327,,,,FALSE,,FALSE,{},TRUE,200,,
47,District,district,Other,str,FALSE,FALSE,FALSE,6,FALSE,TRUE,329,,,,FALSE,,FALSE,{},TRUE,200,,
47,Size,size,Other,float,FALSE,FALSE,FALSE,5,FALSE,TRUE,328,,,,FALSE,,FALSE,{},TRUE,125,,
48,ID,article,product_list,str,FALSE,FALSE,FALSE,2,FALSE,FALSE,334,,,,FALSE,,TRUE,{},TRUE,200,,
48,Name,style_name,product_list,str,FALSE,FALSE,FALSE,3,FALSE,FALSE,335,,,,FALSE,,TRUE,{},TRUE,200,,
48,Category,l3_name,product_list,str,TRUE,FALSE,FALSE,1,FALSE,FALSE,333,,,,FALSE,,TRUE,{},TRUE,200,,
48,Sales ($),price,product_list,dollar,FALSE,FALSE,FALSE,3,FALSE,FALSE,336,,,roundOfftoTwoDecimals,FALSE,,FALSE,{},TRUE,150,,
49,User Name,user_name,User,str,FALSE,FALSE,FALSE,1,FALSE,FALSE,339,,,,FALSE,,FALSE,{},TRUE,200,,
49,User id,email,User,str,FALSE,FALSE,FALSE,2,FALSE,FALSE,340,,,,FALSE,,FALSE,{},TRUE,200,,
49,Delete,delete,User,delete_icon,FALSE,TRUE,FALSE,3,FALSE,FALSE,341,,,,FALSE,,FALSE,{},TRUE,200,,
50,Product ID,product_code,Product,str,TRUE,FALSE,FALSE,1,FALSE,FALSE,510,,,,FALSE,,TRUE,{},TRUE,200,,
50,Description,product_description,Product,str,FALSE,FALSE,FALSE,2,FALSE,FALSE,511,,,,FALSE,,TRUE,{},TRUE,200,,
50,Type,type,Product,list,FALSE,TRUE,FALSE,7,FALSE,FALSE,515,,,,FALSE,,TRUE,{},TRUE,200,,
50,Status,status,Product,list,FALSE,TRUE,FALSE,6,FALSE,FALSE,517,,,,FALSE,,TRUE,{},TRUE,200,,
50,Department,l0_name,Product,str,FALSE,FALSE,FALSE,3,FALSE,FALSE,516,,,,FALSE,,TRUE,{},TRUE,200,,
50,Category,l2_name,Product,str,FALSE,FALSE,FALSE,4,FALSE,FALSE,514,,,,FALSE,,TRUE,{},TRUE,200,,
51,Category,l2_name,ReceiptDrawer,str,FALSE,FALSE,FALSE,3,TRUE,TRUE,344,,,,FALSE,,FALSE,{},TRUE,200,,
51,Drop,drop,ReceiptDrawer,str,FALSE,FALSE,FALSE,5,FALSE,TRUE,1936,,,,TRUE,,FALSE,{},TRUE,200,,
51,Units,units,ReceiptDrawer,str,FALSE,FALSE,FALSE,6,FALSE,TRUE,346,,,,FALSE,,FALSE,{},TRUE,200,,
51,Class,l1_name,ReceiptDrawer,str,FALSE,FALSE,FALSE,2,TRUE,TRUE,343,,,,FALSE,,FALSE,{},TRUE,200,,
51,Diff Budget (%),difference_budget_%,ReceiptDrawer,percentage,FALSE,FALSE,FALSE,9.2,FALSE,TRUE,357,355,,roundOfftoTwoDecimals,FALSE,sum,FALSE,{},TRUE,125,,
51,Department,l0_name,ReceiptDrawer,str,FALSE,FALSE,FALSE,1,TRUE,TRUE,342,,,,FALSE,,FALSE,{},TRUE,200,,
51,Difference Units,difference_units,ReceiptDrawer,int,FALSE,FALSE,FALSE,7,FALSE,TRUE,349,,,,FALSE,,FALSE,{},TRUE,125,,
51,Diff Units,difference_units_no,ReceiptDrawer,int,FALSE,FALSE,FALSE,7.1,FALSE,TRUE,350,349,,roundOff,FALSE,sum,FALSE,{},TRUE,125,,
51,Diff Units (%),difference_units_%,ReceiptDrawer,percentage,FALSE,FALSE,FALSE,7.2,FALSE,TRUE,351,349,,roundOfftoTwoDecimals,FALSE,sum,FALSE,{},TRUE,125,,
51,Initial Units,initial_units,ReceiptDrawer,int,FALSE,FALSE,FALSE,6.1,FALSE,TRUE,347,346,,roundOff,FALSE,sum,FALSE,{},TRUE,125,,
51,Updated Units,updated_units,ReceiptDrawer,int,FALSE,FALSE,FALSE,6.2,FALSE,TRUE,348,346,,roundOff,FALSE,sum,FALSE,{},TRUE,125,,
51,Difference Budget,difference_budget,ReceiptDrawer,dollar,FALSE,FALSE,FALSE,9,FALSE,TRUE,355,,,roundOff,FALSE,sum,FALSE,{},TRUE,150,,
51,Diff Budget,difference_budget_no,ReceiptDrawer,dollar,FALSE,FALSE,FALSE,9.1,FALSE,TRUE,356,355,,roundOff,FALSE,sum,FALSE,{},TRUE,150,,
51,Budget,budget,ReceiptDrawer,dollar,FALSE,FALSE,FALSE,8,FALSE,TRUE,352,,,roundOff,FALSE,,FALSE,{},TRUE,150,,
51,Initial Budget,initial_budget,ReceiptDrawer,dollar,FALSE,FALSE,FALSE,8.1,FALSE,TRUE,353,352,,roundOff,FALSE,sum,FALSE,{},TRUE,150,,
51,Updated Budget,updated_budget,ReceiptDrawer,dollar,FALSE,FALSE,FALSE,8.2,FALSE,TRUE,354,352,,roundOff,FALSE,sum,FALSE,{},TRUE,150,,
51,Category,l3_name,ReceiptDrawer,attribute,TRUE,FALSE,FALSE,4,FALSE,TRUE,345,,,,TRUE,name,FALSE,{},TRUE,200,,
52,KPI/Metrics,metric,Plan,list,TRUE,FALSE,FALSE,1,FALSE,TRUE,359,,,,FALSE,,FALSE,{},TRUE,200,,
52,Reference,reference,Plan,list,FALSE,FALSE,FALSE,2,FALSE,TRUE,360,,,,FALSE,,FALSE,{},TRUE,200,,
52,AUR,AUR,Other,dollar,FALSE,FALSE,TRUE,5,FALSE,FALSE,376,,sum,roundOff,FALSE,,FALSE,{},TRUE,200,,
52,attribute_cluster_name,attribute_cluster_name,str,str,FALSE,FALSE,FALSE,15,TRUE,TRUE,377,,,,FALSE,,FALSE,{},TRUE,200,,
52,G Cluster,g_cluster,Other,str,FALSE,FALSE,FALSE,1,FALSE,FALSE,378,,,,FALSE,,FALSE,{},TRUE,200,,
52,Store Code,store_code,str,str,FALSE,FALSE,TRUE,13,TRUE,TRUE,379,,,,FALSE,,FALSE,{},TRUE,200,,
52,Unit Receipt,unit_receipts,Other,float,FALSE,FALSE,TRUE,12,FALSE,FALSE,380,,sum,roundOff,FALSE,,FALSE,{},TRUE,200,,
52,Unit Sales,unit_sales,Other,float,FALSE,FALSE,TRUE,7,FALSE,FALSE,381,,sum,roundOff,FALSE,,FALSE,{},TRUE,200,,
52,Lost Sales,lost_sales,Other,float,FALSE,FALSE,TRUE,8,FALSE,FALSE,382,,sum,roundOff,FALSE,,FALSE,{},TRUE,200,,
52,Gross Margin ($),gross_margin,Other,dollar,FALSE,FALSE,TRUE,9,FALSE,FALSE,383,,sum,roundOff,FALSE,,FALSE,{},TRUE,200,,
53,Store Name,store_name,Store,str,FALSE,FALSE,TRUE,2,FALSE,TRUE,361,,count,,FALSE,,FALSE,{},TRUE,200,,
53,AUR,AUR,Other,dollar,FALSE,FALSE,TRUE,5,FALSE,FALSE,362,,average,roundOff,FALSE,,FALSE,{},TRUE,200,,
53,attribute_cluster_name,attribute_cluster_name,str,str,FALSE,FALSE,FALSE,15,TRUE,TRUE,363,,,,FALSE,,FALSE,{},TRUE,200,,
53,Store Code,store_code,str,str,FALSE,FALSE,TRUE,13,TRUE,TRUE,365,,,,FALSE,,FALSE,{},TRUE,200,,
53,Unit Receipt,unit_receipts,Other,float,FALSE,FALSE,TRUE,12,FALSE,FALSE,366,,average,roundOff,FALSE,,FALSE,{},TRUE,200,,
53,Unit Sales,unit_sales,Other,float,FALSE,FALSE,TRUE,7,FALSE,FALSE,367,,average,roundOff,FALSE,,FALSE,{},TRUE,200,,
53,Lost Sales,lost_sales,Other,float,FALSE,FALSE,TRUE,8,FALSE,FALSE,368,,average,roundOff,FALSE,,FALSE,{},TRUE,200,,
53,Gross Margin ($),gross_margin,Other,dollar,FALSE,FALSE,TRUE,9,FALSE,FALSE,369,,average,roundOff,FALSE,,FALSE,{},TRUE,200,,
53,performance_cluster_name,performance_cluster_name,str,str,FALSE,FALSE,FALSE,14,TRUE,TRUE,371,,,,FALSE,,FALSE,{},TRUE,200,,
53,Avg. Basket Size ($),avg_basket_size,Other,dollar,FALSE,FALSE,TRUE,4,FALSE,FALSE,373,,average,roundOff,FALSE,,FALSE,{},TRUE,200,,
53,APS,APS,Ohter,float,FALSE,FALSE,TRUE,6,FALSE,FALSE,374,,average,roundOfftoTwoDecimals,FALSE,,FALSE,{},TRUE,200,,
53,ST%,ST%,Other,percentage,FALSE,FALSE,TRUE,11,FALSE,FALSE,370,,average,roundOfftoTwoDecimals,FALSE,,FALSE,{},TRUE,200,,
53,Sales ($),sales_retail$,Other,dollar,FALSE,FALSE,TRUE,3,FALSE,FALSE,372,,average,roundOff,FALSE,,FALSE,{},TRUE,200,,
53,Margin %,margin%,Other,percentage,FALSE,FALSE,TRUE,10,FALSE,FALSE,375,,average,roundOfftoTwoDecimals,FALSE,,FALSE,{},TRUE,200,,
53,Cluster,g_cluster,Other,str,FALSE,FALSE,FALSE,1,FALSE,FALSE,364,,,,FALSE,,FALSE,{},TRUE,200,,
54,Total Units,total_qty,Wedge,int,FALSE,FALSE,FALSE,15,FALSE,TRUE,443,,,roundOff,FALSE,,FALSE,{},TRUE,125,,
54,Flow To Next Season,flow_to_next_season,Wedge,list,FALSE,TRUE,FALSE,27,FALSE,TRUE,1880,,,,FALSE,,FALSE,{},TRUE,200,,
54,Style Name,style_name,Wedge,str,FALSE,TRUE,FALSE,20,FALSE,TRUE,1874,,,nonCommaFormatter,FALSE,,TRUE,{},TRUE,200,,
54,Style Description,style_des,Wedge,str,FALSE,TRUE,FALSE,22,FALSE,TRUE,1876,,,nonCommaFormatter,FALSE,,TRUE,{},TRUE,200,,
54,Style Number,style_no,Wedge,str,FALSE,TRUE,FALSE,23,FALSE,TRUE,1877,,,nonCommaFormatter,FALSE,,TRUE,{},TRUE,200,,
54,Merchant Pyramid,merchant_pyramid,Wedge,str,FALSE,TRUE,FALSE,28,FALSE,TRUE,1881,,,nonCommaFormatter,FALSE,,TRUE,{},TRUE,200,,
54,Suggested Size Range,suggested_size_range,Wedge,str,FALSE,TRUE,FALSE,29,FALSE,TRUE,1882,,,nonCommaFormatter,FALSE,,TRUE,{},TRUE,200,,
54,Color Code,color_code,Wedge,str,FALSE,TRUE,FALSE,30,FALSE,FALSE,1883,,,nonCommaFormatter,FALSE,,TRUE,{},TRUE,200,,
54,Parent Style,parent_style,Wedge,str,FALSE,TRUE,FALSE,32,FALSE,TRUE,1885,,,nonCommaFormatter,FALSE,,TRUE,{},TRUE,200,,
54,Pillar,pillar,Wedge,str,FALSE,TRUE,FALSE,35,FALSE,TRUE,1888,,,nonCommaFormatter,FALSE,,TRUE,{},TRUE,200,,
54,Placeholder Name,placeholder_name,Wedge,list,FALSE,FALSE,FALSE,37,FALSE,TRUE,2061,,,,FALSE,,TRUE,{},TRUE,200,,
54,Store Eligibility,store_eligibility_group,Wedge,str,FALSE,FALSE,FALSE,39,FALSE,TRUE,2474,,,,FALSE,,TRUE,{},TRUE,200,,
54,Actual MSRP,actual_msrp,Wedge,dollar,FALSE,TRUE,FALSE,24,FALSE,TRUE,1878,,,roundOfftoTwodecimal,FALSE,,TRUE,{},TRUE,150,,
54,Cost,cost,Wedge,dollar,FALSE,TRUE,FALSE,25,FALSE,TRUE,1879,,,roundOfftoTwodecimal,FALSE,,TRUE,{},TRUE,150,,
54,Season,season_name,Wedge,str,FALSE,FALSE,FALSE,1,TRUE,TRUE,565,,,,FALSE,,FALSE,{},TRUE,200,,
54,Season Date For Now,season_date_for_now,Wedge,str,FALSE,FALSE,FALSE,2,TRUE,TRUE,566,,,,FALSE,,FALSE,{},TRUE,200,,
54,Date From,season_start_date,Wedge,str,FALSE,FALSE,FALSE,2.1,TRUE,TRUE,567,566,,,FALSE,,FALSE,{},TRUE,200,,
54,Date To,season_end_date,Wedge,str,FALSE,FALSE,FALSE,2.2,TRUE,TRUE,568,566,,,FALSE,,FALSE,{},TRUE,200,,
54,Channel,channels,Wedge,str,FALSE,FALSE,FALSE,3,TRUE,TRUE,569,,,,FALSE,,FALSE,{},TRUE,200,,
54,Drops,drop,Wedge,str,FALSE,FALSE,FALSE,8,TRUE,TRUE,1925,,,,FALSE,,FALSE,{},TRUE,200,,
54,Choice Name,choice_name,Wedge,str,TRUE,FALSE,FALSE,9,FALSE,TRUE,425,,,,FALSE,,FALSE,{},TRUE,200,,
54,wedge_id,wedge_id,Wedge,str,TRUE,FALSE,FALSE,10,TRUE,TRUE,423,,,,FALSE,,FALSE,{},TRUE,200,,
54,parent_wedge_id,parent_wedge_id,Wedge,str,TRUE,FALSE,FALSE,11,TRUE,TRUE,424,,,,FALSE,,FALSE,{},TRUE,200,,
54,Initial Style ID,style_id,Wedge,str,TRUE,TRUE,FALSE,12,FALSE,TRUE,536,,,nonCommaFormatter,FALSE,,FALSE,{},TRUE,200,,
54,Drop Name,drop_name,Wedge,str,TRUE,FALSE,FALSE,13,TRUE,TRUE,1923,,,,FALSE,,FALSE,{},TRUE,200,,
54,Flow Name,flow_name,Wedge,str,FALSE,FALSE,FALSE,14,TRUE,FALSE,555,,,,FALSE,,FALSE,{},FALSE,200,,
54,All Door Choice,all_door_choice,Wedge,list,FALSE,TRUE,FALSE,17,FALSE,TRUE,51647,,,,FALSE,,FALSE,{},TRUE,200,,
54,Drop Ship,dropship_choice,Wedge,list,FALSE,TRUE,FALSE,18,FALSE,TRUE,2455,,,,FALSE,,FALSE,{},TRUE,200,,
54,Lock Choice,lock_choice,Wedge,list,FALSE,TRUE,FALSE,19,FALSE,TRUE,1873,,,,FALSE,,FALSE,{},TRUE,200,,
54,Delete Choice,delete_choice,Wedge,list,FALSE,TRUE,FALSE,26,FALSE,TRUE,2088,,,,FALSE,,FALSE,{},TRUE,200,,
54,Size,size,Wedge,list,FALSE,TRUE,FALSE,33,FALSE,TRUE,1886,,,,FALSE,,FALSE,{},TRUE,200,,
54,Carry Over From Previous Season,carry_over_prev_season,Wedge,list,FALSE,TRUE,FALSE,34,FALSE,TRUE,1887,,,,FALSE,,FALSE,{},TRUE,200,,
54,GWP,gwp,Wedge,list,FALSE,TRUE,FALSE,36,FALSE,TRUE,1889,,,,FALSE,,FALSE,{},TRUE,200,,
54,New vs Carryover,new_vs_carryover,Wedge,list,FALSE,TRUE,FALSE,38,FALSE,TRUE,2461,,,,FALSE,,FALSE,{},TRUE,200,,
54,Department,l0_name,Wedge,str,TRUE,FALSE,FALSE,4,TRUE,TRUE,419,,,,FALSE,,FALSE,{},TRUE,200,,
54,Class,l1_name,Wedge,str,TRUE,FALSE,FALSE,5,TRUE,TRUE,420,,,,FALSE,,FALSE,{},TRUE,200,,
54,Total Forecasted Qty,total_forecasted_qty,Wedge,int,FALSE,FALSE,FALSE,16,FALSE,TRUE,1872,,,,FALSE,,FALSE,{},TRUE,125,,
54,Category,l2_name,Wedge,str,TRUE,FALSE,FALSE,6,TRUE,TRUE,421,,,,FALSE,,FALSE,{},TRUE,200,,
54,Color Name,color_name,Wedge,str,FALSE,TRUE,FALSE,21,FALSE,TRUE,1875,,,nonCommaFormatter,FALSE,,TRUE,{},TRUE,200,,
54,Category,l3_name,Wedge,attribute,TRUE,FALSE,FALSE,7,TRUE,TRUE,422,,,,FALSE,,FALSE,{},TRUE,200,,
55,Review,review,Finalize by Attribute grade,review_icon,TRUE,TRUE,FALSE,1,FALSE,FALSE,457,,,,FALSE,,FALSE,{},TRUE,200,,
55,Receipt Units,receipt_units,Finalize by Attribute grade,str,FALSE,FALSE,FALSE,6,FALSE,TRUE,458,,,,FALSE,,FALSE,{},TRUE,200,,
55,Choice Count,choice_count,Finalize by Attribute grade,str,FALSE,FALSE,FALSE,8,FALSE,TRUE,464,,,,FALSE,,FALSE,{},TRUE,200,,
55,Avg Depth,avg_depth,Finalize by Attribute grade,str,FALSE,FALSE,FALSE,9,FALSE,TRUE,467,,,,FALSE,,FALSE,{},TRUE,200,,
55,APS,aps,Finalize by Attribute grade,str,FALSE,FALSE,FALSE,10,FALSE,TRUE,470,,,,FALSE,,FALSE,{},TRUE,200,,
55,Department,l0_name,Finalize by Attribute grade,str,FALSE,FALSE,FALSE,2,TRUE,TRUE,453,,,,FALSE,,FALSE,{},TRUE,200,,
55,Class,l1_name,Finalize by Attribute grade,str,FALSE,FALSE,FALSE,3,TRUE,TRUE,454,,,,FALSE,,FALSE,{},TRUE,200,,
55,TY,st_ty,Finalize by Attribute grade,percentage,FALSE,FALSE,FALSE,11.2,FALSE,TRUE,475,473,,roundOfftoTwoDecimals,FALSE,,FALSE,{},TRUE,125,,
55,Category,l2_name,Finalize by Attribute grade,str,FALSE,FALSE,FALSE,4,TRUE,TRUE,455,,,,FALSE,,FALSE,{},TRUE,200,,
55,TY,aps_ty,Finalize by Attribute grade,float,FALSE,FALSE,FALSE,10.2,FALSE,TRUE,472,470,,roundOfftoTwoDecimals,FALSE,,FALSE,{},TRUE,125,,
55,LY,receipt_units_ly,Finalize by Attribute grade,int,FALSE,FALSE,FALSE,6.1,FALSE,TRUE,459,458,,roundOff,FALSE,,FALSE,{},TRUE,125,,
55,TY,receipt_units_ty,Finalize by Attribute grade,int,FALSE,FALSE,FALSE,6.2,FALSE,TRUE,460,458,,roundOff,FALSE,,FALSE,{},TRUE,125,,
55,LY,choice_count_ly,Finalize by Attribute grade,int,FALSE,FALSE,FALSE,8.1,FALSE,TRUE,465,464,,roundOff,FALSE,,FALSE,{},TRUE,125,,
55,TY,choice_count_ty,Finalize by Attribute grade,int,FALSE,FALSE,FALSE,8.2,FALSE,TRUE,466,464,,roundOff,FALSE,,FALSE,{},TRUE,125,,
55,LY,avg_depth_ly,Finalize by Attribute grade,int,FALSE,FALSE,FALSE,9.1,FALSE,TRUE,468,467,,roundOff,FALSE,,FALSE,{},TRUE,125,,
55,TY,avg_depth_ty,Finalize by Attribute grade,int,FALSE,FALSE,FALSE,9.2,FALSE,TRUE,469,467,,roundOff,FALSE,,FALSE,{},TRUE,125,,
55,LY,st_ly,Finalize by Attribute grade,percentage,FALSE,FALSE,FALSE,11.1,FALSE,TRUE,474,473,,roundOfftoTwoDecimals,FALSE,,FALSE,{},TRUE,125,,
55,ST %,st,Finalize by Attribute grade,percentage,FALSE,FALSE,FALSE,11,FALSE,TRUE,473,,,roundOfftoTwoDecimals,FALSE,,FALSE,{},TRUE,125,,
55,LY,aps_ly,Finalize by Attribute grade,float,FALSE,FALSE,FALSE,10.1,FALSE,TRUE,471,470,,roundOfftoTwoDecimals,FALSE,,FALSE,{},TRUE,125,,
55,ReceiptS ($),receipts,Finalize by Attribute grade,dollar,FALSE,FALSE,FALSE,7,FALSE,TRUE,461,,,,FALSE,,FALSE,{},TRUE,150,,
55,LY,receipts_ly,Finalize by Attribute grade,dollar,FALSE,FALSE,FALSE,7.1,FALSE,TRUE,462,461,,roundOff,FALSE,,FALSE,{},TRUE,150,,
55,TY,receipts_ty,Finalize by Attribute grade,dollar,FALSE,FALSE,FALSE,7.2,FALSE,TRUE,463,461,,roundOff,FALSE,,FALSE,{},TRUE,150,,
55,AUR,aur,Finalize by Attribute grade,dollar,FALSE,FALSE,FALSE,12,FALSE,TRUE,476,,,roundOfftoTwoDecimals,FALSE,,FALSE,{},TRUE,150,,
55,LY,aur_ly,Finalize by Attribute grade,dollar,FALSE,FALSE,FALSE,12.1,FALSE,TRUE,477,476,,roundOfftoTwoDecimals,FALSE,,FALSE,{},TRUE,150,,
55,TY,aur_ty,Finalize by Attribute grade,dollar,FALSE,FALSE,FALSE,12.2,FALSE,TRUE,478,476,,roundOfftoTwoDecimals,FALSE,,FALSE,{},TRUE,150,,
55,Category,l3_name,Finalize by Attribute grade,attribute,TRUE,FALSE,FALSE,5,FALSE,TRUE,456,,,,FALSE,,FALSE,{},TRUE,200,,
56,Attribute value,attribute_value,Finalize by Attributes,str,TRUE,FALSE,FALSE,6,FALSE,TRUE,484,,,,FALSE,,FALSE,{},TRUE,200,,
56,Choice count,choice_count,Finalize by Attributes,str,FALSE,FALSE,FALSE,9,FALSE,TRUE,493,,,,FALSE,,FALSE,{},TRUE,200,,
56,Avg Depth,avg_depth,Finalize by Attributes,str,FALSE,FALSE,FALSE,10,FALSE,TRUE,496,,,,FALSE,,FALSE,{},TRUE,200,,
56,ST %,st,Finalize by Attributes,str,FALSE,FALSE,FALSE,12,FALSE,TRUE,502,,,,FALSE,,FALSE,{},TRUE,200,,
56,Product Attribute,attribute_name,Finalize by Attributes,str,TRUE,FALSE,FALSE,5,FALSE,TRUE,483,,,,TRUE,,FALSE,{},TRUE,200,,
56,Department,l0_name,Finalize by Attributes,str,FALSE,FALSE,FALSE,1,TRUE,TRUE,479,,,,FALSE,,FALSE,{},TRUE,200,,
56,Class,l1_name,Finalize by Attributes,str,FALSE,FALSE,FALSE,2,TRUE,TRUE,480,,,,FALSE,,FALSE,{},TRUE,200,,
56,LY,cc_ly,Finalize by Attributes,int,FALSE,FALSE,FALSE,9.1,FALSE,TRUE,494,493,,roundOff,FALSE,,FALSE,{},TRUE,125,,
56,Category,l2_name,Finalize by Attributes,str,FALSE,FALSE,FALSE,3,TRUE,TRUE,481,,,,FALSE,,FALSE,{},TRUE,200,,
56,APS,aps,Finalize by Attributes,float,FALSE,FALSE,FALSE,11,FALSE,TRUE,499,,,,FALSE,,FALSE,{},TRUE,125,,
56,LY,aps_ly,Finalize by Attributes,float,FALSE,FALSE,FALSE,11.1,FALSE,TRUE,500,499,,roundOfftoTwoDecimals,FALSE,,FALSE,{},TRUE,125,,
56,TY,aps_ty,Finalize by Attributes,float,FALSE,FALSE,FALSE,11.2,FALSE,TRUE,501,499,,roundOfftoTwoDecimals,FALSE,,FALSE,{},TRUE,125,,
56,Category,l3_name,Finalize by Attributes,str,FALSE,FALSE,FALSE,4,TRUE,TRUE,482,,,,FALSE,,FALSE,{},TRUE,200,,
56,Penetration,penetration,Finalize by Attributes,percentage,FALSE,FALSE,FALSE,7,FALSE,TRUE,487,,,,FALSE,,FALSE,{},TRUE,125,,
56,LY,pen_ly,Finalize by Attributes,percentage,FALSE,FALSE,FALSE,7.1,FALSE,TRUE,488,487,,roundOfftoTwoDecimals,FALSE,,FALSE,{},TRUE,125,,
56,TY,pen_ty,Finalize by Attributes,percentage,FALSE,FALSE,FALSE,7.2,FALSE,TRUE,489,487,,roundOfftoTwoDecimals,FALSE,,FALSE,{},TRUE,125,,
56,TY,cc_ty,Finalize by Attributes,int,FALSE,FALSE,FALSE,9.2,FALSE,TRUE,495,493,,roundOff,FALSE,,FALSE,{},TRUE,125,,
56,LY,avg_depth_ly,Finalize by Attributes,int,FALSE,FALSE,FALSE,10.1,FALSE,TRUE,497,496,,roundOff,FALSE,,FALSE,{},TRUE,125,,
56,TY,avg_depth_ty,Finalize by Attributes,int,FALSE,FALSE,FALSE,10.2,FALSE,TRUE,498,496,,roundOff,FALSE,,FALSE,{},TRUE,125,,
56,LY,st_ly,Finalize by Attributes,percentage,FALSE,FALSE,FALSE,12.1,FALSE,TRUE,503,502,,roundOfftoTwoDecimals,FALSE,,FALSE,{},TRUE,125,,
56,TY,st_ty,Finalize by Attributes,percentage,FALSE,FALSE,FALSE,12.2,FALSE,TRUE,504,502,,roundOfftoTwoDecimals,FALSE,,FALSE,{},TRUE,125,,
56,Receipt ($),receipt,Finalize by Attributes,dollar,FALSE,FALSE,FALSE,8,FALSE,TRUE,490,,,,FALSE,,FALSE,{},TRUE,150,,
56,LY,receipt$_ly,Finalize by Attributes,dollar,FALSE,FALSE,FALSE,8.1,FALSE,TRUE,491,490,,roundOff,FALSE,,FALSE,{},TRUE,150,,
56,TY,receipt$_ty,Finalize by Attributes,dollar,FALSE,FALSE,FALSE,8.2,FALSE,TRUE,492,490,,roundOff,FALSE,,FALSE,{},TRUE,150,,
57,Metric,metric,DepthMultiplier,str,FALSE,FALSE,FALSE,5,FALSE,FALSE,509,,,,FALSE,,FALSE,{},TRUE,200,,
57,Department,l0_name,DepthMultiplier,str,FALSE,FALSE,FALSE,1,TRUE,FALSE,505,,,,FALSE,,FALSE,{},TRUE,200,,
57,Class,l1_name,DepthMultiplier,str,FALSE,FALSE,FALSE,2,TRUE,FALSE,506,,,,FALSE,,FALSE,{},TRUE,200,,
57,Category,l2_name,DepthMultiplier,str,FALSE,FALSE,FALSE,3,TRUE,FALSE,507,,,,FALSE,,FALSE,{},TRUE,200,,
57,Category,l3_name,DepthMultiplier,str,FALSE,FALSE,FALSE,4,TRUE,FALSE,508,,,,FALSE,,FALSE,{},TRUE,200,,
58,Store,store_code,Store,str,FALSE,FALSE,FALSE,1,FALSE,FALSE,1952,,,,FALSE,,TRUE,{},TRUE,200,,
58,Store Name,store_name,Store,str,FALSE,FALSE,FALSE,2,FALSE,FALSE,1953,,,,FALSE,,TRUE,{},TRUE,200,,
58,Created By,created_by,user,str,FALSE,FALSE,FALSE,5,FALSE,FALSE,1956,,,,FALSE,,FALSE,{},TRUE,200,,
58,Delete,delete_icon,Store,delete_icon,FALSE,FALSE,FALSE,7,FALSE,FALSE,3012,,,,FALSE,,FALSE,{},TRUE,200,,
58,Action,add_icon,user,add_icon,FALSE,TRUE,FALSE,6,FALSE,FALSE,1957,,,,FALSE,,FALSE,{},TRUE,200,,
58,Time Periods,time_period,DateTime,str,FALSE,FALSE,FALSE,4,FALSE,FALSE,1955,,count,,FALSE,,FALSE,{},FALSE,200,,
58,Mapping,is_mapped,Others,ToogleField,FALSE,TRUE,FALSE,3,FALSE,FALSE,1954,,,,FALSE,,FALSE,{},TRUE,200,,
59,Choice,choice_name,Finalize_Buy,str,TRUE,FALSE,FALSE,1,FALSE,FALSE,522,,,,FALSE,,FALSE,{},TRUE,200,,
59,Style Desc.,style_desc,Finalize_Buy,str,FALSE,FALSE,FALSE,5,FALSE,FALSE,528,,,,FALSE,,FALSE,{},TRUE,200,,
59,Style Number,style_number,Finalize_Buy,str,FALSE,FALSE,FALSE,4,FALSE,FALSE,527,,,roundOff,FALSE,,FALSE,{},TRUE,200,,
59,#Stores,stores,Finalize_Buy,int,FALSE,FALSE,FALSE,2,FALSE,FALSE,525,,roundOff,roundOff,FALSE,,FALSE,{},TRUE,125,,
59,Total Buy Units,total_buy_units,Finalize_Buy,int,FALSE,FALSE,FALSE,3,FALSE,FALSE,526,,roundOff,roundOff,FALSE,,FALSE,{},TRUE,125,,
59,Size,size,Finalize_Buy,float,FALSE,FALSE,FALSE,6,FALSE,FALSE,529,,,roundOff,FALSE,,FALSE,{},TRUE,125,,
61,Channel,channel,l2_budget,str,FALSE,FALSE,FALSE,4,TRUE,FALSE,50001,,,,TRUE,,FALSE,{},TRUE,200,,
61,Department,l0_name,l2_budget,str,TRUE,FALSE,FALSE,1,TRUE,TRUE,537,,,,FALSE,,FALSE,{},TRUE,200,,
61,Class,l1_name,l2_budget,str,TRUE,FALSE,FALSE,2,TRUE,TRUE,538,,,,FALSE,,FALSE,{},TRUE,200,,
61,Category,l2_name,l2_budget,str,TRUE,FALSE,FALSE,3,FALSE,TRUE,539,,,,TRUE,name,FALSE,{},TRUE,200,,
62,Sub Channel,sub_channel,cluster_level_plan,str,FALSE,FALSE,FALSE,5,TRUE,TRUE,1890,,,,FALSE,,FALSE,{},TRUE,200,,
62,Drops,drop,cluster_level_plan,str,TRUE,FALSE,FALSE,3,TRUE,TRUE,1921,,,,FALSE,,FALSE,{},TRUE,200,,
62,Department,l0_name,cluster_level_plan,str,TRUE,FALSE,FALSE,1,TRUE,TRUE,540,,,,FALSE,,FALSE,{},TRUE,200,,
62,Class,l1_name,cluster_level_plan,str,TRUE,FALSE,FALSE,2,TRUE,TRUE,541,,,,FALSE,,FALSE,{},TRUE,200,,
62,Category,l2_name,cluster_level_plan,str,TRUE,FALSE,FALSE,3,TRUE,TRUE,542,,,,FALSE,,FALSE,{},TRUE,200,,
62,LY,penetration_ly,cluster_level_plan,percentage,FALSE,FALSE,FALSE,6.1,FALSE,TRUE,545,544,,roundOfftoTwoDecimals,FALSE,sum,FALSE,{},TRUE,125,,
62,Pen%,pen%,cluster_level_plan,int,TRUE,FALSE,FALSE,6,FALSE,TRUE,544,,,,TRUE,,FALSE,{},TRUE,125,,
62,TY,penetration_ty,cluster_level_plan,percentage,FALSE,FALSE,FALSE,6.2,FALSE,TRUE,546,544,,roundOfftoTwoDecimals,FALSE,sum,FALSE,{},TRUE,125,,
62,LY,total_ly,cluster_level_plan,percentage,FALSE,FALSE,FALSE,8.1,FALSE,TRUE,549,548,,roundOfftoTwoDecimals,FALSE,avg,FALSE,{},TRUE,125,,
62,TY,total_ty,cluster_level_plan,percentage,FALSE,FALSE,FALSE,8.2,FALSE,TRUE,550,548,,roundOfftoTwoDecimals,FALSE,avg,FALSE,{},TRUE,125,,
62,Attribute value,attribute_value,cluster_level_plan,attribute,TRUE,FALSE,FALSE,7,FALSE,TRUE,547,,,,FALSE,,FALSE,{},TRUE,200,,
62,Total,total,cluster_level_plan,attribute,FALSE,TRUE,FALSE,8,FALSE,TRUE,548,,,,TRUE,,FALSE,{},TRUE,200,,
62,Category,l3_name,cluster_level_plan,attribute,TRUE,FALSE,FALSE,4,FALSE,TRUE,543,,,,TRUE,name,FALSE,{},FALSE,200,,
63,Department,l0_name,plan_optimization_constraint,str,TRUE,FALSE,FALSE,1,TRUE,TRUE,551,,,,FALSE,,FALSE,{},TRUE,200,,
63,Class,l1_name,plan_optimization_constraint,str,TRUE,FALSE,FALSE,2,TRUE,TRUE,552,,,,FALSE,,FALSE,{},TRUE,200,,
63,Category,l2_name,plan_optimization_constraint,str,TRUE,FALSE,FALSE,3,TRUE,TRUE,553,,,,FALSE,,FALSE,{},TRUE,200,,
63,Category,l3_name,plan_optimization_constraint,attribute,TRUE,FALSE,FALSE,4,FALSE,TRUE,554,,,,FALSE,name,FALSE,{},TRUE,200,,
64,Drops,drop,plan_setup_drop,str,TRUE,FALSE,FALSE,5,FALSE,TRUE,1928,,,,FALSE,,FALSE,{},TRUE,200,,
64,Split by flow,drop_split,plan_setup_drop,ToogleField,FALSE,TRUE,FALSE,7,FALSE,TRUE,560,,,,FALSE,,FALSE,{},TRUE,200,,
64,Total,total,plan_setup_drop,str,TRUE,FALSE,FALSE,11,FALSE,TRUE,561,,,,FALSE,,FALSE,{},TRUE,200,,
64,Choice Flow,choice_flow,plan_setup_drop,ToogleField,TRUE,TRUE,FALSE,12,TRUE,TRUE,564,,,,FALSE,TRUE,FALSE,{},TRUE,200,,
64,Channel,channel,plan_setup_drop,str,FALSE,FALSE,FALSE,6,FALSE,TRUE,51608,,,,FALSE,,FALSE,{},TRUE,200,,
64,Department,l0_name,plan_setup_drop,str,TRUE,FALSE,FALSE,1,TRUE,TRUE,556,,,,FALSE,,FALSE,{},TRUE,200,,
64,Class,l1_name,plan_setup_drop,str,TRUE,FALSE,FALSE,2,FALSE,TRUE,557,,,,FALSE,,FALSE,{},TRUE,200,,
64,Category,l2_name,plan_setup_drop,str,TRUE,FALSE,FALSE,3,TRUE,TRUE,558,,,,FALSE,,FALSE,{},TRUE,200,,
64,Category,l3_name,plan_setup_drop,str,TRUE,FALSE,FALSE,4,FALSE,TRUE,559,,,,FALSE,name,FALSE,{},TRUE,200,,
64,Receipts($),total_receipts($),plan_setup_drop,dollar,FALSE,FALSE,FALSE,11.1,FALSE,TRUE,562,561,,roundOff,FALSE,sum,FALSE,{},TRUE,150,,
65,Reference,reference,masterplan,list,TRUE,FALSE,FALSE,2,FALSE,TRUE,577,,,,FALSE,,FALSE,{},TRUE,200,,
65,KPI/Metrics,metric,masterplan,list,TRUE,FALSE,FALSE,1,FALSE,TRUE,576,,,,TRUE,,FALSE,{},TRUE,200,,
66,BOP Cost $,bop_receipt,bop,int,TRUE,FALSE,FALSE,5,TRUE,TRUE,588,,,,FALSE,,FALSE,{},TRUE,200,,
66,BOP Quantity,bop_qty,bop,int,TRUE,FALSE,FALSE,6,TRUE,TRUE,589,,,,FALSE,,FALSE,{},TRUE,200,,
66,BOP Choice Count,bop_choice_count,bop,int,TRUE,FALSE,FALSE,7,FALSE,TRUE,590,,,,FALSE,,FALSE,{},TRUE,200,,
66,Choice view,style_view,bop,review_icon,TRUE,TRUE,FALSE,8,FALSE,TRUE,591,,,,FALSE,,FALSE,{},TRUE,200,,
66,Class,l1_name,bop,str,TRUE,FALSE,FALSE,2,TRUE,TRUE,585,,,,FALSE,,FALSE,{},TRUE,200,,
66,Category,l2_name,bop,str,TRUE,FALSE,FALSE,3,FALSE,TRUE,586,,,,FALSE,,FALSE,{},TRUE,200,,
66,Category,l3_name,bop,str,TRUE,FALSE,FALSE,4,FALSE,TRUE,587,,,,FALSE,name,FALSE,{},TRUE,200,,
66,Department,l0_name,bop,str,TRUE,FALSE,FALSE,1,TRUE,TRUE,584,,,,FALSE,,FALSE,{},TRUE,200,,
67,SKU Productivity,sku_productivity,bop,float,FALSE,FALSE,FALSE,12,FALSE,TRUE,2527,,,,FALSE,,FALSE,{},TRUE,200,,
67,Choice,choice,bop,str,TRUE,FALSE,FALSE,5,FALSE,TRUE,596,,,,FALSE,name,FALSE,{},TRUE,200,,
67,Attributes,attributes,bop,str,FALSE,FALSE,FALSE,6,FALSE,TRUE,597,,,,FALSE,name,FALSE,{},TRUE,200,,
67,Style Name,style_name,bop,str,FALSE,FALSE,FALSE,7,FALSE,TRUE,598,,,,FALSE,name,FALSE,{},TRUE,200,,
67,Color Name,color_name,bop,str,FALSE,FALSE,FALSE,8,FALSE,TRUE,599,,,,FALSE,name,FALSE,{},TRUE,200,,
67,Style Number,style_number,bop,str,FALSE,FALSE,FALSE,9,FALSE,TRUE,600,,,,FALSE,,FALSE,{},TRUE,200,,
67,BOP Quantity,bop_qty,bop,float,FALSE,FALSE,FALSE,10,FALSE,TRUE,601,,,,FALSE,,FALSE,{},TRUE,200,,
67,AUR,aur,bop,float,FALSE,FALSE,FALSE,11,FALSE,TRUE,602,,,,FALSE,,FALSE,{},TRUE,200,,
67,Category,l3_name,bop,str,TRUE,FALSE,FALSE,4,FALSE,TRUE,595,,,,FALSE,name,FALSE,{},TRUE,200,,
67,Department,l0_name,bop,str,TRUE,FALSE,FALSE,1,TRUE,TRUE,592,,,,FALSE,,FALSE,{},TRUE,200,,
67,Class,l1_name,bop,str,TRUE,FALSE,FALSE,2,TRUE,TRUE,593,,,,FALSE,,FALSE,{},TRUE,200,,
67,Category,l2_name,bop,str,TRUE,FALSE,FALSE,3,TRUE,TRUE,594,,,,FALSE,,FALSE,{},TRUE,200,,
68,APS,aps,ComparePlan,float,FALSE,FALSE,FALSE,11,FALSE,TRUE,1800,,,,FALSE,,FALSE,{},TRUE,200,,
68,LY,aps_ly,ComparePlan,float,FALSE,FALSE,FALSE,11.1,FALSE,TRUE,1803,1800,,roundOfftoTwoDecimals,FALSE,sum,FALSE,{},TRUE,200,,
68,Receipt $,receipt,ComparePlan,dollar,FALSE,FALSE,FALSE,4,FALSE,TRUE,1771,,,,FALSE,,FALSE,{},TRUE,200,,
68,LY,receipt_ly,ComparePlan,dollar,FALSE,FALSE,FALSE,4.1,FALSE,TRUE,1774,1771,,roundOff,FALSE,sum,FALSE,{},TRUE,200,,
68,LY,receipt_unit_ly,ComparePlan,int,FALSE,FALSE,FALSE,5.1,FALSE,TRUE,1778,1775,,roundOff,FALSE,sum,FALSE,{},TRUE,200,,
68,LY,choice_count_ly,ComparePlan,int,FALSE,FALSE,FALSE,6.1,FALSE,TRUE,1782,1779,,roundOff,FALSE,sum,FALSE,{},TRUE,200,,
68,LY,avg_depth_ly,ComparePlan,int,FALSE,FALSE,FALSE,7.1,FALSE,TRUE,1786,1783,,roundOff,FALSE,formula,FALSE,{},TRUE,200,,
68,LY,st_grade_ly,ComparePlan,percentage,FALSE,FALSE,FALSE,8.1,FALSE,TRUE,1790,1787,,roundOff,FALSE,formula,FALSE,{},TRUE,200,,
68,LY,aur_ly,ComparePlan,dollar,FALSE,FALSE,FALSE,9.1,FALSE,TRUE,1794,1791,,roundOfftoTwoDecimals,FALSE,formula,FALSE,{},TRUE,200,,
68,LY,imu_ly,ComparePlan,int,FALSE,FALSE,FALSE,10.1,FALSE,TRUE,1798,1795,,roundOff,FALSE,formula,FALSE,{},TRUE,200,,
68,Receipt Units,receipt_unit,ComparePlan,int,FALSE,FALSE,FALSE,5,FALSE,TRUE,1775,,,,FALSE,,FALSE,{},TRUE,200,,
68,Choice Count,choice_count,ComparePlan,int,FALSE,FALSE,FALSE,6,FALSE,TRUE,1779,,,,FALSE,,FALSE,{},TRUE,200,,
68,Avg Depth,avg_depth,ComparePlan,int,FALSE,FALSE,FALSE,7,FALSE,TRUE,1783,,,,FALSE,,FALSE,{},TRUE,200,,
68,ST%,st_grade,ComparePlan,percentage,FALSE,FALSE,FALSE,8,FALSE,TRUE,1787,,,,FALSE,,FALSE,{},TRUE,200,,
68,AUR,aur,ComparePlan,dollar,FALSE,FALSE,FALSE,9,FALSE,TRUE,1791,,,,FALSE,,FALSE,{},TRUE,200,,
68,IMU,imu,ComparePlan,int,FALSE,FALSE,FALSE,10,FALSE,TRUE,1795,,,,FALSE,,FALSE,{},TRUE,200,,
68,Class,l1_name,ComparePlan,str,TRUE,FALSE,FALSE,1,TRUE,TRUE,1828,,,,FALSE,name,FALSE,{},TRUE,200,,
68,Category,l2_name,ComparePlan,str,TRUE,FALSE,FALSE,2,TRUE,TRUE,1769,,,,FALSE,name,FALSE,{},TRUE,200,,
68,Category,l3_name,ComparePlan,str,TRUE,FALSE,FALSE,3,FALSE,TRUE,1770,,,,FALSE,name,FALSE,{},TRUE,200,,
69,KPI/Metrics,metric,Plan,list,TRUE,FALSE,FALSE,1,FALSE,TRUE,1799,,,,TRUE,,FALSE,{},TRUE,200,,
69,Reference,reference,Plan,list,FALSE,FALSE,FALSE,2,FALSE,TRUE,1808,,,,FALSE,,FALSE,{},TRUE,200,,
70,APS,aps,ComparePlan,float,FALSE,FALSE,FALSE,9,FALSE,TRUE,1824,,,,FALSE,,FALSE,{},TRUE,200,,
70,Receipt $,receipt,ComparePlan,dollar,FALSE,FALSE,FALSE,5,FALSE,TRUE,1812,,,,FALSE,,FALSE,{},TRUE,200,,
70,Avg Depth,avg_depth,ComparePlan,int,FALSE,FALSE,FALSE,7,FALSE,TRUE,1818,,,,FALSE,,FALSE,{},TRUE,200,,
70,receipt_sub,receipt_sub,ComparePlan,dollar,FALSE,FALSE,FALSE,5.1,FALSE,TRUE,1813,1812,,roundOff,FALSE,sum,FALSE,{},TRUE,200,,
70,choice_sub,choice_sub,ComparePlan,int,FALSE,FALSE,FALSE,6.1,FALSE,TRUE,1816,1815,,roundOff,FALSE,sum,FALSE,{},TRUE,200,,
70,Choice Count,choice,ComparePlan,int,FALSE,FALSE,FALSE,6,FALSE,TRUE,1815,,,,FALSE,,FALSE,{},TRUE,200,,
70,ST%,st_grade,ComparePlan,percentage,FALSE,FALSE,FALSE,8,FALSE,TRUE,1821,,,,FALSE,,FALSE,{},TRUE,200,,
70,avg_depth_sub,avg_depth_sub,ComparePlan,int,FALSE,FALSE,FALSE,7.1,FALSE,TRUE,1819,1818,,roundOff,FALSE,formula,FALSE,{},TRUE,200,,
70,st_grade_sub,st_grade_sub,ComparePlan,percentage,FALSE,FALSE,FALSE,8.1,FALSE,TRUE,1822,1821,,roundOff,FALSE,formula,FALSE,{},TRUE,200,,
70,aps_sub,aps_sub,ComparePlan,float,FALSE,FALSE,FALSE,9.1,FALSE,TRUE,1825,1824,,roundOfftoTwoDecimals,FALSE,formula,FALSE,{},TRUE,200,,
70,Cluster,cluster_name,ComparePlan,str,FALSE,FALSE,FALSE,4,FALSE,TRUE,1811,,,,FALSE,name,FALSE,{},TRUE,200,,
70,Class,l1_name,ComparePlan,str,TRUE,FALSE,FALSE,1,TRUE,TRUE,1827,,,,FALSE,,FALSE,{},TRUE,200,,
70,Category,l2_name,ComparePlan,str,TRUE,FALSE,FALSE,2,TRUE,TRUE,1809,,,,FALSE,,FALSE,{},TRUE,200,,
70,Category,l3_name,ComparePlan,str,TRUE,FALSE,FALSE,3,TRUE,TRUE,1810,,,,FALSE,,FALSE,{},TRUE,200,,
71,Creation On,created_by,CreatedComparePlan,DateTimeField,FALSE,FALSE,FALSE,3,FALSE,FALSE,1831,,,,FALSE,,FALSE,{},TRUE,200,,
71,Plan Name,plan_name,CreatedComparePlan,str,TRUE,FALSE,FALSE,1,FALSE,FALSE,1829,,,,FALSE,,FALSE,{},TRUE,200,,
71,Plan Version,plan_version,CreatedComparePlan,str,FALSE,FALSE,FALSE,4,FALSE,FALSE,1832,,,,FALSE,,FALSE,{},TRUE,200,,
71,Status,plan_status,CreatedComparePlan,str,FALSE,FALSE,FALSE,5,FALSE,FALSE,1833,,,,FALSE,,FALSE,{},TRUE,200,,
71,Year,year,CreatedComparePlan,str,FALSE,FALSE,FALSE,2,FALSE,FALSE,1830,,,,FALSE,,FALSE,{},TRUE,200,,
72,Store ID,store_code,Store,str,TRUE,FALSE,TRUE,1,FALSE,FALSE,678,,,,FALSE,,TRUE,{},TRUE,200,,
72,Store Name,store_name,Store,str,TRUE,FALSE,TRUE,2,FALSE,FALSE,679,,,,FALSE,,TRUE,{},TRUE,200,,
72,IA Classification,labels,Store,str,TRUE,FALSE,TRUE,3,FALSE,FALSE,680,,,,FALSE,,TRUE,{},TRUE,200,,
72,District,district,Store,str,TRUE,FALSE,TRUE,4,FALSE,FALSE,681,,,,FALSE,,TRUE,{},TRUE,200,,
73,Channel Type,channel,Other,list,FALSE,FALSE,FALSE,7,FALSE,TRUE,1845,,,,FALSE,,TRUE,{},TRUE,200,,
73,Plan Name,name,Other,str,TRUE,FALSE,FALSE,1,FALSE,TRUE,1846,,,,FALSE,,TRUE,{},TRUE,200,,
73,Created By,created_by,Other,str,FALSE,FALSE,FALSE,2,FALSE,TRUE,1847,,,,FALSE,,TRUE,{},TRUE,200,,
73,Created On,created_at,Other,DateTimeField,FALSE,FALSE,FALSE,3,FALSE,TRUE,1848,,,,FALSE,,TRUE,{},TRUE,200,,
73,Updated On,updated_at,Other,DateTimeField,FALSE,FALSE,FALSE,4,FALSE,FALSE,1849,,,,FALSE,,TRUE,{},TRUE,200,,
73,Hierarchy,hierarchy_level,Other,str,FALSE,FALSE,FALSE,5,TRUE,TRUE,1850,,,,FALSE,,TRUE,{},TRUE,200,,
73,Selling Period,selling_period,Other,DateTimeField,FALSE,FALSE,FALSE,6,FALSE,TRUE,1851,,,,FALSE,,TRUE,{},TRUE,200,,
73,No. of Articles Mapped,articles_mapped,Other,str,FALSE,FALSE,FALSE,8,TRUE,FALSE,1852,,,,FALSE,,TRUE,{},TRUE,200,,
73,Status,status,Other,str,FALSE,FALSE,FALSE,10,TRUE,TRUE,1853,,,,FALSE,,TRUE,{},TRUE,200,,
73,Plan Step,plan_step_desc,Other,str,FALSE,FALSE,FALSE,11,FALSE,FALSE,1854,,,,FALSE,,TRUE,{},TRUE,200,,
73,Plan Step,plan_step,Other,float,FALSE,FALSE,FALSE,13,TRUE,TRUE,1855,,,,FALSE,,FALSE,{},TRUE,200,,
74,Start Date,start_date,Report,date,FALSE,FALSE,FALSE,4,FALSE,FALSE,693,,,,FALSE,,FALSE,{},TRUE,200,,
74,End Date,end_date,Report,date,FALSE,FALSE,FALSE,5,FALSE,FALSE,694,,,,FALSE,,FALSE,{},TRUE,200,,
74,Template Type,template_type,Report,str,FALSE,FALSE,FALSE,2,FALSE,FALSE,691,,,,FALSE,,FALSE,{},TRUE,200,,
74,Template View,view_type,Report,str,FALSE,FALSE,FALSE,3,FALSE,FALSE,692,,,,FALSE,,FALSE,{},TRUE,200,,
74,Template Name,template_name,Report,str,FALSE,FALSE,FALSE,1,FALSE,FALSE,690,,,,FALSE,,FALSE,{},TRUE,200,,
75,File Name,name,files,file,FALSE,FALSE,FALSE,1,FALSE,TRUE,695,,,,FALSE,,FALSE,{},TRUE,200,,
75,Uploaded Date,uploaded_date,files,str,FALSE,FALSE,FALSE,2,FALSE,TRUE,697,,,,FALSE,,FALSE,{},TRUE,200,,
75,Created By,created_by,files,str,FALSE,FALSE,FALSE,3,FALSE,TRUE,696,,,,FALSE,,FALSE,{},TRUE,200,,
75,Action,download,files,download_icon,FALSE,TRUE,FALSE,4,FALSE,TRUE,698,,,,FALSE,,FALSE,{},TRUE,200,,
76,Trigger Choices to Flex,trigger_choice_flex,Other,ToogleField,FALSE,TRUE,FALSE,11,FALSE,FALSE,51636,,,,FALSE,,FALSE,{},TRUE,200,,
76,Channel Type,channel,Other,array,FALSE,FALSE,FALSE,7,FALSE,TRUE,1891,,,,FALSE,,TRUE,{},TRUE,200,,
76,Plan Name,name,Other,str,TRUE,FALSE,FALSE,1,FALSE,TRUE,1893,,,,FALSE,,TRUE,{},TRUE,200,,
76,Hierarchy,hierarchy_level,Other,str,FALSE,FALSE,FALSE,5,TRUE,TRUE,1894,,,,FALSE,,TRUE,{},TRUE,200,,
76,Selling Period,selling_period,Other,DateTimeField,FALSE,FALSE,FALSE,6,FALSE,TRUE,1895,,,,FALSE,,TRUE,{},TRUE,200,,
76,Season,season,Other,list,FALSE,FALSE,FALSE,8,FALSE,TRUE,1892,,,,FALSE,,TRUE,{},TRUE,200,,
76,Trigger Styles to Flex,is_finialize_for_po,Other,ToogleField,FALSE,TRUE,FALSE,10,FALSE,FALSE,1929,,,,FALSE,,FALSE,{},TRUE,200,,
76,Status,plan_step_desc,Other,str,FALSE,FALSE,FALSE,9,FALSE,TRUE,1896,,,,FALSE,,TRUE,{},TRUE,200,,
77,SKU ,sku,Product,str,FALSE,FALSE,FALSE,2,FALSE,FALSE,7116,,,,FALSE,,TRUE,{},TRUE,200,,
77,Description,product_name,Product,str,FALSE,FALSE,FALSE,3,FALSE,FALSE,1900,,,,FALSE,,TRUE,{},TRUE,200,,
77,Product ID,product_code,Product,str,TRUE,FALSE,FALSE,1,FALSE,FALSE,1899,,,,FALSE,,TRUE,{},TRUE,200,,
77,Time Periods,time_period,DateTime,str,FALSE,FALSE,FALSE,4,FALSE,FALSE,3503,,count,,FALSE,,FALSE,{},FALSE,200,,
77,Category,l2_name,Product,str,FALSE,FALSE,FALSE,4,FALSE,FALSE,1903,,,,FALSE,,TRUE,{},TRUE,200,,
78,Placeholder Description,placeholder_description,omni_mapping_table,str,FALSE,TRUE,FALSE,20,FALSE,TRUE,2488,,,,FALSE,,FALSE,{},TRUE,200,,
78,Placeholder Name,placeholder_name,omni_mapping_table,str,FALSE,FALSE,FALSE,19,FALSE,FALSE,2460,,,nonCommaFormatter,FALSE,,FALSE,{},TRUE,200,,
78,Colorway Season ID,colorway_season_id,omni_mapping_table,str,FALSE,TRUE,FALSE,17,FALSE,TRUE,51634,,,nonCommaFormatter,FALSE,,FALSE,{},TRUE,200,,
78,GLOBAL CHOICE,global_choice,omni_mapping_table,str,TRUE,FALSE,FALSE,2,FALSE,TRUE,1910,,,,FALSE,,FALSE,{},TRUE,200,,
78,GLOBAL STYLE NUMBER,global_style,omni_mapping_table,str,FALSE,TRUE,FALSE,4,FALSE,TRUE,1911,,,,FALSE,,FALSE,{},TRUE,200,,
78,Parent Style,parent_style,omni_mapping_table,str,FALSE,FALSE,FALSE,7,FALSE,TRUE,51623,,,,FALSE,,FALSE,{},TRUE,200,,
78,Style Number,style_no,omni_mapping_table,str,FALSE,FALSE,FALSE,8,FALSE,TRUE,51624,,,,FALSE,,FALSE,{},TRUE,200,,
78,Style Name,style_name,omni_mapping_table,str,FALSE,FALSE,FALSE,9,FALSE,TRUE,51625,,,,FALSE,,FALSE,{},TRUE,200,,
78,Style Description,style_des,omni_mapping_table,str,FALSE,FALSE,FALSE,10,FALSE,TRUE,51626,,,,FALSE,,FALSE,{},TRUE,200,,
78,Color Code,color_code,omni_mapping_table,str,FALSE,FALSE,FALSE,11,FALSE,TRUE,51627,,,,FALSE,,FALSE,{},TRUE,200,,
78,Color Name,color_name,omni_mapping_table,str,FALSE,FALSE,FALSE,12,FALSE,TRUE,51628,,,,FALSE,,FALSE,{},TRUE,200,,
78,Suggested Size Range,suggested_size_range,omni_mapping_table,str,FALSE,FALSE,FALSE,13,FALSE,TRUE,51629,,,,FALSE,,FALSE,{},TRUE,200,,
78,Size,size,omni_mapping_table,str,FALSE,FALSE,FALSE,14,FALSE,TRUE,51630,,,,FALSE,,FALSE,{},TRUE,200,,
78,Actual MSRP,actual_msrp,omni_mapping_table,str,FALSE,FALSE,FALSE,15,FALSE,TRUE,51631,,,,FALSE,,FALSE,{},TRUE,200,,
78,Cost,cost,omni_mapping_table,str,FALSE,FALSE,FALSE,16,FALSE,TRUE,51632,,,,FALSE,,FALSE,{},TRUE,200,,
78,New vs Carryover,new_vs_carryover,omni_mapping_table,list,FALSE,TRUE,FALSE,18,FALSE,TRUE,51635,,,,FALSE,,FALSE,{},TRUE,200,,
78,OVERALL BUY UNITS,overall_buy_units,omni_mapping_table,int,FALSE,FALSE,FALSE,5,FALSE,TRUE,1912,,,,FALSE,,FALSE,{},TRUE,125,,
78,Delete,delete,omni_mapping_table,delete_icon,FALSE,TRUE,FALSE,21,FALSE,TRUE,1913,,,,FALSE,,FALSE,{},TRUE,200,,
78,Category,l3_name,omni_mapping_table,str,TRUE,FALSE,FALSE,3,FALSE,TRUE,1935,,,,FALSE,,FALSE,{},TRUE,200,,
79,Style Color ID,article,Product,str,TRUE,FALSE,FALSE,2,FALSE,FALSE,1983,,,,FALSE,,TRUE,{},TRUE,200,,
79,Style ID,style,Product,str,TRUE,FALSE,FALSE,3,FALSE,FALSE,1984,,,,FALSE,,TRUE,{},TRUE,200,,
79,Color ID,color_code,Product,str,TRUE,FALSE,FALSE,4,FALSE,FALSE,1985,,,,FALSE,,TRUE,{},TRUE,200,,
79,Assortment Indicator,assortment_indicator,Product,str,FALSE,FALSE,FALSE,5,FALSE,FALSE,1986,,,,FALSE,,TRUE,{},TRUE,200,,
79,Store Group,store_groups,Product,str,FALSE,FALSE,FALSE,6,FALSE,FALSE,1987,,,,FALSE,,TRUE,{},TRUE,200,,
79,Introduction Date,launch_date,Product,date,FALSE,FALSE,FALSE,7,FALSE,FALSE,1988,,,,FALSE,,FALSE,{},TRUE,200,,
79,Last Allocated,allocated_time,Product,date,FALSE,FALSE,FALSE,8,FALSE,FALSE,1989,,,,FALSE,,FALSE,{},TRUE,200,,
79,Factor Type,factory_type,Product,str,FALSE,FALSE,FALSE,9,FALSE,FALSE,1990,,,,FALSE,,TRUE,{},TRUE,200,,
79,Style Description,style_description,Product,str,FALSE,FALSE,FALSE,10,FALSE,FALSE,1991,,,,FALSE,,TRUE,{},TRUE,200,,
79,Style Color,human_readable_color,Product,str,FALSE,FALSE,FALSE,11,FALSE,FALSE,1992,,,,FALSE,,TRUE,{},TRUE,200,,
79,Filters,Filters,Product,str,FALSE,FALSE,FALSE,12,FALSE,FALSE,1993,,,,FALSE,,FALSE,{},TRUE,200,,
79,Sales Performance,Sales Performance,Product,str,FALSE,FALSE,FALSE,17,FALSE,FALSE,1998,,,,FALSE,,FALSE,{},TRUE,200,,
79,LW Revenue,lw_revenue,Product,dollar,FALSE,FALSE,FALSE,18,FALSE,FALSE,2005,1998,,,FALSE,,FALSE,{},TRUE,200,,
79,LW Margin,lw_margin,Product,dollar,FALSE,FALSE,FALSE,19,FALSE,FALSE,2006,1998,,,FALSE,,FALSE,{},TRUE,200,,
79,Promo %,promo,Product,percentage,FALSE,FALSE,FALSE,20,FALSE,FALSE,2007,1998,,,FALSE,,FALSE,{},TRUE,200,,
79,Price Point,price,Product,dollar,FALSE,FALSE,FALSE,21,FALSE,FALSE,2008,1998,,,FALSE,,FALSE,{},TRUE,200,,
79,Inventory,Inventory,Product,str,FALSE,FALSE,FALSE,22,FALSE,FALSE,2009,,,,FALSE,,FALSE,{},TRUE,200,,
79,Bulk Remaining,bulk_remaining,Product,int,FALSE,FALSE,FALSE,23,FALSE,FALSE,2010,2009,,,FALSE,,FALSE,{},TRUE,200,,
79,On hand,oh,Product,int,FALSE,FALSE,FALSE,24,FALSE,FALSE,2011,2009,,,FALSE,,FALSE,{},TRUE,200,,
79,On Order,oo,Product,int,FALSE,FALSE,FALSE,25,FALSE,FALSE,2012,2009,,,FALSE,,FALSE,{},TRUE,200,,
79,InTransit,it,Product,int,FALSE,FALSE,FALSE,26,FALSE,FALSE,2013,2009,,,FALSE,,FALSE,{},TRUE,200,,
79,WOS,wos,Product,int,FALSE,FALSE,FALSE,27,FALSE,FALSE,2014,2009,,,FALSE,,FALSE,{},TRUE,200,,
79,Size Integrity(On Hand),si,Product,percentage,FALSE,FALSE,FALSE,28,FALSE,FALSE,2015,2009,,,FALSE,,FALSE,{},TRUE,200,,
79,Store Count,Store Count,Product,str,FALSE,FALSE,FALSE,29,FALSE,FALSE,2016,,,,FALSE,,FALSE,{},TRUE,200,,
79,Stockout,stock_out,Product,link,FALSE,TRUE,FALSE,30,FALSE,FALSE,2017,2016,,,FALSE,,FALSE,{},TRUE,200,,
79,Shortfall,shortfall,Product,link,FALSE,TRUE,FALSE,31,FALSE,FALSE,2018,2016,,,FALSE,,FALSE,{},TRUE,200,,
79,Normal,normal,Product,link,FALSE,TRUE,FALSE,32,FALSE,FALSE,2019,2016,,,FALSE,,FALSE,{},TRUE,200,,
79,Excess,excess,Product,link,FALSE,TRUE,FALSE,33,TRUE,FALSE,2020,2016,,,FALSE,,FALSE,{},TRUE,200,,
79,Department,l0_name,Product,str,FALSE,FALSE,FALSE,13,FALSE,FALSE,1994,1993,,,FALSE,,TRUE,{},TRUE,200,,
79,Class,l1_name,Product,str,FALSE,FALSE,FALSE,14,FALSE,FALSE,1995,1993,,,FALSE,,TRUE,{},TRUE,200,,
79,Category,l2_name,Product,str,FALSE,FALSE,FALSE,15,FALSE,FALSE,1996,1993,,,FALSE,,TRUE,{},TRUE,200,,
80,Sub Channel,sub_channel,assort_drop_feature,str,FALSE,FALSE,FALSE,5,TRUE,FALSE,860,,,,FALSE,,FALSE,{},TRUE,200,,
80,Channel,channel,assort_drop_feature,str,FALSE,FALSE,FALSE,4,FALSE,FALSE,50008,,,,FALSE,,FALSE,{},TRUE,200,,
80,Class,l1_name,assort_drop_feature,str,TRUE,FALSE,FALSE,2,TRUE,TRUE,833,,,,FALSE,,FALSE,{},TRUE,200,,
80,Department,l0_name,assort_drop_feature,str,TRUE,FALSE,FALSE,1,TRUE,TRUE,832,,,,FALSE,,FALSE,{},TRUE,200,,
80,Category,l2_name,assort_drop_feature,str,TRUE,FALSE,FALSE,3,FALSE,TRUE,834,,,,FALSE,,FALSE,{},TRUE,200,,
82,Global Color,color,Inventory,str,FALSE,FALSE,FALSE,3,FALSE,FALSE,910,,,,FALSE,,TRUE,{},TRUE,200,,
82,Style,style,Inventory,str,FALSE,FALSE,FALSE,2,FALSE,FALSE,881,,,,FALSE,,TRUE,{},TRUE,200,,
82,Department,l0_name,Inventory,str,TRUE,FALSE,FALSE,2,TRUE,FALSE,871,,,,FALSE,,TRUE,{},TRUE,200,,
82,Category,l2_name,Inventory,str,FALSE,FALSE,FALSE,7,FALSE,FALSE,884,,,,FALSE,,TRUE,{},TRUE,200,,
82,Style Description,style_description,Inventory,str,FALSE,FALSE,FALSE,4,FALSE,FALSE,5075,,,,FALSE,,TRUE,{},TRUE,200,,
82,Product Profiled Mapped,product_profile_name,Inventory,link,FALSE,TRUE,FALSE,12,FALSE,FALSE,919,,,,FALSE,,TRUE,{},TRUE,200,,
82,Style Color ID,article,Inventory,str,TRUE,FALSE,FALSE,1,FALSE,FALSE,908,,,,FALSE,,TRUE,{},TRUE,200,,
82,DC Mapped,dc_mapped,Inventory,link,FALSE,TRUE,FALSE,10,FALSE,FALSE,888,,,,FALSE,,FALSE,{},TRUE,200,,
82,Store groups/Store mapped,store_group_mapped_display,Inventory,link,FALSE,TRUE,FALSE,9,FALSE,FALSE,887,,,,FALSE,,FALSE,{},TRUE,200,,
82,Old Style ID,old_id,Inventory,link,FALSE,TRUE,FALSE,11,FALSE,FALSE,914,,,,FALSE,,TRUE,{},TRUE,200,,
82,Class,l1_name,Inventory,str,FALSE,FALSE,FALSE,6,FALSE,FALSE,883,,,,FALSE,,TRUE,{},TRUE,200,,
83,Store Number,store_code,Store Mapping,list,FALSE,TRUE,FALSE,1,FALSE,TRUE,1914,,,,FALSE,,FALSE,{},TRUE,200,,
83,From Date,start_date,Store Mapping,DateTimeField,FALSE,TRUE,FALSE,2,FALSE,TRUE,1930,,,,FALSE,,FALSE,{},TRUE,200,,
83,To Date,end_date,Store Mapping,DateTimeField,FALSE,TRUE,FALSE,3,FALSE,FALSE,1931,,,,FALSE,,FALSE,{},TRUE,200,,
84,Similar Mapping,similar_mapping,Product Profile,str,FALSE,FALSE,FALSE,9,FALSE,TRUE,2031,,,,FALSE,,FALSE,{},TRUE,200,,
84,Style color,article,Product Profile,link,FALSE,FALSE,FALSE,1,FALSE,TRUE,2035,,,,FALSE,,TRUE,{},TRUE,200,,
84,Style,style,Product Profile,str,FALSE,FALSE,FALSE,2,FALSE,TRUE,2036,,,,FALSE,,TRUE,{},TRUE,200,,
84,Colour,color_code,Product Profile,str,FALSE,FALSE,FALSE,3,FALSE,TRUE,2037,,,,FALSE,,TRUE,{},TRUE,200,,
84,Style description,style_description,Product Profile,str,FALSE,FALSE,FALSE,4,FALSE,TRUE,2038,,,,FALSE,,TRUE,{},TRUE,200,,
84,Channel,channel,Product Profile,str,FALSE,FALSE,FALSE,5,FALSE,TRUE,2039,,,,FALSE,,TRUE,{},TRUE,200,,
84,Class,l1_name,Product Profile,str,FALSE,FALSE,FALSE,7,FALSE,TRUE,2058,,,,FALSE,,TRUE,{},TRUE,200,,
84,Department,l0_name,Product Profile,str,FALSE,FALSE,FALSE,6,FALSE,TRUE,2057,,,,FALSE,,TRUE,{},TRUE,200,,
85,Product Profile,name,Product Profile,link,FALSE,FALSE,FALSE,1,FALSE,TRUE,2040,,,,FALSE,,TRUE,{},TRUE,200,,
85,Channel,channel,Product Profile,str,FALSE,FALSE,FALSE,2,FALSE,TRUE,2041,,,,FALSE,,TRUE,{},TRUE,200,,
85,Time Attribute,date_value,Product Profile,str,FALSE,FALSE,FALSE,6,FALSE,TRUE,2045,,,,FALSE,,TRUE,{},TRUE,200,,
85,Sales Attribute,sales_attribute,Product Profile,str,FALSE,FALSE,FALSE,7,FALSE,TRUE,2046,,,,FALSE,,TRUE,{},TRUE,200,,
85,Product Attribute,product_attribute,Product Profile,str,FALSE,FALSE,FALSE,8,FALSE,TRUE,2047,,,,FALSE,,TRUE,{},TRUE,200,,
85,Created At,created_at,Product Profile,DateTimeField,FALSE,FALSE,FALSE,9,FALSE,TRUE,2052,,,,FALSE,,FALSE,{},TRUE,200,,
85,Created By,user_name,Product Profile,str,FALSE,FALSE,FALSE,10,FALSE,TRUE,2053,,,,FALSE,,TRUE,{},TRUE,200,,
85,Edit,edit,Product Profile,edit_icon,FALSE,TRUE,FALSE,11,FALSE,TRUE,2054,,,,FALSE,,FALSE,{},TRUE,200,,
85,Delete,delete,Product Profile,delete_icon,FALSE,TRUE,FALSE,12,FALSE,TRUE,2055,,,,FALSE,,FALSE,{},TRUE,200,,
85,Class,l1_name,Product Profile,str,FALSE,FALSE,FALSE,4,FALSE,TRUE,2043,,,,FALSE,,TRUE,{},TRUE,200,,
85,Department,l0_name,Product Profile,str,FALSE,FALSE,FALSE,3,FALSE,TRUE,2042,,,,FALSE,,TRUE,{},TRUE,200,,
86,Style color,article,Product Profile,str,FALSE,FALSE,FALSE,1,FALSE,TRUE,2032,,,,FALSE,,FALSE,{},TRUE,200,,
86,Style description,style_description,Product Profile,str,FALSE,FALSE,FALSE,2,FALSE,TRUE,2033,,,,FALSE,,FALSE,{},TRUE,200,,
86,Color,color_code,Product Profile,str,FALSE,FALSE,FALSE,3,FALSE,TRUE,2034,,,,FALSE,,FALSE,{},TRUE,200,,
86,Contribution,contribution,Product Profile,percentage,FALSE,FALSE,FALSE,4,FALSE,TRUE,2059,,,roundOfftoTwoDecimals,FALSE,,FALSE,{},TRUE,200,,
87,Contribution,contribution,Product Profile,percentage,FALSE,FALSE,FALSE,4,FALSE,TRUE,2051,,,roundOfftoTwoDecimals,FALSE,,FALSE,{},TRUE,200,,
87,Sales Qty,sales,Product Profile,int,FALSE,FALSE,FALSE,5,FALSE,TRUE,2056,,,,FALSE,,FALSE,{},TRUE,200,,
87,Style color,article,Product Profile,str,FALSE,FALSE,FALSE,1,FALSE,TRUE,2048,,,,FALSE,,TRUE,{},TRUE,200,,
87,Style description,style_description,Product Profile,str,FALSE,FALSE,FALSE,2,FALSE,TRUE,2049,,,,FALSE,,TRUE,{},TRUE,200,,
87,Color,color_code,Product Profile,str,FALSE,FALSE,FALSE,3,FALSE,TRUE,2050,,,,FALSE,,TRUE,{},TRUE,200,,
88,Product,product_code,Product Mapping,list,FALSE,TRUE,FALSE,1,FALSE,TRUE,1932,,,,FALSE,,FALSE,{},TRUE,200,,
88,From Date,start_date,Product Mapping,DateTimeField,FALSE,TRUE,FALSE,2,FALSE,TRUE,1933,,,,FALSE,,FALSE,{},TRUE,200,,
88,To Date,end_date,Product Mapping,DateTimeField,FALSE,TRUE,FALSE,3,FALSE,FALSE,1934,,,,FALSE,,FALSE,{},TRUE,200,,
89,Store Grade,store_grade,Store,str,TRUE,FALSE,FALSE,3,FALSE,TRUE,5000,,,,FALSE,,TRUE,{},TRUE,200,,
89,Store code,store_code,Store,str,TRUE,FALSE,FALSE,1,FALSE,TRUE,5007,,,,FALSE,,TRUE,{},TRUE,200,,
89,Store Name,store_name,Store,str,TRUE,FALSE,FALSE,2,FALSE,TRUE,5004,,,,FALSE,,TRUE,{},TRUE,200,,
89,Min,min_stock,Others,float,FALSE,FALSE,FALSE,6,FALSE,TRUE,5001,,,,FALSE,,TRUE,{},TRUE,200,,
89,Max,max_stock,Others,float,FALSE,FALSE,FALSE,7,FALSE,TRUE,5002,,,,FALSE,,TRUE,{},TRUE,200,,
89,Estimated Demand,estimated_demand,Others,float,FALSE,FALSE,FALSE,9,FALSE,TRUE,5072,,,,FALSE,,TRUE,{},TRUE,200,,
89,Transit Time,transit_time,Others,float,FALSE,FALSE,FALSE,10,FALSE,TRUE,5073,,,,FALSE,,TRUE,{},TRUE,200,,
89,OnHand,onhand,Others,float,FALSE,FALSE,FALSE,11,FALSE,TRUE,5006,,,,FALSE,,TRUE,{},TRUE,200,,
89,OnOrder,onorder,Others,float,FALSE,FALSE,FALSE,12,FALSE,TRUE,5009,,,,FALSE,,TRUE,{},TRUE,200,,
89,InTransit,intransit,Others,float,FALSE,FALSE,FALSE,13,FALSE,TRUE,5010,,,,FALSE,,TRUE,{},TRUE,200,,
89,Proportion,proportion,Others,str,FALSE,FALSE,FALSE,4,FALSE,TRUE,5005,,,,FALSE,,FALSE,{},TRUE,200,,
89,APS,APS/ROS_rounded,Others,float,FALSE,TRUE,FALSE,5,FALSE,TRUE,5008,,,,FALSE,,TRUE,{},TRUE,200,,
89,WOS,WOS_rounded,Others,float,FALSE,TRUE,FALSE,8,FALSE,TRUE,5003,,,,FALSE,,TRUE,{},TRUE,200,,
89,Reference Store,ref_store,Store,list,FALSE,TRUE,FALSE,4,FALSE,TRUE,5011,,,,FALSE,,TRUE,{},TRUE,200,,
90,Store Name,store_name,Product Mapping,str,FALSE,FALSE,FALSE,2,FALSE,TRUE,2001,,,,FALSE,,TRUE,{},TRUE,200,,
90,Store Number,store_code,Product Mapping,str,FALSE,FALSE,FALSE,1,FALSE,TRUE,2000,,,,FALSE,,TRUE,{},TRUE,200,,
90,District,district,Product Mapping,str,FALSE,FALSE,FALSE,3,FALSE,TRUE,2002,,,,FALSE,,TRUE,{},TRUE,200,,
90,Time Periods,time_period,DateTime,str,FALSE,FALSE,FALSE,4,FALSE,TRUE,2003,,count,,FALSE,,FALSE,{},TRUE,200,,
91,Is Mapped,is_mapped,Product,bool,FALSE,FALSE,FALSE,8,FALSE,FALSE,2515,,,,FALSE,,TRUE,{},FALSE,200,,
91,Product ID,product_code,Product,str,FALSE,FALSE,FALSE,1,FALSE,FALSE,1942,,,,FALSE,,TRUE,{},TRUE,200,,
91,Product Name,product_name,Product,str,FALSE,FALSE,FALSE,3,FALSE,FALSE,1943,,,,FALSE,,TRUE,{},TRUE,200,,
91,Style ID,style,Product,str,FALSE,FALSE,FALSE,4,FALSE,FALSE,1944,,,,FALSE,,TRUE,{},TRUE,200,,
91,Stores Mapped,num_stores_mapped,Store,link,FALSE,TRUE,FALSE,5,FALSE,FALSE,1945,,,,FALSE,,FALSE,{},TRUE,200,,
91,Action,add_icon,Others,add_icon,FALSE,TRUE,FALSE,7,FALSE,FALSE,1981,,,,FALSE,,FALSE,{},FALSE,200,,
91,Include Unmapped Stores,include_unmapped,Store,ToogleField,FALSE,TRUE,FALSE,6,FALSE,FALSE,1946,,,,FALSE,,FALSE,{},FALSE,200,,
91,SKU,sku,product,str,FALSE,FALSE,FALSE,2,FALSE,FALSE,2489,,,,FALSE,,TRUE,{},TRUE,200,,
92,Channel Type,channel,Other,list,FALSE,FALSE,FALSE,3,FALSE,TRUE,1947,,,,FALSE,,TRUE,{},TRUE,200,,
92,Season,season,Other,str,FALSE,FALSE,FALSE,6,FALSE,TRUE,1979,,,,FALSE,,TRUE,{},TRUE,200,,
92,Sub Channel,sub_channel,Other,list,FALSE,FALSE,FALSE,4,TRUE,TRUE,51601,,,,FALSE,,TRUE,{},TRUE,200,,
92,Year,year,Other,str,FALSE,FALSE,FALSE,5,FALSE,TRUE,1948,,,,FALSE,,TRUE,{},TRUE,200,,
92,Enable Plan Detail,plan_detail,Other,array,FALSE,TRUE,FALSE,8,TRUE,FALSE,2456,,,,FALSE,,FALSE,{},TRUE,200,,
92,Hierarchy,hierarchy_level,Other,str,FALSE,FALSE,FALSE,1,TRUE,TRUE,2459,,,,FALSE,,TRUE,{},TRUE,200,,
92,Mapped Plan,mapped,Other,link,FALSE,TRUE,FALSE,8.1,FALSE,FALSE,2457,,,,FALSE,,FALSE,{},TRUE,200,,
92,Unmapped Plan,unmapped,Other,link,FALSE,TRUE,FALSE,8.2,FALSE,FALSE,2458,,,,FALSE,,FALSE,{},TRUE,200,,
92,All Door Choice Count,all_door_cc,Other,int,FALSE,TRUE,FALSE,7,FALSE,TRUE,1951,,,,FALSE,,FALSE,{},TRUE,125,,
92,Category,l3_name,Other,str,FALSE,FALSE,FALSE,2,FALSE,TRUE,51589,,,,FALSE,,TRUE,{},TRUE,200,,
93,Category,l2_name,non_linear_edit,str,TRUE,FALSE,FALSE,3,TRUE,TRUE,1960,,,,FALSE,name,FALSE,{},TRUE,200,,
93,Drops,drop,non_linear_edit,str,FALSE,FALSE,FALSE,5,FALSE,FALSE,1963,,,,FALSE,,FALSE,{},TRUE,200,,
93,_ RCPTS,delta_rcpts,non_linear_edit,number,FALSE,FALSE,FALSE,10,TRUE,TRUE,1973,,,,FALSE,,TRUE,{},TRUE,200,,
93,Class,l1_name,non_linear_edit,str,TRUE,FALSE,FALSE,2,TRUE,TRUE,1959,,,,FALSE,name,FALSE,{},TRUE,200,,
93,LY,receipts_quantity_ly,non_linear_edit,int,FALSE,FALSE,FALSE,8.1,FALSE,TRUE,1968,1967,,roundOff,FALSE,sum,FALSE,{},TRUE,125,,
93,TY,receipts_quantity_ty,non_linear_edit,int,FALSE,TRUE,FALSE,8.2,FALSE,TRUE,1969,1967,,roundOff,FALSE,sum,FALSE,{},TRUE,125,,
93,Sub Channel,sub_channel,non_linear_edit,str,FALSE,FALSE,FALSE,6,FALSE,FALSE,1962,,,,FALSE,,FALSE,{},TRUE,200,,
93,Pen%,pen%,non_linear_edit,float,FALSE,FALSE,FALSE,7,FALSE,TRUE,1964,,,,FALSE,,TRUE,{},TRUE,125,,
93,Department,l0_name,non_linear_edit,str,TRUE,FALSE,FALSE,1,TRUE,TRUE,1958,,,,FALSE,name,FALSE,{},TRUE,200,,
93,LY,penetration_ly,non_linear_edit,percentage,FALSE,FALSE,FALSE,7.1,FALSE,TRUE,1965,1964,,roundOfftoTwoDecimals,FALSE,sum,FALSE,{},TRUE,125,,
93,RCPTS Units,rcpts_units,non_linear_edit,float,FALSE,FALSE,FALSE,8,FALSE,TRUE,1967,,,,FALSE,,TRUE,{},TRUE,125,,
93,TY,penetration_ty,non_linear_edit,percentage,FALSE,TRUE,FALSE,7.2,FALSE,FALSE,1966,1964,,roundOfftoTwoDecimals,FALSE,sum,FALSE,{},TRUE,125,,
93,%,penetration_diff,non_linear_edit,percentage,FALSE,FALSE,FALSE,10.2,TRUE,TRUE,1975,1973,,roundOfftoTwoDecimals,FALSE,sum,FALSE,{},TRUE,125,,
93,Receipt($),receipt,non_linear_edit,dollar,FALSE,FALSE,FALSE,9,FALSE,TRUE,1970,,,,FALSE,,TRUE,{},TRUE,150,,
93,LY,budget_ly,non_linear_edit,dollar,FALSE,FALSE,FALSE,9.1,FALSE,TRUE,1971,1970,,roundOff,FALSE,sum,FALSE,{},TRUE,150,,
93,$,budget_diff,non_linear_edit,dollar,FALSE,FALSE,FALSE,10.1,TRUE,TRUE,1974,1973,,roundOff,FALSE,sum,FALSE,{},TRUE,150,,
93,AUR,aur,non_linear_edit,dollar,FALSE,FALSE,FALSE,11,FALSE,TRUE,1976,,,,FALSE,,TRUE,{},TRUE,150,,
93,LY,aur_ly,non_linear_edit,dollar,FALSE,FALSE,FALSE,11.1,FALSE,TRUE,1977,1976,,roundOfftoTwoDecimals,FALSE,formula,FALSE,{},TRUE,150,,
93,TY,aur_ty,non_linear_edit,dollar,FALSE,TRUE,FALSE,11.2,FALSE,TRUE,1978,1976,,roundOfftoTwoDecimals,FALSE,formula,FALSE,{},TRUE,150,,
93,TY,budget_ty,non_linear_edit,dollar,FALSE,TRUE,FALSE,9.2,FALSE,TRUE,1972,1970,,roundOff,FALSE,sum,FALSE,{},TRUE,150,,
93,Category,l3_name,non_linear_edit,attribute,TRUE,FALSE,FALSE,4,FALSE,TRUE,1961,,,,FALSE,name,FALSE,{},TRUE,200,,
94,Store No.,store_code,Store,str,FALSE,FALSE,FALSE,1,FALSE,FALSE,2021,,,,FALSE,,TRUE,{},TRUE,200,,
94,Store Name,store_name,Store,str,FALSE,FALSE,FALSE,2,FALSE,FALSE,2022,,,,FALSE,,TRUE,{},TRUE,200,,
94,In Transit,it,Store,int,FALSE,FALSE,FALSE,3,FALSE,FALSE,2023,,,,FALSE,,FALSE,{},TRUE,200,,
94,On Order,oo,Store,int,FALSE,FALSE,FALSE,4,FALSE,FALSE,2024,,,,FALSE,,FALSE,{},TRUE,200,,
94,In Hand,oh,Store,int,FALSE,FALSE,FALSE,5,FALSE,FALSE,2025,,,,FALSE,,FALSE,{},TRUE,200,,
94,WOS,wos,Store,int,FALSE,FALSE,FALSE,6,FALSE,FALSE,2026,,,,FALSE,,FALSE,{},TRUE,200,,
94,Size Integrity,si,Store,percentage,FALSE,FALSE,FALSE,7,FALSE,FALSE,2027,,,,FALSE,,FALSE,{},TRUE,200,,
94,LW Units,lw_qty,Store,int,FALSE,FALSE,FALSE,8,FALSE,FALSE,2028,,,,FALSE,,FALSE,{},TRUE,200,,
94,LW Revenue,lw_revenue,Store,dollar,FALSE,FALSE,FALSE,9,FALSE,FALSE,2029,,,,FALSE,,FALSE,{},TRUE,200,,
94,LW Margin,lw_margin,Store,dollar,FALSE,FALSE,FALSE,10,FALSE,FALSE,2030,,,,FALSE,,FALSE,{},TRUE,200,,
97,Available inventory,Total_Available_Inventory,others,str,TRUE,FALSE,FALSE,3,FALSE,TRUE,5019,,,,FALSE,,TRUE,{},TRUE,200,,
97,Inv source code,dc_code,store,str,TRUE,FALSE,FALSE,1,FALSE,TRUE,5017,,,,FALSE,,TRUE,{},TRUE,200,,
97,Inv source name,dc_name,store,str,TRUE,FALSE,FALSE,2,FALSE,TRUE,5018,,,,FALSE,,TRUE,{},TRUE,200,,
97,Quantity  Reserved,Reserve_Quantity,others,str,TRUE,FALSE,FALSE,4,FALSE,TRUE,5020,,,,FALSE,,TRUE,{},TRUE,200,,
97,Allocated Units,Allocated_Reserve_Quantity,others,str,TRUE,FALSE,FALSE,5,FALSE,TRUE,5021,,,,FALSE,,TRUE,{},TRUE,200,,
98,Store Code,store_code,Inventory,str,FALSE,FALSE,FALSE,2,FALSE,FALSE,2568,,,,FALSE,,TRUE,{},TRUE,200,,
98,Store Group Name,name,Inventory,str,FALSE,FALSE,FALSE,1,FALSE,FALSE,5022,,,,FALSE,,TRUE,{},TRUE,200,,
98,Store Name,store_name,Inventory,str,FALSE,FALSE,FALSE,3,FALSE,FALSE,5023,,,,FALSE,,TRUE,{},TRUE,200,,
98,District,district,Inventory,str,FALSE,FALSE,FALSE,4,FALSE,FALSE,5012,,,,FALSE,,TRUE,{},TRUE,200,,
99,District,district,Inventory,str,FALSE,FALSE,FALSE,3,FALSE,FALSE,5078,,,,FALSE,,TRUE,{},TRUE,200,,
99,Store Code,store_code,Inventory,str,FALSE,FALSE,FALSE,1,FALSE,FALSE,5013,,,,FALSE,,TRUE,{},TRUE,200,,
99,Store Name,store_name,Inventory,str,FALSE,FALSE,FALSE,2,FALSE,FALSE,5071,,,,FALSE,,TRUE,{},TRUE,200,,
100,District,district,Inventory,str,FALSE,FALSE,FALSE,3,FALSE,FALSE,6000,,,,FALSE,,TRUE,{},TRUE,200,,
100,DC Code,dc_code,Inventory,str,FALSE,FALSE,FALSE,1,FALSE,FALSE,6001,,,,FALSE,,TRUE,{},TRUE,200,,
100,DC name,name,Inventory,str,FALSE,FALSE,FALSE,2,FALSE,FALSE,6002,,,,FALSE,,TRUE,{},TRUE,200,,
101,Product Profile,name,Inventory,str,FALSE,FALSE,FALSE,1,FALSE,FALSE,6006,,,,FALSE,,TRUE,{},TRUE,200,,
101,Department,l0_name,Inventory,str,FALSE,FALSE,FALSE,3,FALSE,FALSE,6003,,,,FALSE,,TRUE,{},TRUE,200,,
101,Class,l1_name,Inventory,str,FALSE,FALSE,FALSE,4,FALSE,FALSE,6004,,,,FALSE,,TRUE,{},TRUE,200,,
101,Category,l2_name,Inventory,str,FALSE,FALSE,FALSE,5,FALSE,FALSE,6005,,,,FALSE,,TRUE,{},TRUE,200,,
120,Style Description,style_description,Inventory,str,FALSE,FALSE,FALSE,3,FALSE,FALSE,2492,,,,FALSE,,TRUE,{},TRUE,200,,
120,Week to date sales,week_to_date_sales,Inventory,str,FALSE,FALSE,FALSE,40,FALSE,FALSE,9600,,,,FALSE,,TRUE,{},TRUE,200,,
120,Last day sales,last_day_sales,Inventory,str,FALSE,FALSE,FALSE,41,FALSE,FALSE,9601,,,,FALSE,,TRUE,{},TRUE,200,,
120,Selling Collection,selling_collection,Product,str,FALSE,FALSE,FALSE,32,FALSE,FALSE,9503,,,,FALSE,,TRUE,{},TRUE,200,,
120,Fabrication,fabrication,Product,str,FALSE,FALSE,FALSE,33,FALSE,FALSE,9502,,,,FALSE,,TRUE,{},TRUE,200,,
120,SKU retirement date,retirement_date,Product,str,FALSE,FALSE,FALSE,34,FALSE,FALSE,9501,,,,FALSE,,TRUE,{},TRUE,200,,
120,Clearance Date,clearance_start_date,Product,str,FALSE,FALSE,FALSE,35,FALSE,FALSE,9500,,,,FALSE,,TRUE,{},TRUE,200,,
120,Product Type,article_status_tag,Product,str,FALSE,FALSE,FALSE,37,FALSE,FALSE,2491,,,,FALSE,,TRUE,{},TRUE,200,,
120,Available Stores %,available_stores_perc,Inventory,str,FALSE,FALSE,FALSE,40,FALSE,FALSE,9603,,,,FALSE,,TRUE,{},TRUE,200,,
120,Department,l0_name,Inventory,str,FALSE,FALSE,FALSE,8,FALSE,FALSE,5055,,,,FALSE,,TRUE,{},TRUE,200,,
120,Class,l1_name,Inventory,str,FALSE,FALSE,FALSE,9,FALSE,FALSE,5059,,,,FALSE,,TRUE,{},TRUE,200,,
120,Category,l2_name,Inventory,str,FALSE,FALSE,FALSE,10,FALSE,FALSE,5058,,,,FALSE,,TRUE,{},TRUE,200,,
120,Product Type,article_status_tag,Inventory,str,FALSE,FALSE,FALSE,11,,FALSE,7210,,,,FALSE,,TRUE,{},TRUE,200,,
120,User Defined Inventory,user_def_inv,Inventory,int,FALSE,TRUE,FALSE,31,FALSE,FALSE,5049,,,,FALSE,,FALSE," {""dynamicMaxKey"": ""net_available_inventory""}",FALSE,200,,
120,Final Total Available Inventory,final_tot_inventory,Inventory,int,FALSE,FALSE,FALSE,36,FALSE,FALSE,5035,,,,FALSE,,FALSE,"{""valueGetter"": ""data.net_available_inventory*data.user_def_inv_perc/100""}",FALSE,200,,
120,Assortment Indicator,assortment_indicator,Inventory,str,FALSE,FALSE,FALSE,13,TRUE,FALSE,5029,,,,FALSE,,TRUE,{},TRUE,200,,
120,Introduction Date,launch_date,Inventory,str,FALSE,FALSE,FALSE,14,FALSE,FALSE,6022,,,,FALSE,,TRUE,{},TRUE,200,,
120,Style ID,style,Inventory,str,FALSE,FALSE,FALSE,3,FALSE,FALSE,5063,,,,FALSE,,TRUE,{},TRUE,200,,
120,Channel,channel,Inventory,str,FALSE,FALSE,FALSE,7,FALSE,FALSE,5056,,,,FALSE,,TRUE,{},TRUE,200,,
120,Inv. Source,inventory_source,Inventory,list,FALSE,TRUE,FALSE,28,FALSE,FALSE,5053,,,,FALSE,,TRUE,"{ ""options"": [ {""label"": ""DC Inv. on Hand"", ""value"": ""DC Inv. on Hand""}]}",TRUE,200,,
120,Allocated Units,allocated_units,Inventory,int,FALSE,FALSE,FALSE,27,FALSE,FALSE,5051,,,,FALSE,,TRUE,{},TRUE,200,,
120,Size Profile,sizes,Inventory,dynamic-list,FALSE,TRUE,FALSE,21,FALSE,FALSE,5032,,,,FALSE,,TRUE," {""options_column"": ""sizes_options"", ""is_multi"": true}",TRUE,200,,
120,Color,color,Inventory,str,FALSE,FALSE,FALSE,5,FALSE,FALSE,5061,,,,FALSE,,TRUE,{},TRUE,200,,
120,Color ID,color_code,Inventory,str,FALSE,FALSE,FALSE,4,FALSE,FALSE,5060,,,,FALSE,,TRUE,{},TRUE,200,,
120,L4 Name,l4_name,Inventory,str,FALSE,FALSE,FALSE,12,TRUE,FALSE,5025,,,,FALSE,,TRUE,{},TRUE,200,,
120,Planned APS,aps,Inventory,int,FALSE,TRUE,FALSE,18,FALSE,FALSE,5026,,,,FALSE,,FALSE,{},FALSE,200,,
120,Average WOS,wos,Inventory,int,FALSE,TRUE,FALSE,19,FALSE,FALSE,5030,,,,FALSE,,FALSE,{},FALSE,200,,
120,User Reserved,reserve_quantity,Inventory,str,FALSE,FALSE,FALSE,26,FALSE,FALSE,5050,,,,FALSE,,FALSE,{},FALSE,200,,
120,No of Stores,mapped_stores_count,Inventory,int,FALSE,FALSE,FALSE,24,FALSE,FALSE,5054,,,,FALSE,,FALSE,{},TRUE,200,,
120,Inventory Available,total_inventory,Inventory,int,FALSE,FALSE,FALSE,25,FALSE,FALSE,5052,,,,FALSE,,FALSE,{},TRUE,200,,
120,Style Color ID,article,Inventory,str,TRUE,FALSE,FALSE,2,FALSE,FALSE,5057,,,,FALSE,,TRUE,{},TRUE,200,,
120,Net Available Inventory,net_available_inventory,Inventory,int,FALSE,FALSE,FALSE,29,FALSE,FALSE,5048,,,,FALSE,,FALSE,{},FALSE,200,,
120,Last Allocated,allocated_time,Inventory,str,FALSE,FALSE,FALSE,15,FALSE,FALSE,5046,,,,FALSE,,TRUE,{},TRUE,200,,
120,Demand Type,demand_type,Inventory,list,FALSE,TRUE,FALSE,17,FALSE,FALSE,5028,,,,FALSE,,TRUE,"{""options"": [{""label"": ""APS"",""value"": ""APS""},{""label"": ""Fixed"",""value"": ""Fixed""},{""label"": ""IA Forecast"",""value"": ""IA Forecast""}]}",TRUE,200,,
120,User Defined Inventory %,user_def_inv_perc,Inventory,int,FALSE,TRUE,FALSE,30,FALSE,FALSE,5033,,,,FALSE,,FALSE,"{""min"": 0, ""max"": 100}",TRUE,200,,
120,Product Profile,product_profiles,Inventory,dynamic-list,FALSE,TRUE,FALSE,20,FALSE,FALSE,5031,,,,FALSE,,TRUE,"{""options_column"": ""product_profiles_options""}",TRUE,200,,
120,DC,dcs,Inventory,dynamic-list,FALSE,TRUE,FALSE,23,FALSE,FALSE,6053,,,,FALSE,,TRUE,"{""options_column"": ""dcs_options"", ""is_multi"": true}",TRUE,200,,
120,Store Eligibility Groups,store_groups,Inventory,dynamic-list,FALSE,TRUE,FALSE,22,FALSE,FALSE,5034,,,,FALSE,,TRUE," {""options_column"": ""store_groups_options"", ""is_multi"": true}",TRUE,200,,
120,Category,l3_name,Inventory,str,FALSE,FALSE,FALSE,11,TRUE,FALSE,5024,,,,FALSE,,TRUE,{},TRUE,200,,
121,WOS,wos,Store,int,FALSE,FALSE,FALSE,6,FALSE,FALSE,5036,,,,FALSE,,FALSE,{},TRUE,200,,
121,Store No.,store_code,Store,str,FALSE,FALSE,FALSE,1,FALSE,FALSE,5037,,,,FALSE,,TRUE,{},TRUE,200,,
121,Store Name,store_name,Store,str,FALSE,FALSE,FALSE,2,FALSE,FALSE,5038,,,,FALSE,,TRUE,{},TRUE,200,,
121,In Transit,it,Store,int,FALSE,FALSE,FALSE,3,FALSE,FALSE,5039,,,,FALSE,,FALSE,{},TRUE,200,,
121,On Order,oo,Store,int,FALSE,FALSE,FALSE,4,FALSE,FALSE,5040,,,,FALSE,,FALSE,{},TRUE,200,,
121,In Hand,oh,Store,int,FALSE,FALSE,FALSE,5,FALSE,FALSE,5041,,,,FALSE,,FALSE,{},TRUE,200,,
121,Size Integrity,si,Store,percentage,FALSE,FALSE,FALSE,7,FALSE,FALSE,5042,,,,FALSE,,FALSE,{},TRUE,200,,
121,LW Units,lw_qty,Store,int,FALSE,FALSE,FALSE,8,FALSE,FALSE,5043,,,,FALSE,,FALSE,{},TRUE,200,,
121,LW Revenue,lw_revenue,Store,dollar,FALSE,FALSE,FALSE,9,FALSE,FALSE,5044,,,,FALSE,,FALSE,{},TRUE,200,,
121,LW Margin,lw_margin,Store,dollar,FALSE,FALSE,FALSE,10,FALSE,FALSE,5045,,,,FALSE,,FALSE,{},TRUE,200,,
122,Style Color,color,Product,str,TRUE,FALSE,FALSE,4,FALSE,FALSE,2512,,,,FALSE,,TRUE,{},TRUE,200,,
122,Product Type,article_status_tag,Product,str,FALSE,FALSE,FALSE,6,FALSE,FALSE,2490,,,,FALSE,,TRUE,{},TRUE,200,,
122,Store Group,store_groups,Product,str,FALSE,FALSE,FALSE,5,FALSE,FALSE,2507,,,,FALSE,,TRUE,{},TRUE,200,,
122,Stockout,stock_out,Product,link,FALSE,TRUE,FALSE,29,FALSE,FALSE,2076,2074,,,FALSE,,FALSE,{},TRUE,200,,
122,Store Count,Store Count,Product,str,FALSE,FALSE,FALSE,28,FALSE,FALSE,2074,,,,FALSE,,FALSE,{},TRUE,200,,
122,Style Description,style_description,Product,str,TRUE,FALSE,FALSE,3,FALSE,FALSE,2511,,,,FALSE,,TRUE,{},TRUE,200,,
122,Last Allocated,allocated_time,Product,date,FALSE,FALSE,FALSE,8,FALSE,FALSE,2509,,,,FALSE,,FALSE,{},TRUE,200,,
122,Introduction Date,launch_date,Other,str,FALSE,FALSE,FALSE,7,FALSE,FALSE,2508,,,,FALSE,,FALSE,{},TRUE,200,,
122,Color ID,color_code,Product,str,FALSE,FALSE,FALSE,10,FALSE,FALSE,2505,,,,FALSE,,TRUE,{},TRUE,200,,
122,Style Color ID,article,Product,str,TRUE,FALSE,FALSE,2,FALSE,FALSE,2503,,,,FALSE,,TRUE,{},TRUE,200,,
122,Style ID,style,Product,str,FALSE,FALSE,FALSE,9,FALSE,FALSE,2504,,,,FALSE,,TRUE,{},TRUE,200,,
122,Filters,Filters,Product,str,FALSE,FALSE,FALSE,11,FALSE,FALSE,2513,,,,FALSE,,FALSE,{},TRUE,200,,
122,Sales Performance,Sales Performance,Product,str,FALSE,FALSE,FALSE,15,FALSE,FALSE,2516,,,,FALSE,,FALSE,{},TRUE,200,,
122,LW Units,lw_qty,Product,int,FALSE,FALSE,FALSE,16,FALSE,FALSE,2323,2516,,,FALSE,,FALSE,{},TRUE,200,,
122,LW Revenue,lw_revenue,Product,dollar,FALSE,FALSE,FALSE,17,FALSE,FALSE,2517,2516,,,FALSE,,FALSE,{},TRUE,200,,
122,LW Margin,lw_margin,Product,dollar,FALSE,FALSE,FALSE,18,FALSE,FALSE,2518,2516,,,FALSE,,FALSE,{},TRUE,200,,
122,Promo %,promo,Product,percentage,FALSE,FALSE,FALSE,19,FALSE,FALSE,2519,2516,,,FALSE,,FALSE,{},TRUE,200,,
122,Price Point,price,Product,dollar,FALSE,FALSE,FALSE,20,FALSE,FALSE,2520,2516,,,FALSE,,FALSE,{},TRUE,200,,
122,Inventory,Inventory,Product,str,FALSE,FALSE,FALSE,21,FALSE,FALSE,2521,,,,FALSE,,FALSE,{},TRUE,200,,
122,Bulk Remaining,bulk_remaining,Product,int,FALSE,FALSE,FALSE,22,FALSE,FALSE,2522,2521,,,FALSE,,FALSE,{},TRUE,200,,
122,On hand,oh,Product,int,FALSE,FALSE,FALSE,23,FALSE,FALSE,2523,2521,,,FALSE,,FALSE,{},TRUE,200,,
122,On Order,oo,Product,int,FALSE,FALSE,FALSE,24,FALSE,FALSE,2070,2521,,,FALSE,,FALSE,{},TRUE,200,,
122,InTransit,it,Product,int,FALSE,FALSE,FALSE,25,FALSE,FALSE,2071,2521,,,FALSE,,FALSE,{},TRUE,200,,
122,WOS,wos,Product,int,FALSE,FALSE,FALSE,26,FALSE,FALSE,2072,2521,,,FALSE,,FALSE,{},TRUE,200,,
122,Size Integrity(On Hand),si,Product,percentage,FALSE,FALSE,FALSE,27,FALSE,FALSE,2073,2521,,,FALSE,,FALSE,{},TRUE,200,,
122,Shortfall,shortfall,Product,link,FALSE,TRUE,FALSE,30,FALSE,FALSE,2077,2074,,,FALSE,,FALSE,{},TRUE,200,,
122,Normal,normal,Product,link,FALSE,TRUE,FALSE,31,FALSE,FALSE,2078,2074,,,FALSE,,FALSE,{},TRUE,200,,
122,Excess,excess,Product,link,FALSE,TRUE,FALSE,32,FALSE,FALSE,2079,2074,,,FALSE,,FALSE,{},TRUE,200,,
122,Category,l2_name,Product,str,FALSE,FALSE,FALSE,14,FALSE,FALSE,2514,2513,,,FALSE,,TRUE,{},TRUE,200,,
122,Department,l0_name,Product,str,FALSE,FALSE,FALSE,12,FALSE,FALSE,2500,2513,,,FALSE,,TRUE,{},TRUE,200,,
122,Class,l1_name,Product,str,FALSE,FALSE,FALSE,13,FALSE,FALSE,2501,2513,,,FALSE,,TRUE,{},TRUE,200,,
149,Style Color ID,article,Inventory,str,FALSE,FALSE,FALSE,2,FALSE,FALSE,683,,,,FALSE,,TRUE,{},TRUE,200,,
149,Created at,created_at,Inventory,str,FALSE,FALSE,FALSE,5,FALSE,FALSE,686,,,,FALSE,,TRUE,{},TRUE,200,,
149,Inventory,inventory,Inventory,str,FALSE,FALSE,FALSE,3,FALSE,FALSE,684,,,,FALSE,,TRUE,{},TRUE,200,,
149,Created By,created_by,Inventory,str,FALSE,FALSE,FALSE,4,FALSE,FALSE,685,,,,FALSE,,TRUE,{},TRUE,200,,
149,Status,status,Inventory,str,FALSE,FALSE,FALSE,6,FALSE,FALSE,689,,,,FALSE,,TRUE,{},TRUE,200,,
149,Released Date,released_at,Inventory,str,FALSE,FALSE,FALSE,7,FALSE,FALSE,687,,,,FALSE,,TRUE,{},TRUE,200,,
149,Plan Name,name,Inventory,str,TRUE,FALSE,FALSE,1,FALSE,FALSE,682,,,,FALSE,,TRUE,{},TRUE,200,,
149,#Allocated Styles,no_allocated_articles,Inventory,int,FALSE,FALSE,FALSE,8,FALSE,FALSE,2446,,,,FALSE,,TRUE,{},TRUE,200,,
149,#Allocated Stores,no_stores_allocated,Inventory,int,FALSE,FALSE,FALSE,9,FALSE,FALSE,2447,,,,FALSE,,TRUE,{},TRUE,200,,
149,Edit,edit,Inventory,edit_icon,FALSE,TRUE,FALSE,8,FALSE,FALSE,786,,,,FALSE,,FALSE,"{
  ""ignore_in_api"": true,
  ""showEditIcon"": ""canEdit""
}",TRUE,200,,
149,Delete,delete,Inventory,delete_icon,FALSE,TRUE,FALSE,9,FALSE,FALSE,787,,,,FALSE,,FALSE,"{
  ""ignore_in_api"": true,
  ""showDeleteIcon"": ""canDelete""
}",TRUE,200,,
150,Discount Value,discount_value,Other,percentage,FALSE,TRUE,FALSE,2,FALSE,FALSE,5085,,,,FALSE,,FALSE,{},TRUE,200,,
150,Drivers,drivers,Other,str,FALSE,FALSE,FALSE,1,FALSE,FALSE,5086,,,,FALSE,,FALSE,{},TRUE,200,,
152,Style Color ID,article,Inventory,str,FALSE,FALSE,FALSE,1,FALSE,FALSE,6008,,,,FALSE,,TRUE,{},TRUE,200,,
152,Style ID,style,Inventory,str,FALSE,FALSE,FALSE,2,FALSE,FALSE,6009,,,,FALSE,,TRUE,{},TRUE,200,,
152,Color ID,color_code,Inventory,str,FALSE,FALSE,FALSE,3,FALSE,FALSE,6010,,,,FALSE,,TRUE,{},TRUE,200,,
152,Channel,channel,Inventory,str,FALSE,FALSE,FALSE,5,FALSE,FALSE,6012,,,,FALSE,,TRUE,{},TRUE,200,,
152,Style,style_description,Inventory,str,FALSE,FALSE,FALSE,9,FALSE,FALSE,6016,,,,FALSE,,TRUE,{},TRUE,200,,
152,Style Color,color,Inventory,str,FALSE,FALSE,FALSE,10,FALSE,FALSE,6017,,,,FALSE,,TRUE,{},TRUE,200,,
152,Size,size,Inventory,str,FALSE,FALSE,FALSE,11,FALSE,FALSE,6018,,,,FALSE,,TRUE,{},TRUE,200,,
152,Store Number,store_code,Inventory,str,FALSE,FALSE,FALSE,12,FALSE,FALSE,6019,,,,FALSE,,TRUE,{},TRUE,200,,
152,Store Name,store_name,Inventory,str,FALSE,FALSE,FALSE,13,FALSE,FALSE,6020,,,,FALSE,,TRUE,{},TRUE,200,,
152,Store Grade,store_grade,Inventory,str,FALSE,FALSE,FALSE,14,FALSE,FALSE,6021,,,,FALSE,,TRUE,{},TRUE,200,,
152,Updated By,updated_by,Inventory,str,FALSE,FALSE,FALSE,18,FALSE,FALSE,2064,,,,FALSE,,TRUE,{},TRUE,200,,
152,Last Modified,updated_at,Inventory,str,FALSE,FALSE,FALSE,19,FALSE,FALSE,2065,,,,FALSE,,TRUE,{},TRUE,200,,
152,WOS,wos,Inventory,int,FALSE,TRUE,FALSE,17,FALSE,FALSE,2063,,,,FALSE,,TRUE,{},TRUE,200,,
152,Avg. Max per Store,max_store,Inventory,int,FALSE,TRUE,FALSE,16,FALSE,FALSE,2062,,,,FALSE,,TRUE,{},TRUE,200,,
152,Avg. Min per Store,min_store,Inventory,int,FALSE,TRUE,FALSE,15,FALSE,FALSE,6051,,,,FALSE,,TRUE,{},TRUE,200,,
152,Category,l2_name,Inventory,str,FALSE,FALSE,FALSE,7,FALSE,FALSE,6014,,,,FALSE,,TRUE,{},TRUE,200,,
152,Class,l1_name,Inventory,str,FALSE,FALSE,FALSE,6,FALSE,FALSE,6013,,,,FALSE,,TRUE,{},TRUE,200,,
153,Forecast Multiplier,forecast_multiplier,Other,str,FALSE,FALSE,FALSE,1,FALSE,FALSE,5087,,,,FALSE,,FALSE,{},TRUE,200,,
154,Vendor ID,vendor_code,vendor,int,FALSE,FALSE,FALSE,1,FALSE,FALSE,5500,,,,FALSE,,FALSE,{},TRUE,200,,
154,Vendor Name,vendor_name,vendor,str,FALSE,FALSE,FALSE,2,FALSE,FALSE,5501,,,,FALSE,,TRUE,{},TRUE,200,,
154,SKU ID,product_code,vendor,int,FALSE,FALSE,FALSE,3,FALSE,FALSE,5502,,,,FALSE,,FALSE,{},TRUE,200,,
154,Style,style,vendor,str,FALSE,FALSE,FALSE,7,FALSE,FALSE,5507,,,,FALSE,,TRUE,{},TRUE,200,,
154,Status,status,vendor,list,FALSE,TRUE,FALSE,8,FALSE,FALSE,5509,,,,FALSE,,TRUE,{},TRUE,200,,
154,Preferred Status,preferred_status,vendor,list,FALSE,TRUE,FALSE,9,FALSE,FALSE,5510,,,,FALSE,,TRUE,{},TRUE,200,,
154,Class,l1_name,vendor,str,FALSE,FALSE,FALSE,5,FALSE,FALSE,5504,,,,FALSE,,TRUE,{},TRUE,200,,
154,Category,l2_name,vendor,str,FALSE,FALSE,FALSE,6,FALSE,FALSE,5505,,,,FALSE,,TRUE,{},TRUE,200,,
154,Department,l0_name,vendor,str,FALSE,FALSE,FALSE,4,FALSE,FALSE,5503,,,,FALSE,,TRUE,{},TRUE,200,,
159,Style Color ID,article,Inventory,str,FALSE,FALSE,FALSE,1,FALSE,FALSE,2227,,,,FALSE,,TRUE,{},TRUE,200,,
159,Style ID,style,Inventory,str,FALSE,FALSE,FALSE,2,FALSE,FALSE,2228,,,,FALSE,,FALSE,{},TRUE,200,,
159,Color ID,color_code,Inventory,str,FALSE,FALSE,FALSE,3,FALSE,FALSE,2229,,,,FALSE,,TRUE,{},TRUE,200,,
159,Channel,channel,Inventory,str,FALSE,FALSE,FALSE,5,FALSE,FALSE,2231,,,,FALSE,,FALSE,{},TRUE,200,,
159,Style,style_description,Inventory,str,FALSE,FALSE,FALSE,9,FALSE,FALSE,2235,,,,FALSE,,FALSE,{},TRUE,200,,
159,Style Color,color,Inventory,str,FALSE,FALSE,FALSE,10,FALSE,FALSE,2236,,,,FALSE,,FALSE,{},TRUE,200,,
159,Size,size,Inventory,str,FALSE,FALSE,FALSE,11,FALSE,FALSE,2237,,,,FALSE,,TRUE,{},TRUE,200,,
159,Store Grade,store_grade,Inventory,link,FALSE,TRUE,FALSE,12,FALSE,FALSE,2240,,,,FALSE,,FALSE,{},TRUE,200,,
159,Category,l2_name,Inventory,str,FALSE,FALSE,FALSE,7,FALSE,FALSE,2233,,,,FALSE,,FALSE,{},TRUE,200,,
159,Aggre.Min,min_store_sum,Inventory,int,FALSE,FALSE,FALSE,13,FALSE,FALSE,2247,,,,FALSE,,FALSE,{},TRUE,200,,
159,Aggre.Max,max_store_sum,Inventory,int,FALSE,FALSE,FALSE,14,FALSE,FALSE,2248,,,,FALSE,,FALSE,{},TRUE,200,,
159,Avg. Max per Store,max_store,Inventory,int,FALSE,TRUE,FALSE,15,FALSE,FALSE,2244,,,,FALSE,,FALSE,{},TRUE,200,,
159,Avg. Min per Store,min_store,Inventory,int,FALSE,TRUE,FALSE,16,FALSE,FALSE,2245,,,,FALSE,,FALSE,{},TRUE,200,,
159,WOS,wos,Inventory,int,FALSE,TRUE,FALSE,17,FALSE,FALSE,2243,,,,FALSE,,FALSE,{},TRUE,200,,
159,Updated By,updated_by,Inventory,str,FALSE,FALSE,FALSE,18,FALSE,FALSE,2241,,,,FALSE,,FALSE,{},TRUE,200,,
159,Last Modified,updated_at,Inventory,str,FALSE,FALSE,FALSE,19,FALSE,FALSE,2242,,,,FALSE,,FALSE,{},TRUE,200,,
159,Class,l1_name,Inventory,str,FALSE,FALSE,FALSE,6,FALSE,FALSE,2232,,,,FALSE,,FALSE,{},TRUE,200,,
160,# Style color,no_style_color,Product,str,FALSE,FALSE,FALSE,1,FALSE,FALSE,5014,,,,FALSE,,TRUE,{},TRUE,200,,
160,# Allocated stores,allocated_stores,Product,str,FALSE,FALSE,FALSE,2,FALSE,FALSE,1980,,,,FALSE,,TRUE,{},TRUE,200,,
160,Allocated store per style color ,allocated_stores_per_style_color,Product,str,FALSE,FALSE,FALSE,3,FALSE,FALSE,5015,,,,FALSE,,TRUE,{},TRUE,200,,
160,Net DC Available,net_dc_available,Product,str,FALSE,FALSE,FALSE,5,FALSE,FALSE,7000,,,,FALSE,,TRUE,{},TRUE,200,,
160,Allocated Quantity,allocated_quantity__dc,Product,str,FALSE,FALSE,FALSE,4,FALSE,FALSE,7001,,,,FALSE,,TRUE,{},TRUE,200,,
160,Allocation % (by Size),allocation_perc__size,Product,str,FALSE,FALSE,FALSE,7,TRUE,FALSE,7003,,,,FALSE,,TRUE,{},TRUE,200,,
160,Allocated Quantity (by Size),allocated_quantity__size,Product,str,FALSE,FALSE,FALSE,6,FALSE,FALSE,7002,,,,FALSE,,TRUE,{},TRUE,200,,
161,# Style color,style_color,Product,str,FALSE,FALSE,FALSE,1,FALSE,FALSE,7004,,,,FALSE,,TRUE,{},TRUE,200,,
161,# Allocated stores,store_cnt,Product,str,FALSE,FALSE,FALSE,2,FALSE,FALSE,7005,,,,FALSE,,TRUE,{},TRUE,200,,
161,Style color depth per store,style_color_depth_per_store,Product,str,FALSE,FALSE,FALSE,3,FALSE,FALSE,7006,,,,FALSE,,TRUE,{},TRUE,200,,
161,Allocated Quantity,allocated_units,Product,str,FALSE,FALSE,FALSE,4,FALSE,FALSE,7007,,,,FALSE,,TRUE,{},TRUE,200,,
161,DC Available,inventory_available,Product,str,FALSE,FALSE,FALSE,5,FALSE,FALSE,7008,,,,FALSE,,TRUE,{},TRUE,200,,
161,Store Grade - Allocated Index,store_allocated_index,Product,str,FALSE,FALSE,FALSE,6,FALSE,FALSE,7009,,,,FALSE,,TRUE,{},TRUE,200,,
161,store_allocated_qty,store_allocated_qty,Product,str,FALSE,FALSE,FALSE,7,FALSE,FALSE,7010,,,,FALSE,,TRUE,{},TRUE,200,,
162,Description,description,Product,str,FALSE,FALSE,FALSE,2,FALSE,FALSE,7029,,,,FALSE,,TRUE,{},TRUE,200,,
162,Allocated quantity by each size,allocated_quantity_size,Product,str,FALSE,FALSE,FALSE,18,FALSE,FALSE,7045,,,,FALSE,,TRUE,{},TRUE,200,,
162,#Allocated stores,store,Product,str,FALSE,FALSE,FALSE,10,FALSE,FALSE,7037,,,,FALSE,,TRUE,{},TRUE,200,,
162,Style color ID,article,Product,link,FALSE,TRUE,FALSE,1,FALSE,FALSE,7028,,,,FALSE,,TRUE,{},TRUE,200,,
162,Color,color,Product,str,FALSE,FALSE,FALSE,3,FALSE,FALSE,7030,,,,FALSE,,TRUE,{},TRUE,200,,
162,Demand Type used,demand_type,Product,str,FALSE,FALSE,FALSE,4,FALSE,FALSE,7031,,,,FALSE,,TRUE,{},TRUE,200,,
162,#Stores,count_store_size,Product,str,FALSE,FALSE,FALSE,5,FALSE,FALSE,7032,,,,FALSE,,TRUE,{},TRUE,200,,
162,Min Constraint,min,Product,str,FALSE,FALSE,FALSE,11,FALSE,FALSE,7038,,,,FALSE,,TRUE,{},TRUE,200,,
162,Allocated Quantity,allocated_total,Product,str,FALSE,FALSE,FALSE,12,FALSE,FALSE,7039,,,,FALSE,,TRUE,{},TRUE,200,,
162,Net DC Available,inventory_available,Product,str,FALSE,FALSE,FALSE,13,FALSE,FALSE,7040,,,,FALSE,,TRUE,{},TRUE,200,,
162,Original APS,original_aps,Product,str,FALSE,FALSE,FALSE,14,FALSE,FALSE,7041,,,,FALSE,,TRUE,{},TRUE,200,,
162,Forecasted APS,forecast_aps,Product,str,FALSE,FALSE,FALSE,15,FALSE,FALSE,7042,,,,FALSE,,TRUE,{},TRUE,200,,
162,Target WOS,target_wos,Product,str,FALSE,FALSE,FALSE,16,FALSE,FALSE,7043,,,,FALSE,,TRUE,{},TRUE,200,,
162,Forecasted WOS,actual_wos,Product,str,FALSE,FALSE,FALSE,17,FALSE,FALSE,7044,,,,FALSE,,TRUE,{},TRUE,200,,
162,Department,l0_name,Product,str,FALSE,FALSE,FALSE,6,FALSE,FALSE,7033,,,,FALSE,,TRUE,{},TRUE,200,,
162,Class,l1_name,Product,str,FALSE,FALSE,FALSE,7,FALSE,FALSE,7034,,,,FALSE,,TRUE,{},TRUE,200,,
162,Category,l2_name,Product,str,FALSE,FALSE,FALSE,8,FALSE,FALSE,7035,,,,FALSE,,TRUE,{},TRUE,200,,
162,Category,l3_name,Product,str,FALSE,FALSE,FALSE,9,TRUE,FALSE,7036,,,,FALSE,,TRUE,{},TRUE,200,,
163,OH,oh,Product,float,FALSE,FALSE,FALSE,5,FALSE,FALSE,7050,,,,FALSE,,TRUE,{},TRUE,200,,
163,Store number,store_code,Product,str,FALSE,FALSE,FALSE,1,FALSE,FALSE,7046,,,,FALSE,,TRUE,{},TRUE,200,,
163,Store Name,store_name,Product,str,FALSE,FALSE,FALSE,2,FALSE,FALSE,7047,,,,FALSE,,TRUE,{},TRUE,200,,
163,Original APS,original_aps,Product,str,FALSE,FALSE,FALSE,3,FALSE,FALSE,7048,,,,FALSE,,TRUE,{},TRUE,200,,
163,Actual APS,forecast_aps,Product,float,FALSE,FALSE,FALSE,4,FALSE,FALSE,7049,,,,FALSE,,TRUE,{},TRUE,200,,
163,OO - On Order,oo,Product,float,FALSE,FALSE,FALSE,6,FALSE,FALSE,7051,,,,FALSE,,TRUE,{},TRUE,200,,
163,In transit,it,Product,float,FALSE,FALSE,FALSE,7,FALSE,FALSE,7052,,,,FALSE,,TRUE,{},TRUE,200,,
163,Allocated Total Quantity,allocated_quantity,Product,float,FALSE,FALSE,FALSE,8,FALSE,FALSE,7053,,,,FALSE,,TRUE,{},TRUE,200,,
163,Min allocation,min,Product,float,FALSE,FALSE,FALSE,9,FALSE,FALSE,7054,,,,FALSE,,TRUE,{},TRUE,200,,
163,WOS allocation,allocated_for_wos,Product,str,FALSE,FALSE,FALSE,10,FALSE,FALSE,7055,,,,FALSE,,TRUE,{},TRUE,200,,
163,DC Name,dc,Product,str,FALSE,FALSE,FALSE,11,FALSE,FALSE,7056,,,,FALSE,,TRUE,{},TRUE,200,,
163,Net DC available,dc_avail_art,Product,float,FALSE,FALSE,FALSE,12,FALSE,FALSE,7057,,,,FALSE,,TRUE,{},TRUE,200,,
163,Allocated quantity,allocated_quantity,Product,str,FALSE,FALSE,FALSE,13,FALSE,FALSE,7058,,,,FALSE,,TRUE,{},TRUE,200,,
163,OH+OO+IT,allocated_total,Product,float,FALSE,FALSE,FALSE,14,FALSE,FALSE,7059,,,,FALSE,,TRUE,{},TRUE,200,,
164,Allocated quantity,allocated_quantity_size,Product,str,FALSE,FALSE,FALSE,13,TRUE,FALSE,7072,,,,FALSE,,TRUE,{},TRUE,200,,
164,Edit,edit,Product,edit_icon,FALSE,TRUE,FALSE,17,FALSE,FALSE,9075,,,,FALSE,,TRUE,{},TRUE,200,,
164,Allocated Quantity Size,size_value_allocated,Product,int,FALSE,TRUE,FALSE,15,FALSE,FALSE,2463,,,,FALSE,,TRUE,{},TRUE,200,,
164,Store number,store_code,Product,str,FALSE,FALSE,FALSE,1,FALSE,FALSE,7060,,,,FALSE,,TRUE,{},TRUE,200,,
164,Store Name,store_name,Product,str,FALSE,FALSE,FALSE,2,FALSE,FALSE,7061,,,,FALSE,,TRUE,{},TRUE,200,,
164,Original APS,original_aps,Product,str,FALSE,FALSE,FALSE,3,FALSE,FALSE,7062,,,,FALSE,,TRUE,{},TRUE,200,,
164,Actual APS,forecast_aps,Product,float,FALSE,FALSE,FALSE,4,FALSE,FALSE,7063,,,,FALSE,,TRUE,{},TRUE,200,,
164,OH - On hand,oh,Product,float,FALSE,FALSE,FALSE,5,FALSE,FALSE,7064,,,,FALSE,,TRUE,{},TRUE,200,,
164,OO - On Order,oo,Product,float,FALSE,FALSE,FALSE,6,FALSE,FALSE,7065,,,,FALSE,,TRUE,{},TRUE,200,,
164,IT - In transit,it,Product,float,FALSE,FALSE,FALSE,7,FALSE,FALSE,7066,,,,FALSE,,TRUE,{},TRUE,200,,
164,Allocated Total Quantity,allocated_quantity,Product,float,FALSE,FALSE,FALSE,8,FALSE,FALSE,7067,,,,FALSE,,TRUE,{},TRUE,200,,
164,Min allocation,min,Product,float,FALSE,FALSE,FALSE,9,FALSE,FALSE,7068,,,,FALSE,,TRUE,{},TRUE,200,,
164,WOS allocation,allocated_for_wos,Product,str,FALSE,FALSE,FALSE,10,FALSE,FALSE,7069,,,,FALSE,,TRUE,{},TRUE,200,,
164,DC Name,dc,Product,str,FALSE,FALSE,FALSE,11,FALSE,FALSE,7070,,,,FALSE,,TRUE,{},TRUE,200,,
164,Net DC available,dc_avail_art,Product,float,FALSE,FALSE,FALSE,12,FALSE,FALSE,7071,,,,FALSE,,TRUE,{},TRUE,200,,
164,OH+OO+IT,allocated_total,Product,float,FALSE,FALSE,FALSE,14,FALSE,FALSE,7073,,,,FALSE,,TRUE,{},TRUE,200,,
164,OH+OO+IT Size,oh_oo_it,Product,str,FALSE,FALSE,FALSE,16,FALSE,FALSE,7074,,,,FALSE,,TRUE,{},TRUE,200,,
165,Store number,store,Store,link,FALSE,TRUE,FALSE,1,FALSE,FALSE,7011,,,,FALSE,,TRUE,{},TRUE,200,,
165,Store Name,store_name,Store,str,FALSE,FALSE,FALSE,2,FALSE,FALSE,7012,,,,FALSE,,TRUE,{},TRUE,200,,
165,Store Grade,store_grade,Store,str,FALSE,FALSE,FALSE,3,FALSE,FALSE,7013,,,,FALSE,,TRUE,{},TRUE,200,,
165,# Style color,articles,Product,str,FALSE,FALSE,FALSE,4,FALSE,FALSE,7014,,,,FALSE,,TRUE,{},TRUE,200,,
165,Original APS,original_aps,Product,str,FALSE,FALSE,FALSE,5,FALSE,FALSE,7015,,,,FALSE,,TRUE,{},TRUE,200,,
165,Actual APS,forecast_aps,Product,str,FALSE,FALSE,FALSE,6,FALSE,FALSE,7016,,,,FALSE,,TRUE,{},TRUE,200,,
165,OH,oh,Product,str,FALSE,FALSE,FALSE,7,FALSE,FALSE,7017,,,,FALSE,,TRUE,{},TRUE,200,,
165,On order,oo,Product,str,FALSE,FALSE,FALSE,8,FALSE,FALSE,7018,,,,FALSE,,TRUE,{},TRUE,200,,
165,In transit,it,Product,str,FALSE,FALSE,FALSE,9,FALSE,FALSE,7019,,,,FALSE,,TRUE,{},TRUE,200,,
165,Min constraint,min,Product,str,FALSE,FALSE,FALSE,10,FALSE,FALSE,7020,,,,FALSE,,TRUE,{},TRUE,200,,
165,Allocated total quantity,allocated_total,Product,str,FALSE,FALSE,FALSE,11,FALSE,FALSE,7021,,,,FALSE,,TRUE,{},TRUE,200,,
165,Min allocation,allocated_for_min,Product,str,FALSE,FALSE,FALSE,13,FALSE,FALSE,7023,,,,FALSE,,TRUE,{},TRUE,200,,
165,WOS allocation,actual_wos,Product,str,FALSE,FALSE,FALSE,14,FALSE,FALSE,7024,,,,FALSE,,TRUE,{},TRUE,200,,
165,Target WOS,target_wos,Product,str,FALSE,FALSE,FALSE,15,FALSE,FALSE,7025,,,,FALSE,,TRUE,{},TRUE,200,,
165,Forecasted WOS,forecasted_wos,Product,str,FALSE,FALSE,FALSE,16,FALSE,FALSE,7026,,,,FALSE,,TRUE,{},TRUE,200,,
165,Shipping dates,shipping_date__dc,Product,str,FALSE,FALSE,FALSE,17,FALSE,FALSE,7027,,,,FALSE,,TRUE,{},TRUE,200,,
166,Updated By,updated_by,Inventory,str,FALSE,FALSE,FALSE,18,FALSE,FALSE,2268,,,,FALSE,,FALSE,{},TRUE,200,,
166,Style Color ID,article,Inventory,str,FALSE,FALSE,FALSE,1,FALSE,FALSE,2249,,,,FALSE,,TRUE,{},TRUE,200,,
166,Style ID,style,Inventory,str,FALSE,FALSE,FALSE,2,FALSE,FALSE,2250,,,,FALSE,,FALSE,{},TRUE,200,,
166,Color ID,color_code,Inventory,str,FALSE,FALSE,FALSE,3,FALSE,FALSE,2251,,,,FALSE,,TRUE,{},TRUE,200,,
166,Channel,channel,Inventory,str,FALSE,FALSE,FALSE,5,FALSE,FALSE,2253,,,,FALSE,,FALSE,{},TRUE,200,,
166,Style,style_description,Inventory,str,FALSE,FALSE,FALSE,9,FALSE,FALSE,2257,,,,FALSE,,FALSE,{},TRUE,200,,
166,Style Color,color,Inventory,str,FALSE,FALSE,FALSE,10,FALSE,FALSE,2258,,,,FALSE,,FALSE,{},TRUE,200,,
166,Size,size,Inventory,str,FALSE,FALSE,FALSE,11,FALSE,FALSE,2259,,,,FALSE,,TRUE,{},TRUE,200,,
166,Store Eligibility Group,store_group_name,Inventory,link,FALSE,TRUE,FALSE,12,FALSE,FALSE,2261,,,,FALSE,,FALSE,{},TRUE,200,,
166,Aggre.Min,min_store_sum,Inventory,int,FALSE,FALSE,FALSE,13,FALSE,FALSE,2263,,,,FALSE,,FALSE,{},TRUE,200,,
166,Store Name,store_name,Inventory,str,FALSE,FALSE,FALSE,13,FALSE,FALSE,2262,,,,FALSE,,FALSE,{},TRUE,200,,
166,Aggre.Max,max_store_sum,Inventory,int,FALSE,FALSE,FALSE,14,FALSE,FALSE,2264,,,,FALSE,,FALSE,{},TRUE,200,,
166,Avg. Max per Store,max_store,Inventory,int,FALSE,TRUE,FALSE,15,FALSE,FALSE,2265,,,,FALSE,,FALSE,{},TRUE,200,,
166,Avg. Min per Store,min_store,Inventory,int,FALSE,TRUE,FALSE,16,FALSE,FALSE,2266,,,,FALSE,,FALSE,{},TRUE,200,,
166,WOS,wos,Inventory,int,FALSE,TRUE,FALSE,17,FALSE,FALSE,2267,,,,FALSE,,FALSE,{},TRUE,200,,
166,Last Modified,updated_at,Inventory,str,FALSE,FALSE,FALSE,19,FALSE,FALSE,2269,,,,FALSE,,FALSE,{},TRUE,200,,
166,Category,l2_name,Inventory,str,FALSE,FALSE,FALSE,7,FALSE,FALSE,2255,,,,FALSE,,FALSE,{},TRUE,200,,
166,Class,l1_name,Inventory,str,FALSE,FALSE,FALSE,6,FALSE,FALSE,2254,,,,FALSE,,FALSE,{},TRUE,200,,
167,Store Name,store_name,Inventory,str,FALSE,FALSE,FALSE,1,FALSE,FALSE,2270,,,,FALSE,,TRUE,{},TRUE,200,,
167,Store Code,store_code,Inventory,str,FALSE,FALSE,FALSE,2,FALSE,FALSE,2272,,,,FALSE,,TRUE,{},TRUE,200,,
167,Min,min_store,Inventory,str,FALSE,TRUE,FALSE,3,FALSE,FALSE,2273,,,,FALSE,,FALSE,{},TRUE,200,,
167,Max,max_store,Inventory,str,FALSE,TRUE,FALSE,4,FALSE,FALSE,2274,,,,FALSE,,FALSE,{},TRUE,200,,
167,WOS,wos,Inventory,str,FALSE,TRUE,FALSE,5,FALSE,FALSE,2275,,,,FALSE,,FALSE,{},TRUE,200,,
168,Store Grade,store_grade,Inventory,str,FALSE,FALSE,FALSE,1,FALSE,FALSE,2281,,,,FALSE,,FALSE,{},TRUE,200,,
168,Store Name,store_name,Inventory,str,FALSE,FALSE,FALSE,2,FALSE,FALSE,2276,,,,FALSE,,TRUE,{},TRUE,200,,
168,Store Code,store_code,Inventory,str,FALSE,FALSE,FALSE,3,FALSE,FALSE,2277,,,,FALSE,,TRUE,{},TRUE,200,,
168,Min,min_store,Inventory,int,FALSE,TRUE,FALSE,4,FALSE,FALSE,2278,,,,FALSE,,FALSE,{},TRUE,200,,
168,Max,max_store,Inventory,int,FALSE,TRUE,FALSE,5,FALSE,FALSE,2279,,,,FALSE,,FALSE,{},TRUE,200,,
168,WOS,wos,Inventory,int,FALSE,TRUE,FALSE,6,FALSE,FALSE,2280,,,,FALSE,,FALSE,{},TRUE,200,,
169,Store,store_name,Inventory,str,FALSE,FALSE,FALSE,1,FALSE,FALSE,2283,,,,FALSE,,FALSE,{},TRUE,200,,
169,Department,filter_dept,Product,str,FALSE,FALSE,FALSE,2,FALSE,FALSE,2284,,,,FALSE,,FALSE,{},TRUE,200,,
169,Class,filter_class,Product,str,FALSE,FALSE,FALSE,3,FALSE,FALSE,2285,,,,FALSE,,FALSE,{},TRUE,200,,
169,Stylecolor,article,Product,str,FALSE,FALSE,FALSE,5,FALSE,FALSE,2286,,,,FALSE,,FALSE,{},TRUE,200,,
169,Delivery date,delivery_dt,non_linear_edit,datetime,FALSE,TRUE,FALSE,6,FALSE,FALSE,2287,,,,FALSE,,FALSE,{},TRUE,200,,
169,Order type,order_type,non_linear_edit,list,FALSE,TRUE,FALSE,7,FALSE,FALSE,2288,,,,FALSE,,FALSE,"{""options"":[{""label"":""E"",""value"":""E""},{""label"": ""L"",""value"":""L""},{""label"": ""P"",""value"":""P""},{""label"": ""R"",""value"":""R""}]}",TRUE,200,,
169,Allocated qty,allocated_qty,Inventory,str,FALSE,FALSE,FALSE,8,FALSE,FALSE,2289,,,,TRUE,,FALSE,{},TRUE,200,,
169,From DC,dc_allocated,Inventory,int,FALSE,FALSE,FALSE,9,FALSE,FALSE,2299,2289,,,FALSE,,FALSE,{},TRUE,200,,
169,From PO,po_allocation,Inventory,int,FALSE,FALSE,FALSE,10,FALSE,FALSE,2300,2289,,,FALSE,,FALSE,{},TRUE,200,,
169,Net Available Inventory,net_available,Inventory,str,FALSE,FALSE,FALSE,11,FALSE,FALSE,2301,,,,TRUE,,FALSE,{},TRUE,200,,
169,DC,dc_available,Inventory,int,FALSE,FALSE,FALSE,12,FALSE,FALSE,2302,2301,,,FALSE,,TRUE,{},TRUE,200,,
169,Allocation ID,allocation_name,Product,link,FALSE,TRUE,FALSE,4,FALSE,FALSE,2282,,,,FALSE,,TRUE,{},TRUE,200,,
170,Is Mapped,is_mapped,Product,bool,FALSE,FALSE,FALSE,7,FALSE,FALSE,2526,,,,FALSE,,TRUE,{},FALSE,200,,
170,Include Unmapped Products,include_unmapped,Product,ToogleField,FALSE,TRUE,FALSE,5,FALSE,FALSE,3004,,,,FALSE,,FALSE,{},FALSE,200,,
170,Store ID,store_code,Product,str,FALSE,FALSE,FALSE,1,FALSE,FALSE,3000,,,,FALSE,,TRUE,{},TRUE,200,,
170,Store Name,store_name,Product,str,FALSE,FALSE,FALSE,2,FALSE,FALSE,3001,,,,FALSE,,TRUE,{},TRUE,200,,
170,District,district,Product,str,FALSE,FALSE,FALSE,3,FALSE,FALSE,3002,,,,FALSE,,TRUE,{},TRUE,200,,
170,Products Mapped,num_products_mapped,Product,link,FALSE,TRUE,FALSE,4,FALSE,FALSE,3003,,,,FALSE,,FALSE,{},TRUE,200,,
170,Action,add_icon,Others,add_icon,FALSE,TRUE,FALSE,6,FALSE,FALSE,17000,,,,FALSE,,FALSE,{},TRUE,200,,
171,Product ID,product_code,Product,str,FALSE,FALSE,FALSE,1,FALSE,FALSE,3005,,,,FALSE,,TRUE,{},TRUE,200,,
171,Product Name,product_description,Product,str,FALSE,FALSE,FALSE,2,FALSE,FALSE,3006,,,,FALSE,,TRUE,{},TRUE,200,,
171,Mapping,is_mapped,Product,ToogleField,FALSE,FALSE,FALSE,3,FALSE,FALSE,3007,,,,FALSE,,TRUE,{},TRUE,200,,
171,Time Periods,time_period,Product,str,FALSE,FALSE,FALSE,4,FALSE,FALSE,3008,,,,FALSE,,FALSE,{},FALSE,200,,
171,Created By,created_by,Product,str,FALSE,FALSE,FALSE,5,FALSE,FALSE,3009,,,,FALSE,,FALSE,{},TRUE,200,,
171,Delete,delete_icon,Store,delete_icon,FALSE,FALSE,FALSE,7,FALSE,FALSE,3011,,,,FALSE,,FALSE,{},TRUE,200,,
171,Action,add_icon,Product,add_icon,FALSE,TRUE,FALSE,5,FALSE,FALSE,3010,,,,FALSE,,FALSE,{},TRUE,200,,
172,Vendor Name,vendor_name,vendor,str,FALSE,FALSE,FALSE,2,FALSE,FALSE,2291,,,,FALSE,,TRUE,{},TRUE,200,,
172,Vendor ID,vendor_code,vendor,int,FALSE,FALSE,FALSE,1,FALSE,FALSE,2290,,,,FALSE,,FALSE,{},TRUE,200,,
172,SKU ID,product_code,vendor,int,FALSE,FALSE,FALSE,1,FALSE,FALSE,2292,,,,FALSE,,FALSE,{},TRUE,200,,
172,Product Name,product_name,vendor,str,FALSE,FALSE,FALSE,1,FALSE,FALSE,2293,,,,FALSE,,TRUE,{},TRUE,200,,
172,Min. Order Qty,min_order_quantity,vendor,int,FALSE,TRUE,FALSE,1,FALSE,FALSE,2294,,,,FALSE,,TRUE,{},TRUE,200,,
172,Order Multiple,multiple_quantity,vendor,int,FALSE,TRUE,FALSE,1,FALSE,FALSE,2295,,,,FALSE,,TRUE,{},TRUE,200,,
172,Cycle time,cycle_time,vendor,int,FALSE,TRUE,FALSE,1,FALSE,FALSE,2296,,,,FALSE,,TRUE,{},TRUE,200,,
172,Mfg. Lead time,mfg_lead_time,vendor,int,FALSE,TRUE,FALSE,1,FALSE,FALSE,2297,,,,FALSE,,TRUE,{},TRUE,200,,
172,Landed Cost,landed_cost,vendor,int,FALSE,TRUE,FALSE,1,FALSE,FALSE,2298,,,,FALSE,,TRUE,{},TRUE,200,,
173,Style Color ID,article,Inventory,str,TRUE,FALSE,FALSE,1,FALSE,FALSE,2333,,,,FALSE,,TRUE,{},TRUE,200,,
173,Lost Units,lost_units,Inventory,str,FALSE,FALSE,FALSE,11,FALSE,FALSE,2343,,,,FALSE,,FALSE,{},TRUE,200,,
173,Store Code,store_code,Inventory,str,TRUE,FALSE,FALSE,2,FALSE,FALSE,2334,,,,FALSE,,TRUE,{},TRUE,200,,
173,Style Description,style_description,Inventory,str,FALSE,FALSE,FALSE,5,FALSE,FALSE,2337,,,,FALSE,,TRUE,{},TRUE,200,,
173,Style,style,Inventory,str,FALSE,FALSE,FALSE,6,FALSE,FALSE,2338,,,,FALSE,,TRUE,{},TRUE,200,,
173,Color Code,color_code,Inventory,str,FALSE,FALSE,FALSE,7,FALSE,FALSE,2339,,,,FALSE,,TRUE,{},TRUE,200,,
173,Week Open Balance,week_open_balance,Inventory,str,FALSE,FALSE,FALSE,8,FALSE,FALSE,2340,,,,FALSE,,FALSE,{},TRUE,200,,
173,Quantity,total_quantity,Inventory,str,FALSE,FALSE,FALSE,9,FALSE,FALSE,2341,,,,FALSE,,FALSE,{},TRUE,200,,
173,Cluster Avg Sales,cluster_avg_sales,Inventory,str,FALSE,FALSE,FALSE,10,FALSE,FALSE,2342,,,,FALSE,,FALSE,{},TRUE,200,,
173,Line Amount,line_amount,Inventory,str,FALSE,FALSE,FALSE,12,FALSE,FALSE,2344,,,,FALSE,,FALSE,{},TRUE,200,,
173,Lost Sales,lost_sales,Inventory,str,FALSE,FALSE,FALSE,13,FALSE,FALSE,2345,,,,FALSE,,FALSE,{},TRUE,200,,
173,Fiscal Year,fiscal_year,Inventory,str,FALSE,FALSE,FALSE,3,FALSE,FALSE,2335,,,,FALSE,,FALSE,{},TRUE,200,,
173,Fiscal Week,fiscal_week,Inventory,str,FALSE,FALSE,FALSE,4,FALSE,FALSE,2336,,,,FALSE,,FALSE,{},TRUE,200,,
174,Allocation % (by Size),allocation_perc__size,Product,str,FALSE,FALSE,FALSE,7,TRUE,FALSE,2348,,,,FALSE,,TRUE,{},TRUE,200,,
174,Allocated Quantity,allocated_quantity__dc,Product,str,FALSE,FALSE,FALSE,4,FALSE,FALSE,2346,,,,FALSE,,TRUE,{},TRUE,200,,
174,Net DC Available,net_dc_available,Product,str,FALSE,FALSE,FALSE,5,FALSE,FALSE,2349,,,,FALSE,,TRUE,{},TRUE,200,,
174,# Style color,no_style_color,Product,str,FALSE,FALSE,FALSE,1,FALSE,FALSE,2350,,,,FALSE,,TRUE,{},TRUE,200,,
174,# Allocated stores,allocated_stores,Product,str,FALSE,FALSE,FALSE,2,FALSE,FALSE,2351,,,,FALSE,,TRUE,{},TRUE,200,,
174,Allocated store per style color ,allocated_stores_per_style_color,Product,str,FALSE,FALSE,FALSE,3,FALSE,FALSE,2352,,,,FALSE,,TRUE,{},TRUE,200,,
174,PO Quantity,po_quantity,Custom,str,FALSE,FALSE,FALSE,8,FALSE,FALSE,2426,,,,FALSE,,TRUE,{},TRUE,200,,
174,Allocated Quantity (by Size),allocated_quantity__size,Product,str,FALSE,FALSE,FALSE,6,FALSE,FALSE,2347,,,,FALSE,,TRUE,{},TRUE,200,,
175,# Style color,style_color,Product,str,FALSE,FALSE,FALSE,1,FALSE,FALSE,2353,,,,FALSE,,TRUE,{},TRUE,200,,
175,# Allocated stores,store_cnt,Product,str,FALSE,FALSE,FALSE,2,FALSE,FALSE,2354,,,,FALSE,,TRUE,{},TRUE,200,,
175,Style color depth per store,style_color_depth_per_store,Product,str,FALSE,FALSE,FALSE,3,FALSE,FALSE,2355,,,,FALSE,,TRUE,{},TRUE,200,,
175,Allocated Quantity,allocated_units,Product,str,FALSE,FALSE,FALSE,4,FALSE,FALSE,2356,,,,FALSE,,TRUE,{},TRUE,200,,
175,DC Available,inventory_available,Product,str,FALSE,FALSE,FALSE,5,FALSE,FALSE,2357,,,,FALSE,,TRUE,{},TRUE,200,,
175,Store Grade - Allocated Index,store_allocated_index,Product,str,FALSE,FALSE,FALSE,6,FALSE,FALSE,2358,,,,FALSE,,TRUE,{},TRUE,200,,
175,store_allocated_qty,store_allocated_qty,Product,str,FALSE,FALSE,FALSE,7,FALSE,FALSE,2359,,,,FALSE,,TRUE,{},TRUE,200,,
175,PO Quantity,po_quantity,Custom,str,FALSE,FALSE,FALSE,8,FALSE,FALSE,2425,,,,FALSE,,TRUE,{},TRUE,200,,
176,Quantity Transferred,quantity_transferred,Custom,str,FALSE,FALSE,FALSE,15,FALSE,FALSE,7205,,,,FALSE,,TRUE,{},TRUE,200,,
176,Quantity Received,quantity_received,Custom,str,FALSE,FALSE,FALSE,15,FALSE,FALSE,7206,,,,FALSE,,TRUE,{},TRUE,200,,
176,Quantity Remain Received,quantity_remain_received,Custom,str,FALSE,FALSE,FALSE,15,FALSE,FALSE,7207,,,,FALSE,,TRUE,{},TRUE,200,,
176,Quantity Shipped,quantity_shipped,Custom,str,FALSE,FALSE,FALSE,15,FALSE,FALSE,7208,,,,FALSE,,TRUE,{},TRUE,200,,
176,Quantity Remain Shipped,quantity_remain_shipped,Custom,str,FALSE,FALSE,FALSE,15,FALSE,FALSE,7209,,,,FALSE,,TRUE,{},TRUE,200,,
176,Allocated quantity by each size,allocated_quantity_size,Product,str,FALSE,FALSE,FALSE,18,FALSE,FALSE,2375,,,,FALSE,,TRUE,{},TRUE,200,,
176,Allocated Quantity,allocated_total,Product,str,FALSE,FALSE,FALSE,12,FALSE,FALSE,2360,,,,FALSE,,TRUE,{},TRUE,200,,
176,Net DC Available,inventory_available,Product,str,FALSE,FALSE,FALSE,13,FALSE,FALSE,2361,,,,FALSE,,TRUE,{},TRUE,200,,
176,#Stores,count_store_size,Product,str,FALSE,FALSE,FALSE,5,FALSE,FALSE,2362,,,,FALSE,,TRUE,{},TRUE,200,,
176,Description,description,Product,str,FALSE,FALSE,FALSE,2,FALSE,FALSE,2363,,,,FALSE,,TRUE,{},TRUE,200,,
176,Color,color,Product,str,FALSE,FALSE,FALSE,3,FALSE,FALSE,2364,,,,FALSE,,TRUE,{},TRUE,200,,
176,Demand Type used,demand_type,Product,str,FALSE,FALSE,FALSE,4,FALSE,FALSE,2365,,,,FALSE,,TRUE,{},TRUE,200,,
176,Min Constraint,min,Product,str,FALSE,FALSE,FALSE,11,FALSE,FALSE,2370,,,,FALSE,,TRUE,{},TRUE,200,,
176,Original APS,original_aps,Product,str,FALSE,FALSE,FALSE,14,FALSE,FALSE,2371,,,,FALSE,,TRUE,{},TRUE,200,,
176,Forecasted APS,forecast_aps,Product,str,FALSE,FALSE,FALSE,15,FALSE,FALSE,2372,,,,FALSE,,TRUE,{},TRUE,200,,
176,Target WOS,target_wos,Product,str,FALSE,FALSE,FALSE,16,FALSE,FALSE,2373,,,,FALSE,,TRUE,{},TRUE,200,,
176,Forecasted WOS,actual_wos,Product,str,FALSE,FALSE,FALSE,17,FALSE,FALSE,2374,,,,FALSE,,TRUE,{},TRUE,200,,
176,Style color ID,article,Product,link,FALSE,TRUE,FALSE,1,FALSE,FALSE,2376,,,,FALSE,,TRUE,{},TRUE,200,,
176,#Allocated stores,store,Product,str,FALSE,FALSE,FALSE,10,FALSE,FALSE,2377,,,,FALSE,,TRUE,{},TRUE,200,,
176,Class,l1_name,Product,str,FALSE,FALSE,FALSE,7,FALSE,FALSE,2367,,,,FALSE,,TRUE,{},TRUE,200,,
176,Category,l2_name,Product,str,FALSE,FALSE,FALSE,8,FALSE,FALSE,2368,,,,FALSE,,TRUE,{},TRUE,200,,
176,Category,l3_name,Product,str,FALSE,FALSE,FALSE,9,TRUE,FALSE,2369,,,,FALSE,,TRUE,{},TRUE,200,,
176,Department,l0_name,Product,str,FALSE,FALSE,FALSE,6,FALSE,FALSE,2366,,,,FALSE,,TRUE,{},TRUE,200,,
177,Quantity Transferred,size_value_quantity_transferred,Custom,str,FALSE,FALSE,FALSE,15,FALSE,FALSE,7200,,,,FALSE,,TRUE,{},TRUE,200,,
177,Quantity Received,size_value_quantity_received,Custom,str,FALSE,FALSE,FALSE,15,FALSE,FALSE,7201,,,,FALSE,,TRUE,{},TRUE,200,,
177,Quantity Remain Received,size_value_quantity_remain_received,Custom,str,FALSE,FALSE,FALSE,15,FALSE,FALSE,7202,,,,FALSE,,TRUE,{},TRUE,200,,
177,Quantity Shipped,size_value_quantity_shipped,Custom,str,FALSE,FALSE,FALSE,15,FALSE,FALSE,7203,,,,FALSE,,TRUE,{},TRUE,200,,
177,Quantity Remain Shipped,size_value_quantity_remain_shipped,Custom,str,FALSE,FALSE,FALSE,15,FALSE,FALSE,7204,,,,FALSE,,TRUE,{},TRUE,200,,
177,Store number,store_code,Product,str,FALSE,FALSE,FALSE,1,FALSE,FALSE,2392,,,,FALSE,,TRUE,{},TRUE,200,,
177,Store Name,store_name,Product,str,FALSE,FALSE,FALSE,2,FALSE,FALSE,2393,,,,FALSE,,TRUE,{},TRUE,200,,
177,Original APS,original_aps,Product,str,FALSE,FALSE,FALSE,3,FALSE,FALSE,2394,,,,FALSE,,TRUE,{},TRUE,200,,
177,Actual APS,forecast_aps,Product,float,FALSE,FALSE,FALSE,4,FALSE,FALSE,2395,,,,FALSE,,TRUE,{},TRUE,200,,
177,Allocated Total Quantity,allocated_quantity,Product,float,FALSE,FALSE,FALSE,8,FALSE,FALSE,2399,,,,FALSE,,TRUE,{},TRUE,200,,
177,Min allocation,min,Product,float,FALSE,FALSE,FALSE,9,FALSE,FALSE,2400,,,,FALSE,,TRUE,{},TRUE,200,,
177,WOS allocation,allocated_for_wos,Product,str,FALSE,FALSE,FALSE,10,FALSE,FALSE,2401,,,,FALSE,,TRUE,{},TRUE,200,,
177,DC Name,dc,Product,str,FALSE,FALSE,FALSE,11,FALSE,FALSE,2402,,,,FALSE,,TRUE,{},TRUE,200,,
177,Net DC available,dc_avail_art,Product,float,FALSE,FALSE,FALSE,12,FALSE,FALSE,2403,,,,FALSE,,TRUE,{},TRUE,200,,
177,Allocated quantity,allocated_quantity_size,Product,str,FALSE,FALSE,FALSE,13,FALSE,FALSE,2404,,,,FALSE,,TRUE,{},TRUE,200,,
177,OH+OO+IT,allocated_total,Product,float,FALSE,FALSE,FALSE,14,FALSE,FALSE,2405,,,,FALSE,,TRUE,{},TRUE,200,,
177,Allocated Quantity Size,size_value_allocated,Product,int,FALSE,TRUE,FALSE,15,FALSE,FALSE,7076,,,,FALSE,,TRUE,{},TRUE,200,,
177,OH+OO+IT Size,oh_oo_it,Product,str,FALSE,FALSE,FALSE,16,FALSE,FALSE,7075,,,,FALSE,,TRUE,{},TRUE,200,,
177,OH On hand,oh,Product,float,FALSE,FALSE,FALSE,5,FALSE,FALSE,2396,,,,FALSE,,TRUE,{},TRUE,200,,
177,TO quantity,po_quantity,Custom,str,FALSE,FALSE,FALSE,15,FALSE,FALSE,2423,,,,FALSE,,TRUE,{},TRUE,200,,
177,OO On Order,oo,Product,float,FALSE,FALSE,FALSE,6,FALSE,FALSE,2397,,,,FALSE,,TRUE,{},TRUE,200,,
177,IT In transit,it,Product,float,FALSE,FALSE,FALSE,7,FALSE,FALSE,2398,,,,FALSE,,TRUE,{},TRUE,200,,
178,Store Name,store_name,Store,str,FALSE,FALSE,FALSE,2,FALSE,FALSE,2406,,,,FALSE,,TRUE,{},TRUE,200,,
178,Store Grade,store_grade,Store,str,FALSE,FALSE,FALSE,3,FALSE,FALSE,2407,,,,FALSE,,TRUE,{},TRUE,200,,
178,# Style color,articles,Product,str,FALSE,FALSE,FALSE,4,FALSE,FALSE,2408,,,,FALSE,,TRUE,{},TRUE,200,,
178,Original APS,original_aps,Product,str,FALSE,FALSE,FALSE,5,FALSE,FALSE,2409,,,,FALSE,,TRUE,{},TRUE,200,,
178,Actual APS,forecast_aps,Product,str,FALSE,FALSE,FALSE,6,FALSE,FALSE,2410,,,,FALSE,,TRUE,{},TRUE,200,,
178,OH,oh,Product,str,FALSE,FALSE,FALSE,7,FALSE,FALSE,2411,,,,FALSE,,TRUE,{},TRUE,200,,
178,On order,oo,Product,str,FALSE,FALSE,FALSE,8,FALSE,FALSE,2412,,,,FALSE,,TRUE,{},TRUE,200,,
178,In transit,it,Product,str,FALSE,FALSE,FALSE,9,FALSE,FALSE,2413,,,,FALSE,,TRUE,{},TRUE,200,,
178,Min constraint,min,Product,str,FALSE,FALSE,FALSE,10,FALSE,FALSE,2414,,,,FALSE,,TRUE,{},TRUE,200,,
178,Allocated total quantity,allocated_total,Product,str,FALSE,FALSE,FALSE,11,FALSE,FALSE,2415,,,,FALSE,,TRUE,{},TRUE,200,,
178,Min allocation,allocated_for_min,Product,str,FALSE,FALSE,FALSE,13,FALSE,FALSE,2416,,,,FALSE,,TRUE,{},TRUE,200,,
178,WOS allocation,actual_wos,Product,str,FALSE,FALSE,FALSE,14,FALSE,FALSE,2417,,,,FALSE,,TRUE,{},TRUE,200,,
178,Target WOS,target_wos,Product,str,FALSE,FALSE,FALSE,15,FALSE,FALSE,2418,,,,FALSE,,TRUE,{},TRUE,200,,
178,Forecasted WOS,forecasted_wos,Product,str,FALSE,FALSE,FALSE,16,FALSE,FALSE,2419,,,,FALSE,,TRUE,{},TRUE,200,,
178,Shipping dates,shipping_date__dc,Product,str,FALSE,FALSE,FALSE,17,FALSE,FALSE,2420,,,,FALSE,,TRUE,{},TRUE,200,,
178,Store number,store,Store,link,FALSE,TRUE,FALSE,1,FALSE,FALSE,2421,,,,FALSE,,TRUE,{},TRUE,200,,
178,PO quantity,po_quantity,Custom,str,FALSE,FALSE,FALSE,18,FALSE,FALSE,2422,,,,FALSE,,TRUE,{},TRUE,200,,
179,Vendor ID,vendor_code,vendor,int,FALSE,FALSE,FALSE,1,FALSE,FALSE,51590,,,,FALSE,,FALSE,{},TRUE,200,,
179,Product Info.,product_information,vendor,str,FALSE,FALSE,FALSE,5,FALSE,FALSE,51595,,,,FALSE,,TRUE,{},TRUE,200,,
179,Vendor Name,vendor_name,vendor,str,FALSE,FALSE,FALSE,2,FALSE,FALSE,51591,,,,FALSE,,TRUE,{},TRUE,200,,
179,SKU ID,product_code,vendor,int,FALSE,FALSE,FALSE,3,FALSE,FALSE,51592,,,,FALSE,,FALSE,{},TRUE,200,,
179,SKU Name,product_name,vendor,str,FALSE,FALSE,FALSE,4,FALSE,FALSE,51593,,,,FALSE,,TRUE,{},TRUE,200,,
179,Location,store_code,vendor,str,FALSE,FALSE,FALSE,7,FALSE,FALSE,51594,,,,FALSE,,TRUE,{},TRUE,200,,
179,Store Info.,store_information,vendor,str,FALSE,FALSE,FALSE,6,FALSE,FALSE,51599,,,,FALSE,,TRUE,{},TRUE,200,,
179,Department,l0_name,vendor,str,FALSE,FALSE,FALSE,5,FALSE,FALSE,51596,51595,,,FALSE,,TRUE,{},TRUE,200,,
179,Class,l1_name,vendor,str,FALSE,FALSE,FALSE,5,FALSE,FALSE,51597,51595,,,FALSE,,TRUE,{},TRUE,200,,
180,Action,action,Inventory,review_btn,FALSE,TRUE,FALSE,8,FALSE,FALSE,2332,,,,FALSE,,FALSE,"{""ignore_in_api"": true} ",TRUE,200,,
180,Created at,created_at,Inventory,str,FALSE,FALSE,FALSE,5,FALSE,FALSE,2324,,,,FALSE,,TRUE,{},TRUE,200,,
180,Style Color ID,article,Inventory,list,FALSE,FALSE,FALSE,2,FALSE,FALSE,2325,,,,FALSE,,TRUE,{},TRUE,200,,
180,Inventory,inventory,Inventory,str,FALSE,FALSE,FALSE,3,FALSE,FALSE,2326,,,,FALSE,,TRUE,{},TRUE,200,,
180,Created By,created_by,Inventory,str,FALSE,FALSE,FALSE,4,FALSE,FALSE,2327,,,,FALSE,,TRUE,{},TRUE,200,,
180,Status,status,Inventory,str,FALSE,FALSE,FALSE,6,FALSE,FALSE,2328,,,,FALSE,,TRUE,{},TRUE,200,,
180,Released At,released_at,Inventory,str,FALSE,FALSE,FALSE,7,FALSE,FALSE,2329,,,,FALSE,,TRUE,{},TRUE,200,,
180,Created At,created_at,Inventory,str,FALSE,FALSE,FALSE,7,FALSE,FALSE,2330,,,,FALSE,,TRUE,{},TRUE,200,,
180,Plan Name,name,Inventory,str,TRUE,FALSE,FALSE,1,FALSE,FALSE,2331,,,,FALSE,,TRUE,{},TRUE,200,,
180,#Allocated Styles,no_allocated_articles,Inventory,int,FALSE,FALSE,FALSE,8,FALSE,FALSE,2448,,,,FALSE,,TRUE,{},TRUE,200,,
180,#Allocated Stores,no_stores_allocated,Inventory,int,FALSE,FALSE,FALSE,9,FALSE,FALSE,2449,,,,FALSE,,TRUE,{},TRUE,200,,
181,Fiscal Year,fiscal_year,Inventory,str,FALSE,FALSE,FALSE,2,FALSE,FALSE,2428,,,,FALSE,,FALSE,{},TRUE,200,,
181,Store Code,store_code,Inventory,str,FALSE,FALSE,FALSE,3,FALSE,FALSE,2427,,,,FALSE,,TRUE,{},TRUE,200,,
181,Style Color ID,article,Inventory,str,FALSE,FALSE,FALSE,4,FALSE,FALSE,2430,,,,FALSE,,TRUE,{},TRUE,200,,
181,Fiscal Week,fiscal_week,Inventory,str,FALSE,FALSE,FALSE,1,FALSE,FALSE,2429,,,,FALSE,,FALSE,{},TRUE,200,,
181,Style,style,Inventory,str,FALSE,FALSE,FALSE,5,FALSE,FALSE,2432,,,,FALSE,,TRUE,{},TRUE,200,,
181,Color Code,color_code,Inventory,str,FALSE,FALSE,FALSE,6,FALSE,FALSE,2433,,,,FALSE,,TRUE,{},TRUE,200,,
181,Style Description,style_description,Inventory,str,FALSE,FALSE,FALSE,7,FALSE,FALSE,2431,,,,FALSE,,TRUE,{},TRUE,200,,
181,ROS,total_ros,Inventory,str,FALSE,FALSE,FALSE,12,FALSE,FALSE,2438,,,,FALSE,,TRUE,{},TRUE,200,,
181,Target WOS,total_target_wos,Inventory,str,FALSE,FALSE,FALSE,13,FALSE,FALSE,2439,,,,FALSE,,TRUE,{},TRUE,200,,
181,WOS Pred,total_wos_pred,Inventory,str,FALSE,FALSE,FALSE,14,FALSE,FALSE,2440,,,,FALSE,,TRUE,{},TRUE,200,,
181,Excess Inventory,total_execss_inv,Inventory,str,FALSE,FALSE,FALSE,15,FALSE,FALSE,2441,,,,FALSE,,TRUE,{},TRUE,200,,
181,Excess Inventory($),total_excess_inv_cost,Inventory,str,FALSE,FALSE,FALSE,16,FALSE,FALSE,2442,,,,FALSE,,TRUE,{},TRUE,200,,
181,Total Inventory,sum_tot_inv,Inventory,str,FALSE,FALSE,FALSE,17,FALSE,FALSE,2443,,,,FALSE,,TRUE,{},TRUE,200,,
181,OH,total_oh,Inventory,str,FALSE,FALSE,FALSE,8,FALSE,FALSE,2434,,,,FALSE,,FALSE,{},TRUE,200,,
181,OO,total_oo,Inventory,str,FALSE,FALSE,FALSE,9,FALSE,FALSE,2435,,,,FALSE,,FALSE,{},TRUE,200,,
181,IT,total_it,Inventory,str,FALSE,FALSE,FALSE,10,FALSE,FALSE,2436,,,,FALSE,,FALSE,{},TRUE,200,,
181,Unit Sold,total_week_qty,Inventory,str,FALSE,FALSE,FALSE,11,FALSE,FALSE,2437,,,,FALSE,,FALSE,{},TRUE,200,,
182,Allocated total quantity,allocated_units,Inventory,,FALSE,FALSE,FALSE,4,FALSE,FALSE,1202,,,,FALSE,,FALSE,{},TRUE,200,,
182,,pack_id,Inventory,,FALSE,FALSE,FALSE,2,FALSE,FALSE,1201,,,,FALSE,,FALSE,{},TRUE,200,,
182,DC,dc_name,Inventory,,FALSE,FALSE,FALSE,1,FALSE,FALSE,1200,,,,FALSE,,FALSE,{},TRUE,200,,
182,Sizes,sizes_dynamic,Inventory,int,FALSE,TRUE,FALSE,3,TRUE,FALSE,1204,,,,FALSE,,FALSE,"{
	""dynamicMaxKey"": ""units_available__""}",TRUE,200,,
182,Available total quantity,units_available,Inventory,,FALSE,FALSE,FALSE,5,FALSE,FALSE,1203,,,,FALSE,,FALSE,{},TRUE,200,,
183,Product ID,product_id,Product,str,FALSE,FALSE,FALSE,1,FALSE,FALSE,17001,,,,FALSE,,TRUE,{},TRUE,200,,
183,Colorway ID,colorway_id,Product,str,FALSE,FALSE,FALSE,4,FALSE,FALSE,17003,,,,FALSE,,TRUE,{},TRUE,200,,
183,Style number,style_no,Product,str,FALSE,FALSE,FALSE,8,FALSE,FALSE,17007,,,,FALSE,,TRUE,{},TRUE,200,,
183,Style description,style_des,Product,str,FALSE,FALSE,FALSE,9,FALSE,FALSE,17008,,,,FALSE,,TRUE,{},TRUE,200,,
183,Color name,color_name,Product,str,FALSE,FALSE,FALSE,10,FALSE,FALSE,17009,,,,FALSE,,TRUE,{},TRUE,200,,
183,Style name,style_name,Product,str,FALSE,FALSE,FALSE,11,FALSE,FALSE,17010,,,,FALSE,,TRUE,{},TRUE,200,,
183,Colorway Season ID,colorway_season_id,Product,str,FALSE,FALSE,FALSE,3,FALSE,FALSE,17011,,,nonCommaFormatter,FALSE,,TRUE,{},TRUE,200,,
183,Department,l0_name,Product,str,FALSE,FALSE,FALSE,5,TRUE,FALSE,17004,,,,FALSE,,TRUE,{},TRUE,200,,
183,Class,l1_name,Product,str,FALSE,FALSE,FALSE,6,TRUE,FALSE,17005,,,,FALSE,,TRUE,{},TRUE,200,,
183,Category,l2_name,Product,str,FALSE,FALSE,FALSE,7,TRUE,FALSE,17006,,,,FALSE,,TRUE,{},TRUE,200,,
184,Drops,drop,updated_budget_NLE,str,FALSE,FALSE,FALSE,2,FALSE,FALSE,51638,,,,FALSE,,FALSE,{},TRUE,200,,
184,Sub Channel,sub_channel,updated_budget_NLE,str,FALSE,FALSE,FALSE,3,FALSE,FALSE,51646,,,,FALSE,,FALSE,{},TRUE,200,,
184,Original Depth,depth_ty,updated_budget_NLE,int,FALSE,FALSE,FALSE,4,FALSE,FALSE,51639,,,,FALSE,sum,FALSE,{},TRUE,125,,
184,Delta Depth,depth_delta,updated_budget_NLE,int,FALSE,FALSE,FALSE,6,FALSE,TRUE,51641,,,,FALSE,sum,TRUE,{},TRUE,125,,
184,Updated Choice,new_choice_ty,updated_budget_NLE,int,FALSE,FALSE,FALSE,8,FALSE,TRUE,51645,,,,FALSE,sum,TRUE,{},TRUE,125,,
184,Delta Choice,choice_delta,updated_budget_NLE,int,FALSE,FALSE,FALSE,9,FALSE,TRUE,51643,,,,FALSE,sum,TRUE,{},TRUE,125,,
184,Original Choice,choice_ty,updated_budget_NLE,int,FALSE,FALSE,FALSE,7,FALSE,TRUE,51642,,,,FALSE,sum,TRUE,{},TRUE,125,,
184,Updated Depth,new_depth_ty,updated_budget_NLE,int,FALSE,FALSE,FALSE,5,FALSE,FALSE,51640,,,,FALSE,sum,FALSE,{},FALSE,125,,
184,Delta Receipts($),receipts_delta,updated_budget_NLE,dollar,FALSE,FALSE,FALSE,10,FALSE,TRUE,51644,,,roundOff,FALSE,sum,FALSE,{},TRUE,150,,
184,Category,l3_name,updated_budget_NLE,attribute,TRUE,FALSE,FALSE,1,FALSE,TRUE,51637,,,,FALSE,name,FALSE,{},TRUE,200,,
185,Choice Name,choice_name,preview_delete_choice,str,FALSE,FALSE,FALSE,2,FALSE,FALSE,2451,,,,FALSE,,FALSE,{},TRUE,200,,
185,Category,l3_name,preview_delete_choice,attribute,TRUE,FALSE,FALSE,1,FALSE,TRUE,2450,,,,FALSE,,FALSE,{},TRUE,200,,
186,Store Group Name,name,Store,str,FALSE,FALSE,FALSE,2,FALSE,FALSE,7104,,,,FALSE,,TRUE,{},TRUE,200,,
186,# Stores,store_count,Store,int,FALSE,FALSE,FALSE,3,FALSE,FALSE,7105,,,,FALSE,,TRUE,{},TRUE,200,,
186,Time Period,time_period,Store,str,FALSE,FALSE,FALSE,4,FALSE,FALSE,7106,,,,FALSE,,TRUE,{},TRUE,200,,
186,Store Group ID,sg_code,Store,str,TRUE,FALSE,FALSE,1,FALSE,FALSE,7103,,,,FALSE,,TRUE,{},TRUE,200,,
187,PO Number,po_code,Product,str,TRUE,FALSE,FALSE,1,FALSE,FALSE,2475,,,,FALSE,,TRUE,{},TRUE,200,,
187,Requirement Date,requirement_date,Product,str,TRUE,FALSE,FALSE,2,FALSE,FALSE,2476,,,,FALSE,,TRUE,{},TRUE,200,,
187,Validity,validity,Product,str,TRUE,FALSE,FALSE,3,FALSE,FALSE,2477,,,,FALSE,,TRUE,{},TRUE,200,,
187,Allocated Qty,allocated_qty,Product,str,TRUE,FALSE,FALSE,4,FALSE,FALSE,2478,,,,FALSE,,TRUE,{},TRUE,200,,
187,Available Qty,available_qty,Product,str,TRUE,FALSE,FALSE,5,FALSE,FALSE,2479,,,,FALSE,,TRUE,{},TRUE,200,,
188,Description,description,Product,str,TRUE,FALSE,FALSE,2,FALSE,FALSE,2483,,,,FALSE,,TRUE,{},TRUE,200,,
188,# SKUs,article_count,Product,str,TRUE,FALSE,FALSE,3,FALSE,FALSE,2482,,,,FALSE,,TRUE,{},TRUE,200,,
188,Action Item,name,Product,str,TRUE,FALSE,FALSE,1,FALSE,FALSE,2481,,,,FALSE,,TRUE,{},TRUE,200,,
189,DC,dc_name,Inventory,,FALSE,FALSE,FALSE,1,,FALSE,51650,,,,FALSE,,TRUE,{},TRUE,200,,
189,'',pack_id,Inventory,,FALSE,FALSE,FALSE,2,,FALSE,51651,,,,FALSE,,TRUE,{},TRUE,200,,
189,Sizes,sizes_dynamic,Inventory,int,FALSE,TRUE,FALSE,3,TRUE,FALSE,51652,,,,FALSE,,TRUE,"{
	""dynamicMaxKey"": ""units_available__""}",TRUE,200,,
190,Bulk Remaining,total_dc_oh,store,link,FALSE,TRUE,FALSE,11,FALSE,FALSE,2525,,,,FALSE,,TRUE,{},TRUE,200,,
190,Store Name,store_name,Store,str,FALSE,FALSE,FALSE,2,FALSE,FALSE,2587,,,,FALSE,,TRUE,{},TRUE,200,,
190,Grade,grade,Store,str,FALSE,FALSE,FALSE,2,FALSE,FALSE,2588,,,,FALSE,,TRUE,{},TRUE,200,,
190,Store Status,store_status,store,str,FALSE,FALSE,FALSE,11,FALSE,FALSE,2589,,,,FALSE,,TRUE,{},TRUE,200,,
190,Style Color ID,article,Store,str,FALSE,FALSE,FALSE,1,FALSE,FALSE,2493,,,,FALSE,,TRUE,{},TRUE,200,,
190,Store Code,store_code,Store,str,FALSE,FALSE,FALSE,2,FALSE,FALSE,2510,,,,FALSE,,TRUE,{},TRUE,200,,
190,Channel,channel,store,str,FALSE,FALSE,FALSE,3,FALSE,FALSE,2497,,,,FALSE,,TRUE,{},TRUE,200,,
190,OH,oh,store,link,FALSE,TRUE,FALSE,7,FALSE,FALSE,2498,,,,FALSE,,TRUE,{},TRUE,200,,
190,IT,it,store,link,FALSE,TRUE,FALSE,8,FALSE,FALSE,2499,,,,FALSE,,TRUE,{},TRUE,200,,
190,OO,oo,store,link,FALSE,TRUE,FALSE,9,FALSE,FALSE,2502,,,,FALSE,,TRUE,{},TRUE,200,,
190,DC Inventory,dc_inventory,store,link,FALSE,TRUE,FALSE,11,FALSE,FALSE,2506,,,,FALSE,,TRUE,{},TRUE,200,,
190,Total Inventory,total_oh_it_oo,store,link,FALSE,TRUE,FALSE,10,FALSE,FALSE,2524,,,,FALSE,,TRUE,{},TRUE,200,,
190,Department,l0_name,product,str,FALSE,FALSE,FALSE,4,FALSE,FALSE,2494,,,,FALSE,,TRUE,{},TRUE,200,,
190,Class,l1_name,product,str,FALSE,FALSE,FALSE,5,FALSE,FALSE,2495,,,,FALSE,,TRUE,{},TRUE,200,,
190,Category,l2_name,product,str,FALSE,FALSE,FALSE,6,FALSE,FALSE,2496,,,,FALSE,,TRUE,{},TRUE,200,,
191,On hand,oh,Product,int,FALSE,FALSE,FALSE,22,FALSE,FALSE,10523,10521,,,FALSE,,FALSE,{},TRUE,200,,
191,Bulk Remaining,bulk_remaining,Product,int,FALSE,FALSE,FALSE,21,FALSE,FALSE,10522,10521,,,FALSE,,FALSE,{},TRUE,200,,
191,Inventory,Inventory,Product,str,FALSE,FALSE,FALSE,20,FALSE,FALSE,10521,,,,FALSE,,FALSE,{},TRUE,200,,
191,Price Point,price,Product,dollar,FALSE,FALSE,FALSE,19,FALSE,FALSE,10520,10516,,,FALSE,,FALSE,{},TRUE,200,,
191,Promo %,promo,Product,percentage,FALSE,FALSE,FALSE,18,FALSE,FALSE,10519,10516,,,FALSE,,FALSE,{},TRUE,200,,
191,LW Margin,lw_margin,Product,dollar,FALSE,FALSE,FALSE,17,FALSE,FALSE,10518,10516,,,FALSE,,FALSE,{},TRUE,200,,
191,LW Revenue,lw_revenue,Product,dollar,FALSE,FALSE,FALSE,16,FALSE,FALSE,10517,10516,,,FALSE,,FALSE,{},TRUE,200,,
191,Sales Performance,Sales Performance,Product,str,FALSE,FALSE,FALSE,14,FALSE,FALSE,10516,,,,FALSE,,FALSE,{},TRUE,200,,
191,Filters,Filters,Product,str,FALSE,FALSE,FALSE,10,FALSE,FALSE,10513,,,,FALSE,,FALSE,{},TRUE,200,,
191,Style Color,human_readable_color,Product,str,FALSE,FALSE,FALSE,9,FALSE,FALSE,10512,,,,FALSE,,TRUE,{},TRUE,200,,
191,Style Description,style_description,Product,str,FALSE,FALSE,FALSE,8,FALSE,FALSE,10511,,,,FALSE,,TRUE,{},TRUE,200,,
191,Last Allocated,allocated_time,Product,date,FALSE,FALSE,FALSE,7,FALSE,FALSE,10509,,,,FALSE,,FALSE,{},TRUE,200,,
191,Introduction Date,launch_date,Product,date,FALSE,FALSE,FALSE,6,FALSE,FALSE,10508,,,,FALSE,,FALSE,{},TRUE,200,,
191,Store Group,store_groups,Product,str,FALSE,FALSE,FALSE,5,FALSE,FALSE,10507,,,,FALSE,,TRUE,{},TRUE,200,,
191,Color ID,color_code,Product,str,TRUE,FALSE,FALSE,4,FALSE,FALSE,10505,,,,FALSE,,TRUE,{},TRUE,200,,
191,Style ID,style,Product,str,TRUE,FALSE,FALSE,3,FALSE,FALSE,10504,,,,FALSE,,TRUE,{},TRUE,200,,
191,Style Color ID,article,Product,str,TRUE,FALSE,FALSE,2,FALSE,FALSE,10503,,,,FALSE,,TRUE,{},TRUE,200,,
191,Product Type,article_status_tag,Product,str,FALSE,FALSE,FALSE,32,FALSE,FALSE,10490,,,,FALSE,,TRUE,{},TRUE,200,,
191,LW Units,lw_qty,Product,int,FALSE,FALSE,FALSE,15,FALSE,FALSE,10323,10516,,,FALSE,,FALSE,{},TRUE,200,,
191,Size Integrity(On Hand),si,Product,percentage,FALSE,FALSE,FALSE,26,FALSE,FALSE,10073,10521,,,FALSE,,FALSE,{},TRUE,200,,
191,WOS,wos,Product,int,FALSE,FALSE,FALSE,25,FALSE,FALSE,10072,10521,,,FALSE,,FALSE,{},TRUE,200,,
191,InTransit,it,Product,int,FALSE,FALSE,FALSE,24,FALSE,FALSE,10071,,,,FALSE,,FALSE,{},TRUE,200,,
191,On Order,oo,Product,int,FALSE,FALSE,FALSE,23,FALSE,FALSE,10070,10521,,,FALSE,,FALSE,{},TRUE,200,,
191,Class,l1_name,Product,str,FALSE,FALSE,FALSE,12,FALSE,FALSE,10501,10513,,,FALSE,,TRUE,{},TRUE,200,,
191,Category,l2_name,Product,str,FALSE,FALSE,FALSE,13,FALSE,FALSE,10514,10513,,,FALSE,,TRUE,{},TRUE,200,,
191,Department,l0_name,Product,str,FALSE,FALSE,FALSE,11,FALSE,FALSE,10500,10513,,,FALSE,,TRUE,{},TRUE,200,,
192,Store Code,store_code,store,str,FALSE,FALSE,FALSE,5,FALSE,FALSE,2532,,,,FALSE,,TRUE,{},TRUE,200,,
192,Channel,channel,store,str,FALSE,FALSE,FALSE,6,FALSE,FALSE,2528,,,,FALSE,,TRUE,{},TRUE,200,,
192,Style Color ID,article,store,str,FALSE,FALSE,FALSE,1,FALSE,FALSE,2533,,,,FALSE,,TRUE,{},TRUE,200,,
192,Store Grade,store_grade,store,str,FALSE,FALSE,FALSE,7,FALSE,FALSE,2534,,,,FALSE,,TRUE,{},TRUE,200,,
192,Style,style,product,str,FALSE,FALSE,FALSE,8,FALSE,FALSE,2535,,,,FALSE,,TRUE,{},TRUE,200,,
192,Color Code,color_code,product,str,FALSE,FALSE,FALSE,10,FALSE,FALSE,2537,,,,FALSE,,TRUE,{},TRUE,200,,
192,Style Description,style_description,product,str,FALSE,FALSE,FALSE,9,FALSE,FALSE,2536,,,,FALSE,,TRUE,{},TRUE,200,,
192,Color,color,product,str,FALSE,FALSE,FALSE,11,FALSE,FALSE,2538,,,,FALSE,,TRUE,{},TRUE,200,,
192,Unit Sales,unit_sales,product,str,FALSE,FALSE,FALSE,13,FALSE,FALSE,2539,,,,FALSE,,TRUE,{},TRUE,200,,
192,Total Allocated,allocated_total,product,str,FALSE,FALSE,FALSE,12,FALSE,FALSE,2540,,,,FALSE,,TRUE,{},TRUE,200,,
192,Class,l1_name,product,str,FALSE,FALSE,FALSE,3,FALSE,FALSE,2530,,,,FALSE,,TRUE,{},TRUE,200,,
192,Category,l2_name,product,str,FALSE,FALSE,FALSE,4,FALSE,FALSE,2531,,,,FALSE,,TRUE,{},TRUE,200,,
192,Department,l0_name,product,str,FALSE,FALSE,FALSE,2,FALSE,FALSE,2529,,,,FALSE,,TRUE,{},TRUE,200,,
193,Choice view,style_view,bop,review_icon,TRUE,TRUE,FALSE,8,FALSE,TRUE,2564,,,,FALSE,,FALSE,{},TRUE,200,,
193,Benchmark Cost $,bop_receipt,bop,int,TRUE,FALSE,FALSE,5,TRUE,TRUE,2561,,,,FALSE,,FALSE,{},TRUE,200,,
193,Benchmark Choice Count,bop_choice_count,bop,int,TRUE,FALSE,FALSE,7,FALSE,TRUE,2563,,,,FALSE,,FALSE,{},TRUE,200,,
193,BOP Quantity,bop_qty,bop,int,TRUE,FALSE,FALSE,6,TRUE,TRUE,2562,,,,FALSE,,FALSE,{},TRUE,200,,
193,Department,l0_name,bop,str,TRUE,FALSE,FALSE,1,TRUE,TRUE,2557,,,,FALSE,,FALSE,{},TRUE,200,,
193,Class,l1_name,bop,str,TRUE,FALSE,FALSE,2,TRUE,TRUE,2558,,,,FALSE,,FALSE,{},TRUE,200,,
193,Category,l2_name,bop,str,TRUE,FALSE,FALSE,3,FALSE,TRUE,2559,,,,FALSE,,FALSE,{},TRUE,200,,
193,Category,l3_name,bop,str,TRUE,FALSE,FALSE,4,FALSE,TRUE,2560,,,,FALSE,name,FALSE,{},TRUE,200,,
194,Channel,channel,store,str,FALSE,FALSE,FALSE,1,FALSE,FALSE,2583,,,,FALSE,,TRUE,{},TRUE,200,,
194,Class,l1_name,product,str,FALSE,FALSE,FALSE,3,FALSE,FALSE,2585,,,,FALSE,,TRUE,{},TRUE,200,,
194,Category,l2_name,product,str,FALSE,FALSE,FALSE,4,FALSE,FALSE,2586,,,,FALSE,,TRUE,{},TRUE,200,,
194,Department,l0_name,product,str,FALSE,FALSE,FALSE,2,FALSE,FALSE,2584,,,,FALSE,,TRUE,{},TRUE,200,,
195,Forecast for next 6 week,forecast_for_next_6_weeks,other,int,FALSE,FALSE,FALSE,10,FALSE,FALSE,2597,,,,FALSE,,FALSE,{},FALSE,200,,
195,Target WOS,target_wos,other,int,FALSE,TRUE,FALSE,11,FALSE,FALSE,2598,,,,FALSE,,FALSE,{},FALSE,200,,
195,Scheduled receipt unit,scheduled_receipt_unit,other,int,FALSE,FALSE,FALSE,12,FALSE,FALSE,2595,,,,FALSE,,FALSE,{},FALSE,200,,
195,Store Code,store_code,store,str,TRUE,FALSE,FALSE,1,FALSE,FALSE,2590,,,,FALSE,,TRUE,{},FALSE,200,,
195,Store Name,store_name,store,str,TRUE,FALSE,FALSE,2,FALSE,FALSE,2591,,,,FALSE,,TRUE,{},FALSE,200,,
195,Current ROS,current_ros,other,int,FALSE,FALSE,FALSE,8,FALSE,FALSE,2599,,,,FALSE,,FALSE,{},FALSE,200,,
195,OH Inventory,oh,other,int,FALSE,FALSE,FALSE,9,FALSE,FALSE,2596,,,,FALSE,,FALSE,{},FALSE,200,,
195,Class,l1_name,product,str,TRUE,FALSE,FALSE,4,FALSE,FALSE,2593,,,,FALSE,,TRUE,{},FALSE,200,,
195,Category,l2_name,product,str,FALSE,FALSE,FALSE,5,FALSE,FALSE,2594,,,,FALSE,,TRUE,{},FALSE,200,,
195,Style,style,store,str,FALSE,FALSE,FALSE,6,FALSE,FALSE,2600,,,,FALSE,,TRUE,{},FALSE,200,,
195,Style Description,style_description,store,str,FALSE,FALSE,FALSE,7,FALSE,FALSE,2601,,,,FALSE,,TRUE,{},FALSE,200,,
195,Department,l0_name,product,str,TRUE,FALSE,FALSE,3,FALSE,FALSE,2592,,,,FALSE,,TRUE,{},FALSE,200,,
200,File Name,name,file,str,TRUE,FALSE,TRUE,1,FALSE,FALSE,7127,,,,FALSE,,TRUE,{},TRUE,200,,
200,Version,version,file,str,FALSE,FALSE,TRUE,2,FALSE,FALSE,7128,,,,FALSE,,TRUE,{},TRUE,200,,
200,Created at,timeCreated,file,str,FALSE,FALSE,TRUE,3,FALSE,FALSE,7129,,,,FALSE,,TRUE,{},TRUE,200,,
200,View,url,file,str,FALSE,FALSE,TRUE,4,FALSE,FALSE,7130,,,,FALSE,,TRUE,{},TRUE,200,,
316,Store,store,Store,radio,TRUE,TRUE,FALSE,1,FALSE,FALSE,55190,,,,FALSE,,TRUE,{},FALSE,200,,
316,Store-Grade,store_grade,Store,radio,TRUE,TRUE,FALSE,2,FALSE,FALSE,55191,,,,FALSE,,TRUE,{},FALSE,200,,
316,Store-Group,store_group,Store,radio,TRUE,TRUE,FALSE,3,FALSE,FALSE,2487,,,,FALSE,,TRUE,{},FALSE,200,,
317,SKU ID,article,Inventory,link,TRUE,TRUE,FALSE,1,FALSE,FALSE,2543,,,,FALSE,,TRUE,{},TRUE,200,,
317,Plan Name,plan_name,Inventory,str,TRUE,FALSE,FALSE,2,FALSE,FALSE,2545,,,,FALSE,,TRUE,{},TRUE,200,,
317,Reserve Quantity,reserve_quantity,Inventory,str,FALSE,FALSE,FALSE,12,FALSE,FALSE,2546,,,,FALSE,,TRUE,{},TRUE,200,,
317,DC Available,dc_available,Inventory,str,FALSE,FALSE,FALSE,11,FALSE,FALSE,2547,,,,FALSE,,TRUE,{},TRUE,200,,
317,Unit_Allocated,unit_allocated,Inventory,str,FALSE,FALSE,FALSE,10,FALSE,FALSE,2548,,,,FALSE,,TRUE,{},TRUE,200,,
317,Class,l1_name,Inventory,str,FALSE,FALSE,FALSE,8,FALSE,FALSE,2541,,,,FALSE,,TRUE,{},TRUE,200,,
317,Channel,channel,Inventory,str,FALSE,FALSE,FALSE,6,FALSE,FALSE,2549,,,,FALSE,,TRUE,{},TRUE,200,,
317,Department,l0_name,Inventory,str,FALSE,FALSE,FALSE,7,FALSE,FALSE,2542,,,,FALSE,,TRUE,{},TRUE,200,,
317,Category,l2_name,Inventory,str,FALSE,FALSE,FALSE,9,FALSE,FALSE,2544,,,,FALSE,,TRUE,{},TRUE,200,,
318,Unit Allocated,unit_allocated,Inventory,str,FALSE,FALSE,FALSE,3,FALSE,FALSE,2550,,,,FALSE,,TRUE,{},TRUE,200,,
318,Store Name,store_name,Inventory,str,TRUE,FALSE,FALSE,2,FALSE,FALSE,2551,,,,FALSE,,TRUE,{},TRUE,200,,
318,Store Code,store_code,Inventory,link,TRUE,TRUE,FALSE,1,FALSE,FALSE,2552,,,,FALSE,,TRUE,{},TRUE,200,,
318,DC Available,dc_available,Inventory,str,FALSE,FALSE,FALSE,4,FALSE,FALSE,2553,,,,FALSE,,TRUE,{},TRUE,200,,
318,IT,it,Inventory,str,FALSE,FALSE,FALSE,5,FALSE,FALSE,2554,,,,FALSE,,TRUE,{},TRUE,200,,
318,OH,oh,Inventory,str,FALSE,FALSE,FALSE,6,FALSE,FALSE,2555,,,,FALSE,,TRUE,{},TRUE,200,,
318,OO,oo,Inventory,str,FALSE,FALSE,FALSE,7,FALSE,FALSE,2556,,,,FALSE,,TRUE,{},TRUE,200,,
319,Style Description,style_description,Product,str,FALSE,FALSE,FALSE,1,FALSE,FALSE,2565,,,,FALSE,,TRUE,{},TRUE,200,,
319,Actuals,transaction_qty,Product,int,FALSE,FALSE,FALSE,2,FALSE,FALSE,2566,,,,FALSE,,TRUE,{},TRUE,200,,
319,IA Forecast (var%),actual_vs_predicted_percentage,Product,str,FALSE,FALSE,FALSE,3,FALSE,FALSE,2567,,,,FALSE,,TRUE,{},TRUE,200,,
320,Sizes,sizes_dynamic,Inventory,int,FALSE,FALSE,FALSE,3,TRUE,FALSE,9560,,,,FALSE,,TRUE,"{
	""dynamicMaxKey"": ""units_available__""}",TRUE,200,,
320,DC,dc_name,Inventory,str,FALSE,FALSE,FALSE,1,FALSE,FALSE,9561,,,,FALSE,,TRUE,{},TRUE,200,,
321,SKU ID,article,Product,str,FALSE,FALSE,FALSE,1,FALSE,FALSE,2569,,,,FALSE,,TRUE,{},TRUE,200,,
321,Class,l1_name,Product,str,FALSE,FALSE,FALSE,3,FALSE,FALSE,2571,,unique,,FALSE,,TRUE,{},TRUE,200,,
321,Category,l2_name,Product,str,FALSE,FALSE,FALSE,4,FALSE,FALSE,2570,,unique,,FALSE,,TRUE,{},TRUE,200,,
321,Department,l0_name,Product,str,FALSE,FALSE,FALSE,2,FALSE,FALSE,2572,,unique,,FALSE,,TRUE,{},TRUE,200,,
322,SKU ID,article,Product,str,FALSE,FALSE,FALSE,1,FALSE,FALSE,2573,,,,FALSE,,TRUE,{},TRUE,200,,
322,Class,l1_name,Product,str,FALSE,FALSE,FALSE,3,FALSE,FALSE,2575,,unique,,FALSE,,TRUE,{},TRUE,200,,
322,Category,l2_name,Product,str,FALSE,FALSE,FALSE,4,FALSE,FALSE,2574,,unique,,FALSE,,TRUE,{},TRUE,200,,
322,Department,l0_name,Product,str,FALSE,FALSE,FALSE,2,FALSE,FALSE,2576,,unique,,FALSE,,TRUE,{},TRUE,200,,
323,Pack Name,name,Product,str,FALSE,FALSE,FALSE,1,FALSE,FALSE,2581,,,,FALSE,,TRUE,{},TRUE,200,,
323,Product Name,product_name,Product,str,FALSE,FALSE,FALSE,2,FALSE,FALSE,2582,,,,FALSE,,TRUE,{},TRUE,200,,
323,SKU ID,article,Product,str,FALSE,FALSE,FALSE,3,FALSE,FALSE,2577,,,,FALSE,,TRUE,{},TRUE,200,,
323,Class,l1_name,Product,str,FALSE,FALSE,FALSE,5,FALSE,FALSE,2579,,unique,,FALSE,,TRUE,{},TRUE,200,,
323,Department,l0_name,Product,str,FALSE,FALSE,FALSE,4,FALSE,FALSE,2580,,unique,,FALSE,,TRUE,{},TRUE,200,,
323,Category,l2_name,Product,str,FALSE,FALSE,FALSE,6,FALSE,FALSE,2578,,unique,,FALSE,,TRUE,{},TRUE,200,,
325,Cluster Name,name,Other,str,TRUE,FALSE,FALSE,1,FALSE,TRUE,2602,,,,FALSE,,TRUE,{},TRUE,200,,
325,Created By,created_by,Other,str,FALSE,FALSE,FALSE,2,FALSE,TRUE,2603,,,,FALSE,,TRUE,{},TRUE,200,,
325,Created On,created_at,Other,DateTimeField,FALSE,FALSE,FALSE,3,FALSE,TRUE,2604,,,,FALSE,,TRUE,{},TRUE,200,,
325,Updated On,updated_at,Other,DateTimeField,FALSE,FALSE,FALSE,4,FALSE,FALSE,2605,,,,FALSE,,TRUE,{},TRUE,200,,
325,Hierarchy,hierarchy_level,Other,str,FALSE,FALSE,FALSE,5,TRUE,TRUE,2606,,,,FALSE,,TRUE,{},TRUE,200,,
325,Selling Period,selling_period,Other,DateTimeField,FALSE,FALSE,FALSE,6,FALSE,TRUE,2607,,,,FALSE,,TRUE,{},TRUE,200,,
325,Channel Type,channel,Other,array,FALSE,FALSE,FALSE,7,FALSE,TRUE,2608,,,,FALSE,,TRUE,{},TRUE,200,,
325,Approve,is_finialize_for_po,Other,ToogleField,FALSE,TRUE,FALSE,9,FALSE,FALSE,2609,,,,FALSE,,FALSE,{},TRUE,200,,
325,Status,status,Other,str,FALSE,FALSE,FALSE,10,TRUE,TRUE,2610,,,,FALSE,,TRUE,{},TRUE,200,,
325,Plan Step,plan_step_desc,Other,str,FALSE,FALSE,FALSE,11,FALSE,FALSE,2611,,,,FALSE,,TRUE,{},TRUE,200,,
331,Cluster Code,cluster_code,Other,str,TRUE,FALSE,FALSE,1,FALSE,FALSE,50018,,,,FALSE,,FALSE,{},FALSE,200,,
331,Display Cluster Name,cluster_name,Other,str,FALSE,TRUE,FALSE,3,FALSE,FALSE,50019,,,roundOff,FALSE,,FALSE,{},FALSE,150,,
331,Channel,channel,Other,str,FALSE,FALSE,FALSE,2,TRUE,FALSE,50020,,,roundOff,FALSE,,FALSE,{},FALSE,150,,