id,levels,store_levels,season_code,planning_path,optimization_threshold,starting_level,optimization_level,final_level
1084,"{""age"": ""TODDLER"", ""l0_name"": ""CAN"", ""l3_name"": ""BOYS PLAYWEAR""}","{""channel"": ""E-Commerce""}",26,"{l0_name,l3_name,age,l5_name}",80%,"{l0_name,l3_name,age}",{age},{l5_name}
1089,"{""age"": ""TODDLER"", ""l0_name"": ""CAN"", ""l3_name"": ""BOYS PLAYWEAR""}","{""channel"": ""E-Commerce""}",27,"{l0_name,l3_name,age,l5_name}",80%,"{l0_name,l3_name,age}",{age},{l5_name}
1094,"{""age"": ""TODDLER"", ""l0_name"": ""CAN"", ""l3_name"": ""BOYS PLAYWEAR""}","{""channel"": ""E-Commerce""}",28,"{l0_name,l3_name,age,l5_name}",80%,"{l0_name,l3_name,age}",{age},{l5_name}
1099,"{""age"": ""TODDLER"", ""l0_name"": ""CAN"", ""l3_name"": ""BOYS PLAYWEAR""}","{""channel"": ""E-Commerce""}",29,"{l0_name,l3_name,age,l5_name}",80%,"{l0_name,l3_name,age}",{age},{l5_name}
1079,"{""age"": ""TODDLER"", ""l0_name"": ""CAN"", ""l3_name"": ""BOYS PLAYWEAR""}","{""channel"": ""E-Commerce""}",30,"{l0_name,l3_name,age,l5_name}",80%,"{l0_name,l3_name,age}",{age},{l5_name}
1109,"{""age"": ""TODDLER"", ""l0_name"": ""CAN"", ""l3_name"": ""BOYS PLAYWEAR""}","{""channel"": ""NA""}",26,"{l0_name,l3_name,age,l5_name}",80%,"{l0_name,l3_name,age}",{age},{l5_name}
1114,"{""age"": ""TODDLER"", ""l0_name"": ""CAN"", ""l3_name"": ""BOYS PLAYWEAR""}","{""channel"": ""NA""}",27,"{l0_name,l3_name,age,l5_name}",80%,"{l0_name,l3_name,age}",{age},{l5_name}
1119,"{""age"": ""TODDLER"", ""l0_name"": ""CAN"", ""l3_name"": ""BOYS PLAYWEAR""}","{""channel"": ""NA""}",28,"{l0_name,l3_name,age,l5_name}",80%,"{l0_name,l3_name,age}",{age},{l5_name}
1124,"{""age"": ""TODDLER"", ""l0_name"": ""CAN"", ""l3_name"": ""BOYS PLAYWEAR""}","{""channel"": ""NA""}",29,"{l0_name,l3_name,age,l5_name}",80%,"{l0_name,l3_name,age}",{age},{l5_name}
1104,"{""age"": ""TODDLER"", ""l0_name"": ""CAN"", ""l3_name"": ""BOYS PLAYWEAR""}","{""channel"": ""NA""}",30,"{l0_name,l3_name,age,l5_name}",80%,"{l0_name,l3_name,age}",{age},{l5_name}
1060,"{""age"": ""KIDS"", ""l0_name"": ""CAN"", ""l3_name"": ""BOYS PLAYWEAR""}","{""channel"": ""Brick __ia_char_13 Mortar""}",26,"{l0_name,l3_name,age,l5_name}",80%,"{l0_name,l3_name,age}",{age},{l5_name}
1065,"{""age"": ""KIDS"", ""l0_name"": ""CAN"", ""l3_name"": ""BOYS PLAYWEAR""}","{""channel"": ""Brick __ia_char_13 Mortar""}",27,"{l0_name,l3_name,age,l5_name}",80%,"{l0_name,l3_name,age}",{age},{l5_name}
1070,"{""age"": ""KIDS"", ""l0_name"": ""CAN"", ""l3_name"": ""BOYS PLAYWEAR""}","{""channel"": ""Brick __ia_char_13 Mortar""}",28,"{l0_name,l3_name,age,l5_name}",80%,"{l0_name,l3_name,age}",{age},{l5_name}
1075,"{""age"": ""KIDS"", ""l0_name"": ""CAN"", ""l3_name"": ""BOYS PLAYWEAR""}","{""channel"": ""Brick __ia_char_13 Mortar""}",29,"{l0_name,l3_name,age,l5_name}",80%,"{l0_name,l3_name,age}",{age},{l5_name}
1055,"{""age"": ""KIDS"", ""l0_name"": ""CAN"", ""l3_name"": ""BOYS PLAYWEAR""}","{""channel"": ""Brick __ia_char_13 Mortar""}",30,"{l0_name,l3_name,age,l5_name}",80%,"{l0_name,l3_name,age}",{age},{l5_name}
1085,"{""age"": ""KIDS"", ""l0_name"": ""CAN"", ""l3_name"": ""BOYS PLAYWEAR""}","{""channel"": ""E-Commerce""}",26,"{l0_name,l3_name,age,l5_name}",80%,"{l0_name,l3_name,age}",{age},{l5_name}
1090,"{""age"": ""KIDS"", ""l0_name"": ""CAN"", ""l3_name"": ""BOYS PLAYWEAR""}","{""channel"": ""E-Commerce""}",27,"{l0_name,l3_name,age,l5_name}",80%,"{l0_name,l3_name,age}",{age},{l5_name}
1095,"{""age"": ""KIDS"", ""l0_name"": ""CAN"", ""l3_name"": ""BOYS PLAYWEAR""}","{""channel"": ""E-Commerce""}",28,"{l0_name,l3_name,age,l5_name}",80%,"{l0_name,l3_name,age}",{age},{l5_name}
1100,"{""age"": ""KIDS"", ""l0_name"": ""CAN"", ""l3_name"": ""BOYS PLAYWEAR""}","{""channel"": ""E-Commerce""}",29,"{l0_name,l3_name,age,l5_name}",80%,"{l0_name,l3_name,age}",{age},{l5_name}
1080,"{""age"": ""KIDS"", ""l0_name"": ""CAN"", ""l3_name"": ""BOYS PLAYWEAR""}","{""channel"": ""E-Commerce""}",30,"{l0_name,l3_name,age,l5_name}",80%,"{l0_name,l3_name,age}",{age},{l5_name}
1110,"{""age"": ""KIDS"", ""l0_name"": ""CAN"", ""l3_name"": ""BOYS PLAYWEAR""}","{""channel"": ""NA""}",26,"{l0_name,l3_name,age,l5_name}",80%,"{l0_name,l3_name,age}",{age},{l5_name}
1115,"{""age"": ""KIDS"", ""l0_name"": ""CAN"", ""l3_name"": ""BOYS PLAYWEAR""}","{""channel"": ""NA""}",27,"{l0_name,l3_name,age,l5_name}",80%,"{l0_name,l3_name,age}",{age},{l5_name}
1125,"{""age"": ""KIDS"", ""l0_name"": ""CAN"", ""l3_name"": ""BOYS PLAYWEAR""}","{""channel"": ""NA""}",29,"{l0_name,l3_name,age,l5_name}",80%,"{l0_name,l3_name,age}",{age},{l5_name}
1105,"{""age"": ""KIDS"", ""l0_name"": ""CAN"", ""l3_name"": ""BOYS PLAYWEAR""}","{""channel"": ""NA""}",30,"{l0_name,l3_name,age,l5_name}",80%,"{l0_name,l3_name,age}",{age},{l5_name}
1138,"{""age"": ""INFANT"", ""l0_name"": ""CAN"", ""l3_name"": ""BOYS PLAYWEAR""}","{""channel"": ""Brick __ia_char_13 Mortar""}",26,"{l0_name,l3_name,age,l5_name}",80%,"{l0_name,l3_name,age}",{age},{l5_name}
1139,"{""age"": ""INFANT"", ""l0_name"": ""CAN"", ""l3_name"": ""BOYS PLAYWEAR""}","{""channel"": ""Brick __ia_char_13 Mortar""}",27,"{l0_name,l3_name,age,l5_name}",80%,"{l0_name,l3_name,age}",{age},{l5_name}
1140,"{""age"": ""INFANT"", ""l0_name"": ""CAN"", ""l3_name"": ""BOYS PLAYWEAR""}","{""channel"": ""Brick __ia_char_13 Mortar""}",28,"{l0_name,l3_name,age,l5_name}",80%,"{l0_name,l3_name,age}",{age},{l5_name}
1141,"{""age"": ""INFANT"", ""l0_name"": ""CAN"", ""l3_name"": ""BOYS PLAYWEAR""}","{""channel"": ""Brick __ia_char_13 Mortar""}",29,"{l0_name,l3_name,age,l5_name}",80%,"{l0_name,l3_name,age}",{age},{l5_name}
1142,"{""age"": ""INFANT"", ""l0_name"": ""CAN"", ""l3_name"": ""BOYS PLAYWEAR""}","{""channel"": ""Brick __ia_char_13 Mortar""}",30,"{l0_name,l3_name,age,l5_name}",80%,"{l0_name,l3_name,age}",{age},{l5_name}
1143,"{""age"": ""INFANT"", ""l0_name"": ""CAN"", ""l3_name"": ""BOYS PLAYWEAR""}","{""channel"": ""E-Commerce""}",26,"{l0_name,l3_name,age,l5_name}",80%,"{l0_name,l3_name,age}",{age},{l5_name}
1144,"{""age"": ""INFANT"", ""l0_name"": ""CAN"", ""l3_name"": ""BOYS PLAYWEAR""}","{""channel"": ""E-Commerce""}",27,"{l0_name,l3_name,age,l5_name}",80%,"{l0_name,l3_name,age}",{age},{l5_name}
1145,"{""age"": ""INFANT"", ""l0_name"": ""CAN"", ""l3_name"": ""BOYS PLAYWEAR""}","{""channel"": ""E-Commerce""}",28,"{l0_name,l3_name,age,l5_name}",80%,"{l0_name,l3_name,age}",{age},{l5_name}
1146,"{""age"": ""INFANT"", ""l0_name"": ""CAN"", ""l3_name"": ""BOYS PLAYWEAR""}","{""channel"": ""E-Commerce""}",29,"{l0_name,l3_name,age,l5_name}",80%,"{l0_name,l3_name,age}",{age},{l5_name}
1147,"{""age"": ""INFANT"", ""l0_name"": ""CAN"", ""l3_name"": ""BOYS PLAYWEAR""}","{""channel"": ""E-Commerce""}",30,"{l0_name,l3_name,age,l5_name}",80%,"{l0_name,l3_name,age}",{age},{l5_name}
1148,"{""age"": ""INFANT"", ""l0_name"": ""CAN"", ""l3_name"": ""BOYS PLAYWEAR""}","{""channel"": ""NA""}",26,"{l0_name,l3_name,age,l5_name}",80%,"{l0_name,l3_name,age}",{age},{l5_name}
1149,"{""age"": ""INFANT"", ""l0_name"": ""CAN"", ""l3_name"": ""BOYS PLAYWEAR""}","{""channel"": ""NA""}",27,"{l0_name,l3_name,age,l5_name}",80%,"{l0_name,l3_name,age}",{age},{l5_name}
1150,"{""age"": ""INFANT"", ""l0_name"": ""CAN"", ""l3_name"": ""BOYS PLAYWEAR""}","{""channel"": ""NA""}",28,"{l0_name,l3_name,age,l5_name}",80%,"{l0_name,l3_name,age}",{age},{l5_name}
1151,"{""age"": ""INFANT"", ""l0_name"": ""CAN"", ""l3_name"": ""BOYS PLAYWEAR""}","{""channel"": ""NA""}",29,"{l0_name,l3_name,age,l5_name}",80%,"{l0_name,l3_name,age}",{age},{l5_name}
1152,"{""age"": ""INFANT"", ""l0_name"": ""CAN"", ""l3_name"": ""BOYS PLAYWEAR""}","{""channel"": ""NA""}",30,"{l0_name,l3_name,age,l5_name}",80%,"{l0_name,l3_name,age}",{age},{l5_name}
1153,"{""age"": ""TODDLER"", ""l0_name"": ""USA"", ""l3_name"": ""BOYS PLAYWEAR""}","{""channel"": ""Brick __ia_char_13 Mortar""}",26,"{l0_name,l3_name,age,l5_name}",80%,"{l0_name,l3_name,age}",{age},{l5_name}
1154,"{""age"": ""TODDLER"", ""l0_name"": ""USA"", ""l3_name"": ""BOYS PLAYWEAR""}","{""channel"": ""Brick __ia_char_13 Mortar""}",27,"{l0_name,l3_name,age,l5_name}",80%,"{l0_name,l3_name,age}",{age},{l5_name}
1155,"{""age"": ""TODDLER"", ""l0_name"": ""USA"", ""l3_name"": ""BOYS PLAYWEAR""}","{""channel"": ""Brick __ia_char_13 Mortar""}",28,"{l0_name,l3_name,age,l5_name}",80%,"{l0_name,l3_name,age}",{age},{l5_name}
1156,"{""age"": ""TODDLER"", ""l0_name"": ""USA"", ""l3_name"": ""BOYS PLAYWEAR""}","{""channel"": ""Brick __ia_char_13 Mortar""}",29,"{l0_name,l3_name,age,l5_name}",80%,"{l0_name,l3_name,age}",{age},{l5_name}
1157,"{""age"": ""TODDLER"", ""l0_name"": ""USA"", ""l3_name"": ""BOYS PLAYWEAR""}","{""channel"": ""Brick __ia_char_13 Mortar""}",30,"{l0_name,l3_name,age,l5_name}",80%,"{l0_name,l3_name,age}",{age},{l5_name}
1158,"{""age"": ""TODDLER"", ""l0_name"": ""USA"", ""l3_name"": ""BOYS PLAYWEAR""}","{""channel"": ""E-Commerce""}",26,"{l0_name,l3_name,age,l5_name}",80%,"{l0_name,l3_name,age}",{age},{l5_name}
1159,"{""age"": ""TODDLER"", ""l0_name"": ""USA"", ""l3_name"": ""BOYS PLAYWEAR""}","{""channel"": ""E-Commerce""}",27,"{l0_name,l3_name,age,l5_name}",80%,"{l0_name,l3_name,age}",{age},{l5_name}
1160,"{""age"": ""TODDLER"", ""l0_name"": ""USA"", ""l3_name"": ""BOYS PLAYWEAR""}","{""channel"": ""E-Commerce""}",28,"{l0_name,l3_name,age,l5_name}",80%,"{l0_name,l3_name,age}",{age},{l5_name}
1161,"{""age"": ""TODDLER"", ""l0_name"": ""USA"", ""l3_name"": ""BOYS PLAYWEAR""}","{""channel"": ""E-Commerce""}",29,"{l0_name,l3_name,age,l5_name}",80%,"{l0_name,l3_name,age}",{age},{l5_name}
1162,"{""age"": ""TODDLER"", ""l0_name"": ""USA"", ""l3_name"": ""BOYS PLAYWEAR""}","{""channel"": ""E-Commerce""}",30,"{l0_name,l3_name,age,l5_name}",80%,"{l0_name,l3_name,age}",{age},{l5_name}
1163,"{""age"": ""TODDLER"", ""l0_name"": ""USA"", ""l3_name"": ""BOYS PLAYWEAR""}","{""channel"": ""NA""}",26,"{l0_name,l3_name,age,l5_name}",80%,"{l0_name,l3_name,age}",{age},{l5_name}
1164,"{""age"": ""TODDLER"", ""l0_name"": ""USA"", ""l3_name"": ""BOYS PLAYWEAR""}","{""channel"": ""NA""}",27,"{l0_name,l3_name,age,l5_name}",80%,"{l0_name,l3_name,age}",{age},{l5_name}
1165,"{""age"": ""TODDLER"", ""l0_name"": ""USA"", ""l3_name"": ""BOYS PLAYWEAR""}","{""channel"": ""NA""}",28,"{l0_name,l3_name,age,l5_name}",80%,"{l0_name,l3_name,age}",{age},{l5_name}
1166,"{""age"": ""TODDLER"", ""l0_name"": ""USA"", ""l3_name"": ""BOYS PLAYWEAR""}","{""channel"": ""NA""}",29,"{l0_name,l3_name,age,l5_name}",80%,"{l0_name,l3_name,age}",{age},{l5_name}
1167,"{""age"": ""TODDLER"", ""l0_name"": ""USA"", ""l3_name"": ""BOYS PLAYWEAR""}","{""channel"": ""NA""}",30,"{l0_name,l3_name,age,l5_name}",80%,"{l0_name,l3_name,age}",{age},{l5_name}
1168,"{""age"": ""KIDS"", ""l0_name"": ""USA"", ""l3_name"": ""BOYS PLAYWEAR""}","{""channel"": ""Brick __ia_char_13 Mortar""}",26,"{l0_name,l3_name,age,l5_name}",80%,"{l0_name,l3_name,age}",{age},{l5_name}
1169,"{""age"": ""KIDS"", ""l0_name"": ""USA"", ""l3_name"": ""BOYS PLAYWEAR""}","{""channel"": ""Brick __ia_char_13 Mortar""}",27,"{l0_name,l3_name,age,l5_name}",80%,"{l0_name,l3_name,age}",{age},{l5_name}
1170,"{""age"": ""KIDS"", ""l0_name"": ""USA"", ""l3_name"": ""BOYS PLAYWEAR""}","{""channel"": ""Brick __ia_char_13 Mortar""}",28,"{l0_name,l3_name,age,l5_name}",80%,"{l0_name,l3_name,age}",{age},{l5_name}
1171,"{""age"": ""KIDS"", ""l0_name"": ""USA"", ""l3_name"": ""BOYS PLAYWEAR""}","{""channel"": ""Brick __ia_char_13 Mortar""}",29,"{l0_name,l3_name,age,l5_name}",80%,"{l0_name,l3_name,age}",{age},{l5_name}
1172,"{""age"": ""KIDS"", ""l0_name"": ""USA"", ""l3_name"": ""BOYS PLAYWEAR""}","{""channel"": ""Brick __ia_char_13 Mortar""}",30,"{l0_name,l3_name,age,l5_name}",80%,"{l0_name,l3_name,age}",{age},{l5_name}
1173,"{""age"": ""KIDS"", ""l0_name"": ""USA"", ""l3_name"": ""BOYS PLAYWEAR""}","{""channel"": ""E-Commerce""}",26,"{l0_name,l3_name,age,l5_name}",80%,"{l0_name,l3_name,age}",{age},{l5_name}
1174,"{""age"": ""KIDS"", ""l0_name"": ""USA"", ""l3_name"": ""BOYS PLAYWEAR""}","{""channel"": ""E-Commerce""}",27,"{l0_name,l3_name,age,l5_name}",80%,"{l0_name,l3_name,age}",{age},{l5_name}
1175,"{""age"": ""KIDS"", ""l0_name"": ""USA"", ""l3_name"": ""BOYS PLAYWEAR""}","{""channel"": ""E-Commerce""}",28,"{l0_name,l3_name,age,l5_name}",80%,"{l0_name,l3_name,age}",{age},{l5_name}
1176,"{""age"": ""KIDS"", ""l0_name"": ""USA"", ""l3_name"": ""BOYS PLAYWEAR""}","{""channel"": ""E-Commerce""}",29,"{l0_name,l3_name,age,l5_name}",80%,"{l0_name,l3_name,age}",{age},{l5_name}
1177,"{""age"": ""KIDS"", ""l0_name"": ""USA"", ""l3_name"": ""BOYS PLAYWEAR""}","{""channel"": ""E-Commerce""}",30,"{l0_name,l3_name,age,l5_name}",80%,"{l0_name,l3_name,age}",{age},{l5_name}
1179,"{""age"": ""KIDS"", ""l0_name"": ""USA"", ""l3_name"": ""BOYS PLAYWEAR""}","{""channel"": ""NA""}",27,"{l0_name,l3_name,age,l5_name}",80%,"{l0_name,l3_name,age}",{age},{l5_name}
1180,"{""age"": ""KIDS"", ""l0_name"": ""USA"", ""l3_name"": ""BOYS PLAYWEAR""}","{""channel"": ""NA""}",28,"{l0_name,l3_name,age,l5_name}",80%,"{l0_name,l3_name,age}",{age},{l5_name}
1181,"{""age"": ""KIDS"", ""l0_name"": ""USA"", ""l3_name"": ""BOYS PLAYWEAR""}","{""channel"": ""NA""}",29,"{l0_name,l3_name,age,l5_name}",80%,"{l0_name,l3_name,age}",{age},{l5_name}
1182,"{""age"": ""KIDS"", ""l0_name"": ""USA"", ""l3_name"": ""BOYS PLAYWEAR""}","{""channel"": ""NA""}",30,"{l0_name,l3_name,age,l5_name}",80%,"{l0_name,l3_name,age}",{age},{l5_name}
1183,"{""age"": ""INFANT"", ""l0_name"": ""USA"", ""l3_name"": ""BOYS PLAYWEAR""}","{""channel"": ""Brick __ia_char_13 Mortar""}",26,"{l0_name,l3_name,age,l5_name}",80%,"{l0_name,l3_name,age}",{age},{l5_name}
1184,"{""age"": ""INFANT"", ""l0_name"": ""USA"", ""l3_name"": ""BOYS PLAYWEAR""}","{""channel"": ""Brick __ia_char_13 Mortar""}",27,"{l0_name,l3_name,age,l5_name}",80%,"{l0_name,l3_name,age}",{age},{l5_name}
1185,"{""age"": ""INFANT"", ""l0_name"": ""USA"", ""l3_name"": ""BOYS PLAYWEAR""}","{""channel"": ""Brick __ia_char_13 Mortar""}",28,"{l0_name,l3_name,age,l5_name}",80%,"{l0_name,l3_name,age}",{age},{l5_name}
1186,"{""age"": ""INFANT"", ""l0_name"": ""USA"", ""l3_name"": ""BOYS PLAYWEAR""}","{""channel"": ""Brick __ia_char_13 Mortar""}",29,"{l0_name,l3_name,age,l5_name}",80%,"{l0_name,l3_name,age}",{age},{l5_name}
1187,"{""age"": ""INFANT"", ""l0_name"": ""USA"", ""l3_name"": ""BOYS PLAYWEAR""}","{""channel"": ""Brick __ia_char_13 Mortar""}",30,"{l0_name,l3_name,age,l5_name}",80%,"{l0_name,l3_name,age}",{age},{l5_name}
1188,"{""age"": ""INFANT"", ""l0_name"": ""USA"", ""l3_name"": ""BOYS PLAYWEAR""}","{""channel"": ""E-Commerce""}",26,"{l0_name,l3_name,age,l5_name}",80%,"{l0_name,l3_name,age}",{age},{l5_name}
1189,"{""age"": ""INFANT"", ""l0_name"": ""USA"", ""l3_name"": ""BOYS PLAYWEAR""}","{""channel"": ""E-Commerce""}",27,"{l0_name,l3_name,age,l5_name}",80%,"{l0_name,l3_name,age}",{age},{l5_name}
1190,"{""age"": ""INFANT"", ""l0_name"": ""USA"", ""l3_name"": ""BOYS PLAYWEAR""}","{""channel"": ""E-Commerce""}",28,"{l0_name,l3_name,age,l5_name}",80%,"{l0_name,l3_name,age}",{age},{l5_name}
1191,"{""age"": ""INFANT"", ""l0_name"": ""USA"", ""l3_name"": ""BOYS PLAYWEAR""}","{""channel"": ""E-Commerce""}",29,"{l0_name,l3_name,age,l5_name}",80%,"{l0_name,l3_name,age}",{age},{l5_name}
1192,"{""age"": ""INFANT"", ""l0_name"": ""USA"", ""l3_name"": ""BOYS PLAYWEAR""}","{""channel"": ""E-Commerce""}",30,"{l0_name,l3_name,age,l5_name}",80%,"{l0_name,l3_name,age}",{age},{l5_name}
1193,"{""age"": ""INFANT"", ""l0_name"": ""USA"", ""l3_name"": ""BOYS PLAYWEAR""}","{""channel"": ""NA""}",26,"{l0_name,l3_name,age,l5_name}",80%,"{l0_name,l3_name,age}",{age},{l5_name}
1194,"{""age"": ""INFANT"", ""l0_name"": ""USA"", ""l3_name"": ""BOYS PLAYWEAR""}","{""channel"": ""NA""}",27,"{l0_name,l3_name,age,l5_name}",80%,"{l0_name,l3_name,age}",{age},{l5_name}
1195,"{""age"": ""INFANT"", ""l0_name"": ""USA"", ""l3_name"": ""BOYS PLAYWEAR""}","{""channel"": ""NA""}",28,"{l0_name,l3_name,age,l5_name}",80%,"{l0_name,l3_name,age}",{age},{l5_name}
1196,"{""age"": ""INFANT"", ""l0_name"": ""USA"", ""l3_name"": ""BOYS PLAYWEAR""}","{""channel"": ""NA""}",29,"{l0_name,l3_name,age,l5_name}",80%,"{l0_name,l3_name,age}",{age},{l5_name}
1197,"{""age"": ""INFANT"", ""l0_name"": ""USA"", ""l3_name"": ""BOYS PLAYWEAR""}","{""channel"": ""NA""}",30,"{l0_name,l3_name,age,l5_name}",80%,"{l0_name,l3_name,age}",{age},{l5_name}
1198,"{""l0_name"": ""USA"", ""l3_name"": ""ACCESSORIES""}","{""channel"": ""Brick __ia_char_13 Mortar""}",26,"{l0_name,l3_name,age,l5_name}",80%,"{l0_name,l3_name}","{""""}",{l5_name}
1199,"{""l0_name"": ""USA"", ""l3_name"": ""ACCESSORIES""}","{""channel"": ""Brick __ia_char_13 Mortar""}",27,"{l0_name,l3_name,age,l5_name}",80%,"{l0_name,l3_name}","{""""}",{l5_name}
1200,"{""l0_name"": ""USA"", ""l3_name"": ""ACCESSORIES""}","{""channel"": ""Brick __ia_char_13 Mortar""}",28,"{l0_name,l3_name,age,l5_name}",80%,"{l0_name,l3_name}","{""""}",{l5_name}
1201,"{""l0_name"": ""USA"", ""l3_name"": ""ACCESSORIES""}","{""channel"": ""Brick __ia_char_13 Mortar""}",29,"{l0_name,l3_name,age,l5_name}",80%,"{l0_name,l3_name}","{""""}",{l5_name}
1202,"{""l0_name"": ""USA"", ""l3_name"": ""ACCESSORIES""}","{""channel"": ""Brick __ia_char_13 Mortar""}",30,"{l0_name,l3_name,age,l5_name}",80%,"{l0_name,l3_name}","{""""}",{l5_name}
1203,"{""l0_name"": ""USA"", ""l3_name"": ""ACCESSORIES""}","{""channel"": ""E-Commerce""}",26,"{l0_name,l3_name,age,l5_name}",80%,"{l0_name,l3_name}","{""""}",{l5_name}
1204,"{""l0_name"": ""USA"", ""l3_name"": ""ACCESSORIES""}","{""channel"": ""E-Commerce""}",27,"{l0_name,l3_name,age,l5_name}",80%,"{l0_name,l3_name}","{""""}",{l5_name}
1205,"{""l0_name"": ""USA"", ""l3_name"": ""ACCESSORIES""}","{""channel"": ""E-Commerce""}",28,"{l0_name,l3_name,age,l5_name}",80%,"{l0_name,l3_name}","{""""}",{l5_name}
1206,"{""l0_name"": ""USA"", ""l3_name"": ""ACCESSORIES""}","{""channel"": ""E-Commerce""}",29,"{l0_name,l3_name,age,l5_name}",80%,"{l0_name,l3_name}","{""""}",{l5_name}
1207,"{""l0_name"": ""USA"", ""l3_name"": ""ACCESSORIES""}","{""channel"": ""E-Commerce""}",30,"{l0_name,l3_name,age,l5_name}",80%,"{l0_name,l3_name}","{""""}",{l5_name}
1208,"{""l0_name"": ""USA"", ""l3_name"": ""ACCESSORIES""}","{""channel"": ""NA""}",26,"{l0_name,l3_name,age,l5_name}",80%,"{l0_name,l3_name}","{""""}",{l5_name}
1209,"{""l0_name"": ""USA"", ""l3_name"": ""ACCESSORIES""}","{""channel"": ""NA""}",27,"{l0_name,l3_name,age,l5_name}",80%,"{l0_name,l3_name}","{""""}",{l5_name}
1210,"{""l0_name"": ""USA"", ""l3_name"": ""ACCESSORIES""}","{""channel"": ""NA""}",28,"{l0_name,l3_name,age,l5_name}",80%,"{l0_name,l3_name}","{""""}",{l5_name}
1211,"{""l0_name"": ""USA"", ""l3_name"": ""ACCESSORIES""}","{""channel"": ""NA""}",29,"{l0_name,l3_name,age,l5_name}",80%,"{l0_name,l3_name}","{""""}",{l5_name}
1212,"{""l0_name"": ""USA"", ""l3_name"": ""ACCESSORIES""}","{""channel"": ""NA""}",30,"{l0_name,l3_name,age,l5_name}",80%,"{l0_name,l3_name}","{""""}",{l5_name}
1213,"{""l0_name"": ""CAN"", ""l3_name"": ""ACCESSORIES""}","{""channel"": ""Brick __ia_char_13 Mortar""}",26,"{l0_name,l3_name,age,l5_name}",80%,"{l0_name,l3_name}","{""""}",{l5_name}
1214,"{""l0_name"": ""CAN"", ""l3_name"": ""ACCESSORIES""}","{""channel"": ""Brick __ia_char_13 Mortar""}",27,"{l0_name,l3_name,age,l5_name}",80%,"{l0_name,l3_name}","{""""}",{l5_name}
1215,"{""l0_name"": ""CAN"", ""l3_name"": ""ACCESSORIES""}","{""channel"": ""Brick __ia_char_13 Mortar""}",28,"{l0_name,l3_name,age,l5_name}",80%,"{l0_name,l3_name}","{""""}",{l5_name}
1216,"{""l0_name"": ""CAN"", ""l3_name"": ""ACCESSORIES""}","{""channel"": ""Brick __ia_char_13 Mortar""}",29,"{l0_name,l3_name,age,l5_name}",80%,"{l0_name,l3_name}","{""""}",{l5_name}
1217,"{""l0_name"": ""CAN"", ""l3_name"": ""ACCESSORIES""}","{""channel"": ""Brick __ia_char_13 Mortar""}",30,"{l0_name,l3_name,age,l5_name}",80%,"{l0_name,l3_name}","{""""}",{l5_name}
1218,"{""l0_name"": ""CAN"", ""l3_name"": ""ACCESSORIES""}","{""channel"": ""E-Commerce""}",26,"{l0_name,l3_name,age,l5_name}",80%,"{l0_name,l3_name}","{""""}",{l5_name}
1219,"{""l0_name"": ""CAN"", ""l3_name"": ""ACCESSORIES""}","{""channel"": ""E-Commerce""}",27,"{l0_name,l3_name,age,l5_name}",80%,"{l0_name,l3_name}","{""""}",{l5_name}
1220,"{""l0_name"": ""CAN"", ""l3_name"": ""ACCESSORIES""}","{""channel"": ""E-Commerce""}",28,"{l0_name,l3_name,age,l5_name}",80%,"{l0_name,l3_name}","{""""}",{l5_name}
1221,"{""l0_name"": ""CAN"", ""l3_name"": ""ACCESSORIES""}","{""channel"": ""E-Commerce""}",29,"{l0_name,l3_name,age,l5_name}",80%,"{l0_name,l3_name}","{""""}",{l5_name}
1222,"{""l0_name"": ""CAN"", ""l3_name"": ""ACCESSORIES""}","{""channel"": ""E-Commerce""}",30,"{l0_name,l3_name,age,l5_name}",80%,"{l0_name,l3_name}","{""""}",{l5_name}
1223,"{""l0_name"": ""CAN"", ""l3_name"": ""ACCESSORIES""}","{""channel"": ""NA""}",26,"{l0_name,l3_name,age,l5_name}",80%,"{l0_name,l3_name}","{""""}",{l5_name}
1224,"{""l0_name"": ""CAN"", ""l3_name"": ""ACCESSORIES""}","{""channel"": ""NA""}",27,"{l0_name,l3_name,age,l5_name}",80%,"{l0_name,l3_name}","{""""}",{l5_name}
1226,"{""l0_name"": ""CAN"", ""l3_name"": ""ACCESSORIES""}","{""channel"": ""NA""}",29,"{l0_name,l3_name,age,l5_name}",80%,"{l0_name,l3_name}","{""""}",{l5_name}
1227,"{""l0_name"": ""CAN"", ""l3_name"": ""ACCESSORIES""}","{""channel"": ""NA""}",30,"{l0_name,l3_name,age,l5_name}",80%,"{l0_name,l3_name}","{""""}",{l5_name}
1061,"{""age"": ""TODDLER"", ""l0_name"": ""USA"", ""l3_name"": ""GIRLS PLAYWEAR""}","{""channel"": ""Brick __ia_char_13 Mortar""}",26,"{l0_name,l3_name,age,l5_name}",80%,"{l0_name,l3_name,age}",{age},{l5_name}
1066,"{""age"": ""TODDLER"", ""l0_name"": ""USA"", ""l3_name"": ""GIRLS PLAYWEAR""}","{""channel"": ""Brick __ia_char_13 Mortar""}",27,"{l0_name,l3_name,age,l5_name}",80%,"{l0_name,l3_name,age}",{age},{l5_name}
1071,"{""age"": ""TODDLER"", ""l0_name"": ""USA"", ""l3_name"": ""GIRLS PLAYWEAR""}","{""channel"": ""Brick __ia_char_13 Mortar""}",28,"{l0_name,l3_name,age,l5_name}",80%,"{l0_name,l3_name,age}",{age},{l5_name}
1076,"{""age"": ""TODDLER"", ""l0_name"": ""USA"", ""l3_name"": ""GIRLS PLAYWEAR""}","{""channel"": ""Brick __ia_char_13 Mortar""}",29,"{l0_name,l3_name,age,l5_name}",80%,"{l0_name,l3_name,age}",{age},{l5_name}
1056,"{""age"": ""TODDLER"", ""l0_name"": ""USA"", ""l3_name"": ""GIRLS PLAYWEAR""}","{""channel"": ""Brick __ia_char_13 Mortar""}",30,"{l0_name,l3_name,age,l5_name}",80%,"{l0_name,l3_name,age}",{age},{l5_name}
1086,"{""age"": ""TODDLER"", ""l0_name"": ""USA"", ""l3_name"": ""GIRLS PLAYWEAR""}","{""channel"": ""E-Commerce""}",26,"{l0_name,l3_name,age,l5_name}",80%,"{l0_name,l3_name,age}",{age},{l5_name}
1091,"{""age"": ""TODDLER"", ""l0_name"": ""USA"", ""l3_name"": ""GIRLS PLAYWEAR""}","{""channel"": ""E-Commerce""}",27,"{l0_name,l3_name,age,l5_name}",80%,"{l0_name,l3_name,age}",{age},{l5_name}
1096,"{""age"": ""TODDLER"", ""l0_name"": ""USA"", ""l3_name"": ""GIRLS PLAYWEAR""}","{""channel"": ""E-Commerce""}",28,"{l0_name,l3_name,age,l5_name}",80%,"{l0_name,l3_name,age}",{age},{l5_name}
1101,"{""age"": ""TODDLER"", ""l0_name"": ""USA"", ""l3_name"": ""GIRLS PLAYWEAR""}","{""channel"": ""E-Commerce""}",29,"{l0_name,l3_name,age,l5_name}",80%,"{l0_name,l3_name,age}",{age},{l5_name}
1081,"{""age"": ""TODDLER"", ""l0_name"": ""USA"", ""l3_name"": ""GIRLS PLAYWEAR""}","{""channel"": ""E-Commerce""}",30,"{l0_name,l3_name,age,l5_name}",80%,"{l0_name,l3_name,age}",{age},{l5_name}
1111,"{""age"": ""TODDLER"", ""l0_name"": ""USA"", ""l3_name"": ""GIRLS PLAYWEAR""}","{""channel"": ""NA""}",26,"{l0_name,l3_name,age,l5_name}",80%,"{l0_name,l3_name,age}",{age},{l5_name}
1116,"{""age"": ""TODDLER"", ""l0_name"": ""USA"", ""l3_name"": ""GIRLS PLAYWEAR""}","{""channel"": ""NA""}",27,"{l0_name,l3_name,age,l5_name}",80%,"{l0_name,l3_name,age}",{age},{l5_name}
1121,"{""age"": ""TODDLER"", ""l0_name"": ""USA"", ""l3_name"": ""GIRLS PLAYWEAR""}","{""channel"": ""NA""}",28,"{l0_name,l3_name,age,l5_name}",80%,"{l0_name,l3_name,age}",{age},{l5_name}
1126,"{""age"": ""TODDLER"", ""l0_name"": ""USA"", ""l3_name"": ""GIRLS PLAYWEAR""}","{""channel"": ""NA""}",29,"{l0_name,l3_name,age,l5_name}",80%,"{l0_name,l3_name,age}",{age},{l5_name}
1106,"{""age"": ""TODDLER"", ""l0_name"": ""USA"", ""l3_name"": ""GIRLS PLAYWEAR""}","{""channel"": ""NA""}",30,"{l0_name,l3_name,age,l5_name}",80%,"{l0_name,l3_name,age}",{age},{l5_name}
1062,"{""age"": ""KIDS"", ""l0_name"": ""USA"", ""l3_name"": ""GIRLS PLAYWEAR""}","{""channel"": ""Brick __ia_char_13 Mortar""}",26,"{l0_name,l3_name,age,l5_name}",80%,"{l0_name,l3_name,age}",{age},{l5_name}
1067,"{""age"": ""KIDS"", ""l0_name"": ""USA"", ""l3_name"": ""GIRLS PLAYWEAR""}","{""channel"": ""Brick __ia_char_13 Mortar""}",27,"{l0_name,l3_name,age,l5_name}",80%,"{l0_name,l3_name,age}",{age},{l5_name}
1072,"{""age"": ""KIDS"", ""l0_name"": ""USA"", ""l3_name"": ""GIRLS PLAYWEAR""}","{""channel"": ""Brick __ia_char_13 Mortar""}",28,"{l0_name,l3_name,age,l5_name}",80%,"{l0_name,l3_name,age}",{age},{l5_name}
1077,"{""age"": ""KIDS"", ""l0_name"": ""USA"", ""l3_name"": ""GIRLS PLAYWEAR""}","{""channel"": ""Brick __ia_char_13 Mortar""}",29,"{l0_name,l3_name,age,l5_name}",80%,"{l0_name,l3_name,age}",{age},{l5_name}
1057,"{""age"": ""KIDS"", ""l0_name"": ""USA"", ""l3_name"": ""GIRLS PLAYWEAR""}","{""channel"": ""Brick __ia_char_13 Mortar""}",30,"{l0_name,l3_name,age,l5_name}",80%,"{l0_name,l3_name,age}",{age},{l5_name}
1087,"{""age"": ""KIDS"", ""l0_name"": ""USA"", ""l3_name"": ""GIRLS PLAYWEAR""}","{""channel"": ""E-Commerce""}",26,"{l0_name,l3_name,age,l5_name}",80%,"{l0_name,l3_name,age}",{age},{l5_name}
1092,"{""age"": ""KIDS"", ""l0_name"": ""USA"", ""l3_name"": ""GIRLS PLAYWEAR""}","{""channel"": ""E-Commerce""}",27,"{l0_name,l3_name,age,l5_name}",80%,"{l0_name,l3_name,age}",{age},{l5_name}
1097,"{""age"": ""KIDS"", ""l0_name"": ""USA"", ""l3_name"": ""GIRLS PLAYWEAR""}","{""channel"": ""E-Commerce""}",28,"{l0_name,l3_name,age,l5_name}",80%,"{l0_name,l3_name,age}",{age},{l5_name}
1102,"{""age"": ""KIDS"", ""l0_name"": ""USA"", ""l3_name"": ""GIRLS PLAYWEAR""}","{""channel"": ""E-Commerce""}",29,"{l0_name,l3_name,age,l5_name}",80%,"{l0_name,l3_name,age}",{age},{l5_name}
1082,"{""age"": ""KIDS"", ""l0_name"": ""USA"", ""l3_name"": ""GIRLS PLAYWEAR""}","{""channel"": ""E-Commerce""}",30,"{l0_name,l3_name,age,l5_name}",80%,"{l0_name,l3_name,age}",{age},{l5_name}
1112,"{""age"": ""KIDS"", ""l0_name"": ""USA"", ""l3_name"": ""GIRLS PLAYWEAR""}","{""channel"": ""NA""}",26,"{l0_name,l3_name,age,l5_name}",80%,"{l0_name,l3_name,age}",{age},{l5_name}
1117,"{""age"": ""KIDS"", ""l0_name"": ""USA"", ""l3_name"": ""GIRLS PLAYWEAR""}","{""channel"": ""NA""}",27,"{l0_name,l3_name,age,l5_name}",80%,"{l0_name,l3_name,age}",{age},{l5_name}
1122,"{""age"": ""KIDS"", ""l0_name"": ""USA"", ""l3_name"": ""GIRLS PLAYWEAR""}","{""channel"": ""NA""}",28,"{l0_name,l3_name,age,l5_name}",80%,"{l0_name,l3_name,age}",{age},{l5_name}
1127,"{""age"": ""KIDS"", ""l0_name"": ""USA"", ""l3_name"": ""GIRLS PLAYWEAR""}","{""channel"": ""NA""}",29,"{l0_name,l3_name,age,l5_name}",80%,"{l0_name,l3_name,age}",{age},{l5_name}
1107,"{""age"": ""KIDS"", ""l0_name"": ""USA"", ""l3_name"": ""GIRLS PLAYWEAR""}","{""channel"": ""NA""}",30,"{l0_name,l3_name,age,l5_name}",80%,"{l0_name,l3_name,age}",{age},{l5_name}
1228,"{""age"": ""INFANT"", ""l0_name"": ""USA"", ""l3_name"": ""GIRLS PLAYWEAR""}","{""channel"": ""Brick __ia_char_13 Mortar""}",26,"{l0_name,l3_name,age,l5_name}",80%,"{l0_name,l3_name,age}",{age},{l5_name}
1229,"{""age"": ""INFANT"", ""l0_name"": ""USA"", ""l3_name"": ""GIRLS PLAYWEAR""}","{""channel"": ""Brick __ia_char_13 Mortar""}",27,"{l0_name,l3_name,age,l5_name}",80%,"{l0_name,l3_name,age}",{age},{l5_name}
1230,"{""age"": ""INFANT"", ""l0_name"": ""USA"", ""l3_name"": ""GIRLS PLAYWEAR""}","{""channel"": ""Brick __ia_char_13 Mortar""}",28,"{l0_name,l3_name,age,l5_name}",80%,"{l0_name,l3_name,age}",{age},{l5_name}
1231,"{""age"": ""INFANT"", ""l0_name"": ""USA"", ""l3_name"": ""GIRLS PLAYWEAR""}","{""channel"": ""Brick __ia_char_13 Mortar""}",29,"{l0_name,l3_name,age,l5_name}",80%,"{l0_name,l3_name,age}",{age},{l5_name}
1232,"{""age"": ""INFANT"", ""l0_name"": ""USA"", ""l3_name"": ""GIRLS PLAYWEAR""}","{""channel"": ""Brick __ia_char_13 Mortar""}",30,"{l0_name,l3_name,age,l5_name}",80%,"{l0_name,l3_name,age}",{age},{l5_name}
1233,"{""age"": ""INFANT"", ""l0_name"": ""USA"", ""l3_name"": ""GIRLS PLAYWEAR""}","{""channel"": ""E-Commerce""}",26,"{l0_name,l3_name,age,l5_name}",80%,"{l0_name,l3_name,age}",{age},{l5_name}
1234,"{""age"": ""INFANT"", ""l0_name"": ""USA"", ""l3_name"": ""GIRLS PLAYWEAR""}","{""channel"": ""E-Commerce""}",27,"{l0_name,l3_name,age,l5_name}",80%,"{l0_name,l3_name,age}",{age},{l5_name}
1235,"{""age"": ""INFANT"", ""l0_name"": ""USA"", ""l3_name"": ""GIRLS PLAYWEAR""}","{""channel"": ""E-Commerce""}",28,"{l0_name,l3_name,age,l5_name}",80%,"{l0_name,l3_name,age}",{age},{l5_name}
1236,"{""age"": ""INFANT"", ""l0_name"": ""USA"", ""l3_name"": ""GIRLS PLAYWEAR""}","{""channel"": ""E-Commerce""}",29,"{l0_name,l3_name,age,l5_name}",80%,"{l0_name,l3_name,age}",{age},{l5_name}
1237,"{""age"": ""INFANT"", ""l0_name"": ""USA"", ""l3_name"": ""GIRLS PLAYWEAR""}","{""channel"": ""E-Commerce""}",30,"{l0_name,l3_name,age,l5_name}",80%,"{l0_name,l3_name,age}",{age},{l5_name}
1238,"{""age"": ""INFANT"", ""l0_name"": ""USA"", ""l3_name"": ""GIRLS PLAYWEAR""}","{""channel"": ""NA""}",26,"{l0_name,l3_name,age,l5_name}",80%,"{l0_name,l3_name,age}",{age},{l5_name}
1239,"{""age"": ""INFANT"", ""l0_name"": ""USA"", ""l3_name"": ""GIRLS PLAYWEAR""}","{""channel"": ""NA""}",27,"{l0_name,l3_name,age,l5_name}",80%,"{l0_name,l3_name,age}",{age},{l5_name}
1240,"{""age"": ""INFANT"", ""l0_name"": ""USA"", ""l3_name"": ""GIRLS PLAYWEAR""}","{""channel"": ""NA""}",28,"{l0_name,l3_name,age,l5_name}",80%,"{l0_name,l3_name,age}",{age},{l5_name}
1241,"{""age"": ""INFANT"", ""l0_name"": ""USA"", ""l3_name"": ""GIRLS PLAYWEAR""}","{""channel"": ""NA""}",29,"{l0_name,l3_name,age,l5_name}",80%,"{l0_name,l3_name,age}",{age},{l5_name}
1242,"{""age"": ""INFANT"", ""l0_name"": ""USA"", ""l3_name"": ""GIRLS PLAYWEAR""}","{""channel"": ""NA""}",30,"{l0_name,l3_name,age,l5_name}",80%,"{l0_name,l3_name,age}",{age},{l5_name}
1243,"{""age"": ""TODDLER"", ""l0_name"": ""CAN"", ""l3_name"": ""GIRLS PLAYWEAR""}","{""channel"": ""Brick __ia_char_13 Mortar""}",26,"{l0_name,l3_name,age,l5_name}",80%,"{l0_name,l3_name,age}",{age},{l5_name}
1244,"{""age"": ""TODDLER"", ""l0_name"": ""CAN"", ""l3_name"": ""GIRLS PLAYWEAR""}","{""channel"": ""Brick __ia_char_13 Mortar""}",27,"{l0_name,l3_name,age,l5_name}",80%,"{l0_name,l3_name,age}",{age},{l5_name}
1245,"{""age"": ""TODDLER"", ""l0_name"": ""CAN"", ""l3_name"": ""GIRLS PLAYWEAR""}","{""channel"": ""Brick __ia_char_13 Mortar""}",28,"{l0_name,l3_name,age,l5_name}",80%,"{l0_name,l3_name,age}",{age},{l5_name}
1246,"{""age"": ""TODDLER"", ""l0_name"": ""CAN"", ""l3_name"": ""GIRLS PLAYWEAR""}","{""channel"": ""Brick __ia_char_13 Mortar""}",29,"{l0_name,l3_name,age,l5_name}",80%,"{l0_name,l3_name,age}",{age},{l5_name}
1247,"{""age"": ""TODDLER"", ""l0_name"": ""CAN"", ""l3_name"": ""GIRLS PLAYWEAR""}","{""channel"": ""Brick __ia_char_13 Mortar""}",30,"{l0_name,l3_name,age,l5_name}",80%,"{l0_name,l3_name,age}",{age},{l5_name}
1248,"{""age"": ""TODDLER"", ""l0_name"": ""CAN"", ""l3_name"": ""GIRLS PLAYWEAR""}","{""channel"": ""E-Commerce""}",26,"{l0_name,l3_name,age,l5_name}",80%,"{l0_name,l3_name,age}",{age},{l5_name}
1249,"{""age"": ""TODDLER"", ""l0_name"": ""CAN"", ""l3_name"": ""GIRLS PLAYWEAR""}","{""channel"": ""E-Commerce""}",27,"{l0_name,l3_name,age,l5_name}",80%,"{l0_name,l3_name,age}",{age},{l5_name}
1250,"{""age"": ""TODDLER"", ""l0_name"": ""CAN"", ""l3_name"": ""GIRLS PLAYWEAR""}","{""channel"": ""E-Commerce""}",28,"{l0_name,l3_name,age,l5_name}",80%,"{l0_name,l3_name,age}",{age},{l5_name}
1251,"{""age"": ""TODDLER"", ""l0_name"": ""CAN"", ""l3_name"": ""GIRLS PLAYWEAR""}","{""channel"": ""E-Commerce""}",29,"{l0_name,l3_name,age,l5_name}",80%,"{l0_name,l3_name,age}",{age},{l5_name}
1252,"{""age"": ""TODDLER"", ""l0_name"": ""CAN"", ""l3_name"": ""GIRLS PLAYWEAR""}","{""channel"": ""E-Commerce""}",30,"{l0_name,l3_name,age,l5_name}",80%,"{l0_name,l3_name,age}",{age},{l5_name}
1253,"{""age"": ""TODDLER"", ""l0_name"": ""CAN"", ""l3_name"": ""GIRLS PLAYWEAR""}","{""channel"": ""NA""}",26,"{l0_name,l3_name,age,l5_name}",80%,"{l0_name,l3_name,age}",{age},{l5_name}
1254,"{""age"": ""TODDLER"", ""l0_name"": ""CAN"", ""l3_name"": ""GIRLS PLAYWEAR""}","{""channel"": ""NA""}",27,"{l0_name,l3_name,age,l5_name}",80%,"{l0_name,l3_name,age}",{age},{l5_name}
1255,"{""age"": ""TODDLER"", ""l0_name"": ""CAN"", ""l3_name"": ""GIRLS PLAYWEAR""}","{""channel"": ""NA""}",28,"{l0_name,l3_name,age,l5_name}",80%,"{l0_name,l3_name,age}",{age},{l5_name}
1256,"{""age"": ""TODDLER"", ""l0_name"": ""CAN"", ""l3_name"": ""GIRLS PLAYWEAR""}","{""channel"": ""NA""}",29,"{l0_name,l3_name,age,l5_name}",80%,"{l0_name,l3_name,age}",{age},{l5_name}
1257,"{""age"": ""TODDLER"", ""l0_name"": ""CAN"", ""l3_name"": ""GIRLS PLAYWEAR""}","{""channel"": ""NA""}",30,"{l0_name,l3_name,age,l5_name}",80%,"{l0_name,l3_name,age}",{age},{l5_name}
1258,"{""age"": ""KIDS"", ""l0_name"": ""CAN"", ""l3_name"": ""GIRLS PLAYWEAR""}","{""channel"": ""Brick __ia_char_13 Mortar""}",26,"{l0_name,l3_name,age,l5_name}",80%,"{l0_name,l3_name,age}",{age},{l5_name}
1259,"{""age"": ""KIDS"", ""l0_name"": ""CAN"", ""l3_name"": ""GIRLS PLAYWEAR""}","{""channel"": ""Brick __ia_char_13 Mortar""}",27,"{l0_name,l3_name,age,l5_name}",80%,"{l0_name,l3_name,age}",{age},{l5_name}
1260,"{""age"": ""KIDS"", ""l0_name"": ""CAN"", ""l3_name"": ""GIRLS PLAYWEAR""}","{""channel"": ""Brick __ia_char_13 Mortar""}",28,"{l0_name,l3_name,age,l5_name}",80%,"{l0_name,l3_name,age}",{age},{l5_name}
1261,"{""age"": ""KIDS"", ""l0_name"": ""CAN"", ""l3_name"": ""GIRLS PLAYWEAR""}","{""channel"": ""Brick __ia_char_13 Mortar""}",29,"{l0_name,l3_name,age,l5_name}",80%,"{l0_name,l3_name,age}",{age},{l5_name}
1262,"{""age"": ""KIDS"", ""l0_name"": ""CAN"", ""l3_name"": ""GIRLS PLAYWEAR""}","{""channel"": ""Brick __ia_char_13 Mortar""}",30,"{l0_name,l3_name,age,l5_name}",80%,"{l0_name,l3_name,age}",{age},{l5_name}
1263,"{""age"": ""KIDS"", ""l0_name"": ""CAN"", ""l3_name"": ""GIRLS PLAYWEAR""}","{""channel"": ""E-Commerce""}",26,"{l0_name,l3_name,age,l5_name}",80%,"{l0_name,l3_name,age}",{age},{l5_name}
1264,"{""age"": ""KIDS"", ""l0_name"": ""CAN"", ""l3_name"": ""GIRLS PLAYWEAR""}","{""channel"": ""E-Commerce""}",27,"{l0_name,l3_name,age,l5_name}",80%,"{l0_name,l3_name,age}",{age},{l5_name}
1265,"{""age"": ""KIDS"", ""l0_name"": ""CAN"", ""l3_name"": ""GIRLS PLAYWEAR""}","{""channel"": ""E-Commerce""}",28,"{l0_name,l3_name,age,l5_name}",80%,"{l0_name,l3_name,age}",{age},{l5_name}
1266,"{""age"": ""KIDS"", ""l0_name"": ""CAN"", ""l3_name"": ""GIRLS PLAYWEAR""}","{""channel"": ""E-Commerce""}",29,"{l0_name,l3_name,age,l5_name}",80%,"{l0_name,l3_name,age}",{age},{l5_name}
1267,"{""age"": ""KIDS"", ""l0_name"": ""CAN"", ""l3_name"": ""GIRLS PLAYWEAR""}","{""channel"": ""E-Commerce""}",30,"{l0_name,l3_name,age,l5_name}",80%,"{l0_name,l3_name,age}",{age},{l5_name}
1268,"{""age"": ""KIDS"", ""l0_name"": ""CAN"", ""l3_name"": ""GIRLS PLAYWEAR""}","{""channel"": ""NA""}",26,"{l0_name,l3_name,age,l5_name}",80%,"{l0_name,l3_name,age}",{age},{l5_name}
1269,"{""age"": ""KIDS"", ""l0_name"": ""CAN"", ""l3_name"": ""GIRLS PLAYWEAR""}","{""channel"": ""NA""}",27,"{l0_name,l3_name,age,l5_name}",80%,"{l0_name,l3_name,age}",{age},{l5_name}
1270,"{""age"": ""KIDS"", ""l0_name"": ""CAN"", ""l3_name"": ""GIRLS PLAYWEAR""}","{""channel"": ""NA""}",28,"{l0_name,l3_name,age,l5_name}",80%,"{l0_name,l3_name,age}",{age},{l5_name}
1271,"{""age"": ""KIDS"", ""l0_name"": ""CAN"", ""l3_name"": ""GIRLS PLAYWEAR""}","{""channel"": ""NA""}",29,"{l0_name,l3_name,age,l5_name}",80%,"{l0_name,l3_name,age}",{age},{l5_name}
1272,"{""age"": ""KIDS"", ""l0_name"": ""CAN"", ""l3_name"": ""GIRLS PLAYWEAR""}","{""channel"": ""NA""}",30,"{l0_name,l3_name,age,l5_name}",80%,"{l0_name,l3_name,age}",{age},{l5_name}
1273,"{""age"": ""INFANT"", ""l0_name"": ""CAN"", ""l3_name"": ""GIRLS PLAYWEAR""}","{""channel"": ""Brick __ia_char_13 Mortar""}",26,"{l0_name,l3_name,age,l5_name}",80%,"{l0_name,l3_name,age}",{age},{l5_name}
1274,"{""age"": ""INFANT"", ""l0_name"": ""CAN"", ""l3_name"": ""GIRLS PLAYWEAR""}","{""channel"": ""Brick __ia_char_13 Mortar""}",27,"{l0_name,l3_name,age,l5_name}",80%,"{l0_name,l3_name,age}",{age},{l5_name}
1275,"{""age"": ""INFANT"", ""l0_name"": ""CAN"", ""l3_name"": ""GIRLS PLAYWEAR""}","{""channel"": ""Brick __ia_char_13 Mortar""}",28,"{l0_name,l3_name,age,l5_name}",80%,"{l0_name,l3_name,age}",{age},{l5_name}
1276,"{""age"": ""INFANT"", ""l0_name"": ""CAN"", ""l3_name"": ""GIRLS PLAYWEAR""}","{""channel"": ""Brick __ia_char_13 Mortar""}",29,"{l0_name,l3_name,age,l5_name}",80%,"{l0_name,l3_name,age}",{age},{l5_name}
1277,"{""age"": ""INFANT"", ""l0_name"": ""CAN"", ""l3_name"": ""GIRLS PLAYWEAR""}","{""channel"": ""Brick __ia_char_13 Mortar""}",30,"{l0_name,l3_name,age,l5_name}",80%,"{l0_name,l3_name,age}",{age},{l5_name}
1278,"{""age"": ""INFANT"", ""l0_name"": ""CAN"", ""l3_name"": ""GIRLS PLAYWEAR""}","{""channel"": ""E-Commerce""}",26,"{l0_name,l3_name,age,l5_name}",80%,"{l0_name,l3_name,age}",{age},{l5_name}
1279,"{""age"": ""INFANT"", ""l0_name"": ""CAN"", ""l3_name"": ""GIRLS PLAYWEAR""}","{""channel"": ""E-Commerce""}",27,"{l0_name,l3_name,age,l5_name}",80%,"{l0_name,l3_name,age}",{age},{l5_name}
1280,"{""age"": ""INFANT"", ""l0_name"": ""CAN"", ""l3_name"": ""GIRLS PLAYWEAR""}","{""channel"": ""E-Commerce""}",28,"{l0_name,l3_name,age,l5_name}",80%,"{l0_name,l3_name,age}",{age},{l5_name}
1281,"{""age"": ""INFANT"", ""l0_name"": ""CAN"", ""l3_name"": ""GIRLS PLAYWEAR""}","{""channel"": ""E-Commerce""}",29,"{l0_name,l3_name,age,l5_name}",80%,"{l0_name,l3_name,age}",{age},{l5_name}
1282,"{""age"": ""INFANT"", ""l0_name"": ""CAN"", ""l3_name"": ""GIRLS PLAYWEAR""}","{""channel"": ""E-Commerce""}",30,"{l0_name,l3_name,age,l5_name}",80%,"{l0_name,l3_name,age}",{age},{l5_name}
1283,"{""age"": ""INFANT"", ""l0_name"": ""CAN"", ""l3_name"": ""GIRLS PLAYWEAR""}","{""channel"": ""NA""}",26,"{l0_name,l3_name,age,l5_name}",80%,"{l0_name,l3_name,age}",{age},{l5_name}
1284,"{""age"": ""INFANT"", ""l0_name"": ""CAN"", ""l3_name"": ""GIRLS PLAYWEAR""}","{""channel"": ""NA""}",27,"{l0_name,l3_name,age,l5_name}",80%,"{l0_name,l3_name,age}",{age},{l5_name}
1285,"{""age"": ""INFANT"", ""l0_name"": ""CAN"", ""l3_name"": ""GIRLS PLAYWEAR""}","{""channel"": ""NA""}",28,"{l0_name,l3_name,age,l5_name}",80%,"{l0_name,l3_name,age}",{age},{l5_name}
1286,"{""age"": ""INFANT"", ""l0_name"": ""CAN"", ""l3_name"": ""GIRLS PLAYWEAR""}","{""channel"": ""NA""}",29,"{l0_name,l3_name,age,l5_name}",80%,"{l0_name,l3_name,age}",{age},{l5_name}
1287,"{""age"": ""INFANT"", ""l0_name"": ""CAN"", ""l3_name"": ""GIRLS PLAYWEAR""}","{""channel"": ""NA""}",30,"{l0_name,l3_name,age,l5_name}",80%,"{l0_name,l3_name,age}",{age},{l5_name}
1288,"{""l0_name"": ""USA"", ""l3_name"": ""SKIP HOP""}","{""channel"": ""Brick __ia_char_13 Mortar""}",26,"{l0_name,l3_name,age,l5_name}",80%,"{l0_name,l3_name}","{""""}",{l5_name}
1289,"{""l0_name"": ""USA"", ""l3_name"": ""SKIP HOP""}","{""channel"": ""Brick __ia_char_13 Mortar""}",27,"{l0_name,l3_name,age,l5_name}",80%,"{l0_name,l3_name}","{""""}",{l5_name}
1290,"{""l0_name"": ""USA"", ""l3_name"": ""SKIP HOP""}","{""channel"": ""Brick __ia_char_13 Mortar""}",28,"{l0_name,l3_name,age,l5_name}",80%,"{l0_name,l3_name}","{""""}",{l5_name}
1291,"{""l0_name"": ""USA"", ""l3_name"": ""SKIP HOP""}","{""channel"": ""Brick __ia_char_13 Mortar""}",29,"{l0_name,l3_name,age,l5_name}",80%,"{l0_name,l3_name}","{""""}",{l5_name}
1292,"{""l0_name"": ""USA"", ""l3_name"": ""SKIP HOP""}","{""channel"": ""Brick __ia_char_13 Mortar""}",30,"{l0_name,l3_name,age,l5_name}",80%,"{l0_name,l3_name}","{""""}",{l5_name}
1293,"{""l0_name"": ""USA"", ""l3_name"": ""SKIP HOP""}","{""channel"": ""E-Commerce""}",26,"{l0_name,l3_name,age,l5_name}",80%,"{l0_name,l3_name}","{""""}",{l5_name}
1294,"{""l0_name"": ""USA"", ""l3_name"": ""SKIP HOP""}","{""channel"": ""E-Commerce""}",27,"{l0_name,l3_name,age,l5_name}",80%,"{l0_name,l3_name}","{""""}",{l5_name}
1295,"{""l0_name"": ""USA"", ""l3_name"": ""SKIP HOP""}","{""channel"": ""E-Commerce""}",28,"{l0_name,l3_name,age,l5_name}",80%,"{l0_name,l3_name}","{""""}",{l5_name}
1296,"{""l0_name"": ""USA"", ""l3_name"": ""SKIP HOP""}","{""channel"": ""E-Commerce""}",29,"{l0_name,l3_name,age,l5_name}",80%,"{l0_name,l3_name}","{""""}",{l5_name}
1297,"{""l0_name"": ""USA"", ""l3_name"": ""SKIP HOP""}","{""channel"": ""E-Commerce""}",30,"{l0_name,l3_name,age,l5_name}",80%,"{l0_name,l3_name}","{""""}",{l5_name}
1298,"{""l0_name"": ""USA"", ""l3_name"": ""SKIP HOP""}","{""channel"": ""NA""}",26,"{l0_name,l3_name,age,l5_name}",80%,"{l0_name,l3_name}","{""""}",{l5_name}
1299,"{""l0_name"": ""USA"", ""l3_name"": ""SKIP HOP""}","{""channel"": ""NA""}",27,"{l0_name,l3_name,age,l5_name}",80%,"{l0_name,l3_name}","{""""}",{l5_name}
1300,"{""l0_name"": ""USA"", ""l3_name"": ""SKIP HOP""}","{""channel"": ""NA""}",28,"{l0_name,l3_name,age,l5_name}",80%,"{l0_name,l3_name}","{""""}",{l5_name}
1301,"{""l0_name"": ""USA"", ""l3_name"": ""SKIP HOP""}","{""channel"": ""NA""}",29,"{l0_name,l3_name,age,l5_name}",80%,"{l0_name,l3_name}","{""""}",{l5_name}
1302,"{""l0_name"": ""USA"", ""l3_name"": ""SKIP HOP""}","{""channel"": ""NA""}",30,"{l0_name,l3_name,age,l5_name}",80%,"{l0_name,l3_name}","{""""}",{l5_name}
1303,"{""l0_name"": ""CAN"", ""l3_name"": ""SKIP HOP""}","{""channel"": ""Brick __ia_char_13 Mortar""}",26,"{l0_name,l3_name,age,l5_name}",80%,"{l0_name,l3_name}","{""""}",{l5_name}
1304,"{""l0_name"": ""CAN"", ""l3_name"": ""SKIP HOP""}","{""channel"": ""Brick __ia_char_13 Mortar""}",27,"{l0_name,l3_name,age,l5_name}",80%,"{l0_name,l3_name}","{""""}",{l5_name}
1305,"{""l0_name"": ""CAN"", ""l3_name"": ""SKIP HOP""}","{""channel"": ""Brick __ia_char_13 Mortar""}",28,"{l0_name,l3_name,age,l5_name}",80%,"{l0_name,l3_name}","{""""}",{l5_name}
1306,"{""l0_name"": ""CAN"", ""l3_name"": ""SKIP HOP""}","{""channel"": ""Brick __ia_char_13 Mortar""}",29,"{l0_name,l3_name,age,l5_name}",80%,"{l0_name,l3_name}","{""""}",{l5_name}
1307,"{""l0_name"": ""CAN"", ""l3_name"": ""SKIP HOP""}","{""channel"": ""Brick __ia_char_13 Mortar""}",30,"{l0_name,l3_name,age,l5_name}",80%,"{l0_name,l3_name}","{""""}",{l5_name}
1308,"{""l0_name"": ""CAN"", ""l3_name"": ""SKIP HOP""}","{""channel"": ""E-Commerce""}",26,"{l0_name,l3_name,age,l5_name}",80%,"{l0_name,l3_name}","{""""}",{l5_name}
1309,"{""l0_name"": ""CAN"", ""l3_name"": ""SKIP HOP""}","{""channel"": ""E-Commerce""}",27,"{l0_name,l3_name,age,l5_name}",80%,"{l0_name,l3_name}","{""""}",{l5_name}
1310,"{""l0_name"": ""CAN"", ""l3_name"": ""SKIP HOP""}","{""channel"": ""E-Commerce""}",28,"{l0_name,l3_name,age,l5_name}",80%,"{l0_name,l3_name}","{""""}",{l5_name}
1311,"{""l0_name"": ""CAN"", ""l3_name"": ""SKIP HOP""}","{""channel"": ""E-Commerce""}",29,"{l0_name,l3_name,age,l5_name}",80%,"{l0_name,l3_name}","{""""}",{l5_name}
1312,"{""l0_name"": ""CAN"", ""l3_name"": ""SKIP HOP""}","{""channel"": ""E-Commerce""}",30,"{l0_name,l3_name,age,l5_name}",80%,"{l0_name,l3_name}","{""""}",{l5_name}
1313,"{""l0_name"": ""CAN"", ""l3_name"": ""SKIP HOP""}","{""channel"": ""NA""}",26,"{l0_name,l3_name,age,l5_name}",80%,"{l0_name,l3_name}","{""""}",{l5_name}
1314,"{""l0_name"": ""CAN"", ""l3_name"": ""SKIP HOP""}","{""channel"": ""NA""}",27,"{l0_name,l3_name,age,l5_name}",80%,"{l0_name,l3_name}","{""""}",{l5_name}
1315,"{""l0_name"": ""CAN"", ""l3_name"": ""SKIP HOP""}","{""channel"": ""NA""}",28,"{l0_name,l3_name,age,l5_name}",80%,"{l0_name,l3_name}","{""""}",{l5_name}
1316,"{""l0_name"": ""CAN"", ""l3_name"": ""SKIP HOP""}","{""channel"": ""NA""}",29,"{l0_name,l3_name,age,l5_name}",80%,"{l0_name,l3_name}","{""""}",{l5_name}
1317,"{""l0_name"": ""CAN"", ""l3_name"": ""SKIP HOP""}","{""channel"": ""NA""}",30,"{l0_name,l3_name,age,l5_name}",80%,"{l0_name,l3_name}","{""""}",{l5_name}
1058,"{""l0_name"": ""USA"", ""l3_name"": ""BABY""}","{""channel"": ""Brick __ia_char_13 Mortar""}",26,"{l0_name,l3_name,age,l5_name}",80%,"{l0_name,l3_name}","{""""}",{l5_name}
1063,"{""l0_name"": ""USA"", ""l3_name"": ""BABY""}","{""channel"": ""Brick __ia_char_13 Mortar""}",27,"{l0_name,l3_name,age,l5_name}",80%,"{l0_name,l3_name}","{""""}",{l5_name}
1068,"{""l0_name"": ""USA"", ""l3_name"": ""BABY""}","{""channel"": ""Brick __ia_char_13 Mortar""}",28,"{l0_name,l3_name,age,l5_name}",80%,"{l0_name,l3_name}","{""""}",{l5_name}
1073,"{""l0_name"": ""USA"", ""l3_name"": ""BABY""}","{""channel"": ""Brick __ia_char_13 Mortar""}",29,"{l0_name,l3_name,age,l5_name}",80%,"{l0_name,l3_name}","{""""}",{l5_name}
1053,"{""l0_name"": ""USA"", ""l3_name"": ""BABY""}","{""channel"": ""Brick __ia_char_13 Mortar""}",30,"{l0_name,l3_name,age,l5_name}",80%,"{l0_name,l3_name}","{""""}",{l5_name}
1083,"{""l0_name"": ""USA"", ""l3_name"": ""BABY""}","{""channel"": ""E-Commerce""}",26,"{l0_name,l3_name,age,l5_name}",80%,"{l0_name,l3_name}","{""""}",{l5_name}
1088,"{""l0_name"": ""USA"", ""l3_name"": ""BABY""}","{""channel"": ""E-Commerce""}",27,"{l0_name,l3_name,age,l5_name}",80%,"{l0_name,l3_name}","{""""}",{l5_name}
1093,"{""l0_name"": ""USA"", ""l3_name"": ""BABY""}","{""channel"": ""E-Commerce""}",28,"{l0_name,l3_name,age,l5_name}",80%,"{l0_name,l3_name}","{""""}",{l5_name}
1098,"{""l0_name"": ""USA"", ""l3_name"": ""BABY""}","{""channel"": ""E-Commerce""}",29,"{l0_name,l3_name,age,l5_name}",80%,"{l0_name,l3_name}","{""""}",{l5_name}
1108,"{""l0_name"": ""USA"", ""l3_name"": ""BABY""}","{""channel"": ""NA""}",26,"{l0_name,l3_name,age,l5_name}",80%,"{l0_name,l3_name}","{""""}",{l5_name}
1113,"{""l0_name"": ""USA"", ""l3_name"": ""BABY""}","{""channel"": ""NA""}",27,"{l0_name,l3_name,age,l5_name}",80%,"{l0_name,l3_name}","{""""}",{l5_name}
1069,"{""age"": ""TODDLER"", ""l0_name"": ""CAN"", ""l3_name"": ""BOYS PLAYWEAR""}","{""channel"": ""Brick __ia_char_13 Mortar""}",28,"{l0_name,l3_name,age,l5_name}",80%,"{l0_name,l3_name,age}",{age},{l5_name}
1318,"{""l0_name"": ""USA"", ""l3_name"": ""BABY""}","{""channel"": ""NA""}",28,"{l0_name,l3_name,age,l5_name}",180%,"{l0_name,l3_name}","{""""}",{l5_name}
1123,"{""l0_name"": ""USA"", ""l3_name"": ""BABY""}","{""channel"": ""NA""}",29,"{l0_name,l3_name,age,l5_name}",80%,"{l0_name,l3_name}","{""""}",{l5_name}
1103,"{""l0_name"": ""USA"", ""l3_name"": ""BABY""}","{""channel"": ""NA""}",30,"{l0_name,l3_name,age,l5_name}",80%,"{l0_name,l3_name}","{""""}",{l5_name}
1319,"{""l0_name"": ""CAN"", ""l3_name"": ""BABY""}","{""channel"": ""Brick __ia_char_13 Mortar""}",26,"{l0_name,l3_name,age,l5_name}",80%,"{l0_name,l3_name}","{""""}",{l5_name}
1320,"{""l0_name"": ""CAN"", ""l3_name"": ""BABY""}","{""channel"": ""Brick __ia_char_13 Mortar""}",27,"{l0_name,l3_name,age,l5_name}",80%,"{l0_name,l3_name}","{""""}",{l5_name}
1321,"{""l0_name"": ""CAN"", ""l3_name"": ""BABY""}","{""channel"": ""Brick __ia_char_13 Mortar""}",28,"{l0_name,l3_name,age,l5_name}",80%,"{l0_name,l3_name}","{""""}",{l5_name}
1322,"{""l0_name"": ""CAN"", ""l3_name"": ""BABY""}","{""channel"": ""Brick __ia_char_13 Mortar""}",29,"{l0_name,l3_name,age,l5_name}",80%,"{l0_name,l3_name}","{""""}",{l5_name}
1323,"{""l0_name"": ""CAN"", ""l3_name"": ""BABY""}","{""channel"": ""Brick __ia_char_13 Mortar""}",30,"{l0_name,l3_name,age,l5_name}",80%,"{l0_name,l3_name}","{""""}",{l5_name}
1324,"{""l0_name"": ""CAN"", ""l3_name"": ""BABY""}","{""channel"": ""E-Commerce""}",26,"{l0_name,l3_name,age,l5_name}",80%,"{l0_name,l3_name}","{""""}",{l5_name}
1325,"{""l0_name"": ""CAN"", ""l3_name"": ""BABY""}","{""channel"": ""E-Commerce""}",27,"{l0_name,l3_name,age,l5_name}",80%,"{l0_name,l3_name}","{""""}",{l5_name}
1326,"{""l0_name"": ""CAN"", ""l3_name"": ""BABY""}","{""channel"": ""E-Commerce""}",28,"{l0_name,l3_name,age,l5_name}",80%,"{l0_name,l3_name}","{""""}",{l5_name}
1327,"{""l0_name"": ""CAN"", ""l3_name"": ""BABY""}","{""channel"": ""E-Commerce""}",29,"{l0_name,l3_name,age,l5_name}",80%,"{l0_name,l3_name}","{""""}",{l5_name}
1328,"{""l0_name"": ""CAN"", ""l3_name"": ""BABY""}","{""channel"": ""E-Commerce""}",30,"{l0_name,l3_name,age,l5_name}",80%,"{l0_name,l3_name}","{""""}",{l5_name}
1329,"{""l0_name"": ""CAN"", ""l3_name"": ""BABY""}","{""channel"": ""NA""}",26,"{l0_name,l3_name,age,l5_name}",80%,"{l0_name,l3_name}","{""""}",{l5_name}
1330,"{""l0_name"": ""CAN"", ""l3_name"": ""BABY""}","{""channel"": ""NA""}",27,"{l0_name,l3_name,age,l5_name}",80%,"{l0_name,l3_name}","{""""}",{l5_name}
1331,"{""l0_name"": ""CAN"", ""l3_name"": ""BABY""}","{""channel"": ""NA""}",28,"{l0_name,l3_name,age,l5_name}",180%,"{l0_name,l3_name}","{""""}",{l5_name}
1332,"{""l0_name"": ""CAN"", ""l3_name"": ""BABY""}","{""channel"": ""NA""}",29,"{l0_name,l3_name,age,l5_name}",80%,"{l0_name,l3_name}","{""""}",{l5_name}
1129,"{""age"": ""TODDLER"", ""l0_name"": ""USA"", ""l3_name"": ""LITTLE PLANET""}","{""channel"": ""Brick __ia_char_13 Mortar""}",26,"{l0_name,l3_name,age,l5_name}",80%,"{l0_name,l3_name,age}",{age},{l5_name}
1130,"{""age"": ""TODDLER"", ""l0_name"": ""USA"", ""l3_name"": ""LITTLE PLANET""}","{""channel"": ""Brick __ia_char_13 Mortar""}",27,"{l0_name,l3_name,age,l5_name}",80%,"{l0_name,l3_name,age}",{age},{l5_name}
1128,"{""age"": ""TODDLER"", ""l0_name"": ""USA"", ""l3_name"": ""LITTLE PLANET""}","{""channel"": ""Brick __ia_char_13 Mortar""}",28,"{l0_name,l3_name,age,l5_name}",80%,"{l0_name,l3_name,age}",{age},{l5_name}
1131,"{""age"": ""TODDLER"", ""l0_name"": ""USA"", ""l3_name"": ""LITTLE PLANET""}","{""channel"": ""Brick __ia_char_13 Mortar""}",29,"{l0_name,l3_name,age,l5_name}",80%,"{l0_name,l3_name,age}",{age},{l5_name}
1132,"{""age"": ""TODDLER"", ""l0_name"": ""USA"", ""l3_name"": ""LITTLE PLANET""}","{""channel"": ""Brick __ia_char_13 Mortar""}",30,"{l0_name,l3_name,age,l5_name}",80%,"{l0_name,l3_name,age}",{age},{l5_name}
1334,"{""age"": ""TODDLER"", ""l0_name"": ""USA"", ""l3_name"": ""LITTLE PLANET""}","{""channel"": ""E-Commerce""}",26,"{l0_name,l3_name,age,l5_name}",80%,"{l0_name,l3_name,age}",{age},{l5_name}
1335,"{""age"": ""TODDLER"", ""l0_name"": ""USA"", ""l3_name"": ""LITTLE PLANET""}","{""channel"": ""E-Commerce""}",27,"{l0_name,l3_name,age,l5_name}",80%,"{l0_name,l3_name,age}",{age},{l5_name}
1336,"{""age"": ""TODDLER"", ""l0_name"": ""USA"", ""l3_name"": ""LITTLE PLANET""}","{""channel"": ""E-Commerce""}",28,"{l0_name,l3_name,age,l5_name}",80%,"{l0_name,l3_name,age}",{age},{l5_name}
1337,"{""age"": ""TODDLER"", ""l0_name"": ""USA"", ""l3_name"": ""LITTLE PLANET""}","{""channel"": ""E-Commerce""}",29,"{l0_name,l3_name,age,l5_name}",80%,"{l0_name,l3_name,age}",{age},{l5_name}
1338,"{""age"": ""TODDLER"", ""l0_name"": ""USA"", ""l3_name"": ""LITTLE PLANET""}","{""channel"": ""E-Commerce""}",30,"{l0_name,l3_name,age,l5_name}",80%,"{l0_name,l3_name,age}",{age},{l5_name}
1339,"{""age"": ""TODDLER"", ""l0_name"": ""USA"", ""l3_name"": ""LITTLE PLANET""}","{""channel"": ""NA""}",26,"{l0_name,l3_name,age,l5_name}",80%,"{l0_name,l3_name,age}",{age},{l5_name}
1340,"{""age"": ""TODDLER"", ""l0_name"": ""USA"", ""l3_name"": ""LITTLE PLANET""}","{""channel"": ""NA""}",27,"{l0_name,l3_name,age,l5_name}",80%,"{l0_name,l3_name,age}",{age},{l5_name}
1341,"{""age"": ""TODDLER"", ""l0_name"": ""USA"", ""l3_name"": ""LITTLE PLANET""}","{""channel"": ""NA""}",28,"{l0_name,l3_name,age,l5_name}",80%,"{l0_name,l3_name,age}",{age},{l5_name}
1342,"{""age"": ""TODDLER"", ""l0_name"": ""USA"", ""l3_name"": ""LITTLE PLANET""}","{""channel"": ""NA""}",29,"{l0_name,l3_name,age,l5_name}",80%,"{l0_name,l3_name,age}",{age},{l5_name}
1343,"{""age"": ""TODDLER"", ""l0_name"": ""USA"", ""l3_name"": ""LITTLE PLANET""}","{""channel"": ""NA""}",30,"{l0_name,l3_name,age,l5_name}",80%,"{l0_name,l3_name,age}",{age},{l5_name}
1344,"{""age"": ""TODDLER"", ""l0_name"": ""CAN"", ""l3_name"": ""LITTLE PLANET""}","{""channel"": ""Brick __ia_char_13 Mortar""}",26,"{l0_name,l3_name,age,l5_name}",80%,"{l0_name,l3_name,age}",{age},{l5_name}
1345,"{""age"": ""TODDLER"", ""l0_name"": ""CAN"", ""l3_name"": ""LITTLE PLANET""}","{""channel"": ""Brick __ia_char_13 Mortar""}",27,"{l0_name,l3_name,age,l5_name}",80%,"{l0_name,l3_name,age}",{age},{l5_name}
1346,"{""age"": ""TODDLER"", ""l0_name"": ""CAN"", ""l3_name"": ""LITTLE PLANET""}","{""channel"": ""Brick __ia_char_13 Mortar""}",28,"{l0_name,l3_name,age,l5_name}",80%,"{l0_name,l3_name,age}",{age},{l5_name}
1347,"{""age"": ""TODDLER"", ""l0_name"": ""CAN"", ""l3_name"": ""LITTLE PLANET""}","{""channel"": ""Brick __ia_char_13 Mortar""}",29,"{l0_name,l3_name,age,l5_name}",80%,"{l0_name,l3_name,age}",{age},{l5_name}
1348,"{""age"": ""TODDLER"", ""l0_name"": ""CAN"", ""l3_name"": ""LITTLE PLANET""}","{""channel"": ""Brick __ia_char_13 Mortar""}",30,"{l0_name,l3_name,age,l5_name}",80%,"{l0_name,l3_name,age}",{age},{l5_name}
1349,"{""age"": ""TODDLER"", ""l0_name"": ""CAN"", ""l3_name"": ""LITTLE PLANET""}","{""channel"": ""E-Commerce""}",26,"{l0_name,l3_name,age,l5_name}",80%,"{l0_name,l3_name,age}",{age},{l5_name}
1350,"{""age"": ""TODDLER"", ""l0_name"": ""CAN"", ""l3_name"": ""LITTLE PLANET""}","{""channel"": ""E-Commerce""}",27,"{l0_name,l3_name,age,l5_name}",80%,"{l0_name,l3_name,age}",{age},{l5_name}
1351,"{""age"": ""TODDLER"", ""l0_name"": ""CAN"", ""l3_name"": ""LITTLE PLANET""}","{""channel"": ""E-Commerce""}",28,"{l0_name,l3_name,age,l5_name}",80%,"{l0_name,l3_name,age}",{age},{l5_name}
1352,"{""age"": ""TODDLER"", ""l0_name"": ""CAN"", ""l3_name"": ""LITTLE PLANET""}","{""channel"": ""E-Commerce""}",29,"{l0_name,l3_name,age,l5_name}",80%,"{l0_name,l3_name,age}",{age},{l5_name}
1353,"{""age"": ""TODDLER"", ""l0_name"": ""CAN"", ""l3_name"": ""LITTLE PLANET""}","{""channel"": ""E-Commerce""}",30,"{l0_name,l3_name,age,l5_name}",80%,"{l0_name,l3_name,age}",{age},{l5_name}
1354,"{""age"": ""TODDLER"", ""l0_name"": ""CAN"", ""l3_name"": ""LITTLE PLANET""}","{""channel"": ""NA""}",26,"{l0_name,l3_name,age,l5_name}",80%,"{l0_name,l3_name,age}",{age},{l5_name}
1355,"{""age"": ""TODDLER"", ""l0_name"": ""CAN"", ""l3_name"": ""LITTLE PLANET""}","{""channel"": ""NA""}",27,"{l0_name,l3_name,age,l5_name}",80%,"{l0_name,l3_name,age}",{age},{l5_name}
1356,"{""age"": ""TODDLER"", ""l0_name"": ""CAN"", ""l3_name"": ""LITTLE PLANET""}","{""channel"": ""NA""}",28,"{l0_name,l3_name,age,l5_name}",80%,"{l0_name,l3_name,age}",{age},{l5_name}
1357,"{""age"": ""TODDLER"", ""l0_name"": ""CAN"", ""l3_name"": ""LITTLE PLANET""}","{""channel"": ""NA""}",29,"{l0_name,l3_name,age,l5_name}",80%,"{l0_name,l3_name,age}",{age},{l5_name}
1358,"{""age"": ""TODDLER"", ""l0_name"": ""CAN"", ""l3_name"": ""LITTLE PLANET""}","{""channel"": ""NA""}",30,"{l0_name,l3_name,age,l5_name}",80%,"{l0_name,l3_name,age}",{age},{l5_name}
1134,"{""age"": ""KIDS"", ""l0_name"": ""USA"", ""l3_name"": ""LITTLE PLANET""}","{""channel"": ""Brick __ia_char_13 Mortar""}",26,"{l0_name,l3_name,age,l5_name}",80%,"{l0_name,l3_name,age}",{age},{l5_name}
1135,"{""age"": ""KIDS"", ""l0_name"": ""USA"", ""l3_name"": ""LITTLE PLANET""}","{""channel"": ""Brick __ia_char_13 Mortar""}",27,"{l0_name,l3_name,age,l5_name}",80%,"{l0_name,l3_name,age}",{age},{l5_name}
1133,"{""age"": ""KIDS"", ""l0_name"": ""USA"", ""l3_name"": ""LITTLE PLANET""}","{""channel"": ""Brick __ia_char_13 Mortar""}",28,"{l0_name,l3_name,age,l5_name}",80%,"{l0_name,l3_name,age}",{age},{l5_name}
1136,"{""age"": ""KIDS"", ""l0_name"": ""USA"", ""l3_name"": ""LITTLE PLANET""}","{""channel"": ""Brick __ia_char_13 Mortar""}",29,"{l0_name,l3_name,age,l5_name}",80%,"{l0_name,l3_name,age}",{age},{l5_name}
1137,"{""age"": ""KIDS"", ""l0_name"": ""USA"", ""l3_name"": ""LITTLE PLANET""}","{""channel"": ""Brick __ia_char_13 Mortar""}",30,"{l0_name,l3_name,age,l5_name}",80%,"{l0_name,l3_name,age}",{age},{l5_name}
1359,"{""age"": ""KIDS"", ""l0_name"": ""USA"", ""l3_name"": ""LITTLE PLANET""}","{""channel"": ""E-Commerce""}",26,"{l0_name,l3_name,age,l5_name}",80%,"{l0_name,l3_name,age}",{age},{l5_name}
1360,"{""age"": ""KIDS"", ""l0_name"": ""USA"", ""l3_name"": ""LITTLE PLANET""}","{""channel"": ""E-Commerce""}",27,"{l0_name,l3_name,age,l5_name}",80%,"{l0_name,l3_name,age}",{age},{l5_name}
1361,"{""age"": ""KIDS"", ""l0_name"": ""USA"", ""l3_name"": ""LITTLE PLANET""}","{""channel"": ""E-Commerce""}",28,"{l0_name,l3_name,age,l5_name}",80%,"{l0_name,l3_name,age}",{age},{l5_name}
1362,"{""age"": ""KIDS"", ""l0_name"": ""USA"", ""l3_name"": ""LITTLE PLANET""}","{""channel"": ""E-Commerce""}",29,"{l0_name,l3_name,age,l5_name}",80%,"{l0_name,l3_name,age}",{age},{l5_name}
1363,"{""age"": ""KIDS"", ""l0_name"": ""USA"", ""l3_name"": ""LITTLE PLANET""}","{""channel"": ""E-Commerce""}",30,"{l0_name,l3_name,age,l5_name}",80%,"{l0_name,l3_name,age}",{age},{l5_name}
1364,"{""age"": ""KIDS"", ""l0_name"": ""USA"", ""l3_name"": ""LITTLE PLANET""}","{""channel"": ""NA""}",26,"{l0_name,l3_name,age,l5_name}",80%,"{l0_name,l3_name,age}",{age},{l5_name}
1365,"{""age"": ""KIDS"", ""l0_name"": ""USA"", ""l3_name"": ""LITTLE PLANET""}","{""channel"": ""NA""}",27,"{l0_name,l3_name,age,l5_name}",80%,"{l0_name,l3_name,age}",{age},{l5_name}
1366,"{""age"": ""KIDS"", ""l0_name"": ""USA"", ""l3_name"": ""LITTLE PLANET""}","{""channel"": ""NA""}",28,"{l0_name,l3_name,age,l5_name}",80%,"{l0_name,l3_name,age}",{age},{l5_name}
1367,"{""age"": ""KIDS"", ""l0_name"": ""USA"", ""l3_name"": ""LITTLE PLANET""}","{""channel"": ""NA""}",29,"{l0_name,l3_name,age,l5_name}",80%,"{l0_name,l3_name,age}",{age},{l5_name}
1368,"{""age"": ""KIDS"", ""l0_name"": ""USA"", ""l3_name"": ""LITTLE PLANET""}","{""channel"": ""NA""}",30,"{l0_name,l3_name,age,l5_name}",80%,"{l0_name,l3_name,age}",{age},{l5_name}
1369,"{""age"": ""KIDS"", ""l0_name"": ""CAN"", ""l3_name"": ""LITTLE PLANET""}","{""channel"": ""Brick __ia_char_13 Mortar""}",26,"{l0_name,l3_name,age,l5_name}",80%,"{l0_name,l3_name,age}",{age},{l5_name}
1370,"{""age"": ""KIDS"", ""l0_name"": ""CAN"", ""l3_name"": ""LITTLE PLANET""}","{""channel"": ""Brick __ia_char_13 Mortar""}",27,"{l0_name,l3_name,age,l5_name}",80%,"{l0_name,l3_name,age}",{age},{l5_name}
1371,"{""age"": ""KIDS"", ""l0_name"": ""CAN"", ""l3_name"": ""LITTLE PLANET""}","{""channel"": ""Brick __ia_char_13 Mortar""}",28,"{l0_name,l3_name,age,l5_name}",80%,"{l0_name,l3_name,age}",{age},{l5_name}
1372,"{""age"": ""KIDS"", ""l0_name"": ""CAN"", ""l3_name"": ""LITTLE PLANET""}","{""channel"": ""Brick __ia_char_13 Mortar""}",29,"{l0_name,l3_name,age,l5_name}",80%,"{l0_name,l3_name,age}",{age},{l5_name}
1373,"{""age"": ""KIDS"", ""l0_name"": ""CAN"", ""l3_name"": ""LITTLE PLANET""}","{""channel"": ""Brick __ia_char_13 Mortar""}",30,"{l0_name,l3_name,age,l5_name}",80%,"{l0_name,l3_name,age}",{age},{l5_name}
1374,"{""age"": ""KIDS"", ""l0_name"": ""CAN"", ""l3_name"": ""LITTLE PLANET""}","{""channel"": ""E-Commerce""}",26,"{l0_name,l3_name,age,l5_name}",80%,"{l0_name,l3_name,age}",{age},{l5_name}
1375,"{""age"": ""KIDS"", ""l0_name"": ""CAN"", ""l3_name"": ""LITTLE PLANET""}","{""channel"": ""E-Commerce""}",27,"{l0_name,l3_name,age,l5_name}",80%,"{l0_name,l3_name,age}",{age},{l5_name}
1376,"{""age"": ""KIDS"", ""l0_name"": ""CAN"", ""l3_name"": ""LITTLE PLANET""}","{""channel"": ""E-Commerce""}",28,"{l0_name,l3_name,age,l5_name}",80%,"{l0_name,l3_name,age}",{age},{l5_name}
1377,"{""age"": ""KIDS"", ""l0_name"": ""CAN"", ""l3_name"": ""LITTLE PLANET""}","{""channel"": ""E-Commerce""}",29,"{l0_name,l3_name,age,l5_name}",80%,"{l0_name,l3_name,age}",{age},{l5_name}
1378,"{""age"": ""KIDS"", ""l0_name"": ""CAN"", ""l3_name"": ""LITTLE PLANET""}","{""channel"": ""E-Commerce""}",30,"{l0_name,l3_name,age,l5_name}",80%,"{l0_name,l3_name,age}",{age},{l5_name}
1379,"{""age"": ""KIDS"", ""l0_name"": ""CAN"", ""l3_name"": ""LITTLE PLANET""}","{""channel"": ""NA""}",26,"{l0_name,l3_name,age,l5_name}",80%,"{l0_name,l3_name,age}",{age},{l5_name}
1380,"{""age"": ""KIDS"", ""l0_name"": ""CAN"", ""l3_name"": ""LITTLE PLANET""}","{""channel"": ""NA""}",27,"{l0_name,l3_name,age,l5_name}",80%,"{l0_name,l3_name,age}",{age},{l5_name}
1381,"{""age"": ""KIDS"", ""l0_name"": ""CAN"", ""l3_name"": ""LITTLE PLANET""}","{""channel"": ""NA""}",28,"{l0_name,l3_name,age,l5_name}",80%,"{l0_name,l3_name,age}",{age},{l5_name}
1382,"{""age"": ""KIDS"", ""l0_name"": ""CAN"", ""l3_name"": ""LITTLE PLANET""}","{""channel"": ""NA""}",29,"{l0_name,l3_name,age,l5_name}",80%,"{l0_name,l3_name,age}",{age},{l5_name}
1383,"{""age"": ""KIDS"", ""l0_name"": ""CAN"", ""l3_name"": ""LITTLE PLANET""}","{""channel"": ""NA""}",30,"{l0_name,l3_name,age,l5_name}",80%,"{l0_name,l3_name,age}",{age},{l5_name}
804,"{""age"": ""INFANT"", ""l0_name"": ""USA"", ""l3_name"": ""LITTLE PLANET""}","{""channel"": ""Brick __ia_char_13 Mortar""}",26,"{l0_name,l3_name,age,l5_name}",80%,"{l0_name,l3_name,age}",{age},{l5_name}
864,"{""age"": ""INFANT"", ""l0_name"": ""USA"", ""l3_name"": ""LITTLE PLANET""}","{""channel"": ""Brick __ia_char_13 Mortar""}",27,"{l0_name,l3_name,age,l5_name}",80%,"{l0_name,l3_name,age}",{age},{l5_name}
924,"{""age"": ""INFANT"", ""l0_name"": ""USA"", ""l3_name"": ""LITTLE PLANET""}","{""channel"": ""Brick __ia_char_13 Mortar""}",28,"{l0_name,l3_name,age,l5_name}",80%,"{l0_name,l3_name,age}",{age},{l5_name}
984,"{""age"": ""INFANT"", ""l0_name"": ""USA"", ""l3_name"": ""LITTLE PLANET""}","{""channel"": ""Brick __ia_char_13 Mortar""}",29,"{l0_name,l3_name,age,l5_name}",80%,"{l0_name,l3_name,age}",{age},{l5_name}
1044,"{""age"": ""INFANT"", ""l0_name"": ""USA"", ""l3_name"": ""LITTLE PLANET""}","{""channel"": ""Brick __ia_char_13 Mortar""}",30,"{l0_name,l3_name,age,l5_name}",80%,"{l0_name,l3_name,age}",{age},{l5_name}
1384,"{""age"": ""INFANT"", ""l0_name"": ""USA"", ""l3_name"": ""LITTLE PLANET""}","{""channel"": ""E-Commerce""}",26,"{l0_name,l3_name,age,l5_name}",80%,"{l0_name,l3_name,age}",{age},{l5_name}
1385,"{""age"": ""INFANT"", ""l0_name"": ""USA"", ""l3_name"": ""LITTLE PLANET""}","{""channel"": ""E-Commerce""}",27,"{l0_name,l3_name,age,l5_name}",80%,"{l0_name,l3_name,age}",{age},{l5_name}
1386,"{""age"": ""INFANT"", ""l0_name"": ""USA"", ""l3_name"": ""LITTLE PLANET""}","{""channel"": ""E-Commerce""}",28,"{l0_name,l3_name,age,l5_name}",80%,"{l0_name,l3_name,age}",{age},{l5_name}
1387,"{""age"": ""INFANT"", ""l0_name"": ""USA"", ""l3_name"": ""LITTLE PLANET""}","{""channel"": ""E-Commerce""}",29,"{l0_name,l3_name,age,l5_name}",80%,"{l0_name,l3_name,age}",{age},{l5_name}
1388,"{""age"": ""INFANT"", ""l0_name"": ""USA"", ""l3_name"": ""LITTLE PLANET""}","{""channel"": ""E-Commerce""}",30,"{l0_name,l3_name,age,l5_name}",80%,"{l0_name,l3_name,age}",{age},{l5_name}
1389,"{""age"": ""INFANT"", ""l0_name"": ""USA"", ""l3_name"": ""LITTLE PLANET""}","{""channel"": ""NA""}",26,"{l0_name,l3_name,age,l5_name}",80%,"{l0_name,l3_name,age}",{age},{l5_name}
1392,"{""age"": ""INFANT"", ""l0_name"": ""USA"", ""l3_name"": ""LITTLE PLANET""}","{""channel"": ""NA""}",29,"{l0_name,l3_name,age,l5_name}",80%,"{l0_name,l3_name,age}",{age},{l5_name}
1393,"{""age"": ""INFANT"", ""l0_name"": ""USA"", ""l3_name"": ""LITTLE PLANET""}","{""channel"": ""NA""}",30,"{l0_name,l3_name,age,l5_name}",80%,"{l0_name,l3_name,age}",{age},{l5_name}
1394,"{""age"": ""INFANT"", ""l0_name"": ""CAN"", ""l3_name"": ""LITTLE PLANET""}","{""channel"": ""Brick __ia_char_13 Mortar""}",26,"{l0_name,l3_name,age,l5_name}",80%,"{l0_name,l3_name,age}",{age},{l5_name}
1395,"{""age"": ""INFANT"", ""l0_name"": ""CAN"", ""l3_name"": ""LITTLE PLANET""}","{""channel"": ""Brick __ia_char_13 Mortar""}",27,"{l0_name,l3_name,age,l5_name}",80%,"{l0_name,l3_name,age}",{age},{l5_name}
1396,"{""age"": ""INFANT"", ""l0_name"": ""CAN"", ""l3_name"": ""LITTLE PLANET""}","{""channel"": ""Brick __ia_char_13 Mortar""}",28,"{l0_name,l3_name,age,l5_name}",80%,"{l0_name,l3_name,age}",{age},{l5_name}
1397,"{""age"": ""INFANT"", ""l0_name"": ""CAN"", ""l3_name"": ""LITTLE PLANET""}","{""channel"": ""Brick __ia_char_13 Mortar""}",29,"{l0_name,l3_name,age,l5_name}",80%,"{l0_name,l3_name,age}",{age},{l5_name}
1398,"{""age"": ""INFANT"", ""l0_name"": ""CAN"", ""l3_name"": ""LITTLE PLANET""}","{""channel"": ""Brick __ia_char_13 Mortar""}",30,"{l0_name,l3_name,age,l5_name}",80%,"{l0_name,l3_name,age}",{age},{l5_name}
1399,"{""age"": ""INFANT"", ""l0_name"": ""CAN"", ""l3_name"": ""LITTLE PLANET""}","{""channel"": ""E-Commerce""}",26,"{l0_name,l3_name,age,l5_name}",80%,"{l0_name,l3_name,age}",{age},{l5_name}
1400,"{""age"": ""INFANT"", ""l0_name"": ""CAN"", ""l3_name"": ""LITTLE PLANET""}","{""channel"": ""E-Commerce""}",27,"{l0_name,l3_name,age,l5_name}",80%,"{l0_name,l3_name,age}",{age},{l5_name}
1401,"{""age"": ""INFANT"", ""l0_name"": ""CAN"", ""l3_name"": ""LITTLE PLANET""}","{""channel"": ""E-Commerce""}",28,"{l0_name,l3_name,age,l5_name}",80%,"{l0_name,l3_name,age}",{age},{l5_name}
1402,"{""age"": ""INFANT"", ""l0_name"": ""CAN"", ""l3_name"": ""LITTLE PLANET""}","{""channel"": ""E-Commerce""}",29,"{l0_name,l3_name,age,l5_name}",80%,"{l0_name,l3_name,age}",{age},{l5_name}
1403,"{""age"": ""INFANT"", ""l0_name"": ""CAN"", ""l3_name"": ""LITTLE PLANET""}","{""channel"": ""E-Commerce""}",30,"{l0_name,l3_name,age,l5_name}",80%,"{l0_name,l3_name,age}",{age},{l5_name}
1404,"{""age"": ""INFANT"", ""l0_name"": ""CAN"", ""l3_name"": ""LITTLE PLANET""}","{""channel"": ""NA""}",26,"{l0_name,l3_name,age,l5_name}",80%,"{l0_name,l3_name,age}",{age},{l5_name}
1405,"{""age"": ""INFANT"", ""l0_name"": ""CAN"", ""l3_name"": ""LITTLE PLANET""}","{""channel"": ""NA""}",27,"{l0_name,l3_name,age,l5_name}",80%,"{l0_name,l3_name,age}",{age},{l5_name}
1406,"{""age"": ""INFANT"", ""l0_name"": ""CAN"", ""l3_name"": ""LITTLE PLANET""}","{""channel"": ""NA""}",28,"{l0_name,l3_name,age,l5_name}",80%,"{l0_name,l3_name,age}",{age},{l5_name}
1407,"{""age"": ""INFANT"", ""l0_name"": ""CAN"", ""l3_name"": ""LITTLE PLANET""}","{""channel"": ""NA""}",29,"{l0_name,l3_name,age,l5_name}",80%,"{l0_name,l3_name,age}",{age},{l5_name}
1408,"{""age"": ""INFANT"", ""l0_name"": ""CAN"", ""l3_name"": ""LITTLE PLANET""}","{""channel"": ""NA""}",30,"{l0_name,l3_name,age,l5_name}",80%,"{l0_name,l3_name,age}",{age},{l5_name}
1409,"{""age"": ""TODDLER"", ""l0_name"": ""USA"", ""l3_name"": ""SLEEPWEAR""}","{""channel"": ""Brick __ia_char_13 Mortar""}",26,"{l0_name,l3_name,age,l5_name}",80%,"{l0_name,l3_name,age}",{age},{l5_name}
1410,"{""age"": ""TODDLER"", ""l0_name"": ""USA"", ""l3_name"": ""SLEEPWEAR""}","{""channel"": ""Brick __ia_char_13 Mortar""}",27,"{l0_name,l3_name,age,l5_name}",80%,"{l0_name,l3_name,age}",{age},{l5_name}
1411,"{""age"": ""TODDLER"", ""l0_name"": ""USA"", ""l3_name"": ""SLEEPWEAR""}","{""channel"": ""Brick __ia_char_13 Mortar""}",28,"{l0_name,l3_name,age,l5_name}",80%,"{l0_name,l3_name,age}",{age},{l5_name}
1412,"{""age"": ""TODDLER"", ""l0_name"": ""USA"", ""l3_name"": ""SLEEPWEAR""}","{""channel"": ""Brick __ia_char_13 Mortar""}",29,"{l0_name,l3_name,age,l5_name}",80%,"{l0_name,l3_name,age}",{age},{l5_name}
1413,"{""age"": ""TODDLER"", ""l0_name"": ""USA"", ""l3_name"": ""SLEEPWEAR""}","{""channel"": ""Brick __ia_char_13 Mortar""}",30,"{l0_name,l3_name,age,l5_name}",80%,"{l0_name,l3_name,age}",{age},{l5_name}
1414,"{""age"": ""TODDLER"", ""l0_name"": ""USA"", ""l3_name"": ""SLEEPWEAR""}","{""channel"": ""E-Commerce""}",26,"{l0_name,l3_name,age,l5_name}",80%,"{l0_name,l3_name,age}",{age},{l5_name}
1415,"{""age"": ""TODDLER"", ""l0_name"": ""USA"", ""l3_name"": ""SLEEPWEAR""}","{""channel"": ""E-Commerce""}",27,"{l0_name,l3_name,age,l5_name}",80%,"{l0_name,l3_name,age}",{age},{l5_name}
1416,"{""age"": ""TODDLER"", ""l0_name"": ""USA"", ""l3_name"": ""SLEEPWEAR""}","{""channel"": ""E-Commerce""}",28,"{l0_name,l3_name,age,l5_name}",80%,"{l0_name,l3_name,age}",{age},{l5_name}
1417,"{""age"": ""TODDLER"", ""l0_name"": ""USA"", ""l3_name"": ""SLEEPWEAR""}","{""channel"": ""E-Commerce""}",29,"{l0_name,l3_name,age,l5_name}",80%,"{l0_name,l3_name,age}",{age},{l5_name}
1418,"{""age"": ""TODDLER"", ""l0_name"": ""USA"", ""l3_name"": ""SLEEPWEAR""}","{""channel"": ""E-Commerce""}",30,"{l0_name,l3_name,age,l5_name}",80%,"{l0_name,l3_name,age}",{age},{l5_name}
1419,"{""age"": ""TODDLER"", ""l0_name"": ""USA"", ""l3_name"": ""SLEEPWEAR""}","{""channel"": ""NA""}",26,"{l0_name,l3_name,age,l5_name}",80%,"{l0_name,l3_name,age}",{age},{l5_name}
1420,"{""age"": ""TODDLER"", ""l0_name"": ""USA"", ""l3_name"": ""SLEEPWEAR""}","{""channel"": ""NA""}",27,"{l0_name,l3_name,age,l5_name}",80%,"{l0_name,l3_name,age}",{age},{l5_name}
1421,"{""age"": ""TODDLER"", ""l0_name"": ""USA"", ""l3_name"": ""SLEEPWEAR""}","{""channel"": ""NA""}",28,"{l0_name,l3_name,age,l5_name}",80%,"{l0_name,l3_name,age}",{age},{l5_name}
1422,"{""age"": ""TODDLER"", ""l0_name"": ""USA"", ""l3_name"": ""SLEEPWEAR""}","{""channel"": ""NA""}",29,"{l0_name,l3_name,age,l5_name}",80%,"{l0_name,l3_name,age}",{age},{l5_name}
1423,"{""age"": ""TODDLER"", ""l0_name"": ""USA"", ""l3_name"": ""SLEEPWEAR""}","{""channel"": ""NA""}",30,"{l0_name,l3_name,age,l5_name}",80%,"{l0_name,l3_name,age}",{age},{l5_name}
1424,"{""age"": ""TODDLER"", ""l0_name"": ""CAN"", ""l3_name"": ""SLEEPWEAR""}","{""channel"": ""Brick __ia_char_13 Mortar""}",26,"{l0_name,l3_name,age,l5_name}",80%,"{l0_name,l3_name,age}",{age},{l5_name}
1425,"{""age"": ""TODDLER"", ""l0_name"": ""CAN"", ""l3_name"": ""SLEEPWEAR""}","{""channel"": ""Brick __ia_char_13 Mortar""}",27,"{l0_name,l3_name,age,l5_name}",80%,"{l0_name,l3_name,age}",{age},{l5_name}
1426,"{""age"": ""TODDLER"", ""l0_name"": ""CAN"", ""l3_name"": ""SLEEPWEAR""}","{""channel"": ""Brick __ia_char_13 Mortar""}",28,"{l0_name,l3_name,age,l5_name}",80%,"{l0_name,l3_name,age}",{age},{l5_name}
1427,"{""age"": ""TODDLER"", ""l0_name"": ""CAN"", ""l3_name"": ""SLEEPWEAR""}","{""channel"": ""Brick __ia_char_13 Mortar""}",29,"{l0_name,l3_name,age,l5_name}",80%,"{l0_name,l3_name,age}",{age},{l5_name}
1428,"{""age"": ""TODDLER"", ""l0_name"": ""CAN"", ""l3_name"": ""SLEEPWEAR""}","{""channel"": ""Brick __ia_char_13 Mortar""}",30,"{l0_name,l3_name,age,l5_name}",80%,"{l0_name,l3_name,age}",{age},{l5_name}
1429,"{""age"": ""TODDLER"", ""l0_name"": ""CAN"", ""l3_name"": ""SLEEPWEAR""}","{""channel"": ""E-Commerce""}",26,"{l0_name,l3_name,age,l5_name}",80%,"{l0_name,l3_name,age}",{age},{l5_name}
1430,"{""age"": ""TODDLER"", ""l0_name"": ""CAN"", ""l3_name"": ""SLEEPWEAR""}","{""channel"": ""E-Commerce""}",27,"{l0_name,l3_name,age,l5_name}",80%,"{l0_name,l3_name,age}",{age},{l5_name}
1431,"{""age"": ""TODDLER"", ""l0_name"": ""CAN"", ""l3_name"": ""SLEEPWEAR""}","{""channel"": ""E-Commerce""}",28,"{l0_name,l3_name,age,l5_name}",80%,"{l0_name,l3_name,age}",{age},{l5_name}
1432,"{""age"": ""TODDLER"", ""l0_name"": ""CAN"", ""l3_name"": ""SLEEPWEAR""}","{""channel"": ""E-Commerce""}",29,"{l0_name,l3_name,age,l5_name}",80%,"{l0_name,l3_name,age}",{age},{l5_name}
1433,"{""age"": ""TODDLER"", ""l0_name"": ""CAN"", ""l3_name"": ""SLEEPWEAR""}","{""channel"": ""E-Commerce""}",30,"{l0_name,l3_name,age,l5_name}",80%,"{l0_name,l3_name,age}",{age},{l5_name}
1434,"{""age"": ""TODDLER"", ""l0_name"": ""CAN"", ""l3_name"": ""SLEEPWEAR""}","{""channel"": ""NA""}",26,"{l0_name,l3_name,age,l5_name}",80%,"{l0_name,l3_name,age}",{age},{l5_name}
1435,"{""age"": ""TODDLER"", ""l0_name"": ""CAN"", ""l3_name"": ""SLEEPWEAR""}","{""channel"": ""NA""}",27,"{l0_name,l3_name,age,l5_name}",80%,"{l0_name,l3_name,age}",{age},{l5_name}
1436,"{""age"": ""TODDLER"", ""l0_name"": ""CAN"", ""l3_name"": ""SLEEPWEAR""}","{""channel"": ""NA""}",28,"{l0_name,l3_name,age,l5_name}",80%,"{l0_name,l3_name,age}",{age},{l5_name}
1437,"{""age"": ""TODDLER"", ""l0_name"": ""CAN"", ""l3_name"": ""SLEEPWEAR""}","{""channel"": ""NA""}",29,"{l0_name,l3_name,age,l5_name}",80%,"{l0_name,l3_name,age}",{age},{l5_name}
1438,"{""age"": ""TODDLER"", ""l0_name"": ""CAN"", ""l3_name"": ""SLEEPWEAR""}","{""channel"": ""NA""}",30,"{l0_name,l3_name,age,l5_name}",80%,"{l0_name,l3_name,age}",{age},{l5_name}
1439,"{""age"": ""KIDS"", ""l0_name"": ""USA"", ""l3_name"": ""SLEEPWEAR""}","{""channel"": ""Brick __ia_char_13 Mortar""}",26,"{l0_name,l3_name,age,l5_name}",80%,"{l0_name,l3_name,age}",{age},{l5_name}
1440,"{""age"": ""KIDS"", ""l0_name"": ""USA"", ""l3_name"": ""SLEEPWEAR""}","{""channel"": ""Brick __ia_char_13 Mortar""}",27,"{l0_name,l3_name,age,l5_name}",80%,"{l0_name,l3_name,age}",{age},{l5_name}
1074,"{""age"": ""TODDLER"", ""l0_name"": ""CAN"", ""l3_name"": ""BOYS PLAYWEAR""}","{""channel"": ""Brick __ia_char_13 Mortar""}",29,"{l0_name,l3_name,age,l5_name}",80%,"{l0_name,l3_name,age}",{age},{l5_name}
1441,"{""age"": ""KIDS"", ""l0_name"": ""USA"", ""l3_name"": ""SLEEPWEAR""}","{""channel"": ""Brick __ia_char_13 Mortar""}",28,"{l0_name,l3_name,age,l5_name}",80%,"{l0_name,l3_name,age}",{age},{l5_name}
1442,"{""age"": ""KIDS"", ""l0_name"": ""USA"", ""l3_name"": ""SLEEPWEAR""}","{""channel"": ""Brick __ia_char_13 Mortar""}",29,"{l0_name,l3_name,age,l5_name}",80%,"{l0_name,l3_name,age}",{age},{l5_name}
1443,"{""age"": ""KIDS"", ""l0_name"": ""USA"", ""l3_name"": ""SLEEPWEAR""}","{""channel"": ""Brick __ia_char_13 Mortar""}",30,"{l0_name,l3_name,age,l5_name}",80%,"{l0_name,l3_name,age}",{age},{l5_name}
1444,"{""age"": ""KIDS"", ""l0_name"": ""USA"", ""l3_name"": ""SLEEPWEAR""}","{""channel"": ""E-Commerce""}",26,"{l0_name,l3_name,age,l5_name}",80%,"{l0_name,l3_name,age}",{age},{l5_name}
1445,"{""age"": ""KIDS"", ""l0_name"": ""USA"", ""l3_name"": ""SLEEPWEAR""}","{""channel"": ""E-Commerce""}",27,"{l0_name,l3_name,age,l5_name}",80%,"{l0_name,l3_name,age}",{age},{l5_name}
1446,"{""age"": ""KIDS"", ""l0_name"": ""USA"", ""l3_name"": ""SLEEPWEAR""}","{""channel"": ""E-Commerce""}",28,"{l0_name,l3_name,age,l5_name}",80%,"{l0_name,l3_name,age}",{age},{l5_name}
1447,"{""age"": ""KIDS"", ""l0_name"": ""USA"", ""l3_name"": ""SLEEPWEAR""}","{""channel"": ""E-Commerce""}",29,"{l0_name,l3_name,age,l5_name}",80%,"{l0_name,l3_name,age}",{age},{l5_name}
1448,"{""age"": ""KIDS"", ""l0_name"": ""USA"", ""l3_name"": ""SLEEPWEAR""}","{""channel"": ""E-Commerce""}",30,"{l0_name,l3_name,age,l5_name}",80%,"{l0_name,l3_name,age}",{age},{l5_name}
1449,"{""age"": ""KIDS"", ""l0_name"": ""USA"", ""l3_name"": ""SLEEPWEAR""}","{""channel"": ""NA""}",26,"{l0_name,l3_name,age,l5_name}",80%,"{l0_name,l3_name,age}",{age},{l5_name}
1450,"{""age"": ""KIDS"", ""l0_name"": ""USA"", ""l3_name"": ""SLEEPWEAR""}","{""channel"": ""NA""}",27,"{l0_name,l3_name,age,l5_name}",80%,"{l0_name,l3_name,age}",{age},{l5_name}
1451,"{""age"": ""KIDS"", ""l0_name"": ""USA"", ""l3_name"": ""SLEEPWEAR""}","{""channel"": ""NA""}",28,"{l0_name,l3_name,age,l5_name}",80%,"{l0_name,l3_name,age}",{age},{l5_name}
1452,"{""age"": ""KIDS"", ""l0_name"": ""USA"", ""l3_name"": ""SLEEPWEAR""}","{""channel"": ""NA""}",29,"{l0_name,l3_name,age,l5_name}",80%,"{l0_name,l3_name,age}",{age},{l5_name}
1453,"{""age"": ""KIDS"", ""l0_name"": ""USA"", ""l3_name"": ""SLEEPWEAR""}","{""channel"": ""NA""}",30,"{l0_name,l3_name,age,l5_name}",80%,"{l0_name,l3_name,age}",{age},{l5_name}
1454,"{""age"": ""KIDS"", ""l0_name"": ""CAN"", ""l3_name"": ""SLEEPWEAR""}","{""channel"": ""Brick __ia_char_13 Mortar""}",26,"{l0_name,l3_name,age,l5_name}",80%,"{l0_name,l3_name,age}",{age},{l5_name}
1455,"{""age"": ""KIDS"", ""l0_name"": ""CAN"", ""l3_name"": ""SLEEPWEAR""}","{""channel"": ""Brick __ia_char_13 Mortar""}",27,"{l0_name,l3_name,age,l5_name}",80%,"{l0_name,l3_name,age}",{age},{l5_name}
1456,"{""age"": ""KIDS"", ""l0_name"": ""CAN"", ""l3_name"": ""SLEEPWEAR""}","{""channel"": ""Brick __ia_char_13 Mortar""}",28,"{l0_name,l3_name,age,l5_name}",80%,"{l0_name,l3_name,age}",{age},{l5_name}
1457,"{""age"": ""KIDS"", ""l0_name"": ""CAN"", ""l3_name"": ""SLEEPWEAR""}","{""channel"": ""Brick __ia_char_13 Mortar""}",29,"{l0_name,l3_name,age,l5_name}",80%,"{l0_name,l3_name,age}",{age},{l5_name}
1458,"{""age"": ""KIDS"", ""l0_name"": ""CAN"", ""l3_name"": ""SLEEPWEAR""}","{""channel"": ""Brick __ia_char_13 Mortar""}",30,"{l0_name,l3_name,age,l5_name}",80%,"{l0_name,l3_name,age}",{age},{l5_name}
1459,"{""age"": ""KIDS"", ""l0_name"": ""CAN"", ""l3_name"": ""SLEEPWEAR""}","{""channel"": ""E-Commerce""}",26,"{l0_name,l3_name,age,l5_name}",80%,"{l0_name,l3_name,age}",{age},{l5_name}
1460,"{""age"": ""KIDS"", ""l0_name"": ""CAN"", ""l3_name"": ""SLEEPWEAR""}","{""channel"": ""E-Commerce""}",27,"{l0_name,l3_name,age,l5_name}",80%,"{l0_name,l3_name,age}",{age},{l5_name}
1462,"{""age"": ""KIDS"", ""l0_name"": ""CAN"", ""l3_name"": ""SLEEPWEAR""}","{""channel"": ""E-Commerce""}",29,"{l0_name,l3_name,age,l5_name}",80%,"{l0_name,l3_name,age}",{age},{l5_name}
1461,"{""age"": ""KIDS"", ""l0_name"": ""CAN"", ""l3_name"": ""SLEEPWEAR""}","{""channel"": ""E-Commerce""}",28,"{l0_name,l3_name,age,l5_name}",80%,"{l0_name,l3_name,age}",{age},{l5_name}
1463,"{""age"": ""KIDS"", ""l0_name"": ""CAN"", ""l3_name"": ""SLEEPWEAR""}","{""channel"": ""E-Commerce""}",30,"{l0_name,l3_name,age,l5_name}",80%,"{l0_name,l3_name,age}",{age},{l5_name}
1464,"{""age"": ""KIDS"", ""l0_name"": ""CAN"", ""l3_name"": ""SLEEPWEAR""}","{""channel"": ""NA""}",26,"{l0_name,l3_name,age,l5_name}",80%,"{l0_name,l3_name,age}",{age},{l5_name}
1465,"{""age"": ""KIDS"", ""l0_name"": ""CAN"", ""l3_name"": ""SLEEPWEAR""}","{""channel"": ""NA""}",27,"{l0_name,l3_name,age,l5_name}",80%,"{l0_name,l3_name,age}",{age},{l5_name}
1466,"{""age"": ""KIDS"", ""l0_name"": ""CAN"", ""l3_name"": ""SLEEPWEAR""}","{""channel"": ""NA""}",28,"{l0_name,l3_name,age,l5_name}",80%,"{l0_name,l3_name,age}",{age},{l5_name}
1467,"{""age"": ""KIDS"", ""l0_name"": ""CAN"", ""l3_name"": ""SLEEPWEAR""}","{""channel"": ""NA""}",29,"{l0_name,l3_name,age,l5_name}",80%,"{l0_name,l3_name,age}",{age},{l5_name}
1468,"{""age"": ""KIDS"", ""l0_name"": ""CAN"", ""l3_name"": ""SLEEPWEAR""}","{""channel"": ""NA""}",30,"{l0_name,l3_name,age,l5_name}",80%,"{l0_name,l3_name,age}",{age},{l5_name}
1469,"{""age"": ""INFANT"", ""l0_name"": ""USA"", ""l3_name"": ""SLEEPWEAR""}","{""channel"": ""Brick __ia_char_13 Mortar""}",26,"{l0_name,l3_name,age,l5_name}",80%,"{l0_name,l3_name,age}",{age},{l5_name}
1470,"{""age"": ""INFANT"", ""l0_name"": ""USA"", ""l3_name"": ""SLEEPWEAR""}","{""channel"": ""Brick __ia_char_13 Mortar""}",27,"{l0_name,l3_name,age,l5_name}",80%,"{l0_name,l3_name,age}",{age},{l5_name}
1471,"{""age"": ""INFANT"", ""l0_name"": ""USA"", ""l3_name"": ""SLEEPWEAR""}","{""channel"": ""Brick __ia_char_13 Mortar""}",28,"{l0_name,l3_name,age,l5_name}",80%,"{l0_name,l3_name,age}",{age},{l5_name}
1472,"{""age"": ""INFANT"", ""l0_name"": ""USA"", ""l3_name"": ""SLEEPWEAR""}","{""channel"": ""Brick __ia_char_13 Mortar""}",29,"{l0_name,l3_name,age,l5_name}",80%,"{l0_name,l3_name,age}",{age},{l5_name}
1473,"{""age"": ""INFANT"", ""l0_name"": ""USA"", ""l3_name"": ""SLEEPWEAR""}","{""channel"": ""Brick __ia_char_13 Mortar""}",30,"{l0_name,l3_name,age,l5_name}",80%,"{l0_name,l3_name,age}",{age},{l5_name}
1474,"{""age"": ""INFANT"", ""l0_name"": ""USA"", ""l3_name"": ""SLEEPWEAR""}","{""channel"": ""E-Commerce""}",26,"{l0_name,l3_name,age,l5_name}",80%,"{l0_name,l3_name,age}",{age},{l5_name}
1475,"{""age"": ""INFANT"", ""l0_name"": ""USA"", ""l3_name"": ""SLEEPWEAR""}","{""channel"": ""E-Commerce""}",27,"{l0_name,l3_name,age,l5_name}",80%,"{l0_name,l3_name,age}",{age},{l5_name}
1476,"{""age"": ""INFANT"", ""l0_name"": ""USA"", ""l3_name"": ""SLEEPWEAR""}","{""channel"": ""E-Commerce""}",28,"{l0_name,l3_name,age,l5_name}",80%,"{l0_name,l3_name,age}",{age},{l5_name}
1477,"{""age"": ""INFANT"", ""l0_name"": ""USA"", ""l3_name"": ""SLEEPWEAR""}","{""channel"": ""E-Commerce""}",29,"{l0_name,l3_name,age,l5_name}",80%,"{l0_name,l3_name,age}",{age},{l5_name}
1478,"{""age"": ""INFANT"", ""l0_name"": ""USA"", ""l3_name"": ""SLEEPWEAR""}","{""channel"": ""E-Commerce""}",30,"{l0_name,l3_name,age,l5_name}",80%,"{l0_name,l3_name,age}",{age},{l5_name}
1479,"{""age"": ""INFANT"", ""l0_name"": ""USA"", ""l3_name"": ""SLEEPWEAR""}","{""channel"": ""NA""}",26,"{l0_name,l3_name,age,l5_name}",80%,"{l0_name,l3_name,age}",{age},{l5_name}
1480,"{""age"": ""INFANT"", ""l0_name"": ""USA"", ""l3_name"": ""SLEEPWEAR""}","{""channel"": ""NA""}",27,"{l0_name,l3_name,age,l5_name}",80%,"{l0_name,l3_name,age}",{age},{l5_name}
1481,"{""age"": ""INFANT"", ""l0_name"": ""USA"", ""l3_name"": ""SLEEPWEAR""}","{""channel"": ""NA""}",28,"{l0_name,l3_name,age,l5_name}",80%,"{l0_name,l3_name,age}",{age},{l5_name}
1482,"{""age"": ""INFANT"", ""l0_name"": ""USA"", ""l3_name"": ""SLEEPWEAR""}","{""channel"": ""NA""}",29,"{l0_name,l3_name,age,l5_name}",80%,"{l0_name,l3_name,age}",{age},{l5_name}
1483,"{""age"": ""INFANT"", ""l0_name"": ""USA"", ""l3_name"": ""SLEEPWEAR""}","{""channel"": ""NA""}",30,"{l0_name,l3_name,age,l5_name}",80%,"{l0_name,l3_name,age}",{age},{l5_name}
1484,"{""age"": ""INFANT"", ""l0_name"": ""CAN"", ""l3_name"": ""SLEEPWEAR""}","{""channel"": ""Brick __ia_char_13 Mortar""}",26,"{l0_name,l3_name,age,l5_name}",80%,"{l0_name,l3_name,age}",{age},{l5_name}
1485,"{""age"": ""INFANT"", ""l0_name"": ""CAN"", ""l3_name"": ""SLEEPWEAR""}","{""channel"": ""Brick __ia_char_13 Mortar""}",27,"{l0_name,l3_name,age,l5_name}",80%,"{l0_name,l3_name,age}",{age},{l5_name}
1486,"{""age"": ""INFANT"", ""l0_name"": ""CAN"", ""l3_name"": ""SLEEPWEAR""}","{""channel"": ""Brick __ia_char_13 Mortar""}",28,"{l0_name,l3_name,age,l5_name}",80%,"{l0_name,l3_name,age}",{age},{l5_name}
1487,"{""age"": ""INFANT"", ""l0_name"": ""CAN"", ""l3_name"": ""SLEEPWEAR""}","{""channel"": ""Brick __ia_char_13 Mortar""}",29,"{l0_name,l3_name,age,l5_name}",80%,"{l0_name,l3_name,age}",{age},{l5_name}
1488,"{""age"": ""INFANT"", ""l0_name"": ""CAN"", ""l3_name"": ""SLEEPWEAR""}","{""channel"": ""Brick __ia_char_13 Mortar""}",30,"{l0_name,l3_name,age,l5_name}",80%,"{l0_name,l3_name,age}",{age},{l5_name}
1489,"{""age"": ""INFANT"", ""l0_name"": ""CAN"", ""l3_name"": ""SLEEPWEAR""}","{""channel"": ""E-Commerce""}",26,"{l0_name,l3_name,age,l5_name}",80%,"{l0_name,l3_name,age}",{age},{l5_name}
1490,"{""age"": ""INFANT"", ""l0_name"": ""CAN"", ""l3_name"": ""SLEEPWEAR""}","{""channel"": ""E-Commerce""}",27,"{l0_name,l3_name,age,l5_name}",80%,"{l0_name,l3_name,age}",{age},{l5_name}
1491,"{""age"": ""INFANT"", ""l0_name"": ""CAN"", ""l3_name"": ""SLEEPWEAR""}","{""channel"": ""E-Commerce""}",28,"{l0_name,l3_name,age,l5_name}",80%,"{l0_name,l3_name,age}",{age},{l5_name}
1492,"{""age"": ""INFANT"", ""l0_name"": ""CAN"", ""l3_name"": ""SLEEPWEAR""}","{""channel"": ""E-Commerce""}",29,"{l0_name,l3_name,age,l5_name}",80%,"{l0_name,l3_name,age}",{age},{l5_name}
1493,"{""age"": ""INFANT"", ""l0_name"": ""CAN"", ""l3_name"": ""SLEEPWEAR""}","{""channel"": ""E-Commerce""}",30,"{l0_name,l3_name,age,l5_name}",80%,"{l0_name,l3_name,age}",{age},{l5_name}
1494,"{""age"": ""INFANT"", ""l0_name"": ""CAN"", ""l3_name"": ""SLEEPWEAR""}","{""channel"": ""NA""}",26,"{l0_name,l3_name,age,l5_name}",80%,"{l0_name,l3_name,age}",{age},{l5_name}
1495,"{""age"": ""INFANT"", ""l0_name"": ""CAN"", ""l3_name"": ""SLEEPWEAR""}","{""channel"": ""NA""}",27,"{l0_name,l3_name,age,l5_name}",80%,"{l0_name,l3_name,age}",{age},{l5_name}
1496,"{""age"": ""INFANT"", ""l0_name"": ""CAN"", ""l3_name"": ""SLEEPWEAR""}","{""channel"": ""NA""}",28,"{l0_name,l3_name,age,l5_name}",80%,"{l0_name,l3_name,age}",{age},{l5_name}
1497,"{""age"": ""INFANT"", ""l0_name"": ""CAN"", ""l3_name"": ""SLEEPWEAR""}","{""channel"": ""NA""}",29,"{l0_name,l3_name,age,l5_name}",80%,"{l0_name,l3_name,age}",{age},{l5_name}
1498,"{""age"": ""INFANT"", ""l0_name"": ""CAN"", ""l3_name"": ""SLEEPWEAR""}","{""channel"": ""NA""}",30,"{l0_name,l3_name,age,l5_name}",80%,"{l0_name,l3_name,age}",{age},{l5_name}
1499,"{""l0_name"": ""USA"", ""l3_name"": ""SHOES""}","{""channel"": ""Brick __ia_char_13 Mortar""}",26,"{l0_name,l3_name,age,l5_name}",80%,"{l0_name,l3_name}","{""""}",{l5_name}
1500,"{""l0_name"": ""USA"", ""l3_name"": ""SHOES""}","{""channel"": ""Brick __ia_char_13 Mortar""}",27,"{l0_name,l3_name,age,l5_name}",80%,"{l0_name,l3_name}","{""""}",{l5_name}
1501,"{""l0_name"": ""USA"", ""l3_name"": ""SHOES""}","{""channel"": ""Brick __ia_char_13 Mortar""}",28,"{l0_name,l3_name,age,l5_name}",80%,"{l0_name,l3_name}","{""""}",{l5_name}
1502,"{""l0_name"": ""USA"", ""l3_name"": ""SHOES""}","{""channel"": ""Brick __ia_char_13 Mortar""}",29,"{l0_name,l3_name,age,l5_name}",80%,"{l0_name,l3_name}","{""""}",{l5_name}
1503,"{""l0_name"": ""USA"", ""l3_name"": ""SHOES""}","{""channel"": ""Brick __ia_char_13 Mortar""}",30,"{l0_name,l3_name,age,l5_name}",80%,"{l0_name,l3_name}","{""""}",{l5_name}
1504,"{""l0_name"": ""USA"", ""l3_name"": ""SHOES""}","{""channel"": ""E-Commerce""}",26,"{l0_name,l3_name,age,l5_name}",80%,"{l0_name,l3_name}","{""""}",{l5_name}
1505,"{""l0_name"": ""USA"", ""l3_name"": ""SHOES""}","{""channel"": ""E-Commerce""}",27,"{l0_name,l3_name,age,l5_name}",80%,"{l0_name,l3_name}","{""""}",{l5_name}
1506,"{""l0_name"": ""USA"", ""l3_name"": ""SHOES""}","{""channel"": ""E-Commerce""}",28,"{l0_name,l3_name,age,l5_name}",80%,"{l0_name,l3_name}","{""""}",{l5_name}
1507,"{""l0_name"": ""USA"", ""l3_name"": ""SHOES""}","{""channel"": ""E-Commerce""}",29,"{l0_name,l3_name,age,l5_name}",80%,"{l0_name,l3_name}","{""""}",{l5_name}
1508,"{""l0_name"": ""USA"", ""l3_name"": ""SHOES""}","{""channel"": ""E-Commerce""}",30,"{l0_name,l3_name,age,l5_name}",80%,"{l0_name,l3_name}","{""""}",{l5_name}
1509,"{""l0_name"": ""USA"", ""l3_name"": ""SHOES""}","{""channel"": ""NA""}",26,"{l0_name,l3_name,age,l5_name}",80%,"{l0_name,l3_name}","{""""}",{l5_name}
1510,"{""l0_name"": ""USA"", ""l3_name"": ""SHOES""}","{""channel"": ""NA""}",27,"{l0_name,l3_name,age,l5_name}",80%,"{l0_name,l3_name}","{""""}",{l5_name}
1511,"{""l0_name"": ""USA"", ""l3_name"": ""SHOES""}","{""channel"": ""NA""}",28,"{l0_name,l3_name,age,l5_name}",180%,"{l0_name,l3_name}","{""""}",{l5_name}
1512,"{""l0_name"": ""USA"", ""l3_name"": ""SHOES""}","{""channel"": ""NA""}",29,"{l0_name,l3_name,age,l5_name}",80%,"{l0_name,l3_name}","{""""}",{l5_name}
1513,"{""l0_name"": ""USA"", ""l3_name"": ""SHOES""}","{""channel"": ""NA""}",30,"{l0_name,l3_name,age,l5_name}",80%,"{l0_name,l3_name}","{""""}",{l5_name}
1514,"{""l0_name"": ""CAN"", ""l3_name"": ""SHOES""}","{""channel"": ""Brick __ia_char_13 Mortar""}",26,"{l0_name,l3_name,age,l5_name}",80%,"{l0_name,l3_name}","{""""}",{l5_name}
1515,"{""l0_name"": ""CAN"", ""l3_name"": ""SHOES""}","{""channel"": ""Brick __ia_char_13 Mortar""}",27,"{l0_name,l3_name,age,l5_name}",80%,"{l0_name,l3_name}","{""""}",{l5_name}
1516,"{""l0_name"": ""CAN"", ""l3_name"": ""SHOES""}","{""channel"": ""Brick __ia_char_13 Mortar""}",28,"{l0_name,l3_name,age,l5_name}",80%,"{l0_name,l3_name}","{""""}",{l5_name}
1517,"{""l0_name"": ""CAN"", ""l3_name"": ""SHOES""}","{""channel"": ""Brick __ia_char_13 Mortar""}",29,"{l0_name,l3_name,age,l5_name}",80%,"{l0_name,l3_name}","{""""}",{l5_name}
1518,"{""l0_name"": ""CAN"", ""l3_name"": ""SHOES""}","{""channel"": ""Brick __ia_char_13 Mortar""}",30,"{l0_name,l3_name,age,l5_name}",80%,"{l0_name,l3_name}","{""""}",{l5_name}
1519,"{""l0_name"": ""CAN"", ""l3_name"": ""SHOES""}","{""channel"": ""E-Commerce""}",26,"{l0_name,l3_name,age,l5_name}",80%,"{l0_name,l3_name}","{""""}",{l5_name}
1520,"{""l0_name"": ""CAN"", ""l3_name"": ""SHOES""}","{""channel"": ""E-Commerce""}",27,"{l0_name,l3_name,age,l5_name}",80%,"{l0_name,l3_name}","{""""}",{l5_name}
1521,"{""l0_name"": ""CAN"", ""l3_name"": ""SHOES""}","{""channel"": ""E-Commerce""}",28,"{l0_name,l3_name,age,l5_name}",80%,"{l0_name,l3_name}","{""""}",{l5_name}
1522,"{""l0_name"": ""CAN"", ""l3_name"": ""SHOES""}","{""channel"": ""E-Commerce""}",29,"{l0_name,l3_name,age,l5_name}",80%,"{l0_name,l3_name}","{""""}",{l5_name}
1523,"{""l0_name"": ""CAN"", ""l3_name"": ""SHOES""}","{""channel"": ""E-Commerce""}",30,"{l0_name,l3_name,age,l5_name}",80%,"{l0_name,l3_name}","{""""}",{l5_name}
1524,"{""l0_name"": ""CAN"", ""l3_name"": ""SHOES""}","{""channel"": ""NA""}",26,"{l0_name,l3_name,age,l5_name}",80%,"{l0_name,l3_name}","{""""}",{l5_name}
1525,"{""l0_name"": ""CAN"", ""l3_name"": ""SHOES""}","{""channel"": ""NA""}",27,"{l0_name,l3_name,age,l5_name}",80%,"{l0_name,l3_name}","{""""}",{l5_name}
1526,"{""l0_name"": ""CAN"", ""l3_name"": ""SHOES""}","{""channel"": ""NA""}",28,"{l0_name,l3_name,age,l5_name}",180%,"{l0_name,l3_name}","{""""}",{l5_name}
1527,"{""l0_name"": ""CAN"", ""l3_name"": ""SHOES""}","{""channel"": ""NA""}",29,"{l0_name,l3_name,age,l5_name}",80%,"{l0_name,l3_name}","{""""}",{l5_name}
1528,"{""l0_name"": ""CAN"", ""l3_name"": ""SHOES""}","{""channel"": ""NA""}",30,"{l0_name,l3_name,age,l5_name}",80%,"{l0_name,l3_name}","{""""}",{l5_name}
1529,"{""l0_name"": ""USA"", ""l3_name"": ""SWIMWEAR""}","{""channel"": ""Brick __ia_char_13 Mortar""}",26,"{l0_name,l3_name,age,l5_name}",80%,"{l0_name,l3_name}","{""""}",{l5_name}
1530,"{""l0_name"": ""USA"", ""l3_name"": ""SWIMWEAR""}","{""channel"": ""Brick __ia_char_13 Mortar""}",27,"{l0_name,l3_name,age,l5_name}",80%,"{l0_name,l3_name}","{""""}",{l5_name}
1531,"{""l0_name"": ""USA"", ""l3_name"": ""SWIMWEAR""}","{""channel"": ""Brick __ia_char_13 Mortar""}",28,"{l0_name,l3_name,age,l5_name}",80%,"{l0_name,l3_name}","{""""}",{l5_name}
1532,"{""l0_name"": ""USA"", ""l3_name"": ""SWIMWEAR""}","{""channel"": ""Brick __ia_char_13 Mortar""}",29,"{l0_name,l3_name,age,l5_name}",80%,"{l0_name,l3_name}","{""""}",{l5_name}
1533,"{""l0_name"": ""USA"", ""l3_name"": ""SWIMWEAR""}","{""channel"": ""Brick __ia_char_13 Mortar""}",30,"{l0_name,l3_name,age,l5_name}",80%,"{l0_name,l3_name}","{""""}",{l5_name}
1534,"{""l0_name"": ""USA"", ""l3_name"": ""SWIMWEAR""}","{""channel"": ""E-Commerce""}",26,"{l0_name,l3_name,age,l5_name}",80%,"{l0_name,l3_name}","{""""}",{l5_name}
1535,"{""l0_name"": ""USA"", ""l3_name"": ""SWIMWEAR""}","{""channel"": ""E-Commerce""}",27,"{l0_name,l3_name,age,l5_name}",80%,"{l0_name,l3_name}","{""""}",{l5_name}
1536,"{""l0_name"": ""USA"", ""l3_name"": ""SWIMWEAR""}","{""channel"": ""E-Commerce""}",28,"{l0_name,l3_name,age,l5_name}",80%,"{l0_name,l3_name}","{""""}",{l5_name}
1537,"{""l0_name"": ""USA"", ""l3_name"": ""SWIMWEAR""}","{""channel"": ""E-Commerce""}",29,"{l0_name,l3_name,age,l5_name}",80%,"{l0_name,l3_name}","{""""}",{l5_name}
1538,"{""l0_name"": ""USA"", ""l3_name"": ""SWIMWEAR""}","{""channel"": ""E-Commerce""}",30,"{l0_name,l3_name,age,l5_name}",80%,"{l0_name,l3_name}","{""""}",{l5_name}
1539,"{""l0_name"": ""USA"", ""l3_name"": ""SWIMWEAR""}","{""channel"": ""NA""}",26,"{l0_name,l3_name,age,l5_name}",80%,"{l0_name,l3_name}","{""""}",{l5_name}
1540,"{""l0_name"": ""USA"", ""l3_name"": ""SWIMWEAR""}","{""channel"": ""NA""}",27,"{l0_name,l3_name,age,l5_name}",80%,"{l0_name,l3_name}","{""""}",{l5_name}
1542,"{""l0_name"": ""USA"", ""l3_name"": ""SWIMWEAR""}","{""channel"": ""NA""}",29,"{l0_name,l3_name,age,l5_name}",80%,"{l0_name,l3_name}","{""""}",{l5_name}
1543,"{""l0_name"": ""USA"", ""l3_name"": ""SWIMWEAR""}","{""channel"": ""NA""}",30,"{l0_name,l3_name,age,l5_name}",80%,"{l0_name,l3_name}","{""""}",{l5_name}
1544,"{""l0_name"": ""CAN"", ""l3_name"": ""SWIMWEAR""}","{""channel"": ""Brick __ia_char_13 Mortar""}",26,"{l0_name,l3_name,age,l5_name}",80%,"{l0_name,l3_name}","{""""}",{l5_name}
1545,"{""l0_name"": ""CAN"", ""l3_name"": ""SWIMWEAR""}","{""channel"": ""Brick __ia_char_13 Mortar""}",27,"{l0_name,l3_name,age,l5_name}",80%,"{l0_name,l3_name}","{""""}",{l5_name}
1546,"{""l0_name"": ""CAN"", ""l3_name"": ""SWIMWEAR""}","{""channel"": ""Brick __ia_char_13 Mortar""}",28,"{l0_name,l3_name,age,l5_name}",80%,"{l0_name,l3_name}","{""""}",{l5_name}
1547,"{""l0_name"": ""CAN"", ""l3_name"": ""SWIMWEAR""}","{""channel"": ""Brick __ia_char_13 Mortar""}",29,"{l0_name,l3_name,age,l5_name}",80%,"{l0_name,l3_name}","{""""}",{l5_name}
1548,"{""l0_name"": ""CAN"", ""l3_name"": ""SWIMWEAR""}","{""channel"": ""Brick __ia_char_13 Mortar""}",30,"{l0_name,l3_name,age,l5_name}",80%,"{l0_name,l3_name}","{""""}",{l5_name}
1549,"{""l0_name"": ""CAN"", ""l3_name"": ""SWIMWEAR""}","{""channel"": ""E-Commerce""}",26,"{l0_name,l3_name,age,l5_name}",80%,"{l0_name,l3_name}","{""""}",{l5_name}
1550,"{""l0_name"": ""CAN"", ""l3_name"": ""SWIMWEAR""}","{""channel"": ""E-Commerce""}",27,"{l0_name,l3_name,age,l5_name}",80%,"{l0_name,l3_name}","{""""}",{l5_name}
1551,"{""l0_name"": ""CAN"", ""l3_name"": ""SWIMWEAR""}","{""channel"": ""E-Commerce""}",28,"{l0_name,l3_name,age,l5_name}",80%,"{l0_name,l3_name}","{""""}",{l5_name}
1552,"{""l0_name"": ""CAN"", ""l3_name"": ""SWIMWEAR""}","{""channel"": ""E-Commerce""}",29,"{l0_name,l3_name,age,l5_name}",80%,"{l0_name,l3_name}","{""""}",{l5_name}
1553,"{""l0_name"": ""CAN"", ""l3_name"": ""SWIMWEAR""}","{""channel"": ""E-Commerce""}",30,"{l0_name,l3_name,age,l5_name}",80%,"{l0_name,l3_name}","{""""}",{l5_name}
1554,"{""l0_name"": ""CAN"", ""l3_name"": ""SWIMWEAR""}","{""channel"": ""NA""}",26,"{l0_name,l3_name,age,l5_name}",80%,"{l0_name,l3_name}","{""""}",{l5_name}
1555,"{""l0_name"": ""CAN"", ""l3_name"": ""SWIMWEAR""}","{""channel"": ""NA""}",27,"{l0_name,l3_name,age,l5_name}",80%,"{l0_name,l3_name}","{""""}",{l5_name}
1556,"{""l0_name"": ""CAN"", ""l3_name"": ""SWIMWEAR""}","{""channel"": ""NA""}",28,"{l0_name,l3_name,age,l5_name}",180%,"{l0_name,l3_name}","{""""}",{l5_name}
1557,"{""l0_name"": ""CAN"", ""l3_name"": ""SWIMWEAR""}","{""channel"": ""NA""}",29,"{l0_name,l3_name,age,l5_name}",80%,"{l0_name,l3_name}","{""""}",{l5_name}
1558,"{""l0_name"": ""CAN"", ""l3_name"": ""SWIMWEAR""}","{""channel"": ""NA""}",30,"{l0_name,l3_name,age,l5_name}",80%,"{l0_name,l3_name}","{""""}",{l5_name}
1054,"{""age"": ""TODDLER"", ""l0_name"": ""CAN"", ""l3_name"": ""BOYS PLAYWEAR""}","{""channel"": ""Brick __ia_char_13 Mortar""}",30,"{l0_name,l3_name,age,l5_name}",80%,"{l0_name,l3_name,age}",{age},{l5_name}
1559,"{""l0_name"": ""USA"", ""l3_name"": ""OUTERWEAR""}","{""channel"": ""Brick __ia_char_13 Mortar""}",26,"{l0_name,l3_name,age,l5_name}",80%,"{l0_name,l3_name}","{""""}",{l5_name}
1560,"{""l0_name"": ""USA"", ""l3_name"": ""OUTERWEAR""}","{""channel"": ""Brick __ia_char_13 Mortar""}",27,"{l0_name,l3_name,age,l5_name}",80%,"{l0_name,l3_name}","{""""}",{l5_name}
1561,"{""l0_name"": ""USA"", ""l3_name"": ""OUTERWEAR""}","{""channel"": ""Brick __ia_char_13 Mortar""}",28,"{l0_name,l3_name,age,l5_name}",80%,"{l0_name,l3_name}","{""""}",{l5_name}
1562,"{""l0_name"": ""USA"", ""l3_name"": ""OUTERWEAR""}","{""channel"": ""Brick __ia_char_13 Mortar""}",29,"{l0_name,l3_name,age,l5_name}",80%,"{l0_name,l3_name}","{""""}",{l5_name}
1566,"{""l0_name"": ""USA"", ""l3_name"": ""OUTERWEAR""}","{""channel"": ""E-Commerce""}",28,"{l0_name,l3_name,age,l5_name}",80%,"{l0_name,l3_name}","{""""}",{l5_name}
1570,"{""l0_name"": ""USA"", ""l3_name"": ""OUTERWEAR""}","{""channel"": ""NA""}",27,"{l0_name,l3_name,age,l5_name}",80%,"{l0_name,l3_name}","{""""}",{l5_name}
1571,"{""l0_name"": ""USA"", ""l3_name"": ""OUTERWEAR""}","{""channel"": ""NA""}",28,"{l0_name,l3_name,age,l5_name}",180%,"{l0_name,l3_name}","{""""}",{l5_name}
1572,"{""l0_name"": ""USA"", ""l3_name"": ""OUTERWEAR""}","{""channel"": ""NA""}",29,"{l0_name,l3_name,age,l5_name}",80%,"{l0_name,l3_name}","{""""}",{l5_name}
1573,"{""l0_name"": ""USA"", ""l3_name"": ""OUTERWEAR""}","{""channel"": ""NA""}",30,"{l0_name,l3_name,age,l5_name}",80%,"{l0_name,l3_name}","{""""}",{l5_name}
1574,"{""l0_name"": ""CAN"", ""l3_name"": ""OUTERWEAR""}","{""channel"": ""Brick __ia_char_13 Mortar""}",26,"{l0_name,l3_name,age,l5_name}",80%,"{l0_name,l3_name}","{""""}",{l5_name}
1575,"{""l0_name"": ""CAN"", ""l3_name"": ""OUTERWEAR""}","{""channel"": ""Brick __ia_char_13 Mortar""}",27,"{l0_name,l3_name,age,l5_name}",80%,"{l0_name,l3_name}","{""""}",{l5_name}
1576,"{""l0_name"": ""CAN"", ""l3_name"": ""OUTERWEAR""}","{""channel"": ""Brick __ia_char_13 Mortar""}",28,"{l0_name,l3_name,age,l5_name}",80%,"{l0_name,l3_name}","{""""}",{l5_name}
1577,"{""l0_name"": ""CAN"", ""l3_name"": ""OUTERWEAR""}","{""channel"": ""Brick __ia_char_13 Mortar""}",29,"{l0_name,l3_name,age,l5_name}",80%,"{l0_name,l3_name}","{""""}",{l5_name}
1578,"{""l0_name"": ""CAN"", ""l3_name"": ""OUTERWEAR""}","{""channel"": ""Brick __ia_char_13 Mortar""}",30,"{l0_name,l3_name,age,l5_name}",80%,"{l0_name,l3_name}","{""""}",{l5_name}
1579,"{""l0_name"": ""CAN"", ""l3_name"": ""OUTERWEAR""}","{""channel"": ""E-Commerce""}",26,"{l0_name,l3_name,age,l5_name}",80%,"{l0_name,l3_name}","{""""}",{l5_name}
1580,"{""l0_name"": ""CAN"", ""l3_name"": ""OUTERWEAR""}","{""channel"": ""E-Commerce""}",27,"{l0_name,l3_name,age,l5_name}",80%,"{l0_name,l3_name}","{""""}",{l5_name}
1581,"{""l0_name"": ""CAN"", ""l3_name"": ""OUTERWEAR""}","{""channel"": ""E-Commerce""}",28,"{l0_name,l3_name,age,l5_name}",80%,"{l0_name,l3_name}","{""""}",{l5_name}
1582,"{""l0_name"": ""CAN"", ""l3_name"": ""OUTERWEAR""}","{""channel"": ""E-Commerce""}",29,"{l0_name,l3_name,age,l5_name}",80%,"{l0_name,l3_name}","{""""}",{l5_name}
1583,"{""l0_name"": ""CAN"", ""l3_name"": ""OUTERWEAR""}","{""channel"": ""E-Commerce""}",30,"{l0_name,l3_name,age,l5_name}",80%,"{l0_name,l3_name}","{""""}",{l5_name}
1584,"{""l0_name"": ""CAN"", ""l3_name"": ""OUTERWEAR""}","{""channel"": ""NA""}",26,"{l0_name,l3_name,age,l5_name}",80%,"{l0_name,l3_name}","{""""}",{l5_name}
1585,"{""l0_name"": ""CAN"", ""l3_name"": ""OUTERWEAR""}","{""channel"": ""NA""}",27,"{l0_name,l3_name,age,l5_name}",80%,"{l0_name,l3_name}","{""""}",{l5_name}
1178,"{""age"": ""KIDS"", ""l0_name"": ""USA"", ""l3_name"": ""BOYS PLAYWEAR""}","{""channel"": ""NA""}",26,"{l0_name,l3_name,age,l5_name}",80%,"{l0_name,l3_name,age}",{age},{l5_name}
1078,"{""l0_name"": ""USA"", ""l3_name"": ""BABY""}","{""channel"": ""E-Commerce""}",30,"{l0_name,l3_name,age,l5_name}",80%,"{l0_name,l3_name}","{""""}",{l5_name}
1120,"{""age"": ""KIDS"", ""l0_name"": ""CAN"", ""l3_name"": ""BOYS PLAYWEAR""}","{""channel"": ""NA""}",28,"{l0_name,l3_name,age,l5_name}",80%,"{l0_name,l3_name,age}",{age},{l5_name}
1390,"{""age"": ""INFANT"", ""l0_name"": ""USA"", ""l3_name"": ""LITTLE PLANET""}","{""channel"": ""NA""}",27,"{l0_name,l3_name,age,l5_name}",80%,"{l0_name,l3_name,age}",{age},{l5_name}
1391,"{""age"": ""INFANT"", ""l0_name"": ""USA"", ""l3_name"": ""LITTLE PLANET""}","{""channel"": ""NA""}",28,"{l0_name,l3_name,age,l5_name}",80%,"{l0_name,l3_name,age}",{age},{l5_name}
1567,"{""l0_name"": ""USA"", ""l3_name"": ""OUTERWEAR""}","{""channel"": ""E-Commerce""}",29,"{l0_name,l3_name,age,l5_name}",80%,"{l0_name,l3_name}","{""""}",{l5_name}
1568,"{""l0_name"": ""USA"", ""l3_name"": ""OUTERWEAR""}","{""channel"": ""E-Commerce""}",30,"{l0_name,l3_name,age,l5_name}",80%,"{l0_name,l3_name}","{""""}",{l5_name}
1569,"{""l0_name"": ""USA"", ""l3_name"": ""OUTERWEAR""}","{""channel"": ""NA""}",26,"{l0_name,l3_name,age,l5_name}",80%,"{l0_name,l3_name}","{""""}",{l5_name}
1059,"{""age"": ""TODDLER"", ""l0_name"": ""CAN"", ""l3_name"": ""BOYS PLAYWEAR""}","{""channel"": ""Brick __ia_char_13 Mortar""}",26,"{l0_name,l3_name,age,l5_name}",80%,"{l0_name,l3_name,age}",{age},{l5_name}
1064,"{""age"": ""TODDLER"", ""l0_name"": ""CAN"", ""l3_name"": ""BOYS PLAYWEAR""}","{""channel"": ""Brick __ia_char_13 Mortar""}",27,"{l0_name,l3_name,age,l5_name}",80%,"{l0_name,l3_name,age}",{age},{l5_name}
1225,"{""l0_name"": ""CAN"", ""l3_name"": ""ACCESSORIES""}","{""channel"": ""NA""}",28,"{l0_name,l3_name,age,l5_name}",80%,"{l0_name,l3_name}","{""""}",{l5_name}
1333,"{""l0_name"": ""CAN"", ""l3_name"": ""BABY""}","{""channel"": ""NA""}",30,"{l0_name,l3_name,age,l5_name}",80%,"{l0_name,l3_name}","{""""}",{l5_name}
1541,"{""l0_name"": ""USA"", ""l3_name"": ""SWIMWEAR""}","{""channel"": ""NA""}",28,"{l0_name,l3_name,age,l5_name}",180%,"{l0_name,l3_name}","{""""}",{l5_name}
1563,"{""l0_name"": ""USA"", ""l3_name"": ""OUTERWEAR""}","{""channel"": ""Brick __ia_char_13 Mortar""}",30,"{l0_name,l3_name,age,l5_name}",80%,"{l0_name,l3_name}","{""""}",{l5_name}
1564,"{""l0_name"": ""USA"", ""l3_name"": ""OUTERWEAR""}","{""channel"": ""E-Commerce""}",26,"{l0_name,l3_name,age,l5_name}",80%,"{l0_name,l3_name}","{""""}",{l5_name}
1565,"{""l0_name"": ""USA"", ""l3_name"": ""OUTERWEAR""}","{""channel"": ""E-Commerce""}",27,"{l0_name,l3_name,age,l5_name}",80%,"{l0_name,l3_name}","{""""}",{l5_name}
1586,"{""l0_name"": ""CAN"", ""l3_name"": ""OUTERWEAR""}","{""channel"": ""NA""}",28,"{l0_name,l3_name,age,l5_name}",180%,"{l0_name,l3_name}","{""""}",{l5_name}
1587,"{""l0_name"": ""CAN"", ""l3_name"": ""OUTERWEAR""}","{""channel"": ""NA""}",29,"{l0_name,l3_name,age,l5_name}",80%,"{l0_name,l3_name}","{""""}",{l5_name}
1588,"{""l0_name"": ""CAN"", ""l3_name"": ""OUTERWEAR""}","{""channel"": ""NA""}",30,"{l0_name,l3_name,age,l5_name}",80%,"{l0_name,l3_name}","{""""}",{l5_name}