id,table_config_id,column_id,column_code,header_name,header_tooltip,display_order,is_visible,is_pinned,width,min_width,max_width,flex,is_sortable,is_filterable,filter_type,is_searchable,is_groupable,enable_row_group,enable_pivot,enable_value,formatter_type_id,formatter_options,cell_renderer,cell_renderer_params,cell_class,cell_style,is_editable,editor_type,editor_params,validation_rules,column_group_id,column_group_name,aggregate_function,value_getter,column_type,advance_search_enabled,checkbox_selection,header_checkbox_selection,suppress_menu,created_at,updated_at,data_type,cell_data_type,value_formatter,value_parser,value_setter,comparator,header_class,header_component,header_component_params,tooltip_field,tooltip_component,tooltip_component_params,auto_height,wrap_text,suppress_size_to_fit,suppress_auto_size,suppress_movable,lock_position,lock_pinned,lock_visible,row_drag,col_span_func,row_span_func,text_align,cell_text_align,group_config_id
96,5,product_id,product_id,Product Id,,0,true,,,100,,,true,true,,false,false,false,false,false,,"{}",,"{}",,"{}",false,,"{}","{}",,,,,,false,false,false,false,2026-03-05 04:05:41.425,2026-04-08 13:02:38.806,text,,,,,,,,"{}",,,"{}",false,false,false,false,false,,false,false,false,,,left,left,
97,5,product_name,product_name,Product name,,10,true,,,100,,,true,true,,false,false,false,false,false,,"{}",,"{}",,"{}",false,,"{}","{}",,,,,,false,false,false,false,2026-03-05 04:06:01.349,2026-04-08 13:02:38.806,text,,,,,,,,"{}",,,"{}",false,false,false,false,false,,false,false,false,,,left,left,
98,5,current_price,current_price,Price,,20,true,,,100,,,true,true,,false,false,false,false,false,,"{}",,"{}",,"{}",false,,"{}","{}",,,,,,false,false,false,false,2026-03-05 04:09:00.846,2026-04-08 13:02:34.459,number,,,,,,,,"{}",,,"{}",false,false,false,false,false,,false,false,false,,,left,left,
99,5,l0_cuq,brand,Brand,,50,true,,,100,,,true,true,,false,false,false,false,false,,"{}",,"{}",,"{}",false,,"{}","{}",,,,,,false,false,false,false,2026-03-05 04:09:44.975,2026-04-08 13:02:28.904,text,,,,,,,,"{}",,,"{}",false,false,false,false,false,,false,false,false,,,left,left,
100,5,l1_cuq,division,Division,,60,true,,,100,,,true,true,,false,false,false,false,false,,"{}",,"{}",,"{}",false,,"{}","{}",,,,,,false,false,false,false,2026-03-05 04:10:20.617,2026-04-08 13:02:28.904,text,,,,,,,,"{}",,,"{}",false,false,false,false,false,,false,false,false,,,left,left,
101,5,actual_units,actual_units,Actualized,,999,true,,,100,,,true,true,,false,false,false,false,false,,"{}",,"{}",,"{}",false,,"{}","{}",,,,,,false,false,false,false,2026-03-05 04:11:28.429,2026-03-05 04:11:28.429,text,,,,,,,,"{}",,,"{}",false,false,false,false,false,,false,false,false,,,left,left,19
102,5,finalized_units,finalized_units,Finalized,,999,true,,,100,,,true,true,,false,false,false,false,false,,"{}",,"{}",,"{}",false,,"{}","{}",,,,,,false,false,false,false,2026-03-05 04:12:04.213,2026-03-05 04:12:04.213,text,,,,,,,,"{}",,,"{}",false,false,false,false,false,,false,false,false,,,left,left,19
103,5,cost,cost,Cost,,30,true,,,100,,,true,true,,false,false,false,false,false,,"{}",,"{}",,"{}",false,,"{}","{}",,,,,,false,false,false,false,2026-03-05 06:31:58.587,2026-04-08 13:02:28.904,text,,,,,,,,"{}",,,"{}",false,false,false,false,false,,false,false,false,,,left,left,
104,5,total_inventory,total_inventory,Inventory,,40,true,,,100,,,true,true,,false,false,false,false,false,,"{}",,"{}",,"{}",false,,"{}","{}",,,,,,false,false,false,false,2026-03-05 06:32:21.767,2026-04-08 13:02:28.904,text,,,,,,,,"{}",,,"{}",false,false,false,false,false,,false,false,false,,,left,left,
105,5,l2_cuq,department,Department,,70,true,,,100,,,true,true,,false,false,false,false,false,,"{}",,"{}",,"{}",false,,"{}","{}",,,,,,false,false,false,false,2026-03-05 06:33:01.377,2026-04-08 13:02:28.904,text,,,,,,,,"{}",,,"{}",false,false,false,false,false,,false,false,false,,,left,left,
106,5,l3_cuq,class,Class,,80,true,,,100,,,true,true,,false,false,false,false,false,,"{}",,"{}",,"{}",false,,"{}","{}",,,,,,false,false,false,false,2026-03-05 06:33:24.167,2026-04-08 13:02:28.904,text,,,,,,,,"{}",,,"{}",false,false,false,false,false,,false,false,false,,,left,left,
107,5,baseline_units,baseline_units,Baseline,,999,true,,,100,,,true,true,,false,false,false,false,false,,"{}",,"{}",,"{}",false,,"{}","{}",,,,,,false,false,false,false,2026-03-05 06:33:54.895,2026-03-05 06:33:54.896,text,,,,,,,,"{}",,,"{}",false,false,false,false,false,,false,false,false,,,left,left,19
108,5,actualized_incremental_units,actualized_incremental_units,Actualized Incremental,,999,true,,,100,,,true,true,,false,false,false,false,false,,"{}",,"{}",,"{}",false,,"{}","{}",,,,,,false,false,false,false,2026-03-05 06:34:16.028,2026-03-05 06:34:16.028,text,,,,,,,,"{}",,,"{}",false,false,false,false,false,,false,false,false,,,left,left,19
109,5,finalized_incremental_units,finalized_incremental_units,Finalized Incremental,,999,true,,,100,,,true,true,,false,false,false,false,false,,"{}",,"{}",,"{}",false,,"{}","{}",,,,,,false,false,false,false,2026-03-05 06:34:36.219,2026-03-05 06:34:36.219,text,,,,,,,,"{}",,,"{}",false,false,false,false,false,,false,false,false,,,left,left,19
1067,92,checkbox,"","",,1,true,left,,100,60,,false,true,,false,false,false,false,false,,"{}",,"{}",,"{}",false,,"{}","{}",,,,,,false,true,true,true,2026-03-25 14:56:30.334,2026-03-25 16:55:48.525,text,,,,,,,,"{}",,,"{}",false,false,false,false,true,left,false,false,false,,,left,left,
1068,92,event_name,event_name,Events,,2,true,,150,100,250,,false,false,agTextColumnFilter,false,false,false,false,false,,"{}",,"{}",,"{}",false,,"{}","{}",,,,,,false,false,false,false,2026-03-25 14:56:33.553,2026-04-12 06:42:05.171,text,,replaceSpecialCharacter,,,,,,"{}",,,"{}",false,false,false,true,false,,false,false,false,,,right,left,125
1069,92,promo_name,promo_name,Promo Name,,3,true,,200,100,250,,false,true,agTextColumnFilter,false,false,false,false,false,,"{}",OfferNameCellRenderer,"{}",,"{}",false,,"{}","{}",,,,,,true,false,false,true,2026-03-25 14:56:37.007,2026-04-11 13:18:36.084,text,,replaceSpecialCharacter,,,,,,"{}",,,"{}",false,false,true,false,false,,false,false,false,,,left,left,125
1070,92,c0_names,c0_names,Customer Type,,4,false,,180,100,,,true,true,agTextColumnFilter,true,false,false,false,false,,"{}",,"{}",,"{}",false,,"{}","{}",,,,,,false,false,false,false,2026-03-25 14:56:42.405,2026-04-02 16:14:52.030,text,,,,,,,,"{}",,,"{}",false,false,false,false,false,,false,false,false,,,left,left,125
1071,92,c1_names,c1_names,Customer Segment,,5,false,,180,100,,,true,true,agTextColumnFilter,true,false,false,false,false,,"{}",,"{}",,"{}",false,,"{}","{}",,,,,,false,false,false,false,2026-03-25 14:56:45.597,2026-04-02 16:15:00.364,text,,,,,,,,"{}",,,"{}",false,false,false,false,false,,false,false,false,,,left,left,125
1072,92,c2_names,c2_names,Customer Tier,,6,false,,180,100,,,true,true,agTextColumnFilter,true,false,false,false,false,,"{}",,"{}",,"{}",false,,"{}","{}",,,,,,false,false,false,false,2026-03-25 14:56:51.216,2026-04-02 16:15:08.712,text,,,,,,,,"{}",,,"{}",false,false,false,false,false,,false,false,false,,,left,left,125
1073,92,start_date,start_date,Start Date,,7,true,,155,100,,,true,true,agTextColumnFilter,true,false,false,false,false,,"{}",,"{}",,"{}",false,,"{}","{}",,,,,,true,false,false,false,2026-03-25 14:56:54.485,2026-04-10 05:41:55.863,date,,yyyyMmDdFormatter,,,,,,"{}",,,"{}",false,false,false,false,false,,false,false,false,,,left,left,125
1074,92,end_date,end_date,End Date,,8,true,,150,100,,,true,true,agTextColumnFilter,true,false,false,false,false,,"{}",,"{}",,"{}",false,,"{}","{}",,,,,,true,false,false,false,2026-03-25 14:57:00.028,2026-04-10 05:42:05.578,date,,yyyyMmDdFormatter,,,,,,"{}",,,"{}",false,false,false,false,false,,false,false,false,,,left,left,125
1075,92,created_by,created_by,Created By,,9,true,,250,100,,,true,true,agTextColumnFilter,true,false,false,false,false,,"{}",,"{}",,"{}",false,,"{}","{}",,,,,,true,false,false,false,2026-03-25 14:57:03.179,2026-04-10 05:42:19.121,text,,replaceSpecialCharacter,,,,,,"{}",,,"{}",false,false,false,false,false,,false,false,false,,,center,left,125
1076,92,offer_comment,offer_comment,Comment,,10,true,,,100,,,true,false,agTextColumnFilter,true,false,false,false,false,,"{}",TableWithInputBoxOption,"{}",,"{}",false,,"{}","{}",,,,,,true,false,false,false,2026-03-25 14:57:06.914,2026-04-12 06:42:42.093,text,,,,,,,,"{}",,,"{}",false,false,false,false,false,,false,false,false,,,left,left,125
1077,92,status,status,Status,,11,true,,180,100,,,true,true,agTextColumnFilter,true,false,false,false,false,,"{}",OfferStatusCellRenderer,"{}",,"{}",false,,"{}","{}",,,,,,false,false,false,false,2026-03-25 14:57:10.185,2026-04-12 06:42:48.568,text,,replaceSpecialCharacter,,,,,,"{}",,,"{}",false,false,false,false,false,,false,false,false,,,left,left,125
1078,92,review_status,review_status,Review Status,,12,true,,180,100,,,true,true,agTextColumnFilter,false,false,false,false,false,,"{}",,"{}",,"{}",false,,"{}","{}",,,,,,true,false,false,false,2026-03-25 14:57:15.646,2026-04-12 06:42:57.140,text,,replaceSpecialCharacter,,,,,,"{}",,,"{}",false,false,false,false,false,,false,false,false,,,left,left,125
1079,92,actual_performance,actual_performance,Actual Performance,,13,true,,160,100,,,false,true,agTextColumnFilter,true,false,false,false,false,,"{}",cellsWithBadge,"{""color"": {""Good"": ""success"", ""Average"": ""warning"", ""Dilutive"": ""error""}}",,"{}",false,,"{}","{}",,,,,,true,false,false,false,2026-03-25 14:57:18.884,2026-04-12 06:45:21.546,text,,,,,,,,"{}",,,"{}",false,false,false,false,false,,false,false,false,,,left,left,125
1080,92,finalized_performance,finalized_performance,Finalized Performance,,14,true,,160,100,,,true,true,agTextColumnFilter,true,false,false,false,false,,"{}",cellsWithBadge,"{""color"": {""Good"": ""success"", ""Average"": ""warning"", ""Dilutive"": ""error""}}",,"{}",false,,"{}","{}",,,,,,true,false,false,false,2026-03-25 14:57:24.403,2026-03-25 14:57:24.403,text,,,,,,,,"{}",,,"{}",false,false,false,false,false,,false,false,false,,,left,left,125
1081,92,ia_recc_discount,ia_recc_discount,IA Recommended Discount,,15,true,,260,100,,,true,true,agTextColumnFilter,true,false,false,false,false,,"{}",,"{}",,"{}",false,,"{}","{}",,,,,,true,false,false,false,2026-03-25 14:57:27.682,2026-04-10 05:47:01.490,text,,replaceSpecialCharacter,,,,,,"{}",,,"{}",false,false,false,false,false,,false,false,false,,,left,left,126
1082,92,finalized_discount,finalized_discount,Finalized Discount,,16,true,,,100,,,true,true,agTextColumnFilter,true,false,false,false,false,,"{}",,"{}",,"{}",false,,"{}","{}",,,,,,true,false,false,false,2026-03-25 14:57:31.414,2026-04-10 05:47:09.357,text,,replaceSpecialCharacter,,,,,,"{}",,,"{}",false,false,false,false,false,,false,false,false,,,left,left,126
1083,92,products_count,products_count,Products,,17,true,,150,100,,,true,true,agNumberColumnFilter,true,false,false,false,false,,"{}",,"{}",,"{}",false,,"{}","{}",,,,,,true,false,false,false,2026-03-25 14:57:34.667,2026-03-25 14:57:34.667,number,,,,,,,,"{}",,,"{}",false,false,false,false,false,,false,false,false,,,left,left,127
1084,92,kvi_tagged_products_count,kvi_tagged_products_count,# of KVIs,,18,true,,150,100,,,true,true,agNumberColumnFilter,true,false,false,false,false,,"{}",,"{}",,"{}",false,,"{}","{}",,,,,,true,false,false,false,2026-03-25 14:57:38.493,2026-03-25 14:57:38.493,number,,,,,,,,"{}",,,"{}",false,false,false,false,false,,false,false,false,,,left,left,127
1085,92,stores_count,stores_count,Stores,,19,true,,150,100,,,true,true,agNumberColumnFilter,true,false,false,false,false,,"{}",,"{}",,"{}",false,,"{}","{}",,,,,,true,false,false,false,2026-03-25 14:57:41.709,2026-03-25 14:57:41.709,number,,,,,,,,"{}",,,"{}",false,false,false,false,false,,false,false,false,,,left,left,127
1086,92,avg_basket_size,avg_basket_size,Avg. cart Size,,20,true,,180,100,,,true,true,agNumberColumnFilter,true,false,false,false,false,,"{}",,"{}",,"{}",false,,"{}","{}",,,,,,true,false,false,false,2026-03-25 14:57:45.116,2026-04-09 17:44:05.115,number,,toUnitFormatted,,,,,,"{}",,,"{}",false,false,false,false,false,,false,false,false,,,left,left,128
1087,92,units_per_txn,units_per_txn,Units Per Txn,,21,true,,160,100,,,true,true,agNumberColumnFilter,true,false,false,false,false,,"{}",,"{}",,"{}",false,,"{}","{}",,,,,,true,false,false,false,2026-03-25 14:57:50.964,2026-04-09 17:44:17.838,number,,toUnit,,,,,,"{}",,,"{}",false,false,false,false,false,,false,false,false,,,left,left,128
1088,92,no_of_txn,no_of_txn,# of Txn,,22,true,,140,100,,,true,true,agNumberColumnFilter,true,false,false,false,false,,"{}",,"{}",,"{}",false,,"{}","{}",,,,,,true,false,false,false,2026-03-25 14:57:54.350,2026-04-10 05:51:09.237,number,,,,,,,,"{}",,,"{}",false,false,false,false,false,,false,false,false,,,left,left,128
1089,92,basket_finalized_revenue_per_style,finalized_revenue_per_style,Revenue per style,,23,true,,190,100,,,true,true,agNumberColumnFilter,true,false,false,false,false,,"{}",,"{}",,"{}",false,,"{}","{}",,,,,,false,false,false,false,2026-03-25 14:58:00.017,2026-04-10 05:52:02.518,number,,toCurrencyByCurrencyId,,,,,,"{}",,,"{}",false,false,false,false,false,,false,false,false,,,left,left,128
1090,92,actualized_promo_spend,actualized_promo_spend,Actualized,,24,true,,150,100,,,true,true,agNumberColumnFilter,true,false,false,false,false,,"{}",,"{}",,"{}",false,,"{}","{}",,,,,,true,false,false,false,2026-03-25 14:58:03.257,2026-04-10 05:53:42.518,number,,toCurrencyByCurrencyId,,,,,,"{}",,,"{}",false,false,false,false,false,,false,false,false,,,left,left,129
1091,92,finalized_stack_promo_spend,finalized_stack_promo_spend,Finalized,,25,false,,150,100,,,true,true,agNumberColumnFilter,true,false,false,false,false,,"{}",,"{}",,"{}",false,,"{}","{}",,,,,,true,false,false,false,2026-03-25 14:58:06.459,2026-04-10 05:54:02.499,number,,toCurrencyByCurrencyId,,,,,,"{}",,,"{}",false,false,false,false,false,,false,false,false,,,left,left,129
1092,92,finalized_promo_spend,finalized_promo_spend,Finalized,,26,true,,150,100,,,true,true,agNumberColumnFilter,true,false,false,false,false,,"{}",,"{}",,"{}",false,,"{}","{}",,,,,,true,false,false,false,2026-03-25 14:58:10.083,2026-04-10 05:53:52.219,number,,toCurrencyByCurrencyId,,,,,,"{}",,,"{}",false,false,false,false,false,,false,false,false,,,left,left,129
1093,92,original_promo_spend,original_promo_spend,Original,,27,false,,150,100,,,true,true,agNumberColumnFilter,true,false,false,false,false,,"{}",,"{}",,"{}",false,,"{}","{}",,,,,,true,false,false,false,2026-03-25 14:58:13.347,2026-04-10 05:54:12.024,number,,toCurrencyByCurrencyId,,,,,,"{}",,,"{}",false,false,false,false,false,,false,false,false,,,left,left,129
1094,92,actual_revenue_per_style,actual_revenue_per_style,Actualized,,28,true,,150,100,,,true,true,agNumberColumnFilter,true,false,false,false,false,,"{}",,"{}",,"{}",false,,"{}","{}",,,,,,true,false,false,false,2026-03-25 14:58:16.719,2026-04-10 05:54:45.772,number,,toCurrencyByCurrencyId,,,,,,"{}",,,"{}",false,false,false,false,false,,false,false,false,,,left,left,130
1095,92,finalized_revenue_per_style,finalized_revenue_per_style,Finalized,,29,true,,150,100,,,true,true,agNumberColumnFilter,true,false,false,false,false,,"{}",,"{}",,"{}",false,,"{}","{}",,,,,,true,false,false,false,2026-03-25 14:58:20.095,2026-04-10 05:54:56.363,number,,toCurrencyByCurrencyId,,,,,,"{}",,,"{}",false,false,false,false,false,,false,false,false,,,left,left,130
1096,92,finalized_stack_revenue_per_style,finalized_stack_revenue_per_style,Finalized,,30,false,,,100,,,true,true,agNumberColumnFilter,true,false,false,false,false,,"{}",,"{}",,"{}",false,,"{}","{}",,,,,,true,false,false,false,2026-03-25 14:58:23.548,2026-04-10 05:55:05.990,number,,toCurrencyByCurrencyId,,,,,,"{}",,,"{}",false,false,false,false,false,,false,false,false,,,left,left,130
1097,92,actualized_order_discount,actualized_order_discount,Actualized,,31,true,,,100,,,true,true,agNumberColumnFilter,true,false,false,false,false,,"{}",,"{}",,"{}",false,,"{}","{}",,,,,,true,false,false,false,2026-03-25 14:58:29.060,2026-04-10 05:55:43.782,number,,toCurrencyByCurrencyId,,,,,,"{}",,,"{}",false,false,false,false,false,,false,false,false,,,left,left,131
1098,92,finalized_order_discount,finalized_order_discount,Finalized,,32,true,,,100,,,true,true,agNumberColumnFilter,true,false,false,false,false,,"{}",,"{}",,"{}",false,,"{}","{}",,,,,,true,false,false,false,2026-03-25 14:58:32.435,2026-04-10 05:55:55.858,number,,toCurrencyByCurrencyId,,,,,,"{}",,,"{}",false,false,false,false,false,,false,false,false,,,left,left,131
1099,92,finalized_stack_order_discount,finalized_stack_order_discount,Finalized,,33,false,,,100,,,true,true,agNumberColumnFilter,true,false,false,false,false,,"{}",,"{}",,"{}",false,,"{}","{}",,,,,,true,false,false,false,2026-03-25 14:58:38.050,2026-04-10 05:56:06.837,number,,toCurrencyByCurrencyId,,,,,,"{}",,,"{}",false,false,false,false,false,,false,false,false,,,left,left,131
1100,92,original_order_discount,original_order_discount,Original,,34,false,,,100,,,true,true,agNumberColumnFilter,true,false,false,false,false,,"{}",,"{}",,"{}",false,,"{}","{}",,,,,,true,false,false,false,2026-03-25 14:58:41.385,2026-04-10 05:56:14.391,number,,toCurrencyByCurrencyId,,,,,,"{}",,,"{}",false,false,false,false,false,,false,false,false,,,left,left,131
1101,92,original_stack_order_discount,original_stack_order_discount,Original,,35,false,,,100,,,true,true,agNumberColumnFilter,true,false,false,false,false,,"{}",,"{}",,"{}",false,,"{}","{}",,,,,,true,false,false,false,2026-03-25 14:58:44.649,2026-04-10 05:56:23.319,number,,toCurrencyByCurrencyId,,,,,,"{}",,,"{}",false,false,false,false,false,,false,false,false,,,left,left,131
1102,92,actualized_sales_units,actualized_sales_units,Actualized Units,,36,true,,,100,,,true,true,agNumberColumnFilter,true,false,false,false,false,,"{}",,"{}",,"{}",false,,"{}","{}",,,,,,true,false,false,false,2026-03-25 14:58:48.048,2026-04-10 05:57:34.702,number,,toUnit,,,,,,"{}",,,"{}",false,false,false,false,false,,false,false,false,,,left,left,132
1103,92,finalized_sales_units,finalized_sales_units,IA projected (Finalized),,37,true,,230,100,,,true,true,agNumberColumnFilter,true,false,false,false,false,,"{}",,"{}",,"{}",false,,"{}","{}",,,,,,true,false,false,false,2026-03-25 14:58:53.669,2026-04-10 05:57:50.100,number,,toUnit,,,,,,"{}",,,"{}",false,false,false,false,false,,false,false,false,,,left,left,132
1104,92,finalized_stack_sales_units,finalized_stack_sales_units,IA projected (Finalized),,38,false,,,100,,,true,true,agNumberColumnFilter,true,false,false,false,false,,"{}",,"{}",,"{}",false,,"{}","{}",,,,,,true,false,false,false,2026-03-25 14:58:56.942,2026-04-10 05:57:58.616,number,,toUnit,,,,,,"{}",,,"{}",false,false,false,false,false,,false,false,false,,,left,left,132
1105,92,original_sales_units,original_sales_units,Original Units,,39,false,,,100,,,true,true,agNumberColumnFilter,true,false,false,false,false,,"{}",,"{}",,"{}",false,,"{}","{}",,,,,,true,false,false,false,2026-03-25 14:59:02.461,2026-04-10 05:58:07.480,number,,toUnit,,,,,,"{}",,,"{}",false,false,false,false,false,,false,false,false,,,left,left,132
1106,92,finalized_baseline_sales_units,finalized_baseline_sales_units,Baseline Contribution,,40,true,,220,100,,,true,true,agNumberColumnFilter,true,false,false,false,false,,"{}",,"{}",,"{}",false,,"{}","{}",,,,,,true,false,false,false,2026-03-25 14:59:05.924,2026-04-10 05:58:16.561,number,,toUnit,,,,,,"{}",,,"{}",false,false,false,false,false,,false,false,false,,,left,left,132
1107,92,finalized_stack_baseline_sales_units,finalized_stack_baseline_sales_units,Stacked Baseline,,41,false,,,100,,,true,true,agNumberColumnFilter,true,false,false,false,false,,"{}",,"{}",,"{}",false,,"{}","{}",,,,,,true,false,false,false,2026-03-25 14:59:09.410,2026-04-10 05:58:27.723,number,,toUnit,,,,,,"{}",,,"{}",false,false,false,false,false,,false,false,false,,,left,left,132
1108,92,actualized_incremental_sales_units,actualized_incremental_sales_units,Actualized Incremental,,42,true,,240,100,,,true,true,agNumberColumnFilter,true,false,false,false,false,,"{}",,"{}",,"{}",false,,"{}","{}",,,,,,true,false,false,false,2026-03-25 14:59:14.860,2026-04-10 05:58:36.375,number,,toUnit,,,,,,"{}",,,"{}",false,false,false,false,false,,false,false,false,,,left,left,132
1109,92,finalized_incremental_sales_units,finalized_incremental_sales_units,Finalized Incremental,,43,true,,,100,,,true,true,agNumberColumnFilter,true,false,false,false,false,,"{}",,"{}",,"{}",false,,"{}","{}",,,,,,true,false,false,false,2026-03-25 14:59:18.209,2026-04-10 05:59:05.808,number,,toUnit,,,,,,"{}",,,"{}",false,false,false,false,false,,false,false,false,,,left,left,132
1110,92,finalized_stack_incremental_sales_units,finalized_stack_incremental_sales_units,Finalized Incremental,,44,false,,,100,,,true,true,agNumberColumnFilter,true,false,false,false,false,,"{}",,"{}",,"{}",false,,"{}","{}",,,,,,true,false,false,false,2026-03-25 14:59:21.546,2026-04-10 05:59:15.281,number,,toUnit,,,,,,"{}",,,"{}",false,false,false,false,false,,false,false,false,,,left,left,132
1111,92,actualized_revenue,actualized_revenue,Actualized,,45,true,,,100,,,true,true,agNumberColumnFilter,true,false,false,false,false,,"{}",,"{}",,"{}",false,,"{}","{}",,,,,,true,false,false,false,2026-03-25 14:59:25.270,2026-04-10 06:00:10.642,number,,toCurrencyByCurrencyId,,,,,,"{}",,,"{}",false,false,false,false,false,,false,false,false,,,left,left,133
1112,92,finalized_revenue,finalized_revenue,IA projected (Finalized),,46,true,,230,100,,,true,true,agNumberColumnFilter,true,false,false,false,false,,"{}",,"{}",,"{}",false,,"{}","{}",,,,,,true,false,false,false,2026-03-25 14:59:28.437,2026-04-10 06:01:12.720,number,,toCurrencyByCurrencyId,,,,,,"{}",,,"{}",false,false,false,false,false,,false,false,false,,,left,left,133
1113,92,finalized_stack_revenue,finalized_stack_revenue,IA projected (Finalized),,47,false,,,100,,,true,true,agNumberColumnFilter,true,false,false,false,false,,"{}",,"{}",,"{}",false,,"{}","{}",,,,,,true,false,false,false,2026-03-25 14:59:31.850,2026-04-10 06:01:21.307,number,,toCurrencyByCurrencyId,,,,,,"{}",,,"{}",false,false,false,false,false,,false,false,false,,,left,left,133
1114,92,original_revenue,original_revenue,Original,,48,false,,,100,,,true,true,agNumberColumnFilter,true,false,false,false,false,,"{}",,"{}",,"{}",false,,"{}","{}",,,,,,true,false,false,false,2026-03-25 14:59:35.360,2026-04-10 06:01:30.196,number,,toCurrencyByCurrencyId,,,,,,"{}",,,"{}",false,false,false,false,false,,false,false,false,,,left,left,133
1115,92,finalized_baseline_revenue,finalized_baseline_revenue,Baseline Contribution,,49,true,,220,100,,,true,true,agNumberColumnFilter,true,false,false,false,false,,"{}",,"{}",,"{}",false,,"{}","{}",,,,,,true,false,false,false,2026-03-25 14:59:40.787,2026-04-10 06:01:41.757,number,,toCurrencyByCurrencyId,,,,,,"{}",,,"{}",false,false,false,false,false,,false,false,false,,,left,left,133
1116,92,finalized_stack_baseline_revenue,finalized_stack_baseline_revenue,Stacked Baseline,,50,false,,,100,,,true,true,agNumberColumnFilter,true,false,false,false,false,,"{}",,"{}",,"{}",false,,"{}","{}",,,,,,true,false,false,false,2026-03-25 14:59:44.105,2026-04-10 06:01:51.316,number,,toCurrencyByCurrencyId,,,,,,"{}",,,"{}",false,false,false,false,false,,false,false,false,,,left,left,133
1117,92,actualized_incremental_revenue,actualized_incremental_revenue,Actualized Incremental,,51,true,,240,100,,,true,true,agNumberColumnFilter,true,false,false,false,false,,"{}",,"{}",,"{}",false,,"{}","{}",,,,,,true,false,false,false,2026-03-25 14:59:47.643,2026-04-10 06:02:04.991,number,,toCurrencyByCurrencyId,,,,,,"{}",,,"{}",false,false,false,false,false,,false,false,false,,,left,left,133
1118,92,finalized_incremental_revenue,finalized_incremental_revenue,Finalized Incremental,,52,true,,,100,,,true,true,agNumberColumnFilter,true,false,false,false,false,,"{}",,"{}",,"{}",false,,"{}","{}",,,,,,true,false,false,false,2026-03-25 14:59:53.338,2026-04-10 06:02:13.971,number,,toCurrencyByCurrencyId,,,,,,"{}",,,"{}",false,false,false,false,false,,false,false,false,,,left,left,133
1119,92,finalized_stack_incremental_revenue,finalized_stack_incremental_revenue,Finalized Incremental,,53,false,,,100,,,true,true,agNumberColumnFilter,true,false,false,false,false,,"{}",,"{}",,"{}",false,,"{}","{}",,,,,,true,false,false,false,2026-03-25 14:59:56.540,2026-04-10 06:02:23.474,number,,toCurrencyByCurrencyId,,,,,,"{}",,,"{}",false,false,false,false,false,,false,false,false,,,left,left,133
1120,92,actualized_margin,actualized_margin,Actualized Margin,,54,true,,,100,,,true,true,agNumberColumnFilter,true,false,false,false,false,,"{}",,"{}",,"{}",false,,"{}","{}",,,,,,true,false,false,false,2026-03-25 15:16:45.376,2026-04-10 06:03:59.640,number,,toCurrencyByCurrencyId,,,,,,"{}",,,"{}",false,false,false,false,false,,false,false,false,,,left,left,134
1121,92,finalized_margin,finalized_margin,IA projected (Finalized),,55,true,,230,100,,,true,true,agNumberColumnFilter,true,false,false,false,false,,"{}",,"{}",,"{}",false,,"{}","{}",,,,,,true,false,false,false,2026-03-25 15:16:53.306,2026-04-10 06:04:09.838,number,,toCurrencyByCurrencyId,,,,,,"{}",,,"{}",false,false,false,false,false,,false,false,false,,,left,left,134
1122,92,finalized_stack_margin,finalized_stack_margin,IA projected (Finalized),,56,false,,,100,,,true,true,agNumberColumnFilter,true,false,false,false,false,,"{}",,"{}",,"{}",false,,"{}","{}",,,,,,true,false,false,false,2026-03-25 15:17:02.179,2026-04-10 06:04:18.336,number,,toCurrencyByCurrencyId,,,,,,"{}",,,"{}",false,false,false,false,false,,false,false,false,,,left,left,134
1123,92,finalized_baseline_margin,finalized_baseline_margin,Baseline Contribution,,57,true,,220,100,,,true,true,agNumberColumnFilter,true,false,false,false,false,,"{}",,"{}",,"{}",false,,"{}","{}",,,,,,true,false,false,false,2026-03-25 15:17:05.400,2026-04-10 06:04:28.208,number,,toCurrencyByCurrencyId,,,,,,"{}",,,"{}",false,false,false,false,false,,false,false,false,,,left,left,134
1124,92,finalized_stack_baseline_margin,finalized_stack_baseline_margin,Stacked Baseline,,58,false,,,100,,,true,true,agNumberColumnFilter,true,false,false,false,false,,"{}",,"{}",,"{}",false,,"{}","{}",,,,,,true,false,false,false,2026-03-25 15:17:08.811,2026-04-10 06:04:37.797,number,,toCurrencyByCurrencyId,,,,,,"{}",,,"{}",false,false,false,false,false,,false,false,false,,,left,left,134
1125,92,actualized_incremental_margin,actualized_incremental_margin,Actualized Incremental,,59,true,,240,100,,,true,true,agNumberColumnFilter,true,false,false,false,false,,"{}",,"{}",,"{}",false,,"{}","{}",,,,,,true,false,false,false,2026-03-25 15:17:12.060,2026-04-10 06:04:47.069,number,,toCurrencyByCurrencyId,,,,,,"{}",,,"{}",false,false,false,false,false,,false,false,false,,,left,left,134
1126,92,finalized_incremental_margin,finalized_incremental_margin,Finalized Incremental,,60,true,,,100,,,true,true,agNumberColumnFilter,true,false,false,false,false,,"{}",,"{}",,"{}",false,,"{}","{}",,,,,,true,false,false,false,2026-03-25 15:17:15.233,2026-04-10 06:04:56.586,number,,toCurrencyByCurrencyId,,,,,,"{}",,,"{}",false,false,false,false,false,,false,false,false,,,left,left,134
1127,92,finalized_stack_incremental_margin,finalized_stack_incremental_margin,Finalized Incremental,,61,false,,,100,,,true,true,agNumberColumnFilter,true,false,false,false,false,,"{}",,"{}",,"{}",false,,"{}","{}",,,,,,true,false,false,false,2026-03-25 15:17:18.511,2026-04-10 06:05:05.956,number,,toCurrencyByCurrencyId,,,,,,"{}",,,"{}",false,false,false,false,false,,false,false,false,,,left,left,134
1128,92,original_margin,original_margin,Original Margin,,62,false,,,100,,,true,true,agNumberColumnFilter,true,false,false,false,false,,"{}",,"{}",,"{}",false,,"{}","{}",,,,,,false,false,false,false,2026-03-25 15:17:24.447,2026-04-10 06:05:15.153,number,,toCurrencyByCurrencyId,,,,,,"{}",,,"{}",false,false,false,false,false,,false,false,false,,,left,left,134
1129,92,original_stack_margin,original_stack_margin,Original Margin,,63,false,,,100,,,true,true,agNumberColumnFilter,true,false,false,false,false,,"{}",,"{}",,"{}",false,,"{}","{}",,,,,,false,false,false,false,2026-03-25 15:17:27.638,2026-04-10 06:05:24.092,number,,toCurrencyByCurrencyId,,,,,,"{}",,,"{}",false,false,false,false,false,,false,false,false,,,left,left,134
1130,92,actualized_margin_percent,actualized_margin_percent,Actualized,,64,true,,150,100,,,true,true,agNumberColumnFilter,true,false,false,false,false,,"{}",,"{}",,"{}",false,,"{}","{}",,,,,,true,false,false,false,2026-03-25 15:17:34.287,2026-04-10 06:06:19.060,number,,toPercWithOneDecimal,,,,,,"{}",,,"{}",false,false,false,false,false,,false,false,false,,,left,left,135
1131,92,finalized_margin_percent,finalized_margin_percent,Finalized,,65,true,,150,100,,,true,true,agNumberColumnFilter,true,false,false,false,false,,"{}",,"{}",,"{}",false,,"{}","{}",,,,,,true,false,false,false,2026-03-25 15:17:37.466,2026-04-10 06:06:27.873,number,,toPercWithOneDecimal,,,,,,"{}",,,"{}",false,false,false,false,false,,false,false,false,,,left,left,135
1132,92,finalized_stack_margin_percent,finalized_stack_margin_percent,Finalized,,66,false,,,100,,,true,true,agNumberColumnFilter,true,false,false,false,false,,"{}",,"{}",,"{}",false,,"{}","{}",,,,,,true,false,false,false,2026-03-25 15:17:41.064,2026-04-10 06:06:37.809,number,,toPercWithOneDecimal,,,,,,"{}",,,"{}",false,false,false,false,false,,false,false,false,,,left,left,135
1133,92,finalized_baseline_margin_percent,finalized_baseline_margin_percent,Baseline Contribution,,67,true,,220,100,,,true,true,agNumberColumnFilter,true,false,false,false,false,,"{}",,"{}",,"{}",false,,"{}","{}",,,,,,true,false,false,false,2026-03-25 15:17:44.300,2026-04-10 06:06:47.433,number,,toPercWithOneDecimal,,,,,,"{}",,,"{}",false,false,false,false,false,,false,false,false,,,left,left,135
1134,92,finalized_stack_baseline_margin_percent,finalized_stack_baseline_margin_percent,Stacked Baseline,,68,false,,,100,,,true,true,agNumberColumnFilter,true,false,false,false,false,,"{}",,"{}",,"{}",false,,"{}","{}",,,,,,true,false,false,false,2026-03-25 15:17:50.110,2026-04-10 06:06:58.188,number,,toPercWithOneDecimal,,,,,,"{}",,,"{}",false,false,false,false,false,,false,false,false,,,left,left,135
1135,92,actualized_incremental_margin_percent,actualized_incremental_margin_percent,Actualized Incremental,,69,true,,240,100,,,true,true,agNumberColumnFilter,true,false,false,false,false,,"{}",,"{}",,"{}",false,,"{}","{}",,,,,,true,false,false,false,2026-03-25 15:17:53.439,2026-04-06 18:11:08.696,number,,toPercWithOneDecimal,,,,,,"{}",,,"{}",false,false,false,false,false,,false,false,false,,,left,left,135
1136,92,finalized_incremental_margin_percent,finalized_incremental_margin_percent,Finalized Incremental,,70,true,,,100,,,true,true,agNumberColumnFilter,true,false,false,false,false,,"{}",,"{}",,"{}",false,,"{}","{}",,,,,,true,false,false,false,2026-03-25 15:17:57.223,2026-04-06 18:11:19.576,number,,toPercWithOneDecimal,,,,,,"{}",,,"{}",false,false,false,false,false,,false,false,false,,,left,left,135
1137,92,finalized_stack_incremental_margin_percent,finalized_stack_incremental_margin_percent,Finalized Incremental,,71,false,,,100,,,true,true,agNumberColumnFilter,true,false,false,false,false,,"{}",,"{}",,"{}",false,,"{}","{}",,,,,,true,false,false,false,2026-03-25 15:18:00.501,2026-04-10 06:07:19.467,number,,toPercWithOneDecimal,,,,,,"{}",,,"{}",false,false,false,false,false,,false,false,false,,,left,left,135
1138,92,original_margin_percent,original_margin_percent,Original,,72,false,,150,100,,,true,true,agNumberColumnFilter,true,false,false,false,false,,"{}",,"{}",,"{}",false,,"{}","{}",,,,,,true,false,false,false,2026-03-25 15:18:05.994,2026-04-10 06:07:28.441,number,,toPercWithOneDecimal,,,,,,"{}",,,"{}",false,false,false,false,false,,false,false,false,,,left,left,135
1139,92,original_incremental_margin_percent,original_incremental_margin_percent,Original Incremental,,73,false,,150,100,,,true,true,agNumberColumnFilter,true,false,false,false,false,,"{}",,"{}",,"{}",false,,"{}","{}",,,,,,true,false,false,false,2026-03-25 15:18:09.252,2026-04-10 06:07:36.929,number,,toPercWithOneDecimal,,,,,,"{}",,,"{}",false,false,false,false,false,,false,false,false,,,left,left,135
1140,92,actualized_contribution_margin,actualized_contribution_margin,Actualized,,74,true,,150,100,,,true,true,agTextColumnFilter,true,false,false,false,false,,"{}",,"{}",,"{}",false,,"{}","{}",,,,,,false,false,false,false,2026-03-25 15:18:14.970,2026-04-10 06:08:15.323,number,,toCurrencyByCurrencyId,,,,,,"{}",,,"{}",false,false,false,false,false,,false,false,false,,,left,left,136
1141,92,finalized_contribution_margin,finalized_contribution_margin,Finalized,,75,true,,150,100,,,true,true,agTextColumnFilter,true,false,false,false,false,,"{}",,"{}",,"{}",false,,"{}","{}",,,,,,false,false,false,false,2026-03-25 15:18:18.229,2026-04-10 06:08:30.247,number,,toCurrencyByCurrencyId,,,,,,"{}",,,"{}",false,false,false,false,false,,false,false,false,,,left,left,136
1142,92,finalized_stack_contribution_margin,finalized_stack_contribution_margin,Finalized,,76,false,,,100,,,true,true,agTextColumnFilter,true,false,false,false,false,,"{}",,"{}",,"{}",false,,"{}","{}",,,,,,false,false,false,false,2026-03-25 15:18:24.053,2026-04-10 06:08:40.454,number,,toCurrencyByCurrencyId,,,,,,"{}",,,"{}",false,false,false,false,false,,false,false,false,,,left,left,136
1143,92,original_contribution_margin,original_contribution_margin,Original,,77,false,,150,100,,,true,true,agTextColumnFilter,true,false,false,false,false,,"{}",,"{}",,"{}",false,,"{}","{}",,,,,,false,false,false,false,2026-03-25 15:18:27.334,2026-04-10 06:08:49.404,number,,toCurrencyByCurrencyId,,,,,,"{}",,,"{}",false,false,false,false,false,,false,false,false,,,left,left,136
1144,92,baseline_contribution_margin,baseline_contribution_margin,Baseline,,78,true,,150,100,,,true,true,agTextColumnFilter,true,false,false,false,false,,"{}",,"{}",,"{}",false,,"{}","{}",,,,,,false,false,false,false,2026-03-25 15:18:31.283,2026-04-10 06:08:59.632,number,,toCurrencyByCurrencyId,,,,,,"{}",,,"{}",false,false,false,false,false,,false,false,false,,,left,left,136
1145,92,actualized_incremental_contribution_margin,actualized_incremental_contribution_margin,Actualized Incremental,,79,true,,150,100,,,true,true,agTextColumnFilter,true,false,false,false,false,,"{}",,"{}",,"{}",false,,"{}","{}",,,,,,false,false,false,false,2026-03-25 15:18:34.600,2026-04-10 06:09:08.054,number,,toCurrencyByCurrencyId,,,,,,"{}",,,"{}",false,false,false,false,false,,false,false,false,,,left,left,136
1146,92,finalized_incremental_contribution_margin,finalized_incremental_contribution_margin,Finalized Incremental,,80,true,,150,100,,,true,true,agTextColumnFilter,true,false,false,false,false,,"{}",,"{}",,"{}",false,,"{}","{}",,,,,,false,false,false,false,2026-03-25 15:18:40.161,2026-04-10 06:09:16.808,number,,toCurrencyByCurrencyId,,,,,,"{}",,,"{}",false,false,false,false,false,,false,false,false,,,left,left,136
1147,92,actualized_contribution_margin_percent,actualized_contribution_margin_percent,Actualized,,81,true,,150,100,,,true,true,agTextColumnFilter,true,false,false,false,false,,"{}",,"{}",,"{}",false,,"{}","{}",,,,,,false,false,false,false,2026-03-25 15:18:43.338,2026-04-10 06:09:47.330,number,,toPercWithOneDecimal,,,,,,"{}",,,"{}",false,false,false,false,false,,false,false,false,,,left,left,137
1148,92,finalized_contribution_margin_percent,finalized_contribution_margin_percent,Finalized,,82,true,,150,100,,,true,true,agTextColumnFilter,true,false,false,false,false,,"{}",,"{}",,"{}",false,,"{}","{}",,,,,,false,false,false,false,2026-03-25 15:18:48.782,2026-04-09 17:42:52.475,number,,toPercWithOneDecimal,,,,,,"{}",,,"{}",false,false,false,false,false,,false,false,false,,,left,left,137
1149,92,finalized_stack_contribution_margin_percent,finalized_stack_contribution_margin_percent,Finalized,,83,false,,,100,,,true,true,agTextColumnFilter,true,false,false,false,false,,"{}",,"{}",,"{}",false,,"{}","{}",,,,,,false,false,false,false,2026-03-25 15:18:52.044,2026-04-10 06:10:04.363,number,,toPercWithOneDecimal,,,,,,"{}",,,"{}",false,false,false,false,false,,false,false,false,,,left,left,137
1150,92,original_contribution_margin_percent,original_contribution_margin_percent,Original,,84,false,,150,100,,,true,true,agTextColumnFilter,true,false,false,false,false,,"{}",,"{}",,"{}",false,,"{}","{}",,,,,,false,false,false,false,2026-03-25 15:18:57.367,2026-04-10 06:10:13.590,number,,toPercWithOneDecimal,,,,,,"{}",,,"{}",false,false,false,false,false,,false,false,false,,,left,left,137
1151,92,baseline_contribution_margin_percent,baseline_contribution_margin_percent,Baseline,,85,true,,150,100,,,true,true,agTextColumnFilter,true,false,false,false,false,,"{}",,"{}",,"{}",false,,"{}","{}",,,,,,false,false,false,false,2026-03-25 15:19:00.559,2026-04-10 06:10:23.457,number,,toPercWithOneDecimal,,,,,,"{}",,,"{}",false,false,false,false,false,,false,false,false,,,left,left,137
1152,92,actualized_incremental_contribution_margin_percent,actualized_incremental_contribution_margin_percent,Actualized Incremental,,86,true,,150,100,,,true,true,agTextColumnFilter,true,false,false,false,false,,"{}",,"{}",,"{}",false,,"{}","{}",,,,,,false,false,false,false,2026-03-25 15:19:03.747,2026-04-10 06:10:31.442,number,,toPercWithOneDecimal,,,,,,"{}",,,"{}",false,false,false,false,false,,false,false,false,,,left,left,137
1153,92,finalized_incremental_contribution_margin_percent,finalized_incremental_contribution_margin_percent,Finalized Incremental,,87,true,,150,100,,,true,true,agTextColumnFilter,true,false,false,false,false,,"{}",,"{}",,"{}",false,,"{}","{}",,,,,,false,false,false,false,2026-03-25 15:19:09.313,2026-04-10 06:10:40.009,number,,toPercWithOneDecimal,,,,,,"{}",,,"{}",false,false,false,false,false,,false,false,false,,,left,left,137
1154,89,checkbox,"","",,1,true,left,,60,60,,false,false,,false,false,false,false,false,,"{}",,"{}",,"{}",false,,"{}","{}",,,,,,false,true,true,true,2026-03-26 06:05:34.433,2026-03-26 06:21:25.154,text,,,,,,,,"{}",,,"{}",false,false,false,false,false,,false,false,false,,,left,left,
1155,89,promo_name,promo_name,Offer Name,,2,true,,360,100,,,true,true,agTextColumnFilter,true,false,false,false,false,,"{}",OfferNameCellRenderer,"{""defaultFlag"": false, ""enableInput"": {""screen"": ""workbench"", ""enableKey"": ""enableWorkbenchInlineEdit"", ""uniqueKey"": ""promo_id"", ""storeDataKey"": ""workbenchSelectedOffers"", ""editedDataKey"": ""editedWorkbenchSelectedRowData""}}",,"{}",false,,"{}","{}",offer_details,,,,,true,false,false,false,2026-03-26 06:05:37.756,2026-03-26 06:46:00.550,text,,,,,,,,"{}",,,"{}",false,false,false,false,false,,false,false,false,,,left,left,138
1156,89,event_name,event_name,Event Name,,3,true,,,100,,,true,true,agTextColumnFilter,true,false,false,false,false,,"{}",,"{}",,"{}",false,,"{}","{}",offer_details,,,,,false,false,false,false,2026-03-26 06:05:41.006,2026-03-26 06:46:00.550,text,,,,,,,,"{}",,,"{}",false,false,false,false,false,,false,false,false,,,left,left,138
1157,89,start_date,start_date,Start Date,,4,true,,150,100,,,true,true,agTextColumnFilter,true,false,false,false,false,,"{}",,"{}",,"{}",false,,"{}","{}",offer_details,,,,,true,false,false,false,2026-03-26 06:05:44.268,2026-03-26 06:46:00.550,date,,,,,,,,"{}",,,"{}",false,false,false,false,false,,false,false,false,,,left,left,138
1158,89,end_date,end_date,End Date,,5,true,,150,100,,,true,true,agTextColumnFilter,true,false,false,false,false,,"{}",,"{}",,"{}",false,,"{}","{}",offer_details,,,,,true,false,false,false,2026-03-26 06:05:47.474,2026-03-26 06:46:00.550,date,,,,,,,,"{}",,,"{}",false,false,false,false,false,,false,false,false,,,left,left,138
1159,89,created_by,created_by,Created By,,6,true,,150,100,,,true,true,agTextColumnFilter,true,false,false,false,false,,"{}",,"{}",,"{}",false,,"{}","{}",offer_details,,,,,true,false,false,false,2026-03-26 06:05:50.752,2026-03-26 06:46:00.550,text,,,,,,,,"{}",,,"{}",false,false,false,false,false,,false,false,false,,,left,left,138
1160,89,status,status,Offer Status,,7,true,,180,100,,,true,true,agTextColumnFilter,true,false,false,false,false,,"{}",OfferStatusCellRenderer,"{}",,"{}",false,,"{}","{}",offer_details,,,,,true,false,false,false,2026-03-26 06:05:53.956,2026-03-26 06:46:00.550,text,,,,,,,,"{}",,,"{}",false,false,false,false,false,,false,false,false,,,left,left,138
1161,89,review_status,review_status,Review Status,,8,true,,180,100,,,true,true,agTextColumnFilter,true,false,false,false,false,,"{}",,"{}",,"{}",false,,"{}","{}",offer_details,,,,,true,false,false,false,2026-03-26 06:05:57.179,2026-03-26 06:46:00.550,text,,,,,,,,"{}",,,"{}",false,false,false,false,false,,false,false,false,,,left,left,138
1162,89,offer_comment,offer_comment,Comments,,9,true,,,100,,,true,true,agTextColumnFilter,true,false,false,false,false,,"{}",TableWithInputBoxOption,"{""defaultFlag"": false, ""enableInput"": {""screen"": ""workbench"", ""enableKey"": ""enableWorkbenchInlineEdit"", ""uniqueKey"": ""promo_id"", ""storeDataKey"": ""workbenchSelectedOffers"", ""editedDataKey"": ""editedWorkbenchSelectedRowData""}}",,"{}",false,,"{}","{}",offer_details,,,,,true,false,false,false,2026-03-26 06:06:00.399,2026-03-26 06:46:00.550,text,,,,,,,,"{}",,,"{}",false,false,false,false,false,,false,false,false,,,left,left,138
1163,89,performance,performance,Performance,,10,true,,160,100,,,true,true,agTextColumnFilter,true,false,false,false,false,,"{}",cellsWithBadge,"{""color"": {""Good"": ""success"", ""Average"": ""warning"", ""Dilutive"": ""error""}}",,"{}",false,,"{}","{}",offer_details,,,,,true,false,false,false,2026-03-26 06:06:03.596,2026-03-26 06:46:00.550,text,,,,,,,,"{}",,,"{}",false,false,false,false,false,,false,false,false,,,left,left,138
1164,89,products_count,products_count,Products,,11,true,,,150,,,true,true,agNumberColumnFilter,true,false,false,false,false,,"{}",,"{}",,"{}",false,,"{}","{}",product_store_details,,,,,true,false,false,false,2026-03-26 06:06:06.856,2026-03-26 06:46:00.550,number,,,,,,,,"{}",,,"{}",false,false,false,false,false,,false,false,false,,,left,left,139
1165,89,kvi_tagged_products_count,kvi_tagged_products_count,# of KVIs,,12,true,,150,100,,,true,true,agNumberColumnFilter,true,false,false,false,false,,"{}",,"{}",,"{}",false,,"{}","{}",product_store_details,,,,,true,false,false,false,2026-03-26 06:06:10.075,2026-03-26 06:46:00.550,number,,,,,,,,"{}",,,"{}",false,false,false,false,false,,false,false,false,,,left,left,139
1166,89,stores_count,stores_count,Stores,,13,true,,,150,,,true,true,agTextColumnFilter,true,false,false,false,false,,"{}",,"{}",,"{}",false,,"{}","{}",product_store_details,,,,,true,false,false,false,2026-03-26 06:06:13.280,2026-03-26 06:46:00.550,number,,,,,,,,"{}",,,"{}",false,false,false,false,false,,false,false,false,,,left,left,139
1167,89,actualized_promo_spend,actualized_promo_spend,Actualized,,14,true,,140,100,,,true,true,agNumberColumnFilter,true,false,false,false,false,2,"{}",,"{}",,"{}",false,,"{}","{}",promo_spend,,,,,true,false,false,false,2026-03-26 06:06:16.533,2026-03-26 06:46:00.550,number,,,,,,,,"{}",,,"{}",false,false,false,false,false,,false,false,false,,,left,left,140
1168,89,finalized_promo_spend,finalized_promo_spend,Finalised,,15,true,,140,100,,,true,true,agNumberColumnFilter,true,false,false,false,false,2,"{}",,"{}",,"{}",false,,"{}","{}",promo_spend,,,,,true,false,false,false,2026-03-26 06:06:19.814,2026-03-26 06:46:00.550,number,,,,,,,,"{}",,,"{}",false,false,false,false,false,,false,false,false,,,left,left,140
1169,89,finalized_stack_promo_spend,finalized_stack_promo_spend,Finalized,,16,false,,140,100,,,true,true,agNumberColumnFilter,true,false,false,false,false,2,"{}",,"{}",,"{}",false,,"{}","{}",promo_spend,,,,,true,false,false,false,2026-03-26 06:06:23.067,2026-03-26 06:46:00.550,number,,,,,,,,"{}",,,"{}",false,false,false,false,false,,false,false,false,,,left,left,140
1170,89,finalized_sales_units,finalized_sales_units,Finalized Sales Units,,17,true,,,100,,,true,true,agNumberColumnFilter,true,false,false,false,false,1,"{}",,"{}",,"{}",false,,"{}","{}",sales_units,,,,,true,false,false,false,2026-03-26 06:06:26.309,2026-03-26 06:46:00.550,number,,,,,,,,"{}",,,"{}",false,false,false,false,false,,false,false,false,,,left,left,141
1171,89,finalized_stack_sales_units,finalized_stack_sales_units,Finalized Sales Units,,18,false,,,100,,,true,true,agNumberColumnFilter,true,false,false,false,false,1,"{}",,"{}",,"{}",false,,"{}","{}",sales_units,,,,,true,false,false,false,2026-03-26 06:06:29.544,2026-03-26 06:46:00.550,number,,,,,,,,"{}",,,"{}",false,false,false,false,false,,false,false,false,,,left,left,141
1172,89,original_sales_units,original_sales_units,Original Sales Units,,19,false,,,100,,,true,true,agNumberColumnFilter,true,false,false,false,false,1,"{}",,"{}",,"{}",false,,"{}","{}",sales_units,,,,,true,false,false,false,2026-03-26 06:06:32.749,2026-03-26 06:46:00.550,number,,,,,,,,"{}",,,"{}",false,false,false,false,false,,false,false,false,,,left,left,141
1173,89,original_stack_sales_units,original_stack_sales_units,Original Sales Units,,20,false,,,100,,,true,true,agNumberColumnFilter,true,false,false,false,false,1,"{}",,"{}",,"{}",false,,"{}","{}",sales_units,,,,,true,false,false,false,2026-03-26 06:06:35.975,2026-03-26 06:46:00.550,number,,,,,,,,"{}",,,"{}",false,false,false,false,false,,false,false,false,,,left,left,141
1174,89,finalized_baseline_sales_units,finalized_baseline_sales_units,Baseline Sales Units,,21,true,,,100,,,true,true,agNumberColumnFilter,true,false,false,false,false,1,"{}",,"{}",,"{}",false,,"{}","{}",sales_units,,,,,true,false,false,false,2026-03-26 06:06:39.178,2026-03-26 06:46:00.550,number,,,,,,,,"{}",,,"{}",false,false,false,false,false,,false,false,false,,,left,left,141
1175,89,finalized_stack_baseline_sales_units,finalized_stack_baseline_sales_units,Baseline Sales Units,,22,false,,,100,,,true,true,agNumberColumnFilter,true,false,false,false,false,1,"{}",,"{}",,"{}",false,,"{}","{}",sales_units,,,,,true,false,false,false,2026-03-26 06:06:42.470,2026-03-26 06:46:00.550,number,,,,,,,,"{}",,,"{}",false,false,false,false,false,,false,false,false,,,left,left,141
1176,89,target_sales_units,target_sales_units,Target Sales Units,,23,true,,,100,,,true,true,agNumberColumnFilter,true,false,false,false,false,1,"{}",,"{}",,"{}",false,,"{}","{}",sales_units,,,,,true,false,false,false,2026-03-26 06:06:45.719,2026-03-26 06:46:00.550,number,,,,,,,,"{}",,,"{}",false,false,false,false,false,,false,false,false,,,left,left,141
1177,89,finalized_revenue,finalized_revenue,Finalized Revenue,,24,true,,,100,,,true,true,agNumberColumnFilter,true,false,false,false,false,2,"{}",,"{}",,"{}",false,,"{}","{}",revenue,,,,,true,false,false,false,2026-03-26 06:06:48.955,2026-03-26 06:46:00.550,number,,,,,,,,"{}",,,"{}",false,false,false,false,false,,false,false,false,,,left,left,142
1178,89,finalized_stack_revenue,finalized_stack_revenue,Finalized Revenue,,25,false,,,100,,,true,true,agNumberColumnFilter,true,false,false,false,false,2,"{}",,"{}",,"{}",false,,"{}","{}",revenue,,,,,true,false,false,false,2026-03-26 06:06:52.167,2026-03-26 06:46:00.550,number,,,,,,,,"{}",,,"{}",false,false,false,false,false,,false,false,false,,,left,left,142
1179,89,original_revenue,original_revenue,Original Revenue,,26,false,,,100,,,true,true,agNumberColumnFilter,true,false,false,false,false,2,"{}",,"{}",,"{}",false,,"{}","{}",revenue,,,,,true,false,false,false,2026-03-26 06:06:55.370,2026-03-26 06:46:00.550,number,,,,,,,,"{}",,,"{}",false,false,false,false,false,,false,false,false,,,left,left,142
1180,89,original_stack_revenue,original_stack_revenue,Original Revenue,,27,false,,,100,,,true,true,agNumberColumnFilter,true,false,false,false,false,2,"{}",,"{}",,"{}",false,,"{}","{}",revenue,,,,,true,false,false,false,2026-03-26 06:06:58.592,2026-03-26 06:46:00.550,number,,,,,,,,"{}",,,"{}",false,false,false,false,false,,false,false,false,,,left,left,142
1181,89,finalized_baseline_revenue,finalized_baseline_revenue,Baseline Revenue,,28,true,,,100,,,true,true,agNumberColumnFilter,true,false,false,false,false,2,"{}",,"{}",,"{}",false,,"{}","{}",revenue,,,,,true,false,false,false,2026-03-26 06:07:01.874,2026-03-26 06:46:00.550,number,,,,,,,,"{}",,,"{}",false,false,false,false,false,,false,false,false,,,left,left,142
1182,89,finalized_stack_baseline_revenue,finalized_stack_baseline_revenue,Baseline Revenue,,29,false,,,100,,,true,true,agNumberColumnFilter,true,false,false,false,false,2,"{}",,"{}",,"{}",false,,"{}","{}",revenue,,,,,true,false,false,false,2026-03-26 06:07:05.066,2026-03-26 06:46:00.550,number,,,,,,,,"{}",,,"{}",false,false,false,false,false,,false,false,false,,,left,left,142
1183,89,target_revenue,target_revenue,Target Revenue,,30,true,,,100,,,true,true,agNumberColumnFilter,true,false,false,false,false,2,"{}",,"{}",,"{}",false,,"{}","{}",revenue,,,,,true,false,false,false,2026-03-26 06:07:08.270,2026-03-26 06:46:00.550,number,,,,,,,,"{}",,,"{}",false,false,false,false,false,,false,false,false,,,left,left,142
1184,89,finalized_margin,finalized_margin,Finalized Margin,,31,true,,,100,,,true,true,agNumberColumnFilter,true,false,false,false,false,2,"{}",,"{}",,"{}",false,,"{}","{}",margin,,,,,true,false,false,false,2026-03-26 06:07:11.470,2026-03-26 06:46:00.550,number,,,,,,,,"{}",,,"{}",false,false,false,false,false,,false,false,false,,,left,left,143
1185,89,finalized_stack_margin,finalized_stack_margin,Finalized Margin,,32,false,,,100,,,true,true,agNumberColumnFilter,true,false,false,false,false,2,"{}",,"{}",,"{}",false,,"{}","{}",margin,,,,,true,false,false,false,2026-03-26 06:07:14.680,2026-03-26 06:46:00.550,number,,,,,,,,"{}",,,"{}",false,false,false,false,false,,false,false,false,,,left,left,143
1186,89,original_margin,original_margin,Original Margin,,33,false,,,100,,,true,true,agNumberColumnFilter,true,false,false,false,false,2,"{}",,"{}",,"{}",false,,"{}","{}",margin,,,,,true,false,false,false,2026-03-26 06:07:18.010,2026-03-26 06:46:00.550,number,,,,,,,,"{}",,,"{}",false,false,false,false,false,,false,false,false,,,left,left,143
1187,89,original_stack_margin,original_stack_margin,Original Margin,,34,false,,,100,,,true,true,agNumberColumnFilter,true,false,false,false,false,2,"{}",,"{}",,"{}",false,,"{}","{}",margin,,,,,true,false,false,false,2026-03-26 06:07:21.346,2026-03-26 06:46:00.550,number,,,,,,,,"{}",,,"{}",false,false,false,false,false,,false,false,false,,,left,left,143
1188,89,finalized_baseline_margin,finalized_baseline_margin,Baseline Margin,,35,true,,,100,,,true,true,agNumberColumnFilter,true,false,false,false,false,2,"{}",,"{}",,"{}",false,,"{}","{}",margin,,,,,true,false,false,false,2026-03-26 06:07:24.721,2026-03-26 06:46:00.550,number,,,,,,,,"{}",,,"{}",false,false,false,false,false,,false,false,false,,,left,left,143
1189,89,finalized_stack_baseline_margin,finalized_stack_baseline_margin,Baseline Margin,,36,false,,,100,,,true,true,agNumberColumnFilter,true,false,false,false,false,2,"{}",,"{}",,"{}",false,,"{}","{}",margin,,,,,true,false,false,false,2026-03-26 06:07:28.019,2026-03-26 06:46:00.550,number,,,,,,,,"{}",,,"{}",false,false,false,false,false,,false,false,false,,,left,left,143
1190,89,target_margin,target_margin,Target Margin,,37,true,,,100,,,true,true,agNumberColumnFilter,true,false,false,false,false,2,"{}",,"{}",,"{}",false,,"{}","{}",margin,,,,,true,false,false,false,2026-03-26 06:07:31.258,2026-03-26 06:46:00.550,number,,,,,,,,"{}",,,"{}",false,false,false,false,false,,false,false,false,,,left,left,143
1191,89,finalized_margin_percent,finalized_margin_percent,Finalized GM %,,38,true,,176,100,,,true,true,agNumberColumnFilter,true,false,false,false,false,3,"{}",,"{}",,"{}",false,,"{}","{}",gm_percent,,,,,true,false,false,false,2026-03-26 06:07:34.481,2026-03-26 06:46:00.550,number,,,,,,,,"{}",,,"{}",false,false,false,false,false,,false,false,false,,,left,left,144
1192,89,finalized_stack_margin_percent,finalized_stack_margin_percent,Finalized GM %,,39,false,,176,100,,,true,true,agNumberColumnFilter,true,false,false,false,false,3,"{}",,"{}",,"{}",false,,"{}","{}",gm_percent,,,,,true,false,false,false,2026-03-26 06:07:37.742,2026-03-26 06:46:00.550,number,,,,,,,,"{}",,,"{}",false,false,false,false,false,,false,false,false,,,left,left,144
1193,89,finalized_baseline_margin_percent,finalized_baseline_margin_percent,Baseline GM %,,40,false,,176,100,,,true,true,agNumberColumnFilter,true,false,false,false,false,3,"{}",,"{}",,"{}",false,,"{}","{}",gm_percent,,,,,true,false,false,false,2026-03-26 06:07:41.015,2026-03-26 06:46:00.550,number,,,,,,,,"{}",,,"{}",false,false,false,false,false,,false,false,false,,,left,left,144
1194,89,original_margin_percent,original_margin_percent,Original GM %,,41,false,,176,100,,,true,true,agNumberColumnFilter,true,false,false,false,false,3,"{}",,"{}",,"{}",false,,"{}","{}",gm_percent,,,,,true,false,false,false,2026-03-26 06:07:44.275,2026-03-26 06:46:00.550,number,,,,,,,,"{}",,,"{}",false,false,false,false,false,,false,false,false,,,left,left,144
1195,89,original_stack_margin_percent,original_stack_margin_percent,Original GM %,,42,false,,176,100,,,true,true,agNumberColumnFilter,true,false,false,false,false,3,"{}",,"{}",,"{}",false,,"{}","{}",gm_percent,,,,,true,false,false,false,2026-03-26 06:07:47.651,2026-03-26 06:46:00.550,number,,,,,,,,"{}",,,"{}",false,false,false,false,false,,false,false,false,,,left,left,144
1196,89,finalized_contribution_margin,finalized_contribution_margin,Finalized CM $,,43,true,,176,100,,,true,true,agTextColumnFilter,true,false,false,false,false,2,"{}",,"{}",,"{}",false,,"{}","{}",cm_dollar,,,,,true,false,false,false,2026-03-26 06:07:50.985,2026-03-26 06:46:00.550,number,,,,,,,,"{}",,,"{}",false,false,false,false,false,,false,false,false,,,left,left,145
1197,89,finalized_baseline_contribution_margin,finalized_baseline_contribution_margin,Baseline CM $,,44,true,,176,100,,,true,true,agTextColumnFilter,true,false,false,false,false,2,"{}",,"{}",,"{}",false,,"{}","{}",cm_dollar,,,,,true,false,false,false,2026-03-26 06:07:54.406,2026-03-26 06:46:00.550,number,,,,,,,,"{}",,,"{}",false,false,false,false,false,,false,false,false,,,left,left,145
1198,89,finalized_stack_contribution_margin,finalized_stack_contribution_margin,Finalized CM $,,45,false,,176,100,,,true,true,agTextColumnFilter,true,false,false,false,false,2,"{}",,"{}",,"{}",false,,"{}","{}",cm_dollar,,,,,true,false,false,false,2026-03-26 06:07:57.803,2026-03-26 06:46:00.550,number,,,,,,,,"{}",,,"{}",false,false,false,false,false,,false,false,false,,,left,left,145
1199,89,original_contribution_margin,original_contribution_margin,Original CM $,,46,false,,176,100,,,true,true,agTextColumnFilter,true,false,false,false,false,2,"{}",,"{}",,"{}",false,,"{}","{}",cm_dollar,,,,,true,false,false,false,2026-03-26 06:08:01.199,2026-03-26 06:46:00.550,number,,,,,,,,"{}",,,"{}",false,false,false,false,false,,false,false,false,,,left,left,145
1200,89,original_stack_contribution_margin,original_stack_contribution_margin,Original CM $,,47,false,,176,100,,,true,true,agTextColumnFilter,true,false,false,false,false,2,"{}",,"{}",,"{}",false,,"{}","{}",cm_dollar,,,,,true,false,false,false,2026-03-26 06:08:04.482,2026-03-26 06:46:00.550,number,,,,,,,,"{}",,,"{}",false,false,false,false,false,,false,false,false,,,left,left,145
1201,89,finalized_contribution_margin_percent,finalized_contribution_margin_percent,Finalized CM %,,48,true,,176,100,,,true,true,agTextColumnFilter,true,false,false,false,false,3,"{}",,"{}",,"{}",false,,"{}","{}",cm_percent,,,,,true,false,false,false,2026-03-26 06:08:07.812,2026-03-26 06:46:00.550,number,,,,,,,,"{}",,,"{}",false,false,false,false,false,,false,false,false,,,left,left,146
1202,89,finalized_stack_contribution_margin_percent,finalized_stack_contribution_margin_percent,Finalized CM %,,49,false,,176,100,,,true,true,agTextColumnFilter,true,false,false,false,false,3,"{}",,"{}",,"{}",false,,"{}","{}",cm_percent,,,,,true,false,false,false,2026-03-26 06:08:11.226,2026-03-26 06:46:00.550,number,,,,,,,,"{}",,,"{}",false,false,false,false,false,,false,false,false,,,left,left,146
1203,89,finalized_baseline_contribution_margin_percent,finalized_baseline_contribution_margin_percent,Baseline CM %,,50,false,,176,100,,,true,true,agTextColumnFilter,true,false,false,false,false,3,"{}",,"{}",,"{}",false,,"{}","{}",cm_percent,,,,,true,false,false,false,2026-03-26 06:08:14.525,2026-03-26 06:46:00.550,number,,,,,,,,"{}",,,"{}",false,false,false,false,false,,false,false,false,,,left,left,146
1204,89,original_contribution_margin_percent,original_contribution_margin_percent,Original CM %,,51,false,,176,100,,,true,true,agTextColumnFilter,true,false,false,false,false,3,"{}",,"{}",,"{}",false,,"{}","{}",cm_percent,,,,,true,false,false,false,2026-03-26 06:08:18.024,2026-03-26 06:46:00.550,number,,,,,,,,"{}",,,"{}",false,false,false,false,false,,false,false,false,,,left,left,146
1205,89,original_stack_contribution_margin_percent,original_stack_contribution_margin_percent,Original CM %,,52,false,,176,100,,,true,true,agTextColumnFilter,true,false,false,false,false,3,"{}",,"{}",,"{}",false,,"{}","{}",cm_percent,,,,,true,false,false,false,2026-03-26 06:08:21.421,2026-03-26 06:46:00.550,number,,,,,,,,"{}",,,"{}",false,false,false,false,false,,false,false,false,,,left,left,146
1206,93,checkbox,"","",,1,true,,,100,60,,false,false,,false,false,false,false,false,,"{}",,"{}",,"{}",false,,"{}","{}",,,,,,false,true,true,true,2026-03-26 08:15:43.598,2026-03-26 08:15:43.598,text,,,,,,,,"{}",,,"{}",false,false,false,false,false,,false,false,false,,,left,left,
1207,93,event_name,event_name,Event Name,,2,true,,,100,,,true,true,agTextColumnFilter,true,false,false,false,false,,"{}",CellWithLockIcon,"{}",,"{}",false,,"{}","{}",event_details,,,,,true,false,false,false,2026-03-26 08:15:47.559,2026-03-26 09:06:34.841,text,,,,,,,,"{}",,,"{}",false,false,false,false,false,,false,false,false,,,left,left,147
1208,93,start_date,start_date,Start Date,,3,true,,155,100,,,true,true,agTextColumnFilter,true,false,false,false,false,,"{}",,"{}",,"{}",false,,"{}","{}",event_details,,,,,true,false,false,false,2026-03-26 08:15:50.830,2026-03-26 09:06:38.272,date,,,,,,,,"{}",,,"{}",false,false,false,false,false,,false,false,false,,,left,left,147
1209,93,end_date,end_date,End Date,,4,true,,150,100,,,true,true,agTextColumnFilter,true,false,false,false,false,,"{}",,"{}",,"{}",false,,"{}","{}",event_details,,,,,true,false,false,false,2026-03-26 08:15:54.106,2026-03-26 09:06:41.466,date,,,,,,,,"{}",,,"{}",false,false,false,false,false,,false,false,false,,,left,left,147
1210,93,submit_by,submit_by,Merchant Due Date,,5,true,,150,100,,,true,true,agTextColumnFilter,true,false,false,false,false,,"{}",,"{}",,"{}",false,,"{}","{}",event_details,,,,,true,false,false,false,2026-03-26 08:15:57.343,2026-03-26 09:06:44.817,date,,,,,,,,"{}",,,"{}",false,false,false,false,false,,false,false,false,,,left,left,147
1211,93,created_by_name,created_by_name,Created By,,6,true,,150,100,,,true,true,agTextColumnFilter,true,false,false,false,false,,"{}",,"{}",,"{}",false,,"{}","{}",event_details,,,,,true,false,false,false,2026-03-26 08:16:00.755,2026-03-26 09:06:51.743,text,,,,,,,,"{}",,,"{}",false,false,false,false,false,,false,false,false,,,left,left,147
1212,93,status,status,Event Status,,7,true,,,100,,,true,true,agTextColumnFilter,true,false,false,false,false,,"{}",cellsWithBadge,"{""color"": {""Ongoing"": ""info"", ""Upcoming"": ""info"", ""Completed"": ""success""}}",,"{}",false,,"{}","{}",event_details,,,,,true,false,false,false,2026-03-26 08:16:04.228,2026-03-26 09:07:12.709,text,,,,,,,,"{}",,,"{}",false,false,false,false,false,,false,false,false,,,left,left,147
1213,93,total_promo_count,total_promo_count,No: of Promos,,8,true,,150,100,,,true,true,agNumberColumnFilter,true,false,false,false,false,,"{}",,"{}",,"{}",false,,"{}","{}",event_details,,,,,true,false,false,false,2026-03-26 08:16:07.577,2026-03-26 09:07:21.526,number,,,,,,,,"{}",,,"{}",false,false,false,false,false,,false,false,false,,,left,left,147
1214,93,actual_performance,actual_performance,Actual Performance,,9,true,,160,100,,,true,true,agTextColumnFilter,true,false,false,false,false,,"{}",cellsWithBadge,"{""color"": {""Good"": ""success"", ""Average"": ""warning"", ""Dilutive"": ""error""}}",,"{}",false,,"{}","{}",event_details,,,,,true,false,false,false,2026-03-26 08:16:10.784,2026-03-26 09:07:29.510,text,,,,,,,,"{}",,,"{}",false,false,false,false,false,,false,false,false,,,left,left,147
1215,93,finalized_performance,finalized_performance,Finalized Performance,,10,true,,160,100,,,true,true,agTextColumnFilter,true,false,false,false,false,,"{}",cellsWithBadge,"{""color"": {""Good"": ""success"", ""Average"": ""warning"", ""Dilutive"": ""error""}}",,"{}",false,,"{}","{}",event_details,,,,,true,false,false,false,2026-03-26 08:16:14.103,2026-03-26 09:07:33.586,text,,,,,,,,"{}",,,"{}",false,false,false,false,false,,false,false,false,,,left,left,147
1216,93,marketing_notes,marketing_notes,Comments,,11,true,,,100,,,true,true,agTextColumnFilter,true,false,false,false,false,,"{}",,"{}",,"{}",false,,"{}","{}",event_details,,,,,true,false,false,false,2026-03-26 08:16:17.480,2026-03-26 09:07:39.421,text,,,,,,,,"{}",,,"{}",false,false,false,false,false,,false,false,false,,,left,left,147
1217,93,actualized_sales_units,actualized_sales_units,Actualized Sales Units,,12,true,,,100,,,true,true,agNumberColumnFilter,true,false,false,false,false,1,"{}",,"{}",,"{}",false,,"{}","{}",event_sales_units,,,,,true,false,false,false,2026-03-26 08:16:20.916,2026-03-26 09:07:48.449,number,,,,,,,,"{}",,,"{}",false,false,false,false,false,,false,false,false,,,left,left,148
1218,93,finalized_sales_units,finalized_sales_units,Finalized,,13,true,,,100,,,true,true,agNumberColumnFilter,true,false,false,false,false,1,"{}",,"{}",,"{}",false,,"{}","{}",event_sales_units,,,,,true,false,false,false,2026-03-26 08:16:24.098,2026-03-26 09:07:51.834,number,,,,,,,,"{}",,,"{}",false,false,false,false,false,,false,false,false,,,left,left,148
1219,93,baseline_sales_units,baseline_sales_units,Baseline,,14,true,,,100,,,true,true,agNumberColumnFilter,true,false,false,false,false,1,"{}",,"{}",,"{}",false,,"{}","{}",event_sales_units,,,,,true,false,false,false,2026-03-26 08:16:27.382,2026-03-26 09:07:55.220,number,,,,,,,,"{}",,,"{}",false,false,false,false,false,,false,false,false,,,left,left,148
1220,93,actualized_incremental_sales_units,actualized_incremental_sales_units,Actualized Incremental,,15,true,,,100,,,true,true,agNumberColumnFilter,true,false,false,false,false,1,"{}",,"{}",,"{}",false,,"{}","{}",event_sales_units,,,,,true,false,false,false,2026-03-26 08:16:30.584,2026-03-26 09:07:58.707,number,,,,,,,,"{}",,,"{}",false,false,false,false,false,,false,false,false,,,left,left,148
1221,93,finalized_incremental_sales_units,finalized_incremental_sales_units,Finalized Incremental,,16,true,,,100,,,true,true,agNumberColumnFilter,true,false,false,false,false,1,"{}",,"{}",,"{}",false,,"{}","{}",event_sales_units,,,,,true,false,false,false,2026-03-26 08:16:33.861,2026-03-26 09:08:01.907,number,,,,,,,,"{}",,,"{}",false,false,false,false,false,,false,false,false,,,left,left,148
1222,93,actualized_revenue,actualized_revenue,Actualized,,17,true,,,100,,,true,true,agNumberColumnFilter,true,false,false,false,false,2,"{}",,"{}",,"{}",false,,"{}","{}",event_revenue,,,,,true,false,false,false,2026-03-26 08:16:37.138,2026-03-26 09:08:13.630,number,,,,,,,,"{}",,,"{}",false,false,false,false,false,,false,false,false,,,left,left,149
1223,93,finalized_revenue,finalized_revenue,Finalized,,18,true,,,100,,,true,true,agNumberColumnFilter,true,false,false,false,false,2,"{}",,"{}",,"{}",false,,"{}","{}",event_revenue,,,,,true,false,false,false,2026-03-26 08:16:40.635,2026-03-26 09:08:16.987,number,,,,,,,,"{}",,,"{}",false,false,false,false,false,,false,false,false,,,left,left,149
1224,93,baseline_revenue,baseline_revenue,Baseline,,19,true,,,100,,,true,true,agNumberColumnFilter,true,false,false,false,false,2,"{}",,"{}",,"{}",false,,"{}","{}",event_revenue,,,,,true,false,false,false,2026-03-26 08:16:44.100,2026-03-26 09:08:20.183,number,,,,,,,,"{}",,,"{}",false,false,false,false,false,,false,false,false,,,left,left,149
1225,93,actualized_incremental_revenue,actualized_incremental_revenue,Actualized Incremental,,20,true,,,100,,,true,true,agNumberColumnFilter,true,false,false,false,false,2,"{}",,"{}",,"{}",false,,"{}","{}",event_revenue,,,,,true,false,false,false,2026-03-26 08:16:47.494,2026-03-26 09:08:23.553,number,,,,,,,,"{}",,,"{}",false,false,false,false,false,,false,false,false,,,left,left,149
1226,93,finalized_incremental_revenue,finalized_incremental_revenue,Finalized Incremental,,21,true,,,100,,,true,true,agNumberColumnFilter,true,false,false,false,false,2,"{}",,"{}",,"{}",false,,"{}","{}",event_revenue,,,,,true,false,false,false,2026-03-26 08:16:50.761,2026-03-26 09:08:27.103,number,,,,,,,,"{}",,,"{}",false,false,false,false,false,,false,false,false,,,left,left,149
1227,93,actualized_margin,actualized_margin,Actualized Margin,,22,true,,,100,,,true,true,agNumberColumnFilter,true,false,false,false,false,2,"{}",,"{}",,"{}",false,,"{}","{}",event_margin,,,,,true,false,false,false,2026-03-26 08:16:54.141,2026-04-08 10:41:01.640,number,,,,,,,,"{}",,,"{}",false,false,false,false,false,,false,false,false,,,left,left,150
1228,93,finalized_margin,finalized_margin,Finalized,,23,true,,,100,,,true,true,agNumberColumnFilter,true,false,false,false,false,2,"{}",,"{}",,"{}",false,,"{}","{}",event_margin,,,,,true,false,false,false,2026-03-26 08:16:57.282,2026-04-08 10:41:01.638,number,,,,,,,,"{}",,,"{}",false,false,false,false,false,,false,false,false,,,left,left,150
1229,93,baseline_margin,baseline_margin,Baseline,,24,true,,,100,,,true,true,agNumberColumnFilter,true,false,false,false,false,2,"{}",,"{}",,"{}",false,,"{}","{}",event_margin,,,,,true,false,false,false,2026-03-26 08:17:00.582,2026-04-08 10:41:01.638,number,,,,,,,,"{}",,,"{}",false,false,false,false,false,,false,false,false,,,left,left,150
1230,93,actualized_incremental_margin,actualized_incremental_margin,Actualized Incremental,,25,true,,,100,,,true,true,agNumberColumnFilter,true,false,false,false,false,2,"{}",,"{}",,"{}",false,,"{}","{}",event_margin,,,,,true,false,false,false,2026-03-26 08:17:03.947,2026-04-08 10:41:01.624,number,,,,,,,,"{}",,,"{}",false,false,false,false,false,,false,false,false,,,left,left,150
1231,93,finalized_incremental_margin,finalized_incremental_margin,Finalized Incremental,,26,true,,,100,,,true,true,agNumberColumnFilter,true,false,false,false,false,2,"{}",,"{}",,"{}",false,,"{}","{}",event_margin,,,,,true,false,false,false,2026-03-26 08:17:07.243,2026-04-06 12:30:55.152,number,,,,,,,,"{}",,,"{}",false,false,false,false,false,,false,false,false,,,left,left,150
1232,93,actualized_margin_percent,actualized_margin_percent,Actualized,,27,true,,,100,,,true,true,agNumberColumnFilter,true,false,false,false,false,3,"{}",,"{}",,"{}",false,,"{}","{}",event_gm_percent,,,,,true,false,false,false,2026-03-26 08:17:10.582,2026-04-08 10:40:31.209,number,,,,,,,,"{}",,,"{}",false,false,false,false,false,,false,false,false,,,left,left,151
1233,93,finalized_margin_percent,finalized_margin_percent,Finalized,,28,true,,,100,,,true,true,agNumberColumnFilter,true,false,false,false,false,3,"{}",,"{}",,"{}",false,,"{}","{}",event_gm_percent,,,,,true,false,false,false,2026-03-26 08:17:13.961,2026-04-06 12:32:18.498,number,,,,,,,,"{}",,,"{}",false,false,false,false,false,,false,false,false,,,left,left,151
1234,93,actualized_promo_spend,actualized_promo_spend,Actualized,,29,true,,,100,,,true,true,agNumberColumnFilter,true,false,false,false,false,2,"{}",,"{}",,"{}",false,,"{}","{}",event_promo_spend,,,,,true,false,false,false,2026-03-26 08:17:17.366,2026-04-08 10:40:24.345,number,,,,,,,,"{}",,,"{}",false,false,false,false,false,,false,false,false,,,left,left,152
1235,93,finalized_promo_spend,finalized_promo_spend,Finalized,,30,true,,,100,,,true,true,agNumberColumnFilter,true,false,false,false,false,2,"{}",,"{}",,"{}",false,,"{}","{}",event_promo_spend,,,,,true,false,false,false,2026-03-26 08:17:20.775,2026-04-06 12:32:29.062,number,,,,,,,,"{}",,,"{}",false,false,false,false,false,,false,false,false,,,left,left,152
1236,93,actualized_contribution_margin,actualized_contribution_margin,Actualized,,31,true,,,100,,,true,true,agNumberColumnFilter,true,false,false,false,false,2,"{}",,"{}",,"{}",false,,"{}","{}",event_cm_dollar,,,,,true,false,false,false,2026-03-26 08:17:24.451,2026-04-08 10:40:18.150,number,,,,,,,,"{}",,,"{}",false,false,false,false,false,,false,false,false,,,left,left,153
1237,93,finalized_contribution_margin,finalized_contribution_margin,Finalized,,32,true,,,100,,,true,true,agNumberColumnFilter,true,false,false,false,false,2,"{}",,"{}",,"{}",false,,"{}","{}",event_cm_dollar,,,,,true,false,false,false,2026-03-26 08:17:27.816,2026-04-06 12:32:37.994,number,,,,,,,,"{}",,,"{}",false,false,false,false,false,,false,false,false,,,left,left,153
1238,93,actualized_contribution_margin_percent,actualized_contribution_margin_percent,Actualized,,33,true,,,100,,,true,true,agNumberColumnFilter,true,false,false,false,false,3,"{}",,"{}",,"{}",false,,"{}","{}",event_cm_percent,,,,,true,false,false,false,2026-03-26 08:17:31.066,2026-04-08 10:40:10.183,number,,,,,,,,"{}",,,"{}",false,false,false,false,false,,false,false,false,,,left,left,154
1239,93,finalized_contribution_margin_percent,finalized_contribution_margin_percent,Finalized,,34,true,,,100,,,true,true,agNumberColumnFilter,true,false,false,false,false,3,"{}",,"{}",,"{}",false,,"{}","{}",event_cm_percent,,,,,true,false,false,false,2026-03-26 08:17:34.585,2026-04-06 12:32:48.182,number,,,,,,,,"{}",,,"{}",false,false,false,false,false,,false,false,false,,,left,left,154
1240,94,checkbox,"","",,1,true,,,100,60,,false,false,,false,false,false,false,false,,"{}",,"{}",,"{}",false,,"{}","{}",,,,,,false,true,true,true,2026-03-26 08:18:02.198,2026-03-26 08:18:02.198,text,,,,,,,,"{}",,,"{}",false,false,false,false,false,,false,false,false,,,left,left,
1241,94,promo_name,promo_name,Promo Name,,2,true,,350,100,,,true,true,agTextColumnFilter,true,false,false,false,false,,"{}",OfferNameCellRenderer,"{""defaultFlag"": false, ""enableInput"": {""screen"": ""decisionDashboard"", ""enableKey"": ""enableDDInlineEdit"", ""uniqueKey"": ""promo_id"", ""storeDataKey"": ""decisionDashboardSelectedOffers""}}",,"{}",false,,"{}","{}",promo_details,,,,,true,false,false,false,2026-03-26 08:18:05.471,2026-04-08 10:48:16.294,text,,,,,,,,"{}",,,"{}",false,false,false,false,false,,false,false,false,,,left,left,155
1242,94,event_name,event_name,Event Name,,3,true,,,100,,,true,true,agTextColumnFilter,true,false,false,false,false,,"{}",,"{}",,"{}",false,,"{}","{}",promo_details,,,,,true,false,false,false,2026-03-26 08:18:08.824,2026-04-08 10:48:16.292,text,,,,,,,,"{}",,,"{}",false,false,false,false,false,,false,false,false,,,left,left,155
1243,94,start_date,start_date,Start Date,,4,true,,155,100,,,true,true,agTextColumnFilter,true,false,false,false,false,,"{}",,"{}",,"{}",false,,"{}","{}",promo_details,,,,,true,false,false,false,2026-03-26 08:18:12.153,2026-04-08 10:48:16.294,date,,,,,,,,"{}",,,"{}",false,false,false,false,false,,false,false,false,,,left,left,155
1244,94,end_date,end_date,End Date,,5,true,,150,100,,,true,true,agTextColumnFilter,true,false,false,false,false,,"{}",,"{}",,"{}",false,,"{}","{}",promo_details,,,,,true,false,false,false,2026-03-26 08:18:15.648,2026-04-08 10:48:16.296,date,,,,,,,,"{}",,,"{}",false,false,false,false,false,,false,false,false,,,left,left,155
1245,94,created_by,created_by,Created By,,6,true,,150,100,,,true,true,agTextColumnFilter,true,false,false,false,false,,"{}",,"{}",,"{}",false,,"{}","{}",promo_details,,,,,true,false,false,false,2026-03-26 08:18:19.070,2026-04-08 10:48:17.391,text,,,,,,,,"{}",,,"{}",false,false,false,false,false,,false,false,false,,,left,left,155
1246,94,status,status,Promo Status,,7,true,,,100,,,true,true,agTextColumnFilter,true,false,false,false,false,,"{}",OfferStatusCellRenderer,"{}",,"{}",false,,"{}","{}",promo_details,,,,,true,false,false,false,2026-03-26 08:18:22.806,2026-04-08 10:48:16.278,text,,,,,,,,"{}",,,"{}",false,false,false,false,false,,false,false,false,,,left,left,155
1247,94,review_status,review_status,Review Status,,8,true,,180,100,,,true,true,agTextColumnFilter,true,false,false,false,false,,"{}",,"{}",,"{}",false,,"{}","{}",promo_details,,,,,true,false,false,false,2026-03-26 08:18:26.067,2026-04-08 10:48:32.945,text,,,,,,,,"{}",,,"{}",false,false,false,false,false,,false,false,false,,,left,left,155
1248,94,offer_comment,offer_comment,Comments,,9,true,,,100,,,true,true,agTextColumnFilter,true,false,false,false,false,,"{}",,"{}",,"{}",false,,"{}","{}",promo_details,,,,,true,false,false,false,2026-03-26 08:18:29.377,2026-04-08 10:48:32.970,text,,,,,,,,"{}",,,"{}",false,false,false,false,false,,false,false,false,,,left,left,155
1249,94,products_count,products_count,Products,,10,true,,150,100,,,true,true,agNumberColumnFilter,true,false,false,false,false,,"{}",,"{}",,"{}",false,,"{}","{}",promo_details,,,,,true,false,false,false,2026-03-26 08:18:32.564,2026-04-08 10:48:34.070,number,,,,,,,,"{}",,,"{}",false,false,false,false,false,,false,false,false,,,left,left,155
1250,94,stores_count,stores_count,Stores,,11,true,,150,100,,,true,true,agNumberColumnFilter,true,false,false,false,false,,"{}",,"{}",,"{}",false,,"{}","{}",promo_details,,,,,true,false,false,false,2026-03-26 08:18:35.823,2026-04-08 10:48:32.971,number,,,,,,,,"{}",,,"{}",false,false,false,false,false,,false,false,false,,,left,left,155
1251,94,actual_performance,actual_performance,Actual Performance,,12,true,,160,100,,,true,true,agTextColumnFilter,true,false,false,false,false,,"{}",cellsWithBadge,"{""color"": {""Good"": ""success"", ""Average"": ""warning"", ""Dilutive"": ""error""}}",,"{}",false,,"{}","{}",promo_details,,,,,true,false,false,false,2026-03-26 08:18:39.311,2026-04-08 10:48:32.961,text,,,,,,,,"{}",,,"{}",false,false,false,false,false,,false,false,false,,,left,left,155
1252,94,finalized_performance,finalized_performance,Finalized Performance,,13,true,,160,100,,,true,true,agTextColumnFilter,true,false,false,false,false,,"{}",cellsWithBadge,"{""color"": {""Good"": ""success"", ""Average"": ""warning"", ""Dilutive"": ""error""}}",,"{}",false,,"{}","{}",promo_details,,,,,true,false,false,false,2026-03-26 08:18:42.889,2026-04-08 10:48:33.249,text,,,,,,,,"{}",,,"{}",false,false,false,false,false,,false,false,false,,,left,left,155
1253,94,discount_type,discount_type,Discount Type,,14,true,,,100,,,true,true,agTextColumnFilter,true,false,false,false,false,,"{}",,"{}",,"{}",false,,"{}","{}",promo_details,,,,,true,false,false,false,2026-03-26 08:18:46.255,2026-04-08 10:48:49.968,text,,,,,,,,"{}",,,"{}",false,false,false,false,false,,false,false,false,,,left,left,155
1254,94,discount_level,discount_level,Discount Level - Products,,15,true,,248,100,,,true,true,agTextColumnFilter,true,false,false,false,false,,"{}",,"{}",,"{}",false,,"{}","{}",promo_details,,,,,true,false,false,false,2026-03-26 08:18:49.542,2026-04-08 10:48:50.236,text,,,,,,,,"{}",,,"{}",false,false,false,false,false,,false,false,false,,,left,left,155
1255,94,finalized_promo_spend,finalized_promo_spend,Promo $,,16,true,,,100,,,true,true,agNumberColumnFilter,true,false,false,false,false,2,"{}",,"{}",,"{}",false,,"{}","{}",promo_details,,,,,true,false,false,false,2026-03-26 08:18:53.050,2026-04-08 10:48:50.256,number,,,,,,,,"{}",,,"{}",false,false,false,false,false,,false,false,false,,,left,left,155
1256,94,finalized_sales_units,finalized_sales_units,Finalized,,17,true,,210,100,,,true,true,agNumberColumnFilter,true,false,false,false,false,1,"{}",,"{}",,"{}",false,,"{}","{}",promo_sales_units,,,,,true,false,false,false,2026-03-26 08:18:56.347,2026-04-08 10:49:10.041,number,,,,,,,,"{}",,,"{}",false,false,false,false,false,,false,false,false,,,left,left,156
1257,94,finalized_stack_sales_units,finalized_stack_sales_units,Finalized,,18,false,,210,100,,,true,true,agNumberColumnFilter,true,false,false,false,false,1,"{}",,"{}",,"{}",false,,"{}","{}",promo_sales_units,,,,,true,false,false,false,2026-03-26 08:18:59.562,2026-04-08 10:49:10.026,number,,,,,,,,"{}",,,"{}",false,false,false,false,false,,false,false,false,,,left,left,156
1258,94,original_sales_units,original_sales_units,Original,,19,false,,210,100,,,true,true,agNumberColumnFilter,true,false,false,false,false,1,"{}",,"{}",,"{}",false,,"{}","{}",promo_sales_units,,,,,true,false,false,false,2026-03-26 08:19:02.967,2026-04-08 10:49:10.043,number,,,,,,,,"{}",,,"{}",false,false,false,false,false,,false,false,false,,,left,left,156
1259,94,original_stack_sales_units,original_stack_sales_units,Original,,20,false,,210,100,,,true,true,agNumberColumnFilter,true,false,false,false,false,1,"{}",,"{}",,"{}",false,,"{}","{}",promo_sales_units,,,,,true,false,false,false,2026-03-26 08:19:06.314,2026-04-08 10:49:10.040,number,,,,,,,,"{}",,,"{}",false,false,false,false,false,,false,false,false,,,left,left,156
1260,94,finalized_baseline_sales_units,finalized_baseline_sales_units,Baseline,,21,true,,210,100,,,true,true,agNumberColumnFilter,true,false,false,false,false,1,"{}",,"{}",,"{}",false,,"{}","{}",promo_sales_units,,,,,true,false,false,false,2026-03-26 08:19:09.603,2026-04-08 10:49:10.029,number,,,,,,,,"{}",,,"{}",false,false,false,false,false,,false,false,false,,,left,left,156
1261,94,finalized_stack_baseline_sales_units,finalized_stack_baseline_sales_units,Baseline,,22,false,,210,100,,,true,true,agNumberColumnFilter,true,false,false,false,false,1,"{}",,"{}",,"{}",false,,"{}","{}",promo_sales_units,,,,,true,false,false,false,2026-03-26 08:19:12.890,2026-04-08 10:49:11.125,number,,,,,,,,"{}",,,"{}",false,false,false,false,false,,false,false,false,,,left,left,156
1262,94,finalized_incremental_sales_units,finalized_incremental_sales_units,Incremental,,23,true,,210,100,,,true,true,agNumberColumnFilter,true,false,false,false,false,1,"{}",,"{}",,"{}",false,,"{}","{}",promo_sales_units,,,,,true,false,false,false,2026-03-26 08:19:16.132,2026-04-08 10:49:26.606,number,,,,,,,,"{}",,,"{}",false,false,false,false,false,,false,false,false,,,left,left,156
1263,94,finalized_revenue,finalized_revenue,Finalized,,24,true,,,100,,,true,true,agNumberColumnFilter,true,false,false,false,false,2,"{}",,"{}",,"{}",false,,"{}","{}",promo_revenue,,,,,true,false,false,false,2026-03-26 08:19:19.571,2026-04-08 10:49:30.961,number,,,,,,,,"{}",,,"{}",false,false,false,false,false,,false,false,false,,,left,left,157
1264,94,finalized_stack_revenue,finalized_stack_revenue,Finalized,,25,false,,,100,,,true,true,agNumberColumnFilter,true,false,false,false,false,2,"{}",,"{}",,"{}",false,,"{}","{}",promo_revenue,,,,,true,false,false,false,2026-03-26 08:19:22.951,2026-04-08 10:49:30.977,number,,,,,,,,"{}",,,"{}",false,false,false,false,false,,false,false,false,,,left,left,157
1265,94,original_revenue,original_revenue,Actuals,,26,false,,,100,,,true,true,agNumberColumnFilter,true,false,false,false,false,2,"{}",,"{}",,"{}",false,,"{}","{}",promo_revenue,,,,,true,false,false,false,2026-03-26 08:19:26.254,2026-04-08 10:49:30.977,number,,,,,,,,"{}",,,"{}",false,false,false,false,false,,false,false,false,,,left,left,157
1266,94,original_stack_revenue,original_stack_revenue,Actuals,,27,false,,,100,,,true,true,agNumberColumnFilter,true,false,false,false,false,2,"{}",,"{}",,"{}",false,,"{}","{}",promo_revenue,,,,,true,false,false,false,2026-03-26 08:19:29.543,2026-04-08 10:49:30.976,number,,,,,,,,"{}",,,"{}",false,false,false,false,false,,false,false,false,,,left,left,157
1267,94,finalized_baseline_revenue,finalized_baseline_revenue,Baseline,,28,true,,,100,,,true,true,agNumberColumnFilter,true,false,false,false,false,2,"{}",,"{}",,"{}",false,,"{}","{}",promo_revenue,,,,,true,false,false,false,2026-03-26 08:19:32.751,2026-04-08 10:49:30.979,number,,,,,,,,"{}",,,"{}",false,false,false,false,false,,false,false,false,,,left,left,157
1268,94,finalized_stack_baseline_revenue,finalized_stack_baseline_revenue,Baseline,,29,false,,,100,,,true,true,agNumberColumnFilter,true,false,false,false,false,2,"{}",,"{}",,"{}",false,,"{}","{}",promo_revenue,,,,,true,false,false,false,2026-03-26 08:19:36.061,2026-04-08 10:49:31.992,number,,,,,,,,"{}",,,"{}",false,false,false,false,false,,false,false,false,,,left,left,157
1269,94,finalized_incremental_revenue,finalized_incremental_revenue,Incremental,,30,true,,,100,,,true,true,agNumberColumnFilter,true,false,false,false,false,2,"{}",,"{}",,"{}",false,,"{}","{}",promo_revenue,,,,,true,false,false,false,2026-03-26 08:19:39.237,2026-04-08 10:49:47.475,number,,,,,,,,"{}",,,"{}",false,false,false,false,false,,false,false,false,,,left,left,157
1270,94,finalized_margin,finalized_margin,Finalized,,31,true,,,100,,,true,true,agNumberColumnFilter,true,false,false,false,false,2,"{}",,"{}",,"{}",false,,"{}","{}",promo_margin,,,,,true,false,false,false,2026-03-26 08:19:42.720,2026-04-08 10:49:47.753,number,,,,,,,,"{}",,,"{}",false,false,false,false,false,,false,false,false,,,left,left,158
1271,94,finalized_stack_margin,finalized_stack_margin,Finalized,,32,false,,,100,,,true,true,agNumberColumnFilter,true,false,false,false,false,2,"{}",,"{}",,"{}",false,,"{}","{}",promo_margin,,,,,true,false,false,false,2026-03-26 08:19:46.207,2026-04-08 10:49:47.754,number,,,,,,,,"{}",,,"{}",false,false,false,false,false,,false,false,false,,,left,left,158
1272,94,original_margin,original_margin,Actuals,,33,false,,,100,,,true,true,agNumberColumnFilter,true,false,false,false,false,2,"{}",,"{}",,"{}",false,,"{}","{}",promo_margin,,,,,true,false,false,false,2026-03-26 08:19:49.465,2026-04-08 10:49:47.769,number,,,,,,,,"{}",,,"{}",false,false,false,false,false,,false,false,false,,,left,left,158
1273,94,original_stack_margin,original_stack_margin,Actuals,,34,false,,,100,,,true,true,agNumberColumnFilter,true,false,false,false,false,2,"{}",,"{}",,"{}",false,,"{}","{}",promo_margin,,,,,true,false,false,false,2026-03-26 08:19:52.789,2026-04-08 10:49:47.769,number,,,,,,,,"{}",,,"{}",false,false,false,false,false,,false,false,false,,,left,left,158
1274,94,finalized_baseline_margin,finalized_baseline_margin,Baseline,,35,true,,,100,,,true,true,agNumberColumnFilter,true,false,false,false,false,2,"{}",,"{}",,"{}",false,,"{}","{}",promo_margin,,,,,true,false,false,false,2026-03-26 08:19:56.705,2026-04-08 10:49:47.772,number,,,,,,,,"{}",,,"{}",false,false,false,false,false,,false,false,false,,,left,left,158
1275,94,finalized_stack_baseline_margin,finalized_stack_baseline_margin,Baseline,,36,false,,,100,,,true,true,agNumberColumnFilter,true,false,false,false,false,2,"{}",,"{}",,"{}",false,,"{}","{}",promo_margin,,,,,true,false,false,false,2026-03-26 08:19:59.897,2026-04-08 10:50:04.106,number,,,,,,,,"{}",,,"{}",false,false,false,false,false,,false,false,false,,,left,left,158
1276,94,finalized_incremental_margin,finalized_incremental_margin,Incremental,,37,true,,,100,,,true,true,agNumberColumnFilter,true,false,false,false,false,2,"{}",,"{}",,"{}",false,,"{}","{}",promo_margin,,,,,true,false,false,false,2026-03-26 08:20:03.081,2026-04-08 10:50:04.379,number,,,,,,,,"{}",,,"{}",false,false,false,false,false,,false,false,false,,,left,left,158
1277,94,finalized_margin_percent,finalized_margin_percent,Finalized,,38,true,,172,100,,,true,true,agNumberColumnFilter,true,false,false,false,false,3,"{}",,"{}",,"{}",false,,"{}","{}",promo_gm_percent,,,,,true,false,false,false,2026-03-26 08:20:06.251,2026-04-08 10:50:04.405,number,,,,,,,,"{}",,,"{}",false,false,false,false,false,,false,false,false,,,left,left,159
1278,94,finalized_baseline_margin_percent,finalized_baseline_margin_percent,Baseline,,39,true,,172,100,,,true,true,agNumberColumnFilter,true,false,false,false,false,3,"{}",,"{}",,"{}",false,,"{}","{}",promo_gm_percent,,,,,true,false,false,false,2026-03-26 08:20:09.435,2026-04-08 10:50:04.416,number,,,,,,,,"{}",,,"{}",false,false,false,false,false,,false,false,false,,,left,left,159
1279,94,finalized_incremental_margin_percent,finalized_incremental_margin_percent,Incremental,,40,true,,172,100,,,true,true,agNumberColumnFilter,true,false,false,false,false,3,"{}",,"{}",,"{}",false,,"{}","{}",promo_gm_percent,,,,,true,false,false,false,2026-03-26 08:20:12.618,2026-04-08 10:50:04.404,number,,,,,,,,"{}",,,"{}",false,false,false,false,false,,false,false,false,,,left,left,159
1280,94,finalized_contribution_margin_percent,finalized_contribution_margin_percent,Finalized,,41,true,,176,100,,,true,true,agNumberColumnFilter,true,false,false,false,false,3,"{}",,"{}",,"{}",false,,"{}","{}",promo_cm_percent,,,,,true,false,false,false,2026-03-26 08:20:15.909,2026-04-08 10:50:17.384,number,,,,,,,,"{}",,,"{}",false,false,false,false,false,,false,false,false,,,left,left,160
1281,94,finalized_baseline_contribution_margin_percent,finalized_baseline_contribution_margin_percent,Baseline,,42,true,,176,100,,,true,true,agNumberColumnFilter,true,false,false,false,false,3,"{}",,"{}",,"{}",false,,"{}","{}",promo_cm_percent,,,,,true,false,false,false,2026-03-26 08:20:19.198,2026-04-08 10:50:17.400,number,,,,,,,,"{}",,,"{}",false,false,false,false,false,,false,false,false,,,left,left,160
1282,94,finalized_incremental_contribution_margin_percent,finalized_incremental_contribution_margin_percent,Incremental,,43,true,,176,100,,,true,true,agNumberColumnFilter,true,false,false,false,false,3,"{}",,"{}",,"{}",false,,"{}","{}",promo_cm_percent,,,,,true,false,false,false,2026-03-26 08:20:22.351,2026-04-08 10:50:17.638,number,,,,,,,,"{}",,,"{}",false,false,false,false,false,,false,false,false,,,left,left,160
1283,94,finalized_contribution_margin,finalized_contribution_margin,Finalized,,44,true,,176,100,,,true,true,agNumberColumnFilter,true,false,false,false,false,2,"{}",,"{}",,"{}",false,,"{}","{}",promo_cm_dollar,,,,,true,false,false,false,2026-03-26 08:20:25.683,2026-04-08 10:50:17.655,number,,,,,,,,"{}",,,"{}",false,false,false,false,false,,false,false,false,,,left,left,161
1284,94,finalized_baseline_contribution_margin,finalized_baseline_contribution_margin,Baseline,,45,true,,176,100,,,true,true,agNumberColumnFilter,true,false,false,false,false,2,"{}",,"{}",,"{}",false,,"{}","{}",promo_cm_dollar,,,,,true,false,false,false,2026-03-26 08:20:28.954,2026-04-08 10:50:17.665,number,,,,,,,,"{}",,,"{}",false,false,false,false,false,,false,false,false,,,left,left,161
1285,94,finalized_incremental_contribution_margin,finalized_incremental_contribution_margin,Incremental,,46,true,,176,100,,,true,true,agNumberColumnFilter,true,false,false,false,false,2,"{}",,"{}",,"{}",false,,"{}","{}",promo_cm_dollar,,,,,true,false,false,false,2026-03-26 08:20:32.245,2026-04-08 10:50:17.671,number,,,,,,,,"{}",,,"{}",false,false,false,false,false,,false,false,false,,,left,left,161
1286,95,checkbox,"","",,1,true,,,100,50,,false,false,,false,false,false,false,false,,"{}",,"{}",,"{}",false,,"{}","{}",,,,,,false,true,true,true,2026-03-26 11:03:08.692,2026-03-26 11:03:08.692,text,,,,,,,,"{}",,,"{}",false,false,false,false,false,,false,false,false,,,left,left,
1287,95,store_group_name,store_group_name,Group Name,,2,true,,250,100,,,true,true,agTextColumnFilter,true,false,false,false,false,,"{}",CellsWithLinkandIcon,"{}",,"{}",false,,"{}","{}",sg_details,,,,,true,false,false,false,2026-03-26 11:03:12.346,2026-03-26 11:03:12.346,text,,,,,,,,"{}",,,"{}",false,false,false,false,false,,false,false,false,,,left,left,
1288,95,store_group_description,store_group_description,Description,,3,true,,,100,,,true,true,agTextColumnFilter,true,false,false,false,false,,"{}",,"{}",,"{}",false,,"{}","{}",sg_details,,,,,true,false,false,false,2026-03-26 11:03:15.619,2026-03-26 11:03:15.619,text,,,,,,,,"{}",,,"{}",false,false,false,false,false,,false,false,false,,,left,left,
1289,95,stores_count,stores_count,Stores,,4,true,,,150,,,true,true,agNumberColumnFilter,true,false,false,false,false,,"{}",,"{}",,"{}",false,,"{}","{}",sg_details,,,,,true,false,false,false,2026-03-26 11:03:18.971,2026-03-26 11:03:18.971,number,,,,,,,,"{}",,,"{}",false,false,false,false,false,,false,false,false,,,left,left,
1290,95,s0_name,s0_name,Country,,5,true,,152,100,,,true,true,agTextColumnFilter,true,false,false,false,false,,"{}",,"{}",,"{}",false,,"{}","{}",sg_details,,,,,true,false,false,false,2026-03-26 11:03:22.288,2026-03-26 11:03:22.288,text,,,,,,,,"{}",,,"{}",false,false,false,false,false,,false,false,false,,,left,left,
1291,95,s1_name,s1_name,Enterprise Channel,,6,true,,152,100,,,true,true,agTextColumnFilter,true,false,false,false,false,,"{}",,"{}",,"{}",false,,"{}","{}",sg_details,,,,,true,false,false,false,2026-03-26 11:03:25.956,2026-03-26 11:03:25.956,text,,,,,,,,"{}",,,"{}",false,false,false,false,false,,false,false,false,,,left,left,
1292,95,s2_name,s2_name,Region,,7,true,,180,100,,,true,true,agTextColumnFilter,true,false,false,false,false,,"{}",,"{}",,"{}",false,,"{}","{}",sg_details,,,,,true,false,false,false,2026-03-26 11:03:29.751,2026-03-26 11:03:29.751,text,,,,,,,,"{}",,,"{}",false,false,false,false,false,,false,false,false,,,left,left,
1293,95,created_by_user,created_by_user,Created By,,8,true,,172,100,,,true,true,agTextColumnFilter,true,false,false,false,false,,"{}",,"{}",,"{}",false,,"{}","{}",sg_details,,,,,true,false,false,false,2026-03-26 11:03:33.201,2026-03-26 11:03:33.201,text,,,,,,,,"{}",,,"{}",false,false,false,false,false,,false,false,false,,,left,left,
1294,95,created_at,created_at,Created On,,9,true,,172,100,,,true,true,agTextColumnFilter,true,false,false,false,false,,"{}",,"{}",,"{}",false,,"{}","{}",sg_details,,,,,true,false,false,false,2026-03-26 11:03:37.219,2026-03-26 11:03:37.219,date,,,,,,,,"{}",,,"{}",false,false,false,false,false,,false,false,false,,,left,left,
1295,95,modified_by_user,modified_by_user,Modified By,,10,true,,180,100,,,true,true,agTextColumnFilter,true,false,false,false,false,,"{}",,"{}",,"{}",false,,"{}","{}",sg_details,,,,,true,false,false,false,2026-03-26 11:03:40.681,2026-03-26 11:03:40.681,text,,,,,,,,"{}",,,"{}",false,false,false,false,false,,false,false,false,,,left,left,
1296,95,modified_at,modified_at,Modified On,,11,true,,180,100,,,true,true,agTextColumnFilter,true,false,false,false,false,,"{}",,"{}",,"{}",false,,"{}","{}",sg_details,,,,,true,false,false,false,2026-03-26 11:03:44.122,2026-03-26 11:03:44.122,date,,,,,,,,"{}",,,"{}",false,false,false,false,false,,false,false,false,,,left,left,
1297,95,promos_count,promos_count,Promos,,12,true,,150,100,,,true,true,agNumberColumnFilter,true,false,false,false,false,,"{}",,"{}",,"{}",false,,"{}","{}",sg_details,,,,,true,false,false,false,2026-03-26 11:03:47.690,2026-03-26 11:03:47.690,number,,,,,,,,"{}",,,"{}",false,false,false,false,false,,false,false,false,,,left,left,
1298,96,checkbox,"","",,1,true,,,100,60,,false,false,,false,false,false,false,false,,"{}",,"{}",,"{}",false,,"{}","{}",,,,,,false,true,true,true,2026-03-26 11:04:04.845,2026-03-26 11:04:04.845,text,,,,,,,,"{}",,,"{}",false,false,false,false,false,,false,false,false,,,left,left,
1299,96,product_group_name,product_group_name,Group Name,,2,true,,250,100,,,true,true,agTextColumnFilter,true,false,false,false,false,,"{}",CellsWithLinkandIcon,"{}",,"{}",false,,"{}","{}",pg_details,,,,,true,false,false,false,2026-03-26 11:04:08.826,2026-04-08 13:04:02.991,text,,,,,,,,"{}",,,"{}",false,false,false,false,false,,false,false,false,,,left,left,163
1300,96,product_group_description,product_group_description,Description,,3,true,,,100,,,true,true,agTextColumnFilter,true,false,false,false,false,,"{}",,"{}",,"{}",false,,"{}","{}",pg_details,,,,,true,false,false,false,2026-03-26 11:04:13.278,2026-04-08 13:04:02.991,text,,,,,,,,"{}",,,"{}",false,false,false,false,false,,false,false,false,,,left,left,163
1301,96,products_count,products_count,Products,,4,true,,,100,,,true,true,agNumberColumnFilter,true,false,false,false,false,,"{}",,"{}",,"{}",false,,"{}","{}",pg_details,,,,,true,false,false,false,2026-03-26 11:04:18.458,2026-04-08 13:04:02.983,number,,,,,,,,"{}",,,"{}",false,false,false,false,false,,false,false,false,,,left,left,163
1302,96,product_group_type,product_group_type,Product Group Type,,5,true,,,100,,,true,true,agTextColumnFilter,true,false,false,false,false,,"{}",,"{}",,"{}",false,,"{}","{}",pg_details,,,,,true,false,false,false,2026-03-26 11:04:22.552,2026-04-08 13:04:02.991,text,,,,,,,,"{}",,,"{}",false,false,false,false,false,,false,false,false,,,left,left,163
1303,96,l0_name,l0_name,Brand,,6,true,,,100,,,true,true,agTextColumnFilter,true,false,false,false,false,,"{}",,"{}",,"{}",false,,"{}","{}",pg_details,,,,,true,false,false,false,2026-03-26 11:04:25.898,2026-04-08 13:04:04.148,text,,,,,,,,"{}",,,"{}",false,false,false,false,false,,false,false,false,,,left,left,163
1304,96,l1_name,l1_name,Division,,7,true,,,100,,,true,true,agTextColumnFilter,true,false,false,false,false,,"{}",,"{}",,"{}",false,,"{}","{}",pg_details,,,,,true,false,false,false,2026-03-26 11:04:29.898,2026-04-08 13:04:02.983,text,,,,,,,,"{}",,,"{}",false,false,false,false,false,,false,false,false,,,left,left,163
1305,96,l2_name,l2_name,Department,,8,true,,,100,,,true,true,agTextColumnFilter,true,false,false,false,false,,"{}",,"{}",,"{}",false,,"{}","{}",pg_details,,,,,true,false,false,false,2026-03-26 11:04:34.063,2026-04-08 13:04:20.489,text,,,,,,,,"{}",,,"{}",false,false,false,false,false,,false,false,false,,,left,left,163
1306,96,created_by_user,created_by_user,Created By,,9,true,,,100,,,true,true,agTextColumnFilter,true,false,false,false,false,,"{}",,"{}",,"{}",false,,"{}","{}",pg_details,,,,,true,false,false,false,2026-03-26 11:04:38.188,2026-04-08 13:04:20.728,text,,,,,,,,"{}",,,"{}",false,false,false,false,false,,false,false,false,,,left,left,163
1307,96,created_at,created_at,Created On,,10,true,,172,100,,,true,true,agTextColumnFilter,true,false,false,false,false,,"{}",,"{}",,"{}",false,,"{}","{}",pg_details,,,,,true,false,false,false,2026-03-26 11:04:41.674,2026-04-08 13:04:20.730,date,,,,,,,,"{}",,,"{}",false,false,false,false,false,,false,false,false,,,left,left,163
1308,96,modified_by_user,modified_by_user,Modified By,,11,true,,172,100,,,true,true,agTextColumnFilter,true,false,false,false,false,,"{}",,"{}",,"{}",false,,"{}","{}",pg_details,,,,,true,false,false,false,2026-03-26 11:04:45.272,2026-04-08 13:04:20.743,text,,,,,,,,"{}",,,"{}",false,false,false,false,false,,false,false,false,,,left,left,163
1309,96,modified_at,modified_at,Modified On,,12,true,,172,100,,,true,true,agTextColumnFilter,true,false,false,false,false,,"{}",,"{}",,"{}",false,,"{}","{}",pg_details,,,,,true,false,false,false,2026-03-26 11:04:48.736,2026-04-08 13:04:20.752,date,,,,,,,,"{}",,,"{}",false,false,false,false,false,,false,false,false,,,left,left,163
1310,96,promos_count,promos_count,Promos,,13,true,,150,100,,,true,true,agNumberColumnFilter,true,false,false,false,false,,"{}",,"{}",,"{}",false,,"{}","{}",pg_details,,,,,true,false,false,false,2026-03-26 11:04:53.152,2026-04-08 13:04:20.755,number,,,,,,,,"{}",,,"{}",false,false,false,false,false,,false,false,false,,,left,left,163
1311,97,report_level,report_level,Report Level,,1,true,,,100,,,true,true,agTextColumnFilter,true,false,false,false,false,,"{}",,"{}",,"{}",false,,"{}","{}",dimensions,,,,,true,false,false,false,2026-03-26 11:48:13.226,2026-03-26 11:48:13.226,text,,,,,,,,"{}",,,"{}",false,false,false,false,false,,false,false,false,,,left,left,
1313,97,event_name,event_name,Event Name,,3,true,,,100,,,true,true,agTextColumnFilter,true,false,false,false,false,,"{}",,"{}",,"{}",false,,"{}","{}",dimensions,,,,,true,false,false,false,2026-03-26 11:48:30.390,2026-04-19 16:35:51.201,text,,,,,,,,"{}",,,"{}",false,false,false,false,false,,false,false,false,,,left,left,
1331,97,actual_discount,actual_discount,Actual Discount,,21,true,,,100,,,true,true,agNumberColumnFilter,true,false,false,false,false,,"{}",,"{}",,"{}",false,,"{}","{}",dimensions,,,,,true,false,false,false,2026-03-26 11:50:05.346,2026-03-26 11:50:05.346,number,,toPercentage,,,,,,"{}",,,"{}",false,false,false,false,false,,false,false,false,,,left,left,
1346,97,gm_dollar_actual,gm_dollar_actual,Actual,,36,true,,160,100,,,true,true,agNumberColumnFilter,true,false,false,false,false,,"{}",,"{}",,"{}",false,,"{}","{}",gm_dollar,,,,,true,false,false,false,2026-03-26 11:51:30.540,2026-03-26 11:51:30.540,number,,toCurrencyByCurrencyId,,,,,,"{}",,,"{}",false,false,false,false,false,,false,false,false,,,left,left,
1347,97,gm_dollar_forecasted,gm_dollar_forecasted,Forecasted,,37,true,,172,100,,,true,true,agNumberColumnFilter,true,false,false,false,false,,"{}",,"{}",,"{}",false,,"{}","{}",gm_dollar,,,,,true,false,false,false,2026-03-26 11:51:42.995,2026-03-26 11:51:42.996,number,,toCurrencyByCurrencyId,,,,,,"{}",,,"{}",false,false,false,false,false,,false,false,false,,,left,left,
1348,97,gm_dollar_var_fc,gm_dollar_var_fc,Var FC,,38,true,,160,100,,,true,true,agNumberColumnFilter,true,false,false,false,false,,"{}",,"{}",,"{}",false,,"{}","{}",gm_dollar,,,,,true,false,false,false,2026-03-26 11:51:50.496,2026-03-26 11:51:50.496,number,,toPercentage,,,,,,"{}",,,"{}",false,false,false,false,false,,false,false,false,,,left,left,
1349,97,gm_dollar_last_year,gm_dollar_last_year,Last Year,,39,true,,160,100,,,true,true,agNumberColumnFilter,true,false,false,false,false,,"{}",,"{}",,"{}",false,,"{}","{}",gm_dollar,,,,,true,false,false,false,2026-03-26 11:51:53.721,2026-03-26 11:51:53.721,number,,toCurrencyByCurrencyId,,,,,,"{}",,,"{}",false,false,false,false,false,,false,false,false,,,left,left,
1350,97,gm_dollar_var_ly,gm_dollar_var_ly,Var LY,,40,true,,160,100,,,true,true,agNumberColumnFilter,true,false,false,false,false,,"{}",,"{}",,"{}",false,,"{}","{}",gm_dollar,,,,,true,false,false,false,2026-03-26 11:51:59.038,2026-03-26 11:51:59.038,number,,toPercentage,,,,,,"{}",,,"{}",false,false,false,false,false,,false,false,false,,,left,left,
1351,97,gm_dollar_plan,gm_dollar_plan,Plan,,41,true,,160,100,,,true,true,agNumberColumnFilter,true,false,false,false,false,,"{}",,"{}",,"{}",false,,"{}","{}",gm_dollar,,,,,true,false,false,false,2026-03-26 11:52:02.251,2026-03-26 11:52:02.251,number,,toCurrencyByCurrencyId,,,,,,"{}",,,"{}",false,false,false,false,false,,false,false,false,,,left,left,
1352,97,gm_dollar_var_plan,gm_dollar_var_plan,Var Plan,,42,true,,160,100,,,true,true,agNumberColumnFilter,true,false,false,false,false,,"{}",,"{}",,"{}",false,,"{}","{}",gm_dollar,,,,,true,false,false,false,2026-03-26 11:52:05.861,2026-03-26 11:52:05.861,number,,toPercentage,,,,,,"{}",,,"{}",false,false,false,false,false,,false,false,false,,,left,left,
1353,97,gm_percent_actual,gm_percent_actual,Actual,,43,true,,160,100,,,true,true,agNumberColumnFilter,true,false,false,false,false,,"{}",,"{}",,"{}",false,,"{}","{}",gm_percent,,,,,true,false,false,false,2026-03-26 11:52:09.322,2026-03-26 11:52:09.322,number,,toPercentage,,,,,,"{}",,,"{}",false,false,false,false,false,,false,false,false,,,left,left,
1354,97,gm_percent_forecasted,gm_percent_forecasted,Forecasted,,44,true,,172,100,,,true,true,agNumberColumnFilter,true,false,false,false,false,,"{}",,"{}",,"{}",false,,"{}","{}",gm_percent,,,,,true,false,false,false,2026-03-26 11:52:13.633,2026-03-26 11:52:13.633,number,,toPercentage,,,,,,"{}",,,"{}",false,false,false,false,false,,false,false,false,,,left,left,
1355,97,gm_percent_var_fc,gm_percent_var_fc,Var FC,,45,true,,160,100,,,true,true,agNumberColumnFilter,true,false,false,false,false,,"{}",,"{}",,"{}",false,,"{}","{}",gm_percent,,,,,true,false,false,false,2026-03-26 11:52:17.402,2026-03-26 11:52:17.402,number,,toPercentage,,,,,,"{}",,,"{}",false,false,false,false,false,,false,false,false,,,left,left,
1356,97,gm_percent_last_year,gm_percent_last_year,Last Year,,46,true,,160,100,,,true,true,agNumberColumnFilter,true,false,false,false,false,,"{}",,"{}",,"{}",false,,"{}","{}",gm_percent,,,,,true,false,false,false,2026-03-26 11:52:20.847,2026-03-26 11:52:20.847,number,,toPercentage,,,,,,"{}",,,"{}",false,false,false,false,false,,false,false,false,,,left,left,
1357,97,gm_percent_var_ly,gm_percent_var_ly,Var LY,,47,true,,160,100,,,true,true,agNumberColumnFilter,true,false,false,false,false,,"{}",,"{}",,"{}",false,,"{}","{}",gm_percent,,,,,true,false,false,false,2026-03-26 11:52:24.357,2026-03-26 11:52:24.357,number,,toPercentage,,,,,,"{}",,,"{}",false,false,false,false,false,,false,false,false,,,left,left,
1358,97,gm_percent_plan,gm_percent_plan,Plan,,48,true,,160,100,,,true,true,agNumberColumnFilter,true,false,false,false,false,,"{}",,"{}",,"{}",false,,"{}","{}",gm_percent,,,,,true,false,false,false,2026-03-26 11:52:27.723,2026-03-26 11:52:27.723,number,,toPercentage,,,,,,"{}",,,"{}",false,false,false,false,false,,false,false,false,,,left,left,
1359,97,gm_percent_var_plan,gm_percent_var_plan,Var Plan,,49,true,,160,100,,,true,true,agNumberColumnFilter,true,false,false,false,false,,"{}",,"{}",,"{}",false,,"{}","{}",gm_percent,,,,,true,false,false,false,2026-03-26 11:52:31.215,2026-03-26 11:52:31.215,number,,toPercentage,,,,,,"{}",,,"{}",false,false,false,false,false,,false,false,false,,,left,left,
1360,97,cm_dollar_actual,cm_dollar_actual,Actual,,50,true,,160,100,,,true,true,agNumberColumnFilter,true,false,false,false,false,,"{}",,"{}",,"{}",false,,"{}","{}",cm_dollar,,,,,true,false,false,false,2026-03-26 11:52:34.661,2026-03-26 11:52:34.661,number,,toCurrencyByCurrencyId,,,,,,"{}",,,"{}",false,false,false,false,false,,false,false,false,,,left,left,
1361,97,cm_dollar_forecasted,cm_dollar_forecasted,Forecasted,,51,true,,172,100,,,true,true,agNumberColumnFilter,true,false,false,false,false,,"{}",,"{}",,"{}",false,,"{}","{}",cm_dollar,,,,,true,false,false,false,2026-03-26 11:52:37.976,2026-03-26 11:52:37.976,number,,toCurrencyByCurrencyId,,,,,,"{}",,,"{}",false,false,false,false,false,,false,false,false,,,left,left,
1362,97,cm_dollar_var_fc,cm_dollar_var_fc,Var FC,,52,true,,160,100,,,true,true,agNumberColumnFilter,true,false,false,false,false,,"{}",,"{}",,"{}",false,,"{}","{}",cm_dollar,,,,,true,false,false,false,2026-03-26 11:52:41.516,2026-03-26 11:52:41.516,number,,toPercentage,,,,,,"{}",,,"{}",false,false,false,false,false,,false,false,false,,,left,left,
1363,97,cm_dollar_last_year,cm_dollar_last_year,Last Year,,53,true,,160,100,,,true,true,agNumberColumnFilter,true,false,false,false,false,,"{}",,"{}",,"{}",false,,"{}","{}",cm_dollar,,,,,true,false,false,false,2026-03-26 11:52:45.188,2026-03-26 11:52:45.188,number,,toCurrencyByCurrencyId,,,,,,"{}",,,"{}",false,false,false,false,false,,false,false,false,,,left,left,
1364,97,cm_dollar_var_ly,cm_dollar_var_ly,Var LY,,54,true,,160,100,,,true,true,agNumberColumnFilter,true,false,false,false,false,,"{}",,"{}",,"{}",false,,"{}","{}",cm_dollar,,,,,true,false,false,false,2026-03-26 11:52:48.579,2026-03-26 11:52:48.579,number,,toPercentage,,,,,,"{}",,,"{}",false,false,false,false,false,,false,false,false,,,left,left,
1365,97,cm_dollar_last_week,cm_dollar_last_week,Last Week,,55,true,,160,100,,,true,true,agNumberColumnFilter,true,false,false,false,false,,"{}",,"{}",,"{}",false,,"{}","{}",cm_dollar,,,,,true,false,false,false,2026-03-26 11:52:51.902,2026-03-26 11:52:51.902,number,,toCurrencyByCurrencyId,,,,,,"{}",,,"{}",false,false,false,false,false,,false,false,false,,,left,left,
1366,97,cm_dollar_var_lw,cm_dollar_var_lw,Var LW,,56,true,,160,100,,,true,true,agNumberColumnFilter,true,false,false,false,false,,"{}",,"{}",,"{}",false,,"{}","{}",cm_dollar,,,,,true,false,false,false,2026-03-26 11:52:55.201,2026-03-26 11:52:55.201,number,,toPercentage,,,,,,"{}",,,"{}",false,false,false,false,false,,false,false,false,,,left,left,
1367,97,cm_percent_actual,cm_percent_actual,Actual,,57,true,,160,100,,,true,true,agNumberColumnFilter,true,false,false,false,false,,"{}",,"{}",,"{}",false,,"{}","{}",cm_percent,,,,,true,false,false,false,2026-03-26 11:52:58.484,2026-03-26 11:52:58.484,number,,toPercentage,,,,,,"{}",,,"{}",false,false,false,false,false,,false,false,false,,,left,left,
1368,97,cm_percent_forecasted,cm_percent_forecasted,Forecasted,,58,true,,172,100,,,true,true,agNumberColumnFilter,true,false,false,false,false,,"{}",,"{}",,"{}",false,,"{}","{}",cm_percent,,,,,true,false,false,false,2026-03-26 11:53:01.682,2026-03-26 11:53:01.682,number,,toPercentage,,,,,,"{}",,,"{}",false,false,false,false,false,,false,false,false,,,left,left,
1369,97,cm_percent_var_fc,cm_percent_var_fc,Var FC,,59,true,,160,100,,,true,true,agNumberColumnFilter,true,false,false,false,false,,"{}",,"{}",,"{}",false,,"{}","{}",cm_percent,,,,,true,false,false,false,2026-03-26 11:53:05.042,2026-03-26 11:53:05.042,number,,toPercentage,,,,,,"{}",,,"{}",false,false,false,false,false,,false,false,false,,,left,left,
1370,97,cm_percent_last_year,cm_percent_last_year,Last Year,,60,true,,160,100,,,true,true,agNumberColumnFilter,true,false,false,false,false,,"{}",,"{}",,"{}",false,,"{}","{}",cm_percent,,,,,true,false,false,false,2026-03-26 11:53:08.246,2026-03-26 11:53:08.246,number,,toPercentage,,,,,,"{}",,,"{}",false,false,false,false,false,,false,false,false,,,left,left,
1371,97,cm_percent_var_ly,cm_percent_var_ly,Var LY,,61,true,,160,100,,,true,true,agNumberColumnFilter,true,false,false,false,false,,"{}",,"{}",,"{}",false,,"{}","{}",cm_percent,,,,,true,false,false,false,2026-03-26 11:53:11.428,2026-03-26 11:53:11.428,number,,toPercentage,,,,,,"{}",,,"{}",false,false,false,false,false,,false,false,false,,,left,left,
1372,97,cm_percent_last_week,cm_percent_last_week,Last Week,,62,true,,160,100,,,true,true,agNumberColumnFilter,true,false,false,false,false,,"{}",,"{}",,"{}",false,,"{}","{}",cm_percent,,,,,true,false,false,false,2026-03-26 11:53:14.714,2026-03-26 11:53:14.714,number,,toPercentage,,,,,,"{}",,,"{}",false,false,false,false,false,,false,false,false,,,left,left,
1373,97,cm_percent_var_lw,cm_percent_var_lw,Var LW,,63,true,,160,100,,,true,true,agNumberColumnFilter,true,false,false,false,false,,"{}",,"{}",,"{}",false,,"{}","{}",cm_percent,,,,,true,false,false,false,2026-03-26 11:53:18.015,2026-03-26 11:53:18.015,number,,toPercentage,,,,,,"{}",,,"{}",false,false,false,false,false,,false,false,false,,,left,left,
1374,97,aum_actual,aum_actual,Actual,,64,true,,160,100,,,true,true,agNumberColumnFilter,true,false,false,false,false,,"{}",,"{}",,"{}",false,,"{}","{}",aum,,,,,true,false,false,false,2026-03-26 11:53:21.467,2026-03-26 11:53:21.467,number,,toCurrencyByCurrencyId,,,,,,"{}",,,"{}",false,false,false,false,false,,false,false,false,,,left,left,
1375,97,aum_forecasted,aum_forecasted,Forecasted,,65,true,,172,100,,,true,true,agNumberColumnFilter,true,false,false,false,false,,"{}",,"{}",,"{}",false,,"{}","{}",aum,,,,,true,false,false,false,2026-03-26 11:53:25.327,2026-03-26 11:53:25.327,number,,toCurrencyByCurrencyId,,,,,,"{}",,,"{}",false,false,false,false,false,,false,false,false,,,left,left,
1376,97,aum_var_fc,aum_var_fc,Var FC,,66,true,,160,100,,,true,true,agNumberColumnFilter,true,false,false,false,false,,"{}",,"{}",,"{}",false,,"{}","{}",aum,,,,,true,false,false,false,2026-03-26 11:53:28.725,2026-03-26 11:53:28.725,number,,toPercentage,,,,,,"{}",,,"{}",false,false,false,false,false,,false,false,false,,,left,left,
1377,97,aum_last_year,aum_last_year,Last Year,,67,true,,160,100,,,true,true,agNumberColumnFilter,true,false,false,false,false,,"{}",,"{}",,"{}",false,,"{}","{}",aum,,,,,true,false,false,false,2026-03-26 11:53:32.249,2026-03-26 11:53:32.249,number,,toCurrencyByCurrencyId,,,,,,"{}",,,"{}",false,false,false,false,false,,false,false,false,,,left,left,
1378,97,aum_var_ly,aum_var_ly,Var LY,,68,true,,160,100,,,true,true,agNumberColumnFilter,true,false,false,false,false,,"{}",,"{}",,"{}",false,,"{}","{}",aum,,,,,true,false,false,false,2026-03-26 11:53:35.565,2026-03-26 11:53:35.565,number,,toPercentage,,,,,,"{}",,,"{}",false,false,false,false,false,,false,false,false,,,left,left,
1379,97,aum_plan,aum_plan,Plan,,69,true,,160,100,,,true,true,agNumberColumnFilter,true,false,false,false,false,,"{}",,"{}",,"{}",false,,"{}","{}",aum,,,,,true,false,false,false,2026-03-26 11:53:39.110,2026-03-26 11:53:39.110,number,,toCurrencyByCurrencyId,,,,,,"{}",,,"{}",false,false,false,false,false,,false,false,false,,,left,left,
1380,97,aum_var_plan,aum_var_plan,Var Plan,,70,true,,160,100,,,true,true,agNumberColumnFilter,true,false,false,false,false,,"{}",,"{}",,"{}",false,,"{}","{}",aum,,,,,true,false,false,false,2026-03-26 11:53:42.721,2026-03-26 11:53:42.721,number,,toPercentage,,,,,,"{}",,,"{}",false,false,false,false,false,,false,false,false,,,left,left,
1381,97,aur_actual,aur_actual,Actual,,71,true,,160,100,,,true,true,agNumberColumnFilter,true,false,false,false,false,,"{}",,"{}",,"{}",false,,"{}","{}",asp,,,,,true,false,false,false,2026-03-26 11:53:46.079,2026-03-26 11:53:46.079,number,,toCurrencyByCurrencyId,,,,,,"{}",,,"{}",false,false,false,false,false,,false,false,false,,,left,left,
1382,97,aur_forecasted,aur_forecasted,Forecasted,,72,true,,172,100,,,true,true,agNumberColumnFilter,true,false,false,false,false,,"{}",,"{}",,"{}",false,,"{}","{}",asp,,,,,true,false,false,false,2026-03-26 11:53:49.692,2026-03-26 11:53:49.692,number,,toCurrencyByCurrencyId,,,,,,"{}",,,"{}",false,false,false,false,false,,false,false,false,,,left,left,
1383,97,aur_var_fc,aur_var_fc,Var FC,,73,true,,160,100,,,true,true,agNumberColumnFilter,true,false,false,false,false,,"{}",,"{}",,"{}",false,,"{}","{}",asp,,,,,true,false,false,false,2026-03-26 11:53:52.939,2026-03-26 11:53:52.939,number,,toPercentage,,,,,,"{}",,,"{}",false,false,false,false,false,,false,false,false,,,left,left,
1384,97,aur_last_year,aur_last_year,Last Year,,74,true,,160,100,,,true,true,agNumberColumnFilter,true,false,false,false,false,,"{}",,"{}",,"{}",false,,"{}","{}",asp,,,,,true,false,false,false,2026-03-26 11:53:56.522,2026-03-26 11:53:56.522,number,,toCurrencyByCurrencyId,,,,,,"{}",,,"{}",false,false,false,false,false,,false,false,false,,,left,left,
1385,97,aur_var_ly,aur_var_ly,Var LY,,75,true,,160,100,,,true,true,agNumberColumnFilter,true,false,false,false,false,,"{}",,"{}",,"{}",false,,"{}","{}",asp,,,,,true,false,false,false,2026-03-26 11:53:59.942,2026-03-26 11:53:59.942,number,,toPercentage,,,,,,"{}",,,"{}",false,false,false,false,false,,false,false,false,,,left,left,
1386,97,aur_plan,aur_plan,Plan,,76,true,,160,100,,,true,true,agNumberColumnFilter,true,false,false,false,false,,"{}",,"{}",,"{}",false,,"{}","{}",asp,,,,,true,false,false,false,2026-03-26 11:54:03.296,2026-03-26 11:54:03.296,number,,toCurrencyByCurrencyId,,,,,,"{}",,,"{}",false,false,false,false,false,,false,false,false,,,left,left,
1387,97,aur_var_plan,aur_var_plan,Var Plan,,77,true,,160,100,,,true,true,agNumberColumnFilter,true,false,false,false,false,,"{}",,"{}",,"{}",false,,"{}","{}",asp,,,,,true,false,false,false,2026-03-26 11:54:06.618,2026-03-26 11:54:06.618,number,,toPercentage,,,,,,"{}",,,"{}",false,false,false,false,false,,false,false,false,,,left,left,
1388,98,offer_name,offer_name,Offer Name,,1,true,,,100,,,true,true,agTextColumnFilter,true,false,false,false,false,,"{}",,"{}",,"{}",false,,"{}","{}",offer_info,,,,,true,false,false,false,2026-03-26 11:54:26.812,2026-03-26 11:54:26.812,text,,,,,,,,"{}",,,"{}",false,false,false,false,false,,false,false,false,,,left,left,
1389,98,event_name,event_name,Event Name,,2,true,,,100,,,true,true,agTextColumnFilter,true,false,false,false,false,,"{}",,"{}",,"{}",false,,"{}","{}",offer_info,,,,,true,false,false,false,2026-03-26 11:54:29.974,2026-03-26 11:54:29.974,text,,,,,,,,"{}",,,"{}",false,false,false,false,false,,false,false,false,,,left,left,
1390,98,start_date,start_date,Start Date,,3,true,,150,100,,,true,true,agTextColumnFilter,true,false,false,false,false,,"{}",,"{}",,"{}",false,,"{}","{}",offer_info,,,,,true,false,false,false,2026-03-26 11:54:33.297,2026-03-26 11:54:33.297,date,,,,,,,,"{}",,,"{}",false,false,false,false,false,,false,false,false,,,left,left,
1391,98,end_date,end_date,End Date,,4,true,,150,100,,,true,true,agTextColumnFilter,true,false,false,false,false,,"{}",,"{}",,"{}",false,,"{}","{}",offer_info,,,,,true,false,false,false,2026-03-26 11:54:36.880,2026-03-26 11:54:36.880,date,,,,,,,,"{}",,,"{}",false,false,false,false,false,,false,false,false,,,left,left,
1392,98,incremental_margin,incremental_margin,Margin,,5,true,,148,100,,,true,true,agNumberColumnFilter,true,false,false,false,false,,"{}",,"{}",,"{}",false,,"{}","{}",incremental,,,,,true,false,false,false,2026-03-26 11:54:40.235,2026-03-26 11:54:40.235,number,,toCurrencyByCurrencyId,,,,,,"{}",,,"{}",false,false,false,false,false,,false,false,false,,,left,left,
1393,98,incremental_sales,incremental_sales,Sales $,,6,true,,160,100,,,true,true,agNumberColumnFilter,true,false,false,false,false,,"{}",,"{}",,"{}",false,,"{}","{}",incremental,,,,,true,false,false,false,2026-03-26 11:54:43.719,2026-03-26 11:54:43.719,number,,toCurrencyByCurrencyId,,,,,,"{}",,,"{}",false,false,false,false,false,,false,false,false,,,left,left,
1394,98,incremental_units,incremental_units,Sales Units,,7,true,,172,100,,,true,true,agNumberColumnFilter,true,false,false,false,false,,"{}",,"{}",,"{}",false,,"{}","{}",incremental,,,,,true,false,false,false,2026-03-26 11:54:46.949,2026-03-26 11:54:46.949,number,,toUnit,,,,,,"{}",,,"{}",false,false,false,false,false,,false,false,false,,,left,left,
1395,98,actual_markdown,actual_markdown,Promo Spend,,8,true,,,100,,,true,true,agNumberColumnFilter,true,false,false,false,false,,"{}",,"{}",,"{}",false,,"{}","{}",actual,,,,,true,false,false,false,2026-03-26 11:54:50.339,2026-03-26 11:54:50.339,number,,toCurrencyByCurrencyId,,,,,,"{}",,,"{}",false,false,false,false,false,,false,false,false,,,left,left,
1396,98,actual_order_discount,actual_order_discount,Order Discount,,9,true,,160,100,,,true,true,agTextColumnFilter,true,false,false,false,false,,"{}",,"{}",,"{}",false,,"{}","{}",actual,,,,,true,false,false,false,2026-03-26 11:54:53.567,2026-03-26 11:54:53.567,number,,toCurrencyByCurrencyId,,,,,,"{}",,,"{}",false,false,false,false,false,,false,false,false,,,left,left,
1397,98,actual_margin,actual_margin,Margin,,10,true,,148,100,,,true,true,agNumberColumnFilter,true,false,false,false,false,,"{}",,"{}",,"{}",false,,"{}","{}",actual,,,,,true,false,false,false,2026-03-26 11:54:56.976,2026-03-26 11:54:56.976,number,,toCurrencyByCurrencyId,,,,,,"{}",,,"{}",false,false,false,false,false,,false,false,false,,,left,left,
1398,98,actual_sales,actual_sales,Sales $,,11,true,,160,100,,,true,true,agNumberColumnFilter,true,false,false,false,false,,"{}",,"{}",,"{}",false,,"{}","{}",actual,,,,,true,false,false,false,2026-03-26 11:55:00.136,2026-03-26 11:55:00.136,number,,toCurrencyByCurrencyId,,,,,,"{}",,,"{}",false,false,false,false,false,,false,false,false,,,left,left,
1399,98,actual_unit,actual_unit,Sales Units,,12,true,,172,100,,,true,true,agNumberColumnFilter,true,false,false,false,false,,"{}",,"{}",,"{}",false,,"{}","{}",actual,,,,,true,false,false,false,2026-03-26 11:55:03.295,2026-03-26 11:55:03.295,number,,toUnit,,,,,,"{}",,,"{}",false,false,false,false,false,,false,false,false,,,left,left,
1416,101,product_id,product_id,SKU ID,,1,true,,,100,,,true,true,agTextColumnFilter,true,false,false,false,false,,"{}",,"{}",,"{}",false,,"{}","{}",basics,,,,,true,false,false,false,2026-03-26 13:02:12.153,2026-04-08 12:32:24.256,string,,,,,,,,"{}",,,"{}",false,false,false,false,false,,false,false,false,,,left,left,184
1417,101,product_name,product_name,Description,,2,true,,300,100,,,true,true,agTextColumnFilter,true,false,false,false,false,,"{}",,"{}",,"{}",false,,"{}","{}",basics,,,,,true,false,false,false,2026-03-26 13:02:15.544,2026-04-08 12:32:24.257,string,,,,,,,,"{}",,,"{}",false,false,false,false,false,,false,false,false,,,left,left,184
1418,101,promo_base_price,promo_base_price,Base Retail,,3,true,,180,100,,,true,true,agNumberColumnFilter,true,false,false,false,false,,"{}",,"{}",,"{}",false,,"{}","{}",basics,,,,,true,false,false,false,2026-03-26 13:02:18.853,2026-04-08 12:32:24.256,number,,,,,,,,"{}",,,"{}",false,false,false,false,false,,false,false,false,,,left,left,184
1419,101,cost,cost,Cost,,4,true,,140,100,,,true,true,agNumberColumnFilter,true,false,false,false,false,,"{}",,"{}",,"{}",false,,"{}","{}",basics,,,,,true,false,false,false,2026-03-26 13:02:22.189,2026-04-08 12:32:24.256,number,,,,,,,,"{}",,,"{}",false,false,false,false,false,,false,false,false,,,left,left,184
1420,101,l0_name,l0_name,Brand,,5,true,,,100,,,true,true,agTextColumnFilter,true,false,false,false,false,,"{}",,"{}",,"{}",false,,"{}","{}",hierarchy,,,,,true,false,false,false,2026-03-26 13:02:25.771,2026-04-08 12:32:59.350,string,,,,,,,,"{}",,,"{}",false,false,false,false,false,,false,false,false,,,left,left,185
1421,101,l1_name,l1_name,Division,,6,true,,,100,,,true,true,agTextColumnFilter,true,false,false,false,false,,"{}",,"{}",,"{}",false,,"{}","{}",hierarchy,,,,,true,false,false,false,2026-03-26 13:02:29.154,2026-04-08 12:33:08.103,string,,,,,,,,"{}",,,"{}",false,false,false,false,false,,false,false,false,,,left,left,185
1422,101,l2_name,l2_name,Department,,7,true,,,100,,,true,true,agTextColumnFilter,true,false,false,false,false,,"{}",,"{}",,"{}",false,,"{}","{}",hierarchy,,,,,true,false,false,false,2026-03-26 13:02:32.509,2026-04-08 12:33:14.926,string,,,,,,,,"{}",,,"{}",false,false,false,false,false,,false,false,false,,,left,left,185
1423,101,l3_name,l3_name,Class,,8,true,,,100,,,true,true,agTextColumnFilter,true,false,false,false,false,,"{}",,"{}",,"{}",false,,"{}","{}",hierarchy,,,,,true,false,false,false,2026-03-26 13:02:35.762,2026-04-08 12:33:22.113,string,,,,,,,,"{}",,,"{}",false,false,false,false,false,,false,false,false,,,left,left,185
1424,101,finalized_revenue,finalized_revenue,Revenue,,9,true,,,100,,,true,true,agNumberColumnFilter,true,false,false,false,false,,"{}",,"{}",,"{}",false,,"{}","{}",finalized,,,,,true,false,false,false,2026-03-26 13:02:39.329,2026-04-08 12:34:07.627,number,,,,,,,,"{}",,,"{}",false,false,false,false,false,,false,false,false,,,left,left,186
1425,101,finalized_margin,finalized_margin,Margin,,10,true,,,100,,,true,true,agNumberColumnFilter,true,false,false,false,false,,"{}",,"{}",,"{}",false,,"{}","{}",finalized,,,,,true,false,false,false,2026-03-26 13:02:42.608,2026-04-08 12:34:07.611,number,,,,,,,,"{}",,,"{}",false,false,false,false,false,,false,false,false,,,left,left,186
1426,101,finalized_units,finalized_units,Units,,11,true,,,100,,,true,true,agNumberColumnFilter,true,false,false,false,false,,"{}",,"{}",,"{}",false,,"{}","{}",finalized,,,,,true,false,false,false,2026-03-26 13:02:46.087,2026-04-08 12:34:07.627,number,,,,,,,,"{}",,,"{}",false,false,false,false,false,,false,false,false,,,left,left,186
1427,101,finalized_gm_percent,finalized_gm_percent,GM %,,12,true,,,100,,,true,true,agTextColumnFilter,true,false,false,false,false,,"{}",,"{}",,"{}",false,,"{}","{}",finalized,,,,,true,false,false,false,2026-03-26 13:02:49.686,2026-04-08 12:34:07.627,number,,,,,,,,"{}",,,"{}",false,false,false,false,false,,false,false,false,,,left,left,186
1428,101,actual_revenue,actual_revenue,Revenue,,13,true,,,100,,,true,true,agNumberColumnFilter,true,false,false,false,false,,"{}",,"{}",,"{}",false,,"{}","{}",actual,,,,,true,false,false,false,2026-03-26 13:02:53.272,2026-04-08 12:34:19.174,number,,,,,,,,"{}",,,"{}",false,false,false,false,false,,false,false,false,,,left,left,187
1429,101,actual_margin,actual_margin,Margin,,14,true,,,100,,,true,true,agNumberColumnFilter,true,false,false,false,false,,"{}",,"{}",,"{}",false,,"{}","{}",actual,,,,,true,false,false,false,2026-03-26 13:02:56.724,2026-04-08 12:34:19.178,number,,,,,,,,"{}",,,"{}",false,false,false,false,false,,false,false,false,,,left,left,187
1430,101,actual_units,actual_units,Units,,15,true,,,100,,,true,true,agNumberColumnFilter,true,false,false,false,false,,"{}",,"{}",,"{}",false,,"{}","{}",actual,,,,,true,false,false,false,2026-03-26 13:03:00.324,2026-04-08 12:34:19.184,number,,,,,,,,"{}",,,"{}",false,false,false,false,false,,false,false,false,,,left,left,187
1431,101,actual_gm_percent,actual_gm_percent,GM %,,16,true,,,100,,,true,true,agNumberColumnFilter,true,false,false,false,false,,"{}",,"{}",,"{}",false,,"{}","{}",actual,,,,,true,false,false,false,2026-03-26 13:03:03.701,2026-04-08 12:34:20.342,number,,,,,,,,"{}",,,"{}",false,false,false,false,false,,false,false,false,,,left,left,187
1432,102,product_id,product_id,SKU Code,,1,true,,,100,,,true,true,agTextColumnFilter,true,false,false,false,false,,"{}",,"{}",,"{}",false,,"{}","{}",basics,,,,,true,false,false,false,2026-03-26 13:03:43.837,2026-04-08 11:16:07.914,string,,,,,,,,"{}",,,"{}",false,false,false,false,false,,false,false,false,,,left,left,188
1433,102,product_name,product_name,SKU Name,,2,true,,300,100,,,true,true,agTextColumnFilter,true,false,false,false,false,,"{}",,"{}",,"{}",false,,"{}","{}",basics,,,,,true,false,false,false,2026-03-26 13:03:47.269,2026-04-08 11:16:07.909,string,,,,,,,,"{}",,,"{}",false,false,false,false,false,,false,false,false,,,left,left,188
1434,102,current_price,current_price,Price,,3,true,,180,100,,,true,true,agTextColumnFilter,true,false,false,false,false,,"{}",,"{}",,"{}",false,,"{}","{}",basics,,,,,true,false,false,false,2026-03-26 13:03:50.599,2026-04-08 11:16:07.900,number,,,,,,,,"{}",,,"{}",false,false,false,false,false,,false,false,false,,,left,left,188
1435,102,cost,cost,Cost,,4,true,,140,100,,,true,true,agTextColumnFilter,true,false,false,false,false,,"{}",,"{}",,"{}",false,,"{}","{}",basics,,,,,true,false,false,false,2026-03-26 13:03:54.183,2026-04-08 11:16:07.914,number,,,,,,,,"{}",,,"{}",false,false,false,false,false,,false,false,false,,,left,left,188
1436,102,total_inventory,total_inventory,Inventory,,5,true,,160,100,,,true,true,agTextColumnFilter,true,false,false,false,false,,"{}",,"{}",,"{}",false,,"{}","{}",basics,,,,,true,false,false,false,2026-03-26 13:03:57.431,2026-04-08 11:16:07.913,number,,,,,,,,"{}",,,"{}",false,false,false,false,false,,false,false,false,,,left,left,188
1437,102,l0_cuq,l0_cuq,Brand,,6,true,,,100,,,true,true,agTextColumnFilter,true,false,false,false,false,,"{}",,"{}",,"{}",false,,"{}","{}",hierarchy,,,,,true,false,false,false,2026-03-26 13:04:00.648,2026-04-08 12:49:45.335,string,,,,,,,,"{}",,,"{}",false,false,false,false,false,,false,false,false,,,left,left,189
1438,102,l1_cuq,l1_cuq,Division,,7,true,,,100,,,true,true,agTextColumnFilter,true,false,false,false,false,,"{}",,"{}",,"{}",false,,"{}","{}",hierarchy,,,,,true,false,false,false,2026-03-26 13:04:03.895,2026-04-08 12:49:51.704,string,,,,,,,,"{}",,,"{}",false,false,false,false,false,,false,false,false,,,left,left,189
1439,102,l2_cuq,l2_cuq,Department,,8,true,,,100,,,true,true,agTextColumnFilter,true,false,false,false,false,,"{}",,"{}",,"{}",false,,"{}","{}",hierarchy,,,,,true,false,false,false,2026-03-26 13:04:07.844,2026-04-08 12:49:59.281,string,,,,,,,,"{}",,,"{}",false,false,false,false,false,,false,false,false,,,left,left,189
1440,102,l3_cuq,l3_cuq,Class,,9,true,,,100,,,true,true,agTextColumnFilter,true,false,false,false,false,,"{}",,"{}",,"{}",false,,"{}","{}",hierarchy,,,,,true,false,false,false,2026-03-26 13:04:11.519,2026-04-08 12:50:06.816,string,,,,,,,,"{}",,,"{}",false,false,false,false,false,,false,false,false,,,left,left,189
1441,102,actual_units,actual_units,Actualized,,10,true,,,100,,,true,true,agNumberColumnFilter,true,false,false,false,false,,"{}",,"{}",,"{}",false,,"{}","{}",units,,,,,true,false,false,false,2026-03-26 13:04:15.138,2026-04-08 11:16:33.210,number,,,,,,,,"{}",,,"{}",false,false,false,false,false,,false,false,false,,,left,left,190
1442,102,finalized_units,finalized_units,Finalized,,11,true,,,100,,,true,true,agNumberColumnFilter,true,false,false,false,false,,"{}",,"{}",,"{}",false,,"{}","{}",units,,,,,true,false,false,false,2026-03-26 13:04:18.526,2026-04-08 11:16:33.204,number,,,,,,,,"{}",,,"{}",false,false,false,false,false,,false,false,false,,,left,left,190
1443,102,baseline_units,baseline_units,Baseline,,12,true,,,100,,,true,true,agNumberColumnFilter,true,false,false,false,false,,"{}",,"{}",,"{}",false,,"{}","{}",units,,,,,true,false,false,false,2026-03-26 13:04:21.899,2026-04-08 11:16:33.216,number,,,,,,,,"{}",,,"{}",false,false,false,false,false,,false,false,false,,,left,left,190
1444,102,actualized_incremental_units,actualized_incremental_units,Actualized Incremental,,13,true,,,100,,,true,true,agNumberColumnFilter,true,false,false,false,false,,"{}",,"{}",,"{}",false,,"{}","{}",units,,,,,true,false,false,false,2026-03-26 13:04:25.227,2026-04-08 11:16:33.493,number,,,,,,,,"{}",,,"{}",false,false,false,false,false,,false,false,false,,,left,left,190
1445,102,finalized_incremental_units,finalized_incremental_units,Finalized Incremental,,14,true,,,100,,,true,true,agNumberColumnFilter,true,false,false,false,false,,"{}",,"{}",,"{}",false,,"{}","{}",units,,,,,true,false,false,false,2026-03-26 13:04:28.618,2026-04-08 11:16:33.493,number,,,,,,,,"{}",,,"{}",false,false,false,false,false,,false,false,false,,,left,left,190
1446,102,actual_revenue,actual_revenue,Actualized,,15,true,,,100,,,true,true,agNumberColumnFilter,true,false,false,false,false,,"{}",,"{}",,"{}",false,,"{}","{}",revenue,,,,,true,false,false,false,2026-03-26 13:04:31.883,2026-04-08 11:16:39.216,number,,,,,,,,"{}",,,"{}",false,false,false,false,false,,false,false,false,,,left,left,191
1447,102,finalized_revenue,finalized_revenue,Finalized,,16,true,,,100,,,true,true,agNumberColumnFilter,true,false,false,false,false,,"{}",,"{}",,"{}",false,,"{}","{}",revenue,,,,,true,false,false,false,2026-03-26 13:04:35.087,2026-04-08 11:16:49.805,number,,,,,,,,"{}",,,"{}",false,false,false,false,false,,false,false,false,,,left,left,191
1448,102,baseline_revenue,baseline_revenue,Baseline,,17,true,,,100,,,true,true,agNumberColumnFilter,true,false,false,false,false,,"{}",,"{}",,"{}",false,,"{}","{}",revenue,,,,,true,false,false,false,2026-03-26 13:04:38.348,2026-04-08 11:16:49.820,number,,,,,,,,"{}",,,"{}",false,false,false,false,false,,false,false,false,,,left,left,191
1449,102,actualized_incremental_revenue,actualized_incremental_revenue,Actualized Incremental,,18,true,,,100,,,true,true,agNumberColumnFilter,true,false,false,false,false,,"{}",,"{}",,"{}",false,,"{}","{}",revenue,,,,,true,false,false,false,2026-03-26 13:04:41.704,2026-04-08 11:16:49.825,number,,,,,,,,"{}",,,"{}",false,false,false,false,false,,false,false,false,,,left,left,191
1450,102,finalized_incremental_revenue,finalized_incremental_revenue,Finalized Incremental,,19,true,,,100,,,true,true,agNumberColumnFilter,true,false,false,false,false,,"{}",,"{}",,"{}",false,,"{}","{}",revenue,,,,,true,false,false,false,2026-03-26 13:04:45.081,2026-04-08 11:16:49.830,number,,,,,,,,"{}",,,"{}",false,false,false,false,false,,false,false,false,,,left,left,191
1451,102,actual_margin,actual_margin,Actualized,,20,true,,,100,,,true,true,agNumberColumnFilter,true,false,false,false,false,,"{}",,"{}",,"{}",false,,"{}","{}",margin,,,,,true,false,false,false,2026-03-26 13:04:48.665,2026-04-08 11:16:54.127,number,,,,,,,,"{}",,,"{}",false,false,false,false,false,,false,false,false,,,left,left,192
1452,102,finalized_margin,finalized_margin,Finalized,,21,true,,,100,,,true,true,agNumberColumnFilter,true,false,false,false,false,,"{}",,"{}",,"{}",false,,"{}","{}",margin,,,,,true,false,false,false,2026-03-26 13:04:51.982,2026-04-08 11:16:53.053,number,,,,,,,,"{}",,,"{}",false,false,false,false,false,,false,false,false,,,left,left,192
1453,102,baseline_margin,baseline_margin,Baseline,,22,true,,,100,,,true,true,agNumberColumnFilter,true,false,false,false,false,,"{}",,"{}",,"{}",false,,"{}","{}",margin,,,,,true,false,false,false,2026-03-26 13:04:55.209,2026-04-08 11:17:05.680,number,,,,,,,,"{}",,,"{}",false,false,false,false,false,,false,false,false,,,left,left,192
1454,102,actualized_incremental_margin,actualized_incremental_margin,Actualized Incremental,,23,true,,,100,,,true,true,agNumberColumnFilter,true,false,false,false,false,,"{}",,"{}",,"{}",false,,"{}","{}",margin,,,,,true,false,false,false,2026-03-26 13:04:58.510,2026-04-08 11:17:05.693,number,,,,,,,,"{}",,,"{}",false,false,false,false,false,,false,false,false,,,left,left,192
1455,102,finalized_incremental_margin,finalized_incremental_margin,Finalized Incremental,,24,true,,,100,,,true,true,agNumberColumnFilter,true,false,false,false,false,,"{}",,"{}",,"{}",false,,"{}","{}",margin,,,,,true,false,false,false,2026-03-26 13:05:01.767,2026-04-08 11:17:05.689,number,,,,,,,,"{}",,,"{}",false,false,false,false,false,,false,false,false,,,left,left,192
1456,102,actual_contribution_margin,actual_contribution_margin,Actualized,,25,true,,,100,,,true,true,agNumberColumnFilter,true,false,false,false,false,,"{}",,"{}",,"{}",false,,"{}","{}",cm_dollar,,,,,true,false,false,false,2026-03-26 13:05:05.255,2026-04-08 11:17:05.699,number,,,,,,,,"{}",,,"{}",false,false,false,false,false,,false,false,false,,,left,left,193
1457,102,finalized_contribution_margin,finalized_contribution_margin,Finalized,,26,true,,,100,,,true,true,agNumberColumnFilter,true,false,false,false,false,,"{}",,"{}",,"{}",false,,"{}","{}",cm_dollar,,,,,true,false,false,false,2026-03-26 13:05:08.685,2026-04-08 11:17:05.957,number,,,,,,,,"{}",,,"{}",false,false,false,false,false,,false,false,false,,,left,left,193
1458,102,actual_contributional_margin_percent,actual_contributional_margin_percent,Actualized,,27,true,,,100,,,true,true,agTextColumnFilter,true,false,false,false,false,,"{}",,"{}",,"{}",false,,"{}","{}",cm_percent,,,,,true,false,false,false,2026-03-26 13:05:11.922,2026-04-08 11:17:19.323,number,,,,,,,,"{}",,,"{}",false,false,false,false,false,,false,false,false,,,left,left,194
1459,102,finalized_contributional_margin_percent,finalized_contributional_margin_percent,Finalized,,28,true,,,100,,,true,true,agTextColumnFilter,true,false,false,false,false,,"{}",,"{}",,"{}",false,,"{}","{}",cm_percent,,,,,true,false,false,false,2026-03-26 13:05:15.408,2026-04-08 11:17:19.323,number,,,,,,,,"{}",,,"{}",false,false,false,false,false,,false,false,false,,,left,left,194
1460,102,actual_metric_contribution_percent,actual_metric_contribution_percent,Actualized,,29,true,,,100,,,true,true,agTextColumnFilter,true,false,false,false,false,,"{}",,"{}",,"{}",false,,"{}","{}",metric_contrib,,,,,true,false,false,false,2026-03-26 13:05:18.927,2026-04-08 11:17:29.612,number,,,,,,,,"{}",,,"{}",false,false,false,false,false,,false,false,false,,,left,left,195
1461,102,finalized_metric_contribution_percent,finalized_metric_contribution_percent,Finalized,,30,true,,,100,,,true,true,agTextColumnFilter,true,false,false,false,false,,"{}",,"{}",,"{}",false,,"{}","{}",metric_contrib,,,,,true,false,false,false,2026-03-26 13:05:22.385,2026-04-08 11:17:29.612,number,,,,,,,,"{}",,,"{}",false,false,false,false,false,,false,false,false,,,left,left,195
1462,102,actual_units_contribution_percent,actual_units_contribution_percent,Actualized,,31,true,,,100,,,true,true,agTextColumnFilter,true,false,false,false,false,,"{}",,"{}",,"{}",false,,"{}","{}",units_contrib,,,,,true,false,false,false,2026-03-26 13:05:25.817,2026-04-08 11:17:39.849,number,,,,,,,,"{}",,,"{}",false,false,false,false,false,,false,false,false,,,left,left,196
1463,102,finalized_units_contribution_percent,finalized_units_contribution_percent,Finalized,,32,true,,,100,,,true,true,agTextColumnFilter,true,false,false,false,false,,"{}",,"{}",,"{}",false,,"{}","{}",units_contrib,,,,,true,false,false,false,2026-03-26 13:05:29.176,2026-04-08 11:17:39.845,number,,,,,,,,"{}",,,"{}",false,false,false,false,false,,false,false,false,,,left,left,196
1464,102,actual_revenue_contribution_percent,actual_revenue_contribution_percent,Actualized,,33,true,,,100,,,true,true,agTextColumnFilter,true,false,false,false,false,,"{}",,"{}",,"{}",false,,"{}","{}",revenue_contrib,,,,,true,false,false,false,2026-03-26 13:05:32.394,2026-04-08 11:17:47.113,number,,,,,,,,"{}",,,"{}",false,false,false,false,false,,false,false,false,,,left,left,197
1465,102,finalized_revenue_contribution_percent,finalized_revenue_contribution_percent,Finalized,,34,true,,,100,,,true,true,agTextColumnFilter,true,false,false,false,false,,"{}",,"{}",,"{}",false,,"{}","{}",revenue_contrib,,,,,true,false,false,false,2026-03-26 13:05:35.711,2026-04-08 11:17:47.109,number,,,,,,,,"{}",,,"{}",false,false,false,false,false,,false,false,false,,,left,left,197
1466,102,actual_merch_margin_contribution_percent,actual_merch_margin_contribution_percent,Actualized,,35,true,,,100,,,true,true,agTextColumnFilter,true,false,false,false,false,,"{}",,"{}",,"{}",false,,"{}","{}",margin_contrib,,,,,true,false,false,false,2026-03-26 13:05:39.145,2026-04-08 11:17:53.024,number,,,,,,,,"{}",,,"{}",false,false,false,false,false,,false,false,false,,,left,left,198
1467,102,finalized_merch_margin_contribution_percent,finalized_merch_margin_contribution_percent,Finalized,,36,true,,,100,,,true,true,agTextColumnFilter,true,false,false,false,false,,"{}",,"{}",,"{}",false,,"{}","{}",margin_contrib,,,,,true,false,false,false,2026-03-26 13:05:42.467,2026-04-08 11:17:53.006,number,,,,,,,,"{}",,,"{}",false,false,false,false,false,,false,false,false,,,left,left,198
1509,105,product_id,product_id,SKU ID,,10,true,,,100,,,true,true,agTextColumnFilter,true,false,false,false,false,,"{}",,"{}",,"{}",false,,"{}","{}",basics,,,,,true,false,false,false,2026-03-26 13:19:37.555,2026-04-14 07:15:05.569,string,,,,,,,,"{}",,,"{}",false,false,false,false,false,,false,false,false,,,left,left,
1510,105,product_description,product_description,Description,,20,true,,300,100,,,true,true,agTextColumnFilter,true,false,false,false,false,,"{}",,"{}",,"{}",false,,"{}","{}",basics,,,,,true,false,false,false,2026-03-26 13:19:40.951,2026-04-14 07:15:00.166,string,,,,,,,,"{}",,,"{}",false,false,false,false,false,,false,false,false,,,left,left,
1511,105,promo_base_price,promo_base_price,List Price,,30,true,,,160,,,true,true,agNumberColumnFilter,true,false,false,false,false,,"{}",,"{}",,"{}",false,,"{}","{}",basics,,,,,true,false,false,false,2026-03-26 13:19:44.324,2026-04-14 07:15:00.166,number,,,,,,,,"{}",,,"{}",false,false,false,false,false,,false,false,false,,,left,left,
1512,105,cost,cost,Cost,,40,true,,,160,,,true,true,agTextColumnFilter,true,false,false,false,false,,"{}",,"{}",,"{}",false,,"{}","{}",basics,,,,,true,false,false,false,2026-03-26 13:19:47.646,2026-04-14 07:15:00.166,number,,,,,,,,"{}",,,"{}",false,false,false,false,false,,false,false,false,,,left,left,
1513,105,launch_price,launch_price,Launch Price,,50,true,,,160,,,true,true,agNumberColumnFilter,true,false,false,false,false,,"{}",,"{}",,"{}",false,,"{}","{}",basics,,,,,true,false,false,false,2026-03-26 13:19:50.998,2026-04-14 07:15:00.166,number,,,,,,,,"{}",,,"{}",false,false,false,false,false,,false,false,false,,,left,left,
1514,106,user_entered_id,user_entered_id,SKU ID,,1,true,,,100,,,true,true,agTextColumnFilter,true,false,false,false,false,,"{}",,"{}",,"{}",false,,"{}","{}",basics,,,,,true,false,false,false,2026-03-26 13:20:05.334,2026-03-26 13:20:05.334,string,,,,,,,,"{}",,,"{}",false,false,false,false,false,,false,false,false,,,left,left,
1515,106,validity,validity,Status,,2,true,,,100,,,true,true,agTextColumnFilter,true,false,false,false,false,,"{}",,"{}",,"{}",false,,"{}","{}",basics,,,,,true,false,false,false,2026-03-26 13:20:08.637,2026-03-26 13:20:08.637,string,,,,,,,,"{}",,,"{}",false,false,false,false,false,,false,false,false,,,left,left,
1516,107,store_id,store_id,Store ID,,1,true,,,100,,,true,true,agTextColumnFilter,true,false,false,false,false,,"{}",,"{}",,"{}",false,,"{}","{}",basics,,,,,true,false,false,false,2026-03-26 13:20:22.073,2026-04-08 13:19:42.239,string,,,,,,,,"{}",,,"{}",false,false,false,false,false,,false,false,false,,,left,left,213
1517,107,store_name,store_name,Store Name,,2,true,,,100,,,true,true,agTextColumnFilter,true,false,false,false,false,,"{}",,"{}",,"{}",false,,"{}","{}",basics,,,,,true,false,false,false,2026-03-26 13:20:25.565,2026-04-08 13:19:42.248,string,,,,,,,,"{}",,,"{}",false,false,false,false,false,,false,false,false,,,left,left,213
1518,107,s0_name,s0_name,Country,,3,true,,,100,,,true,true,agTextColumnFilter,true,false,false,false,false,,"{}",,"{}",,"{}",false,,"{}","{}",hierarchy,,,,,true,false,false,false,2026-03-26 13:20:29.134,2026-04-08 13:20:07.945,string,,,,,,,,"{}",,,"{}",false,false,false,false,false,,false,false,false,,,left,left,214
1519,107,s1_name,s1_name,Enterprise Channel,,4,true,,,100,,,true,true,agTextColumnFilter,true,false,false,false,false,,"{}",,"{}",,"{}",false,,"{}","{}",hierarchy,,,,,true,false,false,false,2026-03-26 13:20:32.858,2026-04-08 13:20:15.720,string,,,,,,,,"{}",,,"{}",false,false,false,false,false,,false,false,false,,,left,left,214
1520,107,s2_name,s2_name,Region,,5,true,,,100,,,true,true,agTextColumnFilter,true,false,false,false,false,,"{}",,"{}",,"{}",false,,"{}","{}",hierarchy,,,,,true,false,false,false,2026-03-26 13:20:36.259,2026-04-08 13:20:21.025,string,,,,,,,,"{}",,,"{}",false,false,false,false,false,,false,false,false,,,left,left,214
1521,107,s3_name,s3_name,District,,6,true,,,100,,,true,true,agTextColumnFilter,true,false,false,false,false,,"{}",,"{}",,"{}",false,,"{}","{}",hierarchy,,,,,true,false,false,false,2026-03-26 13:20:39.692,2026-04-08 13:20:28.991,string,,,,,,,,"{}",,,"{}",false,false,false,false,false,,false,false,false,,,left,left,214
1522,107,s4_name,s4_name,State,,7,true,,,100,,,true,true,agTextColumnFilter,true,false,false,false,false,,"{}",,"{}",,"{}",false,,"{}","{}",hierarchy,,,,,true,false,false,false,2026-03-26 13:20:43.071,2026-04-08 13:20:34.952,string,,,,,,,,"{}",,,"{}",false,false,false,false,false,,false,false,false,,,left,left,214
1523,107,s5_name,s5_name,City,,8,true,,,100,,,true,true,agTextColumnFilter,true,false,false,false,false,,"{}",,"{}",,"{}",false,,"{}","{}",hierarchy,,,,,true,false,false,false,2026-03-26 13:20:46.384,2026-04-08 13:20:42.252,string,,,,,,,,"{}",,,"{}",false,false,false,false,false,,false,false,false,,,left,left,214
1524,108,store_id,store_id,Store ID,,1,true,,,100,,,true,true,agTextColumnFilter,true,false,false,false,false,,"{}",,"{}",,"{}",false,,"{}","{}",basics,,,,,true,false,false,false,2026-03-26 13:21:01.311,2026-03-26 13:21:01.311,string,,,,,,,,"{}",,,"{}",false,false,false,false,false,,false,false,false,,,left,left,
1525,108,status,status,Status,,2,true,,,100,,,true,true,agTextColumnFilter,true,false,false,false,false,,"{}",,"{}",,"{}",false,,"{}","{}",basics,,,,,true,false,false,false,2026-03-26 13:21:04.595,2026-03-26 13:21:04.595,string,,,,,,,,"{}",,,"{}",false,false,false,false,false,,false,false,false,,,left,left,
1526,109,s0_name,s0_name,S0 Name,,0,true,,,100,,,true,true,,false,false,false,false,false,,"{}",,"{}",,"{}",false,,"{}","{}",,,,,,false,false,false,false,2026-03-30 06:03:47.126,2026-03-30 08:58:47.722,text,,toPercentage,,,,,,"{}",,,"{}",false,false,false,false,false,,false,false,false,,,left,left,216
1527,109,s1_name,s1_name,S1 Name,,10,true,,,100,,,true,true,,false,false,false,false,false,,"{}",,"{}",,"{}",false,,"{}","{}",,,,,,false,false,false,false,2026-03-30 06:03:50.512,2026-03-30 06:28:36.424,text,,,,,,,,"{}",,,"{}",false,false,false,false,false,,false,false,false,,,left,left,216
1528,109,s2_name,s2_name,S2 Name,,20,true,,,100,,,true,true,,false,false,false,false,false,,"{}",,"{}",,"{}",false,,"{}","{}",,,,,,false,false,false,false,2026-03-30 06:03:53.791,2026-03-30 06:28:39.980,text,,,,,,,,"{}",,,"{}",false,false,false,false,false,,false,false,false,,,left,left,216
1529,109,s3_name,s3_name,S3 Name,,30,true,,,100,,,true,true,,false,false,false,false,false,,"{}",,"{}",,"{}",false,,"{}","{}",,,,,,false,false,false,false,2026-03-30 06:03:57.072,2026-03-30 06:28:39.978,text,,,,,,,,"{}",,,"{}",false,false,false,false,false,,false,false,false,,,left,left,216
1530,109,s4_name,s4_name,S4 Name,,40,true,,,100,,,true,true,,false,false,false,false,false,,"{}",,"{}",,"{}",false,,"{}","{}",,,,,,false,false,false,false,2026-03-30 06:04:00.302,2026-03-30 06:28:43.906,text,,,,,,,,"{}",,,"{}",false,false,false,false,false,,false,false,false,,,left,left,216
1531,109,s5_name,s5_name,S5 Name,,50,true,,,100,,,true,true,,false,false,false,false,false,,"{}",,"{}",,"{}",false,,"{}","{}",,,,,,false,false,false,false,2026-03-30 06:04:03.610,2026-03-30 06:28:43.866,text,,,,,,,,"{}",,,"{}",false,false,false,false,false,,false,false,false,,,left,left,216
1532,109,store_name,store_name,Store Name,,60,true,,,100,,,true,true,,false,false,false,false,false,,"{}",,"{}",,"{}",false,,"{}","{}",,,,,,false,false,false,false,2026-03-30 06:04:07.097,2026-03-30 10:25:04.447,text,,replaceSpecialCharacter,,,,,,"{}",,,"{}",false,false,false,false,false,,false,false,false,,,left,left,
1533,109,store_status,store_status,Store Status,,70,true,,,100,,,true,true,,false,false,false,false,false,,"{}",,"{}",,"{}",false,,"{}","{}",,,,,,false,false,false,false,2026-03-30 06:04:10.685,2026-03-30 06:04:10.685,text,,,,,,,,"{}",,,"{}",false,false,false,false,false,,false,false,false,,,left,left,
1534,109,type,type,Type,,80,true,,,100,,,true,true,,false,false,false,false,false,,"{}",,"{}",,"{}",false,,"{}","{}",,,,,,false,false,false,false,2026-03-30 06:04:14.183,2026-03-30 06:04:14.183,text,,,,,,,,"{}",,,"{}",false,false,false,false,false,,false,false,false,,,left,left,
1535,109,store_id,store_id,Store Id,,90,true,,,100,,,true,true,,false,false,false,false,false,,"{}",,"{}",,"{}",false,,"{}","{}",,,,,,false,false,false,false,2026-03-30 06:04:17.908,2026-03-30 06:04:17.908,number,,,,,,,,"{}",,,"{}",false,false,false,false,false,,false,false,false,,,left,left,
1536,109,country,country,Country,,100,true,,,100,,,true,true,,false,false,false,false,false,,"{}",,"{}",,"{}",false,,"{}","{}",,,,,,false,false,false,false,2026-03-30 06:04:21.400,2026-03-30 06:04:21.400,text,,,,,,,,"{}",,,"{}",false,false,false,false,false,,false,false,false,,,left,left,
1537,109,city,city,City,,110,true,,,100,,,true,true,,false,false,false,false,false,,"{}",,"{}",,"{}",false,,"{}","{}",,,,,,false,false,false,false,2026-03-30 06:04:24.691,2026-03-30 06:04:24.691,text,,,,,,,,"{}",,,"{}",false,false,false,false,false,,false,false,false,,,left,left,
1538,109,address,address,Address,,120,true,,,100,,,true,true,,false,false,false,false,false,,"{}",,"{}",,"{}",false,,"{}","{}",,,,,,false,false,false,false,2026-03-30 06:04:28.215,2026-03-30 06:04:28.215,text,,,,,,,,"{}",,,"{}",false,false,false,false,false,,false,false,false,,,left,left,
1539,109,address_2,address_2,Address 2,,130,true,,,100,,,true,true,,false,false,false,false,false,,"{}",,"{}",,"{}",false,,"{}","{}",,,,,,false,false,false,false,2026-03-30 06:04:31.643,2026-03-30 06:04:31.643,text,,,,,,,,"{}",,,"{}",false,false,false,false,false,,false,false,false,,,left,left,
1540,109,state,state,State,,140,true,,,100,,,true,true,,false,false,false,false,false,,"{}",,"{}",,"{}",false,,"{}","{}",,,,,,false,false,false,false,2026-03-30 06:04:34.994,2026-03-30 06:04:34.994,text,,,,,,,,"{}",,,"{}",false,false,false,false,false,,false,false,false,,,left,left,
1541,109,store_type,store_type,Store Type,,150,true,,,100,,,true,true,,false,false,false,false,false,,"{}",,"{}",,"{}",false,,"{}","{}",,,,,,false,false,false,false,2026-03-30 06:04:38.679,2026-03-30 06:04:38.679,text,,,,,,,,"{}",,,"{}",false,false,false,false,false,,false,false,false,,,left,left,
2050,186,checkbox,checkbox,"",,0,true,left,60,60,,,false,false,,false,false,false,false,false,,"{}",,"{}",,"{}",false,,"{}","{}",,,,,,false,true,true,true,2026-04-01 10:52:39.212,2026-04-01 10:52:39.212,text,,,,,,,,"{}",,,"{}",false,false,false,false,false,,false,false,false,,,left,left,
2051,186,strategy_name,strategy_name,Strategy Name,,10,true,,,220,,,true,true,agTextColumnFilter,true,false,false,false,false,,"{}",EditStrategyCellRenderer,"{""disableKey"": ""is_sub_total""}",,"{}",false,,"{}","{}",,,,,,false,false,false,false,2026-04-01 10:52:39.212,2026-04-10 07:35:25.849,text,,,,,,,,"{}",,,"{}",false,false,false,false,false,,false,false,false,,,left,left,
2052,186,alert_count,alert_count,Alerts,,20,true,,160,100,,,true,true,agTextColumnFilter,true,false,false,false,false,,"{}",CellsWithNumberAndLink,"{}",,"{}",false,,"{}","{}",,,,,,false,false,false,false,2026-04-01 10:52:39.212,2026-04-01 10:52:39.212,number,,,,,,,,"{}",,,"{}",false,false,false,false,false,,false,false,false,,,left,left,
2053,186,date_range,date_range,Date Range,,30,true,,,100,,,true,true,agTextColumnFilter,true,false,false,false,false,,"{}",,"{}",,"{}",false,,"{}","{}",,,,,,false,false,false,false,2026-04-01 10:52:39.212,2026-04-01 10:52:39.212,text,,dateRangeFormat,,,,,,"{}",,,"{}",false,false,false,false,false,,false,false,false,,,left,left,
2054,186,products_count,products_count,Product Count,,40,true,,210,100,,,true,true,agTextColumnFilter,true,false,false,false,false,,"{}",CellsWithNumberAndLink,"{}",,"{}",false,,"{}","{}",,,,,,false,false,false,false,2026-04-01 10:52:39.212,2026-04-01 10:52:39.212,number,,,,,,,,"{}",,,"{}",false,false,false,false,false,,false,false,false,,,left,left,
2055,186,stores_count,stores_count,Store Count,,50,true,,210,100,,,true,true,agTextColumnFilter,true,false,false,false,false,,"{}",CellsWithNumberAndLink,"{}",,"{}",false,,"{}","{}",,,,,,false,false,false,false,2026-04-01 10:52:39.212,2026-04-01 10:52:39.212,number,,,,,,,,"{}",,,"{}",false,false,false,false,false,,false,false,false,,,left,left,
2056,186,metrics.lw_clearance_discount,metrics.lw_clearance_discount,LW,,60,true,,130,100,,,true,true,agTextColumnFilter,true,false,false,false,false,,"{}",,"{}",,"{}",false,,"{}","{}",clearance_discount,,,,,false,false,false,false,2026-04-01 10:52:39.212,2026-04-01 10:52:39.212,number,,toPercentage,,,,,,"{}",,,"{}",false,false,false,false,false,,false,false,false,,,left,left,279
2057,186,metrics.till_date_clearance_discount,metrics.till_date_clearance_discount,Strategy Till Date,,70,true,,220,100,,,true,true,agTextColumnFilter,true,false,false,false,false,,"{}",,"{}",,"{}",false,,"{}","{}",clearance_discount,,,,,false,false,false,false,2026-04-01 10:52:39.212,2026-04-01 10:52:39.212,number,,toPercentage,,,,,,"{}",,,"{}",false,false,false,false,false,,false,false,false,,,left,left,279
2058,186,metrics.ia_reco_clearance_discount,metrics.ia_reco_clearance_discount,IA Reco,,80,true,,160,100,,,true,true,agTextColumnFilter,true,false,false,false,false,,"{}",,"{}",,"{}",false,,"{}","{}",clearance_discount,,,,,false,false,false,false,2026-04-01 10:52:39.212,2026-04-01 10:52:39.212,number,,toPercentage,,,,,,"{}",,,"{}",false,false,false,false,false,,false,false,false,,,left,left,279
2059,186,metrics.bl_clearance_discount,metrics.bl_clearance_discount,Finalized,,90,true,,170,100,,,true,true,agTextColumnFilter,true,false,false,false,false,,"{}",,"{}",,"{}",false,,"{}","{}",clearance_discount,,,,,false,false,false,false,2026-04-01 10:52:39.212,2026-04-01 10:52:39.212,number,,toPercentage,,,,,,"{}",,,"{}",false,false,false,false,false,,false,false,false,,,left,left,279
2060,186,metrics.lw_gm_$,metrics.lw_gm_$,LW,,100,true,,130,100,,,true,true,agTextColumnFilter,true,false,false,false,false,,"{}",,"{}",,"{}",false,,"{}","{}",margin,,,,,false,false,false,false,2026-04-01 10:52:39.212,2026-04-01 10:52:39.212,number,,toDollar,,,,,,"{}",,,"{}",false,false,false,false,false,,false,false,false,,,left,left,280
2061,186,metrics.till_date_gm_$,metrics.till_date_gm_$,Strategy Till Date,,110,true,,220,100,,,true,true,agTextColumnFilter,true,false,false,false,false,,"{}",,"{}",,"{}",false,,"{}","{}",margin,,,,,false,false,false,false,2026-04-01 10:52:39.212,2026-04-01 10:52:39.212,number,,toDollar,,,,,,"{}",,,"{}",false,false,false,false,false,,false,false,false,,,left,left,280
2062,186,metrics.ia_reco_gm_$,metrics.ia_reco_gm_$,IA Reco,,120,true,,160,100,,,true,true,agTextColumnFilter,true,false,false,false,false,,"{}",,"{}",,"{}",false,,"{}","{}",margin,,,,,false,false,false,false,2026-04-01 10:52:39.212,2026-04-01 10:52:39.212,number,,toDollar,,,,,,"{}",,,"{}",false,false,false,false,false,,false,false,false,,,left,left,280
2063,186,metrics.bl_gm_$,metrics.bl_gm_$,Finalized,,130,true,,170,100,,,true,true,agTextColumnFilter,true,false,false,false,false,,"{}",,"{}",,"{}",false,,"{}","{}",margin,,,,,false,false,false,false,2026-04-01 10:52:39.212,2026-04-01 10:52:39.212,number,,toDollar,,,,,,"{}",,,"{}",false,false,false,false,false,,false,false,false,,,left,left,280
2064,186,metrics.lw_sales_units,metrics.lw_sales_units,LW,,140,true,,130,100,,,true,true,agTextColumnFilter,true,false,false,false,false,,"{}",,"{}",,"{}",false,,"{}","{}",sales_units,,,,,false,false,false,false,2026-04-01 10:52:39.212,2026-04-01 10:52:39.212,number,,toUnit,,,,,,"{}",,,"{}",false,false,false,false,false,,false,false,false,,,left,left,281
2065,186,metrics.till_date_sales_units,metrics.till_date_sales_units,Strategy Till Date,,150,true,,220,100,,,true,true,agTextColumnFilter,true,false,false,false,false,,"{}",,"{}",,"{}",false,,"{}","{}",sales_units,,,,,false,false,false,false,2026-04-01 10:52:39.212,2026-04-01 10:52:39.212,number,,toUnit,,,,,,"{}",,,"{}",false,false,false,false,false,,false,false,false,,,left,left,281
2066,186,metrics.ia_reco_sales_units,metrics.ia_reco_sales_units,IA Reco,,160,true,,160,100,,,true,true,agTextColumnFilter,true,false,false,false,false,,"{}",,"{}",,"{}",false,,"{}","{}",sales_units,,,,,false,false,false,false,2026-04-01 10:52:39.212,2026-04-01 10:52:39.212,number,,toUnit,,,,,,"{}",,,"{}",false,false,false,false,false,,false,false,false,,,left,left,281
2067,186,metrics.bl_sales_units,metrics.bl_sales_units,Finalized,,170,true,,170,100,,,true,true,agTextColumnFilter,true,false,false,false,false,,"{}",,"{}",,"{}",false,,"{}","{}",sales_units,,,,,false,false,false,false,2026-04-01 10:52:39.212,2026-04-01 10:52:39.212,number,,toUnit,,,,,,"{}",,,"{}",false,false,false,false,false,,false,false,false,,,left,left,281
2068,186,metrics.lw_revenue_$,metrics.lw_revenue_$,LW,,180,true,,130,100,,,true,true,agTextColumnFilter,true,false,false,false,false,,"{}",,"{}",,"{}",false,,"{}","{}",revenue,,,,,false,false,false,false,2026-04-01 10:52:39.212,2026-04-01 10:52:39.212,number,,toDollar,,,,,,"{}",,,"{}",false,false,false,false,false,,false,false,false,,,left,left,282
2069,186,metrics.till_date_revenue_$,metrics.till_date_revenue_$,Strategy Till Date,,190,true,,220,100,,,true,true,agTextColumnFilter,true,false,false,false,false,,"{}",,"{}",,"{}",false,,"{}","{}",revenue,,,,,false,false,false,false,2026-04-01 10:52:39.212,2026-04-01 10:52:39.212,number,,toDollar,,,,,,"{}",,,"{}",false,false,false,false,false,,false,false,false,,,left,left,282
2070,186,metrics.ia_reco_revenue_$,metrics.ia_reco_revenue_$,IA Reco,,200,true,,160,100,,,true,true,agTextColumnFilter,true,false,false,false,false,,"{}",,"{}",,"{}",false,,"{}","{}",revenue,,,,,false,false,false,false,2026-04-01 10:52:39.212,2026-04-01 10:52:39.212,number,,toDollar,,,,,,"{}",,,"{}",false,false,false,false,false,,false,false,false,,,left,left,282
2071,186,metrics.bl_revenue_$,metrics.bl_revenue_$,Finalized,,210,true,,170,100,,,true,true,agTextColumnFilter,true,false,false,false,false,,"{}",,"{}",,"{}",false,,"{}","{}",revenue,,,,,false,false,false,false,2026-04-01 10:52:39.212,2026-04-01 10:52:39.212,number,,toDollar,,,,,,"{}",,,"{}",false,false,false,false,false,,false,false,false,,,left,left,282
2072,186,metrics.lw_sell_through,metrics.lw_sell_through,LW,,220,true,,130,100,,,true,true,agTextColumnFilter,true,false,false,false,false,,"{}",,"{}",,"{}",false,,"{}","{}",sell_through,,,,,false,false,false,false,2026-04-01 10:52:39.212,2026-04-01 10:52:39.212,number,,toPercentage,,,,,,"{}",,,"{}",false,false,false,false,false,,false,false,false,,,left,left,283
2073,186,metrics.till_date_sell_through,metrics.till_date_sell_through,Strategy Till Date,,230,true,,220,100,,,true,true,agTextColumnFilter,true,false,false,false,false,,"{}",,"{}",,"{}",false,,"{}","{}",sell_through,,,,,false,false,false,false,2026-04-01 10:52:39.212,2026-04-01 10:52:39.212,number,,toPercentage,,,,,,"{}",,,"{}",false,false,false,false,false,,false,false,false,,,left,left,283
2074,186,metrics.ia_reco_sell_through,metrics.ia_reco_sell_through,IA Reco,,240,true,,160,100,,,true,true,agTextColumnFilter,true,false,false,false,false,,"{}",,"{}",,"{}",false,,"{}","{}",sell_through,,,,,false,false,false,false,2026-04-01 10:52:39.212,2026-04-01 10:52:39.212,number,,toPercentage,,,,,,"{}",,,"{}",false,false,false,false,false,,false,false,false,,,left,left,283
2075,186,metrics.bl_sell_through,metrics.bl_sell_through,Finalized,,250,true,,170,100,,,true,true,agTextColumnFilter,true,false,false,false,false,,"{}",,"{}",,"{}",false,,"{}","{}",sell_through,,,,,false,false,false,false,2026-04-01 10:52:39.212,2026-04-01 10:52:39.212,number,,toPercentage,,,,,,"{}",,,"{}",false,false,false,false,false,,false,false,false,,,left,left,283
2076,186,metrics.lw_markdown_dollar,metrics.lw_markdown_dollar,LW,,260,true,,130,100,,,true,true,agTextColumnFilter,true,false,false,false,false,,"{}",,"{}",,"{}",false,,"{}","{}",markdown_dollar,,,,,false,false,false,false,2026-04-01 10:52:39.212,2026-04-01 10:52:39.212,number,,toDollar,,,,,,"{}",,,"{}",false,false,false,false,false,,false,false,false,,,left,left,284
2077,186,metrics.till_date_markdown_dollar,metrics.till_date_markdown_dollar,Strategy Till Date,,270,true,,220,100,,,true,true,agTextColumnFilter,true,false,false,false,false,,"{}",,"{}",,"{}",false,,"{}","{}",markdown_dollar,,,,,false,false,false,false,2026-04-01 10:52:39.212,2026-04-01 10:52:39.212,number,,toDollar,,,,,,"{}",,,"{}",false,false,false,false,false,,false,false,false,,,left,left,284
2078,186,metrics.ia_reco_markdown_$,metrics.ia_reco_markdown_$,IA Reco,,280,true,,160,100,,,true,true,agTextColumnFilter,true,false,false,false,false,,"{}",,"{}",,"{}",false,,"{}","{}",markdown_dollar,,,,,false,false,false,false,2026-04-01 10:52:39.212,2026-04-01 10:52:39.212,number,,toDollar,,,,,,"{}",,,"{}",false,false,false,false,false,,false,false,false,,,left,left,284
2079,186,metrics.bl_markdown_$,metrics.bl_markdown_$,Finalized,,290,true,,170,100,,,true,true,agTextColumnFilter,true,false,false,false,false,,"{}",,"{}",,"{}",false,,"{}","{}",markdown_dollar,,,,,false,false,false,false,2026-04-01 10:52:39.212,2026-04-01 10:52:39.212,number,,toDollar,,,,,,"{}",,,"{}",false,false,false,false,false,,false,false,false,,,left,left,284
2080,186,metrics.lw_inventory,metrics.lw_inventory,LW,,300,true,,130,100,,,true,true,agTextColumnFilter,true,false,false,false,false,,"{}",,"{}",,"{}",false,,"{}","{}",inventory,,,,,false,false,false,false,2026-04-01 10:52:39.212,2026-04-01 10:52:39.212,number,,toUnit,,,,,,"{}",,,"{}",false,false,false,false,false,,false,false,false,,,left,left,285
2081,186,metrics.till_date_inventory,metrics.till_date_inventory,Strategy Till Date,,310,true,,220,100,,,true,true,agTextColumnFilter,true,false,false,false,false,,"{}",,"{}",,"{}",false,,"{}","{}",inventory,,,,,false,false,false,false,2026-04-01 10:52:39.212,2026-04-01 10:52:39.212,number,,toUnit,,,,,,"{}",,,"{}",false,false,false,false,false,,false,false,false,,,left,left,285
2082,186,metrics.ia_reco_inventory,metrics.ia_reco_inventory,IA Reco,,320,true,,160,100,,,true,true,agTextColumnFilter,true,false,false,false,false,,"{}",,"{}",,"{}",false,,"{}","{}",inventory,,,,,false,false,false,false,2026-04-01 10:52:39.212,2026-04-01 10:52:39.212,number,,toUnit,,,,,,"{}",,,"{}",false,false,false,false,false,,false,false,false,,,left,left,285
2083,186,metrics.bl_inventory,metrics.bl_inventory,Finalized,,330,true,,170,100,,,true,true,agTextColumnFilter,true,false,false,false,false,,"{}",,"{}",,"{}",false,,"{}","{}",inventory,,,,,false,false,false,false,2026-04-01 10:52:39.212,2026-04-01 10:52:39.212,number,,toUnit,,,,,,"{}",,,"{}",false,false,false,false,false,,false,false,false,,,left,left,285
2084,186,metrics.lw_gm_percent,metrics.lw_gm_percent,LW,,340,true,,130,100,,,true,true,agTextColumnFilter,true,false,false,false,false,,"{}",,"{}",,"{}",false,,"{}","{}",gm_percent,,,,,false,false,false,false,2026-04-01 10:52:39.212,2026-04-01 10:52:39.212,number,,toPercentage,,,,,,"{}",,,"{}",false,false,false,false,false,,false,false,false,,,left,left,286
2085,186,metrics.till_date_gm_percent,metrics.till_date_gm_percent,Strategy Till Date,,350,true,,220,100,,,true,true,agTextColumnFilter,true,false,false,false,false,,"{}",,"{}",,"{}",false,,"{}","{}",gm_percent,,,,,false,false,false,false,2026-04-01 10:52:39.212,2026-04-01 10:52:39.212,number,,toPercentage,,,,,,"{}",,,"{}",false,false,false,false,false,,false,false,false,,,left,left,286
2086,186,metrics.ia_reco_gm_percent,metrics.ia_reco_gm_percent,IA Reco,,360,true,,160,100,,,true,true,agTextColumnFilter,true,false,false,false,false,,"{}",,"{}",,"{}",false,,"{}","{}",gm_percent,,,,,false,false,false,false,2026-04-01 10:52:39.212,2026-04-01 10:52:39.212,number,,toPercentage,,,,,,"{}",,,"{}",false,false,false,false,false,,false,false,false,,,left,left,286
2087,186,metrics.bl_gm_percent,metrics.bl_gm_percent,Finalized,,370,true,,170,100,,,true,true,agTextColumnFilter,true,false,false,false,false,,"{}",,"{}",,"{}",false,,"{}","{}",gm_percent,,,,,false,false,false,false,2026-04-01 10:52:39.212,2026-04-01 10:52:39.212,number,,toPercentage,,,,,,"{}",,,"{}",false,false,false,false,false,,false,false,false,,,left,left,286
2088,186,metrics.lw_aur_$,metrics.lw_aur_$,LW,,380,true,,130,100,,,true,true,agTextColumnFilter,true,false,false,false,false,,"{}",,"{}",,"{}",false,,"{}","{}",aur,,,,,false,false,false,false,2026-04-01 10:52:39.212,2026-04-01 10:52:39.212,number,,toDollar,,,,,,"{}",,,"{}",false,false,false,false,false,,false,false,false,,,left,left,287
2089,186,metrics.till_date_aur_$,metrics.till_date_aur_$,Strategy Till Date,,390,true,,220,100,,,true,true,agTextColumnFilter,true,false,false,false,false,,"{}",,"{}",,"{}",false,,"{}","{}",aur,,,,,false,false,false,false,2026-04-01 10:52:39.212,2026-04-01 10:52:39.212,number,,toDollar,,,,,,"{}",,,"{}",false,false,false,false,false,,false,false,false,,,left,left,287
2090,186,metrics.ia_reco_aur_$,metrics.ia_reco_aur_$,IA Reco,,400,true,,160,100,,,true,true,agTextColumnFilter,true,false,false,false,false,,"{}",,"{}",,"{}",false,,"{}","{}",aur,,,,,false,false,false,false,2026-04-01 10:52:39.212,2026-04-01 10:52:39.212,number,,toDollar,,,,,,"{}",,,"{}",false,false,false,false,false,,false,false,false,,,left,left,287
2091,186,metrics.bl_aur_$,metrics.bl_aur_$,Finalized,,410,true,,170,100,,,true,true,agTextColumnFilter,true,false,false,false,false,,"{}",,"{}",,"{}",false,,"{}","{}",aur,,,,,false,false,false,false,2026-04-01 10:52:39.212,2026-04-01 10:52:39.212,number,,toDollar,,,,,,"{}",,,"{}",false,false,false,false,false,,false,false,false,,,left,left,287
2092,187,product_id,product_id,Customer Choice ID,,0,true,,,100,,,true,true,agTextColumnFilter,true,false,false,false,false,,"{}",,"{}",,"{}",false,,"{}","{}",,,,,,false,false,false,false,2026-04-01 10:52:39.212,2026-04-01 10:52:39.212,text,,,,,,,,"{}",,,"{}",false,false,false,false,false,,false,false,false,,,left,left,
2093,187,product_name,product_name,Product Description,,10,true,,,216,,,true,true,agTextColumnFilter,true,false,false,false,false,,"{}",,"{}",,"{}",false,,"{}","{}",,,,,,false,false,false,false,2026-04-01 10:52:39.212,2026-04-01 10:52:39.212,text,,replaceSpecialCharacter,,,,,,"{}",,,"{}",false,false,false,false,false,,false,false,false,,,left,left,
2094,187,strategy_name,strategy_name,Strategy,,20,true,,,100,,,true,true,agTextColumnFilter,true,false,false,false,false,,"{}",,"{}",,"{}",false,,"{}","{}",,,,,,false,false,false,false,2026-04-01 10:52:39.212,2026-04-01 10:52:39.212,text,,replaceSpecialCharacter,,,,,,"{}",,,"{}",false,false,false,false,false,,false,false,false,,,left,left,
2095,187,lw_clearance_discount,lw_clearance_discount,LW,,30,true,,130,100,,,true,true,agTextColumnFilter,true,false,false,false,false,,"{}",,"{}",,"{}",false,,"{}","{}",clearance_discount,,,,,false,false,false,false,2026-04-01 10:52:39.212,2026-04-07 08:16:42.242,number,,toPercentage,,,,,,"{}",,,"{}",false,false,false,false,false,,false,false,false,,,left,left,288
2096,187,till_date_clearance_discount,till_date_clearance_discount,Strategy Till Date,,40,true,,220,100,,,true,true,agTextColumnFilter,true,false,false,false,false,,"{}",,"{}",,"{}",false,,"{}","{}",clearance_discount,,,,,false,false,false,false,2026-04-01 10:52:39.212,2026-04-01 10:52:39.212,number,,toPercentage,,,,,,"{}",,,"{}",false,false,false,false,false,,false,false,false,,,left,left,288
2097,187,ia_reco_clearance_discount,ia_reco_clearance_discount,IA Reco,,50,true,,160,100,,,true,true,agTextColumnFilter,true,false,false,false,false,,"{}",,"{}",,"{}",false,,"{}","{}",clearance_discount,,,,,false,false,false,false,2026-04-01 10:52:39.212,2026-04-01 10:52:39.212,number,,toPercentage,,,,,,"{}",,,"{}",false,false,false,false,false,,false,false,false,,,left,left,288
2098,187,bl_clearance_discount,bl_clearance_discount,Finalized,,60,true,,170,100,,,true,true,agTextColumnFilter,true,false,false,false,false,,"{}",,"{}",,"{}",false,,"{}","{}",clearance_discount,,,,,false,false,false,false,2026-04-01 10:52:39.212,2026-04-01 10:52:39.212,number,,toPercentage,,,,,,"{}",,,"{}",false,false,false,false,false,,false,false,false,,,left,left,288
2099,187,lw_margin,lw_margin,LW,,70,true,,130,100,,,true,true,agTextColumnFilter,true,false,false,false,false,,"{}",,"{}",,"{}",false,,"{}","{}",margin,,,,,false,false,false,false,2026-04-01 10:52:39.212,2026-04-01 10:52:39.212,number,,toDollar,,,,,,"{}",,,"{}",false,false,false,false,false,,false,false,false,,,left,left,289
2100,187,till_date_margin,till_date_margin,Strategy Till Date,,80,true,,220,100,,,true,true,agTextColumnFilter,true,false,false,false,false,,"{}",,"{}",,"{}",false,,"{}","{}",margin,,,,,false,false,false,false,2026-04-01 10:52:39.212,2026-04-01 10:52:39.212,number,,toDollar,,,,,,"{}",,,"{}",false,false,false,false,false,,false,false,false,,,left,left,289
2101,187,ia_reco_gm_$,ia_reco_gm_$,IA Reco,,90,true,,160,100,,,true,true,agTextColumnFilter,true,false,false,false,false,,"{}",,"{}",,"{}",false,,"{}","{}",margin,,,,,false,false,false,false,2026-04-01 10:52:39.212,2026-04-01 10:52:39.212,number,,toDollar,,,,,,"{}",,,"{}",false,false,false,false,false,,false,false,false,,,left,left,289
2102,187,bl_gm_$,bl_gm_$,Finalized,,100,true,,170,100,,,true,true,agTextColumnFilter,true,false,false,false,false,,"{}",,"{}",,"{}",false,,"{}","{}",margin,,,,,false,false,false,false,2026-04-01 10:52:39.212,2026-04-01 10:52:39.212,number,,toDollar,,,,,,"{}",,,"{}",false,false,false,false,false,,false,false,false,,,left,left,289
2103,187,lw_sales_units,lw_sales_units,LW,,110,true,,130,100,,,true,true,agTextColumnFilter,true,false,false,false,false,,"{}",,"{}",,"{}",false,,"{}","{}",sales_units,,,,,false,false,false,false,2026-04-01 10:52:39.212,2026-04-01 10:52:39.212,number,,toUnit,,,,,,"{}",,,"{}",false,false,false,false,false,,false,false,false,,,left,left,290
2104,187,till_date_sales_units,till_date_sales_units,Strategy Till Date,,120,true,,220,100,,,true,true,agTextColumnFilter,true,false,false,false,false,,"{}",,"{}",,"{}",false,,"{}","{}",sales_units,,,,,false,false,false,false,2026-04-01 10:52:39.212,2026-04-01 10:52:39.212,number,,toUnit,,,,,,"{}",,,"{}",false,false,false,false,false,,false,false,false,,,left,left,290
2105,187,ia_reco_sales_units,ia_reco_sales_units,IA Reco,,130,true,,160,100,,,true,true,agTextColumnFilter,true,false,false,false,false,,"{}",,"{}",,"{}",false,,"{}","{}",sales_units,,,,,false,false,false,false,2026-04-01 10:52:39.212,2026-04-01 10:52:39.212,number,,toUnit,,,,,,"{}",,,"{}",false,false,false,false,false,,false,false,false,,,left,left,290
2106,187,bl_sales_units,bl_sales_units,Finalized,,140,true,,170,100,,,true,true,agTextColumnFilter,true,false,false,false,false,,"{}",,"{}",,"{}",false,,"{}","{}",sales_units,,,,,false,false,false,false,2026-04-01 10:52:39.212,2026-04-01 10:52:39.212,number,,toUnit,,,,,,"{}",,,"{}",false,false,false,false,false,,false,false,false,,,left,left,290
2107,187,lw_revenue,lw_revenue,LW,,150,true,,130,100,,,true,true,agTextColumnFilter,true,false,false,false,false,,"{}",,"{}",,"{}",false,,"{}","{}",revenue,,,,,false,false,false,false,2026-04-01 10:52:39.212,2026-04-01 10:52:39.212,number,,toDollar,,,,,,"{}",,,"{}",false,false,false,false,false,,false,false,false,,,left,left,291
2108,187,till_date_revenue,till_date_revenue,Strategy Till Date,,160,true,,220,100,,,true,true,agTextColumnFilter,true,false,false,false,false,,"{}",,"{}",,"{}",false,,"{}","{}",revenue,,,,,false,false,false,false,2026-04-01 10:52:39.212,2026-04-01 10:52:39.212,number,,toDollar,,,,,,"{}",,,"{}",false,false,false,false,false,,false,false,false,,,left,left,291
2109,187,ia_reco_revenue_$,ia_reco_revenue_$,IA Reco,,170,true,,160,100,,,true,true,agTextColumnFilter,true,false,false,false,false,,"{}",,"{}",,"{}",false,,"{}","{}",revenue,,,,,false,false,false,false,2026-04-01 10:52:39.212,2026-04-01 10:52:39.212,number,,toDollar,,,,,,"{}",,,"{}",false,false,false,false,false,,false,false,false,,,left,left,291
2110,187,bl_revenue_$,bl_revenue_$,Finalized,,180,true,,170,100,,,true,true,agTextColumnFilter,true,false,false,false,false,,"{}",,"{}",,"{}",false,,"{}","{}",revenue,,,,,false,false,false,false,2026-04-01 10:52:39.212,2026-04-01 10:52:39.212,number,,toDollar,,,,,,"{}",,,"{}",false,false,false,false,false,,false,false,false,,,left,left,291
2111,187,lw_st_percent,lw_st_percent,LW,,190,true,,130,100,,,true,true,agTextColumnFilter,true,false,false,false,false,,"{}",,"{}",,"{}",false,,"{}","{}",sell_through,,,,,false,false,false,false,2026-04-01 10:52:39.212,2026-04-01 10:52:39.212,number,,toPercentage,,,,,,"{}",,,"{}",false,false,false,false,false,,false,false,false,,,left,left,292
2112,187,till_date_st_percent,till_date_st_percent,Strategy Till Date,,200,true,,220,100,,,true,true,agTextColumnFilter,true,false,false,false,false,,"{}",,"{}",,"{}",false,,"{}","{}",sell_through,,,,,false,false,false,false,2026-04-01 10:52:39.212,2026-04-01 10:52:39.212,number,,toPercentage,,,,,,"{}",,,"{}",false,false,false,false,false,,false,false,false,,,left,left,292
2113,187,ia_reco_sell_through,ia_reco_sell_through,IA Reco,,210,true,,160,100,,,true,true,agTextColumnFilter,true,false,false,false,false,,"{}",,"{}",,"{}",false,,"{}","{}",sell_through,,,,,false,false,false,false,2026-04-01 10:52:39.212,2026-04-01 10:52:39.212,number,,toPercentage,,,,,,"{}",,,"{}",false,false,false,false,false,,false,false,false,,,left,left,292
2114,187,bl_sell_through,bl_sell_through,Finalized,,220,true,,170,100,,,true,true,agTextColumnFilter,true,false,false,false,false,,"{}",,"{}",,"{}",false,,"{}","{}",sell_through,,,,,false,false,false,false,2026-04-01 10:52:39.212,2026-04-01 10:52:39.212,number,,toPercentage,,,,,,"{}",,,"{}",false,false,false,false,false,,false,false,false,,,left,left,292
2115,187,lw_markdown_dollar,lw_markdown_dollar,LW,,230,true,,130,100,,,true,true,agTextColumnFilter,true,false,false,false,false,,"{}",,"{}",,"{}",false,,"{}","{}",markdown_dollar,,,,,false,false,false,false,2026-04-01 10:52:39.212,2026-04-01 10:52:39.212,number,,toDollar,,,,,,"{}",,,"{}",false,false,false,false,false,,false,false,false,,,left,left,293
2116,187,till_date_markdown_dollar,till_date_markdown_dollar,Strategy Till Date,,240,true,,220,100,,,true,true,agTextColumnFilter,true,false,false,false,false,,"{}",,"{}",,"{}",false,,"{}","{}",markdown_dollar,,,,,false,false,false,false,2026-04-01 10:52:39.212,2026-04-01 10:52:39.212,number,,toDollar,,,,,,"{}",,,"{}",false,false,false,false,false,,false,false,false,,,left,left,293
2117,187,ia_reco_markdown_$,ia_reco_markdown_$,IA Reco,,250,true,,160,100,,,true,true,agTextColumnFilter,true,false,false,false,false,,"{}",,"{}",,"{}",false,,"{}","{}",markdown_dollar,,,,,false,false,false,false,2026-04-01 10:52:39.212,2026-04-01 10:52:39.212,number,,toDollar,,,,,,"{}",,,"{}",false,false,false,false,false,,false,false,false,,,left,left,293
2118,187,bl_markdown_$,bl_markdown_$,Finalized,,260,true,,170,100,,,true,true,agTextColumnFilter,true,false,false,false,false,,"{}",,"{}",,"{}",false,,"{}","{}",markdown_dollar,,,,,false,false,false,false,2026-04-01 10:52:39.212,2026-04-01 10:52:39.212,number,,toDollar,,,,,,"{}",,,"{}",false,false,false,false,false,,false,false,false,,,left,left,293
2119,187,lw_inventory,lw_inventory,LW,,270,true,,130,100,,,true,true,agTextColumnFilter,true,false,false,false,false,,"{}",,"{}",,"{}",false,,"{}","{}",inventory,,,,,false,false,false,false,2026-04-01 10:52:39.212,2026-04-01 10:52:39.212,number,,toUnit,,,,,,"{}",,,"{}",false,false,false,false,false,,false,false,false,,,left,left,294
2120,187,till_date_inventory,till_date_inventory,Strategy Till Date,,280,true,,220,100,,,true,true,agTextColumnFilter,true,false,false,false,false,,"{}",,"{}",,"{}",false,,"{}","{}",inventory,,,,,false,false,false,false,2026-04-01 10:52:39.212,2026-04-01 10:52:39.212,number,,toUnit,,,,,,"{}",,,"{}",false,false,false,false,false,,false,false,false,,,left,left,294
2121,187,ia_reco_inventory,ia_reco_inventory,IA Reco,,290,true,,160,100,,,true,true,agTextColumnFilter,true,false,false,false,false,,"{}",,"{}",,"{}",false,,"{}","{}",inventory,,,,,false,false,false,false,2026-04-01 10:52:39.212,2026-04-01 10:52:39.212,number,,toUnit,,,,,,"{}",,,"{}",false,false,false,false,false,,false,false,false,,,left,left,294
2122,187,bl_inventory,bl_inventory,Finalized,,300,true,,170,100,,,true,true,agTextColumnFilter,true,false,false,false,false,,"{}",,"{}",,"{}",false,,"{}","{}",inventory,,,,,false,false,false,false,2026-04-01 10:52:39.212,2026-04-01 10:52:39.212,number,,toUnit,,,,,,"{}",,,"{}",false,false,false,false,false,,false,false,false,,,left,left,294
2123,187,lw_gm_percent,lw_gm_percent,LW,,310,true,,130,100,,,true,true,agTextColumnFilter,true,false,false,false,false,,"{}",,"{}",,"{}",false,,"{}","{}",gm_percent,,,,,false,false,false,false,2026-04-01 10:52:39.212,2026-04-01 10:52:39.212,number,,toPercentage,,,,,,"{}",,,"{}",false,false,false,false,false,,false,false,false,,,left,left,295
2124,187,till_date_gm_percent,till_date_gm_percent,Strategy Till Date,,320,true,,220,100,,,true,true,agTextColumnFilter,true,false,false,false,false,,"{}",,"{}",,"{}",false,,"{}","{}",gm_percent,,,,,false,false,false,false,2026-04-01 10:52:39.212,2026-04-01 10:52:39.212,number,,toPercentage,,,,,,"{}",,,"{}",false,false,false,false,false,,false,false,false,,,left,left,295
2125,187,ia_reco_gm_percent,ia_reco_gm_percent,IA Reco,,330,true,,160,100,,,true,true,agTextColumnFilter,true,false,false,false,false,,"{}",,"{}",,"{}",false,,"{}","{}",gm_percent,,,,,false,false,false,false,2026-04-01 10:52:39.212,2026-04-01 10:52:39.212,number,,toPercentage,,,,,,"{}",,,"{}",false,false,false,false,false,,false,false,false,,,left,left,295
2126,187,bl_gm_percent,bl_gm_percent,Finalized,,340,true,,170,100,,,true,true,agTextColumnFilter,true,false,false,false,false,,"{}",,"{}",,"{}",false,,"{}","{}",gm_percent,,,,,false,false,false,false,2026-04-01 10:52:39.212,2026-04-01 10:52:39.212,number,,toPercentage,,,,,,"{}",,,"{}",false,false,false,false,false,,false,false,false,,,left,left,295
2127,187,lw_aur,lw_aur,LW,,350,true,,130,100,,,true,true,agTextColumnFilter,true,false,false,false,false,,"{}",,"{}",,"{}",false,,"{}","{}",aur,,,,,false,false,false,false,2026-04-01 10:52:39.212,2026-04-01 10:52:39.212,number,,toDollar,,,,,,"{}",,,"{}",false,false,false,false,false,,false,false,false,,,left,left,296
2128,187,till_date_aur,till_date_aur,Strategy Till Date,,360,true,,220,100,,,true,true,agTextColumnFilter,true,false,false,false,false,,"{}",,"{}",,"{}",false,,"{}","{}",aur,,,,,false,false,false,false,2026-04-01 10:52:39.212,2026-04-01 10:52:39.212,number,,toDollar,,,,,,"{}",,,"{}",false,false,false,false,false,,false,false,false,,,left,left,296
2129,187,ia_reco_aur_$,ia_reco_aur_$,IA Reco,,370,true,,160,100,,,true,true,agTextColumnFilter,true,false,false,false,false,,"{}",,"{}",,"{}",false,,"{}","{}",aur,,,,,false,false,false,false,2026-04-01 10:52:39.212,2026-04-01 10:52:39.212,number,,toDollar,,,,,,"{}",,,"{}",false,false,false,false,false,,false,false,false,,,left,left,296
2130,187,bl_aur_$,bl_aur_$,Finalized,,380,true,,170,100,,,true,true,agTextColumnFilter,true,false,false,false,false,,"{}",,"{}",,"{}",false,,"{}","{}",aur,,,,,false,false,false,false,2026-04-01 10:52:39.212,2026-04-01 10:52:39.212,number,,toDollar,,,,,,"{}",,,"{}",false,false,false,false,false,,false,false,false,,,left,left,296
2131,188,store_id,store_id,Store,,0,true,,,100,,1,true,true,agTextColumnFilter,true,false,false,false,false,,"{}",,"{}",,"{}",false,,"{}","{}",,,,,,false,false,false,false,2026-04-01 10:52:39.212,2026-04-01 10:52:39.212,number,,,,,,,,"{}",,,"{}",false,false,false,false,false,,false,false,false,,,left,left,
2132,188,store_name,store_name,Store Name,,10,true,,,100,,1,true,true,agTextColumnFilter,true,false,false,false,false,,"{}",,"{}",,"{}",false,,"{}","{}",,,,,,false,false,false,false,2026-04-01 10:52:39.212,2026-04-07 08:13:05.706,text,,replaceSpecialCharacter,,,,,,"{}",,,"{}",false,false,false,false,false,left,false,false,false,,,left,left,
2133,189,strategy_name,strategy_name,Strategy Name,,0,true,,,100,,,true,true,agTextColumnFilter,true,false,false,false,false,,"{}",EditStrategyCellRenderer,"{""disableKey"": ""is_sub_total""}",,"{}",false,,"{}","{}",,,,,,false,false,false,false,2026-04-01 10:52:39.212,2026-04-01 10:52:39.212,text,,replaceSpecialCharacter,,,,,,"{}",,,"{}",false,false,false,false,false,,false,false,false,,,left,left,
2134,189,date_range,date_range,Date Range,,10,true,,,100,,,true,true,agTextColumnFilter,true,false,false,false,false,,"{}",,"{}",,"{}",false,,"{}","{}",,,,,,false,false,false,false,2026-04-01 10:52:39.212,2026-04-01 10:52:39.212,text,,dateRangeFormat,,,,,,"{}",,,"{}",false,false,false,false,false,,false,false,false,,,left,left,
2135,189,created_by,created_by,Created By,,20,true,,160,100,,,true,true,agTextColumnFilter,true,false,false,false,false,,"{}",,"{}",,"{}",false,,"{}","{}",,,,,,false,false,false,false,2026-04-01 10:52:39.212,2026-04-01 10:52:39.212,text,,replaceSpecialCharacter,,,,,,"{}",,,"{}",false,false,false,false,false,,false,false,false,,,left,left,
2136,189,status,status,Status,,30,true,,150,100,,,true,true,agTextColumnFilter,true,false,false,false,false,,"{}",,"{}",,"{}",false,,"{}","{}",,,,,,false,false,false,false,2026-04-01 10:52:39.212,2026-04-01 10:52:39.212,text,,,,,,,,"{}",,,"{}",false,false,false,false,false,,false,false,false,,,left,left,
2137,190,checkbox,checkbox,"",,0,true,left,60,60,,,false,false,,false,false,false,false,false,,"{}",,"{}",,"{}",false,,"{}","{}",,,,,,false,true,true,true,2026-04-01 10:52:57.261,2026-04-01 10:52:57.261,text,,,,,,,,"{}",,,"{}",false,false,false,false,false,,false,false,false,,,left,left,
2138,190,strategy_name,strategy_name,Strategy Name,,10,true,,200,100,,,true,true,agTextColumnFilter,true,false,false,false,false,,"{}",,"{}",,"{}",false,,"{}","{}",,,,,,true,false,false,false,2026-04-01 10:52:57.261,2026-04-01 10:52:57.261,text,,replaceSpecialCharacter,,,,,,"{}",,,"{}",false,false,false,false,false,,false,false,false,,,left,left,
2139,190,pcd_start_date,pcd_start_date,PCD Start Date,,20,true,,160,100,,,true,true,agDateColumnFilter,true,false,false,false,false,,"{}",,"{}",,"{}",false,,"{}","{}",,,,,,true,false,false,false,2026-04-01 10:52:57.261,2026-04-01 10:52:57.261,text,,yyyyMmDdFormatter,,,,,,"{}",,,"{}",false,false,false,false,false,,false,false,false,,,left,left,
2140,190,pcd_end_date,pcd_end_date,PCD End Date,,30,true,,150,100,,,true,true,agDateColumnFilter,true,false,false,false,false,,"{}",,"{}",,"{}",false,,"{}","{}",,,,,,true,false,false,false,2026-04-01 10:52:57.261,2026-04-01 10:52:57.261,text,,yyyyMmDdFormatter,,,,,,"{}",,,"{}",false,false,false,false,false,,false,false,false,,,left,left,
2141,190,pcd_number,pcd_number,PCD Number,,40,true,,160,100,,,true,true,agNumberColumnFilter,true,false,false,false,false,,"{}",,"{}",,"{}",false,,"{}","{}",,,,,,true,false,false,false,2026-04-01 10:52:57.261,2026-04-01 10:52:57.261,number,,,,,,,,"{}",,,"{}",false,false,false,false,false,,false,false,false,,,left,left,
2142,190,product_level_value,product_level_value,Product Level Reco,,50,true,,200,100,,,true,true,agTextColumnFilter,true,false,false,false,false,,"{}",,"{}",,"{}",false,,"{}","{}",,,,,,true,false,false,false,2026-04-01 10:52:57.261,2026-04-01 10:52:57.261,text,,replaceSpecialCharacter,,,,,,"{}",,,"{}",false,false,false,false,false,,false,false,false,,,left,left,
2143,190,store_level_value,store_level_value,Store Level Reco,,60,true,,200,100,,,true,true,agTextColumnFilter,true,false,false,false,false,,"{}",,"{}",,"{}",false,,"{}","{}",,,,,,true,false,false,false,2026-04-01 10:52:57.261,2026-04-01 10:52:57.261,text,,replaceSpecialCharacter,,,,,,"{}",,,"{}",false,false,false,false,false,,false,false,false,,,left,left,
2144,190,channel_info,channel_info,Channel,,70,true,,120,100,,,true,true,agTextColumnFilter,true,false,false,false,false,,"{}",,"{}",,"{}",false,,"{}","{}",,,,,,true,false,false,false,2026-04-01 10:52:57.261,2026-04-01 10:52:57.261,text,,,,,,,,"{}",,,"{}",false,false,false,false,false,,false,false,false,,,left,left,
2145,190,age,age,Age,,80,true,,120,100,,,true,true,agNumberColumnFilter,true,false,false,false,false,,"{}",,"{}",,"{}",false,,"{}","{}",,,,,,true,false,false,false,2026-04-01 10:52:57.261,2026-04-01 10:52:57.261,number,,,,,,,,"{}",,,"{}",false,false,false,false,false,,false,false,false,,,left,left,
2146,190,status,status,Price Status,,90,true,,180,100,,,true,true,agTextColumnFilter,true,false,false,false,false,,"{}",cellsWithBadge,"{""color"": {""Approved"": ""success"", ""Declined"": ""error"", ""No Action"": ""default"", ""Withdrawn"": ""warning"", ""Accepted IA reco"": ""success"", ""Finally Approved"": ""success"", ""Initially Approved"": ""info""}}",,"{}",false,,"{}","{}",,,,,,true,false,false,false,2026-04-01 10:52:57.261,2026-04-01 10:52:57.261,text,,,,,,,,"{}",,,"{}",false,false,false,false,false,,false,false,false,,,left,left,
2147,190,action_status,action_status,Action Status,,100,true,,160,100,,,true,true,agTextColumnFilter,true,false,false,false,false,,"{}",cellsWithBadge,"{""color"": {""Approved"": ""success"", ""Declined"": ""error"", ""No Action"": ""default"", ""Withdrawn"": ""warning"", ""Accepted IA reco"": ""success"", ""Finally Approved"": ""success"", ""Initially Approved"": ""info""}}",,"{}",false,,"{}","{}",,,,,,true,false,false,false,2026-04-01 10:52:57.261,2026-04-01 10:52:57.261,text,,,,,,,,"{}",,,"{}",false,false,false,false,false,,false,false,false,,,left,left,
2148,190,brand,brand,Brand,,110,true,,200,100,,,true,true,agTextColumnFilter,true,false,false,false,false,,"{}",SpecialCharacterHandler,"{}",,"{}",false,,"{}","{}",,,,,,true,false,false,false,2026-04-01 10:52:57.261,2026-04-01 10:52:57.261,text,,,,,,,,"{}",,,"{}",false,false,false,false,false,,false,false,false,,,left,left,
2149,190,dept,dept,Department,,120,true,,200,100,,,true,true,agTextColumnFilter,true,false,false,false,false,,"{}",SpecialCharacterHandler,"{}",,"{}",false,,"{}","{}",,,,,,true,false,false,false,2026-04-01 10:52:57.261,2026-04-01 10:52:57.261,text,,,,,,,,"{}",,,"{}",false,false,false,false,false,,false,false,false,,,left,left,
2150,190,class,class,Class,,130,true,,200,100,,,true,true,agTextColumnFilter,true,false,false,false,false,,"{}",SpecialCharacterHandler,"{}",,"{}",false,,"{}","{}",,,,,,true,false,false,false,2026-04-01 10:52:57.261,2026-04-01 10:52:57.261,text,,,,,,,,"{}",,,"{}",false,false,false,false,false,,false,false,false,,,left,left,
2151,190,base_price,base_price,Base Price,,140,true,,135,100,,,true,true,agNumberColumnFilter,true,false,false,false,false,,"{}",,"{}",,"{}",false,,"{}","{}",,,,,,true,false,false,false,2026-04-01 10:52:57.261,2026-04-01 10:52:57.261,number,,toDollarWithDecimal,,,,,,"{}",,,"{}",false,false,false,false,false,,false,false,false,,,left,left,
2152,190,updated_at,updated_at,Updated At,,150,true,,140,100,,,true,true,agDateColumnFilter,true,false,false,false,false,,"{}",,"{}",,"{}",false,,"{}","{}",,,,,,true,false,false,false,2026-04-01 10:52:57.261,2026-04-01 10:52:57.261,text,,yyyyMmDdFormatter,,,,,,"{}",,,"{}",false,false,false,false,false,,false,false,false,,,left,left,
2153,190,metrics_ia_discount,metrics_ia_discount,IA Reco,,160,true,,150,100,,,true,true,agNumberColumnFilter,true,false,false,false,false,,"{}",,"{}",,"{}",false,,"{}","{}",discount_perc,,,,,true,false,false,false,2026-04-01 10:52:57.261,2026-04-01 10:52:57.261,number,,toPercentage,,,,,,"{}",,,"{}",false,false,false,false,false,,false,false,false,,,left,left,297
2154,190,metrics_fin_discount,metrics_fin_discount,Finalised,,170,true,,,100,,,true,true,agNumberColumnFilter,true,false,false,false,false,,"{}",CellWithInput,"{}",,"{}",false,,"{}","{}",discount_perc,,,,,true,false,false,false,2026-04-01 10:52:57.261,2026-04-01 10:52:57.261,number,,toPercentage,,,,,,"{}",,,"{}",false,false,false,false,false,,false,false,false,,,left,left,297
2155,190,metrics_ia_previous_discount,metrics_ia_previous_discount,IA Reco,,180,true,,150,100,,,true,true,agNumberColumnFilter,true,false,false,false,false,,"{}",,"{}",,"{}",false,,"{}","{}",prev_pcd_perc,,,,,true,false,false,false,2026-04-01 10:52:57.261,2026-04-01 10:52:57.261,number,,toPercentage,,,,,,"{}",,,"{}",false,false,false,false,false,,false,false,false,,,left,left,298
2156,190,metrics_fin_previous_discount,metrics_fin_previous_discount,Finalised,,190,true,,150,100,,,true,true,agNumberColumnFilter,true,false,false,false,false,,"{}",,"{}",,"{}",false,,"{}","{}",prev_pcd_perc,,,,,true,false,false,false,2026-04-01 10:52:57.261,2026-04-01 10:52:57.261,number,,toPercentage,,,,,,"{}",,,"{}",false,false,false,false,false,,false,false,false,,,left,left,298
2157,190,metrics_ia_pcd_price,metrics_ia_pcd_price,IA Reco,,200,true,,150,100,,,true,true,agNumberColumnFilter,true,false,false,false,false,,"{}",,"{}",,"{}",false,,"{}","{}",pcd_price,,,,,true,false,false,false,2026-04-01 10:52:57.261,2026-04-01 10:52:57.261,number,,toDollarWithDecimal,,,,,,"{}",,,"{}",false,false,false,false,false,,false,false,false,,,left,left,299
2158,190,metrics_fin_pcd_price,metrics_fin_pcd_price,Finalised,,210,true,,150,100,,,true,true,agNumberColumnFilter,true,false,false,false,false,,"{}",,"{}",,"{}",false,,"{}","{}",pcd_price,,,,,true,false,false,false,2026-04-01 10:52:57.261,2026-04-01 10:52:57.261,number,,toDollarWithDecimal,,,,,,"{}",,,"{}",false,false,false,false,false,,false,false,false,,,left,left,299
2159,190,metrics_ia_previous_pcd_price,metrics_ia_previous_pcd_price,IA Reco,,220,true,,160,100,,,true,true,agNumberColumnFilter,true,false,false,false,false,,"{}",,"{}",,"{}",false,,"{}","{}",prev_pcd_price,,,,,true,false,false,false,2026-04-01 10:52:57.261,2026-04-01 10:52:57.261,number,,toDollarWithDecimal,,,,,,"{}",,,"{}",false,false,false,false,false,,false,false,false,,,left,left,300
2160,190,metrics_fin_previous_pcd_price,metrics_fin_previous_pcd_price,Finalised,,230,true,,160,100,,,true,true,agNumberColumnFilter,true,false,false,false,false,,"{}",,"{}",,"{}",false,,"{}","{}",prev_pcd_price,,,,,true,false,false,false,2026-04-01 10:52:57.261,2026-04-01 10:52:57.261,number,,toDollarWithDecimal,,,,,,"{}",,,"{}",false,false,false,false,false,,false,false,false,,,left,left,300
2161,190,metrics_ia_sales_units,metrics_ia_sales_units,IA Reco,,240,true,,150,100,,,true,true,agNumberColumnFilter,true,false,false,false,false,,"{}",,"{}",,"{}",false,,"{}","{}",sales_units,,,,,true,false,false,false,2026-04-01 10:52:57.261,2026-04-01 10:52:57.261,number,,toUnit,,,,,,"{}",,,"{}",false,false,false,false,false,,false,false,false,,,left,left,301
2162,190,metrics_fin_sales_units,metrics_fin_sales_units,Finalised,,250,true,,150,100,,,true,true,agNumberColumnFilter,true,false,false,false,false,,"{}",,"{}",,"{}",false,,"{}","{}",sales_units,,,,,true,false,false,false,2026-04-01 10:52:57.261,2026-04-01 10:52:57.261,number,,toUnit,,,,,,"{}",,,"{}",false,false,false,false,false,,false,false,false,,,left,left,301
2163,190,metrics_ia_revenue_$,metrics_ia_revenue_$,IA Reco,,260,true,,150,100,,,true,true,agNumberColumnFilter,true,false,false,false,false,,"{}",,"{}",,"{}",false,,"{}","{}",revenue,,,,,true,false,false,false,2026-04-01 10:52:57.261,2026-04-01 10:52:57.261,number,,toDollarWithDecimal,,,,,,"{}",,,"{}",false,false,false,false,false,,false,false,false,,,left,left,302
2164,190,metrics_fin_revenue_$,metrics_fin_revenue_$,Finalised,,270,true,,150,100,,,true,true,agNumberColumnFilter,true,false,false,false,false,,"{}",,"{}",,"{}",false,,"{}","{}",revenue,,,,,true,false,false,false,2026-04-01 10:52:57.261,2026-04-01 10:52:57.261,number,,toDollarWithDecimal,,,,,,"{}",,,"{}",false,false,false,false,false,,false,false,false,,,left,left,302
2165,190,metrics_ia_gm_$,metrics_ia_gm_$,IA Reco,,280,true,,150,100,,,true,true,agNumberColumnFilter,true,false,false,false,false,,"{}",,"{}",,"{}",false,,"{}","{}",margin,,,,,true,false,false,false,2026-04-01 10:52:57.261,2026-04-01 10:52:57.261,number,,toDollarWithDecimal,,,,,,"{}",,,"{}",false,false,false,false,false,,false,false,false,,,left,left,303
2166,190,metrics_fin_gm_$,metrics_fin_gm_$,Finalised,,290,true,,150,100,,,true,true,agNumberColumnFilter,true,false,false,false,false,,"{}",,"{}",,"{}",false,,"{}","{}",margin,,,,,true,false,false,false,2026-04-01 10:52:57.261,2026-04-01 10:52:57.261,number,,toDollarWithDecimal,,,,,,"{}",,,"{}",false,false,false,false,false,,false,false,false,,,left,left,303
2167,190,metrics_ia_gm_percent,metrics_ia_gm_percent,IA Reco,,300,true,,150,100,,,true,true,agNumberColumnFilter,true,false,false,false,false,,"{}",,"{}",,"{}",false,,"{}","{}",gm_perc,,,,,true,false,false,false,2026-04-01 10:52:57.261,2026-04-01 10:52:57.261,number,,toPercentageWithDecimal,,,,,,"{}",,,"{}",false,false,false,false,false,,false,false,false,,,left,left,304
2168,190,metrics_fin_gm_percent,metrics_fin_gm_percent,Finalised,,310,true,,150,100,,,true,true,agNumberColumnFilter,true,false,false,false,false,,"{}",,"{}",,"{}",false,,"{}","{}",gm_perc,,,,,true,false,false,false,2026-04-01 10:52:57.261,2026-04-01 10:52:57.261,number,,toPercentageWithDecimal,,,,,,"{}",,,"{}",false,false,false,false,false,,false,false,false,,,left,left,304
2169,190,metrics_ia_st_percent,metrics_ia_st_percent,IA Reco,,320,true,,150,100,,,true,true,agNumberColumnFilter,true,false,false,false,false,,"{}",,"{}",,"{}",false,,"{}","{}",sell_through,,,,,true,false,false,false,2026-04-01 10:52:57.261,2026-04-01 10:52:57.261,number,,toPercentageWithDecimal,,,,,,"{}",,,"{}",false,false,false,false,false,,false,false,false,,,left,left,305
2170,190,metrics_fin_st_percent,metrics_fin_st_percent,Finalised,,330,true,,150,100,,,true,true,agNumberColumnFilter,true,false,false,false,false,,"{}",,"{}",,"{}",false,,"{}","{}",sell_through,,,,,true,false,false,false,2026-04-01 10:52:57.261,2026-04-01 10:52:57.261,number,,toPercentageWithDecimal,,,,,,"{}",,,"{}",false,false,false,false,false,,false,false,false,,,left,left,305
2171,190,metrics_ia_markdown_$,metrics_ia_markdown_$,IA Reco,,340,true,,150,100,,,true,true,agNumberColumnFilter,true,false,false,false,false,,"{}",,"{}",,"{}",false,,"{}","{}",markdown_dollar,,,,,true,false,false,false,2026-04-01 10:52:57.261,2026-04-01 10:52:57.261,number,,toDollarWithDecimal,,,,,,"{}",,,"{}",false,false,false,false,false,,false,false,false,,,left,left,306
2172,190,metrics_fin_markdown_$,metrics_fin_markdown_$,Finalised,,350,true,,150,100,,,true,true,agNumberColumnFilter,true,false,false,false,false,,"{}",,"{}",,"{}",false,,"{}","{}",markdown_dollar,,,,,true,false,false,false,2026-04-01 10:52:57.261,2026-04-01 10:52:57.261,number,,toDollarWithDecimal,,,,,,"{}",,,"{}",false,false,false,false,false,,false,false,false,,,left,left,306
2173,190,metrics_ia_inventory,metrics_ia_inventory,IA Reco,,360,true,,150,100,,,true,true,agNumberColumnFilter,true,false,false,false,false,,"{}",,"{}",,"{}",false,,"{}","{}",inventory,,,,,true,false,false,false,2026-04-01 10:52:57.261,2026-04-01 10:52:57.261,number,,toUnit,,,,,,"{}",,,"{}",false,false,false,false,false,,false,false,false,,,left,left,307
2174,190,metrics_fin_inventory,metrics_fin_inventory,Finalised,,370,true,,150,100,,,true,true,agNumberColumnFilter,true,false,false,false,false,,"{}",,"{}",,"{}",false,,"{}","{}",inventory,,,,,true,false,false,false,2026-04-01 10:52:57.261,2026-04-01 10:52:57.261,number,,toUnit,,,,,,"{}",,,"{}",false,false,false,false,false,,false,false,false,,,left,left,307
2175,191,checkbox,checkbox,"",,0,true,left,60,60,,,false,false,,false,false,false,false,false,,"{}",,"{}",,"{}",false,,"{}","{}",,,,,,false,true,true,true,2026-04-01 10:53:08.844,2026-04-01 10:53:08.844,text,,,,,,,,"{}",,,"{}",false,false,false,false,false,,false,false,false,,,left,left,
2176,191,strategy_name,strategy_name,MD Strategy Name,,10,true,left,,300,,,true,true,agTextColumnFilter,true,false,false,false,false,,"{}",EditStrategyCellRenderer,"{}",,"{}",false,,"{}","{}",,,,,,false,false,false,false,2026-04-01 10:53:08.844,2026-04-01 10:53:08.844,text,,replaceSpecialCharacter,,,,,,"{}",,,"{}",false,false,false,false,false,,false,false,false,,,left,left,
2177,191,version_number,version_number,Versions,,20,true,left,130,100,,,true,true,agTextColumnFilter,true,false,false,false,false,,"{}",CellsWithNumberAndLink,"{}",,"{}",false,,"{}","{}",,,,,,false,false,false,false,2026-04-01 10:53:08.844,2026-04-01 10:53:08.844,number,,,,,,,,"{}",,,"{}",false,false,false,false,false,,false,false,false,,,left,left,
2178,191,status,status,Status,,30,true,left,160,100,,,true,true,agTextColumnFilter,true,false,false,false,false,,"{}",cellsWithBadge,"{""color"": {""Draft"": ""default"", ""Active"": ""info"", ""Stopped"": ""warning"", ""Archived"": ""default"", ""Completed"": ""success"", ""Discarded"": ""error"", ""Finalised"": ""success"", ""Processing"": ""warning"", ""Pending Review"": ""info"", ""Initially Approved"": ""success""}}",,"{}",false,,"{}","{}",,,,,,false,false,false,false,2026-04-01 10:53:08.844,2026-04-01 10:53:08.844,text,,,,,,,,"{}",,,"{}",false,false,false,false,false,,false,false,false,,,left,left,
2179,191,start_date,start_date,Start Date,,40,true,,140,100,,,true,true,agTextColumnFilter,true,false,false,false,false,,"{}",,"{}",,"{}",false,,"{}","{}",,,,,,false,false,false,false,2026-04-01 10:53:08.844,2026-04-01 10:53:08.844,text,,dateFormat,,,,,,"{}",,,"{}",false,false,false,false,false,,false,false,false,,,left,left,
2180,191,end_date,end_date,End Date,,50,true,,140,100,,,true,true,agTextColumnFilter,true,false,false,false,false,,"{}",,"{}",,"{}",false,,"{}","{}",,,,,,false,false,false,false,2026-04-01 10:53:08.844,2026-04-01 10:53:08.844,text,,dateFormat,,,,,,"{}",,,"{}",false,false,false,false,false,,false,false,false,,,left,left,
2181,191,products,products,Products,,60,true,,130,100,,,true,true,agTextColumnFilter,true,false,false,false,false,,"{}",,"{}",,"{}",false,,"{}","{}",,,,,,false,false,false,false,2026-04-01 10:53:08.844,2026-04-01 10:53:08.844,number,,,,,,,,"{}",,,"{}",false,false,false,false,false,,false,false,false,,,left,left,
2182,191,stores,stores,Stores,,70,true,,130,100,,,true,true,agTextColumnFilter,true,false,false,false,false,,"{}",,"{}",,"{}",false,,"{}","{}",,,,,,false,false,false,false,2026-04-01 10:53:08.844,2026-04-01 10:53:08.844,number,,,,,,,,"{}",,,"{}",false,false,false,false,false,,false,false,false,,,left,left,
2183,191,product_recommendation_level,product_recommendation_level,Recommendation Level-Products,,80,true,,200,100,,,true,true,agTextColumnFilter,true,false,false,false,false,,"{}",,"{}",,"{}",false,,"{}","{}",,,,,,false,false,false,false,2026-04-01 10:53:08.844,2026-04-01 10:53:08.844,text,,,,,,,,"{}",,,"{}",false,false,false,false,false,,false,false,false,,,left,left,
2184,191,store_recommendation_level,store_recommendation_level,Recommendation Level-Location,,90,true,,200,100,,,true,true,agTextColumnFilter,true,false,false,false,false,,"{}",,"{}",,"{}",false,,"{}","{}",,,,,,false,false,false,false,2026-04-01 10:53:08.844,2026-04-01 10:53:08.844,text,,,,,,,,"{}",,,"{}",false,false,false,false,false,,false,false,false,,,left,left,
2185,191,sell_through_target,sell_through_target,ST Target,,100,true,,160,100,,,true,true,agTextColumnFilter,true,false,false,false,false,,"{}",,"{}",,"{}",false,,"{}","{}",,,,,,false,false,false,false,2026-04-01 10:53:08.844,2026-04-01 10:53:08.844,number,,toPercentage,,,,,,"{}",,,"{}",false,false,false,false,false,,false,false,false,,,left,left,
2186,191,gm_percent_target,gm_percent_target,GM % Target,,110,true,,160,100,,,true,true,agTextColumnFilter,true,false,false,false,false,,"{}",,"{}",,"{}",false,,"{}","{}",,,,,,false,false,false,false,2026-04-01 10:53:08.844,2026-04-01 10:53:08.844,number,,toPercentage,,,,,,"{}",,,"{}",false,false,false,false,false,,false,false,false,,,left,left,
2187,191,gm_dollar_target,gm_dollar_target,Margin Target,,120,true,,160,100,,,true,true,agTextColumnFilter,true,false,false,false,false,,"{}",,"{}",,"{}",false,,"{}","{}",,,,,,false,false,false,false,2026-04-01 10:53:08.844,2026-04-01 10:53:08.844,number,,toDollar,,,,,,"{}",,,"{}",false,false,false,false,false,,false,false,false,,,left,left,
2188,191,sales_units_target,sales_units_target,Units Target,,130,true,,160,100,,,true,true,agTextColumnFilter,true,false,false,false,false,,"{}",,"{}",,"{}",false,,"{}","{}",,,,,,false,false,false,false,2026-04-01 10:53:08.844,2026-04-01 10:53:08.844,number,,toUnit,,,,,,"{}",,,"{}",false,false,false,false,false,,false,false,false,,,left,left,
2189,191,revenue_target,revenue_target,Revenue Target,,140,true,,170,100,,,true,true,agTextColumnFilter,true,false,false,false,false,,"{}",,"{}",,"{}",false,,"{}","{}",,,,,,false,false,false,false,2026-04-01 10:53:08.844,2026-04-01 10:53:08.844,number,,toDollar,,,,,,"{}",,,"{}",false,false,false,false,false,,false,false,false,,,left,left,
2190,191,sell_through_priority,sell_through_priority,ST Priority,,150,true,,160,100,,,true,true,agTextColumnFilter,true,false,false,false,false,,"{}",,"{}",,"{}",false,,"{}","{}",,,,,,false,false,false,false,2026-04-01 10:53:08.844,2026-04-01 10:53:08.844,number,,,,,,,,"{}",,,"{}",false,false,false,false,false,,false,false,false,,,left,left,
2191,191,gm_percent_priority,gm_percent_priority,GM % Priority,,160,true,,160,100,,,true,true,agTextColumnFilter,true,false,false,false,false,,"{}",,"{}",,"{}",false,,"{}","{}",,,,,,false,false,false,false,2026-04-01 10:53:08.844,2026-04-01 10:53:08.844,number,,toUnit,,,,,,"{}",,,"{}",false,false,false,false,false,,false,false,false,,,left,left,
2192,191,gm_dollar_priority,gm_dollar_priority,Margin Priority,,170,true,,170,100,,,true,true,agTextColumnFilter,true,false,false,false,false,,"{}",,"{}",,"{}",false,,"{}","{}",,,,,,false,false,false,false,2026-04-01 10:53:08.844,2026-04-01 10:53:08.844,number,,toUnit,,,,,,"{}",,,"{}",false,false,false,false,false,,false,false,false,,,left,left,
2193,191,sales_units_priority,sales_units_priority,Units Priority,,180,true,,160,100,,,true,true,agTextColumnFilter,true,false,false,false,false,,"{}",,"{}",,"{}",false,,"{}","{}",,,,,,false,false,false,false,2026-04-01 10:53:08.844,2026-04-01 10:53:08.844,number,,toUnit,,,,,,"{}",,,"{}",false,false,false,false,false,,false,false,false,,,left,left,
2194,191,revenue_priority,revenue_priority,Revenue Priority,,190,true,,180,100,,,true,true,agTextColumnFilter,true,false,false,false,false,,"{}",,"{}",,"{}",false,,"{}","{}",,,,,,false,false,false,false,2026-04-01 10:53:08.844,2026-04-01 10:53:08.844,number,,toUnit,,,,,,"{}",,,"{}",false,false,false,false,false,,false,false,false,,,left,left,
2195,191,sales_units,sales_units,Sales Units,,200,true,,150,100,,,true,true,agTextColumnFilter,true,false,false,false,false,,"{}",,"{}",,"{}",false,,"{}","{}",,,,,,false,false,false,false,2026-04-01 10:53:08.844,2026-04-01 10:53:08.844,number,,toUnit,,,,,,"{}",,,"{}",false,false,false,false,false,,false,false,false,,,left,left,
2196,191,revenue,revenue,Revenue $,,210,true,,150,100,,,true,true,agTextColumnFilter,true,false,false,false,false,,"{}",,"{}",,"{}",false,,"{}","{}",,,,,,false,false,false,false,2026-04-01 10:53:08.844,2026-04-01 10:53:08.844,number,,toDollar,,,,,,"{}",,,"{}",false,false,false,false,false,,false,false,false,,,left,left,
2197,191,margin,margin,Margin $,,220,true,,150,100,,,true,true,agTextColumnFilter,true,false,false,false,false,,"{}",,"{}",,"{}",false,,"{}","{}",,,,,,false,false,false,false,2026-04-01 10:53:08.844,2026-04-01 10:53:08.844,number,,toDollar,,,,,,"{}",,,"{}",false,false,false,false,false,,false,false,false,,,left,left,
2198,191,markdown_spend,markdown_spend,Markdown $,,230,true,,150,100,,,true,true,agTextColumnFilter,true,false,false,false,false,,"{}",,"{}",,"{}",false,,"{}","{}",,,,,,false,false,false,false,2026-04-01 10:53:08.844,2026-04-01 10:53:08.844,number,,toDollar,,,,,,"{}",,,"{}",false,false,false,false,false,,false,false,false,,,left,left,
2199,192,strategy_name,strategy_name,MD Strategy Name,,10,true,left,,400,,,true,true,agTextColumnFilter,true,false,false,false,false,,"{}",,"{}",,"{}",false,,"{}","{}",,,,,,false,false,false,false,2026-04-01 10:53:08.844,2026-04-01 10:53:08.844,text,,replaceSpecialCharacter,,,,,,"{}",,,"{}",false,false,false,false,false,,false,false,false,,,left,left,
2200,192,strategy_end_date,strategy_end_date,End Date,,20,true,,,360,,,true,true,agTextColumnFilter,true,false,false,false,false,,"{}",,"{}",,"{}",false,,"{}","{}",,,,,,false,false,false,false,2026-04-01 10:53:08.844,2026-04-01 10:53:08.844,text,,dateFormat,,,,,,"{}",,,"{}",false,false,false,false,false,,false,false,false,,,left,left,
2201,193,checkbox,checkbox,"",,0,true,left,50,50,,,false,false,,false,false,false,false,false,,"{}",,"{}",,"{}",false,,"{}","{}",,,,,,false,true,true,true,2026-04-01 10:53:19.835,2026-04-01 10:53:19.835,text,,,,,,,,"{}",,,"{}",false,false,false,false,false,,false,false,false,,,left,left,
2202,193,product_id,product_id,Customer Choice ID,,10,true,,164,100,,,true,true,agTextColumnFilter,true,false,false,false,false,,"{}",,"{}",,"{}",false,,"{}","{}",,,,,,false,false,false,false,2026-04-01 10:53:19.835,2026-04-01 10:53:19.835,number,,,,,,,,"{}",,,"{}",false,false,false,false,false,,false,false,false,,,left,left,
2203,193,product_name,product_name,Description,,20,true,,220,100,,,true,true,agTextColumnFilter,true,false,false,false,false,,"{}",,"{}",,"{}",false,,"{}","{}",,,,,,false,false,false,false,2026-04-01 10:53:19.835,2026-04-01 10:53:19.835,text,,replaceSpecialCharacter,,,,,,"{}",,,"{}",false,false,false,false,false,,false,false,false,,,left,left,
2204,193,l5_cuq,l5_cuq,Style,,30,true,,,100,,,true,true,agTextColumnFilter,true,false,false,false,false,,"{}",,"{}",,"{}",false,,"{}","{}",,,,,,false,false,false,false,2026-04-01 10:53:19.835,2026-04-01 10:53:19.835,text,,replaceSpecialCharacter,,,,,,"{}",,,"{}",false,false,false,false,false,,false,false,false,,,left,left,
2205,193,msrp_with_vat,msrp_with_vat,MSRP,,40,true,,160,100,,,true,true,agTextColumnFilter,true,false,false,false,false,,"{}",,"{}",,"{}",false,,"{}","{}",,,,,,false,false,false,false,2026-04-01 10:53:19.835,2026-04-01 10:53:19.835,number,,toDollar,,,,,,"{}",,,"{}",false,false,false,false,false,,false,false,false,,,left,left,
2206,193,current_price_with_vat,current_price_with_vat,Current Price,,50,true,,,100,,,true,true,agTextColumnFilter,true,false,false,false,false,,"{}",,"{}",,"{}",false,,"{}","{}",,,,,,false,false,false,false,2026-04-01 10:53:19.835,2026-04-01 10:53:19.835,number,,toDollar,,,,,,"{}",,,"{}",false,false,false,false,false,,false,false,false,,,left,left,
2207,193,inventory,inventory,Inventory,,60,true,,160,100,,,true,true,agTextColumnFilter,true,false,false,false,false,,"{}",,"{}",,"{}",false,,"{}","{}",,,,,,false,false,false,false,2026-04-01 10:53:19.835,2026-04-01 10:53:19.835,number,,,,,,,,"{}",,,"{}",false,false,false,false,false,,false,false,false,,,left,left,
2208,193,cost,cost,Cost,,70,true,,160,100,,,true,true,agTextColumnFilter,true,false,false,false,false,,"{}",,"{}",,"{}",false,,"{}","{}",,,,,,false,false,false,false,2026-04-01 10:53:19.835,2026-04-01 10:53:19.835,number,,toDollar,,,,,,"{}",,,"{}",false,false,false,false,false,,false,false,false,,,left,left,
2209,193,launch_price,launch_price,Launch Price,,80,true,,,200,,1,true,true,agTextColumnFilter,true,false,false,false,false,,"{}",,"{}",,"{}",false,,"{}","{}",,,,,,false,false,false,false,2026-04-01 10:53:19.835,2026-04-01 10:53:19.835,number,,toDollar,,,,,,"{}",,,"{}",false,false,false,false,false,,false,false,false,,,left,left,
2210,194,checkbox,checkbox,"",,0,true,left,50,50,,,false,false,,false,false,false,false,false,,"{}",,"{}",,"{}",false,,"{}","{}",,,,,,false,true,true,true,2026-04-01 10:53:19.835,2026-04-01 10:53:19.835,text,,,,,,,,"{}",,,"{}",false,false,false,false,false,,false,false,false,,,left,left,
2211,194,store_name,store_name,Store Name,,10,true,,220,100,,,true,true,agTextColumnFilter,true,false,false,false,false,,"{}",,"{}",,"{}",false,,"{}","{}",,,,,,false,false,false,false,2026-04-01 10:53:19.835,2026-04-01 10:53:19.835,text,,replaceSpecialCharacter,,,,,,"{}",,,"{}",false,false,false,false,false,,false,false,false,,,left,left,
2212,194,store_id,store_id,Store ID,,20,true,,200,100,,,true,true,agTextColumnFilter,true,false,false,false,false,,"{}",,"{}",,"{}",false,,"{}","{}",,,,,,false,false,false,false,2026-04-01 10:53:19.835,2026-04-01 10:53:19.835,number,,,,,,,,"{}",,,"{}",false,false,false,false,false,,false,false,false,,,left,left,
2213,194,s2_name,s2_name,Region,,30,true,,200,100,,,true,true,agTextColumnFilter,true,false,false,false,false,,"{}",,"{}",,"{}",false,,"{}","{}",,,,,,false,false,false,false,2026-04-01 10:53:19.835,2026-04-01 10:53:19.835,text,,replaceSpecialCharacter,,,,,,"{}",,,"{}",false,false,false,false,false,,false,false,false,,,left,left,
2214,194,s3_name,s3_name,District,,40,true,,200,100,,,true,true,agTextColumnFilter,true,false,false,false,false,,"{}",,"{}",,"{}",false,,"{}","{}",,,,,,false,false,false,false,2026-04-01 10:53:19.835,2026-04-01 10:53:19.835,text,,replaceSpecialCharacter,,,,,,"{}",,,"{}",false,false,false,false,false,,false,false,false,,,left,left,
2215,194,s1_name,s1_name,Channel,,50,true,,200,100,,,true,true,agTextColumnFilter,true,false,false,false,false,,"{}",,"{}",,"{}",false,,"{}","{}",,,,,,false,false,false,false,2026-04-01 10:53:19.835,2026-04-01 10:53:19.835,text,,replaceSpecialCharacter,,,,,,"{}",,,"{}",false,false,false,false,false,,false,false,false,,,left,left,
2216,194,s4_name,s4_name,State,,60,true,,200,100,,,true,true,agTextColumnFilter,true,false,false,false,false,,"{}",,"{}",,"{}",false,,"{}","{}",,,,,,false,false,false,false,2026-04-01 10:53:19.835,2026-04-01 10:53:19.835,text,,replaceSpecialCharacter,,,,,,"{}",,,"{}",false,false,false,false,false,,false,false,false,,,left,left,
2217,194,s5_name,s5_name,City,,70,true,,200,100,,1,true,true,agTextColumnFilter,true,false,false,false,false,,"{}",,"{}",,"{}",false,,"{}","{}",,,,,,false,false,false,false,2026-04-01 10:53:19.835,2026-04-01 10:53:19.835,text,,replaceSpecialCharacter,,,,,,"{}",,,"{}",false,false,false,false,false,,false,false,false,,,left,left,
2218,195,checkbox,checkbox,"",,0,true,left,60,60,,,false,false,,false,false,false,false,false,,"{}",,"{}",,"{}",false,,"{}","{}",,,,,,false,true,true,true,2026-04-01 10:53:19.835,2026-04-01 10:53:19.835,text,,,,,,,,"{}",,,"{}",false,false,false,false,false,,false,false,false,,,left,left,
2219,195,product_group_name,product_group_name,Group Name,,10,true,left,,100,,,true,true,agTextColumnFilter,true,false,false,false,false,,"{}",,"{}",,"{}",false,,"{}","{}",,,,,,false,false,false,false,2026-04-01 10:53:19.835,2026-04-01 10:53:19.835,text,,replaceSpecialCharacter,,,,,,"{}",,,"{}",false,false,false,false,false,,false,false,false,,,left,left,
2220,195,product_group_description,product_group_description,Description,,20,true,,180,100,,,true,true,agTextColumnFilter,true,false,false,false,false,,"{}",,"{}",,"{}",false,,"{}","{}",,,,,,false,false,false,false,2026-04-01 10:53:19.835,2026-04-01 10:53:19.835,text,,replaceSpecialCharacter,,,,,,"{}",,,"{}",false,false,false,false,false,,false,false,false,,,left,left,
2221,195,products_count,products_count,Products,,30,true,,160,100,,,true,true,agTextColumnFilter,true,false,false,false,false,,"{}",,"{}",,"{}",false,,"{}","{}",,,,,,false,false,false,false,2026-04-01 10:53:19.835,2026-04-01 10:53:19.835,number,,,,,,,,"{}",,,"{}",false,false,false,false,false,,false,false,false,,,left,left,
2222,195,product_group_type,product_group_type,Product Group Type,,40,true,,,230,,,true,true,agTextColumnFilter,true,false,false,false,false,,"{}",,"{}",,"{}",false,,"{}","{}",,,,,,false,false,false,false,2026-04-01 10:53:19.835,2026-04-01 10:53:19.835,text,,replaceSpecialCharacter,,,,,,"{}",,,"{}",false,false,false,false,false,,false,false,false,,,left,left,
2223,195,l0_name,l0_name,Brand,,50,true,,150,100,,,true,true,agTextColumnFilter,true,false,false,false,false,,"{}",,"{}",,"{}",false,,"{}","{}",,,,,,false,false,false,false,2026-04-01 10:53:19.835,2026-04-01 10:53:19.835,text,,replaceSpecialCharacter,,,,,,"{}",,,"{}",false,false,false,false,false,,false,false,false,,,left,left,
2224,195,l1_name,l1_name,Division,,60,true,,210,100,,,true,true,agTextColumnFilter,true,false,false,false,false,,"{}",,"{}",,"{}",false,,"{}","{}",,,,,,false,false,false,false,2026-04-01 10:53:19.835,2026-04-01 10:53:19.835,text,,replaceSpecialCharacter,,,,,,"{}",,,"{}",false,false,false,false,false,,false,false,false,,,left,left,
2225,195,l2_name,l2_name,Department,,70,true,,180,100,,,true,true,agTextColumnFilter,true,false,false,false,false,,"{}",,"{}",,"{}",false,,"{}","{}",,,,,,false,false,false,false,2026-04-01 10:53:19.835,2026-04-01 10:53:19.835,text,,replaceSpecialCharacter,,,,,,"{}",,,"{}",false,false,false,false,false,,false,false,false,,,left,left,
2226,195,created_by_user,created_by_user,Created By,,80,true,,170,100,,,true,true,agTextColumnFilter,true,false,false,false,false,,"{}",,"{}",,"{}",false,,"{}","{}",,,,,,false,false,false,false,2026-04-01 10:53:19.835,2026-04-01 10:53:19.835,text,,replaceSpecialCharacter,,,,,,"{}",,,"{}",false,false,false,false,false,,false,false,false,,,left,left,
2227,195,created_at,created_at,Created On,,90,true,,170,100,,,true,true,agTextColumnFilter,true,false,false,false,false,,"{}",,"{}",,"{}",false,,"{}","{}",,,,,,false,false,false,false,2026-04-01 10:53:19.835,2026-04-01 10:53:19.835,text,,dateFormat,,,,,,"{}",,,"{}",false,false,false,false,false,,false,false,false,,,left,left,
2228,195,modified_by_user,modified_by_user,Modified By,,100,true,,180,100,,,true,true,agTextColumnFilter,true,false,false,false,false,,"{}",,"{}",,"{}",false,,"{}","{}",,,,,,false,false,false,false,2026-04-01 10:53:19.835,2026-04-01 10:53:19.835,text,,replaceSpecialCharacter,,,,,,"{}",,,"{}",false,false,false,false,false,,false,false,false,,,left,left,
2229,195,modified_at,modified_at,Modified On,,110,true,,180,100,,,true,true,agTextColumnFilter,true,false,false,false,false,,"{}",,"{}",,"{}",false,,"{}","{}",,,,,,false,false,false,false,2026-04-01 10:53:19.835,2026-04-01 10:53:19.835,text,,dateFormat,,,,,,"{}",,,"{}",false,false,false,false,false,,false,false,false,,,left,left,
2230,196,checkbox,checkbox,"",,0,true,left,50,50,,,false,false,,false,false,false,false,false,,"{}",,"{}",,"{}",false,,"{}","{}",,,,,,false,true,true,true,2026-04-01 10:53:19.835,2026-04-01 10:53:19.835,text,,,,,,,,"{}",,,"{}",false,false,false,false,false,,false,false,false,,,left,left,
2231,196,store_group_name,store_group_name,Group Name,,10,true,,,100,,,true,true,agTextColumnFilter,true,false,false,false,false,,"{}",,"{}",,"{}",false,,"{}","{}",,,,,,false,false,false,false,2026-04-01 10:53:19.835,2026-04-01 10:53:19.835,text,,replaceSpecialCharacter,,,,,,"{}",,,"{}",false,false,false,false,false,,false,false,false,,,left,left,
2232,196,store_group_description,store_group_description,Description,,20,true,,180,100,,,true,true,agTextColumnFilter,true,false,false,false,false,,"{}",,"{}",,"{}",false,,"{}","{}",,,,,,false,false,false,false,2026-04-01 10:53:19.835,2026-04-01 10:53:19.835,text,,replaceSpecialCharacter,,,,,,"{}",,,"{}",false,false,false,false,false,,false,false,false,,,left,left,
2233,196,stores_count,stores_count,Stores,,30,true,,,100,,,true,true,agTextColumnFilter,true,false,false,false,false,,"{}",,"{}",,"{}",false,,"{}","{}",,,,,,false,false,false,false,2026-04-01 10:53:19.835,2026-04-01 10:53:19.835,number,,,,,,,,"{}",,,"{}",false,false,false,false,false,,false,false,false,,,left,left,
2234,196,s2_name,s2_name,Region,,40,true,,,100,,,true,true,agTextColumnFilter,true,false,false,false,false,,"{}",,"{}",,"{}",false,,"{}","{}",,,,,,false,false,false,false,2026-04-01 10:53:19.835,2026-04-01 10:53:19.835,text,,replaceSpecialCharacter,,,,,,"{}",,,"{}",false,false,false,false,false,,false,false,false,,,left,left,
2235,196,s1_name,s1_name,Channel,,50,true,,,100,,,true,true,agTextColumnFilter,true,false,false,false,false,,"{}",,"{}",,"{}",false,,"{}","{}",,,,,,false,false,false,false,2026-04-01 10:53:19.835,2026-04-01 10:53:19.835,text,,replaceSpecialCharacter,,,,,,"{}",,,"{}",false,false,false,false,false,,false,false,false,,,left,left,
2236,196,created_by_user,created_by_user,Created By,,60,true,,,100,,,true,true,agTextColumnFilter,true,false,false,false,false,,"{}",,"{}",,"{}",false,,"{}","{}",,,,,,false,false,false,false,2026-04-01 10:53:19.835,2026-04-01 10:53:19.835,text,,replaceSpecialCharacter,,,,,,"{}",,,"{}",false,false,false,false,false,,false,false,false,,,left,left,
2237,196,created_at,created_at,Created On,,70,true,,,100,,,true,true,agTextColumnFilter,true,false,false,false,false,,"{}",,"{}",,"{}",false,,"{}","{}",,,,,,false,false,false,false,2026-04-01 10:53:19.835,2026-04-01 10:53:19.835,text,,dateFormat,,,,,,"{}",,,"{}",false,false,false,false,false,,false,false,false,,,left,left,
2238,196,modified_by_user,modified_by_user,Modified By,,80,true,,,100,,,true,true,agTextColumnFilter,true,false,false,false,false,,"{}",,"{}",,"{}",false,,"{}","{}",,,,,,false,false,false,false,2026-04-01 10:53:19.835,2026-04-01 10:53:19.835,text,,replaceSpecialCharacter,,,,,,"{}",,,"{}",false,false,false,false,false,,false,false,false,,,left,left,
2239,196,modified_at,modified_at,Modified On,,90,true,,,200,,1,true,true,agTextColumnFilter,true,false,false,false,false,,"{}",,"{}",,"{}",false,,"{}","{}",,,,,,false,false,false,false,2026-04-01 10:53:19.835,2026-04-01 10:53:19.835,text,,dateFormat,,,,,,"{}",,,"{}",false,false,false,false,false,,false,false,false,,,left,left,
2240,197,product_id,product_id,Customer Choice ID,,10,true,,,100,,1,true,true,agTextColumnFilter,true,false,false,false,false,,"{}",,"{}",,"{}",false,,"{}","{}",,,,,,false,false,false,false,2026-04-01 10:53:19.835,2026-04-01 10:53:19.835,number,,replaceSpecialCharacter,,,,,,"{}",,,"{}",false,false,false,false,false,,false,false,false,,,left,left,
2241,197,l5_id,l5_id,Style,,20,true,,,100,,,true,true,agTextColumnFilter,true,false,false,false,false,,"{}",,"{}",,"{}",false,,"{}","{}",,,,,,false,false,false,false,2026-04-01 10:53:19.835,2026-04-01 10:53:19.835,number,,replaceSpecialCharacter,,,,,,"{}",,,"{}",false,false,false,false,false,,false,false,false,,,left,left,
2242,197,status,status,Status,,30,true,,,100,,1,true,true,agTextColumnFilter,true,false,false,false,false,,"{}",,"{}",,"{}",false,,"{}","{}",,,,,,false,false,false,false,2026-04-01 10:53:19.835,2026-04-01 10:53:19.835,text,,replaceSpecialCharacter,,,,,,"{}",,,"{}",false,false,false,false,false,,false,false,false,,,left,left,
2243,198,store_id,store_id,Store ID,,10,true,,,100,,1,true,true,agTextColumnFilter,true,false,false,false,false,,"{}",,"{}",,"{}",false,,"{}","{}",,,,,,false,false,false,false,2026-04-01 10:53:19.835,2026-04-01 10:53:19.835,number,,replaceSpecialCharacter,,,,,,"{}",,,"{}",false,false,false,false,false,,false,false,false,,,left,left,
2244,198,status,status,Status,,20,true,,,100,,1,true,true,agTextColumnFilter,true,false,false,false,false,,"{}",,"{}",,"{}",false,,"{}","{}",,,,,,false,false,false,false,2026-04-01 10:53:19.835,2026-04-01 10:53:19.835,text,,replaceSpecialCharacter,,,,,,"{}",,,"{}",false,false,false,false,false,,false,false,false,,,left,left,
2245,199,product_id,product_id,Customer Choice ID,,10,true,,,100,,,true,true,agTextColumnFilter,true,false,false,false,false,,"{}",,"{}",,"{}",false,,"{}","{}",,,,,,false,false,false,false,2026-04-01 10:53:19.835,2026-04-01 10:53:19.835,text,,replaceSpecialCharacter,,,,,,"{}",,,"{}",false,false,false,false,false,,false,false,false,,,left,left,
2246,199,l5_id,l5_id,Style,,20,true,,,100,,,true,true,agTextColumnFilter,true,false,false,false,false,,"{}",,"{}",,"{}",false,,"{}","{}",,,,,,false,false,false,false,2026-04-01 10:53:19.835,2026-04-01 10:53:19.835,text,,replaceSpecialCharacter,,,,,,"{}",,,"{}",false,false,false,false,false,,false,false,false,,,left,left,
2247,199,store_id,store_id,Store ID,,30,true,,,100,,,true,true,agTextColumnFilter,true,false,false,false,false,,"{}",,"{}",,"{}",false,,"{}","{}",,,,,,false,false,false,false,2026-04-01 10:53:19.835,2026-04-01 10:53:19.835,text,,replaceSpecialCharacter,,,,,,"{}",,,"{}",false,false,false,false,false,,false,false,false,,,left,left,
2248,199,status,status,Status,,40,true,,,200,,1,true,true,agTextColumnFilter,true,false,false,false,false,,"{}",,"{}",,"{}",false,,"{}","{}",,,,,,false,false,false,false,2026-04-01 10:53:19.835,2026-04-01 10:53:19.835,text,,replaceSpecialCharacter,,,,,,"{}",,,"{}",false,false,false,false,false,,false,false,false,,,left,left,
2249,200,product_id,product_id,Customer Choice ID,,10,true,,160,100,,,true,true,agTextColumnFilter,true,false,false,false,false,,"{}",,"{}",,"{}",false,,"{}","{}",,,,,,false,false,false,false,2026-04-01 10:53:19.835,2026-04-01 10:53:19.835,text,,replaceSpecialCharacter,,,,,,"{}",,,"{}",false,false,false,false,false,,false,false,false,,,left,left,
2250,200,product_level_value,product_level_value,Product Level Value,,20,true,,160,100,,,true,true,agTextColumnFilter,true,false,false,false,false,,"{}",,"{}",,"{}",false,,"{}","{}",,,,,,false,false,false,false,2026-04-01 10:53:19.835,2026-04-01 10:53:19.835,text,,replaceSpecialCharacter,,,,,,"{}",,,"{}",false,false,false,false,false,,false,false,false,,,left,left,
2251,200,store_id,store_id,Store ID,,30,true,,160,100,,,true,true,agTextColumnFilter,true,false,false,false,false,,"{}",,"{}",,"{}",false,,"{}","{}",,,,,,false,false,false,false,2026-04-01 10:53:19.835,2026-04-01 10:53:19.835,text,,replaceSpecialCharacter,,,,,,"{}",,,"{}",false,false,false,false,false,,false,false,false,,,left,left,
2252,200,store_level_value,store_level_value,Store Level Value,,40,true,,160,100,,,true,true,agTextColumnFilter,true,false,false,false,false,,"{}",,"{}",,"{}",false,,"{}","{}",,,,,,false,false,false,false,2026-04-01 10:53:19.835,2026-04-01 10:53:19.835,text,,replaceSpecialCharacter,,,,,,"{}",,,"{}",false,false,false,false,false,,false,false,false,,,left,left,
2253,200,conflicting_strategy_name,conflicting_strategy_name,Conflicting Strategy Name,,50,true,,160,100,,,true,true,agTextColumnFilter,true,false,false,false,false,,"{}",,"{}",,"{}",false,,"{}","{}",,,,,,false,false,false,false,2026-04-01 10:53:19.835,2026-04-01 10:53:19.835,text,,replaceSpecialCharacter,,,,,,"{}",,,"{}",false,false,false,false,false,,false,false,false,,,left,left,
2254,200,conflicting_strategy_start_date,conflicting_strategy_start_date,Conflicting Strategy Start Date,,60,true,,160,100,,,true,true,agTextColumnFilter,true,false,false,false,false,,"{}",,"{}",,"{}",false,,"{}","{}",,,,,,false,false,false,false,2026-04-01 10:53:19.835,2026-04-01 10:53:19.835,text,,dateFormat,,,,,,"{}",,,"{}",false,false,false,false,false,,false,false,false,,,left,left,
2255,200,conflicting_strategy_end_date,conflicting_strategy_end_date,Conflicting Strategy End Date,,70,true,,160,100,,1,true,true,agTextColumnFilter,true,false,false,false,false,,"{}",,"{}",,"{}",false,,"{}","{}",,,,,,false,false,false,false,2026-04-01 10:53:19.835,2026-04-01 10:53:19.835,text,,dateFormat,,,,,,"{}",,,"{}",false,false,false,false,false,,false,false,false,,,left,left,
2256,201,checkbox,checkbox,"",,0,true,left,60,60,,,false,false,,false,false,false,false,false,,"{}",,"{}",,"{}",false,,"{}","{}",,,,,,false,true,true,true,2026-04-01 10:53:31.283,2026-04-01 10:53:31.283,text,,,,,,,,"{}",,,"{}",false,false,false,false,false,,false,false,false,,,left,left,
2257,201,config_name,config_name,Config Name,,10,true,,280,100,,,true,true,agTextColumnFilter,true,false,false,false,false,,"{}",CellsWithLinkandIcon,"{}",,"{}",false,,"{}","{}",,,,,,false,false,false,false,2026-04-01 10:53:31.283,2026-04-01 10:53:31.283,text,,replaceSpecialCharacter,,,,,,"{}",,,"{}",false,false,false,false,false,,false,false,false,,,left,left,
2258,201,pcd_type,pcd_type,Type,,20,true,,200,100,,,true,true,agTextColumnFilter,true,false,false,false,false,,"{}",,"{}",,"{}",false,,"{}","{}",,,,,,false,false,false,false,2026-04-01 10:53:31.283,2026-04-01 10:53:31.283,text,,,,,,,,"{}",,,"{}",false,false,false,false,false,,false,false,false,,,left,left,
2259,201,total_days,total_days,Days,,30,true,,160,100,,,true,true,agTextColumnFilter,true,false,false,false,false,,"{}",,"{}",,"{}",false,,"{}","{}",,,,,,false,false,false,false,2026-04-01 10:53:31.283,2026-04-01 10:53:31.283,number,,,,,,,,"{}",,,"{}",false,false,false,false,false,,false,false,false,,,left,left,
2260,201,on_day,on_day,Repeat / Start Day,,40,true,,220,100,,,true,true,agTextColumnFilter,true,false,false,false,false,,"{}",,"{}",,"{}",false,,"{}","{}",,,,,,false,false,false,false,2026-04-01 10:53:31.283,2026-04-01 10:53:31.283,text,,,,,,,,"{}",,,"{}",false,false,false,false,false,,false,false,false,,,left,left,
2261,201,created_by_user,created_by_user,Created By,,50,true,,260,100,,,true,true,agTextColumnFilter,true,false,false,false,false,,"{}",,"{}",,"{}",false,,"{}","{}",,,,,,false,false,false,false,2026-04-01 10:53:31.283,2026-04-01 10:53:31.283,text,,replaceSpecialCharacter,,,,,,"{}",,,"{}",false,false,false,false,false,,false,false,false,,,left,left,
2262,201,created_at,created_at,Created On,,60,true,,220,100,,1,true,true,agTextColumnFilter,true,false,false,false,false,,"{}",,"{}",,"{}",false,,"{}","{}",,,,,,false,false,false,false,2026-04-01 10:53:31.283,2026-04-01 10:53:31.283,text,,dateFormat,,,,,,"{}",,,"{}",false,false,false,false,false,,false,false,false,,,left,left,
2263,202,plan_name,plan_name,Strategy Name,,10,true,,,200,,1,true,true,agTextColumnFilter,true,false,false,false,false,,"{}",,"{}",,"{}",false,,"{}","{}",,,,,,false,false,false,false,2026-04-01 10:53:31.283,2026-04-01 10:53:31.283,text,,replaceSpecialCharacter,,,,,,"{}",,,"{}",false,false,false,false,false,,false,false,false,,,left,left,
2264,203,checkbox,checkbox,"",,0,true,left,60,60,,,false,false,,false,false,false,false,false,,"{}",,"{}",,"{}",false,,"{}","{}",,,,,,false,true,true,true,2026-04-01 10:53:31.283,2026-04-01 10:53:31.283,text,,,,,,,,"{}",,,"{}",false,false,false,false,false,,false,false,false,,,left,left,
2265,203,product_group_name,product_group_name,Group Name,,10,true,left,,250,,,true,true,agTextColumnFilter,true,false,false,false,false,,"{}",CellsWithLinkandIcon,"{}",,"{}",false,,"{}","{}",,,,,,false,false,false,false,2026-04-01 10:53:31.283,2026-04-01 10:53:31.283,text,,replaceSpecialCharacter,,,,,,"{}",,,"{}",false,false,false,false,false,,false,false,false,,,left,left,
2266,203,product_group_description,product_group_description,Description,,20,true,,180,100,,,true,true,agTextColumnFilter,true,false,false,false,false,,"{}",,"{}",,"{}",false,,"{}","{}",,,,,,false,false,false,false,2026-04-01 10:53:31.283,2026-04-01 10:53:31.283,text,,replaceSpecialCharacter,,,,,,"{}",,,"{}",false,false,false,false,false,,false,false,false,,,left,left,
2267,203,products_count,products_count,Products,,30,true,,160,100,,,true,true,agTextColumnFilter,true,false,false,false,false,,"{}",,"{}",,"{}",false,,"{}","{}",,,,,,false,false,false,false,2026-04-01 10:53:31.283,2026-04-01 10:53:31.283,number,,,,,,,,"{}",,,"{}",false,false,false,false,false,,false,false,false,,,left,left,
2268,203,product_group_type,product_group_type,Product Group Type,,40,true,,,230,,,true,true,agTextColumnFilter,true,false,false,false,false,,"{}",,"{}",,"{}",false,,"{}","{}",,,,,,false,false,false,false,2026-04-01 10:53:31.283,2026-04-01 10:53:31.283,text,,replaceSpecialCharacter,,,,,,"{}",,,"{}",false,false,false,false,false,,false,false,false,,,left,left,
2269,203,l0_name,l0_name,Brand,,50,true,,150,100,,,true,true,agTextColumnFilter,true,false,false,false,false,,"{}",,"{}",,"{}",false,,"{}","{}",,,,,,false,false,false,false,2026-04-01 10:53:31.283,2026-04-01 10:53:31.283,text,,replaceSpecialCharacter,,,,,,"{}",,,"{}",false,false,false,false,false,,false,false,false,,,left,left,
2270,203,l1_name,l1_name,Division,,60,true,,210,100,,,true,true,agTextColumnFilter,true,false,false,false,false,,"{}",,"{}",,"{}",false,,"{}","{}",,,,,,false,false,false,false,2026-04-01 10:53:31.283,2026-04-01 10:53:31.283,text,,replaceSpecialCharacter,,,,,,"{}",,,"{}",false,false,false,false,false,,false,false,false,,,left,left,
2271,203,l2_name,l2_name,Department,,70,true,,180,100,,,true,true,agTextColumnFilter,true,false,false,false,false,,"{}",,"{}",,"{}",false,,"{}","{}",,,,,,false,false,false,false,2026-04-01 10:53:31.283,2026-04-01 10:53:31.283,text,,replaceSpecialCharacter,,,,,,"{}",,,"{}",false,false,false,false,false,,false,false,false,,,left,left,
2272,203,created_by_user,created_by_user,Created By,,80,true,,170,100,,,true,true,agTextColumnFilter,true,false,false,false,false,,"{}",,"{}",,"{}",false,,"{}","{}",,,,,,false,false,false,false,2026-04-01 10:53:31.283,2026-04-01 10:53:31.283,text,,replaceSpecialCharacter,,,,,,"{}",,,"{}",false,false,false,false,false,,false,false,false,,,left,left,
2273,203,created_at,created_at,Created On,,90,true,,170,100,,,true,true,agTextColumnFilter,true,false,false,false,false,,"{}",,"{}",,"{}",false,,"{}","{}",,,,,,false,false,false,false,2026-04-01 10:53:31.283,2026-04-01 10:53:31.283,text,,dateFormat,,,,,,"{}",,,"{}",false,false,false,false,false,,false,false,false,,,left,left,
2274,203,modified_by_user,modified_by_user,Modified By,,100,true,,180,100,,,true,true,agTextColumnFilter,true,false,false,false,false,,"{}",,"{}",,"{}",false,,"{}","{}",,,,,,false,false,false,false,2026-04-01 10:53:31.283,2026-04-01 10:53:31.283,text,,replaceSpecialCharacter,,,,,,"{}",,,"{}",false,false,false,false,false,,false,false,false,,,left,left,
2275,203,modified_at,modified_at,Modified On,,110,true,,180,100,,,true,true,agTextColumnFilter,true,false,false,false,false,,"{}",,"{}",,"{}",false,,"{}","{}",,,,,,false,false,false,false,2026-04-01 10:53:31.283,2026-04-01 10:53:31.283,text,,dateFormat,,,,,,"{}",,,"{}",false,false,false,false,false,,false,false,false,,,left,left,
2276,203,strategies_count,strategies_count,Strategies,,120,true,,,140,,1,true,true,agTextColumnFilter,true,false,false,false,false,,"{}",CellsWithNumberAndLink,"{}",,"{}",false,,"{}","{}",,,,,,false,false,false,false,2026-04-01 10:53:31.283,2026-04-01 10:53:31.283,number,,,,,,,,"{}",,,"{}",false,false,false,false,false,,false,false,false,,,left,left,
2277,204,checkbox,checkbox,"",,0,true,left,50,50,,,false,false,,false,false,false,false,false,,"{}",,"{}",,"{}",false,,"{}","{}",,,,,,false,true,true,true,2026-04-01 10:53:31.283,2026-04-01 10:53:31.283,text,,,,,,,,"{}",,,"{}",false,false,false,false,false,,false,false,false,,,left,left,
2278,204,product_id,product_id,Customer Choice ID,,10,true,,164,100,,,true,true,agTextColumnFilter,true,false,false,false,false,,"{}",,"{}",,"{}",false,,"{}","{}",,,,,,false,false,false,false,2026-04-01 10:53:31.283,2026-04-01 10:53:31.283,number,,,,,,,,"{}",,,"{}",false,false,false,false,false,,false,false,false,,,left,left,
2279,204,product_name,product_name,Description,,20,true,,220,100,,,true,true,agTextColumnFilter,true,false,false,false,false,,"{}",,"{}",,"{}",false,,"{}","{}",,,,,,false,false,false,false,2026-04-01 10:53:31.283,2026-04-01 10:53:31.283,text,,replaceSpecialCharacter,,,,,,"{}",,,"{}",false,false,false,false,false,,false,false,false,,,left,left,
2280,204,l5_cuq,l5_cuq,Style,,30,true,,,100,,,true,true,agTextColumnFilter,true,false,false,false,false,,"{}",,"{}",,"{}",false,,"{}","{}",,,,,,false,false,false,false,2026-04-01 10:53:31.283,2026-04-01 10:53:31.283,text,,replaceSpecialCharacter,,,,,,"{}",,,"{}",false,false,false,false,false,,false,false,false,,,left,left,
2281,204,msrp_with_vat,msrp_with_vat,MSRP,,40,true,,160,100,,,true,true,agTextColumnFilter,true,false,false,false,false,,"{}",,"{}",,"{}",false,,"{}","{}",,,,,,false,false,false,false,2026-04-01 10:53:31.283,2026-04-01 10:53:31.283,number,,toDollar,,,,,,"{}",,,"{}",false,false,false,false,false,,false,false,false,,,left,left,
2282,204,current_price_with_vat,current_price_with_vat,Current Price,,50,true,,,100,,,true,true,agTextColumnFilter,true,false,false,false,false,,"{}",,"{}",,"{}",false,,"{}","{}",,,,,,false,false,false,false,2026-04-01 10:53:31.283,2026-04-01 10:53:31.283,number,,toDollar,,,,,,"{}",,,"{}",false,false,false,false,false,,false,false,false,,,left,left,
2283,204,inventory,inventory,Inventory,,60,true,,160,100,,,true,true,agTextColumnFilter,true,false,false,false,false,,"{}",,"{}",,"{}",false,,"{}","{}",,,,,,false,false,false,false,2026-04-01 10:53:31.283,2026-04-01 10:53:31.283,number,,,,,,,,"{}",,,"{}",false,false,false,false,false,,false,false,false,,,left,left,
2284,204,cost,cost,Cost,,70,true,,160,100,,,true,true,agTextColumnFilter,true,false,false,false,false,,"{}",,"{}",,"{}",false,,"{}","{}",,,,,,false,false,false,false,2026-04-01 10:53:31.283,2026-04-01 10:53:31.283,number,,toDollar,,,,,,"{}",,,"{}",false,false,false,false,false,,false,false,false,,,left,left,
2285,204,launch_price,launch_price,Launch Price,,80,true,,,200,,1,true,true,agTextColumnFilter,true,false,false,false,false,,"{}",,"{}",,"{}",false,,"{}","{}",,,,,,false,false,false,false,2026-04-01 10:53:31.283,2026-04-01 10:53:31.283,number,,toDollar,,,,,,"{}",,,"{}",false,false,false,false,false,,false,false,false,,,left,left,
2286,205,product_id,product_id,Customer Choice ID,,10,true,,,100,,1,true,true,agTextColumnFilter,true,false,false,false,false,,"{}",,"{}",,"{}",false,,"{}","{}",,,,,,false,false,false,false,2026-04-01 10:53:31.283,2026-04-01 10:53:31.283,number,,replaceSpecialCharacter,,,,,,"{}",,,"{}",false,false,false,false,false,,false,false,false,,,left,left,
2287,205,product_name,product_name,Description,,20,true,,,100,,1,true,true,agTextColumnFilter,true,false,false,false,false,,"{}",,"{}",,"{}",false,,"{}","{}",,,,,,false,false,false,false,2026-04-01 10:53:31.283,2026-04-01 10:53:31.283,text,,replaceSpecialCharacter,,,,,,"{}",,,"{}",false,false,false,false,false,,false,false,false,,,left,left,
2288,205,status,status,Status,,30,true,,,100,,1,true,true,agTextColumnFilter,true,false,false,false,false,,"{}",,"{}",,"{}",false,,"{}","{}",,,,,,false,false,false,false,2026-04-01 10:53:31.283,2026-04-01 10:53:31.283,text,,replaceSpecialCharacter,,,,,,"{}",,,"{}",false,false,false,false,false,,false,false,false,,,left,left,
2289,206,plan_name,plan_name,Strategy Name,,10,true,,,200,,1,true,true,agTextColumnFilter,true,false,false,false,false,,"{}",,"{}",,"{}",false,,"{}","{}",,,,,,false,false,false,false,2026-04-01 10:53:31.283,2026-04-01 10:53:31.283,text,,replaceSpecialCharacter,,,,,,"{}",,,"{}",false,false,false,false,false,,false,false,false,,,left,left,
2290,207,checkbox,checkbox,"",,0,true,left,50,50,,,false,false,,false,false,false,false,false,,"{}",,"{}",,"{}",false,,"{}","{}",,,,,,false,true,true,true,2026-04-01 10:53:31.283,2026-04-01 10:53:31.283,text,,,,,,,,"{}",,,"{}",false,false,false,false,false,,false,false,false,,,left,left,
2291,207,store_group_name,store_group_name,Group Name,,10,true,left,,250,,,true,true,agTextColumnFilter,true,false,false,false,false,,"{}",CellsWithLinkandIcon,"{}",,"{}",false,,"{}","{}",,,,,,false,false,false,false,2026-04-01 10:53:31.283,2026-04-01 10:53:31.283,text,,replaceSpecialCharacter,,,,,,"{}",,,"{}",false,false,false,false,false,,false,false,false,,,left,left,
2292,207,store_group_description,store_group_description,Description,,20,true,,180,100,,,true,true,agTextColumnFilter,true,false,false,false,false,,"{}",,"{}",,"{}",false,,"{}","{}",,,,,,false,false,false,false,2026-04-01 10:53:31.283,2026-04-01 10:53:31.283,text,,replaceSpecialCharacter,,,,,,"{}",,,"{}",false,false,false,false,false,,false,false,false,,,left,left,
2293,207,stores_count,stores_count,Stores,,30,true,,140,100,,,true,true,agTextColumnFilter,true,false,false,false,false,,"{}",,"{}",,"{}",false,,"{}","{}",,,,,,false,false,false,false,2026-04-01 10:53:31.283,2026-04-01 10:53:31.283,number,,,,,,,,"{}",,,"{}",false,false,false,false,false,,false,false,false,,,left,left,
2294,207,s2_name,s2_name,Region,,40,true,,160,100,,,true,true,agTextColumnFilter,true,false,false,false,false,,"{}",,"{}",,"{}",false,,"{}","{}",,,,,,false,false,false,false,2026-04-01 10:53:31.283,2026-04-01 10:53:31.283,text,,replaceSpecialCharacter,,,,,,"{}",,,"{}",false,false,false,false,false,,false,false,false,,,left,left,
2295,207,s1_name,s1_name,Channel,,50,true,,160,100,,,true,true,agTextColumnFilter,true,false,false,false,false,,"{}",,"{}",,"{}",false,,"{}","{}",,,,,,false,false,false,false,2026-04-01 10:53:31.283,2026-04-01 10:53:31.283,text,,replaceSpecialCharacter,,,,,,"{}",,,"{}",false,false,false,false,false,,false,false,false,,,left,left,
2296,207,created_by_user,created_by_user,Created By,,60,true,,170,100,,,true,true,agTextColumnFilter,true,false,false,false,false,,"{}",,"{}",,"{}",false,,"{}","{}",,,,,,false,false,false,false,2026-04-01 10:53:31.283,2026-04-01 10:53:31.283,text,,replaceSpecialCharacter,,,,,,"{}",,,"{}",false,false,false,false,false,,false,false,false,,,left,left,
2297,207,created_at,created_at,Created On,,70,true,,170,100,,,true,true,agTextColumnFilter,true,false,false,false,false,,"{}",,"{}",,"{}",false,,"{}","{}",,,,,,false,false,false,false,2026-04-01 10:53:31.283,2026-04-01 10:53:31.283,text,,dateFormat,,,,,,"{}",,,"{}",false,false,false,false,false,,false,false,false,,,left,left,
2298,207,modified_by_user,modified_by_user,Modified By,,80,true,,180,100,,,true,true,agTextColumnFilter,true,false,false,false,false,,"{}",,"{}",,"{}",false,,"{}","{}",,,,,,false,false,false,false,2026-04-01 10:53:31.283,2026-04-01 10:53:31.283,text,,replaceSpecialCharacter,,,,,,"{}",,,"{}",false,false,false,false,false,,false,false,false,,,left,left,
2299,207,modified_at,modified_at,Modified On,,90,true,,180,100,,,true,true,agTextColumnFilter,true,false,false,false,false,,"{}",,"{}",,"{}",false,,"{}","{}",,,,,,false,false,false,false,2026-04-01 10:53:31.283,2026-04-01 10:53:31.283,text,,dateFormat,,,,,,"{}",,,"{}",false,false,false,false,false,,false,false,false,,,left,left,
2300,207,strategies_count,strategies_count,Strategies,,100,true,,,140,,1,true,true,agTextColumnFilter,true,false,false,false,false,,"{}",CellsWithNumberAndLink,"{}",,"{}",false,,"{}","{}",,,,,,false,false,false,false,2026-04-01 10:53:31.283,2026-04-01 10:53:31.283,number,,,,,,,,"{}",,,"{}",false,false,false,false,false,,false,false,false,,,left,left,
2301,208,checkbox,checkbox,"",,0,true,left,50,50,,,false,false,,false,false,false,false,false,,"{}",,"{}",,"{}",false,,"{}","{}",,,,,,false,true,true,true,2026-04-01 10:53:31.283,2026-04-01 10:53:31.283,text,,,,,,,,"{}",,,"{}",false,false,false,false,false,,false,false,false,,,left,left,
2302,208,store_name,store_name,Store Name,,10,true,,220,100,,,true,true,agTextColumnFilter,true,false,false,false,false,,"{}",,"{}",,"{}",false,,"{}","{}",,,,,,false,false,false,false,2026-04-01 10:53:31.283,2026-04-01 10:53:31.283,text,,replaceSpecialCharacter,,,,,,"{}",,,"{}",false,false,false,false,false,,false,false,false,,,left,left,
2303,208,store_id,store_id,Store ID,,20,true,,200,100,,,true,true,agTextColumnFilter,true,false,false,false,false,,"{}",,"{}",,"{}",false,,"{}","{}",,,,,,false,false,false,false,2026-04-01 10:53:31.283,2026-04-01 10:53:31.283,number,,,,,,,,"{}",,,"{}",false,false,false,false,false,,false,false,false,,,left,left,
2304,208,s2_name,s2_name,Region,,30,true,,200,100,,,true,true,agTextColumnFilter,true,false,false,false,false,,"{}",,"{}",,"{}",false,,"{}","{}",,,,,,false,false,false,false,2026-04-01 10:53:31.283,2026-04-01 10:53:31.283,text,,replaceSpecialCharacter,,,,,,"{}",,,"{}",false,false,false,false,false,,false,false,false,,,left,left,
2305,208,s3_name,s3_name,District,,40,true,,200,100,,,true,true,agTextColumnFilter,true,false,false,false,false,,"{}",,"{}",,"{}",false,,"{}","{}",,,,,,false,false,false,false,2026-04-01 10:53:31.283,2026-04-01 10:53:31.283,text,,replaceSpecialCharacter,,,,,,"{}",,,"{}",false,false,false,false,false,,false,false,false,,,left,left,
2306,208,s1_name,s1_name,Channel,,50,true,,200,100,,,true,true,agTextColumnFilter,true,false,false,false,false,,"{}",,"{}",,"{}",false,,"{}","{}",,,,,,false,false,false,false,2026-04-01 10:53:31.283,2026-04-01 10:53:31.283,text,,replaceSpecialCharacter,,,,,,"{}",,,"{}",false,false,false,false,false,,false,false,false,,,left,left,
2307,208,s4_name,s4_name,State,,60,true,,200,100,,1,true,true,agTextColumnFilter,true,false,false,false,false,,"{}",,"{}",,"{}",false,,"{}","{}",,,,,,false,false,false,false,2026-04-01 10:53:31.283,2026-04-01 10:53:31.283,text,,replaceSpecialCharacter,,,,,,"{}",,,"{}",false,false,false,false,false,,false,false,false,,,left,left,
2308,209,store_id,store_id,Store ID,,10,true,,,100,,1,true,true,agTextColumnFilter,true,false,false,false,false,,"{}",,"{}",,"{}",false,,"{}","{}",,,,,,false,false,false,false,2026-04-01 10:53:31.283,2026-04-01 10:53:31.283,number,,replaceSpecialCharacter,,,,,,"{}",,,"{}",false,false,false,false,false,,false,false,false,,,left,left,
2309,209,store_name,store_name,Store Name,,20,true,,,100,,1,true,true,agTextColumnFilter,true,false,false,false,false,,"{}",,"{}",,"{}",false,,"{}","{}",,,,,,false,false,false,false,2026-04-01 10:53:31.283,2026-04-01 10:53:31.283,text,,replaceSpecialCharacter,,,,,,"{}",,,"{}",false,false,false,false,false,,false,false,false,,,left,left,
2310,209,status,status,Status,,30,true,,,100,,1,true,true,agTextColumnFilter,true,false,false,false,false,,"{}",,"{}",,"{}",false,,"{}","{}",,,,,,false,false,false,false,2026-04-01 10:53:31.283,2026-04-01 10:53:31.283,text,,replaceSpecialCharacter,,,,,,"{}",,,"{}",false,false,false,false,false,,false,false,false,,,left,left,
2311,210,plan_name,plan_name,Strategy Name,,10,true,,,200,,1,true,true,agTextColumnFilter,true,false,false,false,false,,"{}",,"{}",,"{}",false,,"{}","{}",,,,,,false,false,false,false,2026-04-01 10:53:31.283,2026-04-01 10:53:31.283,text,,replaceSpecialCharacter,,,,,,"{}",,,"{}",false,false,false,false,false,,false,false,false,,,left,left,
2431,221,alertCriteria,alertCriteria,Alert Criteria,,10,true,,,408,,,true,true,agTextColumnFilter,true,false,false,false,false,,"{}",AlertCriteriaTooltip,"{}",,"{}",false,,"{}","{}",,,,,,false,false,false,false,2026-04-01 10:54:03.075,2026-04-01 10:54:03.075,text,,replaceSpecialCharacter,,,,,,"{}",,,"{}",false,false,false,false,false,,false,false,false,,,left,left,
2432,221,triggeredOn,triggeredOn,Triggered On,,20,true,,,150,,,true,true,agTextColumnFilter,true,false,false,false,false,,"{}",,"{}",,"{}",false,,"{}","{}",,,,,,false,false,false,false,2026-04-01 10:54:03.075,2026-04-01 10:54:03.075,text,,dateFormat,,,,,,"{}",,,"{}",false,false,false,false,false,,false,false,false,,,left,left,
2433,222,checkbox,checkbox,"",,0,true,left,60,60,,,false,false,,false,false,false,false,false,,"{}",,"{}",,"{}",false,,"{}","{}",,,,,,false,true,true,true,2026-04-01 10:54:03.075,2026-04-01 10:54:03.075,text,,,,,,,,"{}",,,"{}",false,false,false,false,false,,false,false,false,,,left,left,
2434,222,strategy_name,strategy_name,Strategy,,10,true,,192,100,,,true,true,agTextColumnFilter,true,false,false,false,false,,"{}",,"{}",,"{}",false,,"{}","{}",,,,,,false,false,false,false,2026-04-01 10:54:03.075,2026-04-01 10:54:03.075,text,,replaceSpecialCharacter,,,,,,"{}",,,"{}",false,false,false,false,false,,false,false,false,,,left,left,
2435,222,strategy_description,strategy_description,Description,,20,true,,,100,,,true,true,agTextColumnFilter,true,false,false,false,false,,"{}",,"{}",,"{}",false,,"{}","{}",,,,,,false,false,false,false,2026-04-01 10:54:03.075,2026-04-01 10:54:03.075,text,,replaceSpecialCharacter,,,,,,"{}",,,"{}",false,false,false,false,false,,false,false,false,,,left,left,
2436,222,measured_at,measured_at,Measured At,,30,true,,,100,,,true,true,agTextColumnFilter,true,false,false,false,false,,"{}",CreateAlertsMeasuredAtCellRenderer,"{}",,"{}",false,,"{}","{}",,,,,,false,false,false,false,2026-04-01 10:54:03.075,2026-04-01 10:54:03.075,text,,,,,,,,"{}",,,"{}",false,false,false,false,false,,false,false,false,,,left,left,
2437,222,measured_by,measured_by,Measured By,,40,true,,,260,,1,true,true,agTextColumnFilter,true,false,false,false,false,,"{}",CreateAlertsMeasuredByCellRenderer,"{}",,"{}",false,,"{}","{}",,,,,,false,false,false,false,2026-04-01 10:54:03.075,2026-04-01 10:54:03.075,text,,,,,,,,"{}",,,"{}",false,false,false,false,false,,false,false,false,,,left,left,
2438,223,product_id,product_id,SKU Code,,1,true,,,100,,,true,true,agTextColumnFilter,true,false,false,false,false,,"{}",,"{}",,"{}",false,,"{}","{}",,,,,,false,false,false,false,2026-04-02 09:09:51.627,2026-04-02 09:09:51.627,text,,,,,,,,"{}",,,"{}",false,false,false,false,false,,false,false,false,,,left,left,308
2439,223,product_name,product_name,SKU Name,,2,true,,300,100,,,true,true,agTextColumnFilter,true,false,false,false,false,,"{}",,"{}",,"{}",false,,"{}","{}",,,,,,false,false,false,false,2026-04-02 09:09:55.332,2026-04-02 09:09:55.332,text,,,,,,,,"{}",,,"{}",false,false,false,false,false,,false,false,false,,,left,left,308
2440,223,current_price,current_price,Price,,3,true,,180,100,,,true,true,agTextColumnFilter,true,false,false,false,false,2,"{}",,"{}",,"{}",false,,"{}","{}",,,,,,false,false,false,false,2026-04-02 09:09:58.587,2026-04-02 09:17:25.321,number,,,,,,,,"{}",,,"{}",false,false,false,false,false,,false,false,false,,,left,left,308
2441,223,cost,cost,Cost,,4,true,,140,100,,,true,true,agTextColumnFilter,true,false,false,false,false,2,"{}",,"{}",,"{}",false,,"{}","{}",,,,,,false,false,false,false,2026-04-02 09:10:02.008,2026-04-02 09:17:28.868,number,,,,,,,,"{}",,,"{}",false,false,false,false,false,,false,false,false,,,left,left,308
2442,223,total_inventory,total_inventory,Inventory,,5,true,,160,100,,,true,true,agTextColumnFilter,true,false,false,false,false,,"{}",,"{}",,"{}",false,,"{}","{}",,,,,,false,false,false,false,2026-04-02 09:10:06.975,2026-04-02 09:10:06.975,number,,,,,,,,"{}",,,"{}",false,false,false,false,false,,false,false,false,,,left,left,308
2443,223,l0_cuq,l0_cuq,Brand,,6,true,,,100,,,true,true,agTextColumnFilter,true,false,false,false,false,,"{}",,"{}",,"{}",false,,"{}","{}",,,,,,false,false,false,false,2026-04-02 09:10:15.094,2026-04-02 09:23:01.760,text,,,,,,,,"{}",,,"{}",false,false,false,false,false,,false,false,false,,,left,left,308
2444,223,l1_cuq,l1_cuq,Division,,7,true,,,100,,,true,true,agTextColumnFilter,true,false,false,false,false,,"{}",,"{}",,"{}",false,,"{}","{}",,,,,,false,false,false,false,2026-04-02 09:10:18.566,2026-04-02 09:23:45.694,text,,,,,,,,"{}",,,"{}",false,false,false,false,false,,false,false,false,,,left,left,308
2445,223,l2_cuq,l2_cuq,Department,,8,true,,,100,,,true,true,agTextColumnFilter,true,false,false,false,false,,"{}",,"{}",,"{}",false,,"{}","{}",,,,,,false,false,false,false,2026-04-02 09:10:26.510,2026-04-02 09:23:52.228,text,,,,,,,,"{}",,,"{}",false,false,false,false,false,,false,false,false,,,left,left,308
2446,223,l3_cuq,l3_cuq,Class,,9,true,,,100,,,true,true,agTextColumnFilter,true,false,false,false,false,,"{}",,"{}",,"{}",false,,"{}","{}",,,,,,false,false,false,false,2026-04-02 09:10:31.539,2026-04-02 09:24:00.692,text,,,,,,,,"{}",,,"{}",false,false,false,false,false,,false,false,false,,,left,left,308
2447,223,actual_units,actual_units,Actualized,,10,true,,,100,,,true,true,agNumberColumnFilter,true,false,false,false,false,,"{}",,"{}",,"{}",false,,"{}","{}",,,,,,true,false,false,false,2026-04-02 09:10:37.769,2026-04-02 09:10:37.769,number,,,,,,,,"{}",,,"{}",false,false,false,false,false,,false,false,false,,,left,left,309
2448,223,finalized_units,finalized_units,Finalized,,11,true,,,100,,,true,true,agNumberColumnFilter,true,false,false,false,false,,"{}",,"{}",,"{}",false,,"{}","{}",,,,,,true,false,false,false,2026-04-02 09:10:41.182,2026-04-02 09:10:41.182,number,,,,,,,,"{}",,,"{}",false,false,false,false,false,,false,false,false,,,left,left,309
2449,223,baseline_units,baseline_units,Baseline,,12,true,,,100,,,true,true,agNumberColumnFilter,true,false,false,false,false,,"{}",,"{}",,"{}",false,,"{}","{}",,,,,,true,false,false,false,2026-04-02 09:10:44.414,2026-04-02 09:10:44.414,number,,,,,,,,"{}",,,"{}",false,false,false,false,false,,false,false,false,,,left,left,309
2450,223,actualized_incremental_units,actualized_incremental_units,Actualized Incremental,,13,true,,,100,,,true,true,agNumberColumnFilter,true,false,false,false,false,,"{}",,"{}",,"{}",false,,"{}","{}",,,,,,true,false,false,false,2026-04-02 09:10:47.582,2026-04-02 09:10:47.582,number,,,,,,,,"{}",,,"{}",false,false,false,false,false,,false,false,false,,,left,left,309
2451,223,finalized_incremental_units,finalized_incremental_units,Finalized Incremental,,14,true,,,100,,,true,true,agNumberColumnFilter,true,false,false,false,false,,"{}",,"{}",,"{}",false,,"{}","{}",,,,,,true,false,false,false,2026-04-02 09:10:50.810,2026-04-02 09:10:50.810,number,,,,,,,,"{}",,,"{}",false,false,false,false,false,,false,false,false,,,left,left,309
2452,223,actual_revenue,actual_revenue,Actualized,,15,true,,,100,,,true,true,agNumberColumnFilter,true,false,false,false,false,2,"{}",,"{}",,"{}",false,,"{}","{}",,,,,,true,false,false,false,2026-04-02 09:10:56.494,2026-04-02 09:17:32.388,number,,,,,,,,"{}",,,"{}",false,false,false,false,false,,false,false,false,,,left,left,310
2453,223,finalized_revenue,finalized_revenue,Finalized,,16,true,,,100,,,true,true,agNumberColumnFilter,true,false,false,false,false,2,"{}",,"{}",,"{}",false,,"{}","{}",,,,,,true,false,false,false,2026-04-02 09:10:59.808,2026-04-02 09:17:35.855,number,,,,,,,,"{}",,,"{}",false,false,false,false,false,,false,false,false,,,left,left,310
2454,223,baseline_revenue,baseline_revenue,Baseline,,17,true,,,100,,,true,true,agNumberColumnFilter,true,false,false,false,false,2,"{}",,"{}",,"{}",false,,"{}","{}",,,,,,true,false,false,false,2026-04-02 09:11:04.742,2026-04-02 09:17:39.314,number,,,,,,,,"{}",,,"{}",false,false,false,false,false,,false,false,false,,,left,left,310
2455,223,actualized_incremental_revenue,actualized_incremental_revenue,Actualized Incremental,,18,true,,,100,,,true,true,agNumberColumnFilter,true,false,false,false,false,2,"{}",,"{}",,"{}",false,,"{}","{}",,,,,,true,false,false,false,2026-04-02 09:11:09.998,2026-04-02 09:17:43.120,number,,,,,,,,"{}",,,"{}",false,false,false,false,false,,false,false,false,,,left,left,310
2456,223,finalized_incremental_revenue,finalized_incremental_revenue,Finalized Incremental,,19,true,,,100,,,true,true,agNumberColumnFilter,true,false,false,false,false,2,"{}",,"{}",,"{}",false,,"{}","{}",,,,,,true,false,false,false,2026-04-02 09:11:15.573,2026-04-02 09:17:46.590,number,,,,,,,,"{}",,,"{}",false,false,false,false,false,,false,false,false,,,left,left,310
2457,223,actual_margin,actual_margin,Actualized,,20,true,,,100,,,true,true,agNumberColumnFilter,true,false,false,false,false,2,"{}",,"{}",,"{}",false,,"{}","{}",,,,,,true,false,false,false,2026-04-02 09:11:25.990,2026-04-02 09:17:50.058,number,,,,,,,,"{}",,,"{}",false,false,false,false,false,,false,false,false,,,left,left,311
2458,223,finalized_margin,finalized_margin,Finalized,,21,true,,,100,,,true,true,agNumberColumnFilter,true,false,false,false,false,2,"{}",,"{}",,"{}",false,,"{}","{}",,,,,,true,false,false,false,2026-04-02 09:11:29.286,2026-04-02 09:17:53.524,number,,,,,,,,"{}",,,"{}",false,false,false,false,false,,false,false,false,,,left,left,311
2459,223,baseline_margin,baseline_margin,Baseline,,22,true,,,100,,,true,true,agNumberColumnFilter,true,false,false,false,false,2,"{}",,"{}",,"{}",false,,"{}","{}",,,,,,true,false,false,false,2026-04-02 09:11:32.499,2026-04-02 09:17:57.051,number,,,,,,,,"{}",,,"{}",false,false,false,false,false,,false,false,false,,,left,left,311
2460,223,actualized_incremental_margin,actualized_incremental_margin,Actualized Incremental,,23,true,,,100,,,true,true,agNumberColumnFilter,true,false,false,false,false,2,"{}",,"{}",,"{}",false,,"{}","{}",,,,,,true,false,false,false,2026-04-02 09:11:35.695,2026-04-02 09:18:00.500,number,,,,,,,,"{}",,,"{}",false,false,false,false,false,,false,false,false,,,left,left,311
2461,223,finalized_incremental_margin,finalized_incremental_margin,Finalized Incremental,,24,true,,,100,,,true,true,agNumberColumnFilter,true,false,false,false,false,2,"{}",,"{}",,"{}",false,,"{}","{}",,,,,,true,false,false,false,2026-04-02 09:11:38.975,2026-04-02 09:18:04.001,number,,,,,,,,"{}",,,"{}",false,false,false,false,false,,false,false,false,,,left,left,311
2462,223,actual_contribution_margin,actual_contribution_margin,Actualized,,25,true,,,100,,,true,true,agNumberColumnFilter,true,false,false,false,false,2,"{}",,"{}",,"{}",false,,"{}","{}",,,,,,true,false,false,false,2026-04-02 09:11:49.956,2026-04-02 09:18:07.430,number,,,,,,,,"{}",,,"{}",false,false,false,false,false,,false,false,false,,,left,left,312
2463,223,finalized_contribution_margin,finalized_contribution_margin,Finalized,,26,true,,,100,,,true,true,agNumberColumnFilter,true,false,false,false,false,2,"{}",,"{}",,"{}",false,,"{}","{}",,,,,,true,false,false,false,2026-04-02 09:11:53.217,2026-04-02 09:18:10.925,number,,,,,,,,"{}",,,"{}",false,false,false,false,false,,false,false,false,,,left,left,312
2464,223,actual_contributional_margin_percent,actual_contributional_margin_percent,Actualized,,27,true,,,100,,,true,true,agTextColumnFilter,true,false,false,false,false,3,"{}",,"{}",,"{}",false,,"{}","{}",,,,,,false,false,false,false,2026-04-02 09:12:03.087,2026-04-02 09:18:27.166,number,,,,,,,,"{}",,,"{}",false,false,false,false,false,,false,false,false,,,left,left,313
2465,223,finalized_contributional_margin_percent,finalized_contributional_margin_percent,Finalized,,28,true,,,100,,,true,true,agTextColumnFilter,true,false,false,false,false,3,"{}",,"{}",,"{}",false,,"{}","{}",,,,,,false,false,false,false,2026-04-02 09:12:07.103,2026-04-02 09:18:30.691,number,,,,,,,,"{}",,,"{}",false,false,false,false,false,,false,false,false,,,left,left,313
2466,223,actual_metric_contribution_percent,actual_metric_contribution_percent,Actualized,,29,true,,,100,,,true,true,agTextColumnFilter,true,false,false,false,false,3,"{}",,"{}",,"{}",false,,"{}","{}",,,,,,false,false,false,false,2026-04-02 09:12:12.843,2026-04-02 09:18:34.229,number,,,,,,,,"{}",,,"{}",false,false,false,false,false,,false,false,false,,,left,left,314
2467,223,finalized_metric_contribution_percent,finalized_metric_contribution_percent,Finalized,,30,true,,,100,,,true,true,agTextColumnFilter,true,false,false,false,false,3,"{}",,"{}",,"{}",false,,"{}","{}",,,,,,false,false,false,false,2026-04-02 09:12:16.068,2026-04-02 09:18:37.708,number,,,,,,,,"{}",,,"{}",false,false,false,false,false,,false,false,false,,,left,left,314
2468,223,actual_units_contribution_percent,actual_units_contribution_percent,Actualized,,31,true,,,100,,,true,true,agTextColumnFilter,true,false,false,false,false,3,"{}",,"{}",,"{}",false,,"{}","{}",,,,,,false,false,false,false,2026-04-02 09:12:23.480,2026-04-02 09:18:41.457,number,,,,,,,,"{}",,,"{}",false,false,false,false,false,,false,false,false,,,left,left,315
2469,223,finalized_units_contribution_percent,finalized_units_contribution_percent,Finalized,,32,true,,,100,,,true,true,agTextColumnFilter,true,false,false,false,false,3,"{}",,"{}",,"{}",false,,"{}","{}",,,,,,false,false,false,false,2026-04-02 09:12:26.696,2026-04-02 09:18:45.004,number,,,,,,,,"{}",,,"{}",false,false,false,false,false,,false,false,false,,,left,left,315
2470,223,actual_revenue_contribution_percent,actual_revenue_contribution_percent,Actualized,,33,true,,,100,,,true,true,agTextColumnFilter,true,false,false,false,false,3,"{}",,"{}",,"{}",false,,"{}","{}",,,,,,false,false,false,false,2026-04-02 09:12:37.719,2026-04-02 09:18:49.031,number,,,,,,,,"{}",,,"{}",false,false,false,false,false,,false,false,false,,,left,left,316
2471,223,finalized_revenue_contribution_percent,finalized_revenue_contribution_percent,Finalized,,34,true,,,100,,,true,true,agTextColumnFilter,true,false,false,false,false,3,"{}",,"{}",,"{}",false,,"{}","{}",,,,,,false,false,false,false,2026-04-02 09:12:41.165,2026-04-02 09:18:52.514,number,,,,,,,,"{}",,,"{}",false,false,false,false,false,,false,false,false,,,left,left,316
2472,223,actual_merch_margin_contribution_percent,actual_merch_margin_contribution_percent,Actualized,,35,true,,,100,,,true,true,agTextColumnFilter,true,false,false,false,false,3,"{}",,"{}",,"{}",false,,"{}","{}",,,,,,false,false,false,false,2026-04-02 09:12:46.776,2026-04-02 09:18:55.975,number,,,,,,,,"{}",,,"{}",false,false,false,false,false,,false,false,false,,,left,left,317
2473,223,finalized_merch_margin_contribution_percent,finalized_merch_margin_contribution_percent,Finalized,,36,true,,,100,,,true,true,agTextColumnFilter,true,false,false,false,false,3,"{}",,"{}",,"{}",false,,"{}","{}",,,,,,false,false,false,false,2026-04-02 09:12:50.116,2026-04-02 09:18:59.588,number,,,,,,,,"{}",,,"{}",false,false,false,false,false,,false,false,false,,,left,left,317
2474,224,store_id,store_id,Store ID,,1,true,,,100,,,true,true,agTextColumnFilter,true,false,false,false,false,,"{}",,"{}",,"{}",false,,"{}","{}",,,,,,true,false,false,false,2026-04-02 09:12:57.546,2026-04-02 09:12:57.546,text,,,,,,,,"{}",,,"{}",false,false,false,false,false,,false,false,false,,,left,left,318
2475,224,store_name,store_name,Store Name,,2,true,,,100,,,true,true,agTextColumnFilter,true,false,false,false,false,,"{}",,"{}",,"{}",false,,"{}","{}",,,,,,true,false,false,false,2026-04-02 09:13:04.304,2026-04-02 09:13:04.304,text,,,,,,,,"{}",,,"{}",false,false,false,false,false,,false,false,false,,,left,left,318
2476,224,s0_name,s0_name,Country,,3,true,,,100,,,true,true,agTextColumnFilter,true,false,false,false,false,,"{}",,"{}",,"{}",false,,"{}","{}",,,,,,true,false,false,false,2026-04-02 09:13:07.447,2026-04-08 12:30:32.581,text,,,,,,,,"{}",,,"{}",false,false,false,false,false,,false,false,false,,,left,left,318
2477,224,s1_name,s1_name,Enterprise Channel,,4,true,,,100,,,true,true,agTextColumnFilter,true,false,false,false,false,,"{}",,"{}",,"{}",false,,"{}","{}",,,,,,true,false,false,false,2026-04-02 09:13:10.724,2026-04-08 12:30:45.710,text,,,,,,,,"{}",,,"{}",false,false,false,false,false,,false,false,false,,,left,left,318
2478,224,s2_name,s2_name,Region,,5,true,,,100,,,true,true,agTextColumnFilter,true,false,false,false,false,,"{}",,"{}",,"{}",false,,"{}","{}",,,,,,true,false,false,false,2026-04-02 09:13:13.891,2026-04-08 12:30:53.273,text,,,,,,,,"{}",,,"{}",false,false,false,false,false,,false,false,false,,,left,left,318
2479,224,s3_name,s3_name,District,,6,true,,,100,,,true,true,agTextColumnFilter,true,false,false,false,false,,"{}",,"{}",,"{}",false,,"{}","{}",,,,,,true,false,false,false,2026-04-02 09:13:17.045,2026-04-08 12:31:02.576,text,,,,,,,,"{}",,,"{}",false,false,false,false,false,,false,false,false,,,left,left,318
2480,224,s4_name,s4_name,State,,7,true,,,100,,,true,true,agTextColumnFilter,true,false,false,false,false,,"{}",,"{}",,"{}",false,,"{}","{}",,,,,,true,false,false,false,2026-04-02 09:13:20.319,2026-04-08 12:31:09.497,text,,,,,,,,"{}",,,"{}",false,false,false,false,false,,false,false,false,,,left,left,318
2481,225,store_id,store_id,Store ID,,1,true,,,100,,,true,true,agTextColumnFilter,true,false,false,false,false,,"{}",,"{}",,"{}",false,,"{}","{}",,,,,,true,false,false,false,2026-04-06 16:39:26.520,2026-04-06 16:39:26.520,text,,,,,,,,"{}",,,"{}",false,false,false,false,false,,false,false,false,,,left,left,
2482,225,store_name,store_name,Store Name,,2,true,,,100,,,true,true,agTextColumnFilter,true,false,false,false,false,,"{}",,"{}",,"{}",false,,"{}","{}",,,,,,true,false,false,false,2026-04-06 16:39:26.520,2026-04-06 16:39:26.520,text,,,,,,,,"{}",,,"{}",false,false,false,false,false,,false,false,false,,,left,left,
2483,225,s0_name,s0_name,Country,,3,true,,,100,,,true,true,agTextColumnFilter,true,false,false,false,false,,"{}",,"{}",,"{}",false,,"{}","{}",,,,,,true,false,false,false,2026-04-06 16:39:26.520,2026-04-08 12:35:48.525,text,,,,,,,,"{}",,,"{}",false,false,false,false,false,,false,false,false,,,left,left,
2484,225,s1_name,s1_name,Enterprise Channel,,4,true,,,100,,,true,true,agTextColumnFilter,true,false,false,false,false,,"{}",,"{}",,"{}",false,,"{}","{}",,,,,,true,false,false,false,2026-04-06 16:39:26.520,2026-04-08 12:35:56.733,text,,,,,,,,"{}",,,"{}",false,false,false,false,false,,false,false,false,,,left,left,
2485,225,s2_name,s2_name,Region,,5,true,,,100,,,true,true,agTextColumnFilter,true,false,false,false,false,,"{}",,"{}",,"{}",false,,"{}","{}",,,,,,true,false,false,false,2026-04-06 16:39:26.520,2026-04-08 12:36:07.980,text,,,,,,,,"{}",,,"{}",false,false,false,false,false,,false,false,false,,,left,left,
2486,225,s3_name,s3_name,District,,6,true,,,100,,,true,true,agTextColumnFilter,true,false,false,false,false,,"{}",,"{}",,"{}",false,,"{}","{}",,,,,,true,false,false,false,2026-04-06 16:39:26.520,2026-04-08 12:36:15.708,text,,,,,,,,"{}",,,"{}",false,false,false,false,false,,false,false,false,,,left,left,
2487,225,s4_name,s4_name,State,,7,true,,,100,,,true,true,agTextColumnFilter,true,false,false,false,false,,"{}",,"{}",,"{}",false,,"{}","{}",,,,,,true,false,false,false,2026-04-06 16:39:26.520,2026-04-08 12:41:28.307,text,,,,,,,,"{}",,,"{}",false,false,false,false,false,,false,false,false,,,left,left,
2488,227,checkbox_col,checkbox_col,"",,10,false,left,,50,50,,false,true,,false,false,false,false,false,,"{}",,"{}",,"{}",false,,"{}","{}",,,,,,false,true,true,true,2026-04-06 16:54:02.125,2026-04-08 12:45:18.017,text,,,,,,,,"{}",,,"{}",false,false,false,false,false,,false,false,false,,,left,left,
2489,227,product_id,product_id,SKU ID,,30,true,,,100,,,true,true,agTextColumnFilter,true,false,false,false,false,,"{}",,"{}",,"{}",false,,"{}","{}",,,,,,true,false,false,false,2026-04-06 16:54:02.125,2026-04-08 12:44:57.532,text,,,,,,,,"{}",,,"{}",false,false,false,false,false,,false,false,false,,,left,left,
2490,227,product_description,product_description,Description,,40,true,,300,100,,,true,true,agTextColumnFilter,true,false,false,false,false,,"{}",,"{}",,"{}",false,,"{}","{}",,,,,,true,false,false,false,2026-04-06 16:54:02.125,2026-04-08 12:44:57.532,text,,,,,,,,"{}",,,"{}",false,false,false,false,false,,false,false,false,,,left,left,
2491,227,promo_base_price,promo_base_price,List Price,,50,true,,,160,,,true,true,agNumberColumnFilter,true,false,false,false,false,,"{}",,"{}",,"{}",false,,"{}","{}",,,,,,true,false,false,false,2026-04-06 16:54:02.125,2026-04-08 12:44:57.532,number,,,,,,,,"{}",,,"{}",false,false,false,false,false,,false,false,false,,,left,left,
2492,227,cost,cost,Cost,,60,true,,,160,,,true,true,agNumberColumnFilter,true,false,false,false,false,,"{}",,"{}",,"{}",false,,"{}","{}",,,,,,false,false,false,false,2026-04-06 16:54:02.125,2026-04-08 12:44:57.532,number,,,,,,,,"{}",,,"{}",false,false,false,false,false,,false,false,false,,,left,left,
2493,227,launch_price,launch_price,Launch Price,,20,true,,,160,,,true,true,agNumberColumnFilter,true,false,false,false,false,,"{}",,"{}",,"{}",false,,"{}","{}",,,,,,false,false,false,false,2026-04-06 16:54:02.125,2026-04-08 12:45:05.889,number,,,,,,,,"{}",,,"{}",false,false,false,false,false,,false,false,false,,,left,left,
2494,228,checkbox_col,checkbox_col,"",,1,true,left,,50,50,,false,true,,false,false,false,false,false,,"{}",,"{}",,"{}",false,,"{}","{}",,,,,,false,true,true,true,2026-04-06 16:54:13.025,2026-04-06 16:54:13.025,text,,,,,,,,"{}",,,"{}",false,false,false,false,false,,false,false,false,,,left,left,
2495,228,store_id,store_id,Store ID,,2,true,,,100,,,true,true,agTextColumnFilter,true,false,false,false,false,,"{}",,"{}",,"{}",false,,"{}","{}",,,,,,true,false,false,false,2026-04-06 16:54:13.025,2026-04-06 16:54:13.025,text,,,,,,,,"{}",,,"{}",false,false,false,false,false,,false,false,false,,,left,left,
2496,228,store_name,store_name,Store Name,,3,true,,,100,,,true,true,agTextColumnFilter,true,false,false,false,false,,"{}",,"{}",,"{}",false,,"{}","{}",,,,,,true,false,false,false,2026-04-06 16:54:13.025,2026-04-06 16:54:13.025,text,,,,,,,,"{}",,,"{}",false,false,false,false,false,,false,false,false,,,left,left,
2497,228,s0_name,s0_name,Country,,4,true,,,100,,,true,true,agTextColumnFilter,true,false,false,false,false,,"{}",,"{}",,"{}",false,,"{}","{}",,,,,,true,false,false,false,2026-04-06 16:54:13.025,2026-04-08 12:47:37.184,text,,,,,,,,"{}",,,"{}",false,false,false,false,false,,false,false,false,,,left,left,
2498,228,s1_name,s1_name,Enterprise Channel,,5,true,,,100,,,true,true,agTextColumnFilter,true,false,false,false,false,,"{}",,"{}",,"{}",false,,"{}","{}",,,,,,true,false,false,false,2026-04-06 16:54:13.025,2026-04-08 12:47:46.054,text,,,,,,,,"{}",,,"{}",false,false,false,false,false,,false,false,false,,,left,left,
2499,228,s2_name,s2_name,Region,,6,true,,,100,,,true,true,agTextColumnFilter,true,false,false,false,false,,"{}",,"{}",,"{}",false,,"{}","{}",,,,,,true,false,false,false,2026-04-06 16:54:13.025,2026-04-08 12:47:53.830,text,,,,,,,,"{}",,,"{}",false,false,false,false,false,,false,false,false,,,left,left,
2500,228,s3_name,s3_name,District,,7,true,,,100,,,true,true,agTextColumnFilter,true,false,false,false,false,,"{}",,"{}",,"{}",false,,"{}","{}",,,,,,true,false,false,false,2026-04-06 16:54:13.025,2026-04-08 12:48:00.451,text,,,,,,,,"{}",,,"{}",false,false,false,false,false,,false,false,false,,,left,left,
2501,228,s4_name,s4_name,State,,8,true,,,100,,,true,true,agTextColumnFilter,true,false,false,false,false,,"{}",,"{}",,"{}",false,,"{}","{}",,,,,,true,false,false,false,2026-04-06 16:54:13.025,2026-04-08 12:48:06.902,text,,,,,,,,"{}",,,"{}",false,false,false,false,false,,false,false,false,,,left,left,
2502,228,s5_name,s5_name,City,,9,true,,,100,,,true,true,agTextColumnFilter,true,false,false,false,false,,"{}",,"{}",,"{}",false,,"{}","{}",,,,,,true,false,false,false,2026-04-06 16:54:13.025,2026-04-08 12:48:14.064,text,,,,,,,,"{}",,,"{}",false,false,false,false,false,,false,false,false,,,left,left,
2503,229,checkbox_col,checkbox_col,"",,1,true,left,,50,50,,false,true,,false,false,false,false,false,,"{}",,"{}",,"{}",false,,"{}","{}",,,,,,false,true,true,true,2026-04-06 16:54:23.211,2026-04-06 16:54:23.211,text,,,,,,,,"{}",,,"{}",false,false,false,false,false,,false,false,false,,,left,left,
2504,229,store_group_name,store_group_name,Group Name,,2,true,left,250,100,,,true,true,agTextColumnFilter,true,false,false,false,false,,"{}",,"{}",,"{}",false,,"{}","{}",,,,,,true,false,false,false,2026-04-06 16:54:23.211,2026-04-06 16:54:23.211,text,,,,,,,,"{}",,,"{}",false,false,false,false,false,,false,false,false,,,left,left,
2505,229,store_group_description,store_group_description,Description,,3,true,,,100,,,true,true,agTextColumnFilter,true,false,false,false,false,,"{}",,"{}",,"{}",false,,"{}","{}",,,,,,true,false,false,false,2026-04-06 16:54:23.211,2026-04-06 16:54:23.211,text,,,,,,,,"{}",,,"{}",false,false,false,false,false,,false,false,false,,,left,left,
2506,229,stores_count,stores_count,Stores,,4,true,,,100,,,true,true,agNumberColumnFilter,true,false,false,false,false,,"{}",,"{}",,"{}",false,,"{}","{}",,,,,,true,false,false,false,2026-04-06 16:54:23.211,2026-04-06 16:54:23.211,number,,,,,,,,"{}",,,"{}",false,false,false,false,false,,false,false,false,,,left,left,
2507,229,s0_name,s0_name,Country,,5,true,,,100,,,true,true,agTextColumnFilter,true,false,false,false,false,,"{}",,"{}",,"{}",false,,"{}","{}",,,,,,true,false,false,false,2026-04-06 16:54:23.211,2026-04-06 16:54:23.211,text,,,,,,,,"{}",,,"{}",false,false,false,false,false,,false,false,false,,,left,left,
2508,229,s1_name,s1_name,Enterprise Channel,,6,true,,,100,,,true,true,agTextColumnFilter,true,false,false,false,false,,"{}",,"{}",,"{}",false,,"{}","{}",,,,,,true,false,false,false,2026-04-06 16:54:23.211,2026-04-06 16:54:23.211,text,,,,,,,,"{}",,,"{}",false,false,false,false,false,,false,false,false,,,left,left,
2509,229,s2_name,s2_name,Region,,7,true,,,100,,,true,true,agTextColumnFilter,true,false,false,false,false,,"{}",,"{}",,"{}",false,,"{}","{}",,,,,,true,false,false,false,2026-04-06 16:54:23.211,2026-04-06 16:54:23.211,text,,,,,,,,"{}",,,"{}",false,false,false,false,false,,false,false,false,,,left,left,
2510,229,created_by_user,created_by_user,Created By,,8,true,,,100,,,true,true,agTextColumnFilter,true,false,false,false,false,,"{}",,"{}",,"{}",false,,"{}","{}",,,,,,true,false,false,false,2026-04-06 16:54:23.211,2026-04-06 16:54:23.211,text,,,,,,,,"{}",,,"{}",false,false,false,false,false,,false,false,false,,,left,left,
2511,229,created_at,created_at,Created On,,9,true,,,100,,,true,true,agTextColumnFilter,true,false,false,false,false,,"{}",,"{}",,"{}",false,,"{}","{}",,,,,,true,false,false,false,2026-04-06 16:54:23.211,2026-04-06 16:54:23.211,date,,,,,,,,"{}",,,"{}",false,false,false,false,false,,false,false,false,,,left,left,
2512,229,modified_by_user,modified_by_user,Modified By,,10,true,,,100,,,true,true,agTextColumnFilter,true,false,false,false,false,,"{}",,"{}",,"{}",false,,"{}","{}",,,,,,true,false,false,false,2026-04-06 16:54:23.211,2026-04-06 16:54:23.211,text,,,,,,,,"{}",,,"{}",false,false,false,false,false,,false,false,false,,,left,left,
2513,229,modified_at,modified_at,Modified On,,11,true,,,100,,,true,true,agTextColumnFilter,true,false,false,false,false,,"{}",,"{}",,"{}",false,,"{}","{}",,,,,,true,false,false,false,2026-04-06 16:54:23.211,2026-04-06 16:54:23.211,date,,,,,,,,"{}",,,"{}",false,false,false,false,false,,false,false,false,,,left,left,
2514,229,promos_count,promos_count,Promos,,12,true,,140,100,,,true,true,agNumberColumnFilter,true,false,false,false,false,,"{}",,"{}",,"{}",false,,"{}","{}",,,,,,true,false,false,false,2026-04-06 16:54:23.211,2026-04-06 16:54:23.211,number,,,,,,,,"{}",,,"{}",false,false,false,false,false,,false,false,false,,,left,left,
2515,230,checkbox_col,checkbox_col,"",,1,true,left,,60,60,,false,true,,false,false,false,false,false,,"{}",,"{}",,"{}",false,,"{}","{}",,,,,,false,true,true,true,2026-04-06 16:54:34.784,2026-04-06 16:54:34.784,text,,,,,,,,"{}",,,"{}",false,false,false,false,false,,false,false,false,,,left,left,
2516,230,product_group_name,product_group_name,Group Name,,2,true,,250,100,,,true,true,agTextColumnFilter,true,false,false,false,false,,"{}",,"{}",,"{}",false,,"{}","{}",,,,,,true,false,false,false,2026-04-06 16:54:34.784,2026-04-06 16:54:34.784,text,,,,,,,,"{}",,,"{}",false,false,false,false,false,,false,false,false,,,left,left,
2517,230,product_group_description,product_group_description,Description,,3,true,,,100,,,true,true,agTextColumnFilter,true,false,false,false,false,,"{}",,"{}",,"{}",false,,"{}","{}",,,,,,true,false,false,false,2026-04-06 16:54:34.784,2026-04-06 16:54:34.784,text,,,,,,,,"{}",,,"{}",false,false,false,false,false,,false,false,false,,,left,left,
2518,230,products_count,products_count,Products,,4,true,,,100,,,true,true,agNumberColumnFilter,true,false,false,false,false,,"{}",,"{}",,"{}",false,,"{}","{}",,,,,,true,false,false,false,2026-04-06 16:54:34.784,2026-04-06 16:54:34.784,number,,,,,,,,"{}",,,"{}",false,false,false,false,false,,false,false,false,,,left,left,
2519,230,product_group_type,product_group_type,Product Group Type,,5,true,,,100,,,true,true,agTextColumnFilter,true,false,false,false,false,,"{}",,"{}",,"{}",false,,"{}","{}",,,,,,true,false,false,false,2026-04-06 16:54:34.784,2026-04-06 16:54:34.784,text,,,,,,,,"{}",,,"{}",false,false,false,false,false,,false,false,false,,,left,left,
2520,230,l0_name,l0_name,Brand,,6,true,,,100,,,true,true,agTextColumnFilter,true,false,false,false,false,,"{}",,"{}",,"{}",false,,"{}","{}",,,,,,true,false,false,false,2026-04-06 16:54:34.784,2026-04-06 16:54:34.784,text,,,,,,,,"{}",,,"{}",false,false,false,false,false,,false,false,false,,,left,left,
2521,230,l1_name,l1_name,Division,,7,true,,,100,,,true,true,agTextColumnFilter,true,false,false,false,false,,"{}",,"{}",,"{}",false,,"{}","{}",,,,,,true,false,false,false,2026-04-06 16:54:34.784,2026-04-06 16:54:34.784,text,,,,,,,,"{}",,,"{}",false,false,false,false,false,,false,false,false,,,left,left,
2522,230,l2_name,l2_name,Department,,8,true,,,100,,,true,true,agTextColumnFilter,true,false,false,false,false,,"{}",,"{}",,"{}",false,,"{}","{}",,,,,,false,false,false,false,2026-04-06 16:54:34.784,2026-04-06 16:54:34.784,text,,,,,,,,"{}",,,"{}",false,false,false,false,false,,false,false,false,,,left,left,
2523,230,created_by_user,created_by_user,Created By,,9,true,,,100,,,true,true,agTextColumnFilter,true,false,false,false,false,,"{}",,"{}",,"{}",false,,"{}","{}",,,,,,true,false,false,false,2026-04-06 16:54:34.784,2026-04-06 16:54:34.784,text,,,,,,,,"{}",,,"{}",false,false,false,false,false,,false,false,false,,,left,left,
2524,230,created_at,created_at,Created On,,10,true,,,100,,,true,true,agTextColumnFilter,true,false,false,false,false,,"{}",,"{}",,"{}",false,,"{}","{}",,,,,,true,false,false,false,2026-04-06 16:54:34.784,2026-04-06 16:54:34.784,date,,,,,,,,"{}",,,"{}",false,false,false,false,false,,false,false,false,,,left,left,
2525,230,modified_by_user,modified_by_user,Modified By,,11,true,,,100,,,true,true,agTextColumnFilter,true,false,false,false,false,,"{}",,"{}",,"{}",false,,"{}","{}",,,,,,true,false,false,false,2026-04-06 16:54:34.784,2026-04-06 16:54:34.784,text,,,,,,,,"{}",,,"{}",false,false,false,false,false,,false,false,false,,,left,left,
2526,230,modified_at,modified_at,Modified On,,12,true,,,100,,,true,true,agTextColumnFilter,true,false,false,false,false,,"{}",,"{}",,"{}",false,,"{}","{}",,,,,,true,false,false,false,2026-04-06 16:54:34.784,2026-04-06 16:54:34.784,date,,,,,,,,"{}",,,"{}",false,false,false,false,false,,false,false,false,,,left,left,
2527,230,promos_count,promos_count,Promos,,13,true,,140,100,,,true,true,agNumberColumnFilter,true,false,false,false,false,,"{}",,"{}",,"{}",false,,"{}","{}",,,,,,true,false,false,false,2026-04-06 16:54:34.784,2026-04-06 16:54:34.784,number,,,,,,,,"{}",,,"{}",false,false,false,false,false,,false,false,false,,,left,left,
2529,92,test_column,test_column,test column,,999,false,,,100,,,true,true,,false,false,false,false,false,,"{}",,"{}",,"{}",false,,"{}","{}",,,,,,false,false,false,false,2026-04-07 18:05:45.493,2026-04-10 05:52:08.615,text,,,,,,,,"{}",,,"{}",false,false,false,false,false,,false,false,false,,,left,left,128
2530,231,checkbox,checkbox,"",,0,true,left,,,50,,false,false,,false,false,false,false,false,,"{}",,"{}",,"{}",false,,"{}","{}",,,,,,false,true,true,true,2026-04-08 12:51:13.333,2026-04-08 12:51:13.333,text,,,,,,,,"{}",,,"{}",false,false,false,false,false,,false,false,false,,,left,left,
2531,231,promo_name,promo_name,Offer Name,,10,true,,350,,,,true,true,agTextColumnFilter,true,false,false,false,false,,"{}",OfferNameCellRenderer,"{}",,"{}",false,,"{}","{}",,,,,,false,false,false,false,2026-04-08 12:51:13.333,2026-04-08 12:51:13.333,text,,,,,,,,"{}",,,"{}",false,false,false,false,false,,false,false,false,,,left,left,
2532,231,event_name,event_name,Event Name,,20,true,,,100,,,true,true,agTextColumnFilter,true,false,false,false,false,,"{}",,"{}",,"{}",false,,"{}","{}",,,,,,false,false,false,false,2026-04-08 12:51:13.333,2026-04-10 06:42:21.191,text,,replaceSpecialCharacter,,,,,,"{}",,,"{}",false,false,false,false,false,,false,false,false,,,left,left,
2533,231,start_date,start_date,Start Date,,30,true,,,,,,true,true,agTextColumnFilter,true,false,false,false,false,,"{}",,"{}",,"{}",false,,"{}","{}",,,,,,false,false,false,false,2026-04-08 12:51:13.333,2026-04-08 12:51:13.333,date,,,,,,,,"{}",,,"{}",false,false,false,false,false,,false,false,false,,,left,left,
2534,231,end_date,end_date,End Date,,40,true,,,,,,true,true,agTextColumnFilter,true,false,false,false,false,,"{}",,"{}",,"{}",false,,"{}","{}",,,,,,false,false,false,false,2026-04-08 12:51:13.333,2026-04-08 12:51:13.333,date,,,,,,,,"{}",,,"{}",false,false,false,false,false,,false,false,false,,,left,left,
2535,231,status,status,Status,,50,true,,,,,,true,true,agTextColumnFilter,true,false,false,false,false,,"{}",cellWithChip,"{}",,"{}",false,,"{}","{}",,,,,,false,false,false,false,2026-04-08 12:51:13.333,2026-04-08 12:51:13.333,text,,,,,,,,"{}",,,"{}",false,false,false,false,false,,false,false,false,,,left,left,
2536,231,products_count,products_count,Products,,60,true,,,,,,true,true,agTextColumnFilter,true,false,false,false,false,,"{}",,"{}",,"{}",false,,"{}","{}",,,,,,false,false,false,false,2026-04-08 12:51:13.333,2026-04-08 12:51:13.333,number,,,,,,,,"{}",,,"{}",false,false,false,false,false,,false,false,false,,,left,left,
2537,231,created_by,created_by,Created By,,70,true,,,,,,true,true,agTextColumnFilter,true,false,false,false,false,,"{}",,"{}",,"{}",false,,"{}","{}",,,,,,false,false,false,false,2026-04-08 12:51:13.333,2026-04-10 06:26:47.782,text,,replaceSpecialCharacter,,,,,,"{}",,,"{}",false,false,false,false,false,,false,false,false,,,left,left,
2538,231,created_at,created_at,Created At,,80,true,,,,,,true,true,agTextColumnFilter,true,false,false,false,false,,"{}",,"{}",,"{}",false,,"{}","{}",,,,,,false,false,false,false,2026-04-08 12:51:13.333,2026-04-10 06:25:14.558,date,,yyyyMmDdFormatter,,,,,,"{}",,,"{}",false,false,false,false,false,,false,false,false,,,left,left,
2539,231,updated_at,updated_at,Updated At,,90,true,,,,,,true,true,agTextColumnFilter,true,false,false,false,false,,"{}",,"{}",,"{}",false,,"{}","{}",,,,,,false,false,false,false,2026-04-08 12:51:13.333,2026-04-10 06:26:24.129,date,,yyyyMmDdFormatter,,,,,,"{}",,,"{}",false,false,false,false,false,,false,false,false,,,left,left,
2540,232,event_name,event_name,Event Name,,0,true,,,,,1,true,true,agTextColumnFilter,true,false,false,false,false,,"{}",CellWithLockIcon,"{}",,"{}",false,,"{}","{}",,,,,,false,false,false,false,2026-04-08 12:51:13.333,2026-04-08 12:51:13.333,text,,,,,,,,"{}",,,"{}",false,false,false,false,false,,false,false,false,,,left,left,
2541,232,submission_due_date,submission_due_date,Submission Due Date,,10,true,,,,,1,true,true,agTextColumnFilter,true,false,false,false,false,,"{}",,"{}",,"{}",false,,"{}","{}",,,,,,false,false,false,false,2026-04-08 12:51:13.333,2026-04-08 12:51:13.333,date,,,,,,,,"{}",,,"{}",false,false,false,false,false,,false,false,false,,,left,left,
2542,232,start_date,start_date,Start Date,,20,true,,,,,1,true,true,agTextColumnFilter,true,false,false,false,false,,"{}",,"{}",,"{}",false,,"{}","{}",,,,,,false,false,false,false,2026-04-08 12:51:13.333,2026-04-08 12:51:13.333,date,,,,,,,,"{}",,,"{}",false,false,false,false,false,,false,false,false,,,left,left,
2543,232,end_date,end_date,End Date,,30,true,,,,,1,true,true,agTextColumnFilter,true,false,false,false,false,,"{}",,"{}",,"{}",false,,"{}","{}",,,,,,false,false,false,false,2026-04-08 12:51:13.333,2026-04-08 12:51:13.333,date,,,,,,,,"{}",,,"{}",false,false,false,false,false,,false,false,false,,,left,left,
2544,232,submission_due_in,submission_due_in,Submission Due In,,40,true,,,150,,,true,true,agNumberColumnFilter,true,false,false,false,false,,"{}",,"{}",,"{}",false,,"{}","{}",,,,,,false,false,false,false,2026-04-08 12:51:13.333,2026-04-08 12:51:13.333,number,,,,,,,,"{}",,,"{}",false,false,false,false,false,,false,false,false,,,left,left,
2545,232,status,status,Event Status,,50,true,,,,,1,true,true,agTextColumnFilter,true,false,false,false,false,,"{}",cellWithChip,"{}",,"{}",false,,"{}","{}",,,,,,false,false,false,false,2026-04-08 12:51:13.333,2026-04-08 12:51:13.333,text,,,,,,,,"{}",,,"{}",false,false,false,false,false,,false,false,false,,,left,left,
2546,227,checkbox,checkbox,"",,0,true,,,50,,,false,false,,false,false,false,false,false,,"{}",,"{}",,"{}",false,,"{}","{}",,,,,,false,true,true,false,2026-04-08 12:44:23.797,2026-04-08 12:46:24.965,text,,,,,,,,"{}",,,"{}",false,false,false,false,false,,false,false,false,,,left,left,
2550,92,cannibalization_revenue,cannibalization_revenue,Cannibalization,,999,false,,,100,,,true,true,,false,false,false,false,false,,"{}",,"{}",,"{}",false,,"{}","{}",,,,,,false,false,false,false,2026-04-09 09:20:01.148,2026-04-10 06:02:31.813,number,,,,,,,,"{}",,,"{}",false,false,false,false,false,,false,false,false,,,left,left,133
2551,233,checkbox,checkbox,"",,0,true,left,50,50,,,false,false,,false,false,false,false,false,,"{}",,"{}",,"{}",false,,"{}","{}",,,,,,false,true,true,true,2026-04-10 12:39:51.018,2026-04-10 12:39:51.018,text,,,,,,,,"{}",,,"{}",false,false,false,false,false,,false,false,false,,,left,left,
2552,233,auto_clearance_config_name,auto_clearance_config_name,Auto Clearance Name,,10,true,left,,100,,,true,true,agTextColumnFilter,true,false,false,false,false,,"{}",CellsWithLinkandIcon,"{}",,"{}",false,,"{}","{}",,,,,,false,false,false,false,2026-04-10 12:39:51.018,2026-04-10 12:39:51.018,text,,replaceSpecialCharacter,,,,,,"{}",,,"{}",false,false,false,false,false,,false,false,false,,,left,left,
2553,233,auto_clearance_description,auto_clearance_description,Description,,20,true,,,100,,,true,true,agTextColumnFilter,true,false,false,false,false,,"{}",,"{}",,"{}",false,,"{}","{}",,,,,,false,false,false,false,2026-04-10 12:39:51.018,2026-04-10 12:39:51.018,text,,replaceSpecialCharacter,,,,,,"{}",,,"{}",false,false,false,false,false,,false,false,false,,,left,left,
2554,233,duration,duration,Duration,,30,true,,150,100,,,true,true,agTextColumnFilter,true,false,false,false,false,,"{}",,"{}",,"{}",false,,"{}","{}",,,,,,false,false,false,false,2026-04-10 12:39:51.018,2026-04-10 12:39:51.018,number,,,,,,,,"{}",,,"{}",false,false,false,false,false,,false,false,false,,,left,left,
2555,233,calendar_config_name,calendar_config_name,PCD Configuration,,40,true,,,220,,,true,true,agTextColumnFilter,true,false,false,false,false,,"{}",,"{}",,"{}",false,,"{}","{}",,,,,,false,false,false,false,2026-04-10 12:39:51.018,2026-04-10 12:39:51.018,text,,replaceSpecialCharacter,,,,,,"{}",,,"{}",false,false,false,false,false,,false,false,false,,,left,left,
2556,233,created_by_username,created_by_username,Created by,,50,true,,170,100,,,true,true,agTextColumnFilter,true,false,false,false,false,,"{}",,"{}",,"{}",false,,"{}","{}",,,,,,false,false,false,false,2026-04-10 12:39:51.018,2026-04-10 12:39:51.018,text,,replaceSpecialCharacter,,,,,,"{}",,,"{}",false,false,false,false,false,,false,false,false,,,left,left,
2557,233,sell_through_percent,sell_through_percent,Target ST%,,60,true,,180,100,,,true,true,agTextColumnFilter,true,false,false,false,false,,"{}",,"{}",,"{}",false,,"{}","{}",,,,,,false,false,false,false,2026-04-10 12:39:51.018,2026-04-10 12:39:51.018,number,,,,,,,,"{}",,,"{}",false,false,false,false,false,,false,false,false,,,left,left,
2558,233,gross_margin_percent,gross_margin_percent,Target GM%,,70,true,,180,100,,,true,true,agTextColumnFilter,true,false,false,false,false,,"{}",,"{}",,"{}",false,,"{}","{}",,,,,,false,false,false,false,2026-04-10 12:39:51.018,2026-04-10 12:39:51.018,number,,,,,,,,"{}",,,"{}",false,false,false,false,false,,false,false,false,,,left,left,
2559,233,product_recommendation_level,product_recommendation_level,Product Recommendation Level,,80,true,,180,100,,,true,true,agTextColumnFilter,true,false,false,false,false,,"{}",,"{}",,"{}",false,,"{}","{}",,,,,,false,false,false,false,2026-04-10 12:39:51.018,2026-04-10 12:39:51.018,text,,,,,,,,"{}",,,"{}",false,false,false,false,false,,false,false,false,,,left,left,
2560,233,store_recommendation_level,store_recommendation_level,Store Recommendation Level,,90,true,,180,100,,,true,true,agTextColumnFilter,true,false,false,false,false,,"{}",,"{}",,"{}",false,,"{}","{}",,,,,,false,false,false,false,2026-04-10 12:39:51.018,2026-04-10 12:39:51.018,text,,,,,,,,"{}",,,"{}",false,false,false,false,false,,false,false,false,,,left,left,
2561,233,product_trigger_level,product_trigger_level,Trigger Level : Products,,100,true,,180,100,,,true,true,agTextColumnFilter,true,false,false,false,false,,"{}",,"{}",,"{}",false,,"{}","{}",,,,,,false,false,false,false,2026-04-10 12:39:51.018,2026-04-10 12:39:51.018,text,,,,,,,,"{}",,,"{}",false,false,false,false,false,,false,false,false,,,left,left,
2562,233,store_trigger_level,store_trigger_level,Trigger Level : Stores,,110,true,,180,100,,,true,true,agTextColumnFilter,true,false,false,false,false,,"{}",,"{}",,"{}",false,,"{}","{}",,,,,,false,false,false,false,2026-04-10 12:39:51.018,2026-04-10 12:39:51.018,text,,,,,,,,"{}",,,"{}",false,false,false,false,false,,false,false,false,,,left,left,
2563,233,min_discount,min_discount,Min Discount,,120,true,,180,100,,,true,true,agTextColumnFilter,true,false,false,false,false,,"{}",,"{}",,"{}",false,,"{}","{}",,,,,,false,false,false,false,2026-04-10 12:39:51.018,2026-04-10 12:39:51.018,number,,,,,,,,"{}",,,"{}",false,false,false,false,false,,false,false,false,,,left,left,
2564,233,min_step_size,min_step_size,Min Step Size,,130,true,,180,100,,,true,true,agTextColumnFilter,true,false,false,false,false,,"{}",,"{}",,"{}",false,,"{}","{}",,,,,,false,false,false,false,2026-04-10 12:39:51.018,2026-04-10 12:39:51.018,number,,,,,,,,"{}",,,"{}",false,false,false,false,false,,false,false,false,,,left,left,
2565,233,min_markdowns,min_markdowns,Min Markdowns,,140,true,,190,100,,,true,true,agTextColumnFilter,true,false,false,false,false,,"{}",,"{}",,"{}",false,,"{}","{}",,,,,,false,false,false,false,2026-04-10 12:39:51.018,2026-04-10 12:39:51.018,number,,,,,,,,"{}",,,"{}",false,false,false,false,false,,false,false,false,,,left,left,
2566,233,max_markdowns,max_markdowns,Max Markdowns,,150,true,,190,100,,,true,true,agTextColumnFilter,true,false,false,false,false,,"{}",,"{}",,"{}",false,,"{}","{}",,,,,,false,false,false,false,2026-04-10 12:39:51.018,2026-04-10 12:39:51.018,number,,,,,,,,"{}",,,"{}",false,false,false,false,false,,false,false,false,,,left,left,
2567,234,product_id,product_id,Customer Choice ID,,10,true,,,100,,1,true,true,agTextColumnFilter,true,false,false,false,false,,"{}",,"{}",,"{}",false,,"{}","{}",,,,,,false,false,false,false,2026-04-10 12:39:51.018,2026-04-10 12:39:51.018,number,,,,,,,,"{}",,,"{}",false,false,false,false,false,,false,false,false,,,left,left,
2568,234,product_name,product_name,Product Description,,20,true,,,200,,1,true,true,agTextColumnFilter,true,false,false,false,false,,"{}",,"{}",,"{}",false,,"{}","{}",,,,,,false,false,false,false,2026-04-10 12:39:51.018,2026-04-10 12:39:51.018,text,,replaceSpecialCharacter,,,,,,"{}",,,"{}",false,false,false,false,false,,false,false,false,,,left,left,
2569,234,l5_cuq,l5_cuq,Style,,30,true,,,100,,1,true,true,agTextColumnFilter,true,false,false,false,false,,"{}",,"{}",,"{}",false,,"{}","{}",,,,,,false,false,false,false,2026-04-10 12:39:51.018,2026-04-10 12:39:51.018,text,,replaceSpecialCharacter,,,,,,"{}",,,"{}",false,false,false,false,false,,false,false,false,,,left,left,
2570,235,config_name,config_name,Config Name,,10,true,,,100,,1,true,true,agTextColumnFilter,true,false,false,false,false,,"{}",,"{}",,"{}",false,,"{}","{}",,,,,,false,false,false,false,2026-04-10 12:39:51.018,2026-04-10 12:39:51.018,text,,replaceSpecialCharacter,,,,,,"{}",,,"{}",false,false,false,false,false,,false,false,false,,,left,left,
2571,235,pcd_type,pcd_type,PCD Type,,20,true,,,100,,1,true,true,agTextColumnFilter,true,false,false,false,false,,"{}",,"{}",,"{}",false,,"{}","{}",,,,,,false,false,false,false,2026-04-10 12:39:51.018,2026-04-10 12:39:51.018,text,,,,,,,,"{}",,,"{}",false,false,false,false,false,,false,false,false,,,left,left,
2572,235,total_days,total_days,Total Days,,30,true,,,100,,1,true,true,agTextColumnFilter,true,false,false,false,false,,"{}",,"{}",,"{}",false,,"{}","{}",,,,,,false,false,false,false,2026-04-10 12:39:51.018,2026-04-10 12:39:51.018,number,,,,,,,,"{}",,,"{}",false,false,false,false,false,,false,false,false,,,left,left,
2573,235,on_day,on_day,Repeat / Start Day,,40,true,,,100,,1,true,true,agTextColumnFilter,true,false,false,false,false,,"{}",,"{}",,"{}",false,,"{}","{}",,,,,,false,false,false,false,2026-04-10 12:39:51.018,2026-04-10 12:39:51.018,text,,,,,,,,"{}",,,"{}",false,false,false,false,false,,false,false,false,,,left,left,
2574,236,strategy_config_name,strategy_config_name,Strategy Config Name,,10,true,,,200,,1,true,true,agTextColumnFilter,true,false,false,false,false,,"{}",,"{}",,"{}",false,,"{}","{}",,,,,,false,false,false,false,2026-04-10 12:39:51.018,2026-04-10 12:39:51.018,text,,replaceSpecialCharacter,,,,,,"{}",,,"{}",false,false,false,false,false,,false,false,false,,,left,left,
2575,236,created_by_user,created_by_user,Created By,,20,true,,,160,,,true,true,agTextColumnFilter,true,false,false,false,false,,"{}",,"{}",,"{}",false,,"{}","{}",,,,,,false,false,false,false,2026-04-10 12:39:51.018,2026-04-10 12:39:51.018,text,,replaceSpecialCharacter,,,,,,"{}",,,"{}",false,false,false,false,false,,false,false,false,,,left,left,
2576,236,l0_name,l0_name,Brand,,30,true,,,100,,,true,true,agTextColumnFilter,true,false,false,false,false,,"{}",,"{}",,"{}",false,,"{}","{}",,,,,,false,false,false,false,2026-04-10 12:39:51.018,2026-04-10 12:39:51.018,text,,replaceSpecialCharacter,,,,,,"{}",,,"{}",false,false,false,false,false,,false,false,false,,,left,left,
2577,236,l1_name,l1_name,Division,,40,true,,,100,,,true,true,agTextColumnFilter,true,false,false,false,false,,"{}",,"{}",,"{}",false,,"{}","{}",,,,,,false,false,false,false,2026-04-10 12:39:51.018,2026-04-10 12:39:51.018,text,,replaceSpecialCharacter,,,,,,"{}",,,"{}",false,false,false,false,false,,false,false,false,,,left,left,
2578,236,l2_name,l2_name,Department,,50,true,,,100,,,true,true,agTextColumnFilter,true,false,false,false,false,,"{}",,"{}",,"{}",false,,"{}","{}",,,,,,false,false,false,false,2026-04-10 12:39:51.018,2026-04-10 12:39:51.018,text,,replaceSpecialCharacter,,,,,,"{}",,,"{}",false,false,false,false,false,,false,false,false,,,left,left,
2579,236,l3_name,l3_name,Class,,60,true,,,100,,,true,true,agTextColumnFilter,true,false,false,false,false,,"{}",,"{}",,"{}",false,,"{}","{}",,,,,,false,false,false,false,2026-04-10 12:39:51.018,2026-04-10 12:39:51.018,text,,replaceSpecialCharacter,,,,,,"{}",,,"{}",false,false,false,false,false,,false,false,false,,,left,left,
2580,236,l4_name,l4_name,Subclass,,70,true,,,100,,1,true,true,agTextColumnFilter,true,false,false,false,false,,"{}",,"{}",,"{}",false,,"{}","{}",,,,,,false,false,false,false,2026-04-10 12:39:51.018,2026-04-10 12:39:51.018,text,,replaceSpecialCharacter,,,,,,"{}",,,"{}",false,false,false,false,false,,false,false,false,,,left,left,
2581,237,trigger_id,trigger_id,Trigger ID,,10,true,,,100,,,true,true,agTextColumnFilter,true,false,false,false,false,,"{}",,"{}",,"{}",false,,"{}","{}",,,,,,false,false,false,false,2026-04-10 12:39:51.018,2026-04-10 12:39:51.018,number,,,,,,,,"{}",,,"{}",false,false,false,false,false,,false,false,false,,,left,left,
2582,237,trigger_name,trigger_name,Trigger Name,,20,true,,,200,,1,true,true,agTextColumnFilter,true,false,false,false,false,,"{}",,"{}",,"{}",false,,"{}","{}",,,,,,false,false,false,false,2026-04-10 12:39:51.018,2026-04-10 12:39:51.018,text,,replaceSpecialCharacter,,,,,,"{}",,,"{}",false,false,false,false,false,,false,false,false,,,left,left,
2583,237,product_trigger_level,product_trigger_level,Trigger Level : Products,,30,true,,,180,,,true,true,agTextColumnFilter,true,false,false,false,false,,"{}",,"{}",,"{}",false,,"{}","{}",,,,,,false,false,false,false,2026-04-10 12:39:51.018,2026-04-10 12:39:51.018,text,,,,,,,,"{}",,,"{}",false,false,false,false,false,,false,false,false,,,left,left,
2584,237,store_trigger_level,store_trigger_level,Trigger Level : Stores,,40,true,,,180,,,true,true,agTextColumnFilter,true,false,false,false,false,,"{}",,"{}",,"{}",false,,"{}","{}",,,,,,false,false,false,false,2026-04-10 12:39:51.018,2026-04-10 12:39:51.018,text,,,,,,,,"{}",,,"{}",false,false,false,false,false,,false,false,false,,,left,left,
2585,237,product_trigger_value,product_trigger_value,Trigger Value : Products,,50,true,,,180,,,true,true,agTextColumnFilter,true,false,false,false,false,,"{}",,"{}",,"{}",false,,"{}","{}",,,,,,false,false,false,false,2026-04-10 12:39:51.018,2026-04-10 12:39:51.018,text,,replaceSpecialCharacter,,,,,,"{}",,,"{}",false,false,false,false,false,,false,false,false,,,left,left,
2586,237,store_trigger_value,store_trigger_value,Trigger Value : Stores,,60,true,,,180,,,true,true,agTextColumnFilter,true,false,false,false,false,,"{}",,"{}",,"{}",false,,"{}","{}",,,,,,false,false,false,false,2026-04-10 12:39:51.018,2026-04-10 12:39:51.018,text,,replaceSpecialCharacter,,,,,,"{}",,,"{}",false,false,false,false,false,,false,false,false,,,left,left,
2587,238,checkbox,checkbox,"",,0,true,left,50,50,,,false,false,,false,false,false,false,false,,"{}",,"{}",,"{}",false,,"{}","{}",,,,,,false,true,true,true,2026-04-10 12:39:51.018,2026-04-10 12:39:51.018,text,,,,,,,,"{}",,,"{}",false,false,false,false,false,,false,false,false,,,left,left,
2588,238,product_id,product_id,Customer Choice ID,,10,true,,164,100,,,true,true,agTextColumnFilter,true,false,false,false,false,,"{}",,"{}",,"{}",false,,"{}","{}",,,,,,false,false,false,false,2026-04-10 12:39:51.018,2026-04-10 12:39:51.018,number,,,,,,,,"{}",,,"{}",false,false,false,false,false,,false,false,false,,,left,left,
2589,238,product_name,product_name,Description,,20,true,,220,100,,,true,true,agTextColumnFilter,true,false,false,false,false,,"{}",,"{}",,"{}",false,,"{}","{}",,,,,,false,false,false,false,2026-04-10 12:39:51.018,2026-04-10 12:39:51.018,text,,replaceSpecialCharacter,,,,,,"{}",,,"{}",false,false,false,false,false,,false,false,false,,,left,left,
2590,238,l5_cuq,l5_cuq,Style,,30,true,,,100,,,true,true,agTextColumnFilter,true,false,false,false,false,,"{}",,"{}",,"{}",false,,"{}","{}",,,,,,false,false,false,false,2026-04-10 12:39:51.018,2026-04-10 12:39:51.018,text,,replaceSpecialCharacter,,,,,,"{}",,,"{}",false,false,false,false,false,,false,false,false,,,left,left,
2591,238,msrp_with_vat,msrp_with_vat,MSRP,,40,true,,160,100,,,true,true,agTextColumnFilter,true,false,false,false,false,,"{}",,"{}",,"{}",false,,"{}","{}",,,,,,false,false,false,false,2026-04-10 12:39:51.018,2026-04-10 12:39:51.018,number,,toDollar,,,,,,"{}",,,"{}",false,false,false,false,false,,false,false,false,,,left,left,
2592,238,current_price_with_vat,current_price_with_vat,Current Price,,50,true,,,100,,,true,true,agTextColumnFilter,true,false,false,false,false,,"{}",,"{}",,"{}",false,,"{}","{}",,,,,,false,false,false,false,2026-04-10 12:39:51.018,2026-04-10 12:39:51.018,number,,toDollar,,,,,,"{}",,,"{}",false,false,false,false,false,,false,false,false,,,left,left,
2593,238,inventory,inventory,Inventory,,60,true,,160,100,,,true,true,agTextColumnFilter,true,false,false,false,false,,"{}",,"{}",,"{}",false,,"{}","{}",,,,,,false,false,false,false,2026-04-10 12:39:51.018,2026-04-10 12:39:51.018,number,,,,,,,,"{}",,,"{}",false,false,false,false,false,,false,false,false,,,left,left,
2594,238,cost,cost,Cost,,70,true,,160,100,,,true,true,agTextColumnFilter,true,false,false,false,false,,"{}",,"{}",,"{}",false,,"{}","{}",,,,,,false,false,false,false,2026-04-10 12:39:51.018,2026-04-10 12:39:51.018,number,,toDollar,,,,,,"{}",,,"{}",false,false,false,false,false,,false,false,false,,,left,left,
2595,238,launch_price,launch_price,Launch Price,,80,true,,,200,,1,true,true,agTextColumnFilter,true,false,false,false,false,,"{}",,"{}",,"{}",false,,"{}","{}",,,,,,false,false,false,false,2026-04-10 12:39:51.018,2026-04-10 12:39:51.018,number,,toDollar,,,,,,"{}",,,"{}",false,false,false,false,false,,false,false,false,,,left,left,
2596,239,checkbox,checkbox,"",,0,true,left,50,50,,,false,false,,false,false,false,false,false,,"{}",,"{}",,"{}",false,,"{}","{}",,,,,,false,true,true,true,2026-04-10 12:39:51.018,2026-04-10 12:39:51.018,text,,,,,,,,"{}",,,"{}",false,false,false,false,false,,false,false,false,,,left,left,
2597,239,store_name,store_name,Store Name,,10,true,,220,100,,,true,true,agTextColumnFilter,true,false,false,false,false,,"{}",,"{}",,"{}",false,,"{}","{}",,,,,,false,false,false,false,2026-04-10 12:39:51.018,2026-04-10 12:39:51.018,text,,replaceSpecialCharacter,,,,,,"{}",,,"{}",false,false,false,false,false,,false,false,false,,,left,left,
2598,239,store_id,store_id,Store ID,,20,true,,200,100,,,true,true,agTextColumnFilter,true,false,false,false,false,,"{}",,"{}",,"{}",false,,"{}","{}",,,,,,false,false,false,false,2026-04-10 12:39:51.018,2026-04-10 12:39:51.018,number,,,,,,,,"{}",,,"{}",false,false,false,false,false,,false,false,false,,,left,left,
2599,239,s2_name,s2_name,Region,,30,true,,200,100,,,true,true,agTextColumnFilter,true,false,false,false,false,,"{}",,"{}",,"{}",false,,"{}","{}",,,,,,false,false,false,false,2026-04-10 12:39:51.018,2026-04-10 12:39:51.018,text,,replaceSpecialCharacter,,,,,,"{}",,,"{}",false,false,false,false,false,,false,false,false,,,left,left,
2600,239,s3_name,s3_name,District,,40,true,,200,100,,,true,true,agTextColumnFilter,true,false,false,false,false,,"{}",,"{}",,"{}",false,,"{}","{}",,,,,,false,false,false,false,2026-04-10 12:39:51.018,2026-04-10 12:39:51.018,text,,replaceSpecialCharacter,,,,,,"{}",,,"{}",false,false,false,false,false,,false,false,false,,,left,left,
2601,239,s1_name,s1_name,Channel,,50,true,,200,100,,,true,true,agTextColumnFilter,true,false,false,false,false,,"{}",,"{}",,"{}",false,,"{}","{}",,,,,,false,false,false,false,2026-04-10 12:39:51.018,2026-04-10 12:39:51.018,text,,replaceSpecialCharacter,,,,,,"{}",,,"{}",false,false,false,false,false,,false,false,false,,,left,left,
2602,239,s4_name,s4_name,State,,60,true,,200,100,,,true,true,agTextColumnFilter,true,false,false,false,false,,"{}",,"{}",,"{}",false,,"{}","{}",,,,,,false,false,false,false,2026-04-10 12:39:51.018,2026-04-10 12:39:51.018,text,,replaceSpecialCharacter,,,,,,"{}",,,"{}",false,false,false,false,false,,false,false,false,,,left,left,
2603,239,s5_name,s5_name,City,,70,true,,200,100,,1,true,true,agTextColumnFilter,true,false,false,false,false,,"{}",,"{}",,"{}",false,,"{}","{}",,,,,,false,false,false,false,2026-04-10 12:39:51.018,2026-04-10 12:39:51.018,text,,replaceSpecialCharacter,,,,,,"{}",,,"{}",false,false,false,false,false,,false,false,false,,,left,left,
2604,240,checkbox,checkbox,"",,0,true,left,60,60,,,false,false,,false,false,false,false,false,,"{}",,"{}",,"{}",false,,"{}","{}",,,,,,false,true,true,true,2026-04-10 12:39:51.018,2026-04-10 12:39:51.018,text,,,,,,,,"{}",,,"{}",false,false,false,false,false,,false,false,false,,,left,left,
2605,240,product_group_name,product_group_name,Group Name,,10,true,left,,100,,,true,true,agTextColumnFilter,true,false,false,false,false,,"{}",,"{}",,"{}",false,,"{}","{}",,,,,,false,false,false,false,2026-04-10 12:39:51.018,2026-04-10 12:39:51.018,text,,replaceSpecialCharacter,,,,,,"{}",,,"{}",false,false,false,false,false,,false,false,false,,,left,left,
2606,240,product_group_description,product_group_description,Description,,20,true,,180,100,,,true,true,agTextColumnFilter,true,false,false,false,false,,"{}",,"{}",,"{}",false,,"{}","{}",,,,,,false,false,false,false,2026-04-10 12:39:51.018,2026-04-10 12:39:51.018,text,,replaceSpecialCharacter,,,,,,"{}",,,"{}",false,false,false,false,false,,false,false,false,,,left,left,
2607,240,products_count,products_count,Products,,30,true,,160,100,,,true,true,agTextColumnFilter,true,false,false,false,false,,"{}",,"{}",,"{}",false,,"{}","{}",,,,,,false,false,false,false,2026-04-10 12:39:51.018,2026-04-10 12:39:51.018,number,,,,,,,,"{}",,,"{}",false,false,false,false,false,,false,false,false,,,left,left,
2608,240,product_group_type,product_group_type,Product Group Type,,40,true,,,230,,,true,true,agTextColumnFilter,true,false,false,false,false,,"{}",,"{}",,"{}",false,,"{}","{}",,,,,,false,false,false,false,2026-04-10 12:39:51.018,2026-04-10 12:39:51.018,text,,replaceSpecialCharacter,,,,,,"{}",,,"{}",false,false,false,false,false,,false,false,false,,,left,left,
2609,240,l0_name,l0_name,Brand,,50,true,,150,100,,,true,true,agTextColumnFilter,true,false,false,false,false,,"{}",,"{}",,"{}",false,,"{}","{}",,,,,,false,false,false,false,2026-04-10 12:39:51.018,2026-04-10 12:39:51.018,text,,replaceSpecialCharacter,,,,,,"{}",,,"{}",false,false,false,false,false,,false,false,false,,,left,left,
2610,240,l1_name,l1_name,Division,,60,true,,210,100,,,true,true,agTextColumnFilter,true,false,false,false,false,,"{}",,"{}",,"{}",false,,"{}","{}",,,,,,false,false,false,false,2026-04-10 12:39:51.018,2026-04-10 12:39:51.018,text,,replaceSpecialCharacter,,,,,,"{}",,,"{}",false,false,false,false,false,,false,false,false,,,left,left,
2611,240,l2_name,l2_name,Department,,70,true,,180,100,,,true,true,agTextColumnFilter,true,false,false,false,false,,"{}",,"{}",,"{}",false,,"{}","{}",,,,,,false,false,false,false,2026-04-10 12:39:51.018,2026-04-10 12:39:51.018,text,,replaceSpecialCharacter,,,,,,"{}",,,"{}",false,false,false,false,false,,false,false,false,,,left,left,
2612,240,created_by_user,created_by_user,Created By,,80,true,,170,100,,,true,true,agTextColumnFilter,true,false,false,false,false,,"{}",,"{}",,"{}",false,,"{}","{}",,,,,,false,false,false,false,2026-04-10 12:39:51.018,2026-04-10 12:39:51.018,text,,replaceSpecialCharacter,,,,,,"{}",,,"{}",false,false,false,false,false,,false,false,false,,,left,left,
2613,240,created_at,created_at,Created On,,90,true,,170,100,,,true,true,agTextColumnFilter,true,false,false,false,false,,"{}",,"{}",,"{}",false,,"{}","{}",,,,,,false,false,false,false,2026-04-10 12:39:51.018,2026-04-10 12:39:51.018,text,,dateFormat,,,,,,"{}",,,"{}",false,false,false,false,false,,false,false,false,,,left,left,
2614,240,modified_by_user,modified_by_user,Modified By,,100,true,,180,100,,,true,true,agTextColumnFilter,true,false,false,false,false,,"{}",,"{}",,"{}",false,,"{}","{}",,,,,,false,false,false,false,2026-04-10 12:39:51.018,2026-04-10 12:39:51.018,text,,replaceSpecialCharacter,,,,,,"{}",,,"{}",false,false,false,false,false,,false,false,false,,,left,left,
2615,240,modified_at,modified_at,Modified On,,110,true,,180,100,,,true,true,agTextColumnFilter,true,false,false,false,false,,"{}",,"{}",,"{}",false,,"{}","{}",,,,,,false,false,false,false,2026-04-10 12:39:51.018,2026-04-10 12:39:51.018,text,,dateFormat,,,,,,"{}",,,"{}",false,false,false,false,false,,false,false,false,,,left,left,
2616,241,checkbox,checkbox,"",,0,true,left,50,50,,,false,false,,false,false,false,false,false,,"{}",,"{}",,"{}",false,,"{}","{}",,,,,,false,true,true,true,2026-04-10 12:39:51.018,2026-04-10 12:39:51.018,text,,,,,,,,"{}",,,"{}",false,false,false,false,false,,false,false,false,,,left,left,
2617,241,store_group_name,store_group_name,Group Name,,10,true,,,100,,,true,true,agTextColumnFilter,true,false,false,false,false,,"{}",,"{}",,"{}",false,,"{}","{}",,,,,,false,false,false,false,2026-04-10 12:39:51.018,2026-04-10 12:39:51.018,text,,replaceSpecialCharacter,,,,,,"{}",,,"{}",false,false,false,false,false,,false,false,false,,,left,left,
2618,241,store_group_description,store_group_description,Description,,20,true,,180,100,,,true,true,agTextColumnFilter,true,false,false,false,false,,"{}",,"{}",,"{}",false,,"{}","{}",,,,,,false,false,false,false,2026-04-10 12:39:51.018,2026-04-10 12:39:51.018,text,,replaceSpecialCharacter,,,,,,"{}",,,"{}",false,false,false,false,false,,false,false,false,,,left,left,
2619,241,stores_count,stores_count,Stores,,30,true,,,100,,,true,true,agTextColumnFilter,true,false,false,false,false,,"{}",,"{}",,"{}",false,,"{}","{}",,,,,,false,false,false,false,2026-04-10 12:39:51.018,2026-04-10 12:39:51.018,number,,,,,,,,"{}",,,"{}",false,false,false,false,false,,false,false,false,,,left,left,
2620,241,s2_name,s2_name,Region,,40,true,,,100,,,true,true,agTextColumnFilter,true,false,false,false,false,,"{}",,"{}",,"{}",false,,"{}","{}",,,,,,false,false,false,false,2026-04-10 12:39:51.018,2026-04-10 12:39:51.018,text,,replaceSpecialCharacter,,,,,,"{}",,,"{}",false,false,false,false,false,,false,false,false,,,left,left,
2621,241,s1_name,s1_name,Channel,,50,true,,,100,,,true,true,agTextColumnFilter,true,false,false,false,false,,"{}",,"{}",,"{}",false,,"{}","{}",,,,,,false,false,false,false,2026-04-10 12:39:51.018,2026-04-10 12:39:51.018,text,,replaceSpecialCharacter,,,,,,"{}",,,"{}",false,false,false,false,false,,false,false,false,,,left,left,
2622,241,created_by_user,created_by_user,Created By,,60,true,,,100,,,true,true,agTextColumnFilter,true,false,false,false,false,,"{}",,"{}",,"{}",false,,"{}","{}",,,,,,false,false,false,false,2026-04-10 12:39:51.018,2026-04-10 12:39:51.018,text,,replaceSpecialCharacter,,,,,,"{}",,,"{}",false,false,false,false,false,,false,false,false,,,left,left,
2623,241,created_at,created_at,Created On,,70,true,,,100,,,true,true,agTextColumnFilter,true,false,false,false,false,,"{}",,"{}",,"{}",false,,"{}","{}",,,,,,false,false,false,false,2026-04-10 12:39:51.018,2026-04-10 12:39:51.018,text,,dateFormat,,,,,,"{}",,,"{}",false,false,false,false,false,,false,false,false,,,left,left,
2624,241,modified_by_user,modified_by_user,Modified By,,80,true,,,100,,,true,true,agTextColumnFilter,true,false,false,false,false,,"{}",,"{}",,"{}",false,,"{}","{}",,,,,,false,false,false,false,2026-04-10 12:39:51.018,2026-04-10 12:39:51.018,text,,replaceSpecialCharacter,,,,,,"{}",,,"{}",false,false,false,false,false,,false,false,false,,,left,left,
2625,241,modified_at,modified_at,Modified On,,90,true,,,200,,1,true,true,agTextColumnFilter,true,false,false,false,false,,"{}",,"{}",,"{}",false,,"{}","{}",,,,,,false,false,false,false,2026-04-10 12:39:51.018,2026-04-10 12:39:51.018,text,,dateFormat,,,,,,"{}",,,"{}",false,false,false,false,false,,false,false,false,,,left,left,
3388,105,checkbox,checkbox,"",,0,true,,,100,,,false,false,,false,false,false,false,false,,"{}",,"{}",,"{}",false,,"{}","{}",,,,,,false,true,true,false,2026-04-14 07:12:04.880,2026-04-14 07:15:05.569,text,,,,,,,,"{}",,,"{}",false,false,false,false,false,left,true,false,false,,,left,left,
3389,89,test_column,test_column,test column,,999,false,,,100,,,true,true,,false,false,false,false,false,,"{}",,"{}",,"{}",false,,"{}","{}",,,,,,false,false,false,false,2026-04-14 09:32:23.716,2026-04-15 12:11:28.105,text,,toDollarWithDecimal,,,,,,"{}",,,"{}",false,false,false,false,false,,false,false,false,,,left,left,
3497,278,strategy_name,strategy_name,Strategy Name,,0,true,,200,100,,,true,true,agTextColumnFilter,true,false,false,false,false,,"{}",,"{}",,"{}",false,,"{}","{}",,,,,,false,false,false,false,2026-04-14 20:25:59.188,2026-04-14 20:25:59.188,text,,,,,,,,"{}",,,"{}",false,false,false,false,false,,false,false,false,,,left,left,
3498,278,pcd_start_date,pcd_start_date,PCD Start Date,,5,true,,160,100,,,true,true,agDateColumnFilter,true,false,false,false,false,,"{}",,"{}",,"{}",false,,"{}","{}",,,,,,false,false,false,false,2026-04-14 20:25:59.188,2026-04-14 20:25:59.188,date,,,,,,,,"{}",,,"{}",false,false,false,false,false,,false,false,false,,,left,left,
3499,278,pcd_end_date,pcd_end_date,PCD End Date,,10,true,,160,100,,,true,true,agDateColumnFilter,true,false,false,false,false,,"{}",,"{}",,"{}",false,,"{}","{}",,,,,,false,false,false,false,2026-04-14 20:25:59.188,2026-04-14 20:25:59.188,date,,,,,,,,"{}",,,"{}",false,false,false,false,false,,false,false,false,,,left,left,
3500,278,pm_country_id,pm_country_id,Brand ID,,15,true,,120,100,,,true,true,agNumberColumnFilter,true,false,false,false,false,,"{}",,"{}",,"{}",false,,"{}","{}",,,,,,false,false,false,false,2026-04-14 20:25:59.188,2026-04-14 20:25:59.188,number,,,,,,,,"{}",,,"{}",false,false,false,false,false,,false,false,false,,,left,left,
3501,278,pm_country,pm_country,Brand,,20,true,,140,100,,,true,true,agTextColumnFilter,true,false,false,false,false,,"{}",,"{}",,"{}",false,,"{}","{}",,,,,,false,false,false,false,2026-04-14 20:25:59.188,2026-04-14 20:25:59.188,text,,replaceSpecialCharacter,,,,,,"{}",,,"{}",false,false,false,false,false,,false,false,false,,,left,left,
3502,278,division_id,division_id,Division ID,,25,true,,120,100,,,true,true,agNumberColumnFilter,true,false,false,false,false,,"{}",,"{}",,"{}",false,,"{}","{}",,,,,,false,false,false,false,2026-04-14 20:25:59.188,2026-04-14 20:25:59.188,number,,,,,,,,"{}",,,"{}",false,false,false,false,false,,false,false,false,,,left,left,
3503,278,division,division,Division,,30,true,,140,100,,,true,true,agTextColumnFilter,true,false,false,false,false,,"{}",,"{}",,"{}",false,,"{}","{}",,,,,,false,false,false,false,2026-04-14 20:25:59.188,2026-04-14 20:25:59.188,text,,replaceSpecialCharacter,,,,,,"{}",,,"{}",false,false,false,false,false,,false,false,false,,,left,left,
3504,278,department_id,department_id,Department ID,,35,true,,140,100,,,true,true,agNumberColumnFilter,true,false,false,false,false,,"{}",,"{}",,"{}",false,,"{}","{}",,,,,,false,false,false,false,2026-04-14 20:25:59.188,2026-04-14 20:25:59.188,number,,,,,,,,"{}",,,"{}",false,false,false,false,false,,false,false,false,,,left,left,
3505,278,department,department,Department,,40,true,,140,100,,,true,true,agTextColumnFilter,true,false,false,false,false,,"{}",,"{}",,"{}",false,,"{}","{}",,,,,,false,false,false,false,2026-04-14 20:25:59.188,2026-04-14 20:25:59.188,text,,replaceSpecialCharacter,,,,,,"{}",,,"{}",false,false,false,false,false,,false,false,false,,,left,left,
3506,278,sub_dept_id,sub_dept_id,Sub Dept ID,,45,true,,130,100,,,true,true,agNumberColumnFilter,true,false,false,false,false,,"{}",,"{}",,"{}",false,,"{}","{}",,,,,,false,false,false,false,2026-04-14 20:25:59.188,2026-04-14 20:25:59.188,number,,,,,,,,"{}",,,"{}",false,false,false,false,false,,false,false,false,,,left,left,
3507,278,sub_dept,sub_dept,Sub Dept,,50,true,,140,100,,,true,true,agTextColumnFilter,true,false,false,false,false,,"{}",,"{}",,"{}",false,,"{}","{}",,,,,,false,false,false,false,2026-04-14 20:25:59.188,2026-04-14 20:25:59.188,text,,replaceSpecialCharacter,,,,,,"{}",,,"{}",false,false,false,false,false,,false,false,false,,,left,left,
3508,278,class_id,class_id,Class ID,,55,true,,120,100,,,true,true,agNumberColumnFilter,true,false,false,false,false,,"{}",,"{}",,"{}",false,,"{}","{}",,,,,,false,false,false,false,2026-04-14 20:25:59.188,2026-04-14 20:25:59.188,number,,,,,,,,"{}",,,"{}",false,false,false,false,false,,false,false,false,,,left,left,
3509,278,class,class,Class,,60,true,,140,100,,,true,true,agTextColumnFilter,true,false,false,false,false,,"{}",,"{}",,"{}",false,,"{}","{}",,,,,,false,false,false,false,2026-04-14 20:25:59.188,2026-04-14 20:25:59.188,text,,replaceSpecialCharacter,,,,,,"{}",,,"{}",false,false,false,false,false,,false,false,false,,,left,left,
3510,278,subclass_id,subclass_id,Sub Class ID,,65,true,,130,100,,,true,true,agNumberColumnFilter,true,false,false,false,false,,"{}",,"{}",,"{}",false,,"{}","{}",,,,,,false,false,false,false,2026-04-14 20:25:59.188,2026-04-14 20:25:59.188,number,,,,,,,,"{}",,,"{}",false,false,false,false,false,,false,false,false,,,left,left,
3511,278,subclass,subclass,Sub Class,,70,true,,160,100,,,true,true,agTextColumnFilter,true,false,false,false,false,,"{}",,"{}",,"{}",false,,"{}","{}",,,,,,false,false,false,false,2026-04-14 20:25:59.188,2026-04-14 20:25:59.188,text,,replaceSpecialCharacter,,,,,,"{}",,,"{}",false,false,false,false,false,,false,false,false,,,left,left,
3512,278,style_id,style_id,Style ID,,75,true,,120,100,,,true,true,agNumberColumnFilter,true,false,false,false,false,,"{}",,"{}",,"{}",false,,"{}","{}",,,,,,false,false,false,false,2026-04-14 20:25:59.188,2026-04-14 20:25:59.188,number,,,,,,,,"{}",,,"{}",false,false,false,false,false,,false,false,false,,,left,left,
3513,278,style,style,Style,,80,true,,200,100,,,true,true,agTextColumnFilter,true,false,false,false,false,,"{}",,"{}",,"{}",false,,"{}","{}",,,,,,false,false,false,false,2026-04-14 20:25:59.188,2026-04-14 20:25:59.188,text,,replaceSpecialCharacter,,,,,,"{}",,,"{}",false,false,false,false,false,,false,false,false,,,left,left,
3514,278,sm_country_id,sm_country_id,Country ID,,85,true,,120,100,,,true,true,agNumberColumnFilter,true,false,false,false,false,,"{}",,"{}",,"{}",false,,"{}","{}",,,,,,false,false,false,false,2026-04-14 20:25:59.188,2026-04-14 20:25:59.188,number,,,,,,,,"{}",,,"{}",false,false,false,false,false,,false,false,false,,,left,left,
3515,278,sm_country,sm_country,Country,,90,true,,140,100,,,true,true,agTextColumnFilter,true,false,false,false,false,,"{}",,"{}",,"{}",false,,"{}","{}",,,,,,false,false,false,false,2026-04-14 20:25:59.188,2026-04-14 20:25:59.188,text,,replaceSpecialCharacter,,,,,,"{}",,,"{}",false,false,false,false,false,,false,false,false,,,left,left,
3516,278,channel_id,channel_id,Channel ID,,95,true,,120,100,,,true,true,agNumberColumnFilter,true,false,false,false,false,,"{}",,"{}",,"{}",false,,"{}","{}",,,,,,false,false,false,false,2026-04-14 20:25:59.188,2026-04-14 20:25:59.188,number,,,,,,,,"{}",,,"{}",false,false,false,false,false,,false,false,false,,,left,left,
3517,278,channel,channel,Channel,,100,true,,160,100,,,true,true,agTextColumnFilter,true,false,false,false,false,,"{}",,"{}",,"{}",false,,"{}","{}",,,,,,false,false,false,false,2026-04-14 20:25:59.188,2026-04-14 20:25:59.188,text,,replaceSpecialCharacter,,,,,,"{}",,,"{}",false,false,false,false,false,,false,false,false,,,left,left,
3518,278,region_id,region_id,Region ID,,105,true,,120,100,,,true,true,agNumberColumnFilter,true,false,false,false,false,,"{}",,"{}",,"{}",false,,"{}","{}",,,,,,false,false,false,false,2026-04-14 20:25:59.188,2026-04-14 20:25:59.188,number,,,,,,,,"{}",,,"{}",false,false,false,false,false,,false,false,false,,,left,left,
3519,278,region,region,Region,,110,true,,140,100,,,true,true,agTextColumnFilter,true,false,false,false,false,,"{}",,"{}",,"{}",false,,"{}","{}",,,,,,false,false,false,false,2026-04-14 20:25:59.188,2026-04-14 20:25:59.188,text,,replaceSpecialCharacter,,,,,,"{}",,,"{}",false,false,false,false,false,,false,false,false,,,left,left,
3520,278,state_id,state_id,State ID,,115,true,,120,100,,,true,true,agNumberColumnFilter,true,false,false,false,false,,"{}",,"{}",,"{}",false,,"{}","{}",,,,,,false,false,false,false,2026-04-14 20:25:59.188,2026-04-14 20:25:59.188,number,,,,,,,,"{}",,,"{}",false,false,false,false,false,,false,false,false,,,left,left,
3521,278,state,state,State,,120,true,,140,100,,,true,true,agTextColumnFilter,true,false,false,false,false,,"{}",,"{}",,"{}",false,,"{}","{}",,,,,,false,false,false,false,2026-04-14 20:25:59.188,2026-04-14 20:25:59.188,text,,replaceSpecialCharacter,,,,,,"{}",,,"{}",false,false,false,false,false,,false,false,false,,,left,left,
3522,278,district_id,district_id,District ID,,125,true,,120,100,,,true,true,agNumberColumnFilter,true,false,false,false,false,,"{}",,"{}",,"{}",false,,"{}","{}",,,,,,false,false,false,false,2026-04-14 20:25:59.188,2026-04-14 20:25:59.188,number,,,,,,,,"{}",,,"{}",false,false,false,false,false,,false,false,false,,,left,left,
3523,278,district,district,District,,130,true,,140,100,,,true,true,agTextColumnFilter,true,false,false,false,false,,"{}",,"{}",,"{}",false,,"{}","{}",,,,,,false,false,false,false,2026-04-14 20:25:59.188,2026-04-14 20:25:59.188,text,,replaceSpecialCharacter,,,,,,"{}",,,"{}",false,false,false,false,false,,false,false,false,,,left,left,
3524,278,city_id,city_id,City ID,,135,true,,120,100,,,true,true,agNumberColumnFilter,true,false,false,false,false,,"{}",,"{}",,"{}",false,,"{}","{}",,,,,,false,false,false,false,2026-04-14 20:25:59.188,2026-04-14 20:25:59.188,number,,,,,,,,"{}",,,"{}",false,false,false,false,false,,false,false,false,,,left,left,
3525,278,city,city,City,,140,true,,140,100,,,true,true,agTextColumnFilter,true,false,false,false,false,,"{}",,"{}",,"{}",false,,"{}","{}",,,,,,false,false,false,false,2026-04-14 20:25:59.188,2026-04-14 20:25:59.188,text,,replaceSpecialCharacter,,,,,,"{}",,,"{}",false,false,false,false,false,,false,false,false,,,left,left,
3526,278,store_id,store_id,Store ID,,145,true,,120,100,,,true,true,agNumberColumnFilter,true,false,false,false,false,,"{}",,"{}",,"{}",false,,"{}","{}",,,,,,false,false,false,false,2026-04-14 20:25:59.188,2026-04-14 20:25:59.188,number,,,,,,,,"{}",,,"{}",false,false,false,false,false,,false,false,false,,,left,left,
3527,278,store_name,store_name,Store Name,,150,true,,160,100,,,true,true,agTextColumnFilter,true,false,false,false,false,,"{}",,"{}",,"{}",false,,"{}","{}",,,,,,false,false,false,false,2026-04-14 20:25:59.188,2026-04-14 20:25:59.188,text,,replaceSpecialCharacter,,,,,,"{}",,,"{}",false,false,false,false,false,,false,false,false,,,left,left,
3528,278,WAC,WAC,WAC,,170,true,,120,100,,,true,true,agNumberColumnFilter,true,false,false,false,false,,"{}",,"{}",,"{}",false,,"{}","{}",,,,,,false,false,false,false,2026-04-14 20:25:59.188,2026-04-14 20:25:59.188,number,,toDollar,,,,,,"{}",,,"{}",false,false,false,false,false,,false,false,false,,,left,left,
3529,278,Current WAR,Current WAR,Current WAR,,180,true,,140,100,,,true,true,agNumberColumnFilter,true,false,false,false,false,,"{}",,"{}",,"{}",false,,"{}","{}",,,,,,false,false,false,false,2026-04-14 20:25:59.188,2026-04-14 20:25:59.188,number,,toDollar,,,,,,"{}",,,"{}",false,false,false,false,false,,false,false,false,,,left,left,
3530,278,New WAR,New WAR,New WAR,,190,true,,120,100,,,true,true,agNumberColumnFilter,true,false,false,false,false,,"{}",,"{}",,"{}",false,,"{}","{}",,,,,,false,false,false,false,2026-04-14 20:25:59.188,2026-04-14 20:25:59.188,number,,toDollar,,,,,,"{}",,,"{}",false,false,false,false,false,,false,false,false,,,left,left,
3531,278,MSRP,MSRP,MSRP,,200,true,,120,100,,,true,true,agNumberColumnFilter,true,false,false,false,false,,"{}",,"{}",,"{}",false,,"{}","{}",,,,,,false,false,false,false,2026-04-14 20:25:59.188,2026-04-14 20:25:59.188,number,,toDollar,,,,,,"{}",,,"{}",false,false,false,false,false,,false,false,false,,,left,left,
3532,278,Inv U,Inv U,Inv U,,210,true,,120,100,,,true,true,agNumberColumnFilter,true,false,false,false,false,,"{}",,"{}",,"{}",false,,"{}","{}",,,,,,false,false,false,false,2026-04-14 20:25:59.188,2026-04-14 20:25:59.188,number,,toUnit,,,,,,"{}",,,"{}",false,false,false,false,false,,false,false,false,,,left,left,
3533,278,Inv $ C,Inv $ C,Inv $ C,,220,true,,120,100,,,true,true,agNumberColumnFilter,true,false,false,false,false,,"{}",,"{}",,"{}",false,,"{}","{}",,,,,,false,false,false,false,2026-04-14 20:25:59.188,2026-04-14 20:25:59.188,number,,toDollarWithDecimal,,,,,,"{}",,,"{}",false,false,false,false,false,,false,false,false,,,left,left,
3534,278,Inv $ R Curr,Inv $ R Curr,Inv $ R Curr,,230,true,,140,100,,,true,true,agNumberColumnFilter,true,false,false,false,false,,"{}",,"{}",,"{}",false,,"{}","{}",,,,,,false,false,false,false,2026-04-14 20:25:59.188,2026-04-14 20:25:59.188,number,,toDollar,,,,,,"{}",,,"{}",false,false,false,false,false,,false,false,false,,,left,left,
3535,278,Inv $ R New,Inv $ R New,Inv $ R New,,240,true,,140,100,,,true,true,agNumberColumnFilter,true,false,false,false,false,,"{}",,"{}",,"{}",false,,"{}","{}",,,,,,false,false,false,false,2026-04-14 20:25:59.188,2026-04-14 20:25:59.188,number,,toDollar,,,,,,"{}",,,"{}",false,false,false,false,false,,false,false,false,,,left,left,
3536,278,Prev MU,Prev MU,Prev MU,,250,true,,120,100,,,true,true,agNumberColumnFilter,true,false,false,false,false,,"{}",,"{}",,"{}",false,,"{}","{}",,,,,,false,false,false,false,2026-04-14 20:25:59.188,2026-04-14 20:25:59.188,number,,toUnit,,,,,,"{}",,,"{}",false,false,false,false,false,,false,false,false,,,left,left,
3537,278,New MU,New MU,New MU,,260,true,,120,100,,,true,true,agNumberColumnFilter,true,false,false,false,false,,"{}",,"{}",,"{}",false,,"{}","{}",,,,,,false,false,false,false,2026-04-14 20:25:59.188,2026-04-14 20:25:59.188,number,,toUnit,,,,,,"{}",,,"{}",false,false,false,false,false,,false,false,false,,,left,left,
3538,278,MD %%,MD %%,MD %,,270,true,,120,100,,,true,true,agNumberColumnFilter,true,false,false,false,false,,"{}",,"{}",,"{}",false,,"{}","{}",,,,,,false,false,false,false,2026-04-14 20:25:59.188,2026-04-14 20:25:59.188,number,,toPercentageWithDecimal,,,,,,"{}",,,"{}",false,false,false,false,false,,false,false,false,,,left,left,
3539,278,# Locations OH,# Locations OH,# Locations OH,,280,true,,150,100,,,true,true,agNumberColumnFilter,true,false,false,false,false,,"{}",,"{}",,"{}",false,,"{}","{}",,,,,,false,false,false,false,2026-04-14 20:25:59.188,2026-04-14 20:25:59.188,number,,,,,,,,"{}",,,"{}",false,false,false,false,false,,false,false,false,,,left,left,
3540,278,# Locations MD,# Locations MD,# Locations MD,,290,true,,150,100,,,true,true,agNumberColumnFilter,true,false,false,false,false,,"{}",,"{}",,"{}",false,,"{}","{}",,,,,,false,false,false,false,2026-04-14 20:25:59.188,2026-04-14 20:25:59.188,number,,,,,,,,"{}",,,"{}",false,false,false,false,false,,false,false,false,,,left,left,
3541,278,# Styles,# Styles,# Styles,,300,true,,130,100,,,true,true,agNumberColumnFilter,true,false,false,false,false,,"{}",,"{}",,"{}",false,,"{}","{}",,,,,,false,false,false,false,2026-04-14 20:25:59.188,2026-04-14 20:25:59.188,number,,,,,,,,"{}",,,"{}",false,false,false,false,false,,false,false,false,,,left,left,
3542,278,New Reg MD $ C Pen%% of TTL Reg Inv $ C,New Reg MD $ C Pen%% of TTL Reg Inv $ C,New Reg MD $ C Pen% of TTL Reg Inv $ C,,310,true,,200,100,,,true,true,agNumberColumnFilter,true,false,false,false,false,,"{}",,"{}",,"{}",false,,"{}","{}",,,,,,false,false,false,false,2026-04-14 20:25:59.188,2026-04-14 20:25:59.188,number,,toUnit,,,,,,"{}",,,"{}",false,false,false,false,false,,false,false,false,,,left,left,
3543,278,New Red MD $ C Pen%% of TTL Red Inv $ C,New Red MD $ C Pen%% of TTL Red Inv $ C,New Red MD $ C Pen% of TTL Red Inv $ C,,320,true,,200,100,,,true,true,agNumberColumnFilter,true,false,false,false,false,,"{}",,"{}",,"{}",false,,"{}","{}",,,,,,false,false,false,false,2026-04-14 20:25:59.188,2026-04-14 20:25:59.188,number,,toUnit,,,,,,"{}",,,"{}",false,false,false,false,false,,false,false,false,,,left,left,
3544,279,strategy_name,strategy_name,Strategy Name,,5,true,,200,100,,,true,true,agTextColumnFilter,true,false,false,false,false,,"{}",,"{}",,"{}",false,,"{}","{}",,,,,,false,false,false,false,2026-04-14 20:25:59.188,2026-04-14 20:25:59.188,text,,,,,,,,"{}",,,"{}",false,false,false,false,false,,false,false,false,,,left,left,
3545,279,pcd_start_date,pcd_start_date,PCD Start Date,,10,true,,160,100,,,true,true,agDateColumnFilter,true,false,false,false,false,,"{}",,"{}",,"{}",false,,"{}","{}",,,,,,false,false,false,false,2026-04-14 20:25:59.188,2026-04-14 20:25:59.188,date,,,,,,,,"{}",,,"{}",false,false,false,false,false,,false,false,false,,,left,left,
3546,279,pcd_end_date,pcd_end_date,PCD End Date,,15,true,,160,100,,,true,true,agDateColumnFilter,true,false,false,false,false,,"{}",,"{}",,"{}",false,,"{}","{}",,,,,,false,false,false,false,2026-04-14 20:25:59.188,2026-04-14 20:25:59.188,date,,,,,,,,"{}",,,"{}",false,false,false,false,false,,false,false,false,,,left,left,
3547,279,pm_country_id,pm_country_id,Brand ID,,20,true,,120,100,,,true,true,agNumberColumnFilter,true,false,false,false,false,,"{}",,"{}",,"{}",false,,"{}","{}",,,,,,false,false,false,false,2026-04-14 20:25:59.188,2026-04-14 20:25:59.188,number,,,,,,,,"{}",,,"{}",false,false,false,false,false,,false,false,false,,,left,left,
3548,279,pm_country,pm_country,Brand,,25,true,,140,100,,,true,true,agTextColumnFilter,true,false,false,false,false,,"{}",,"{}",,"{}",false,,"{}","{}",,,,,,false,false,false,false,2026-04-14 20:25:59.188,2026-04-14 20:25:59.188,text,,replaceSpecialCharacter,,,,,,"{}",,,"{}",false,false,false,false,false,,false,false,false,,,left,left,
3549,279,division_id,division_id,Division ID,,30,true,,120,100,,,true,true,agNumberColumnFilter,true,false,false,false,false,,"{}",,"{}",,"{}",false,,"{}","{}",,,,,,false,false,false,false,2026-04-14 20:25:59.188,2026-04-14 20:25:59.188,number,,,,,,,,"{}",,,"{}",false,false,false,false,false,,false,false,false,,,left,left,
3550,279,division,division,Division,,35,true,,140,100,,,true,true,agTextColumnFilter,true,false,false,false,false,,"{}",,"{}",,"{}",false,,"{}","{}",,,,,,false,false,false,false,2026-04-14 20:25:59.188,2026-04-14 20:25:59.188,text,,replaceSpecialCharacter,,,,,,"{}",,,"{}",false,false,false,false,false,,false,false,false,,,left,left,
3551,279,department_id,department_id,Department ID,,40,true,,140,100,,,true,true,agNumberColumnFilter,true,false,false,false,false,,"{}",,"{}",,"{}",false,,"{}","{}",,,,,,false,false,false,false,2026-04-14 20:25:59.188,2026-04-14 20:25:59.188,number,,,,,,,,"{}",,,"{}",false,false,false,false,false,,false,false,false,,,left,left,
3552,279,department,department,Department,,45,true,,140,100,,,true,true,agTextColumnFilter,true,false,false,false,false,,"{}",,"{}",,"{}",false,,"{}","{}",,,,,,false,false,false,false,2026-04-14 20:25:59.188,2026-04-14 20:25:59.188,text,,replaceSpecialCharacter,,,,,,"{}",,,"{}",false,false,false,false,false,,false,false,false,,,left,left,
3553,279,sub_dept_id,sub_dept_id,Sub Dept ID,,50,true,,130,100,,,true,true,agNumberColumnFilter,true,false,false,false,false,,"{}",,"{}",,"{}",false,,"{}","{}",,,,,,false,false,false,false,2026-04-14 20:25:59.188,2026-04-14 20:25:59.188,number,,,,,,,,"{}",,,"{}",false,false,false,false,false,,false,false,false,,,left,left,
3554,279,sub_dept,sub_dept,Sub Dept,,55,true,,140,100,,,true,true,agTextColumnFilter,true,false,false,false,false,,"{}",,"{}",,"{}",false,,"{}","{}",,,,,,false,false,false,false,2026-04-14 20:25:59.188,2026-04-14 20:25:59.188,text,,replaceSpecialCharacter,,,,,,"{}",,,"{}",false,false,false,false,false,,false,false,false,,,left,left,
3555,279,class_id,class_id,Class ID,,60,true,,120,100,,,true,true,agNumberColumnFilter,true,false,false,false,false,,"{}",,"{}",,"{}",false,,"{}","{}",,,,,,false,false,false,false,2026-04-14 20:25:59.188,2026-04-14 20:25:59.188,number,,,,,,,,"{}",,,"{}",false,false,false,false,false,,false,false,false,,,left,left,
3556,279,class,class,Class,,65,true,,140,100,,,true,true,agTextColumnFilter,true,false,false,false,false,,"{}",,"{}",,"{}",false,,"{}","{}",,,,,,false,false,false,false,2026-04-14 20:25:59.188,2026-04-14 20:25:59.188,text,,replaceSpecialCharacter,,,,,,"{}",,,"{}",false,false,false,false,false,,false,false,false,,,left,left,
3557,279,subclass_id,subclass_id,Sub Class ID,,70,true,,130,100,,,true,true,agNumberColumnFilter,true,false,false,false,false,,"{}",,"{}",,"{}",false,,"{}","{}",,,,,,false,false,false,false,2026-04-14 20:25:59.188,2026-04-14 20:25:59.188,number,,,,,,,,"{}",,,"{}",false,false,false,false,false,,false,false,false,,,left,left,
3558,279,subclass,subclass,Sub Class,,75,true,,160,100,,,true,true,agTextColumnFilter,true,false,false,false,false,,"{}",,"{}",,"{}",false,,"{}","{}",,,,,,false,false,false,false,2026-04-14 20:25:59.188,2026-04-14 20:25:59.188,text,,replaceSpecialCharacter,,,,,,"{}",,,"{}",false,false,false,false,false,,false,false,false,,,left,left,
3559,279,style_id,style_id,Style ID,,80,true,,120,100,,,true,true,agNumberColumnFilter,true,false,false,false,false,,"{}",,"{}",,"{}",false,,"{}","{}",,,,,,false,false,false,false,2026-04-14 20:25:59.188,2026-04-14 20:25:59.188,number,,,,,,,,"{}",,,"{}",false,false,false,false,false,,false,false,false,,,left,left,
3560,279,style,style,Style,,85,true,,200,100,,,true,true,agTextColumnFilter,true,false,false,false,false,,"{}",,"{}",,"{}",false,,"{}","{}",,,,,,false,false,false,false,2026-04-14 20:25:59.188,2026-04-14 20:25:59.188,text,,replaceSpecialCharacter,,,,,,"{}",,,"{}",false,false,false,false,false,,false,false,false,,,left,left,
3561,279,sm_country_id,sm_country_id,Country ID,,90,true,,120,100,,,true,true,agNumberColumnFilter,true,false,false,false,false,,"{}",,"{}",,"{}",false,,"{}","{}",,,,,,false,false,false,false,2026-04-14 20:25:59.188,2026-04-14 20:25:59.188,number,,,,,,,,"{}",,,"{}",false,false,false,false,false,,false,false,false,,,left,left,
3562,279,sm_country,sm_country,Country,,95,true,,140,100,,,true,true,agTextColumnFilter,true,false,false,false,false,,"{}",,"{}",,"{}",false,,"{}","{}",,,,,,false,false,false,false,2026-04-14 20:25:59.188,2026-04-14 20:25:59.188,text,,replaceSpecialCharacter,,,,,,"{}",,,"{}",false,false,false,false,false,,false,false,false,,,left,left,
3563,279,channel_id,channel_id,Channel ID,,100,true,,120,100,,,true,true,agNumberColumnFilter,true,false,false,false,false,,"{}",,"{}",,"{}",false,,"{}","{}",,,,,,false,false,false,false,2026-04-14 20:25:59.188,2026-04-14 20:25:59.188,number,,,,,,,,"{}",,,"{}",false,false,false,false,false,,false,false,false,,,left,left,
3564,279,channel,channel,Channel,,105,true,,160,100,,,true,true,agTextColumnFilter,true,false,false,false,false,,"{}",,"{}",,"{}",false,,"{}","{}",,,,,,false,false,false,false,2026-04-14 20:25:59.188,2026-04-14 20:25:59.188,text,,replaceSpecialCharacter,,,,,,"{}",,,"{}",false,false,false,false,false,,false,false,false,,,left,left,
3565,279,region_id,region_id,Region ID,,110,true,,120,100,,,true,true,agNumberColumnFilter,true,false,false,false,false,,"{}",,"{}",,"{}",false,,"{}","{}",,,,,,false,false,false,false,2026-04-14 20:25:59.188,2026-04-14 20:25:59.188,number,,,,,,,,"{}",,,"{}",false,false,false,false,false,,false,false,false,,,left,left,
3566,279,region,region,Region,,115,true,,140,100,,,true,true,agTextColumnFilter,true,false,false,false,false,,"{}",,"{}",,"{}",false,,"{}","{}",,,,,,false,false,false,false,2026-04-14 20:25:59.188,2026-04-14 20:25:59.188,text,,replaceSpecialCharacter,,,,,,"{}",,,"{}",false,false,false,false,false,,false,false,false,,,left,left,
3567,279,state_id,state_id,State ID,,120,true,,120,100,,,true,true,agNumberColumnFilter,true,false,false,false,false,,"{}",,"{}",,"{}",false,,"{}","{}",,,,,,false,false,false,false,2026-04-14 20:25:59.188,2026-04-14 20:25:59.188,number,,,,,,,,"{}",,,"{}",false,false,false,false,false,,false,false,false,,,left,left,
3568,279,state,state,State,,125,true,,140,100,,,true,true,agTextColumnFilter,true,false,false,false,false,,"{}",,"{}",,"{}",false,,"{}","{}",,,,,,false,false,false,false,2026-04-14 20:25:59.188,2026-04-14 20:25:59.188,text,,replaceSpecialCharacter,,,,,,"{}",,,"{}",false,false,false,false,false,,false,false,false,,,left,left,
3569,279,district_id,district_id,District ID,,130,true,,120,100,,,true,true,agNumberColumnFilter,true,false,false,false,false,,"{}",,"{}",,"{}",false,,"{}","{}",,,,,,false,false,false,false,2026-04-14 20:25:59.188,2026-04-14 20:25:59.188,number,,,,,,,,"{}",,,"{}",false,false,false,false,false,,false,false,false,,,left,left,
3570,279,district,district,District,,135,true,,140,100,,,true,true,agTextColumnFilter,true,false,false,false,false,,"{}",,"{}",,"{}",false,,"{}","{}",,,,,,false,false,false,false,2026-04-14 20:25:59.188,2026-04-14 20:25:59.188,text,,replaceSpecialCharacter,,,,,,"{}",,,"{}",false,false,false,false,false,,false,false,false,,,left,left,
3571,279,city_id,city_id,City ID,,140,true,,120,100,,,true,true,agNumberColumnFilter,true,false,false,false,false,,"{}",,"{}",,"{}",false,,"{}","{}",,,,,,false,false,false,false,2026-04-14 20:25:59.188,2026-04-14 20:25:59.188,number,,,,,,,,"{}",,,"{}",false,false,false,false,false,,false,false,false,,,left,left,
3572,279,city,city,City,,145,true,,140,100,,,true,true,agTextColumnFilter,true,false,false,false,false,,"{}",,"{}",,"{}",false,,"{}","{}",,,,,,false,false,false,false,2026-04-14 20:25:59.188,2026-04-14 20:25:59.188,text,,replaceSpecialCharacter,,,,,,"{}",,,"{}",false,false,false,false,false,,false,false,false,,,left,left,
3573,279,store_id,store_id,Store ID,,150,true,,120,100,,,true,true,agNumberColumnFilter,true,false,false,false,false,,"{}",,"{}",,"{}",false,,"{}","{}",,,,,,false,false,false,false,2026-04-14 20:25:59.188,2026-04-14 20:25:59.188,number,,,,,,,,"{}",,,"{}",false,false,false,false,false,,false,false,false,,,left,left,
3574,279,store_name,store_name,Store Name,,155,true,,160,100,,,true,true,agTextColumnFilter,true,false,false,false,false,,"{}",,"{}",,"{}",false,,"{}","{}",,,,,,false,false,false,false,2026-04-14 20:25:59.188,2026-04-14 20:25:59.188,text,,replaceSpecialCharacter,,,,,,"{}",,,"{}",false,false,false,false,false,,false,false,false,,,left,left,
3575,279,forecasted_sales_amount,forecasted_sales_amount,Forecasted Sales $,,160,true,,180,100,,,true,true,agNumberColumnFilter,true,false,false,false,false,,"{}",,"{}",,"{}",false,,"{}","{}",,,,,,false,false,false,false,2026-04-14 20:25:59.188,2026-04-14 20:25:59.188,number,,toDollar,,,,,,"{}",,,"{}",false,false,false,false,false,,false,false,false,,,left,left,
3576,279,forecasted_sales_units,forecasted_sales_units,Forecasted Sales U,,165,true,,180,100,,,true,true,agNumberColumnFilter,true,false,false,false,false,,"{}",,"{}",,"{}",false,,"{}","{}",,,,,,false,false,false,false,2026-04-14 20:25:59.188,2026-04-14 20:25:59.188,number,,toUnit,,,,,,"{}",,,"{}",false,false,false,false,false,,false,false,false,,,left,left,
3577,279,forecasted_gm_amount,forecasted_gm_amount,Forecasted GM $,,170,true,,180,100,,,true,true,agNumberColumnFilter,true,false,false,false,false,,"{}",,"{}",,"{}",false,,"{}","{}",,,,,,false,false,false,false,2026-04-14 20:25:59.188,2026-04-14 20:25:59.188,number,,toDollar,,,,,,"{}",,,"{}",false,false,false,false,false,,false,false,false,,,left,left,
3578,279,forecasted_gm_percentage,forecasted_gm_percentage,Forecasted GM %,,175,true,,180,100,,,true,true,agNumberColumnFilter,true,false,false,false,false,,"{}",,"{}",,"{}",false,,"{}","{}",,,,,,false,false,false,false,2026-04-14 20:25:59.188,2026-04-14 20:25:59.188,number,,toPercentageWithDecimal,,,,,,"{}",,,"{}",false,false,false,false,false,,false,false,false,,,left,left,
3579,279,forecasted_cost_amount,forecasted_cost_amount,Forecasted Cost $,,180,true,,180,100,,,true,true,agNumberColumnFilter,true,false,false,false,false,,"{}",,"{}",,"{}",false,,"{}","{}",,,,,,false,false,false,false,2026-04-14 20:25:59.188,2026-04-14 20:25:59.188,number,,toDollar,,,,,,"{}",,,"{}",false,false,false,false,false,,false,false,false,,,left,left,
3580,279,forecasted_u_st_percentage,forecasted_u_st_percentage,Forecasted U ST%,,185,true,,180,100,,,true,true,agNumberColumnFilter,true,false,false,false,false,,"{}",,"{}",,"{}",false,,"{}","{}",,,,,,false,false,false,false,2026-04-14 20:25:59.188,2026-04-14 20:25:59.188,number,,toPercentageWithDecimal,,,,,,"{}",,,"{}",false,false,false,false,false,,false,false,false,,,left,left,
3581,280,strategy_name,strategy_name,Strategy Name,,5,true,,200,100,,,true,true,agTextColumnFilter,true,false,false,false,false,,"{}",,"{}",,"{}",false,,"{}","{}",,,,,,false,false,false,false,2026-04-14 20:25:59.188,2026-04-14 20:25:59.188,text,,,,,,,,"{}",,,"{}",false,false,false,false,false,,false,false,false,,,left,left,
3582,280,pcd_start_date,pcd_start_date,PCD Start Date,,10,true,,160,100,,,true,true,agDateColumnFilter,true,false,false,false,false,,"{}",,"{}",,"{}",false,,"{}","{}",,,,,,false,false,false,false,2026-04-14 20:25:59.188,2026-04-14 20:25:59.188,date,,,,,,,,"{}",,,"{}",false,false,false,false,false,,false,false,false,,,left,left,
3583,280,pcd_end_date,pcd_end_date,PCD End Date,,15,true,,160,100,,,true,true,agDateColumnFilter,true,false,false,false,false,,"{}",,"{}",,"{}",false,,"{}","{}",,,,,,false,false,false,false,2026-04-14 20:25:59.188,2026-04-14 20:25:59.188,date,,,,,,,,"{}",,,"{}",false,false,false,false,false,,false,false,false,,,left,left,
3584,280,pm_country_id,pm_country_id,Brand ID,,20,true,,120,100,,,true,true,agNumberColumnFilter,true,false,false,false,false,,"{}",,"{}",,"{}",false,,"{}","{}",,,,,,false,false,false,false,2026-04-14 20:25:59.188,2026-04-14 20:25:59.188,number,,,,,,,,"{}",,,"{}",false,false,false,false,false,,false,false,false,,,left,left,
3585,280,pm_country,pm_country,Brand,,25,true,,140,100,,,true,true,agTextColumnFilter,true,false,false,false,false,,"{}",,"{}",,"{}",false,,"{}","{}",,,,,,false,false,false,false,2026-04-14 20:25:59.188,2026-04-14 20:25:59.188,text,,replaceSpecialCharacter,,,,,,"{}",,,"{}",false,false,false,false,false,,false,false,false,,,left,left,
3586,280,division_id,division_id,Division ID,,30,true,,120,100,,,true,true,agNumberColumnFilter,true,false,false,false,false,,"{}",,"{}",,"{}",false,,"{}","{}",,,,,,false,false,false,false,2026-04-14 20:25:59.188,2026-04-14 20:25:59.188,number,,,,,,,,"{}",,,"{}",false,false,false,false,false,,false,false,false,,,left,left,
3587,280,division,division,Division,,35,true,,140,100,,,true,true,agTextColumnFilter,true,false,false,false,false,,"{}",,"{}",,"{}",false,,"{}","{}",,,,,,false,false,false,false,2026-04-14 20:25:59.188,2026-04-14 20:25:59.188,text,,replaceSpecialCharacter,,,,,,"{}",,,"{}",false,false,false,false,false,,false,false,false,,,left,left,
3588,280,department_id,department_id,Department ID,,40,true,,140,100,,,true,true,agNumberColumnFilter,true,false,false,false,false,,"{}",,"{}",,"{}",false,,"{}","{}",,,,,,false,false,false,false,2026-04-14 20:25:59.188,2026-04-14 20:25:59.188,number,,,,,,,,"{}",,,"{}",false,false,false,false,false,,false,false,false,,,left,left,
3589,280,department,department,Department,,45,true,,140,100,,,true,true,agTextColumnFilter,true,false,false,false,false,,"{}",,"{}",,"{}",false,,"{}","{}",,,,,,false,false,false,false,2026-04-14 20:25:59.188,2026-04-14 20:25:59.188,text,,replaceSpecialCharacter,,,,,,"{}",,,"{}",false,false,false,false,false,,false,false,false,,,left,left,
3590,280,sub_dept_id,sub_dept_id,Sub Dept ID,,50,true,,130,100,,,true,true,agNumberColumnFilter,true,false,false,false,false,,"{}",,"{}",,"{}",false,,"{}","{}",,,,,,false,false,false,false,2026-04-14 20:25:59.188,2026-04-14 20:25:59.188,number,,,,,,,,"{}",,,"{}",false,false,false,false,false,,false,false,false,,,left,left,
3591,280,sub_dept,sub_dept,Sub Dept,,55,true,,140,100,,,true,true,agTextColumnFilter,true,false,false,false,false,,"{}",,"{}",,"{}",false,,"{}","{}",,,,,,false,false,false,false,2026-04-14 20:25:59.188,2026-04-14 20:25:59.188,text,,replaceSpecialCharacter,,,,,,"{}",,,"{}",false,false,false,false,false,,false,false,false,,,left,left,
3592,280,class_id,class_id,Class ID,,60,true,,120,100,,,true,true,agNumberColumnFilter,true,false,false,false,false,,"{}",,"{}",,"{}",false,,"{}","{}",,,,,,false,false,false,false,2026-04-14 20:25:59.188,2026-04-14 20:25:59.188,number,,,,,,,,"{}",,,"{}",false,false,false,false,false,,false,false,false,,,left,left,
3593,280,class,class,Class,,65,true,,140,100,,,true,true,agTextColumnFilter,true,false,false,false,false,,"{}",,"{}",,"{}",false,,"{}","{}",,,,,,false,false,false,false,2026-04-14 20:25:59.188,2026-04-14 20:25:59.188,text,,replaceSpecialCharacter,,,,,,"{}",,,"{}",false,false,false,false,false,,false,false,false,,,left,left,
3594,280,subclass_id,subclass_id,Sub Class ID,,70,true,,130,100,,,true,true,agNumberColumnFilter,true,false,false,false,false,,"{}",,"{}",,"{}",false,,"{}","{}",,,,,,false,false,false,false,2026-04-14 20:25:59.188,2026-04-14 20:25:59.188,number,,,,,,,,"{}",,,"{}",false,false,false,false,false,,false,false,false,,,left,left,
3595,280,subclass,subclass,Sub Class,,75,true,,160,100,,,true,true,agTextColumnFilter,true,false,false,false,false,,"{}",,"{}",,"{}",false,,"{}","{}",,,,,,false,false,false,false,2026-04-14 20:25:59.188,2026-04-14 20:25:59.188,text,,replaceSpecialCharacter,,,,,,"{}",,,"{}",false,false,false,false,false,,false,false,false,,,left,left,
3596,280,style_id,style_id,Style ID,,80,true,,120,100,,,true,true,agNumberColumnFilter,true,false,false,false,false,,"{}",,"{}",,"{}",false,,"{}","{}",,,,,,false,false,false,false,2026-04-14 20:25:59.188,2026-04-14 20:25:59.188,number,,,,,,,,"{}",,,"{}",false,false,false,false,false,,false,false,false,,,left,left,
3597,280,style,style,Style,,85,true,,200,100,,,true,true,agTextColumnFilter,true,false,false,false,false,,"{}",,"{}",,"{}",false,,"{}","{}",,,,,,false,false,false,false,2026-04-14 20:25:59.188,2026-04-14 20:25:59.188,text,,replaceSpecialCharacter,,,,,,"{}",,,"{}",false,false,false,false,false,,false,false,false,,,left,left,
3598,280,sm_country_id,sm_country_id,Country ID,,90,true,,120,100,,,true,true,agNumberColumnFilter,true,false,false,false,false,,"{}",,"{}",,"{}",false,,"{}","{}",,,,,,false,false,false,false,2026-04-14 20:25:59.188,2026-04-14 20:25:59.188,number,,,,,,,,"{}",,,"{}",false,false,false,false,false,,false,false,false,,,left,left,
3599,280,sm_country,sm_country,Country,,95,true,,140,100,,,true,true,agTextColumnFilter,true,false,false,false,false,,"{}",,"{}",,"{}",false,,"{}","{}",,,,,,false,false,false,false,2026-04-14 20:25:59.188,2026-04-14 20:25:59.188,text,,replaceSpecialCharacter,,,,,,"{}",,,"{}",false,false,false,false,false,,false,false,false,,,left,left,
3600,280,channel_id,channel_id,Channel ID,,100,true,,120,100,,,true,true,agNumberColumnFilter,true,false,false,false,false,,"{}",,"{}",,"{}",false,,"{}","{}",,,,,,false,false,false,false,2026-04-14 20:25:59.188,2026-04-14 20:25:59.188,number,,,,,,,,"{}",,,"{}",false,false,false,false,false,,false,false,false,,,left,left,
3601,280,channel,channel,Channel,,105,true,,160,100,,,true,true,agTextColumnFilter,true,false,false,false,false,,"{}",,"{}",,"{}",false,,"{}","{}",,,,,,false,false,false,false,2026-04-14 20:25:59.188,2026-04-14 20:25:59.188,text,,replaceSpecialCharacter,,,,,,"{}",,,"{}",false,false,false,false,false,,false,false,false,,,left,left,
3602,280,region_id,region_id,Region ID,,110,true,,120,100,,,true,true,agNumberColumnFilter,true,false,false,false,false,,"{}",,"{}",,"{}",false,,"{}","{}",,,,,,false,false,false,false,2026-04-14 20:25:59.188,2026-04-14 20:25:59.188,number,,,,,,,,"{}",,,"{}",false,false,false,false,false,,false,false,false,,,left,left,
3603,280,region,region,Region,,115,true,,140,100,,,true,true,agTextColumnFilter,true,false,false,false,false,,"{}",,"{}",,"{}",false,,"{}","{}",,,,,,false,false,false,false,2026-04-14 20:25:59.188,2026-04-14 20:25:59.188,text,,replaceSpecialCharacter,,,,,,"{}",,,"{}",false,false,false,false,false,,false,false,false,,,left,left,
3604,280,state_id,state_id,State ID,,120,true,,120,100,,,true,true,agNumberColumnFilter,true,false,false,false,false,,"{}",,"{}",,"{}",false,,"{}","{}",,,,,,false,false,false,false,2026-04-14 20:25:59.188,2026-04-14 20:25:59.188,number,,,,,,,,"{}",,,"{}",false,false,false,false,false,,false,false,false,,,left,left,
3605,280,state,state,State,,125,true,,140,100,,,true,true,agTextColumnFilter,true,false,false,false,false,,"{}",,"{}",,"{}",false,,"{}","{}",,,,,,false,false,false,false,2026-04-14 20:25:59.188,2026-04-14 20:25:59.188,text,,replaceSpecialCharacter,,,,,,"{}",,,"{}",false,false,false,false,false,,false,false,false,,,left,left,
3606,280,district_id,district_id,District ID,,130,true,,120,100,,,true,true,agNumberColumnFilter,true,false,false,false,false,,"{}",,"{}",,"{}",false,,"{}","{}",,,,,,false,false,false,false,2026-04-14 20:25:59.188,2026-04-14 20:25:59.188,number,,,,,,,,"{}",,,"{}",false,false,false,false,false,,false,false,false,,,left,left,
3607,280,district,district,District,,135,true,,140,100,,,true,true,agTextColumnFilter,true,false,false,false,false,,"{}",,"{}",,"{}",false,,"{}","{}",,,,,,false,false,false,false,2026-04-14 20:25:59.188,2026-04-14 20:25:59.188,text,,replaceSpecialCharacter,,,,,,"{}",,,"{}",false,false,false,false,false,,false,false,false,,,left,left,
3608,280,city_id,city_id,City ID,,140,true,,120,100,,,true,true,agNumberColumnFilter,true,false,false,false,false,,"{}",,"{}",,"{}",false,,"{}","{}",,,,,,false,false,false,false,2026-04-14 20:25:59.188,2026-04-14 20:25:59.188,number,,,,,,,,"{}",,,"{}",false,false,false,false,false,,false,false,false,,,left,left,
3609,280,city,city,City,,145,true,,140,100,,,true,true,agTextColumnFilter,true,false,false,false,false,,"{}",,"{}",,"{}",false,,"{}","{}",,,,,,false,false,false,false,2026-04-14 20:25:59.188,2026-04-14 20:25:59.188,text,,replaceSpecialCharacter,,,,,,"{}",,,"{}",false,false,false,false,false,,false,false,false,,,left,left,
3610,280,store_id,store_id,Store ID,,150,true,,120,100,,,true,true,agNumberColumnFilter,true,false,false,false,false,,"{}",,"{}",,"{}",false,,"{}","{}",,,,,,false,false,false,false,2026-04-14 20:25:59.188,2026-04-14 20:25:59.188,number,,,,,,,,"{}",,,"{}",false,false,false,false,false,,false,false,false,,,left,left,
3611,280,store_name,store_name,Store Name,,155,true,,160,100,,,true,true,agTextColumnFilter,true,false,false,false,false,,"{}",,"{}",,"{}",false,,"{}","{}",,,,,,false,false,false,false,2026-04-14 20:25:59.188,2026-04-14 20:25:59.188,text,,replaceSpecialCharacter,,,,,,"{}",,,"{}",false,false,false,false,false,,false,false,false,,,left,left,
3612,280,forecasted_revenue,forecasted_revenue,Forecasted Revenue,,160,true,,180,100,,,true,true,agNumberColumnFilter,true,false,false,false,false,,"{}",,"{}",,"{}",false,,"{}","{}",,,,,,false,false,false,false,2026-04-14 20:25:59.188,2026-04-14 20:25:59.188,number,,toDollar,,,,,,"{}",,,"{}",false,false,false,false,false,,false,false,false,,,left,left,
3613,280,actual_revenue,actual_revenue,Actual Revenue,,165,true,,150,100,,,true,true,agNumberColumnFilter,true,false,false,false,false,,"{}",,"{}",,"{}",false,,"{}","{}",,,,,,false,false,false,false,2026-04-14 20:25:59.188,2026-04-14 20:25:59.188,number,,toDollar,,,,,,"{}",,,"{}",false,false,false,false,false,,false,false,false,,,left,left,
3614,280,forecasted_sales_units,forecasted_sales_units,Forecasted Sales U,,170,true,,180,100,,,true,true,agNumberColumnFilter,true,false,false,false,false,,"{}",,"{}",,"{}",false,,"{}","{}",,,,,,false,false,false,false,2026-04-14 20:25:59.188,2026-04-14 20:25:59.188,number,,toUnit,,,,,,"{}",,,"{}",false,false,false,false,false,,false,false,false,,,left,left,
3615,280,actual_sales_units,actual_sales_units,Actual Sales U,,175,true,,150,100,,,true,true,agNumberColumnFilter,true,false,false,false,false,,"{}",,"{}",,"{}",false,,"{}","{}",,,,,,false,false,false,false,2026-04-14 20:25:59.188,2026-04-14 20:25:59.188,number,,toUnit,,,,,,"{}",,,"{}",false,false,false,false,false,,false,false,false,,,left,left,
3616,280,forecasted_gm_amount,forecasted_gm_amount,Forecasted GM $,,180,true,,180,100,,,true,true,agNumberColumnFilter,true,false,false,false,false,,"{}",,"{}",,"{}",false,,"{}","{}",,,,,,false,false,false,false,2026-04-14 20:25:59.188,2026-04-14 20:25:59.188,number,,toDollar,,,,,,"{}",,,"{}",false,false,false,false,false,,false,false,false,,,left,left,
3617,280,actual_gm_amount,actual_gm_amount,Actual GM $,,185,true,,150,100,,,true,true,agNumberColumnFilter,true,false,false,false,false,,"{}",,"{}",,"{}",false,,"{}","{}",,,,,,false,false,false,false,2026-04-14 20:25:59.188,2026-04-14 20:25:59.188,number,,toDollar,,,,,,"{}",,,"{}",false,false,false,false,false,,false,false,false,,,left,left,
3618,280,forecasted_gm_percentage,forecasted_gm_percentage,Forecasted GM %,,190,true,,180,100,,,true,true,agNumberColumnFilter,true,false,false,false,false,,"{}",,"{}",,"{}",false,,"{}","{}",,,,,,false,false,false,false,2026-04-14 20:25:59.188,2026-04-14 20:25:59.188,number,,toPercentageWithDecimal,,,,,,"{}",,,"{}",false,false,false,false,false,,false,false,false,,,left,left,
3619,280,actual_gm_percentage,actual_gm_percentage,Actual GM %,,195,true,,180,100,,,true,true,agNumberColumnFilter,true,false,false,false,false,,"{}",,"{}",,"{}",false,,"{}","{}",,,,,,false,false,false,false,2026-04-14 20:25:59.188,2026-04-14 20:25:59.188,number,,toPercentageWithDecimal,,,,,,"{}",,,"{}",false,false,false,false,false,,false,false,false,,,left,left,
3620,280,forecasted_cost_amount,forecasted_cost_amount,Forecasted Cost $,,200,true,,180,100,,,true,true,agNumberColumnFilter,true,false,false,false,false,,"{}",,"{}",,"{}",false,,"{}","{}",,,,,,false,false,false,false,2026-04-14 20:25:59.188,2026-04-14 20:25:59.188,number,,toDollar,,,,,,"{}",,,"{}",false,false,false,false,false,,false,false,false,,,left,left,
3621,280,actual_cost_amount,actual_cost_amount,Actual Cost $,,205,true,,150,100,,,true,true,agNumberColumnFilter,true,false,false,false,false,,"{}",,"{}",,"{}",false,,"{}","{}",,,,,,false,false,false,false,2026-04-14 20:25:59.188,2026-04-14 20:25:59.188,number,,toDollar,,,,,,"{}",,,"{}",false,false,false,false,false,,false,false,false,,,left,left,
3622,280,forecasted_u_st_percentage,forecasted_u_st_percentage,Forecasted U ST%,,210,true,,180,100,,,true,true,agNumberColumnFilter,true,false,false,false,false,,"{}",,"{}",,"{}",false,,"{}","{}",,,,,,false,false,false,false,2026-04-14 20:25:59.188,2026-04-14 20:25:59.188,number,,toPercentageWithDecimal,,,,,,"{}",,,"{}",false,false,false,false,false,,false,false,false,,,left,left,
3623,280,actual_u_st_percentage,actual_u_st_percentage,Actual U ST%,,215,true,,150,100,,,true,true,agNumberColumnFilter,true,false,false,false,false,,"{}",,"{}",,"{}",false,,"{}","{}",,,,,,false,false,false,false,2026-04-14 20:25:59.188,2026-04-14 20:25:59.188,number,,toPercentageWithDecimal,,,,,,"{}",,,"{}",false,false,false,false,false,,false,false,false,,,left,left,
3624,280,forecasted_inventory,forecasted_inventory,Forecasted Inventory,,220,true,,180,100,,,true,true,agNumberColumnFilter,true,false,false,false,false,,"{}",,"{}",,"{}",false,,"{}","{}",,,,,,false,false,false,false,2026-04-14 20:25:59.188,2026-04-14 20:25:59.188,number,,toUnit,,,,,,"{}",,,"{}",false,false,false,false,false,,false,false,false,,,left,left,
3625,280,actual_inventory,actual_inventory,Actual Inventory,,225,true,,180,100,,,true,true,agNumberColumnFilter,true,false,false,false,false,,"{}",,"{}",,"{}",false,,"{}","{}",,,,,,false,false,false,false,2026-04-14 20:25:59.188,2026-04-14 20:25:59.188,number,,toUnit,,,,,,"{}",,,"{}",false,false,false,false,false,,false,false,false,,,left,left,
3626,280,strategies_with_ia_recommendation,strategies_with_ia_recommendation,% Strategies with IA Recommendation,,230,true,,200,300,,,true,true,agNumberColumnFilter,true,false,false,false,false,,"{}",,"{}",,"{}",false,,"{}","{}",,,,,,false,false,false,false,2026-04-14 20:25:59.188,2026-04-14 20:25:59.188,number,,toPercentageWithDecimal,,,,,,"{}",,,"{}",false,false,false,false,false,,false,false,false,,,left,left,
3627,97,l0_name,l0_name,Brand,,999,true,,,100,,,true,true,,false,false,false,false,false,,"{}",,"{}",,"{}",false,,"{}","{}",,,,,,false,false,false,false,2026-04-19 16:39:01.582,2026-04-19 16:39:01.582,text,,,,,,,,"{}",,,"{}",false,false,false,false,false,,false,false,false,,,left,left,
3628,97,l1_name,l1_name,Division,,999,true,,,100,,,true,true,,false,false,false,false,false,,"{}",,"{}",,"{}",false,,"{}","{}",,,,,,false,false,false,false,2026-04-19 16:39:47.543,2026-04-19 16:39:47.543,text,,,,,,,,"{}",,,"{}",false,false,false,false,false,,false,false,false,,,left,left,
3629,97,l2_name,l2_name,Department,,999,true,,,100,,,true,true,,false,false,false,false,false,,"{}",,"{}",,"{}",false,,"{}","{}",,,,,,false,false,false,false,2026-04-19 16:40:07.712,2026-04-19 16:40:07.712,text,,,,,,,,"{}",,,"{}",false,false,false,false,false,,false,false,false,,,left,left,
3630,97,l3_name,l3_name,Class,,999,true,,,100,,,true,true,,false,false,false,false,false,,"{}",,"{}",,"{}",false,,"{}","{}",,,,,,false,false,false,false,2026-04-19 16:40:25.520,2026-04-19 16:40:25.520,text,,,,,,,,"{}",,,"{}",false,false,false,false,false,,false,false,false,,,left,left,
3631,97,s0_name,s0_name,Country,,999,true,,,100,,,true,true,,false,false,false,false,false,,"{}",,"{}",,"{}",false,,"{}","{}",,,,,,false,false,false,false,2026-04-19 16:40:46.643,2026-04-19 16:40:46.643,text,,,,,,,,"{}",,,"{}",false,false,false,false,false,,false,false,false,,,left,left,
3632,97,s1_name,s1_name,Channel,,999,true,,,100,,,true,true,,false,false,false,false,false,,"{}",,"{}",,"{}",false,,"{}","{}",,,,,,false,false,false,false,2026-04-19 16:42:30.579,2026-04-19 16:42:30.579,text,,,,,,,,"{}",,,"{}",false,false,false,false,false,,false,false,false,,,left,left,
3633,97,c1_name,c1_name,Customer Segment,,999,true,,,100,,,true,true,,false,false,false,false,false,,"{}",,"{}",,"{}",false,,"{}","{}",,,,,,false,false,false,false,2026-04-19 16:43:05.936,2026-04-19 16:43:05.936,text,,,,,,,,"{}",,,"{}",false,false,false,false,false,,false,false,false,,,left,left,
3634,97,date,date,Date,,999,true,,,100,,,true,true,,false,false,false,false,false,,"{}",,"{}",,"{}",false,,"{}","{}",,,,,,false,false,false,false,2026-04-19 16:43:22.060,2026-04-19 17:01:13.099,date,,,,,,,,"{}",,,"{}",false,false,false,false,false,,false,false,false,,,left,left,
3635,97,actual_st,actual_st,Actual ST %,,999,true,,,100,,,true,true,,false,false,false,false,false,,"{}",,"{}",,"{}",false,,"{}","{}",,,,,,false,false,false,false,2026-04-19 16:44:08.200,2026-04-19 16:44:08.200,number,,,,,,,,"{}",,,"{}",false,false,false,false,false,,false,false,false,,,left,left,
3636,97,actual_inventory,actual_inventory,Actual BOP Mandatory,,999,true,,,100,,,true,true,,false,false,false,false,false,,"{}",,"{}",,"{}",false,,"{}","{}",,,,,,false,false,false,false,2026-04-19 16:45:23.288,2026-04-19 16:45:23.288,number,,,,,,,,"{}",,,"{}",false,false,false,false,false,,false,false,false,,,left,left,
3637,97,actual_revenue,actual_revenue,Actual,,999,true,,,100,,,true,true,,false,false,false,false,false,,"{}",,"{}",,"{}",false,,"{}","{}",,,,,,false,false,false,false,2026-04-19 16:48:50.237,2026-04-19 16:54:10.278,text,,,,,,,,"{}",,,"{}",false,false,false,false,false,,false,false,false,,,left,left,165
3638,97,finalized_revenue,finalized_revenue,Forecasted,,999,true,,,100,,,true,true,,false,false,false,false,false,,"{}",,"{}",,"{}",false,,"{}","{}",,,,,,false,false,false,false,2026-04-19 16:49:43.313,2026-04-19 16:54:10.276,text,,,,,,,,"{}",,,"{}",false,false,false,false,false,,false,false,false,,,left,left,165
3639,97,var_finalized_revenue,var_finalized_revenue,Var FC,,999,true,,,100,,,true,true,,false,false,false,false,false,,"{}",,"{}",,"{}",false,,"{}","{}",,,,,,false,false,false,false,2026-04-19 16:50:18.617,2026-04-19 16:54:10.281,number,,,,,,,,"{}",,,"{}",false,false,false,false,false,,false,false,false,,,left,left,165
3640,97,ly_revenue,ly_revenue,Last Year,,999,true,,,100,,,true,true,,false,false,false,false,false,,"{}",,"{}",,"{}",false,,"{}","{}",,,,,,false,false,false,false,2026-04-19 16:50:50.868,2026-04-19 16:54:10.281,number,,,,,,,,"{}",,,"{}",false,false,false,false,false,,false,false,false,,,left,left,165
3641,97,var_ly_revenue,var_ly_revenue,Var LY,,999,true,,,100,,,true,true,,false,false,false,false,false,,"{}",,"{}",,"{}",false,,"{}","{}",,,,,,false,false,false,false,2026-04-19 16:51:09.043,2026-04-19 16:54:10.280,number,,,,,,,,"{}",,,"{}",false,false,false,false,false,,false,false,false,,,left,left,165
3643,97,actual_planned_revenue,actual_planned_revenue,Plan,,999,true,,,100,,,true,true,,false,false,false,false,false,,"{}",,"{}",,"{}",false,,"{}","{}",,,,,,false,false,false,false,2026-04-19 16:52:49.625,2026-04-19 16:54:11.473,number,,,,,,,,"{}",,,"{}",false,false,false,false,false,,false,false,false,,,left,left,165
3644,97,var_actual_planned_revenue,var_actual_planned_revenue,Var Plan,,999,true,,,100,,,true,true,,false,false,false,false,false,,"{}",,"{}",,"{}",false,,"{}","{}",,,,,,false,false,false,false,2026-04-19 16:53:10.644,2026-04-19 16:54:33.850,number,,,,,,,,"{}",,,"{}",false,false,false,false,false,,false,false,false,,,left,left,165
3645,97,actual_units,actual_units,Actual,,999,true,,,100,,,true,true,,false,false,false,false,false,,"{}",,"{}",,"{}",false,,"{}","{}",,,,,,false,false,false,false,2026-04-19 16:55:58.808,2026-04-19 16:58:48.598,text,,,,,,,,"{}",,,"{}",false,false,false,false,false,,false,false,false,,,left,left,166
3646,97,finalized_units,finalized_units,Forecasted,,999,true,,,100,,,true,true,,false,false,false,false,false,,"{}",,"{}",,"{}",false,,"{}","{}",,,,,,false,false,false,false,2026-04-19 16:56:35.062,2026-04-19 16:58:48.607,number,,,,,,,,"{}",,,"{}",false,false,false,false,false,,false,false,false,,,left,left,166
3647,97,var_finalized_units,var_finalized_units,Var FC,,999,true,,,100,,,true,true,,false,false,false,false,false,,"{}",,"{}",,"{}",false,,"{}","{}",,,,,,false,false,false,false,2026-04-19 16:56:52.498,2026-04-19 16:58:48.609,number,,,,,,,,"{}",,,"{}",false,false,false,false,false,,false,false,false,,,left,left,166
3648,97,ly_units,ly_units,Last Year,,999,true,,,100,,,true,true,,false,false,false,false,false,,"{}",,"{}",,"{}",false,,"{}","{}",,,,,,false,false,false,false,2026-04-19 16:57:19.930,2026-04-19 16:58:48.607,number,,,,,,,,"{}",,,"{}",false,false,false,false,false,,false,false,false,,,left,left,166
3649,97,var_ly_units,var_ly_units,Var LY,,999,true,,,100,,,true,true,,false,false,false,false,false,,"{}",,"{}",,"{}",false,,"{}","{}",,,,,,false,false,false,false,2026-04-19 16:57:38.996,2026-04-19 16:58:48.601,number,,,,,,,,"{}",,,"{}",false,false,false,false,false,,false,false,false,,,left,left,166
3650,97,actual_planned_units,actual_planned_units,Plan,,999,true,,,100,,,true,true,,false,false,false,false,false,,"{}",,"{}",,"{}",false,,"{}","{}",,,,,,false,false,false,false,2026-04-19 16:57:59.082,2026-04-19 16:58:49.628,number,,,,,,,,"{}",,,"{}",false,false,false,false,false,,false,false,false,,,left,left,166
3651,97,var_actual_planned_units,var_actual_planned_units,Var LY,,999,true,,,100,,,true,true,,false,false,false,false,false,,"{}",,"{}",,"{}",false,,"{}","{}",,,,,,false,false,false,false,2026-04-19 16:58:24.544,2026-04-19 16:59:11.954,number,,,,,,,,"{}",,,"{}",false,false,false,false,false,,false,false,false,,,left,left,166
