"fuc_code","fuc_name","screen_code","is_default","created_at","updated_at","created_by","updated_by","attribute_value","is_broadcast","is_default_to_users","description","is_deleted"
22,Product_Group_Demo,180,false,2025-04-24 19:42:06.562 +0530,2025-10-27 11:53:41.426 +0530,251,251,"{""saved_filter_preference"":[{""values"": [""CANADA O O OUTLET""], ""operator"": ""in"", ""dimension"": ""product"", ""startYear"": null, ""disablePast"": null, ""disableType"": null, ""filter_type"": ""cascaded"", ""display_type"": ""dropdown"", ""disableFuture"": null, ""attribute_name"": ""l0_name"", ""disablePastWeeks"": null, ""disableFutureWeeks"": null}, {""values"": [""MENS""], ""operator"": ""in"", ""dimension"": ""product"", ""startYear"": null, ""disablePast"": null, ""disableType"": null, ""filter_type"": ""cascaded"", ""display_type"": ""dropdown"", ""disableFuture"": null, ""attribute_name"": ""l2_name"", ""disablePastWeeks"": null, ""disableFutureWeeks"": null}]}",false,"{}",This is default filter for Product Group Demo,true
24,User_Created_Demo,64,true,2025-04-24 20:39:11.218 +0530,2025-06-10 10:25:32.465 +0530,251,251,"{""saved_filter_preference"":[{""values"": [""CANADA O O OUTLET""], ""operator"": ""in"", ""dimension"": ""product"", ""startYear"": null, ""disablePast"": null, ""disableType"": null, ""filter_type"": ""cascaded"", ""display_type"": ""dropdown"", ""disableFuture"": null, ""attribute_name"": ""l0_name"", ""disablePastWeeks"": null, ""disableFutureWeeks"": null}, {""values"": [""BOYS"", ""GIRLS"", ""MENS"", ""WOMENS""], ""operator"": ""in"", ""dimension"": ""product"", ""startYear"": null, ""disablePast"": null, ""disableType"": null, ""filter_type"": ""cascaded"", ""display_type"": ""dropdown"", ""disableFuture"": null, ""attribute_name"": ""l1_name"", ""disablePastWeeks"": null, ""disableFutureWeeks"": null}]}",false,"{}","",false
32,Store_Status_Demo,183,true,2025-04-29 15:07:10.363 +0530,2025-04-29 15:07:10.363 +0530,251,251,"{""saved_filter_preference"":[{""values"": [""CANADA O O OUTLET""], ""operator"": ""in"", ""dimension"": ""store"", ""startYear"": null, ""disablePast"": null, ""disableType"": null, ""filter_type"": ""cascaded"", ""display_type"": ""dropdown"", ""disableFuture"": null, ""attribute_name"": ""planning_group_name"", ""disablePastWeeks"": null, ""disableFutureWeeks"": null}]}",false,"{}",Demo filter for Store Status,false
33,Store_Map_Demo,184,true,2025-04-29 15:09:37.223 +0530,2025-04-29 15:09:37.223 +0530,251,251,"{""saved_filter_preference"":[{""values"": [""CANADA O O OUTLET""], ""operator"": ""in"", ""dimension"": ""store"", ""startYear"": null, ""disablePast"": null, ""disableType"": null, ""filter_type"": ""cascaded"", ""display_type"": ""dropdown"", ""disableFuture"": null, ""attribute_name"": ""planning_group_name"", ""disablePastWeeks"": null, ""disableFutureWeeks"": null}]}",false,"{}",Demo filter for Store Mapping,false
34,DC_Status_Demo,185,true,2025-04-29 15:11:15.772 +0530,2025-04-29 15:11:15.772 +0530,251,251,"{""saved_filter_preference"":[{""values"": [""CA""], ""operator"": ""in"", ""dimension"": ""store"", ""startYear"": null, ""disablePast"": null, ""disableType"": null, ""filter_type"": ""cascaded"", ""display_type"": ""dropdown"", ""disableFuture"": null, ""attribute_name"": ""country_id"", ""disablePastWeeks"": null, ""disableFutureWeeks"": null}, {""values"": [""CSC Etobicoke - Toronto""], ""operator"": ""in"", ""dimension"": ""store"", ""startYear"": null, ""disablePast"": null, ""disableType"": null, ""filter_type"": ""cascaded"", ""display_type"": ""dropdown"", ""disableFuture"": null, ""attribute_name"": ""dc_name"", ""disablePastWeeks"": null, ""disableFutureWeeks"": null}]}",false,"{}",Demo filter for DC Status,false
35,DC_Store_Policy_CA,3,true,2025-04-29 15:12:14.833 +0530,2025-10-23 15:09:06.158 +0530,251,251,"{""saved_filter_preference"":[{""values"": [""CANADA O O ECOM""], ""operator"": ""in"", ""dimension"": ""product"", ""startYear"": null, ""disablePast"": null, ""disableType"": null, ""filter_type"": ""cascaded"", ""display_type"": ""dropdown"", ""disableFuture"": null, ""attribute_name"": ""l0_name"", ""disablePastWeeks"": null, ""disableFutureWeeks"": null, ""check_configuration"": [{""checkedRows"": [""CANADA O O ECOM""]}]}, {""values"": [""BOYS"", ""GIRLS"", ""MENS"", ""WOMENS""], ""operator"": ""in"", ""dimension"": ""product"", ""startYear"": null, ""disablePast"": null, ""disableType"": null, ""filter_type"": ""cascaded"", ""display_type"": ""dropdown"", ""disableFuture"": null, ""attribute_name"": ""l1_name"", ""disablePastWeeks"": null, ""disableFutureWeeks"": null, ""check_configuration"": [{""meta"": {}, ""checkAll"": true}]}]}",false,"{}","",true
37,Lost_Sales_Demo,321,true,2025-05-05 14:48:40.957 +0530,2025-08-01 15:50:23.805 +0530,251,251,"{""saved_filter_preference"":[{""values"": [""US O O ECOM""], ""operator"": ""in"", ""dimension"": ""product"", ""startYear"": null, ""disablePast"": null, ""disableType"": null, ""filter_type"": ""cascaded"", ""display_type"": ""dropdown"", ""disableFuture"": null, ""attribute_name"": ""l0_name"", ""disablePastWeeks"": null, ""disableFutureWeeks"": null}, {""values"": [""US""], ""operator"": ""in"", ""dimension"": ""store"", ""startYear"": null, ""disablePast"": null, ""disableType"": null, ""filter_type"": ""cascaded"", ""display_type"": ""dropdown"", ""disableFuture"": null, ""attribute_name"": ""country_id"", ""disablePastWeeks"": null, ""disableFutureWeeks"": null}, {""values"": [""2025-05-01"", ""2025-06-15""], ""operator"": ""in"", ""dimension"": ""custom"", ""startYear"": null, ""disablePast"": null, ""disableType"": ""disableOnlyFuture"", ""filter_type"": ""non-cascaded"", ""display_type"": ""rangePicker"", ""disableFuture"": null, ""attribute_name"": ""range-picker"", ""disablePastWeeks"": null, ""disableFutureWeeks"": null}]}",false,"{}","",true
38,Excess_Inventory_Demo,323,false,2025-05-05 14:55:55.566 +0530,2025-08-08 13:49:44.203 +0530,251,251,"{""saved_filter_preference"":[{""values"": {""fiscalInfoEndDate"": {""fiscal_year_week"": 202535, ""fiscal_year_month"": 202508, ""fiscal_year_quarter"": 202503, ""fiscal_week_end_date"": 1754265600000, ""fiscal_week_begin_date"": 1753660800000, ""calendar_week_start_date"": 1753660800000}, ""fiscalInfoStartDate"": {""fiscal_year_week"": 202526, ""fiscal_year_month"": 202506, ""fiscal_year_quarter"": 202502, ""fiscal_week_end_date"": 1748822400000, ""fiscal_week_begin_date"": 1748217600000, ""calendar_week_start_date"": 1748217600000}}, ""operator"": ""in"", ""dimension"": ""custom"", ""startYear"": null, ""disablePast"": null, ""disableType"": null, ""filter_type"": ""non-cascaded"", ""display_type"": ""fiscalCalendar"", ""disableFuture"": null, ""attribute_name"": ""fiscal_date_range"", ""disablePastWeeks"": null, ""disableFutureWeeks"": true}, {""values"": [""CANADA O O OUTLET""], ""operator"": ""in"", ""dimension"": ""product"", ""startYear"": null, ""disablePast"": null, ""disableType"": null, ""filter_type"": ""cascaded"", ""display_type"": ""dropdown"", ""disableFuture"": null, ""attribute_name"": ""l0_name"", ""disablePastWeeks"": null, ""disableFutureWeeks"": null}, {""values"": [""BOYS"", ""GIRLS"", ""MEN"", ""MENS"", ""WOMEN"", ""WOMENS""], ""operator"": ""in"", ""dimension"": ""product"", ""startYear"": null, ""disablePast"": null, ""disableType"": null, ""filter_type"": ""cascaded"", ""display_type"": ""dropdown"", ""disableFuture"": null, ""attribute_name"": ""l1_name"", ""disablePastWeeks"": null, ""disableFutureWeeks"": null}]}",false,"{}","",false
40,InStock_Demo,1076,true,2025-05-05 15:02:24.660 +0530,2025-05-19 14:00:58.618 +0530,251,251,"{""saved_filter_preference"":[{""values"": {""fiscalInfoEndDate"": {""fiscal_year_week"": 202517, ""fiscal_year_month"": 202504, ""fiscal_year_quarter"": 202502, ""fiscal_week_end_date"": 1743292800000, ""fiscal_week_begin_date"": 1742774400000, ""calendar_week_start_date"": 1742774400000}, ""fiscalInfoStartDate"": {""fiscal_year_week"": 202513, ""fiscal_year_month"": 202503, ""fiscal_year_quarter"": 202501, ""fiscal_week_end_date"": 1740873600000, ""fiscal_week_begin_date"": 1740355200000, ""calendar_week_start_date"": 1740355200000}}, ""operator"": ""in"", ""dimension"": ""custom"", ""startYear"": null, ""disablePast"": null, ""disableType"": null, ""filter_type"": ""non-cascaded"", ""display_type"": ""fiscalCalendar"", ""disableFuture"": null, ""attribute_name"": ""fiscal_date_range"", ""disablePastWeeks"": null, ""disableFutureWeeks"": true}, {""values"": [""CANADA O O OUTLET""], ""operator"": ""in"", ""dimension"": ""product"", ""startYear"": null, ""disablePast"": null, ""disableType"": null, ""filter_type"": ""cascaded"", ""display_type"": ""dropdown"", ""disableFuture"": null, ""attribute_name"": ""l0_name"", ""disablePastWeeks"": null, ""disableFutureWeeks"": null}, {""values"": [""CANADA O O OUTLET""], ""operator"": ""in"", ""dimension"": ""store"", ""startYear"": null, ""disablePast"": null, ""disableType"": null, ""filter_type"": ""cascaded"", ""display_type"": ""dropdown"", ""disableFuture"": null, ""attribute_name"": ""channel"", ""disablePastWeeks"": null, ""disableFutureWeeks"": null}]}",false,"{}","",false
41,Constraints_Demo,316,true,2025-05-05 16:10:02.541 +0530,2025-10-17 14:18:12.534 +0530,251,251,"{""saved_filter_preference"":[{""values"": [""CANADA O O OUTLET""], ""operator"": ""in"", ""dimension"": ""product"", ""startYear"": null, ""disablePast"": null, ""disableType"": null, ""filter_type"": ""cascaded"", ""display_type"": ""dropdown"", ""disableFuture"": null, ""attribute_name"": ""l0_name"", ""disablePastWeeks"": null, ""disableFutureWeeks"": null, ""check_configuration"": null}, {""values"": [""BOYS""], ""operator"": ""in"", ""dimension"": ""product"", ""startYear"": null, ""disablePast"": null, ""disableType"": null, ""filter_type"": ""cascaded"", ""display_type"": ""dropdown"", ""disableFuture"": null, ""attribute_name"": ""l1_name"", ""disablePastWeeks"": null, ""disableFutureWeeks"": null, ""check_configuration"": [{""checkedRows"": [""BOYS""]}]}]}",false,"{}","",false
42,SE_Demo,3,true,2025-05-05 17:39:35.443 +0530,2025-08-01 15:49:58.023 +0530,251,251,"{""saved_filter_preference"":[{""values"": {""fiscalInfoEndDate"": {""fiscal_year_week"": 202534, ""fiscal_year_month"": 202508, ""fiscal_year_quarter"": 202503, ""fiscal_week_end_date"": 1753660800000, ""fiscal_week_begin_date"": 1753056000000, ""calendar_week_start_date"": 1753056000000}, ""fiscalInfoStartDate"": {""fiscal_year_week"": 202522, ""fiscal_year_month"": 202505, ""fiscal_year_quarter"": 202502, ""fiscal_week_end_date"": 1746403200000, ""fiscal_week_begin_date"": 1745798400000, ""calendar_week_start_date"": 1745798400000}}, ""operator"": ""in"", ""dimension"": ""custom"", ""startYear"": null, ""disablePast"": null, ""disableType"": null, ""filter_type"": ""non-cascaded"", ""display_type"": ""fiscalCalendar"", ""disableFuture"": null, ""attribute_name"": ""fiscal_date_range"", ""disablePastWeeks"": null, ""disableFutureWeeks"": true}, {""values"": [""CANADA O O OUTLET""], ""operator"": ""in"", ""dimension"": ""product"", ""startYear"": null, ""disablePast"": null, ""disableType"": null, ""filter_type"": ""cascaded"", ""display_type"": ""dropdown"", ""disableFuture"": null, ""attribute_name"": ""l0_name"", ""disablePastWeeks"": null, ""disableFutureWeeks"": null}, {""values"": [""CA""], ""operator"": ""in"", ""dimension"": ""store"", ""startYear"": null, ""disablePast"": null, ""disableType"": null, ""filter_type"": ""cascaded"", ""display_type"": ""dropdown"", ""disableFuture"": null, ""attribute_name"": ""country_id"", ""disablePastWeeks"": null, ""disableFutureWeeks"": null}]}",false,"{}",test,true
59,Product_Status_Demo,181,false,2025-05-13 13:15:57.308 +0530,2025-09-03 14:13:47.589 +0530,251,251,"{""saved_filter_preference"":[{""values"": [""CANADA O O OUTLET""], ""operator"": ""in"", ""dimension"": ""product"", ""startYear"": null, ""disablePast"": null, ""disableType"": null, ""filter_type"": ""cascaded"", ""display_type"": ""dropdown"", ""disableFuture"": null, ""attribute_name"": ""l0_name"", ""disablePastWeeks"": null, ""disableFutureWeeks"": null}, {""values"": [""MENS""], ""operator"": ""in"", ""dimension"": ""product"", ""startYear"": null, ""disablePast"": null, ""disableType"": null, ""filter_type"": ""cascaded"", ""display_type"": ""dropdown"", ""disableFuture"": null, ""attribute_name"": ""l2_name"", ""disablePastWeeks"": null, ""disableFutureWeeks"": null}]}",false,"{}","",true
67,CM,182,true,2025-05-21 14:18:42.876 +0530,2025-05-28 16:44:47.599 +0530,251,251,"{""saved_filter_preference"":[{""values"": [""CANADA O O ECOM""], ""operator"": ""in"", ""dimension"": ""product"", ""startYear"": null, ""disablePast"": null, ""disableType"": null, ""filter_type"": ""cascaded"", ""display_type"": ""dropdown"", ""disableFuture"": null, ""attribute_name"": ""l0_name"", ""disablePastWeeks"": null, ""disableFutureWeeks"": null}, {""values"": [""BOYS"", ""GIRLS"", ""MENS"", ""WOMENS""], ""operator"": ""in"", ""dimension"": ""product"", ""startYear"": null, ""disablePast"": null, ""disableType"": null, ""filter_type"": ""cascaded"", ""display_type"": ""dropdown"", ""disableFuture"": null, ""attribute_name"": ""l1_name"", ""disablePastWeeks"": null, ""disableFutureWeeks"": null}]}",false,"{}","",false
68,COE,73,false,2025-05-21 14:19:17.813 +0530,2025-05-21 14:19:17.813 +0530,251,251,"{""saved_filter_preference"":[{""values"": [""CANADA O O ECOM""], ""operator"": ""in"", ""dimension"": ""store"", ""startYear"": null, ""disablePast"": null, ""disableType"": null, ""filter_type"": ""cascaded"", ""display_type"": ""dropdown"", ""disableFuture"": null, ""attribute_name"": ""planning_group_name"", ""disablePastWeeks"": null, ""disableFutureWeeks"": null}]}",false,"{}","",false
70,New Filter for CNA screem,55,false,2025-05-26 12:29:38.070 +0530,2025-09-03 12:21:52.119 +0530,251,251,"{""saved_filter_preference"":[{""values"": [""CANADA O O MAINLINE""], ""operator"": ""in"", ""dimension"": ""product"", ""startYear"": null, ""disablePast"": null, ""disableType"": null, ""filter_type"": ""cascaded"", ""display_type"": ""dropdown"", ""disableFuture"": null, ""attribute_name"": ""l0_name"", ""disablePastWeeks"": null, ""disableFutureWeeks"": null}, {""values"": [""BOYS"", ""GIRLS"", ""MENS"", ""WOMENS""], ""operator"": ""in"", ""dimension"": ""product"", ""startYear"": null, ""disablePast"": null, ""disableType"": null, ""filter_type"": ""cascaded"", ""display_type"": ""dropdown"", ""disableFuture"": null, ""attribute_name"": ""l1_name"", ""disablePastWeeks"": null, ""disableFutureWeeks"": null}]}",false,"{}","",true
71,New Filters - DD,51,true,2025-05-26 12:31:20.097 +0530,2025-08-22 13:27:52.090 +0530,251,251,"{""saved_filter_preference"":[{""values"": [""CANADA O O MAINLINE""], ""operator"": ""in"", ""dimension"": ""product"", ""startYear"": null, ""disablePast"": null, ""disableType"": null, ""filter_type"": ""cascaded"", ""display_type"": ""dropdown"", ""disableFuture"": null, ""attribute_name"": ""l0_name"", ""disablePastWeeks"": null, ""disableFutureWeeks"": null}, {""values"": [""BOYS"", ""GIRLS"", ""MENS"", ""WOMENS""], ""operator"": ""in"", ""dimension"": ""product"", ""startYear"": null, ""disablePast"": null, ""disableType"": null, ""filter_type"": ""cascaded"", ""display_type"": ""dropdown"", ""disableFuture"": null, ""attribute_name"": ""l1_name"", ""disablePastWeeks"": null, ""disableFutureWeeks"": null}]}",false,"{}","",true
73,CANADAOutlet,161,false,2025-05-30 13:34:00.484 +0530,2025-09-26 11:50:57.155 +0530,251,251,"{""saved_filter_preference"":[{""values"": [""US O O ECOM""], ""operator"": ""in"", ""dimension"": ""product"", ""startYear"": null, ""disablePast"": null, ""disableType"": null, ""filter_type"": ""cascaded"", ""display_type"": ""dropdown"", ""disableFuture"": null, ""attribute_name"": ""l0_name"", ""disablePastWeeks"": null, ""disableFutureWeeks"": null, ""check_configuration"": [{""meta"": {}, ""unCheckAll"": true}, {""checkedRows"": [""US LEVIS O O MAINLINE"", ""US O O ECOM""]}]}, {""values"": ""2025-08-28"", ""operator"": ""in"", ""dimension"": ""custom"", ""startYear"": null, ""disablePast"": null, ""disableType"": null, ""filter_type"": ""non-cascaded"", ""display_type"": ""DateTimeField"", ""disableFuture"": true, ""attribute_name"": ""created_at"", ""disablePastWeeks"": null, ""disableFutureWeeks"": null, ""check_configuration"": []}]}",false,"{}","",true
77,demo-2,3,false,2025-06-13 10:53:06.869 +0530,2025-10-08 11:12:43.592 +0530,251,251,"{""saved_filter_preference"":[{""values"": [""CANADA O O OUTLET""], ""operator"": ""in"", ""dimension"": ""product"", ""startYear"": null, ""disablePast"": null, ""disableType"": null, ""filter_type"": ""cascaded"", ""display_type"": ""dropdown"", ""disableFuture"": null, ""attribute_name"": ""l0_name"", ""disablePastWeeks"": null, ""disableFutureWeeks"": null, ""check_configuration"": null}, {""values"": [""BOYS"", ""GIRLS"", ""MENS"", ""WOMENS""], ""operator"": ""in"", ""dimension"": ""product"", ""startYear"": null, ""disablePast"": null, ""disableType"": null, ""filter_type"": ""cascaded"", ""display_type"": ""dropdown"", ""disableFuture"": null, ""attribute_name"": ""l1_name"", ""disablePastWeeks"": null, ""disableFutureWeeks"": null, ""check_configuration"": null}, {""values"": [""ALTERNATIVE LENGTHS"", ""BAGS"", ""BELTS"", ""BODYWEAR BOTTOMS"", ""DRESSES"", ""GIFT SETS"", ""GLOVES"", ""HEADGEAR"", ""JEANS"", ""KHAKIS"", ""OTHER PANTS"", ""OUTERWEAR"", ""POLOS"", ""SANDALS"", ""SCARVES OR NECKWEAR"", ""SHOES"", ""SHORTS"", ""SKIRTS"", ""SNEAKERS"", ""SOCKS"", ""SWEATERS"", ""SWEATSHIRTS"", ""TAILOR SHOP"", ""TEES"", ""TRINKETS"", ""TRUCKERS"", ""UNDERWEAR"", ""WALLETS"", ""WOVEN TOPS""], ""operator"": ""in"", ""dimension"": ""product"", ""startYear"": null, ""disablePast"": null, ""disableType"": null, ""filter_type"": ""cascaded"", ""display_type"": ""dropdown"", ""disableFuture"": null, ""attribute_name"": ""l4_name"", ""disablePastWeeks"": null, ""disableFutureWeeks"": null, ""check_configuration"": [{""meta"": {}, ""checkAll"": true}]}, {""values"": [""BACKPACK"", ""BAGGY"", ""BANDANAS"", ""BEANIES"", ""BIFOLD"", ""BLAZERS"", ""BOOTCUT OR FLARE"", ""BOTTOMS"", ""CAPRIS"", ""CAPS"", ""CARD CASE"", ""CARGO OR UTILITY"", ""CASUAL"", ""CASUAL KHAKI"", ""COATS"", ""COLLECTIBLES"", ""CREW SWEATSHIRTS"", ""CROPS"", ""CROSSBODY"", ""DRESSES"", ""FULL ZIP SWEATSHIRTS"", ""GIFT SETS"", ""GLOVES"", ""GRAPHIC SWEATSHIRT"", ""GRAPHIC TEES"", ""HANDBAG"", ""HATS"", ""HOODED SWEATSHIRTS"", ""JACKETS"", ""JOGGER"", ""KIDS SUITS OR KIDS SETS"", ""KNIT"", ""LEGGINGS"", ""LINED TRUCKERS"", ""LONG LENGTH SHORTS"", ""LOOSE OR BAGGY"", ""MID LENGTH SHORTS"", ""NON GRAPHIC SWEATSHIRT"", ""NON GRAPHIC TEES"", ""NORMAL BUCKLE"", ""NORMAL PLAQUE"", ""OTHER KNIT TOPS"", ""OVERALLS"", ""POLOS"", ""PUFFERS"", ""REFINED KHAKI"", ""REGULAR OR STRAIGHT"", ""RELAXED OR BOYFRIEND"", ""REVERSIBLE"", ""ROMPERS"", ""SHERPA LINED TRUCKERS"", ""SHORT LENGTH SHORTS"", ""SKINNY"", ""SKIRTS"", ""SLIM"", ""SOCKS"", ""SPORT"", ""SUPER SKINNY"", ""SWEATERS"", ""TAPER"", ""TOPS"", ""TOTE"", ""TRINKETS"", ""UNLINED TRUCKERS"", ""VESTS"", ""WEBBING"", ""WIDE LEG"", ""WOVEN"", ""WOVEN BLOUSES"", ""WOVEN SHIRTS"", ""WRAPS""], ""operator"": ""in"", ""dimension"": ""product"", ""startYear"": null, ""disablePast"": null, ""disableType"": null, ""filter_type"": ""cascaded"", ""display_type"": ""dropdown"", ""disableFuture"": null, ""attribute_name"": ""l5_name"", ""disablePastWeeks"": null, ""disableFutureWeeks"": null, ""check_configuration"": [{""meta"": {}, ""checkAll"": true}]}]}",false,"{}","",true
78,VPA_Demo,63,false,2025-06-17 22:03:44.156 +0530,2025-06-17 22:03:44.156 +0530,251,251,"{""saved_filter_preference"":[{""values"": [""2025-06-01"", ""2025-06-17""], ""operator"": ""in"", ""dimension"": ""custom"", ""startYear"": null, ""disablePast"": null, ""disableType"": ""disableOnlyFuture"", ""filter_type"": ""non-cascaded"", ""display_type"": ""rangePicker"", ""disableFuture"": null, ""attribute_name"": ""range-picker"", ""disablePastWeeks"": null, ""disableFutureWeeks"": null}, {""values"": [""CANADA O O ECOM""], ""operator"": ""in"", ""dimension"": ""product"", ""startYear"": null, ""disablePast"": null, ""disableType"": null, ""filter_type"": ""cascaded"", ""display_type"": ""dropdown"", ""disableFuture"": null, ""attribute_name"": ""l0_name"", ""disablePastWeeks"": null, ""disableFutureWeeks"": null}]}",false,"{}","",false
79,saved,52,true,2025-06-24 16:19:30.154 +0530,2025-11-25 15:31:46.476 +0530,251,251,"{""saved_filter_preference"":[{""values"": [""CANADA O O ECOM""], ""operator"": ""in"", ""dimension"": ""product"", ""startYear"": null, ""disablePast"": null, ""disableType"": null, ""filter_type"": ""cascaded"", ""display_type"": ""dropdown"", ""disableFuture"": null, ""attribute_name"": ""l0_name"", ""disablePastWeeks"": null, ""disableFutureWeeks"": null, ""check_configuration"": null}, {""values"": [""19632-0000""], ""operator"": ""in"", ""dimension"": ""product"", ""startYear"": null, ""disablePast"": null, ""disableType"": null, ""filter_type"": ""cascaded"", ""display_type"": ""dropdown"", ""disableFuture"": null, ""attribute_name"": ""display_article"", ""disablePastWeeks"": null, ""disableFutureWeeks"": null, ""check_configuration"": null}, {""values"": [202546, 202601], ""operator"": ""in"", ""dimension"": ""custom"", ""startYear"": null, ""disablePast"": null, ""disableType"": ""disableOnlyPast"", ""filter_type"": ""non-cascaded"", ""display_type"": ""rangePicker"", ""disableFuture"": null, ""attribute_name"": ""range-picker"", ""disablePastWeeks"": null, ""disableFutureWeeks"": null, ""check_configuration"": null}, {""values"": [{""id"": ""W"", ""label"": ""Week"", ""value"": ""W""}], ""operator"": ""in"", ""dimension"": ""custom"", ""startYear"": null, ""disablePast"": null, ""disableType"": null, ""filter_type"": ""non-cascaded"", ""display_type"": ""select"", ""disableFuture"": null, ""attribute_name"": ""agg_level_select"", ""disablePastWeeks"": null, ""disableFutureWeeks"": null, ""check_configuration"": null}, {""values"": [[{""id"": ""2025"", ""index"": ""1"", ""label"": ""LY"", ""value"": 1}], false], ""operator"": ""in"", ""dimension"": ""custom"", ""startYear"": null, ""disablePast"": null, ""disableType"": null, ""filter_type"": ""non-cascaded"", ""display_type"": ""select"", ""disableFuture"": null, ""attribute_name"": ""compare_with_select"", ""disablePastWeeks"": null, ""disableFutureWeeks"": null, ""check_configuration"": null}, {""values"": [202546, 202601], ""operator"": ""in"", ""dimension"": ""custom"", ""startYear"": null, ""disablePast"": null, ""disableType"": null, ""filter_type"": ""non-cascaded"", ""display_type"": ""dropDown"", ""disableFuture"": null, ""attribute_name"": ""fiscal_year_week"", ""disablePastWeeks"": null, ""disableFutureWeeks"": null, ""check_configuration"": null}]}",false,"{}","",true
80,Default,62,true,2025-07-08 11:37:39.728 +0530,2026-01-28 10:37:25.957 +0530,251,251,"{""saved_filter_preference"":[{""values"": [""CANADA O O MAINLINE""], ""operator"": ""in"", ""dimension"": ""product"", ""startYear"": null, ""disablePast"": null, ""disableType"": null, ""filter_type"": ""cascaded"", ""display_type"": ""dropdown"", ""disableFuture"": null, ""attribute_name"": ""l0_name"", ""disablePastWeeks"": null, ""disableFutureWeeks"": null, ""check_configuration"": [{""checkedRows"": [""CANADA O O MAINLINE""]}]}, {""values"": [""ALTERNATIVE LENGTHS""], ""operator"": ""in"", ""dimension"": ""product"", ""startYear"": null, ""disablePast"": null, ""disableType"": null, ""filter_type"": ""cascaded"", ""display_type"": ""dropdown"", ""disableFuture"": null, ""attribute_name"": ""l4_name"", ""disablePastWeeks"": null, ""disableFutureWeeks"": null, ""check_configuration"": [{""checkedRows"": [""ALTERNATIVE LENGTHS""]}]}]}",false,"{}","",true
81,Carters_zYeq,316,true,2025-07-15 13:23:04.187 +0530,2025-07-15 13:23:19.541 +0530,251,251,"{""saved_filter_preference"":[{""values"": [""CANADA O O ECOM""], ""operator"": ""in"", ""dimension"": ""product"", ""startYear"": null, ""disablePast"": null, ""disableType"": null, ""filter_type"": ""cascaded"", ""display_type"": ""dropdown"", ""disableFuture"": null, ""attribute_name"": ""l0_name"", ""disablePastWeeks"": null, ""disableFutureWeeks"": null}, {""values"": [""WOMENS""], ""operator"": ""in"", ""dimension"": ""product"", ""startYear"": null, ""disablePast"": null, ""disableType"": null, ""filter_type"": ""cascaded"", ""display_type"": ""dropdown"", ""disableFuture"": null, ""attribute_name"": ""l1_name"", ""disablePastWeeks"": null, ""disableFutureWeeks"": null}]}",false,"{}","",true
82,Carters_vi6Z,316,true,2025-07-15 14:41:49.721 +0530,2025-07-15 14:42:05.105 +0530,251,251,"{""saved_filter_preference"":[{""values"": [""CANADA O O ECOM""], ""operator"": ""in"", ""dimension"": ""product"", ""startYear"": null, ""disablePast"": null, ""disableType"": null, ""filter_type"": ""cascaded"", ""display_type"": ""dropdown"", ""disableFuture"": null, ""attribute_name"": ""l0_name"", ""disablePastWeeks"": null, ""disableFutureWeeks"": null}, {""values"": [""WOMENS""], ""operator"": ""in"", ""dimension"": ""product"", ""startYear"": null, ""disablePast"": null, ""disableType"": null, ""filter_type"": ""cascaded"", ""display_type"": ""dropdown"", ""disableFuture"": null, ""attribute_name"": ""l1_name"", ""disablePastWeeks"": null, ""disableFutureWeeks"": null}]}",false,"{}","",true
83,Carters_UmRN,316,true,2025-07-15 14:44:58.699 +0530,2025-07-15 14:45:14.581 +0530,251,251,"{""saved_filter_preference"":[{""values"": [""CANADA O O ECOM""], ""operator"": ""in"", ""dimension"": ""product"", ""startYear"": null, ""disablePast"": null, ""disableType"": null, ""filter_type"": ""cascaded"", ""display_type"": ""dropdown"", ""disableFuture"": null, ""attribute_name"": ""l0_name"", ""disablePastWeeks"": null, ""disableFutureWeeks"": null}, {""values"": [""WOMENS""], ""operator"": ""in"", ""dimension"": ""product"", ""startYear"": null, ""disablePast"": null, ""disableType"": null, ""filter_type"": ""cascaded"", ""display_type"": ""dropdown"", ""disableFuture"": null, ""attribute_name"": ""l1_name"", ""disablePastWeeks"": null, ""disableFutureWeeks"": null}]}",false,"{}","",true
84,Carters_U3hl,316,true,2025-07-15 14:53:03.789 +0530,2025-07-15 14:53:26.852 +0530,251,251,"{""saved_filter_preference"":[{""values"": [""CANADA O O ECOM""], ""operator"": ""in"", ""dimension"": ""product"", ""startYear"": null, ""disablePast"": null, ""disableType"": null, ""filter_type"": ""cascaded"", ""display_type"": ""dropdown"", ""disableFuture"": null, ""attribute_name"": ""l0_name"", ""disablePastWeeks"": null, ""disableFutureWeeks"": null}, {""values"": [""WOMENS""], ""operator"": ""in"", ""dimension"": ""product"", ""startYear"": null, ""disablePast"": null, ""disableType"": null, ""filter_type"": ""cascaded"", ""display_type"": ""dropdown"", ""disableFuture"": null, ""attribute_name"": ""l1_name"", ""disablePastWeeks"": null, ""disableFutureWeeks"": null}]}",false,"{}","",true
85,dev-test1,56,true,2025-07-17 12:32:58.495 +0530,2025-07-17 12:32:58.495 +0530,251,251,"{""saved_filter_preference"":[{""values"": [""CANADA O O ECOM""], ""operator"": ""in"", ""dimension"": ""product"", ""startYear"": null, ""disablePast"": null, ""disableType"": null, ""filter_type"": ""cascaded"", ""display_type"": ""dropdown"", ""disableFuture"": null, ""attribute_name"": ""l0_name"", ""disablePastWeeks"": null, ""disableFutureWeeks"": null}, {""values"": [""MENS""], ""operator"": ""in"", ""dimension"": ""product"", ""startYear"": null, ""disablePast"": null, ""disableType"": null, ""filter_type"": ""cascaded"", ""display_type"": ""dropdown"", ""disableFuture"": null, ""attribute_name"": ""l1_name"", ""disablePastWeeks"": null, ""disableFutureWeeks"": null}]}",false,"{}","",false
86,Carters_cfHX,62,true,2025-07-17 20:56:40.276 +0530,2025-07-17 20:56:52.199 +0530,251,251,"{""saved_filter_preference"":[{""values"": [""CANADA O O ECOM""], ""operator"": ""in"", ""dimension"": ""product"", ""startYear"": null, ""disablePast"": null, ""disableType"": null, ""filter_type"": ""cascaded"", ""display_type"": ""dropdown"", ""disableFuture"": null, ""attribute_name"": ""l0_name"", ""disablePastWeeks"": null, ""disableFutureWeeks"": null}]}",false,"{}","",true
87,Carters_xm8M,62,true,2025-07-17 21:21:36.142 +0530,2025-07-17 21:21:47.597 +0530,251,251,"{""saved_filter_preference"":[{""values"": [""CANADA O O ECOM""], ""operator"": ""in"", ""dimension"": ""product"", ""startYear"": null, ""disablePast"": null, ""disableType"": null, ""filter_type"": ""cascaded"", ""display_type"": ""dropdown"", ""disableFuture"": null, ""attribute_name"": ""l0_name"", ""disablePastWeeks"": null, ""disableFutureWeeks"": null}]}",false,"{}","",true
88,Carters_gGW0,62,true,2025-07-17 21:28:42.383 +0530,2025-07-17 21:28:59.968 +0530,251,251,"{""saved_filter_preference"":[{""values"": [""CANADA O O ECOM""], ""operator"": ""in"", ""dimension"": ""product"", ""startYear"": null, ""disablePast"": null, ""disableType"": null, ""filter_type"": ""cascaded"", ""display_type"": ""dropdown"", ""disableFuture"": null, ""attribute_name"": ""l0_name"", ""disablePastWeeks"": null, ""disableFutureWeeks"": null}]}",false,"{}","",true
89,Carters_ffnT,63,true,2025-07-20 11:04:54.451 +0530,2025-07-20 11:05:05.852 +0530,251,251,"{""saved_filter_preference"":[{""values"": [""2025-07-01"", ""2025-07-15""], ""operator"": ""in"", ""dimension"": ""custom"", ""startYear"": null, ""disablePast"": null, ""disableType"": ""disableOnlyFuture"", ""filter_type"": ""non-cascaded"", ""display_type"": ""rangePicker"", ""disableFuture"": null, ""attribute_name"": ""range-picker"", ""disablePastWeeks"": null, ""disableFutureWeeks"": null}, {""values"": [""CANADA O O OUTLET""], ""operator"": ""in"", ""dimension"": ""product"", ""startYear"": null, ""disablePast"": null, ""disableType"": null, ""filter_type"": ""cascaded"", ""display_type"": ""dropdown"", ""disableFuture"": null, ""attribute_name"": ""l0_name"", ""disablePastWeeks"": null, ""disableFutureWeeks"": null}]}",false,"{}","",true
90,Carters_CPPu,63,true,2025-07-20 11:25:36.801 +0530,2025-07-20 11:25:48.249 +0530,251,251,"{""saved_filter_preference"":[{""values"": [""2025-07-01"", ""2025-07-15""], ""operator"": ""in"", ""dimension"": ""custom"", ""startYear"": null, ""disablePast"": null, ""disableType"": ""disableOnlyFuture"", ""filter_type"": ""non-cascaded"", ""display_type"": ""rangePicker"", ""disableFuture"": null, ""attribute_name"": ""range-picker"", ""disablePastWeeks"": null, ""disableFutureWeeks"": null}, {""values"": [""CANADA O O OUTLET""], ""operator"": ""in"", ""dimension"": ""product"", ""startYear"": null, ""disablePast"": null, ""disableType"": null, ""filter_type"": ""cascaded"", ""display_type"": ""dropdown"", ""disableFuture"": null, ""attribute_name"": ""l0_name"", ""disablePastWeeks"": null, ""disableFutureWeeks"": null}]}",false,"{}","",true
91,Carters_4RfH,63,true,2025-07-20 11:39:18.564 +0530,2025-07-20 11:39:40.376 +0530,251,251,"{""saved_filter_preference"":[{""values"": [""2025-07-01"", ""2025-07-15""], ""operator"": ""in"", ""dimension"": ""custom"", ""startYear"": null, ""disablePast"": null, ""disableType"": ""disableOnlyFuture"", ""filter_type"": ""non-cascaded"", ""display_type"": ""rangePicker"", ""disableFuture"": null, ""attribute_name"": ""range-picker"", ""disablePastWeeks"": null, ""disableFutureWeeks"": null}, {""values"": [""CANADA O O OUTLET""], ""operator"": ""in"", ""dimension"": ""product"", ""startYear"": null, ""disablePast"": null, ""disableType"": null, ""filter_type"": ""cascaded"", ""display_type"": ""dropdown"", ""disableFuture"": null, ""attribute_name"": ""l0_name"", ""disablePastWeeks"": null, ""disableFutureWeeks"": null}]}",false,"{}","",true
92,Carters_stuJ,181,true,2025-07-21 17:21:56.029 +0530,2025-07-21 17:22:07.724 +0530,251,251,"{""saved_filter_preference"":[{""values"": [""CANADA O O ECOM""], ""operator"": ""in"", ""dimension"": ""product"", ""startYear"": null, ""disablePast"": null, ""disableType"": null, ""filter_type"": ""cascaded"", ""display_type"": ""dropdown"", ""disableFuture"": null, ""attribute_name"": ""l0_name"", ""disablePastWeeks"": null, ""disableFutureWeeks"": null}, {""values"": [""WOMENS""], ""operator"": ""in"", ""dimension"": ""product"", ""startYear"": null, ""disablePast"": null, ""disableType"": null, ""filter_type"": ""cascaded"", ""display_type"": ""dropdown"", ""disableFuture"": null, ""attribute_name"": ""l1_name"", ""disablePastWeeks"": null, ""disableFutureWeeks"": null}]}",false,"{}","",true
93,Carters_ujmp,181,true,2025-07-21 18:54:06.191 +0530,2025-07-21 18:54:17.607 +0530,251,251,"{""saved_filter_preference"":[{""values"": [""CANADA O O ECOM""], ""operator"": ""in"", ""dimension"": ""product"", ""startYear"": null, ""disablePast"": null, ""disableType"": null, ""filter_type"": ""cascaded"", ""display_type"": ""dropdown"", ""disableFuture"": null, ""attribute_name"": ""l0_name"", ""disablePastWeeks"": null, ""disableFutureWeeks"": null}, {""values"": [""WOMENS""], ""operator"": ""in"", ""dimension"": ""product"", ""startYear"": null, ""disablePast"": null, ""disableType"": null, ""filter_type"": ""cascaded"", ""display_type"": ""dropdown"", ""disableFuture"": null, ""attribute_name"": ""l1_name"", ""disablePastWeeks"": null, ""disableFutureWeeks"": null}]}",false,"{}","",true
94,Carters_Erpc,181,true,2025-07-21 19:19:52.198 +0530,2025-07-21 19:20:03.612 +0530,251,251,"{""saved_filter_preference"":[{""values"": [""CANADA O O ECOM""], ""operator"": ""in"", ""dimension"": ""product"", ""startYear"": null, ""disablePast"": null, ""disableType"": null, ""filter_type"": ""cascaded"", ""display_type"": ""dropdown"", ""disableFuture"": null, ""attribute_name"": ""l0_name"", ""disablePastWeeks"": null, ""disableFutureWeeks"": null}, {""values"": [""WOMENS""], ""operator"": ""in"", ""dimension"": ""product"", ""startYear"": null, ""disablePast"": null, ""disableType"": null, ""filter_type"": ""cascaded"", ""display_type"": ""dropdown"", ""disableFuture"": null, ""attribute_name"": ""l1_name"", ""disablePastWeeks"": null, ""disableFutureWeeks"": null}]}",false,"{}","",true
95,Carters_vnQm,181,true,2025-07-22 11:07:21.306 +0530,2025-07-22 11:07:32.648 +0530,251,251,"{""saved_filter_preference"":[{""values"": [""CANADA O O ECOM""], ""operator"": ""in"", ""dimension"": ""product"", ""startYear"": null, ""disablePast"": null, ""disableType"": null, ""filter_type"": ""cascaded"", ""display_type"": ""dropdown"", ""disableFuture"": null, ""attribute_name"": ""l0_name"", ""disablePastWeeks"": null, ""disableFutureWeeks"": null}, {""values"": [""WOMENS""], ""operator"": ""in"", ""dimension"": ""product"", ""startYear"": null, ""disablePast"": null, ""disableType"": null, ""filter_type"": ""cascaded"", ""display_type"": ""dropdown"", ""disableFuture"": null, ""attribute_name"": ""l1_name"", ""disablePastWeeks"": null, ""disableFutureWeeks"": null}]}",false,"{}","",true
96,Carters_BBCj,181,true,2025-07-22 11:34:37.367 +0530,2025-07-22 11:34:55.436 +0530,251,251,"{""saved_filter_preference"":[{""values"": [""CANADA O O ECOM""], ""operator"": ""in"", ""dimension"": ""product"", ""startYear"": null, ""disablePast"": null, ""disableType"": null, ""filter_type"": ""cascaded"", ""display_type"": ""dropdown"", ""disableFuture"": null, ""attribute_name"": ""l0_name"", ""disablePastWeeks"": null, ""disableFutureWeeks"": null}, {""values"": [""WOMENS""], ""operator"": ""in"", ""dimension"": ""product"", ""startYear"": null, ""disablePast"": null, ""disableType"": null, ""filter_type"": ""cascaded"", ""display_type"": ""dropdown"", ""disableFuture"": null, ""attribute_name"": ""l1_name"", ""disablePastWeeks"": null, ""disableFutureWeeks"": null}]}",false,"{}","",true
97,Carters_17XD,73,true,2025-07-24 23:10:09.338 +0530,2025-07-24 23:10:20.737 +0530,251,251,"{""saved_filter_preference"":[{""values"": [""CANADA O O ECOM""], ""operator"": ""in"", ""dimension"": ""product"", ""startYear"": null, ""disablePast"": null, ""disableType"": null, ""filter_type"": ""cascaded"", ""display_type"": ""dropdown"", ""disableFuture"": null, ""attribute_name"": ""l0_name"", ""disablePastWeeks"": null, ""disableFutureWeeks"": null}, {""values"": [""WOMENS""], ""operator"": ""in"", ""dimension"": ""product"", ""startYear"": null, ""disablePast"": null, ""disableType"": null, ""filter_type"": ""cascaded"", ""display_type"": ""dropdown"", ""disableFuture"": null, ""attribute_name"": ""l1_name"", ""disablePastWeeks"": null, ""disableFutureWeeks"": null}]}",false,"{}","",true
98,Carters_Y5a6,73,true,2025-07-25 09:50:37.259 +0530,2025-07-25 09:50:48.602 +0530,251,251,"{""saved_filter_preference"":[{""values"": [""CANADA O O ECOM""], ""operator"": ""in"", ""dimension"": ""product"", ""startYear"": null, ""disablePast"": null, ""disableType"": null, ""filter_type"": ""cascaded"", ""display_type"": ""dropdown"", ""disableFuture"": null, ""attribute_name"": ""l0_name"", ""disablePastWeeks"": null, ""disableFutureWeeks"": null}, {""values"": [""WOMENS""], ""operator"": ""in"", ""dimension"": ""product"", ""startYear"": null, ""disablePast"": null, ""disableType"": null, ""filter_type"": ""cascaded"", ""display_type"": ""dropdown"", ""disableFuture"": null, ""attribute_name"": ""l1_name"", ""disablePastWeeks"": null, ""disableFutureWeeks"": null}]}",false,"{}","",true
99,Carters_oi5w,73,true,2025-07-25 10:18:55.742 +0530,2025-07-25 10:19:12.325 +0530,251,251,"{""saved_filter_preference"":[{""values"": [""CANADA O O ECOM""], ""operator"": ""in"", ""dimension"": ""product"", ""startYear"": null, ""disablePast"": null, ""disableType"": null, ""filter_type"": ""cascaded"", ""display_type"": ""dropdown"", ""disableFuture"": null, ""attribute_name"": ""l0_name"", ""disablePastWeeks"": null, ""disableFutureWeeks"": null}, {""values"": [""WOMENS""], ""operator"": ""in"", ""dimension"": ""product"", ""startYear"": null, ""disablePast"": null, ""disableType"": null, ""filter_type"": ""cascaded"", ""display_type"": ""dropdown"", ""disableFuture"": null, ""attribute_name"": ""l1_name"", ""disablePastWeeks"": null, ""disableFutureWeeks"": null}]}",false,"{}","",true
100,Carters_D1pm,325,true,2025-07-25 15:01:28.964 +0530,2025-07-25 15:01:40.390 +0530,251,251,"{""saved_filter_preference"":[{""values"": [""CANADA O O ECOM""], ""operator"": ""in"", ""dimension"": ""product"", ""startYear"": null, ""disablePast"": null, ""disableType"": null, ""filter_type"": ""cascaded"", ""display_type"": ""dropdown"", ""disableFuture"": null, ""attribute_name"": ""l0_name"", ""disablePastWeeks"": null, ""disableFutureWeeks"": null}, {""values"": [""WOMENS""], ""operator"": ""in"", ""dimension"": ""product"", ""startYear"": null, ""disablePast"": null, ""disableType"": null, ""filter_type"": ""cascaded"", ""display_type"": ""dropdown"", ""disableFuture"": null, ""attribute_name"": ""l1_name"", ""disablePastWeeks"": null, ""disableFutureWeeks"": null}]}",false,"{}","",true
101,Carters_MfCS,325,true,2025-07-25 15:39:34.853 +0530,2025-07-25 15:39:46.524 +0530,251,251,"{""saved_filter_preference"":[{""values"": [""CANADA O O ECOM""], ""operator"": ""in"", ""dimension"": ""product"", ""startYear"": null, ""disablePast"": null, ""disableType"": null, ""filter_type"": ""cascaded"", ""display_type"": ""dropdown"", ""disableFuture"": null, ""attribute_name"": ""l0_name"", ""disablePastWeeks"": null, ""disableFutureWeeks"": null}, {""values"": [""WOMENS""], ""operator"": ""in"", ""dimension"": ""product"", ""startYear"": null, ""disablePast"": null, ""disableType"": null, ""filter_type"": ""cascaded"", ""display_type"": ""dropdown"", ""disableFuture"": null, ""attribute_name"": ""l1_name"", ""disablePastWeeks"": null, ""disableFutureWeeks"": null}]}",false,"{}","",true
102,Carters_iMQB,325,true,2025-07-25 16:32:31.759 +0530,2025-07-25 16:32:53.293 +0530,251,251,"{""saved_filter_preference"":[{""values"": [""CANADA O O ECOM""], ""operator"": ""in"", ""dimension"": ""product"", ""startYear"": null, ""disablePast"": null, ""disableType"": null, ""filter_type"": ""cascaded"", ""display_type"": ""dropdown"", ""disableFuture"": null, ""attribute_name"": ""l0_name"", ""disablePastWeeks"": null, ""disableFutureWeeks"": null}, {""values"": [""WOMENS""], ""operator"": ""in"", ""dimension"": ""product"", ""startYear"": null, ""disablePast"": null, ""disableType"": null, ""filter_type"": ""cascaded"", ""display_type"": ""dropdown"", ""disableFuture"": null, ""attribute_name"": ""l1_name"", ""disablePastWeeks"": null, ""disableFutureWeeks"": null}]}",false,"{}","",true
103,Carters_pl05,49,true,2025-07-25 19:39:58.120 +0530,2025-07-25 19:40:09.467 +0530,251,251,"{""saved_filter_preference"":[{""values"": [""CANADA O O ECOM""], ""operator"": ""in"", ""dimension"": ""product"", ""startYear"": null, ""disablePast"": null, ""disableType"": null, ""filter_type"": ""cascaded"", ""display_type"": ""dropdown"", ""disableFuture"": null, ""attribute_name"": ""l0_name"", ""disablePastWeeks"": null, ""disableFutureWeeks"": null}, {""values"": [""WOMENS""], ""operator"": ""in"", ""dimension"": ""product"", ""startYear"": null, ""disablePast"": null, ""disableType"": null, ""filter_type"": ""cascaded"", ""display_type"": ""dropdown"", ""disableFuture"": null, ""attribute_name"": ""l1_name"", ""disablePastWeeks"": null, ""disableFutureWeeks"": null}]}",false,"{}","",true
104,Carters_4pAn,49,true,2025-07-28 21:53:18.432 +0530,2025-07-28 21:53:29.842 +0530,251,251,"{""saved_filter_preference"":[{""values"": [""CANADA O O ECOM""], ""operator"": ""in"", ""dimension"": ""product"", ""startYear"": null, ""disablePast"": null, ""disableType"": null, ""filter_type"": ""cascaded"", ""display_type"": ""dropdown"", ""disableFuture"": null, ""attribute_name"": ""l0_name"", ""disablePastWeeks"": null, ""disableFutureWeeks"": null}, {""values"": [""WOMENS""], ""operator"": ""in"", ""dimension"": ""product"", ""startYear"": null, ""disablePast"": null, ""disableType"": null, ""filter_type"": ""cascaded"", ""display_type"": ""dropdown"", ""disableFuture"": null, ""attribute_name"": ""l1_name"", ""disablePastWeeks"": null, ""disableFutureWeeks"": null}]}",false,"{}","",true
105,Carters_uML2,49,true,2025-07-29 11:35:57.565 +0530,2025-07-29 11:36:13.051 +0530,251,251,"{""saved_filter_preference"":[{""values"": [""CANADA O O ECOM""], ""operator"": ""in"", ""dimension"": ""product"", ""startYear"": null, ""disablePast"": null, ""disableType"": null, ""filter_type"": ""cascaded"", ""display_type"": ""dropdown"", ""disableFuture"": null, ""attribute_name"": ""l0_name"", ""disablePastWeeks"": null, ""disableFutureWeeks"": null}, {""values"": [""WOMENS""], ""operator"": ""in"", ""dimension"": ""product"", ""startYear"": null, ""disablePast"": null, ""disableType"": null, ""filter_type"": ""cascaded"", ""display_type"": ""dropdown"", ""disableFuture"": null, ""attribute_name"": ""l1_name"", ""disablePastWeeks"": null, ""disableFutureWeeks"": null}]}",false,"{}","",true
106,qa-test,182,true,2025-07-30 11:52:02.351 +0530,2025-07-30 11:52:02.351 +0530,22237,22237,"{""saved_filter_preference"":[{""values"": [""CANADA O O ECOM""], ""operator"": ""in"", ""dimension"": ""product"", ""startYear"": null, ""disablePast"": null, ""disableType"": null, ""filter_type"": ""cascaded"", ""display_type"": ""dropdown"", ""disableFuture"": null, ""attribute_name"": ""l0_name"", ""disablePastWeeks"": null, ""disableFutureWeeks"": null}, {""values"": [""BOYS"", ""GIRLS"", ""MENS"", ""WOMENS""], ""operator"": ""in"", ""dimension"": ""product"", ""startYear"": null, ""disablePast"": null, ""disableType"": null, ""filter_type"": ""cascaded"", ""display_type"": ""dropdown"", ""disableFuture"": null, ""attribute_name"": ""l1_name"", ""disablePastWeeks"": null, ""disableFutureWeeks"": null}]}",false,"{}","",false
107,Carters_hrcp,180,true,2025-08-04 18:01:54.643 +0530,2025-08-04 18:02:06.131 +0530,251,251,"{""saved_filter_preference"":[{""values"": [""CANADA O O ECOM""], ""operator"": ""in"", ""dimension"": ""product"", ""startYear"": null, ""disablePast"": null, ""disableType"": null, ""filter_type"": ""cascaded"", ""display_type"": ""dropdown"", ""disableFuture"": null, ""attribute_name"": ""l0_name"", ""disablePastWeeks"": null, ""disableFutureWeeks"": null}, {""values"": [""WOMENS""], ""operator"": ""in"", ""dimension"": ""product"", ""startYear"": null, ""disablePast"": null, ""disableType"": null, ""filter_type"": ""cascaded"", ""display_type"": ""dropdown"", ""disableFuture"": null, ""attribute_name"": ""l1_name"", ""disablePastWeeks"": null, ""disableFutureWeeks"": null}]}",false,"{}","",true
108,Carters_FAN4,180,true,2025-08-04 18:36:09.296 +0530,2025-08-04 18:36:20.786 +0530,251,251,"{""saved_filter_preference"":[{""values"": [""CANADA O O ECOM""], ""operator"": ""in"", ""dimension"": ""product"", ""startYear"": null, ""disablePast"": null, ""disableType"": null, ""filter_type"": ""cascaded"", ""display_type"": ""dropdown"", ""disableFuture"": null, ""attribute_name"": ""l0_name"", ""disablePastWeeks"": null, ""disableFutureWeeks"": null}, {""values"": [""WOMENS""], ""operator"": ""in"", ""dimension"": ""product"", ""startYear"": null, ""disablePast"": null, ""disableType"": null, ""filter_type"": ""cascaded"", ""display_type"": ""dropdown"", ""disableFuture"": null, ""attribute_name"": ""l1_name"", ""disablePastWeeks"": null, ""disableFutureWeeks"": null}]}",false,"{}","",true
109,Carters_SntH,180,true,2025-08-05 14:55:03.938 +0530,2025-08-05 14:55:23.398 +0530,251,251,"{""saved_filter_preference"":[{""values"": [""CANADA O O ECOM""], ""operator"": ""in"", ""dimension"": ""product"", ""startYear"": null, ""disablePast"": null, ""disableType"": null, ""filter_type"": ""cascaded"", ""display_type"": ""dropdown"", ""disableFuture"": null, ""attribute_name"": ""l0_name"", ""disablePastWeeks"": null, ""disableFutureWeeks"": null}, {""values"": [""WOMENS""], ""operator"": ""in"", ""dimension"": ""product"", ""startYear"": null, ""disablePast"": null, ""disableType"": null, ""filter_type"": ""cascaded"", ""display_type"": ""dropdown"", ""disableFuture"": null, ""attribute_name"": ""l1_name"", ""disablePastWeeks"": null, ""disableFutureWeeks"": null}]}",false,"{}","",true
110,dev-test1,321,false,2025-08-08 11:36:22.276 +0530,2025-08-08 12:28:35.643 +0530,251,251,"{""saved_filter_preference"":[{""values"": {""fiscalInfoEndDate"": {""fiscal_year_week"": 202530, ""fiscal_year_month"": 202507, ""fiscal_year_quarter"": 202503, ""fiscal_week_end_date"": 1751241600000, ""fiscal_week_begin_date"": 1750636800000, ""calendar_week_start_date"": 1750636800000}, ""fiscalInfoStartDate"": {""fiscal_year_week"": 202526, ""fiscal_year_month"": 202506, ""fiscal_year_quarter"": 202502, ""fiscal_week_end_date"": 1748822400000, ""fiscal_week_begin_date"": 1748217600000, ""calendar_week_start_date"": 1748217600000}}, ""operator"": ""in"", ""dimension"": ""custom"", ""startYear"": null, ""disablePast"": null, ""disableType"": null, ""filter_type"": ""non-cascaded"", ""display_type"": ""fiscalCalendar"", ""disableFuture"": null, ""attribute_name"": ""fiscal_date_range"", ""disablePastWeeks"": null, ""disableFutureWeeks"": true}, {""values"": [""US O O ECOM""], ""operator"": ""in"", ""dimension"": ""product"", ""startYear"": null, ""disablePast"": null, ""disableType"": null, ""filter_type"": ""cascaded"", ""display_type"": ""dropdown"", ""disableFuture"": null, ""attribute_name"": ""l0_name"", ""disablePastWeeks"": null, ""disableFutureWeeks"": null}, {""values"": [""BOYS"", ""GIRLS"", ""MEN"", ""MENS"", ""WOMEN"", ""WOMENS""], ""operator"": ""in"", ""dimension"": ""product"", ""startYear"": null, ""disablePast"": null, ""disableType"": null, ""filter_type"": ""cascaded"", ""display_type"": ""dropdown"", ""disableFuture"": null, ""attribute_name"": ""l1_name"", ""disablePastWeeks"": null, ""disableFutureWeeks"": null}, {""values"": [""CA""], ""operator"": ""in"", ""dimension"": ""store"", ""startYear"": null, ""disablePast"": null, ""disableType"": null, ""filter_type"": ""cascaded"", ""display_type"": ""dropdown"", ""disableFuture"": null, ""attribute_name"": ""country_id"", ""disablePastWeeks"": null, ""disableFutureWeeks"": null}]}",false,"{}","",false
111,dev-testuat,321,false,2025-08-08 12:30:48.598 +0530,2025-08-08 12:30:48.598 +0530,251,251,"{""saved_filter_preference"":[{""values"": {""fiscalInfoEndDate"": {""fiscal_year_week"": 202530, ""fiscal_year_month"": 202507, ""fiscal_year_quarter"": 202503, ""fiscal_week_end_date"": 1751241600000, ""fiscal_week_begin_date"": 1750636800000, ""calendar_week_start_date"": 1750636800000}, ""fiscalInfoStartDate"": {""fiscal_year_week"": 202526, ""fiscal_year_month"": 202506, ""fiscal_year_quarter"": 202502, ""fiscal_week_end_date"": 1748822400000, ""fiscal_week_begin_date"": 1748217600000, ""calendar_week_start_date"": 1748217600000}}, ""operator"": ""in"", ""dimension"": ""custom"", ""startYear"": null, ""disablePast"": null, ""disableType"": null, ""filter_type"": ""non-cascaded"", ""display_type"": ""fiscalCalendar"", ""disableFuture"": null, ""attribute_name"": ""fiscal_date_range"", ""disablePastWeeks"": null, ""disableFutureWeeks"": true}, {""values"": [""CANADA O O MAINLINE""], ""operator"": ""in"", ""dimension"": ""product"", ""startYear"": null, ""disablePast"": null, ""disableType"": null, ""filter_type"": ""cascaded"", ""display_type"": ""dropdown"", ""disableFuture"": null, ""attribute_name"": ""l0_name"", ""disablePastWeeks"": null, ""disableFutureWeeks"": null}, {""values"": [""MEN""], ""operator"": ""in"", ""dimension"": ""product"", ""startYear"": null, ""disablePast"": null, ""disableType"": null, ""filter_type"": ""cascaded"", ""display_type"": ""dropdown"", ""disableFuture"": null, ""attribute_name"": ""l1_name"", ""disablePastWeeks"": null, ""disableFutureWeeks"": null}, {""values"": [""CA""], ""operator"": ""in"", ""dimension"": ""store"", ""startYear"": null, ""disablePast"": null, ""disableType"": null, ""filter_type"": ""cascaded"", ""display_type"": ""dropdown"", ""disableFuture"": null, ""attribute_name"": ""country_id"", ""disablePastWeeks"": null, ""disableFutureWeeks"": null}]}",false,"{}","",false
112,dev-test39,323,true,2025-08-08 15:57:26.639 +0530,2025-08-14 11:20:13.983 +0530,251,251,"{""saved_filter_preference"":[{""values"": {""fiscalInfoEndDate"": {""fiscal_year_week"": 202535, ""fiscal_year_month"": 202508, ""actualSelectedDate"": ""08-03-2025"", ""fiscal_year_quarter"": 202503, ""fiscal_week_end_date"": 1754179200000, ""fiscal_week_begin_date"": 1753660800000, ""calendar_week_start_date"": 1753660800000}, ""fiscalInfoStartDate"": {""fiscal_year_week"": 202438, ""fiscal_year_month"": 202409, ""actualSelectedDate"": ""08-12-2024"", ""fiscal_year_quarter"": 202403, ""fiscal_week_end_date"": 1723939200000, ""fiscal_week_begin_date"": 1723420800000, ""calendar_week_start_date"": 1723420800000}}, ""operator"": ""in"", ""dimension"": ""custom"", ""startYear"": null, ""disablePast"": null, ""disableType"": null, ""filter_type"": ""non-cascaded"", ""display_type"": ""fiscalCalendar"", ""disableFuture"": null, ""attribute_name"": ""fiscal_date_range"", ""disablePastWeeks"": null, ""disableFutureWeeks"": true, ""check_configuration"": []}, {""values"": [""CANADA O O MAINLINE""], ""operator"": ""in"", ""dimension"": ""product"", ""startYear"": null, ""disablePast"": null, ""disableType"": null, ""filter_type"": ""cascaded"", ""display_type"": ""dropdown"", ""disableFuture"": null, ""attribute_name"": ""l0_name"", ""disablePastWeeks"": null, ""disableFutureWeeks"": null, ""check_configuration"": null}, {""values"": [""BOYS"", ""GIRLS"", ""MEN"", ""MENS"", ""WOMEN"", ""WOMENS""], ""operator"": ""in"", ""dimension"": ""product"", ""startYear"": null, ""disablePast"": null, ""disableType"": null, ""filter_type"": ""cascaded"", ""display_type"": ""dropdown"", ""disableFuture"": null, ""attribute_name"": ""l1_name"", ""disablePastWeeks"": null, ""disableFutureWeeks"": null, ""check_configuration"": [{""meta"": {}, ""unCheckAll"": true}, {""meta"": {}, ""checkAll"": true}]}]}",false,"{}","",false
113,dev-test3,321,true,2025-08-08 16:12:30.703 +0530,2025-08-08 18:30:59.409 +0530,251,251,"{""saved_filter_preference"":[{""values"": {""fiscalInfoEndDate"": {""fiscal_year_week"": 202530, ""fiscal_year_month"": 202507, ""fiscal_year_quarter"": 202503, ""fiscal_week_end_date"": 1751241600000, ""fiscal_week_begin_date"": 1750636800000, ""calendar_week_start_date"": 1750636800000}, ""fiscalInfoStartDate"": {""fiscal_year_week"": 202526, ""fiscal_year_month"": 202506, ""fiscal_year_quarter"": 202502, ""fiscal_week_end_date"": 1748822400000, ""fiscal_week_begin_date"": 1748217600000, ""calendar_week_start_date"": 1748217600000}}, ""operator"": ""in"", ""dimension"": ""custom"", ""startYear"": null, ""disablePast"": null, ""disableType"": null, ""filter_type"": ""non-cascaded"", ""display_type"": ""fiscalCalendar"", ""disableFuture"": null, ""attribute_name"": ""fiscal_date_range"", ""disablePastWeeks"": null, ""disableFutureWeeks"": true}, {""values"": [""CANADA O O MAINLINE""], ""operator"": ""in"", ""dimension"": ""product"", ""startYear"": null, ""disablePast"": null, ""disableType"": null, ""filter_type"": ""cascaded"", ""display_type"": ""dropdown"", ""disableFuture"": null, ""attribute_name"": ""l0_name"", ""disablePastWeeks"": null, ""disableFutureWeeks"": null}, {""values"": [""CA""], ""operator"": ""in"", ""dimension"": ""store"", ""startYear"": null, ""disablePast"": null, ""disableType"": null, ""filter_type"": ""cascaded"", ""display_type"": ""dropdown"", ""disableFuture"": null, ""attribute_name"": ""country_id"", ""disablePastWeeks"": null, ""disableFutureWeeks"": null}]}",false,"{}","",true
114,dev-test11,321,false,2025-08-08 18:31:48.650 +0530,2025-08-08 18:31:48.650 +0530,251,251,"{""saved_filter_preference"":[{""values"": {""fiscalInfoEndDate"": {""fiscal_year_week"": 202530, ""fiscal_year_month"": 202507, ""fiscal_year_quarter"": 202503, ""fiscal_week_end_date"": 1751241600000, ""fiscal_week_begin_date"": 1750636800000, ""calendar_week_start_date"": 1750636800000}, ""fiscalInfoStartDate"": {""fiscal_year_week"": 202526, ""fiscal_year_month"": 202506, ""fiscal_year_quarter"": 202502, ""fiscal_week_end_date"": 1748822400000, ""fiscal_week_begin_date"": 1748217600000, ""calendar_week_start_date"": 1748217600000}}, ""operator"": ""in"", ""dimension"": ""custom"", ""startYear"": null, ""disablePast"": null, ""disableType"": null, ""filter_type"": ""non-cascaded"", ""display_type"": ""fiscalCalendar"", ""disableFuture"": null, ""attribute_name"": ""fiscal_date_range"", ""disablePastWeeks"": null, ""disableFutureWeeks"": true}, {""values"": [""CANADA O O MAINLINE""], ""operator"": ""in"", ""dimension"": ""product"", ""startYear"": null, ""disablePast"": null, ""disableType"": null, ""filter_type"": ""cascaded"", ""display_type"": ""dropdown"", ""disableFuture"": null, ""attribute_name"": ""l0_name"", ""disablePastWeeks"": null, ""disableFutureWeeks"": null}, {""values"": [""MEN""], ""operator"": ""in"", ""dimension"": ""product"", ""startYear"": null, ""disablePast"": null, ""disableType"": null, ""filter_type"": ""cascaded"", ""display_type"": ""dropdown"", ""disableFuture"": null, ""attribute_name"": ""l1_name"", ""disablePastWeeks"": null, ""disableFutureWeeks"": null}, {""values"": [""CA""], ""operator"": ""in"", ""dimension"": ""store"", ""startYear"": null, ""disablePast"": null, ""disableType"": null, ""filter_type"": ""cascaded"", ""display_type"": ""dropdown"", ""disableFuture"": null, ""attribute_name"": ""country_id"", ""disablePastWeeks"": null, ""disableFutureWeeks"": null}]}",false,"{}","",false
115,dev-test13,321,false,2025-08-08 18:34:23.292 +0530,2025-08-08 18:34:23.292 +0530,251,251,"{""saved_filter_preference"":[{""values"": {""fiscalInfoEndDate"": {""fiscal_year_week"": 202529, ""fiscal_year_month"": 202507, ""actualSelectedDate"": ""06-22-2025"", ""fiscal_year_quarter"": 202503, ""fiscal_week_end_date"": 1750636800000, ""fiscal_week_begin_date"": 1750032000000, ""calendar_week_start_date"": 1750032000000}, ""fiscalInfoStartDate"": {""fiscal_year_week"": 202527, ""fiscal_year_month"": 202507, ""actualSelectedDate"": ""06-02-2025"", ""fiscal_year_quarter"": 202503, ""fiscal_week_end_date"": 1749427200000, ""fiscal_week_begin_date"": 1748822400000, ""calendar_week_start_date"": 1748822400000}}, ""operator"": ""in"", ""dimension"": ""custom"", ""startYear"": null, ""disablePast"": null, ""disableType"": null, ""filter_type"": ""non-cascaded"", ""display_type"": ""fiscalCalendar"", ""disableFuture"": null, ""attribute_name"": ""fiscal_date_range"", ""disablePastWeeks"": null, ""disableFutureWeeks"": true}, {""values"": [""CANADA O O MAINLINE""], ""operator"": ""in"", ""dimension"": ""product"", ""startYear"": null, ""disablePast"": null, ""disableType"": null, ""filter_type"": ""cascaded"", ""display_type"": ""dropdown"", ""disableFuture"": null, ""attribute_name"": ""l0_name"", ""disablePastWeeks"": null, ""disableFutureWeeks"": null}, {""values"": [""MEN"", ""MENS""], ""operator"": ""in"", ""dimension"": ""product"", ""startYear"": null, ""disablePast"": null, ""disableType"": null, ""filter_type"": ""cascaded"", ""display_type"": ""dropdown"", ""disableFuture"": null, ""attribute_name"": ""l1_name"", ""disablePastWeeks"": null, ""disableFutureWeeks"": null}, {""values"": [""CA""], ""operator"": ""in"", ""dimension"": ""store"", ""startYear"": null, ""disablePast"": null, ""disableType"": null, ""filter_type"": ""cascaded"", ""display_type"": ""dropdown"", ""disableFuture"": null, ""attribute_name"": ""country_id"", ""disablePastWeeks"": null, ""disableFutureWeeks"": null}]}",false,"{}","",false
116,dev-test101,321,true,2025-08-08 18:37:34.570 +0530,2025-08-08 18:40:23.552 +0530,251,251,"{""saved_filter_preference"":[{""values"": {""fiscalInfoEndDate"": {""fiscal_year_week"": 202530, ""fiscal_year_month"": 202507, ""actualSelectedDate"": ""06-29-2025"", ""fiscal_year_quarter"": 202503, ""fiscal_week_end_date"": 1751241600000, ""fiscal_week_begin_date"": 1750636800000, ""calendar_week_start_date"": 1750636800000}, ""fiscalInfoStartDate"": {""fiscal_year_week"": 202526, ""fiscal_year_month"": 202506, ""actualSelectedDate"": ""05-26-2025"", ""fiscal_year_quarter"": 202502, ""fiscal_week_end_date"": 1748822400000, ""fiscal_week_begin_date"": 1748217600000, ""calendar_week_start_date"": 1748217600000}}, ""operator"": ""in"", ""dimension"": ""custom"", ""startYear"": null, ""disablePast"": null, ""disableType"": null, ""filter_type"": ""non-cascaded"", ""display_type"": ""fiscalCalendar"", ""disableFuture"": null, ""attribute_name"": ""fiscal_date_range"", ""disablePastWeeks"": null, ""disableFutureWeeks"": true}, {""values"": [""CANADA O O MAINLINE""], ""operator"": ""in"", ""dimension"": ""product"", ""startYear"": null, ""disablePast"": null, ""disableType"": null, ""filter_type"": ""cascaded"", ""display_type"": ""dropdown"", ""disableFuture"": null, ""attribute_name"": ""l0_name"", ""disablePastWeeks"": null, ""disableFutureWeeks"": null}, {""values"": [""MEN"", ""MENS""], ""operator"": ""in"", ""dimension"": ""product"", ""startYear"": null, ""disablePast"": null, ""disableType"": null, ""filter_type"": ""cascaded"", ""display_type"": ""dropdown"", ""disableFuture"": null, ""attribute_name"": ""l1_name"", ""disablePastWeeks"": null, ""disableFutureWeeks"": null}, {""values"": [""CA""], ""operator"": ""in"", ""dimension"": ""store"", ""startYear"": null, ""disablePast"": null, ""disableType"": null, ""filter_type"": ""cascaded"", ""display_type"": ""dropdown"", ""disableFuture"": null, ""attribute_name"": ""country_id"", ""disablePastWeeks"": null, ""disableFutureWeeks"": null}]}",false,"{}","",false
117,new_filter,62,false,2025-08-20 10:46:46.062 +0530,2026-01-28 10:37:23.493 +0530,251,251,"{""saved_filter_preference"":[{""values"": [""KOHLS""], ""operator"": ""in"", ""dimension"": ""product"", ""startYear"": null, ""disablePast"": null, ""disableType"": null, ""filter_type"": ""cascaded"", ""display_type"": ""dropdown"", ""disableFuture"": null, ""attribute_name"": ""l0_name"", ""disablePastWeeks"": null, ""disableFutureWeeks"": null, ""check_configuration"": [{""checkedRows"": [""KOHLS""]}]}, {""values"": [""ALTERNATIVE LENGTHS""], ""operator"": ""in"", ""dimension"": ""product"", ""startYear"": null, ""disablePast"": null, ""disableType"": null, ""filter_type"": ""cascaded"", ""display_type"": ""dropdown"", ""disableFuture"": null, ""attribute_name"": ""l4_name"", ""disablePastWeeks"": null, ""disableFutureWeeks"": null, ""check_configuration"": [{""checkedRows"": [""ALTERNATIVE LENGTHS""]}]}]}",false,"{}","",true
118,mainline,49,false,2025-08-20 11:52:01.051 +0530,2025-10-23 15:09:10.891 +0530,251,251,"{""saved_filter_preference"":[{""values"": [""CANADA O O MAINLINE""], ""operator"": ""in"", ""dimension"": ""product"", ""startYear"": null, ""disablePast"": null, ""disableType"": null, ""filter_type"": ""cascaded"", ""display_type"": ""dropdown"", ""disableFuture"": null, ""attribute_name"": ""l0_name"", ""disablePastWeeks"": null, ""disableFutureWeeks"": null, ""check_configuration"": [{""checkedRows"": [null]}]}, {""values"": [""BOYS"", ""GIRLS"", ""MENS"", ""WOMENS""], ""operator"": ""in"", ""dimension"": ""product"", ""startYear"": null, ""disablePast"": null, ""disableType"": null, ""filter_type"": ""cascaded"", ""display_type"": ""dropdown"", ""disableFuture"": null, ""attribute_name"": ""l1_name"", ""disablePastWeeks"": null, ""disableFutureWeeks"": null, ""check_configuration"": [{""meta"": {}, ""checkAll"": true}]}]}",false,"{}","",true
119,temp,71,false,2025-08-20 17:02:45.202 +0530,2025-08-20 17:02:45.202 +0530,251,251,"{""saved_filter_preference"":[{""values"": [""CANADA O O OUTLET""], ""operator"": ""in"", ""dimension"": ""product"", ""startYear"": null, ""disablePast"": null, ""disableType"": null, ""filter_type"": ""cascaded"", ""display_type"": ""dropdown"", ""disableFuture"": null, ""attribute_name"": ""l0_name"", ""disablePastWeeks"": null, ""disableFutureWeeks"": null, ""check_configuration"": [{""checkedRows"": [""CANADA O O OUTLET""]}]}]}",false,"{}","",false
120,new_check,71,false,2025-08-20 17:18:33.252 +0530,2025-08-20 17:18:33.252 +0530,251,251,"{""saved_filter_preference"":[{""values"": [""KOHLS""], ""operator"": ""in"", ""dimension"": ""product"", ""startYear"": null, ""disablePast"": null, ""disableType"": null, ""filter_type"": ""cascaded"", ""display_type"": ""dropdown"", ""disableFuture"": null, ""attribute_name"": ""l0_name"", ""disablePastWeeks"": null, ""disableFutureWeeks"": null, ""check_configuration"": [{""checkedRows"": [""KOHLS""]}]}]}",false,"{}","",false
121,new101,51,false,2025-08-22 13:29:14.870 +0530,2025-08-22 13:30:16.590 +0530,251,251,"{""saved_filter_preference"":[{""values"": [""CANADA O O ECOM""], ""operator"": ""in"", ""dimension"": ""product"", ""startYear"": null, ""disablePast"": null, ""disableType"": null, ""filter_type"": ""cascaded"", ""display_type"": ""dropdown"", ""disableFuture"": null, ""attribute_name"": ""l0_name"", ""disablePastWeeks"": null, ""disableFutureWeeks"": null, ""check_configuration"": [{""checkedRows"": [""CANADA O O ECOM""]}]}, {""values"": [""BOYS"", ""GIRLS"", ""MENS"", ""WOMENS""], ""operator"": ""in"", ""dimension"": ""product"", ""startYear"": null, ""disablePast"": null, ""disableType"": null, ""filter_type"": ""cascaded"", ""display_type"": ""dropdown"", ""disableFuture"": null, ""attribute_name"": ""l1_name"", ""disablePastWeeks"": null, ""disableFutureWeeks"": null, ""check_configuration"": [{""meta"": {}, ""checkAll"": true}]}]}",false,"{}","",true
122,store_id_filter,3,true,2025-08-22 13:29:45.298 +0530,2025-09-26 11:50:52.255 +0530,251,251,"{""saved_filter_preference"":[{""values"": [""US O O ECOM""], ""operator"": ""in"", ""dimension"": ""product"", ""startYear"": null, ""disablePast"": null, ""disableType"": null, ""filter_type"": ""cascaded"", ""display_type"": ""dropdown"", ""disableFuture"": null, ""attribute_name"": ""l0_name"", ""disablePastWeeks"": null, ""disableFutureWeeks"": null, ""check_configuration"": [{""checkedRows"": [""US O O ECOM""]}]}, {""values"": [""BOYS"", ""GIRLS"", ""MENS"", ""WOMENS""], ""operator"": ""in"", ""dimension"": ""product"", ""startYear"": null, ""disablePast"": null, ""disableType"": null, ""filter_type"": ""cascaded"", ""display_type"": ""dropdown"", ""disableFuture"": null, ""attribute_name"": ""l1_name"", ""disablePastWeeks"": null, ""disableFutureWeeks"": null, ""check_configuration"": [{""meta"": {}, ""checkAll"": true}]}, {""values"": [""ACCESSORIES"", ""BOTTOMS""], ""operator"": ""in"", ""dimension"": ""product"", ""startYear"": null, ""disablePast"": null, ""disableType"": null, ""filter_type"": ""cascaded"", ""display_type"": ""dropdown"", ""disableFuture"": null, ""attribute_name"": ""l3_name"", ""disablePastWeeks"": null, ""disableFutureWeeks"": null, ""check_configuration"": [{""meta"": {}, ""checkAll"": true}, {""meta"": {}, ""checkAll"": true}]}, {""values"": [""ALTERNATIVE LENGTHS"", ""BAGS"", ""BELTS""], ""operator"": ""in"", ""dimension"": ""product"", ""startYear"": null, ""disablePast"": null, ""disableType"": null, ""filter_type"": ""cascaded"", ""display_type"": ""dropdown"", ""disableFuture"": null, ""attribute_name"": ""l4_name"", ""disablePastWeeks"": null, ""disableFutureWeeks"": null, ""check_configuration"": [{""checkedRows"": [""ALTERNATIVE LENGTHS"", ""BAGS"", ""BELTS""]}]}, {""values"": [""00007"", ""00008"", ""00009"", ""00010"", ""00011""], ""operator"": ""in"", ""dimension"": ""store"", ""startYear"": null, ""disablePast"": null, ""disableType"": null, ""filter_type"": ""cascaded"", ""display_type"": ""dropdown"", ""disableFuture"": null, ""attribute_name"": ""store_code"", ""disablePastWeeks"": null, ""disableFutureWeeks"": null, ""check_configuration"": [{""checkedRows"": [""00007"", ""00008"", ""00009"", ""00010"", ""00011""]}]}, {""values"": [202543, 202550], ""operator"": ""in"", ""dimension"": ""custom"", ""startYear"": null, ""disablePast"": null, ""disableType"": ""disableOnlyPast"", ""filter_type"": ""non-cascaded"", ""display_type"": ""rangePicker"", ""disableFuture"": null, ""attribute_name"": ""range-picker"", ""disablePastWeeks"": null, ""disableFutureWeeks"": null, ""check_configuration"": null}, {""values"": [{""id"": ""W"", ""label"": ""Week"", ""value"": ""W""}], ""operator"": ""in"", ""dimension"": ""custom"", ""startYear"": null, ""disablePast"": null, ""disableType"": null, ""filter_type"": ""non-cascaded"", ""display_type"": ""select"", ""disableFuture"": null, ""attribute_name"": ""agg_level_select"", ""disablePastWeeks"": null, ""disableFutureWeeks"": null, ""check_configuration"": null}, {""values"": [[{""id"": ""2024"", ""index"": ""1"", ""label"": ""LY"", ""value"": 1}], false], ""operator"": ""in"", ""dimension"": ""custom"", ""startYear"": null, ""disablePast"": null, ""disableType"": null, ""filter_type"": ""non-cascaded"", ""display_type"": ""select"", ""disableFuture"": null, ""attribute_name"": ""compare_with_select"", ""disablePastWeeks"": null, ""disableFutureWeeks"": null, ""check_configuration"": null}, {""values"": [202543, 202550], ""operator"": ""in"", ""dimension"": ""custom"", ""startYear"": null, ""disablePast"": null, ""disableType"": null, ""filter_type"": ""non-cascaded"", ""display_type"": ""dropDown"", ""disableFuture"": null, ""attribute_name"": ""fiscal_year_week"", ""disablePastWeeks"": null, ""disableFutureWeeks"": null, ""check_configuration"": null}]}",false,"{}","",true
123,Carters_re1j,55,true,2025-08-25 19:30:05.004 +0530,2025-08-25 19:30:17.755 +0530,251,251,"{""saved_filter_preference"":[{""values"": [""CANADA O O OUTLET""], ""operator"": ""in"", ""dimension"": ""product"", ""startYear"": null, ""disablePast"": null, ""disableType"": null, ""filter_type"": ""cascaded"", ""display_type"": ""dropdown"", ""disableFuture"": null, ""attribute_name"": ""l0_name"", ""disablePastWeeks"": null, ""disableFutureWeeks"": null, ""check_configuration"": [{""checkedRows"": [""CANADA O O OUTLET""]}]}, {""values"": [""WOMENS""], ""operator"": ""in"", ""dimension"": ""product"", ""startYear"": null, ""disablePast"": null, ""disableType"": null, ""filter_type"": ""cascaded"", ""display_type"": ""dropdown"", ""disableFuture"": null, ""attribute_name"": ""l1_name"", ""disablePastWeeks"": null, ""disableFutureWeeks"": null, ""check_configuration"": [{""checkedRows"": [""WOMENS""]}]}]}",false,"{}","",true
124,Levis Outlet,3,true,2025-09-03 11:28:46.616 +0530,2025-11-04 16:45:00.534 +0530,251,251,"{""saved_filter_preference"":[{""values"": [""US LEVIS O O OUTLET""], ""operator"": ""in"", ""dimension"": ""product"", ""startYear"": null, ""disablePast"": null, ""disableType"": null, ""filter_type"": ""cascaded"", ""display_type"": ""dropdown"", ""disableFuture"": null, ""attribute_name"": ""l0_name"", ""disablePastWeeks"": null, ""disableFutureWeeks"": null, ""check_configuration"": [{""checkedRows"": [""US LEVIS O O OUTLET""]}]}, {""values"": [""MENS"", ""WOMENS""], ""operator"": ""in"", ""dimension"": ""product"", ""startYear"": null, ""disablePast"": null, ""disableType"": null, ""filter_type"": ""cascaded"", ""display_type"": ""dropdown"", ""disableFuture"": null, ""attribute_name"": ""l1_name"", ""disablePastWeeks"": null, ""disableFutureWeeks"": null, ""check_configuration"": [{""checkedRows"": [""MENS"", ""WOMENS""]}]}]}",false,"{}","",true
125,test 5,55,false,2025-09-03 12:14:41.058 +0530,2025-09-03 12:14:49.650 +0530,251,251,"{""saved_filter_preference"":[{""values"": [""CANADA O O MAINLINE""], ""operator"": ""in"", ""dimension"": ""product"", ""startYear"": null, ""disablePast"": null, ""disableType"": null, ""filter_type"": ""cascaded"", ""display_type"": ""dropdown"", ""disableFuture"": null, ""attribute_name"": ""l0_name"", ""disablePastWeeks"": null, ""disableFutureWeeks"": null, ""check_configuration"": [{""checkedRows"": [""CANADA O O MAINLINE""]}]}, {""values"": [""BOYS"", ""GIRLS"", ""MENS"", ""WOMENS""], ""operator"": ""in"", ""dimension"": ""product"", ""startYear"": null, ""disablePast"": null, ""disableType"": null, ""filter_type"": ""cascaded"", ""display_type"": ""dropdown"", ""disableFuture"": null, ""attribute_name"": ""l1_name"", ""disablePastWeeks"": null, ""disableFutureWeeks"": null, ""check_configuration"": [{""meta"": {}, ""checkAll"": true}]}, {""values"": [""ACCESSORIES"", ""BOTTOMS"", ""FOOTWEAR"", ""TOPS""], ""operator"": ""in"", ""dimension"": ""product"", ""startYear"": null, ""disablePast"": null, ""disableType"": null, ""filter_type"": ""cascaded"", ""display_type"": ""dropdown"", ""disableFuture"": null, ""attribute_name"": ""l3_name"", ""disablePastWeeks"": null, ""disableFutureWeeks"": null, ""check_configuration"": [{""meta"": {}, ""checkAll"": true}]}]}",false,"{}",test 5,true
126,test 5,55,true,2025-09-03 12:15:19.366 +0530,2025-09-03 12:22:01.405 +0530,251,251,"{""saved_filter_preference"":[{""values"": [""CANADA O O MAINLINE""], ""operator"": ""in"", ""dimension"": ""product"", ""startYear"": null, ""disablePast"": null, ""disableType"": null, ""filter_type"": ""cascaded"", ""display_type"": ""dropdown"", ""disableFuture"": null, ""attribute_name"": ""l0_name"", ""disablePastWeeks"": null, ""disableFutureWeeks"": null, ""check_configuration"": [{""checkedRows"": [""CANADA O O MAINLINE""]}]}, {""values"": [""MENS"", ""WOMENS""], ""operator"": ""in"", ""dimension"": ""product"", ""startYear"": null, ""disablePast"": null, ""disableType"": null, ""filter_type"": ""cascaded"", ""display_type"": ""dropdown"", ""disableFuture"": null, ""attribute_name"": ""l1_name"", ""disablePastWeeks"": null, ""disableFutureWeeks"": null, ""check_configuration"": [{""meta"": {}, ""checkAll"": true}]}, {""values"": [""ACCESSORIES""], ""operator"": ""in"", ""dimension"": ""product"", ""startYear"": null, ""disablePast"": null, ""disableType"": null, ""filter_type"": ""cascaded"", ""display_type"": ""dropdown"", ""disableFuture"": null, ""attribute_name"": ""l3_name"", ""disablePastWeeks"": null, ""disableFutureWeeks"": null, ""check_configuration"": [{""checkedRows"": [""ACCESSORIES""]}]}, {""values"": [""BAGS"", ""BELTS""], ""operator"": ""in"", ""dimension"": ""product"", ""startYear"": null, ""disablePast"": null, ""disableType"": null, ""filter_type"": ""cascaded"", ""display_type"": ""dropdown"", ""disableFuture"": null, ""attribute_name"": ""l4_name"", ""disablePastWeeks"": null, ""disableFutureWeeks"": null, ""check_configuration"": [{""checkedRows"": [""BAGS"", ""BELTS""]}]}]}",false,"{}","",true
127,UPDATE_testing,181,false,2025-09-03 14:14:34.977 +0530,2025-09-03 14:16:57.424 +0530,251,251,"{""saved_filter_preference"":[{""values"": [""CANADA O O ECOM""], ""operator"": ""in"", ""dimension"": ""product"", ""startYear"": null, ""disablePast"": null, ""disableType"": null, ""filter_type"": ""cascaded"", ""display_type"": ""dropdown"", ""disableFuture"": null, ""attribute_name"": ""l0_name"", ""disablePastWeeks"": null, ""disableFutureWeeks"": null, ""check_configuration"": [{""checkedRows"": [""CANADA O O ECOM""]}]}, {""values"": [""BOYS"", ""GIRLS"", ""MENS"", ""WOMENS""], ""operator"": ""in"", ""dimension"": ""product"", ""startYear"": null, ""disablePast"": null, ""disableType"": null, ""filter_type"": ""cascaded"", ""display_type"": ""dropdown"", ""disableFuture"": null, ""attribute_name"": ""l1_name"", ""disablePastWeeks"": null, ""disableFutureWeeks"": null, ""check_configuration"": [{""meta"": {}, ""checkAll"": true}]}]}",true,"{}","",true
128,GLOBAL_FILTER,181,false,2025-09-03 14:17:31.470 +0530,2025-09-03 14:18:22.718 +0530,251,251,"{""saved_filter_preference"":[{""values"": [""CANADA O O ECOM""], ""operator"": ""in"", ""dimension"": ""product"", ""startYear"": null, ""disablePast"": null, ""disableType"": null, ""filter_type"": ""cascaded"", ""display_type"": ""dropdown"", ""disableFuture"": null, ""attribute_name"": ""l0_name"", ""disablePastWeeks"": null, ""disableFutureWeeks"": null, ""check_configuration"": null}, {""values"": [""BOYS""], ""operator"": ""in"", ""dimension"": ""product"", ""startYear"": null, ""disablePast"": null, ""disableType"": null, ""filter_type"": ""cascaded"", ""display_type"": ""dropdown"", ""disableFuture"": null, ""attribute_name"": ""l1_name"", ""disablePastWeeks"": null, ""disableFutureWeeks"": null, ""check_configuration"": [{""checkedRows"": [""BOYS""]}]}]}",true,"{}","",true
129,save-filter,181,false,2025-09-03 14:19:17.045 +0530,2025-09-03 14:19:39.948 +0530,251,251,"{""saved_filter_preference"":[{""values"": [""CANADA O O ECOM""], ""operator"": ""in"", ""dimension"": ""product"", ""startYear"": null, ""disablePast"": null, ""disableType"": null, ""filter_type"": ""cascaded"", ""display_type"": ""dropdown"", ""disableFuture"": null, ""attribute_name"": ""l0_name"", ""disablePastWeeks"": null, ""disableFutureWeeks"": null, ""check_configuration"": null}, {""values"": [""BOYS"", ""GIRLS"", ""MENS"", ""WOMENS""], ""operator"": ""in"", ""dimension"": ""product"", ""startYear"": null, ""disablePast"": null, ""disableType"": null, ""filter_type"": ""cascaded"", ""display_type"": ""dropdown"", ""disableFuture"": null, ""attribute_name"": ""l1_name"", ""disablePastWeeks"": null, ""disableFutureWeeks"": null, ""check_configuration"": [{""meta"": {}, ""checkAll"": true}]}]}",true,"{}","",true
130,CANADA Filters new,72,true,2025-09-03 17:40:47.346 +0530,2025-10-27 17:04:11.750 +0530,251,251,"{""saved_filter_preference"":[{""values"": [""CANADA O O ECOM""], ""operator"": ""in"", ""dimension"": ""store"", ""startYear"": null, ""disablePast"": null, ""disableType"": null, ""filter_type"": ""cascaded"", ""display_type"": ""dropdown"", ""disableFuture"": null, ""attribute_name"": ""channel"", ""disablePastWeeks"": null, ""disableFutureWeeks"": null, ""check_configuration"": [{""checkedRows"": [""CANADA O O ECOM""]}]}]}",false,"{}","",true
131,Carters_O8hl,316,true,2025-09-04 12:13:14.658 +0530,2025-09-04 12:13:26.884 +0530,251,251,"{""saved_filter_preference"":[{""values"": [""CANADA O O ECOM""], ""operator"": ""in"", ""dimension"": ""product"", ""startYear"": null, ""disablePast"": null, ""disableType"": null, ""filter_type"": ""cascaded"", ""display_type"": ""dropdown"", ""disableFuture"": null, ""attribute_name"": ""l0_name"", ""disablePastWeeks"": null, ""disableFutureWeeks"": null, ""check_configuration"": null}, {""values"": [""WOMENS""], ""operator"": ""in"", ""dimension"": ""product"", ""startYear"": null, ""disablePast"": null, ""disableType"": null, ""filter_type"": ""cascaded"", ""display_type"": ""dropdown"", ""disableFuture"": null, ""attribute_name"": ""l1_name"", ""disablePastWeeks"": null, ""disableFutureWeeks"": null, ""check_configuration"": [{""checkedRows"": [""WOMENS""]}]}]}",false,"{}","",true
132,Carters_e4GJ,325,true,2025-09-04 12:28:21.600 +0530,2025-09-04 12:28:33.416 +0530,251,251,"{""saved_filter_preference"":[{""values"": [""CANADA O O ECOM""], ""operator"": ""in"", ""dimension"": ""product"", ""startYear"": null, ""disablePast"": null, ""disableType"": null, ""filter_type"": ""cascaded"", ""display_type"": ""dropdown"", ""disableFuture"": null, ""attribute_name"": ""l0_name"", ""disablePastWeeks"": null, ""disableFutureWeeks"": null, ""check_configuration"": null}, {""values"": [""WOMENS""], ""operator"": ""in"", ""dimension"": ""product"", ""startYear"": null, ""disablePast"": null, ""disableType"": null, ""filter_type"": ""cascaded"", ""display_type"": ""dropdown"", ""disableFuture"": null, ""attribute_name"": ""l1_name"", ""disablePastWeeks"": null, ""disableFutureWeeks"": null, ""check_configuration"": [{""checkedRows"": [""WOMENS""]}]}]}",false,"{}","",true
133,Carters_gUiq,73,true,2025-09-04 12:48:03.873 +0530,2025-09-04 12:48:17.016 +0530,251,251,"{""saved_filter_preference"":[{""values"": [""CANADA O O ECOM""], ""operator"": ""in"", ""dimension"": ""product"", ""startYear"": null, ""disablePast"": null, ""disableType"": null, ""filter_type"": ""cascaded"", ""display_type"": ""dropdown"", ""disableFuture"": null, ""attribute_name"": ""l0_name"", ""disablePastWeeks"": null, ""disableFutureWeeks"": null, ""check_configuration"": [{""checkedRows"": [""CANADA O O ECOM""]}]}, {""values"": [""WOMENS""], ""operator"": ""in"", ""dimension"": ""product"", ""startYear"": null, ""disablePast"": null, ""disableType"": null, ""filter_type"": ""cascaded"", ""display_type"": ""dropdown"", ""disableFuture"": null, ""attribute_name"": ""l1_name"", ""disablePastWeeks"": null, ""disableFutureWeeks"": null, ""check_configuration"": [{""checkedRows"": [""WOMENS""]}]}]}",false,"{}","",true
134,Carters_xR9z,180,true,2025-09-04 12:57:17.602 +0530,2025-09-04 12:57:29.271 +0530,251,251,"{""saved_filter_preference"":[{""values"": [""CANADA O O ECOM""], ""operator"": ""in"", ""dimension"": ""product"", ""startYear"": null, ""disablePast"": null, ""disableType"": null, ""filter_type"": ""cascaded"", ""display_type"": ""dropdown"", ""disableFuture"": null, ""attribute_name"": ""l0_name"", ""disablePastWeeks"": null, ""disableFutureWeeks"": null, ""check_configuration"": [{""checkedRows"": [""CANADA O O ECOM""]}]}, {""values"": [""WOMENS""], ""operator"": ""in"", ""dimension"": ""product"", ""startYear"": null, ""disablePast"": null, ""disableType"": null, ""filter_type"": ""cascaded"", ""display_type"": ""dropdown"", ""disableFuture"": null, ""attribute_name"": ""l1_name"", ""disablePastWeeks"": null, ""disableFutureWeeks"": null, ""check_configuration"": [{""checkedRows"": [""WOMENS""]}]}]}",false,"{}","",true
135,Carters_nu77,49,true,2025-09-04 13:04:17.466 +0530,2025-09-04 13:04:29.612 +0530,251,251,"{""saved_filter_preference"":[{""values"": [""CANADA O O ECOM""], ""operator"": ""in"", ""dimension"": ""product"", ""startYear"": null, ""disablePast"": null, ""disableType"": null, ""filter_type"": ""cascaded"", ""display_type"": ""dropdown"", ""disableFuture"": null, ""attribute_name"": ""l0_name"", ""disablePastWeeks"": null, ""disableFutureWeeks"": null, ""check_configuration"": null}, {""values"": [""WOMENS""], ""operator"": ""in"", ""dimension"": ""product"", ""startYear"": null, ""disablePast"": null, ""disableType"": null, ""filter_type"": ""cascaded"", ""display_type"": ""dropdown"", ""disableFuture"": null, ""attribute_name"": ""l1_name"", ""disablePastWeeks"": null, ""disableFutureWeeks"": null, ""check_configuration"": [{""checkedRows"": [""WOMENS""]}]}]}",false,"{}","",true
136,Carters_V7G3,181,true,2025-09-04 13:08:19.841 +0530,2025-09-04 13:08:33.734 +0530,251,251,"{""saved_filter_preference"":[{""values"": [""CANADA O O ECOM""], ""operator"": ""in"", ""dimension"": ""product"", ""startYear"": null, ""disablePast"": null, ""disableType"": null, ""filter_type"": ""cascaded"", ""display_type"": ""dropdown"", ""disableFuture"": null, ""attribute_name"": ""l0_name"", ""disablePastWeeks"": null, ""disableFutureWeeks"": null, ""check_configuration"": null}, {""values"": [""WOMENS""], ""operator"": ""in"", ""dimension"": ""product"", ""startYear"": null, ""disablePast"": null, ""disableType"": null, ""filter_type"": ""cascaded"", ""display_type"": ""dropdown"", ""disableFuture"": null, ""attribute_name"": ""l1_name"", ""disablePastWeeks"": null, ""disableFutureWeeks"": null, ""check_configuration"": [{""checkedRows"": [""WOMENS""]}]}]}",false,"{}","",true
137,Carters_quGW,71,true,2025-09-04 13:35:31.377 +0530,2025-09-04 13:35:43.549 +0530,251,251,"{""saved_filter_preference"":[{""values"": [""CANADA O O ECOM""], ""operator"": ""in"", ""dimension"": ""product"", ""startYear"": null, ""disablePast"": null, ""disableType"": null, ""filter_type"": ""cascaded"", ""display_type"": ""dropdown"", ""disableFuture"": null, ""attribute_name"": ""l0_name"", ""disablePastWeeks"": null, ""disableFutureWeeks"": null, ""check_configuration"": [{""checkedRows"": [""CANADA O O ECOM""]}]}]}",false,"{}","",true
138,Carters_mmtQ,63,true,2025-09-04 13:42:21.004 +0530,2025-09-04 13:42:33.670 +0530,251,251,"{""saved_filter_preference"":[{""values"": [""2025-07-01"", ""2025-07-15""], ""operator"": ""in"", ""dimension"": ""custom"", ""startYear"": null, ""disablePast"": null, ""disableType"": ""disableOnlyFuture"", ""filter_type"": ""non-cascaded"", ""display_type"": ""rangePicker"", ""disableFuture"": null, ""attribute_name"": ""range-picker"", ""disablePastWeeks"": null, ""disableFutureWeeks"": null, ""check_configuration"": []}, {""values"": [""CANADA O O OUTLET""], ""operator"": ""in"", ""dimension"": ""product"", ""startYear"": null, ""disablePast"": null, ""disableType"": null, ""filter_type"": ""cascaded"", ""display_type"": ""dropdown"", ""disableFuture"": null, ""attribute_name"": ""l0_name"", ""disablePastWeeks"": null, ""disableFutureWeeks"": null, ""check_configuration"": [{""checkedRows"": [""CANADA O O OUTLET""]}]}]}",false,"{}","",true
139,can o o,161,false,2025-09-12 16:11:38.580 +0530,2025-09-12 16:11:38.580 +0530,22239,22239,"{""saved_filter_preference"":[{""values"": [""CANADA O O MAINLINE""], ""operator"": ""in"", ""dimension"": ""product"", ""startYear"": null, ""disablePast"": null, ""disableType"": null, ""filter_type"": ""cascaded"", ""display_type"": ""dropdown"", ""disableFuture"": null, ""attribute_name"": ""l0_name"", ""disablePastWeeks"": null, ""disableFutureWeeks"": null, ""check_configuration"": [{""checkedRows"": [""CANADA O O MAINLINE""]}]}, {""values"": ""2025-09-11"", ""operator"": ""in"", ""dimension"": ""custom"", ""startYear"": null, ""disablePast"": null, ""disableType"": null, ""filter_type"": ""non-cascaded"", ""display_type"": ""DateTimeField"", ""disableFuture"": true, ""attribute_name"": ""created_at"", ""disablePastWeeks"": null, ""disableFutureWeeks"": null, ""check_configuration"": []}]}",false,"{}","",false
140,Carters_pLEO,316,true,2025-10-06 12:03:46.724 +0530,2025-10-06 12:03:59.338 +0530,251,251,"{""saved_filter_preference"":[{""values"": [""CANADA O O ECOM""], ""operator"": ""in"", ""dimension"": ""product"", ""startYear"": null, ""disablePast"": null, ""disableType"": null, ""filter_type"": ""cascaded"", ""display_type"": ""dropdown"", ""disableFuture"": null, ""attribute_name"": ""l0_name"", ""disablePastWeeks"": null, ""disableFutureWeeks"": null, ""check_configuration"": null}, {""values"": [""WOMENS""], ""operator"": ""in"", ""dimension"": ""product"", ""startYear"": null, ""disablePast"": null, ""disableType"": null, ""filter_type"": ""cascaded"", ""display_type"": ""dropdown"", ""disableFuture"": null, ""attribute_name"": ""l1_name"", ""disablePastWeeks"": null, ""disableFutureWeeks"": null, ""check_configuration"": [{""checkedRows"": [""WOMENS""]}]}]}",false,"{}","",true
141,Carters_NgKz,325,true,2025-10-06 12:22:45.508 +0530,2025-10-06 12:22:57.748 +0530,251,251,"{""saved_filter_preference"":[{""values"": [""CANADA O O ECOM""], ""operator"": ""in"", ""dimension"": ""product"", ""startYear"": null, ""disablePast"": null, ""disableType"": null, ""filter_type"": ""cascaded"", ""display_type"": ""dropdown"", ""disableFuture"": null, ""attribute_name"": ""l0_name"", ""disablePastWeeks"": null, ""disableFutureWeeks"": null, ""check_configuration"": null}, {""values"": [""WOMENS""], ""operator"": ""in"", ""dimension"": ""product"", ""startYear"": null, ""disablePast"": null, ""disableType"": null, ""filter_type"": ""cascaded"", ""display_type"": ""dropdown"", ""disableFuture"": null, ""attribute_name"": ""l1_name"", ""disablePastWeeks"": null, ""disableFutureWeeks"": null, ""check_configuration"": [{""checkedRows"": [""WOMENS""]}]}]}",false,"{}","",true
142,Carters_rmjF,73,true,2025-10-06 12:43:07.076 +0530,2025-10-06 12:43:18.418 +0530,251,251,"{""saved_filter_preference"":[{""values"": [""CANADA O O ECOM""], ""operator"": ""in"", ""dimension"": ""product"", ""startYear"": null, ""disablePast"": null, ""disableType"": null, ""filter_type"": ""cascaded"", ""display_type"": ""dropdown"", ""disableFuture"": null, ""attribute_name"": ""l0_name"", ""disablePastWeeks"": null, ""disableFutureWeeks"": null, ""check_configuration"": [{""checkedRows"": [""CANADA O O ECOM""]}]}, {""values"": [""WOMENS""], ""operator"": ""in"", ""dimension"": ""product"", ""startYear"": null, ""disablePast"": null, ""disableType"": null, ""filter_type"": ""cascaded"", ""display_type"": ""dropdown"", ""disableFuture"": null, ""attribute_name"": ""l1_name"", ""disablePastWeeks"": null, ""disableFutureWeeks"": null, ""check_configuration"": [{""checkedRows"": [""WOMENS""]}]}]}",false,"{}","",true
143,Carters_bzNi,180,true,2025-10-06 12:54:02.706 +0530,2025-10-06 12:54:14.885 +0530,251,251,"{""saved_filter_preference"":[{""values"": [""CANADA O O ECOM""], ""operator"": ""in"", ""dimension"": ""product"", ""startYear"": null, ""disablePast"": null, ""disableType"": null, ""filter_type"": ""cascaded"", ""display_type"": ""dropdown"", ""disableFuture"": null, ""attribute_name"": ""l0_name"", ""disablePastWeeks"": null, ""disableFutureWeeks"": null, ""check_configuration"": [{""checkedRows"": [""CANADA O O ECOM""]}]}, {""values"": [""WOMENS""], ""operator"": ""in"", ""dimension"": ""product"", ""startYear"": null, ""disablePast"": null, ""disableType"": null, ""filter_type"": ""cascaded"", ""display_type"": ""dropdown"", ""disableFuture"": null, ""attribute_name"": ""l1_name"", ""disablePastWeeks"": null, ""disableFutureWeeks"": null, ""check_configuration"": [{""checkedRows"": [""WOMENS""]}]}]}",false,"{}","",true
144,Carters_c2ii,49,true,2025-10-06 13:02:24.020 +0530,2025-10-06 13:02:35.893 +0530,251,251,"{""saved_filter_preference"":[{""values"": [""CANADA O O ECOM""], ""operator"": ""in"", ""dimension"": ""product"", ""startYear"": null, ""disablePast"": null, ""disableType"": null, ""filter_type"": ""cascaded"", ""display_type"": ""dropdown"", ""disableFuture"": null, ""attribute_name"": ""l0_name"", ""disablePastWeeks"": null, ""disableFutureWeeks"": null, ""check_configuration"": null}, {""values"": [""WOMENS""], ""operator"": ""in"", ""dimension"": ""product"", ""startYear"": null, ""disablePast"": null, ""disableType"": null, ""filter_type"": ""cascaded"", ""display_type"": ""dropdown"", ""disableFuture"": null, ""attribute_name"": ""l1_name"", ""disablePastWeeks"": null, ""disableFutureWeeks"": null, ""check_configuration"": [{""checkedRows"": [""WOMENS""]}]}]}",false,"{}","",true
145,Carters_hClv,181,true,2025-10-06 13:07:04.607 +0530,2025-10-06 13:07:17.452 +0530,251,251,"{""saved_filter_preference"":[{""values"": [""CANADA O O ECOM""], ""operator"": ""in"", ""dimension"": ""product"", ""startYear"": null, ""disablePast"": null, ""disableType"": null, ""filter_type"": ""cascaded"", ""display_type"": ""dropdown"", ""disableFuture"": null, ""attribute_name"": ""l0_name"", ""disablePastWeeks"": null, ""disableFutureWeeks"": null, ""check_configuration"": null}, {""values"": [""WOMENS""], ""operator"": ""in"", ""dimension"": ""product"", ""startYear"": null, ""disablePast"": null, ""disableType"": null, ""filter_type"": ""cascaded"", ""display_type"": ""dropdown"", ""disableFuture"": null, ""attribute_name"": ""l1_name"", ""disablePastWeeks"": null, ""disableFutureWeeks"": null, ""check_configuration"": [{""checkedRows"": [""WOMENS""]}]}]}",false,"{}","",true
146,Carters_rsPy,71,true,2025-10-06 13:30:45.746 +0530,2025-10-06 13:30:57.692 +0530,251,251,"{""saved_filter_preference"":[{""values"": [""CANADA O O ECOM""], ""operator"": ""in"", ""dimension"": ""product"", ""startYear"": null, ""disablePast"": null, ""disableType"": null, ""filter_type"": ""cascaded"", ""display_type"": ""dropdown"", ""disableFuture"": null, ""attribute_name"": ""l0_name"", ""disablePastWeeks"": null, ""disableFutureWeeks"": null, ""check_configuration"": [{""checkedRows"": [""CANADA O O ECOM""]}]}]}",false,"{}","",true
147,Carters_fZsr,63,true,2025-10-06 13:37:35.015 +0530,2025-10-06 13:37:47.039 +0530,251,251,"{""saved_filter_preference"":[{""values"": [""2025-07-01"", ""2025-07-15""], ""operator"": ""in"", ""dimension"": ""custom"", ""startYear"": null, ""disablePast"": null, ""disableType"": ""disableOnlyFuture"", ""filter_type"": ""non-cascaded"", ""display_type"": ""rangePicker"", ""disableFuture"": null, ""attribute_name"": ""range-picker"", ""disablePastWeeks"": null, ""disableFutureWeeks"": null, ""check_configuration"": []}, {""values"": [""CANADA O O OUTLET""], ""operator"": ""in"", ""dimension"": ""product"", ""startYear"": null, ""disablePast"": null, ""disableType"": null, ""filter_type"": ""cascaded"", ""display_type"": ""dropdown"", ""disableFuture"": null, ""attribute_name"": ""l0_name"", ""disablePastWeeks"": null, ""disableFutureWeeks"": null, ""check_configuration"": [{""checkedRows"": [""CANADA O O OUTLET""]}]}]}",false,"{}","",true
148,saved,55,false,2025-10-10 11:21:02.820 +0530,2026-01-09 08:43:46.872 +0530,251,251,"{""saved_filter_preference"":[{""values"": [""CANADA O O ECOM""], ""operator"": ""in"", ""dimension"": ""product"", ""startYear"": null, ""disablePast"": null, ""disableType"": null, ""filter_type"": ""cascaded"", ""display_type"": ""dropdown"", ""disableFuture"": null, ""attribute_name"": ""l0_name"", ""disablePastWeeks"": null, ""disableFutureWeeks"": null, ""check_configuration"": [{""checkedRows"": [""CANADA O O ECOM""]}]}, {""values"": [""BOYS"", ""GIRLS"", ""MENS"", ""WOMENS""], ""operator"": ""in"", ""dimension"": ""product"", ""startYear"": null, ""disablePast"": null, ""disableType"": null, ""filter_type"": ""cascaded"", ""display_type"": ""dropdown"", ""disableFuture"": null, ""attribute_name"": ""l1_name"", ""disablePastWeeks"": null, ""disableFutureWeeks"": null, ""check_configuration"": [{""meta"": {}, ""checkAll"": true}]}]}",false,"{}","",true
149,Carters_MeeX,51,false,2025-10-21 13:16:20.210 +0530,2025-10-21 13:16:31.670 +0530,251,251,"{""saved_filter_preference"":[{""values"": [""CANADA O O ECOM""], ""operator"": ""in"", ""dimension"": ""product"", ""startYear"": null, ""disablePast"": null, ""disableType"": null, ""filter_type"": ""cascaded"", ""display_type"": ""dropdown"", ""disableFuture"": null, ""attribute_name"": ""l0_name"", ""disablePastWeeks"": null, ""disableFutureWeeks"": null, ""check_configuration"": [{""checkedRows"": [""CANADA O O ECOM""]}]}, {""values"": [""WOMENS""], ""operator"": ""in"", ""dimension"": ""product"", ""startYear"": null, ""disablePast"": null, ""disableType"": null, ""filter_type"": ""cascaded"", ""display_type"": ""dropdown"", ""disableFuture"": null, ""attribute_name"": ""l1_name"", ""disablePastWeeks"": null, ""disableFutureWeeks"": null, ""check_configuration"": [{""checkedRows"": [""WOMENS""]}]}]}",false,"{}","",true
150,DSSSSS,72,false,2025-10-27 17:05:47.708 +0530,2025-10-27 17:12:37.053 +0530,251,251,"{""saved_filter_preference"":[{""values"": [""CANADA O O MAINLINE""], ""operator"": ""in"", ""dimension"": ""store"", ""startYear"": null, ""disablePast"": null, ""disableType"": null, ""filter_type"": ""cascaded"", ""display_type"": ""dropdown"", ""disableFuture"": null, ""attribute_name"": ""channel"", ""disablePastWeeks"": null, ""disableFutureWeeks"": null, ""check_configuration"": [{""checkedRows"": [""CANADA O O MAINLINE""]}]}]}",false,"{}",D,true
151,Dssss,72,false,2025-10-27 17:20:45.333 +0530,2025-10-29 10:11:35.223 +0530,251,251,"{""saved_filter_preference"":[{""values"": [""CANADA O O MAINLINE""], ""operator"": ""in"", ""dimension"": ""store"", ""startYear"": null, ""disablePast"": null, ""disableType"": null, ""filter_type"": ""cascaded"", ""display_type"": ""dropdown"", ""disableFuture"": null, ""attribute_name"": ""channel"", ""disablePastWeeks"": null, ""disableFutureWeeks"": null, ""check_configuration"": [{""checkedRows"": [""CANADA O O MAINLINE""]}]}]}",false,"{}","",true
152,new filter101,51,true,2025-10-27 18:05:29.395 +0530,2025-11-11 10:54:22.274 +0530,251,251,"{""saved_filter_preference"":[{""values"": [""CANADA O O ECOM""], ""operator"": ""in"", ""dimension"": ""product"", ""startYear"": null, ""disablePast"": null, ""disableType"": null, ""filter_type"": ""cascaded"", ""display_type"": ""dropdown"", ""disableFuture"": null, ""attribute_name"": ""l0_name"", ""disablePastWeeks"": null, ""disableFutureWeeks"": null, ""check_configuration"": null}, {""values"": [""BOYS"", ""GIRLS"", ""MENS"", ""WOMENS""], ""operator"": ""in"", ""dimension"": ""product"", ""startYear"": null, ""disablePast"": null, ""disableType"": null, ""filter_type"": ""cascaded"", ""display_type"": ""dropdown"", ""disableFuture"": null, ""attribute_name"": ""l1_name"", ""disablePastWeeks"": null, ""disableFutureWeeks"": null, ""check_configuration"": [{""meta"": {}, ""checkAll"": true}]}, {""values"": [""CA"", ""MX"", ""US""], ""operator"": ""in"", ""dimension"": ""store"", ""startYear"": null, ""disablePast"": null, ""disableType"": null, ""filter_type"": ""cascaded"", ""display_type"": ""dropdown"", ""disableFuture"": null, ""attribute_name"": ""country_id"", ""disablePastWeeks"": null, ""disableFutureWeeks"": null, ""check_configuration"": [{""meta"": {}, ""checkAll"": true}]}]}",false,"{}","",true
153,CANADA FILTERS - ALL,3,false,2025-10-29 11:57:09.893 +0530,2025-11-11 11:01:46.789 +0530,251,251,"{""saved_filter_preference"":[{""values"": [""CANADA O O ECOM""], ""operator"": ""in"", ""dimension"": ""product"", ""startYear"": null, ""disablePast"": null, ""disableType"": null, ""filter_type"": ""cascaded"", ""display_type"": ""dropdown"", ""disableFuture"": null, ""attribute_name"": ""l0_name"", ""disablePastWeeks"": null, ""disableFutureWeeks"": null, ""check_configuration"": [{""checkedRows"": [""CANADA O O ECOM""]}]}, {""values"": [""BOYS"", ""GIRLS"", ""MENS"", ""WOMENS""], ""operator"": ""in"", ""dimension"": ""product"", ""startYear"": null, ""disablePast"": null, ""disableType"": null, ""filter_type"": ""cascaded"", ""display_type"": ""dropdown"", ""disableFuture"": null, ""attribute_name"": ""l1_name"", ""disablePastWeeks"": null, ""disableFutureWeeks"": null, ""check_configuration"": [{""meta"": {}, ""checkAll"": true}]}]}",false,"{}","",true
154,Carters_WBXP,51,false,2025-11-03 19:34:29.156 +0530,2025-11-03 19:34:40.559 +0530,251,251,"{""saved_filter_preference"":[{""values"": [""CANADA O O ECOM""], ""operator"": ""in"", ""dimension"": ""product"", ""startYear"": null, ""disablePast"": null, ""disableType"": null, ""filter_type"": ""cascaded"", ""display_type"": ""dropdown"", ""disableFuture"": null, ""attribute_name"": ""l0_name"", ""disablePastWeeks"": null, ""disableFutureWeeks"": null, ""check_configuration"": [{""checkedRows"": [""CANADA O O ECOM""]}]}, {""values"": [""WOMENS""], ""operator"": ""in"", ""dimension"": ""product"", ""startYear"": null, ""disablePast"": null, ""disableType"": null, ""filter_type"": ""cascaded"", ""display_type"": ""dropdown"", ""disableFuture"": null, ""attribute_name"": ""l1_name"", ""disablePastWeeks"": null, ""disableFutureWeeks"": null, ""check_configuration"": [{""checkedRows"": [""WOMENS""]}]}]}",false,"{}","",true
155,Carters_HFCH,51,false,2025-11-03 19:54:43.637 +0530,2025-11-03 19:54:55.045 +0530,251,251,"{""saved_filter_preference"":[{""values"": [""CANADA O O ECOM""], ""operator"": ""in"", ""dimension"": ""product"", ""startYear"": null, ""disablePast"": null, ""disableType"": null, ""filter_type"": ""cascaded"", ""display_type"": ""dropdown"", ""disableFuture"": null, ""attribute_name"": ""l0_name"", ""disablePastWeeks"": null, ""disableFutureWeeks"": null, ""check_configuration"": [{""checkedRows"": [""CANADA O O ECOM""]}]}, {""values"": [""WOMENS""], ""operator"": ""in"", ""dimension"": ""product"", ""startYear"": null, ""disablePast"": null, ""disableType"": null, ""filter_type"": ""cascaded"", ""display_type"": ""dropdown"", ""disableFuture"": null, ""attribute_name"": ""l1_name"", ""disablePastWeeks"": null, ""disableFutureWeeks"": null, ""check_configuration"": [{""checkedRows"": [""WOMENS""]}]}]}",false,"{}","",true
156,MEXICO_BOYS,3,false,2025-11-04 10:40:05.589 +0530,2025-11-11 11:01:42.235 +0530,251,251,"{""saved_filter_preference"":[{""values"": [""MEXICO ECOMMERCE""], ""operator"": ""in"", ""dimension"": ""product"", ""startYear"": null, ""disablePast"": null, ""disableType"": null, ""filter_type"": ""cascaded"", ""display_type"": ""dropdown"", ""disableFuture"": null, ""attribute_name"": ""l0_name"", ""disablePastWeeks"": null, ""disableFutureWeeks"": null, ""check_configuration"": [{""checkedRows"": [""MEXICO ECOMMERCE""]}]}, {""values"": [""BOYS""], ""operator"": ""in"", ""dimension"": ""product"", ""startYear"": null, ""disablePast"": null, ""disableType"": null, ""filter_type"": ""cascaded"", ""display_type"": ""dropdown"", ""disableFuture"": null, ""attribute_name"": ""l1_name"", ""disablePastWeeks"": null, ""disableFutureWeeks"": null, ""check_configuration"": [{""checkedRows"": [""BOYS""]}]}]}",true,"{}","",true
157,Carters_AsAF,51,false,2025-11-04 11:38:08.193 +0530,2025-11-04 11:38:21.491 +0530,251,251,"{""saved_filter_preference"":[{""values"": [""CANADA O O ECOM""], ""operator"": ""in"", ""dimension"": ""product"", ""startYear"": null, ""disablePast"": null, ""disableType"": null, ""filter_type"": ""cascaded"", ""display_type"": ""dropdown"", ""disableFuture"": null, ""attribute_name"": ""l0_name"", ""disablePastWeeks"": null, ""disableFutureWeeks"": null, ""check_configuration"": [{""checkedRows"": [""CANADA O O ECOM""]}]}, {""values"": [""WOMENS""], ""operator"": ""in"", ""dimension"": ""product"", ""startYear"": null, ""disablePast"": null, ""disableType"": null, ""filter_type"": ""cascaded"", ""display_type"": ""dropdown"", ""disableFuture"": null, ""attribute_name"": ""l1_name"", ""disablePastWeeks"": null, ""disableFutureWeeks"": null, ""check_configuration"": [{""checkedRows"": [""WOMENS""]}]}]}",false,"{}","",true
158,Carters_zEk7,55,true,2025-11-04 18:21:50.275 +0530,2025-11-04 18:22:01.696 +0530,251,251,"{""saved_filter_preference"":[{""values"": [""CANADA O O OUTLET""], ""operator"": ""in"", ""dimension"": ""product"", ""startYear"": null, ""disablePast"": null, ""disableType"": null, ""filter_type"": ""cascaded"", ""display_type"": ""dropdown"", ""disableFuture"": null, ""attribute_name"": ""l0_name"", ""disablePastWeeks"": null, ""disableFutureWeeks"": null, ""check_configuration"": [{""checkedRows"": [""CANADA O O OUTLET""]}]}, {""values"": [""WOMENS""], ""operator"": ""in"", ""dimension"": ""product"", ""startYear"": null, ""disablePast"": null, ""disableType"": null, ""filter_type"": ""cascaded"", ""display_type"": ""dropdown"", ""disableFuture"": null, ""attribute_name"": ""l1_name"", ""disablePastWeeks"": null, ""disableFutureWeeks"": null, ""check_configuration"": [{""checkedRows"": [""WOMENS""]}]}]}",false,"{}","",true
159,Carters_mctP,55,true,2025-11-06 18:16:39.585 +0530,2025-11-06 18:16:52.091 +0530,251,251,"{""saved_filter_preference"":[{""values"": [""CANADA O O OUTLET""], ""operator"": ""in"", ""dimension"": ""product"", ""startYear"": null, ""disablePast"": null, ""disableType"": null, ""filter_type"": ""cascaded"", ""display_type"": ""dropdown"", ""disableFuture"": null, ""attribute_name"": ""l0_name"", ""disablePastWeeks"": null, ""disableFutureWeeks"": null, ""check_configuration"": [{""checkedRows"": [""CANADA O O OUTLET""]}]}, {""values"": [""WOMENS""], ""operator"": ""in"", ""dimension"": ""product"", ""startYear"": null, ""disablePast"": null, ""disableType"": null, ""filter_type"": ""cascaded"", ""display_type"": ""dropdown"", ""disableFuture"": null, ""attribute_name"": ""l1_name"", ""disablePastWeeks"": null, ""disableFutureWeeks"": null, ""check_configuration"": [{""checkedRows"": [""WOMENS""]}]}]}",false,"{}","",true
160,Carters_GFwf,55,true,2025-11-06 20:25:59.823 +0530,2025-11-06 20:26:14.402 +0530,251,251,"{""saved_filter_preference"":[{""values"": [""CANADA O O OUTLET""], ""operator"": ""in"", ""dimension"": ""product"", ""startYear"": null, ""disablePast"": null, ""disableType"": null, ""filter_type"": ""cascaded"", ""display_type"": ""dropdown"", ""disableFuture"": null, ""attribute_name"": ""l0_name"", ""disablePastWeeks"": null, ""disableFutureWeeks"": null, ""check_configuration"": [{""checkedRows"": [""CANADA O O OUTLET""]}]}, {""values"": [""WOMENS""], ""operator"": ""in"", ""dimension"": ""product"", ""startYear"": null, ""disablePast"": null, ""disableType"": null, ""filter_type"": ""cascaded"", ""display_type"": ""dropdown"", ""disableFuture"": null, ""attribute_name"": ""l1_name"", ""disablePastWeeks"": null, ""disableFutureWeeks"": null, ""check_configuration"": [{""checkedRows"": [""WOMENS""]}]}]}",false,"{}","",true
161,Carters_nJfj,316,false,2025-11-10 17:54:37.664 +0530,2025-11-10 17:54:49.518 +0530,251,251,"{""saved_filter_preference"":[{""values"": [""CANADA O O ECOM""], ""operator"": ""in"", ""dimension"": ""product"", ""startYear"": null, ""disablePast"": null, ""disableType"": null, ""filter_type"": ""cascaded"", ""display_type"": ""dropdown"", ""disableFuture"": null, ""attribute_name"": ""l0_name"", ""disablePastWeeks"": null, ""disableFutureWeeks"": null, ""check_configuration"": null}, {""values"": [""WOMENS""], ""operator"": ""in"", ""dimension"": ""product"", ""startYear"": null, ""disablePast"": null, ""disableType"": null, ""filter_type"": ""cascaded"", ""display_type"": ""dropdown"", ""disableFuture"": null, ""attribute_name"": ""l1_name"", ""disablePastWeeks"": null, ""disableFutureWeeks"": null, ""check_configuration"": [{""checkedRows"": [""WOMENS""]}]}]}",false,"{}","",true
162,Carters_OmK2,325,true,2025-11-10 18:13:00.323 +0530,2025-11-10 18:13:11.984 +0530,251,251,"{""saved_filter_preference"":[{""values"": [""CANADA O O ECOM""], ""operator"": ""in"", ""dimension"": ""product"", ""startYear"": null, ""disablePast"": null, ""disableType"": null, ""filter_type"": ""cascaded"", ""display_type"": ""dropdown"", ""disableFuture"": null, ""attribute_name"": ""l0_name"", ""disablePastWeeks"": null, ""disableFutureWeeks"": null, ""check_configuration"": null}, {""values"": [""WOMENS""], ""operator"": ""in"", ""dimension"": ""product"", ""startYear"": null, ""disablePast"": null, ""disableType"": null, ""filter_type"": ""cascaded"", ""display_type"": ""dropdown"", ""disableFuture"": null, ""attribute_name"": ""l1_name"", ""disablePastWeeks"": null, ""disableFutureWeeks"": null, ""check_configuration"": [{""checkedRows"": [""WOMENS""]}]}]}",false,"{}","",true
163,Carters_SK9g,73,true,2025-11-10 18:35:18.608 +0530,2025-11-10 18:35:30.709 +0530,251,251,"{""saved_filter_preference"":[{""values"": [""CANADA O O ECOM""], ""operator"": ""in"", ""dimension"": ""product"", ""startYear"": null, ""disablePast"": null, ""disableType"": null, ""filter_type"": ""cascaded"", ""display_type"": ""dropdown"", ""disableFuture"": null, ""attribute_name"": ""l0_name"", ""disablePastWeeks"": null, ""disableFutureWeeks"": null, ""check_configuration"": [{""checkedRows"": [""CANADA O O ECOM""]}]}, {""values"": [""WOMENS""], ""operator"": ""in"", ""dimension"": ""product"", ""startYear"": null, ""disablePast"": null, ""disableType"": null, ""filter_type"": ""cascaded"", ""display_type"": ""dropdown"", ""disableFuture"": null, ""attribute_name"": ""l1_name"", ""disablePastWeeks"": null, ""disableFutureWeeks"": null, ""check_configuration"": [{""checkedRows"": [""WOMENS""]}]}]}",false,"{}","",true
164,Carters_5LkI,180,true,2025-11-10 18:44:20.820 +0530,2025-11-10 18:44:32.784 +0530,251,251,"{""saved_filter_preference"":[{""values"": [""CANADA O O ECOM""], ""operator"": ""in"", ""dimension"": ""product"", ""startYear"": null, ""disablePast"": null, ""disableType"": null, ""filter_type"": ""cascaded"", ""display_type"": ""dropdown"", ""disableFuture"": null, ""attribute_name"": ""l0_name"", ""disablePastWeeks"": null, ""disableFutureWeeks"": null, ""check_configuration"": [{""checkedRows"": [""CANADA O O ECOM""]}]}, {""values"": [""WOMENS""], ""operator"": ""in"", ""dimension"": ""product"", ""startYear"": null, ""disablePast"": null, ""disableType"": null, ""filter_type"": ""cascaded"", ""display_type"": ""dropdown"", ""disableFuture"": null, ""attribute_name"": ""l1_name"", ""disablePastWeeks"": null, ""disableFutureWeeks"": null, ""check_configuration"": [{""checkedRows"": [""WOMENS""]}]}]}",false,"{}","",true
165,Carters_H8RF,49,true,2025-11-10 18:53:00.385 +0530,2025-11-10 18:53:12.114 +0530,251,251,"{""saved_filter_preference"":[{""values"": [""CANADA O O ECOM""], ""operator"": ""in"", ""dimension"": ""product"", ""startYear"": null, ""disablePast"": null, ""disableType"": null, ""filter_type"": ""cascaded"", ""display_type"": ""dropdown"", ""disableFuture"": null, ""attribute_name"": ""l0_name"", ""disablePastWeeks"": null, ""disableFutureWeeks"": null, ""check_configuration"": null}, {""values"": [""WOMENS""], ""operator"": ""in"", ""dimension"": ""product"", ""startYear"": null, ""disablePast"": null, ""disableType"": null, ""filter_type"": ""cascaded"", ""display_type"": ""dropdown"", ""disableFuture"": null, ""attribute_name"": ""l1_name"", ""disablePastWeeks"": null, ""disableFutureWeeks"": null, ""check_configuration"": [{""checkedRows"": [""WOMENS""]}]}]}",false,"{}","",true
166,Carters_tUtt,181,true,2025-11-10 18:56:53.130 +0530,2025-11-10 18:57:04.982 +0530,251,251,"{""saved_filter_preference"":[{""values"": [""CANADA O O ECOM""], ""operator"": ""in"", ""dimension"": ""product"", ""startYear"": null, ""disablePast"": null, ""disableType"": null, ""filter_type"": ""cascaded"", ""display_type"": ""dropdown"", ""disableFuture"": null, ""attribute_name"": ""l0_name"", ""disablePastWeeks"": null, ""disableFutureWeeks"": null, ""check_configuration"": null}, {""values"": [""WOMENS""], ""operator"": ""in"", ""dimension"": ""product"", ""startYear"": null, ""disablePast"": null, ""disableType"": null, ""filter_type"": ""cascaded"", ""display_type"": ""dropdown"", ""disableFuture"": null, ""attribute_name"": ""l1_name"", ""disablePastWeeks"": null, ""disableFutureWeeks"": null, ""check_configuration"": [{""checkedRows"": [""WOMENS""]}]}]}",false,"{}","",true
167,Carters_bbba,71,true,2025-11-10 19:21:23.886 +0530,2025-11-10 19:21:36.911 +0530,251,251,"{""saved_filter_preference"":[{""values"": [""CANADA O O ECOM""], ""operator"": ""in"", ""dimension"": ""product"", ""startYear"": null, ""disablePast"": null, ""disableType"": null, ""filter_type"": ""cascaded"", ""display_type"": ""dropdown"", ""disableFuture"": null, ""attribute_name"": ""l0_name"", ""disablePastWeeks"": null, ""disableFutureWeeks"": null, ""check_configuration"": [{""checkedRows"": [""CANADA O O ECOM""]}]}]}",false,"{}","",true
168,dev-test1,3,false,2025-11-11 11:02:28.688 +0530,2025-11-11 11:25:43.356 +0530,251,251,"{""saved_filter_preference"":[{""values"": [""CANADA O O ECOM""], ""operator"": ""in"", ""dimension"": ""product"", ""startYear"": null, ""disablePast"": null, ""disableType"": null, ""filter_type"": ""cascaded"", ""display_type"": ""dropdown"", ""disableFuture"": null, ""attribute_name"": ""l0_name"", ""disablePastWeeks"": null, ""disableFutureWeeks"": null, ""check_configuration"": null}, {""values"": [""BOYS"", ""GIRLS"", ""MENS"", ""WOMENS""], ""operator"": ""in"", ""dimension"": ""product"", ""startYear"": null, ""disablePast"": null, ""disableType"": null, ""filter_type"": ""cascaded"", ""display_type"": ""dropdown"", ""disableFuture"": null, ""attribute_name"": ""l1_name"", ""disablePastWeeks"": null, ""disableFutureWeeks"": null, ""check_configuration"": [{""meta"": {}, ""checkAll"": true}]}]}",true,"{}","",true
169,dev-test2,3,false,2025-11-11 11:05:28.559 +0530,2025-11-11 11:25:37.802 +0530,251,251,"{""saved_filter_preference"":[{""values"": [""CANADA O O ECOM""], ""operator"": ""in"", ""dimension"": ""product"", ""startYear"": null, ""disablePast"": null, ""disableType"": null, ""filter_type"": ""cascaded"", ""display_type"": ""dropdown"", ""disableFuture"": null, ""attribute_name"": ""l0_name"", ""disablePastWeeks"": null, ""disableFutureWeeks"": null, ""check_configuration"": null}, {""values"": [""BOYS"", ""GIRLS"", ""MENS"", ""WOMENS""], ""operator"": ""in"", ""dimension"": ""product"", ""startYear"": null, ""disablePast"": null, ""disableType"": null, ""filter_type"": ""cascaded"", ""display_type"": ""dropdown"", ""disableFuture"": null, ""attribute_name"": ""l1_name"", ""disablePastWeeks"": null, ""disableFutureWeeks"": null, ""check_configuration"": [{""meta"": {}, ""checkAll"": true}]}]}",true,"{""251"": ""2025-11-11T05:54:50.160456+00:00""}","",true
170,dev-test1,3,false,2025-11-11 11:26:37.867 +0530,2025-11-19 17:19:09.724 +0530,251,251,"{""saved_filter_preference"":[{""values"": [""CANADA O O ECOM""], ""operator"": ""in"", ""dimension"": ""product"", ""startYear"": null, ""disablePast"": null, ""disableType"": null, ""filter_type"": ""cascaded"", ""display_type"": ""dropdown"", ""disableFuture"": null, ""attribute_name"": ""l0_name"", ""disablePastWeeks"": null, ""disableFutureWeeks"": null, ""check_configuration"": null}, {""values"": [""BOYS"", ""GIRLS"", ""MENS"", ""WOMENS""], ""operator"": ""in"", ""dimension"": ""product"", ""startYear"": null, ""disablePast"": null, ""disableType"": null, ""filter_type"": ""cascaded"", ""display_type"": ""dropdown"", ""disableFuture"": null, ""attribute_name"": ""l1_name"", ""disablePastWeeks"": null, ""disableFutureWeeks"": null, ""check_configuration"": [{""meta"": {}, ""checkAll"": true}]}, {""values"": [""ACCESSORIES"", ""BOTTOMS"", ""FOOTWEAR"", ""TOPS""], ""operator"": ""in"", ""dimension"": ""product"", ""startYear"": null, ""disablePast"": null, ""disableType"": null, ""filter_type"": ""cascaded"", ""display_type"": ""dropdown"", ""disableFuture"": null, ""attribute_name"": ""l3_name"", ""disablePastWeeks"": null, ""disableFutureWeeks"": null, ""check_configuration"": [{""meta"": {}, ""checkAll"": true}]}, {""values"": [""ALTERNATIVE LENGTHS"", ""BAGS"", ""BELTS"", ""BODYWEAR BOTTOMS"", ""DRESSES"", ""GIFT SETS"", ""GLOVES"", ""HEADGEAR"", ""JEANS"", ""KHAKIS"", ""OTHER PANTS"", ""OUTERWEAR"", ""POLOS"", ""SANDALS"", ""SCARVES OR NECKWEAR"", ""SHOES"", ""SHORTS"", ""SKIRTS"", ""SNEAKERS"", ""SOCKS"", ""SWEATERS"", ""SWEATSHIRTS"", ""TAILOR SHOP"", ""TEES"", ""TRINKETS"", ""TRUCKERS"", ""UNDERWEAR"", ""WALLETS"", ""WOVEN TOPS""], ""operator"": ""in"", ""dimension"": ""product"", ""startYear"": null, ""disablePast"": null, ""disableType"": null, ""filter_type"": ""cascaded"", ""display_type"": ""dropdown"", ""disableFuture"": null, ""attribute_name"": ""l4_name"", ""disablePastWeeks"": null, ""disableFutureWeeks"": null, ""check_configuration"": [{""meta"": {}, ""checkAll"": true}]}]}",true,"{}","",true
171,dev-test2,3,false,2025-11-11 11:27:14.760 +0530,2025-11-12 12:30:49.290 +0530,251,251,"{""saved_filter_preference"":[{""values"": [""CANADA O O ECOM""], ""operator"": ""in"", ""dimension"": ""product"", ""startYear"": null, ""disablePast"": null, ""disableType"": null, ""filter_type"": ""cascaded"", ""display_type"": ""dropdown"", ""disableFuture"": null, ""attribute_name"": ""l0_name"", ""disablePastWeeks"": null, ""disableFutureWeeks"": null, ""check_configuration"": null}, {""values"": [""BOYS"", ""GIRLS"", ""MENS"", ""WOMENS""], ""operator"": ""in"", ""dimension"": ""product"", ""startYear"": null, ""disablePast"": null, ""disableType"": null, ""filter_type"": ""cascaded"", ""display_type"": ""dropdown"", ""disableFuture"": null, ""attribute_name"": ""l1_name"", ""disablePastWeeks"": null, ""disableFutureWeeks"": null, ""check_configuration"": [{""meta"": {}, ""checkAll"": true}]}]}",true,"{""251"": ""2025-11-11T05:57:42.10429+00:00""}","",true
172,Carters_LLXq,316,false,2025-11-15 12:00:22.607 +0530,2025-11-15 12:00:34.924 +0530,251,251,"{""saved_filter_preference"":[{""values"": [""CANADA O O ECOM""], ""operator"": ""in"", ""dimension"": ""product"", ""startYear"": null, ""disablePast"": null, ""disableType"": null, ""filter_type"": ""cascaded"", ""display_type"": ""dropdown"", ""disableFuture"": null, ""attribute_name"": ""l0_name"", ""disablePastWeeks"": null, ""disableFutureWeeks"": null, ""check_configuration"": null}, {""values"": [""WOMENS""], ""operator"": ""in"", ""dimension"": ""product"", ""startYear"": null, ""disablePast"": null, ""disableType"": null, ""filter_type"": ""cascaded"", ""display_type"": ""dropdown"", ""disableFuture"": null, ""attribute_name"": ""l1_name"", ""disablePastWeeks"": null, ""disableFutureWeeks"": null, ""check_configuration"": [{""checkedRows"": [""WOMENS""]}]}]}",false,"{}","",true
173,Carters_oIvs,325,true,2025-11-15 12:18:58.379 +0530,2025-11-15 12:19:10.003 +0530,251,251,"{""saved_filter_preference"":[{""values"": [""CANADA O O ECOM""], ""operator"": ""in"", ""dimension"": ""product"", ""startYear"": null, ""disablePast"": null, ""disableType"": null, ""filter_type"": ""cascaded"", ""display_type"": ""dropdown"", ""disableFuture"": null, ""attribute_name"": ""l0_name"", ""disablePastWeeks"": null, ""disableFutureWeeks"": null, ""check_configuration"": null}, {""values"": [""WOMENS""], ""operator"": ""in"", ""dimension"": ""product"", ""startYear"": null, ""disablePast"": null, ""disableType"": null, ""filter_type"": ""cascaded"", ""display_type"": ""dropdown"", ""disableFuture"": null, ""attribute_name"": ""l1_name"", ""disablePastWeeks"": null, ""disableFutureWeeks"": null, ""check_configuration"": [{""checkedRows"": [""WOMENS""]}]}]}",false,"{}","",true
174,Carters_EMma,73,true,2025-11-15 12:40:23.796 +0530,2025-11-15 12:40:35.285 +0530,251,251,"{""saved_filter_preference"":[{""values"": [""CANADA O O ECOM""], ""operator"": ""in"", ""dimension"": ""product"", ""startYear"": null, ""disablePast"": null, ""disableType"": null, ""filter_type"": ""cascaded"", ""display_type"": ""dropdown"", ""disableFuture"": null, ""attribute_name"": ""l0_name"", ""disablePastWeeks"": null, ""disableFutureWeeks"": null, ""check_configuration"": [{""checkedRows"": [""CANADA O O ECOM""]}]}, {""values"": [""WOMENS""], ""operator"": ""in"", ""dimension"": ""product"", ""startYear"": null, ""disablePast"": null, ""disableType"": null, ""filter_type"": ""cascaded"", ""display_type"": ""dropdown"", ""disableFuture"": null, ""attribute_name"": ""l1_name"", ""disablePastWeeks"": null, ""disableFutureWeeks"": null, ""check_configuration"": [{""checkedRows"": [""WOMENS""]}]}]}",false,"{}","",true
175,Carters_ldTU,180,true,2025-11-15 12:49:45.954 +0530,2025-11-15 12:49:57.917 +0530,251,251,"{""saved_filter_preference"":[{""values"": [""CANADA O O ECOM""], ""operator"": ""in"", ""dimension"": ""product"", ""startYear"": null, ""disablePast"": null, ""disableType"": null, ""filter_type"": ""cascaded"", ""display_type"": ""dropdown"", ""disableFuture"": null, ""attribute_name"": ""l0_name"", ""disablePastWeeks"": null, ""disableFutureWeeks"": null, ""check_configuration"": [{""checkedRows"": [""CANADA O O ECOM""]}]}, {""values"": [""WOMENS""], ""operator"": ""in"", ""dimension"": ""product"", ""startYear"": null, ""disablePast"": null, ""disableType"": null, ""filter_type"": ""cascaded"", ""display_type"": ""dropdown"", ""disableFuture"": null, ""attribute_name"": ""l1_name"", ""disablePastWeeks"": null, ""disableFutureWeeks"": null, ""check_configuration"": [{""checkedRows"": [""WOMENS""]}]}]}",false,"{}","",true
176,Carters_1s5f,49,true,2025-11-15 12:58:13.689 +0530,2025-11-15 12:58:25.612 +0530,251,251,"{""saved_filter_preference"":[{""values"": [""CANADA O O ECOM""], ""operator"": ""in"", ""dimension"": ""product"", ""startYear"": null, ""disablePast"": null, ""disableType"": null, ""filter_type"": ""cascaded"", ""display_type"": ""dropdown"", ""disableFuture"": null, ""attribute_name"": ""l0_name"", ""disablePastWeeks"": null, ""disableFutureWeeks"": null, ""check_configuration"": null}, {""values"": [""WOMENS""], ""operator"": ""in"", ""dimension"": ""product"", ""startYear"": null, ""disablePast"": null, ""disableType"": null, ""filter_type"": ""cascaded"", ""display_type"": ""dropdown"", ""disableFuture"": null, ""attribute_name"": ""l1_name"", ""disablePastWeeks"": null, ""disableFutureWeeks"": null, ""check_configuration"": [{""checkedRows"": [""WOMENS""]}]}]}",false,"{}","",true
177,Carters_qDVU,181,true,2025-11-15 13:03:32.502 +0530,2025-11-15 13:03:44.185 +0530,251,251,"{""saved_filter_preference"":[{""values"": [""CANADA O O ECOM""], ""operator"": ""in"", ""dimension"": ""product"", ""startYear"": null, ""disablePast"": null, ""disableType"": null, ""filter_type"": ""cascaded"", ""display_type"": ""dropdown"", ""disableFuture"": null, ""attribute_name"": ""l0_name"", ""disablePastWeeks"": null, ""disableFutureWeeks"": null, ""check_configuration"": null}, {""values"": [""WOMENS""], ""operator"": ""in"", ""dimension"": ""product"", ""startYear"": null, ""disablePast"": null, ""disableType"": null, ""filter_type"": ""cascaded"", ""display_type"": ""dropdown"", ""disableFuture"": null, ""attribute_name"": ""l1_name"", ""disablePastWeeks"": null, ""disableFutureWeeks"": null, ""check_configuration"": [{""checkedRows"": [""WOMENS""]}]}]}",false,"{}","",true
178,Carters_rX3m,316,false,2025-11-18 11:27:11.955 +0530,2025-11-18 11:27:25.635 +0530,251,251,"{""saved_filter_preference"":[{""values"": [""CANADA O O ECOM""], ""operator"": ""in"", ""dimension"": ""product"", ""startYear"": null, ""disablePast"": null, ""disableType"": null, ""filter_type"": ""cascaded"", ""display_type"": ""dropdown"", ""disableFuture"": null, ""attribute_name"": ""l0_name"", ""disablePastWeeks"": null, ""disableFutureWeeks"": null, ""check_configuration"": null}, {""values"": [""WOMENS""], ""operator"": ""in"", ""dimension"": ""product"", ""startYear"": null, ""disablePast"": null, ""disableType"": null, ""filter_type"": ""cascaded"", ""display_type"": ""dropdown"", ""disableFuture"": null, ""attribute_name"": ""l1_name"", ""disablePastWeeks"": null, ""disableFutureWeeks"": null, ""check_configuration"": [{""checkedRows"": [""WOMENS""]}]}]}",false,"{}","",true
179,Carters_qRqC,316,false,2025-11-18 12:29:35.466 +0530,2025-11-18 12:29:49.021 +0530,251,251,"{""saved_filter_preference"":[{""values"": [""CANADA O O ECOM""], ""operator"": ""in"", ""dimension"": ""product"", ""startYear"": null, ""disablePast"": null, ""disableType"": null, ""filter_type"": ""cascaded"", ""display_type"": ""dropdown"", ""disableFuture"": null, ""attribute_name"": ""l0_name"", ""disablePastWeeks"": null, ""disableFutureWeeks"": null, ""check_configuration"": null}, {""values"": [""WOMENS""], ""operator"": ""in"", ""dimension"": ""product"", ""startYear"": null, ""disablePast"": null, ""disableType"": null, ""filter_type"": ""cascaded"", ""display_type"": ""dropdown"", ""disableFuture"": null, ""attribute_name"": ""l1_name"", ""disablePastWeeks"": null, ""disableFutureWeeks"": null, ""check_configuration"": [{""checkedRows"": [""WOMENS""]}]}]}",false,"{}","",true
180,Carters_Nb4L,316,false,2025-11-18 14:08:29.811 +0530,2025-11-18 14:08:46.535 +0530,251,251,"{""saved_filter_preference"":[{""values"": [""CANADA O O ECOM""], ""operator"": ""in"", ""dimension"": ""product"", ""startYear"": null, ""disablePast"": null, ""disableType"": null, ""filter_type"": ""cascaded"", ""display_type"": ""dropdown"", ""disableFuture"": null, ""attribute_name"": ""l0_name"", ""disablePastWeeks"": null, ""disableFutureWeeks"": null, ""check_configuration"": null}, {""values"": [""WOMENS""], ""operator"": ""in"", ""dimension"": ""product"", ""startYear"": null, ""disablePast"": null, ""disableType"": null, ""filter_type"": ""cascaded"", ""display_type"": ""dropdown"", ""disableFuture"": null, ""attribute_name"": ""l1_name"", ""disablePastWeeks"": null, ""disableFutureWeeks"": null, ""check_configuration"": [{""checkedRows"": [""WOMENS""]}]}]}",false,"{}","",true
181,Carters_UCoA,180,true,2025-11-18 15:36:26.561 +0530,2025-11-18 15:36:41.124 +0530,251,251,"{""saved_filter_preference"":[{""values"": [""CANADA O O ECOM""], ""operator"": ""in"", ""dimension"": ""product"", ""startYear"": null, ""disablePast"": null, ""disableType"": null, ""filter_type"": ""cascaded"", ""display_type"": ""dropdown"", ""disableFuture"": null, ""attribute_name"": ""l0_name"", ""disablePastWeeks"": null, ""disableFutureWeeks"": null, ""check_configuration"": [{""checkedRows"": [""CANADA O O ECOM""]}]}, {""values"": [""WOMENS""], ""operator"": ""in"", ""dimension"": ""product"", ""startYear"": null, ""disablePast"": null, ""disableType"": null, ""filter_type"": ""cascaded"", ""display_type"": ""dropdown"", ""disableFuture"": null, ""attribute_name"": ""l1_name"", ""disablePastWeeks"": null, ""disableFutureWeeks"": null, ""check_configuration"": [{""checkedRows"": [""WOMENS""]}]}]}",false,"{}","",true
182,Carters_LIId,181,true,2025-11-18 16:46:13.216 +0530,2025-11-18 16:46:29.197 +0530,251,251,"{""saved_filter_preference"":[{""values"": [""CANADA O O ECOM""], ""operator"": ""in"", ""dimension"": ""product"", ""startYear"": null, ""disablePast"": null, ""disableType"": null, ""filter_type"": ""cascaded"", ""display_type"": ""dropdown"", ""disableFuture"": null, ""attribute_name"": ""l0_name"", ""disablePastWeeks"": null, ""disableFutureWeeks"": null, ""check_configuration"": null}, {""values"": [""WOMENS""], ""operator"": ""in"", ""dimension"": ""product"", ""startYear"": null, ""disablePast"": null, ""disableType"": null, ""filter_type"": ""cascaded"", ""display_type"": ""dropdown"", ""disableFuture"": null, ""attribute_name"": ""l1_name"", ""disablePastWeeks"": null, ""disableFutureWeeks"": null, ""check_configuration"": [{""checkedRows"": [""WOMENS""]}]}]}",false,"{}","",true
183,Carters_R6Wf,180,true,2025-11-18 16:48:42.861 +0530,2025-11-18 16:48:58.071 +0530,251,251,"{""saved_filter_preference"":[{""values"": [""CANADA O O ECOM""], ""operator"": ""in"", ""dimension"": ""product"", ""startYear"": null, ""disablePast"": null, ""disableType"": null, ""filter_type"": ""cascaded"", ""display_type"": ""dropdown"", ""disableFuture"": null, ""attribute_name"": ""l0_name"", ""disablePastWeeks"": null, ""disableFutureWeeks"": null, ""check_configuration"": [{""checkedRows"": [""CANADA O O ECOM""]}]}, {""values"": [""WOMENS""], ""operator"": ""in"", ""dimension"": ""product"", ""startYear"": null, ""disablePast"": null, ""disableType"": null, ""filter_type"": ""cascaded"", ""display_type"": ""dropdown"", ""disableFuture"": null, ""attribute_name"": ""l1_name"", ""disablePastWeeks"": null, ""disableFutureWeeks"": null, ""check_configuration"": [{""checkedRows"": [""WOMENS""]}]}]}",false,"{}","",true
184,Carters_wKEK,316,false,2025-11-18 22:41:57.258 +0530,2025-11-18 22:42:09.640 +0530,251,251,"{""saved_filter_preference"":[{""values"": [""CANADA O O ECOM""], ""operator"": ""in"", ""dimension"": ""product"", ""startYear"": null, ""disablePast"": null, ""disableType"": null, ""filter_type"": ""cascaded"", ""display_type"": ""dropdown"", ""disableFuture"": null, ""attribute_name"": ""l0_name"", ""disablePastWeeks"": null, ""disableFutureWeeks"": null, ""check_configuration"": null}, {""values"": [""WOMENS""], ""operator"": ""in"", ""dimension"": ""product"", ""startYear"": null, ""disablePast"": null, ""disableType"": null, ""filter_type"": ""cascaded"", ""display_type"": ""dropdown"", ""disableFuture"": null, ""attribute_name"": ""l1_name"", ""disablePastWeeks"": null, ""disableFutureWeeks"": null, ""check_configuration"": [{""checkedRows"": [""WOMENS""]}]}]}",false,"{}","",true
185,Carters_ibL7,325,true,2025-11-18 22:55:59.650 +0530,2025-11-18 22:56:11.720 +0530,251,251,"{""saved_filter_preference"":[{""values"": [""CANADA O O ECOM""], ""operator"": ""in"", ""dimension"": ""product"", ""startYear"": null, ""disablePast"": null, ""disableType"": null, ""filter_type"": ""cascaded"", ""display_type"": ""dropdown"", ""disableFuture"": null, ""attribute_name"": ""l0_name"", ""disablePastWeeks"": null, ""disableFutureWeeks"": null, ""check_configuration"": null}, {""values"": [""WOMENS""], ""operator"": ""in"", ""dimension"": ""product"", ""startYear"": null, ""disablePast"": null, ""disableType"": null, ""filter_type"": ""cascaded"", ""display_type"": ""dropdown"", ""disableFuture"": null, ""attribute_name"": ""l1_name"", ""disablePastWeeks"": null, ""disableFutureWeeks"": null, ""check_configuration"": [{""checkedRows"": [""WOMENS""]}]}]}",false,"{}","",true
186,Carters_z4Mn,73,true,2025-11-18 23:15:34.160 +0530,2025-11-18 23:15:45.679 +0530,251,251,"{""saved_filter_preference"":[{""values"": [""CANADA O O ECOM""], ""operator"": ""in"", ""dimension"": ""product"", ""startYear"": null, ""disablePast"": null, ""disableType"": null, ""filter_type"": ""cascaded"", ""display_type"": ""dropdown"", ""disableFuture"": null, ""attribute_name"": ""l0_name"", ""disablePastWeeks"": null, ""disableFutureWeeks"": null, ""check_configuration"": [{""checkedRows"": [""CANADA O O ECOM""]}]}, {""values"": [""WOMENS""], ""operator"": ""in"", ""dimension"": ""product"", ""startYear"": null, ""disablePast"": null, ""disableType"": null, ""filter_type"": ""cascaded"", ""display_type"": ""dropdown"", ""disableFuture"": null, ""attribute_name"": ""l1_name"", ""disablePastWeeks"": null, ""disableFutureWeeks"": null, ""check_configuration"": [{""checkedRows"": [""WOMENS""]}]}]}",false,"{}","",true
187,Carters_Cko7,180,true,2025-11-18 23:24:44.794 +0530,2025-11-18 23:24:57.263 +0530,251,251,"{""saved_filter_preference"":[{""values"": [""CANADA O O ECOM""], ""operator"": ""in"", ""dimension"": ""product"", ""startYear"": null, ""disablePast"": null, ""disableType"": null, ""filter_type"": ""cascaded"", ""display_type"": ""dropdown"", ""disableFuture"": null, ""attribute_name"": ""l0_name"", ""disablePastWeeks"": null, ""disableFutureWeeks"": null, ""check_configuration"": [{""checkedRows"": [""CANADA O O ECOM""]}]}, {""values"": [""WOMENS""], ""operator"": ""in"", ""dimension"": ""product"", ""startYear"": null, ""disablePast"": null, ""disableType"": null, ""filter_type"": ""cascaded"", ""display_type"": ""dropdown"", ""disableFuture"": null, ""attribute_name"": ""l1_name"", ""disablePastWeeks"": null, ""disableFutureWeeks"": null, ""check_configuration"": [{""checkedRows"": [""WOMENS""]}]}]}",false,"{}","",true
188,Carters_Uf97,325,true,2025-11-18 23:28:43.927 +0530,2025-11-18 23:28:59.096 +0530,251,251,"{""saved_filter_preference"":[{""values"": [""CANADA O O ECOM""], ""operator"": ""in"", ""dimension"": ""product"", ""startYear"": null, ""disablePast"": null, ""disableType"": null, ""filter_type"": ""cascaded"", ""display_type"": ""dropdown"", ""disableFuture"": null, ""attribute_name"": ""l0_name"", ""disablePastWeeks"": null, ""disableFutureWeeks"": null, ""check_configuration"": null}, {""values"": [""WOMENS""], ""operator"": ""in"", ""dimension"": ""product"", ""startYear"": null, ""disablePast"": null, ""disableType"": null, ""filter_type"": ""cascaded"", ""display_type"": ""dropdown"", ""disableFuture"": null, ""attribute_name"": ""l1_name"", ""disablePastWeeks"": null, ""disableFutureWeeks"": null, ""check_configuration"": [{""checkedRows"": [""WOMENS""]}]}]}",false,"{}","",true
189,Carters_aOVV,49,true,2025-11-18 23:32:51.126 +0530,2025-11-18 23:33:03.131 +0530,251,251,"{""saved_filter_preference"":[{""values"": [""CANADA O O ECOM""], ""operator"": ""in"", ""dimension"": ""product"", ""startYear"": null, ""disablePast"": null, ""disableType"": null, ""filter_type"": ""cascaded"", ""display_type"": ""dropdown"", ""disableFuture"": null, ""attribute_name"": ""l0_name"", ""disablePastWeeks"": null, ""disableFutureWeeks"": null, ""check_configuration"": null}, {""values"": [""WOMENS""], ""operator"": ""in"", ""dimension"": ""product"", ""startYear"": null, ""disablePast"": null, ""disableType"": null, ""filter_type"": ""cascaded"", ""display_type"": ""dropdown"", ""disableFuture"": null, ""attribute_name"": ""l1_name"", ""disablePastWeeks"": null, ""disableFutureWeeks"": null, ""check_configuration"": [{""checkedRows"": [""WOMENS""]}]}]}",false,"{}","",true
190,Carters_wRgl,71,true,2025-11-18 23:59:39.703 +0530,2025-11-18 23:59:51.578 +0530,251,251,"{""saved_filter_preference"":[{""values"": [""CANADA O O ECOM""], ""operator"": ""in"", ""dimension"": ""product"", ""startYear"": null, ""disablePast"": null, ""disableType"": null, ""filter_type"": ""cascaded"", ""display_type"": ""dropdown"", ""disableFuture"": null, ""attribute_name"": ""l0_name"", ""disablePastWeeks"": null, ""disableFutureWeeks"": null, ""check_configuration"": [{""checkedRows"": [""CANADA O O ECOM""]}]}]}",false,"{}","",true
191,Carters_bg8D,63,true,2025-11-19 00:06:03.860 +0530,2025-11-19 00:06:15.464 +0530,251,251,"{""saved_filter_preference"":[{""values"": [""2025-07-01"", ""2025-07-15""], ""operator"": ""in"", ""dimension"": ""custom"", ""startYear"": null, ""disablePast"": null, ""disableType"": ""disableOnlyFuture"", ""filter_type"": ""non-cascaded"", ""display_type"": ""rangePicker"", ""disableFuture"": null, ""attribute_name"": ""range-picker"", ""disablePastWeeks"": null, ""disableFutureWeeks"": null, ""check_configuration"": []}, {""values"": [""CANADA O O OUTLET""], ""operator"": ""in"", ""dimension"": ""product"", ""startYear"": null, ""disablePast"": null, ""disableType"": null, ""filter_type"": ""cascaded"", ""display_type"": ""dropdown"", ""disableFuture"": null, ""attribute_name"": ""l0_name"", ""disablePastWeeks"": null, ""disableFutureWeeks"": null, ""check_configuration"": [{""checkedRows"": [""CANADA O O OUTLET""]}]}]}",false,"{}","",true
192,Carters_uZzg,316,false,2025-11-19 00:34:55.998 +0530,2025-11-19 00:35:08.118 +0530,251,251,"{""saved_filter_preference"":[{""values"": [""CANADA O O ECOM""], ""operator"": ""in"", ""dimension"": ""product"", ""startYear"": null, ""disablePast"": null, ""disableType"": null, ""filter_type"": ""cascaded"", ""display_type"": ""dropdown"", ""disableFuture"": null, ""attribute_name"": ""l0_name"", ""disablePastWeeks"": null, ""disableFutureWeeks"": null, ""check_configuration"": null}, {""values"": [""WOMENS""], ""operator"": ""in"", ""dimension"": ""product"", ""startYear"": null, ""disablePast"": null, ""disableType"": null, ""filter_type"": ""cascaded"", ""display_type"": ""dropdown"", ""disableFuture"": null, ""attribute_name"": ""l1_name"", ""disablePastWeeks"": null, ""disableFutureWeeks"": null, ""check_configuration"": [{""checkedRows"": [""WOMENS""]}]}]}",false,"{}","",true
193,Carters_ET8G,325,true,2025-11-19 00:46:40.257 +0530,2025-11-19 00:46:52.121 +0530,251,251,"{""saved_filter_preference"":[{""values"": [""CANADA O O ECOM""], ""operator"": ""in"", ""dimension"": ""product"", ""startYear"": null, ""disablePast"": null, ""disableType"": null, ""filter_type"": ""cascaded"", ""display_type"": ""dropdown"", ""disableFuture"": null, ""attribute_name"": ""l0_name"", ""disablePastWeeks"": null, ""disableFutureWeeks"": null, ""check_configuration"": null}, {""values"": [""WOMENS""], ""operator"": ""in"", ""dimension"": ""product"", ""startYear"": null, ""disablePast"": null, ""disableType"": null, ""filter_type"": ""cascaded"", ""display_type"": ""dropdown"", ""disableFuture"": null, ""attribute_name"": ""l1_name"", ""disablePastWeeks"": null, ""disableFutureWeeks"": null, ""check_configuration"": [{""checkedRows"": [""WOMENS""]}]}]}",false,"{}","",true
194,Carters_g4p2,73,true,2025-11-19 01:05:20.364 +0530,2025-11-19 01:05:32.380 +0530,251,251,"{""saved_filter_preference"":[{""values"": [""CANADA O O ECOM""], ""operator"": ""in"", ""dimension"": ""product"", ""startYear"": null, ""disablePast"": null, ""disableType"": null, ""filter_type"": ""cascaded"", ""display_type"": ""dropdown"", ""disableFuture"": null, ""attribute_name"": ""l0_name"", ""disablePastWeeks"": null, ""disableFutureWeeks"": null, ""check_configuration"": [{""checkedRows"": [""CANADA O O ECOM""]}]}, {""values"": [""WOMENS""], ""operator"": ""in"", ""dimension"": ""product"", ""startYear"": null, ""disablePast"": null, ""disableType"": null, ""filter_type"": ""cascaded"", ""display_type"": ""dropdown"", ""disableFuture"": null, ""attribute_name"": ""l1_name"", ""disablePastWeeks"": null, ""disableFutureWeeks"": null, ""check_configuration"": [{""checkedRows"": [""WOMENS""]}]}]}",false,"{}","",true
195,Carters_hZpw,180,true,2025-11-19 01:14:45.978 +0530,2025-11-19 01:14:57.675 +0530,251,251,"{""saved_filter_preference"":[{""values"": [""CANADA O O ECOM""], ""operator"": ""in"", ""dimension"": ""product"", ""startYear"": null, ""disablePast"": null, ""disableType"": null, ""filter_type"": ""cascaded"", ""display_type"": ""dropdown"", ""disableFuture"": null, ""attribute_name"": ""l0_name"", ""disablePastWeeks"": null, ""disableFutureWeeks"": null, ""check_configuration"": [{""checkedRows"": [""CANADA O O ECOM""]}]}, {""values"": [""WOMENS""], ""operator"": ""in"", ""dimension"": ""product"", ""startYear"": null, ""disablePast"": null, ""disableType"": null, ""filter_type"": ""cascaded"", ""display_type"": ""dropdown"", ""disableFuture"": null, ""attribute_name"": ""l1_name"", ""disablePastWeeks"": null, ""disableFutureWeeks"": null, ""check_configuration"": [{""checkedRows"": [""WOMENS""]}]}]}",false,"{}","",true
196,Carters_9mqb,49,true,2025-11-19 01:22:33.554 +0530,2025-11-19 01:22:45.159 +0530,251,251,"{""saved_filter_preference"":[{""values"": [""CANADA O O ECOM""], ""operator"": ""in"", ""dimension"": ""product"", ""startYear"": null, ""disablePast"": null, ""disableType"": null, ""filter_type"": ""cascaded"", ""display_type"": ""dropdown"", ""disableFuture"": null, ""attribute_name"": ""l0_name"", ""disablePastWeeks"": null, ""disableFutureWeeks"": null, ""check_configuration"": null}, {""values"": [""WOMENS""], ""operator"": ""in"", ""dimension"": ""product"", ""startYear"": null, ""disablePast"": null, ""disableType"": null, ""filter_type"": ""cascaded"", ""display_type"": ""dropdown"", ""disableFuture"": null, ""attribute_name"": ""l1_name"", ""disablePastWeeks"": null, ""disableFutureWeeks"": null, ""check_configuration"": [{""checkedRows"": [""WOMENS""]}]}]}",false,"{}","",true
197,Carters_5xHR,181,true,2025-11-19 01:28:37.812 +0530,2025-11-19 01:28:51.673 +0530,251,251,"{""saved_filter_preference"":[{""values"": [""CANADA O O ECOM""], ""operator"": ""in"", ""dimension"": ""product"", ""startYear"": null, ""disablePast"": null, ""disableType"": null, ""filter_type"": ""cascaded"", ""display_type"": ""dropdown"", ""disableFuture"": null, ""attribute_name"": ""l0_name"", ""disablePastWeeks"": null, ""disableFutureWeeks"": null, ""check_configuration"": null}, {""values"": [""WOMENS""], ""operator"": ""in"", ""dimension"": ""product"", ""startYear"": null, ""disablePast"": null, ""disableType"": null, ""filter_type"": ""cascaded"", ""display_type"": ""dropdown"", ""disableFuture"": null, ""attribute_name"": ""l1_name"", ""disablePastWeeks"": null, ""disableFutureWeeks"": null, ""check_configuration"": [{""checkedRows"": [""WOMENS""]}]}]}",false,"{}","",true
198,Carters_gJRd,71,true,2025-11-19 01:46:42.212 +0530,2025-11-19 01:46:54.632 +0530,251,251,"{""saved_filter_preference"":[{""values"": [""CANADA O O ECOM""], ""operator"": ""in"", ""dimension"": ""product"", ""startYear"": null, ""disablePast"": null, ""disableType"": null, ""filter_type"": ""cascaded"", ""display_type"": ""dropdown"", ""disableFuture"": null, ""attribute_name"": ""l0_name"", ""disablePastWeeks"": null, ""disableFutureWeeks"": null, ""check_configuration"": [{""checkedRows"": [""CANADA O O ECOM""]}]}]}",false,"{}","",true
199,Carters_3GF8,63,true,2025-11-19 01:52:53.725 +0530,2025-11-19 01:53:04.951 +0530,251,251,"{""saved_filter_preference"":[{""values"": [""2025-07-01"", ""2025-07-15""], ""operator"": ""in"", ""dimension"": ""custom"", ""startYear"": null, ""disablePast"": null, ""disableType"": ""disableOnlyFuture"", ""filter_type"": ""non-cascaded"", ""display_type"": ""rangePicker"", ""disableFuture"": null, ""attribute_name"": ""range-picker"", ""disablePastWeeks"": null, ""disableFutureWeeks"": null, ""check_configuration"": []}, {""values"": [""CANADA O O OUTLET""], ""operator"": ""in"", ""dimension"": ""product"", ""startYear"": null, ""disablePast"": null, ""disableType"": null, ""filter_type"": ""cascaded"", ""display_type"": ""dropdown"", ""disableFuture"": null, ""attribute_name"": ""l0_name"", ""disablePastWeeks"": null, ""disableFutureWeeks"": null, ""check_configuration"": [{""checkedRows"": [""CANADA O O OUTLET""]}]}]}",false,"{}","",true
200,Carters_RCFz,316,false,2025-11-19 18:17:32.710 +0530,2025-11-19 18:17:46.498 +0530,251,251,"{""saved_filter_preference"":[{""values"": [""CANADA O O ECOM""], ""operator"": ""in"", ""dimension"": ""product"", ""startYear"": null, ""disablePast"": null, ""disableType"": null, ""filter_type"": ""cascaded"", ""display_type"": ""dropdown"", ""disableFuture"": null, ""attribute_name"": ""l0_name"", ""disablePastWeeks"": null, ""disableFutureWeeks"": null, ""check_configuration"": null}, {""values"": [""WOMENS""], ""operator"": ""in"", ""dimension"": ""product"", ""startYear"": null, ""disablePast"": null, ""disableType"": null, ""filter_type"": ""cascaded"", ""display_type"": ""dropdown"", ""disableFuture"": null, ""attribute_name"": ""l1_name"", ""disablePastWeeks"": null, ""disableFutureWeeks"": null, ""check_configuration"": [{""checkedRows"": [""WOMENS""]}]}]}",false,"{}","",true
201,Carters_VGcI,325,false,2025-11-19 18:30:08.931 +0530,2026-01-19 12:45:17.625 +0530,251,251,"{""saved_filter_preference"":[{""values"": [""CANADA O O ECOM""], ""operator"": ""in"", ""dimension"": ""product"", ""startYear"": null, ""disablePast"": null, ""disableType"": null, ""filter_type"": ""cascaded"", ""display_type"": ""dropdown"", ""disableFuture"": null, ""attribute_name"": ""l0_name"", ""disablePastWeeks"": null, ""disableFutureWeeks"": null, ""check_configuration"": null}, {""values"": [""WOMENS""], ""operator"": ""in"", ""dimension"": ""product"", ""startYear"": null, ""disablePast"": null, ""disableType"": null, ""filter_type"": ""cascaded"", ""display_type"": ""dropdown"", ""disableFuture"": null, ""attribute_name"": ""l1_name"", ""disablePastWeeks"": null, ""disableFutureWeeks"": null, ""check_configuration"": [{""checkedRows"": [""WOMENS""]}]}]}",false,"{}","",true
202,Carters_Bzns,73,true,2025-11-19 18:49:47.869 +0530,2025-11-19 18:49:59.755 +0530,251,251,"{""saved_filter_preference"":[{""values"": [""CANADA O O ECOM""], ""operator"": ""in"", ""dimension"": ""product"", ""startYear"": null, ""disablePast"": null, ""disableType"": null, ""filter_type"": ""cascaded"", ""display_type"": ""dropdown"", ""disableFuture"": null, ""attribute_name"": ""l0_name"", ""disablePastWeeks"": null, ""disableFutureWeeks"": null, ""check_configuration"": [{""checkedRows"": [""CANADA O O ECOM""]}]}, {""values"": [""WOMENS""], ""operator"": ""in"", ""dimension"": ""product"", ""startYear"": null, ""disablePast"": null, ""disableType"": null, ""filter_type"": ""cascaded"", ""display_type"": ""dropdown"", ""disableFuture"": null, ""attribute_name"": ""l1_name"", ""disablePastWeeks"": null, ""disableFutureWeeks"": null, ""check_configuration"": [{""checkedRows"": [""WOMENS""]}]}]}",false,"{}","",true
203,Carters_CFeT,180,false,2025-11-19 18:58:06.220 +0530,2026-02-03 14:37:04.184 +0530,251,251,"{""saved_filter_preference"":[{""values"": [""CANADA O O ECOM""], ""operator"": ""in"", ""dimension"": ""product"", ""startYear"": null, ""disablePast"": null, ""disableType"": null, ""filter_type"": ""cascaded"", ""display_type"": ""dropdown"", ""disableFuture"": null, ""attribute_name"": ""l0_name"", ""disablePastWeeks"": null, ""disableFutureWeeks"": null, ""check_configuration"": [{""checkedRows"": [""CANADA O O ECOM""]}]}, {""values"": [""WOMENS""], ""operator"": ""in"", ""dimension"": ""product"", ""startYear"": null, ""disablePast"": null, ""disableType"": null, ""filter_type"": ""cascaded"", ""display_type"": ""dropdown"", ""disableFuture"": null, ""attribute_name"": ""l1_name"", ""disablePastWeeks"": null, ""disableFutureWeeks"": null, ""check_configuration"": [{""checkedRows"": [""WOMENS""]}]}]}",false,"{}","",true
204,Carters_jMZ9,49,false,2025-11-19 19:04:34.352 +0530,2026-02-23 12:30:03.057 +0530,251,251,"{""saved_filter_preference"":[{""values"": [""CANADA O O ECOM""], ""operator"": ""in"", ""dimension"": ""product"", ""startYear"": null, ""disablePast"": null, ""disableType"": null, ""filter_type"": ""cascaded"", ""display_type"": ""dropdown"", ""disableFuture"": null, ""attribute_name"": ""l0_name"", ""disablePastWeeks"": null, ""disableFutureWeeks"": null, ""check_configuration"": null}, {""values"": [""WOMENS""], ""operator"": ""in"", ""dimension"": ""product"", ""startYear"": null, ""disablePast"": null, ""disableType"": null, ""filter_type"": ""cascaded"", ""display_type"": ""dropdown"", ""disableFuture"": null, ""attribute_name"": ""l1_name"", ""disablePastWeeks"": null, ""disableFutureWeeks"": null, ""check_configuration"": [{""checkedRows"": [""WOMENS""]}]}]}",false,"{}","",true
205,Carters_QzPj,181,false,2025-11-19 19:10:31.687 +0530,2025-11-19 19:10:31.687 +0530,251,251,"{""saved_filter_preference"":[{""values"": [""CANADA O O ECOM""], ""operator"": ""in"", ""dimension"": ""product"", ""startYear"": null, ""disablePast"": null, ""disableType"": null, ""filter_type"": ""cascaded"", ""display_type"": ""dropdown"", ""disableFuture"": null, ""attribute_name"": ""l0_name"", ""disablePastWeeks"": null, ""disableFutureWeeks"": null, ""check_configuration"": null}, {""values"": [""WOMENS""], ""operator"": ""in"", ""dimension"": ""product"", ""startYear"": null, ""disablePast"": null, ""disableType"": null, ""filter_type"": ""cascaded"", ""display_type"": ""dropdown"", ""disableFuture"": null, ""attribute_name"": ""l1_name"", ""disablePastWeeks"": null, ""disableFutureWeeks"": null, ""check_configuration"": [{""checkedRows"": [""WOMENS""]}]}]}",false,"{}","",false
206,Carters_As23,71,true,2025-11-19 19:28:04.204 +0530,2025-11-19 19:28:16.546 +0530,251,251,"{""saved_filter_preference"":[{""values"": [""CANADA O O ECOM""], ""operator"": ""in"", ""dimension"": ""product"", ""startYear"": null, ""disablePast"": null, ""disableType"": null, ""filter_type"": ""cascaded"", ""display_type"": ""dropdown"", ""disableFuture"": null, ""attribute_name"": ""l0_name"", ""disablePastWeeks"": null, ""disableFutureWeeks"": null, ""check_configuration"": [{""checkedRows"": [""CANADA O O ECOM""]}]}]}",false,"{}","",true
207,Carters_7oby,63,true,2025-11-19 19:33:57.884 +0530,2025-11-19 19:34:09.775 +0530,251,251,"{""saved_filter_preference"":[{""values"": [""2025-07-01"", ""2025-07-15""], ""operator"": ""in"", ""dimension"": ""custom"", ""startYear"": null, ""disablePast"": null, ""disableType"": ""disableOnlyFuture"", ""filter_type"": ""non-cascaded"", ""display_type"": ""rangePicker"", ""disableFuture"": null, ""attribute_name"": ""range-picker"", ""disablePastWeeks"": null, ""disableFutureWeeks"": null, ""check_configuration"": []}, {""values"": [""CANADA O O OUTLET""], ""operator"": ""in"", ""dimension"": ""product"", ""startYear"": null, ""disablePast"": null, ""disableType"": null, ""filter_type"": ""cascaded"", ""display_type"": ""dropdown"", ""disableFuture"": null, ""attribute_name"": ""l0_name"", ""disablePastWeeks"": null, ""disableFutureWeeks"": null, ""check_configuration"": [{""checkedRows"": [""CANADA O O OUTLET""]}]}]}",false,"{}","",true
208,Carters_s8mK,316,false,2025-11-19 22:17:45.943 +0530,2025-11-19 22:17:57.523 +0530,251,251,"{""saved_filter_preference"":[{""values"": [""CANADA O O ECOM""], ""operator"": ""in"", ""dimension"": ""product"", ""startYear"": null, ""disablePast"": null, ""disableType"": null, ""filter_type"": ""cascaded"", ""display_type"": ""dropdown"", ""disableFuture"": null, ""attribute_name"": ""l0_name"", ""disablePastWeeks"": null, ""disableFutureWeeks"": null, ""check_configuration"": null}, {""values"": [""WOMENS""], ""operator"": ""in"", ""dimension"": ""product"", ""startYear"": null, ""disablePast"": null, ""disableType"": null, ""filter_type"": ""cascaded"", ""display_type"": ""dropdown"", ""disableFuture"": null, ""attribute_name"": ""l1_name"", ""disablePastWeeks"": null, ""disableFutureWeeks"": null, ""check_configuration"": [{""checkedRows"": [""WOMENS""]}]}]}",false,"{}","",true
209,Carters_dFdS,325,true,2025-11-19 22:30:05.318 +0530,2025-11-19 22:30:17.206 +0530,251,251,"{""saved_filter_preference"":[{""values"": [""CANADA O O ECOM""], ""operator"": ""in"", ""dimension"": ""product"", ""startYear"": null, ""disablePast"": null, ""disableType"": null, ""filter_type"": ""cascaded"", ""display_type"": ""dropdown"", ""disableFuture"": null, ""attribute_name"": ""l0_name"", ""disablePastWeeks"": null, ""disableFutureWeeks"": null, ""check_configuration"": null}, {""values"": [""WOMENS""], ""operator"": ""in"", ""dimension"": ""product"", ""startYear"": null, ""disablePast"": null, ""disableType"": null, ""filter_type"": ""cascaded"", ""display_type"": ""dropdown"", ""disableFuture"": null, ""attribute_name"": ""l1_name"", ""disablePastWeeks"": null, ""disableFutureWeeks"": null, ""check_configuration"": [{""checkedRows"": [""WOMENS""]}]}]}",false,"{}","",true
210,Carters_Azm0,73,true,2025-11-19 22:48:19.223 +0530,2025-11-19 22:48:31.657 +0530,251,251,"{""saved_filter_preference"":[{""values"": [""CANADA O O ECOM""], ""operator"": ""in"", ""dimension"": ""product"", ""startYear"": null, ""disablePast"": null, ""disableType"": null, ""filter_type"": ""cascaded"", ""display_type"": ""dropdown"", ""disableFuture"": null, ""attribute_name"": ""l0_name"", ""disablePastWeeks"": null, ""disableFutureWeeks"": null, ""check_configuration"": [{""checkedRows"": [""CANADA O O ECOM""]}]}, {""values"": [""WOMENS""], ""operator"": ""in"", ""dimension"": ""product"", ""startYear"": null, ""disablePast"": null, ""disableType"": null, ""filter_type"": ""cascaded"", ""display_type"": ""dropdown"", ""disableFuture"": null, ""attribute_name"": ""l1_name"", ""disablePastWeeks"": null, ""disableFutureWeeks"": null, ""check_configuration"": [{""checkedRows"": [""WOMENS""]}]}]}",false,"{}","",true
211,Carters_KFPz,180,true,2025-11-19 22:57:08.790 +0530,2025-11-19 22:57:20.374 +0530,251,251,"{""saved_filter_preference"":[{""values"": [""CANADA O O ECOM""], ""operator"": ""in"", ""dimension"": ""product"", ""startYear"": null, ""disablePast"": null, ""disableType"": null, ""filter_type"": ""cascaded"", ""display_type"": ""dropdown"", ""disableFuture"": null, ""attribute_name"": ""l0_name"", ""disablePastWeeks"": null, ""disableFutureWeeks"": null, ""check_configuration"": [{""checkedRows"": [""CANADA O O ECOM""]}]}, {""values"": [""WOMENS""], ""operator"": ""in"", ""dimension"": ""product"", ""startYear"": null, ""disablePast"": null, ""disableType"": null, ""filter_type"": ""cascaded"", ""display_type"": ""dropdown"", ""disableFuture"": null, ""attribute_name"": ""l1_name"", ""disablePastWeeks"": null, ""disableFutureWeeks"": null, ""check_configuration"": [{""checkedRows"": [""WOMENS""]}]}]}",false,"{}","",true
212,Carters_gAUD,49,true,2025-11-19 23:04:04.443 +0530,2025-11-19 23:04:17.848 +0530,251,251,"{""saved_filter_preference"":[{""values"": [""CANADA O O ECOM""], ""operator"": ""in"", ""dimension"": ""product"", ""startYear"": null, ""disablePast"": null, ""disableType"": null, ""filter_type"": ""cascaded"", ""display_type"": ""dropdown"", ""disableFuture"": null, ""attribute_name"": ""l0_name"", ""disablePastWeeks"": null, ""disableFutureWeeks"": null, ""check_configuration"": null}, {""values"": [""WOMENS""], ""operator"": ""in"", ""dimension"": ""product"", ""startYear"": null, ""disablePast"": null, ""disableType"": null, ""filter_type"": ""cascaded"", ""display_type"": ""dropdown"", ""disableFuture"": null, ""attribute_name"": ""l1_name"", ""disablePastWeeks"": null, ""disableFutureWeeks"": null, ""check_configuration"": [{""checkedRows"": [""WOMENS""]}]}]}",false,"{}","",true
213,Carters_B8fB,181,true,2025-11-19 23:09:24.746 +0530,2025-11-19 23:09:36.441 +0530,251,251,"{""saved_filter_preference"":[{""values"": [""CANADA O O ECOM""], ""operator"": ""in"", ""dimension"": ""product"", ""startYear"": null, ""disablePast"": null, ""disableType"": null, ""filter_type"": ""cascaded"", ""display_type"": ""dropdown"", ""disableFuture"": null, ""attribute_name"": ""l0_name"", ""disablePastWeeks"": null, ""disableFutureWeeks"": null, ""check_configuration"": null}, {""values"": [""WOMENS""], ""operator"": ""in"", ""dimension"": ""product"", ""startYear"": null, ""disablePast"": null, ""disableType"": null, ""filter_type"": ""cascaded"", ""display_type"": ""dropdown"", ""disableFuture"": null, ""attribute_name"": ""l1_name"", ""disablePastWeeks"": null, ""disableFutureWeeks"": null, ""check_configuration"": [{""checkedRows"": [""WOMENS""]}]}]}",false,"{}","",true
214,Carters_SqRY,71,true,2025-11-19 23:27:41.885 +0530,2025-11-19 23:27:57.936 +0530,251,251,"{""saved_filter_preference"":[{""values"": [""CANADA O O ECOM""], ""operator"": ""in"", ""dimension"": ""product"", ""startYear"": null, ""disablePast"": null, ""disableType"": null, ""filter_type"": ""cascaded"", ""display_type"": ""dropdown"", ""disableFuture"": null, ""attribute_name"": ""l0_name"", ""disablePastWeeks"": null, ""disableFutureWeeks"": null, ""check_configuration"": [{""checkedRows"": [""CANADA O O ECOM""]}]}]}",false,"{}","",true
215,Carters_P9DV,49,true,2025-11-19 23:30:17.431 +0530,2025-11-19 23:30:30.163 +0530,251,251,"{""saved_filter_preference"":[{""values"": [""CANADA O O ECOM""], ""operator"": ""in"", ""dimension"": ""product"", ""startYear"": null, ""disablePast"": null, ""disableType"": null, ""filter_type"": ""cascaded"", ""display_type"": ""dropdown"", ""disableFuture"": null, ""attribute_name"": ""l0_name"", ""disablePastWeeks"": null, ""disableFutureWeeks"": null, ""check_configuration"": null}, {""values"": [""WOMENS""], ""operator"": ""in"", ""dimension"": ""product"", ""startYear"": null, ""disablePast"": null, ""disableType"": null, ""filter_type"": ""cascaded"", ""display_type"": ""dropdown"", ""disableFuture"": null, ""attribute_name"": ""l1_name"", ""disablePastWeeks"": null, ""disableFutureWeeks"": null, ""check_configuration"": [{""checkedRows"": [""WOMENS""]}]}]}",false,"{}","",true
216,Carters_j1of,63,true,2025-11-19 23:32:59.366 +0530,2025-11-19 23:33:11.153 +0530,251,251,"{""saved_filter_preference"":[{""values"": [""2025-07-01"", ""2025-07-15""], ""operator"": ""in"", ""dimension"": ""custom"", ""startYear"": null, ""disablePast"": null, ""disableType"": ""disableOnlyFuture"", ""filter_type"": ""non-cascaded"", ""display_type"": ""rangePicker"", ""disableFuture"": null, ""attribute_name"": ""range-picker"", ""disablePastWeeks"": null, ""disableFutureWeeks"": null, ""check_configuration"": []}, {""values"": [""CANADA O O OUTLET""], ""operator"": ""in"", ""dimension"": ""product"", ""startYear"": null, ""disablePast"": null, ""disableType"": null, ""filter_type"": ""cascaded"", ""display_type"": ""dropdown"", ""disableFuture"": null, ""attribute_name"": ""l0_name"", ""disablePastWeeks"": null, ""disableFutureWeeks"": null, ""check_configuration"": [{""checkedRows"": [""CANADA O O OUTLET""]}]}]}",false,"{}","",true
217,Carters_cAoW,316,false,2025-11-20 00:42:22.193 +0530,2025-11-20 00:42:34.569 +0530,251,251,"{""saved_filter_preference"":[{""values"": [""CANADA O O ECOM""], ""operator"": ""in"", ""dimension"": ""product"", ""startYear"": null, ""disablePast"": null, ""disableType"": null, ""filter_type"": ""cascaded"", ""display_type"": ""dropdown"", ""disableFuture"": null, ""attribute_name"": ""l0_name"", ""disablePastWeeks"": null, ""disableFutureWeeks"": null, ""check_configuration"": null}, {""values"": [""WOMENS""], ""operator"": ""in"", ""dimension"": ""product"", ""startYear"": null, ""disablePast"": null, ""disableType"": null, ""filter_type"": ""cascaded"", ""display_type"": ""dropdown"", ""disableFuture"": null, ""attribute_name"": ""l1_name"", ""disablePastWeeks"": null, ""disableFutureWeeks"": null, ""check_configuration"": [{""checkedRows"": [""WOMENS""]}]}]}",false,"{}","",true
218,Carters_fWJh,325,true,2025-11-20 00:54:36.393 +0530,2025-11-20 00:54:50.067 +0530,251,251,"{""saved_filter_preference"":[{""values"": [""CANADA O O ECOM""], ""operator"": ""in"", ""dimension"": ""product"", ""startYear"": null, ""disablePast"": null, ""disableType"": null, ""filter_type"": ""cascaded"", ""display_type"": ""dropdown"", ""disableFuture"": null, ""attribute_name"": ""l0_name"", ""disablePastWeeks"": null, ""disableFutureWeeks"": null, ""check_configuration"": null}, {""values"": [""WOMENS""], ""operator"": ""in"", ""dimension"": ""product"", ""startYear"": null, ""disablePast"": null, ""disableType"": null, ""filter_type"": ""cascaded"", ""display_type"": ""dropdown"", ""disableFuture"": null, ""attribute_name"": ""l1_name"", ""disablePastWeeks"": null, ""disableFutureWeeks"": null, ""check_configuration"": [{""checkedRows"": [""WOMENS""]}]}]}",false,"{}","",true
219,Carters_GlBI,73,true,2025-11-20 01:13:22.790 +0530,2025-11-20 01:13:34.267 +0530,251,251,"{""saved_filter_preference"":[{""values"": [""CANADA O O ECOM""], ""operator"": ""in"", ""dimension"": ""product"", ""startYear"": null, ""disablePast"": null, ""disableType"": null, ""filter_type"": ""cascaded"", ""display_type"": ""dropdown"", ""disableFuture"": null, ""attribute_name"": ""l0_name"", ""disablePastWeeks"": null, ""disableFutureWeeks"": null, ""check_configuration"": [{""checkedRows"": [""CANADA O O ECOM""]}]}, {""values"": [""WOMENS""], ""operator"": ""in"", ""dimension"": ""product"", ""startYear"": null, ""disablePast"": null, ""disableType"": null, ""filter_type"": ""cascaded"", ""display_type"": ""dropdown"", ""disableFuture"": null, ""attribute_name"": ""l1_name"", ""disablePastWeeks"": null, ""disableFutureWeeks"": null, ""check_configuration"": [{""checkedRows"": [""WOMENS""]}]}]}",false,"{}","",true
220,Carters_dP5R,180,true,2025-11-20 01:20:34.436 +0530,2025-11-20 01:20:46.413 +0530,251,251,"{""saved_filter_preference"":[{""values"": [""CANADA O O ECOM""], ""operator"": ""in"", ""dimension"": ""product"", ""startYear"": null, ""disablePast"": null, ""disableType"": null, ""filter_type"": ""cascaded"", ""display_type"": ""dropdown"", ""disableFuture"": null, ""attribute_name"": ""l0_name"", ""disablePastWeeks"": null, ""disableFutureWeeks"": null, ""check_configuration"": [{""checkedRows"": [""CANADA O O ECOM""]}]}, {""values"": [""WOMENS""], ""operator"": ""in"", ""dimension"": ""product"", ""startYear"": null, ""disablePast"": null, ""disableType"": null, ""filter_type"": ""cascaded"", ""display_type"": ""dropdown"", ""disableFuture"": null, ""attribute_name"": ""l1_name"", ""disablePastWeeks"": null, ""disableFutureWeeks"": null, ""check_configuration"": [{""checkedRows"": [""WOMENS""]}]}]}",false,"{}","",true
221,Carters_CbwZ,49,true,2025-11-20 01:27:30.030 +0530,2025-11-20 01:27:41.614 +0530,251,251,"{""saved_filter_preference"":[{""values"": [""CANADA O O ECOM""], ""operator"": ""in"", ""dimension"": ""product"", ""startYear"": null, ""disablePast"": null, ""disableType"": null, ""filter_type"": ""cascaded"", ""display_type"": ""dropdown"", ""disableFuture"": null, ""attribute_name"": ""l0_name"", ""disablePastWeeks"": null, ""disableFutureWeeks"": null, ""check_configuration"": null}, {""values"": [""WOMENS""], ""operator"": ""in"", ""dimension"": ""product"", ""startYear"": null, ""disablePast"": null, ""disableType"": null, ""filter_type"": ""cascaded"", ""display_type"": ""dropdown"", ""disableFuture"": null, ""attribute_name"": ""l1_name"", ""disablePastWeeks"": null, ""disableFutureWeeks"": null, ""check_configuration"": [{""checkedRows"": [""WOMENS""]}]}]}",false,"{}","",true
222,Carters_PeGa,181,true,2025-11-20 01:32:23.571 +0530,2025-11-20 01:32:36.688 +0530,251,251,"{""saved_filter_preference"":[{""values"": [""CANADA O O ECOM""], ""operator"": ""in"", ""dimension"": ""product"", ""startYear"": null, ""disablePast"": null, ""disableType"": null, ""filter_type"": ""cascaded"", ""display_type"": ""dropdown"", ""disableFuture"": null, ""attribute_name"": ""l0_name"", ""disablePastWeeks"": null, ""disableFutureWeeks"": null, ""check_configuration"": null}, {""values"": [""WOMENS""], ""operator"": ""in"", ""dimension"": ""product"", ""startYear"": null, ""disablePast"": null, ""disableType"": null, ""filter_type"": ""cascaded"", ""display_type"": ""dropdown"", ""disableFuture"": null, ""attribute_name"": ""l1_name"", ""disablePastWeeks"": null, ""disableFutureWeeks"": null, ""check_configuration"": [{""checkedRows"": [""WOMENS""]}]}]}",false,"{}","",true
223,Carters_RZB0,71,true,2025-11-20 01:50:49.268 +0530,2025-11-20 01:51:01.071 +0530,251,251,"{""saved_filter_preference"":[{""values"": [""CANADA O O ECOM""], ""operator"": ""in"", ""dimension"": ""product"", ""startYear"": null, ""disablePast"": null, ""disableType"": null, ""filter_type"": ""cascaded"", ""display_type"": ""dropdown"", ""disableFuture"": null, ""attribute_name"": ""l0_name"", ""disablePastWeeks"": null, ""disableFutureWeeks"": null, ""check_configuration"": [{""checkedRows"": [""CANADA O O ECOM""]}]}]}",false,"{}","",true
224,Carters_gyx1,63,true,2025-11-20 01:56:31.408 +0530,2025-11-20 01:56:43.339 +0530,251,251,"{""saved_filter_preference"":[{""values"": [""2025-07-01"", ""2025-07-15""], ""operator"": ""in"", ""dimension"": ""custom"", ""startYear"": null, ""disablePast"": null, ""disableType"": ""disableOnlyFuture"", ""filter_type"": ""non-cascaded"", ""display_type"": ""rangePicker"", ""disableFuture"": null, ""attribute_name"": ""range-picker"", ""disablePastWeeks"": null, ""disableFutureWeeks"": null, ""check_configuration"": []}, {""values"": [""CANADA O O OUTLET""], ""operator"": ""in"", ""dimension"": ""product"", ""startYear"": null, ""disablePast"": null, ""disableType"": null, ""filter_type"": ""cascaded"", ""display_type"": ""dropdown"", ""disableFuture"": null, ""attribute_name"": ""l0_name"", ""disablePastWeeks"": null, ""disableFutureWeeks"": null, ""check_configuration"": [{""checkedRows"": [""CANADA O O OUTLET""]}]}]}",false,"{}","",true
225,Carters_2Qi6,325,true,2025-11-20 13:42:00.271 +0530,2025-11-20 13:42:14.210 +0530,251,251,"{""saved_filter_preference"":[{""values"": [""CANADA O O ECOM""], ""operator"": ""in"", ""dimension"": ""product"", ""startYear"": null, ""disablePast"": null, ""disableType"": null, ""filter_type"": ""cascaded"", ""display_type"": ""dropdown"", ""disableFuture"": null, ""attribute_name"": ""l0_name"", ""disablePastWeeks"": null, ""disableFutureWeeks"": null, ""check_configuration"": null}, {""values"": [""WOMENS""], ""operator"": ""in"", ""dimension"": ""product"", ""startYear"": null, ""disablePast"": null, ""disableType"": null, ""filter_type"": ""cascaded"", ""display_type"": ""dropdown"", ""disableFuture"": null, ""attribute_name"": ""l1_name"", ""disablePastWeeks"": null, ""disableFutureWeeks"": null, ""check_configuration"": [{""checkedRows"": [""WOMENS""]}]}]}",false,"{}","",true
226,Default,3,false,2025-11-20 16:24:41.173 +0530,2025-11-25 15:31:41.756 +0530,251,251,"{""saved_filter_preference"":[{""values"": [""CANADA O O OUTLET""], ""operator"": ""in"", ""dimension"": ""product"", ""startYear"": null, ""disablePast"": null, ""disableType"": null, ""filter_type"": ""cascaded"", ""display_type"": ""dropdown"", ""disableFuture"": null, ""attribute_name"": ""l0_name"", ""disablePastWeeks"": null, ""disableFutureWeeks"": null, ""check_configuration"": [{""checkedRows"": [""CANADA O O OUTLET""]}]}, {""values"": [""BOYS"", ""GIRLS"", ""MENS"", ""WOMENS""], ""operator"": ""in"", ""dimension"": ""product"", ""startYear"": null, ""disablePast"": null, ""disableType"": null, ""filter_type"": ""cascaded"", ""display_type"": ""dropdown"", ""disableFuture"": null, ""attribute_name"": ""l1_name"", ""disablePastWeeks"": null, ""disableFutureWeeks"": null, ""check_configuration"": [{""meta"": {}, ""checkAll"": true}]}]}",false,"{}","",true
227,Carters_7OTq,316,false,2025-11-20 17:34:13.130 +0530,2025-11-20 17:34:25.585 +0530,251,251,"{""saved_filter_preference"":[{""values"": [""CANADA O O ECOM""], ""operator"": ""in"", ""dimension"": ""product"", ""startYear"": null, ""disablePast"": null, ""disableType"": null, ""filter_type"": ""cascaded"", ""display_type"": ""dropdown"", ""disableFuture"": null, ""attribute_name"": ""l0_name"", ""disablePastWeeks"": null, ""disableFutureWeeks"": null, ""check_configuration"": null}, {""values"": [""WOMENS""], ""operator"": ""in"", ""dimension"": ""product"", ""startYear"": null, ""disablePast"": null, ""disableType"": null, ""filter_type"": ""cascaded"", ""display_type"": ""dropdown"", ""disableFuture"": null, ""attribute_name"": ""l1_name"", ""disablePastWeeks"": null, ""disableFutureWeeks"": null, ""check_configuration"": [{""checkedRows"": [""WOMENS""]}]}]}",false,"{}","",true
228,Carters_q0qi,316,false,2025-11-20 21:41:31.610 +0530,2025-11-20 21:41:43.194 +0530,251,251,"{""saved_filter_preference"":[{""values"": [""CANADA O O ECOM""], ""operator"": ""in"", ""dimension"": ""product"", ""startYear"": null, ""disablePast"": null, ""disableType"": null, ""filter_type"": ""cascaded"", ""display_type"": ""dropdown"", ""disableFuture"": null, ""attribute_name"": ""l0_name"", ""disablePastWeeks"": null, ""disableFutureWeeks"": null, ""check_configuration"": null}, {""values"": [""WOMENS""], ""operator"": ""in"", ""dimension"": ""product"", ""startYear"": null, ""disablePast"": null, ""disableType"": null, ""filter_type"": ""cascaded"", ""display_type"": ""dropdown"", ""disableFuture"": null, ""attribute_name"": ""l1_name"", ""disablePastWeeks"": null, ""disableFutureWeeks"": null, ""check_configuration"": [{""checkedRows"": [""WOMENS""]}]}]}",false,"{}","",true
229,Carters_MlIj,325,true,2025-11-20 21:52:35.508 +0530,2025-11-20 21:52:47.315 +0530,251,251,"{""saved_filter_preference"":[{""values"": [""CANADA O O ECOM""], ""operator"": ""in"", ""dimension"": ""product"", ""startYear"": null, ""disablePast"": null, ""disableType"": null, ""filter_type"": ""cascaded"", ""display_type"": ""dropdown"", ""disableFuture"": null, ""attribute_name"": ""l0_name"", ""disablePastWeeks"": null, ""disableFutureWeeks"": null, ""check_configuration"": null}, {""values"": [""WOMENS""], ""operator"": ""in"", ""dimension"": ""product"", ""startYear"": null, ""disablePast"": null, ""disableType"": null, ""filter_type"": ""cascaded"", ""display_type"": ""dropdown"", ""disableFuture"": null, ""attribute_name"": ""l1_name"", ""disablePastWeeks"": null, ""disableFutureWeeks"": null, ""check_configuration"": [{""checkedRows"": [""WOMENS""]}]}]}",false,"{}","",true
230,Carters_bvug,73,true,2025-11-20 22:13:18.782 +0530,2025-11-20 22:13:30.190 +0530,251,251,"{""saved_filter_preference"":[{""values"": [""CANADA O O ECOM""], ""operator"": ""in"", ""dimension"": ""product"", ""startYear"": null, ""disablePast"": null, ""disableType"": null, ""filter_type"": ""cascaded"", ""display_type"": ""dropdown"", ""disableFuture"": null, ""attribute_name"": ""l0_name"", ""disablePastWeeks"": null, ""disableFutureWeeks"": null, ""check_configuration"": [{""checkedRows"": [""CANADA O O ECOM""]}]}, {""values"": [""WOMENS""], ""operator"": ""in"", ""dimension"": ""product"", ""startYear"": null, ""disablePast"": null, ""disableType"": null, ""filter_type"": ""cascaded"", ""display_type"": ""dropdown"", ""disableFuture"": null, ""attribute_name"": ""l1_name"", ""disablePastWeeks"": null, ""disableFutureWeeks"": null, ""check_configuration"": [{""checkedRows"": [""WOMENS""]}]}]}",false,"{}","",true
231,Carters_W9tP,180,true,2025-11-20 22:21:46.948 +0530,2025-11-20 22:21:58.893 +0530,251,251,"{""saved_filter_preference"":[{""values"": [""CANADA O O ECOM""], ""operator"": ""in"", ""dimension"": ""product"", ""startYear"": null, ""disablePast"": null, ""disableType"": null, ""filter_type"": ""cascaded"", ""display_type"": ""dropdown"", ""disableFuture"": null, ""attribute_name"": ""l0_name"", ""disablePastWeeks"": null, ""disableFutureWeeks"": null, ""check_configuration"": [{""checkedRows"": [""CANADA O O ECOM""]}]}, {""values"": [""WOMENS""], ""operator"": ""in"", ""dimension"": ""product"", ""startYear"": null, ""disablePast"": null, ""disableType"": null, ""filter_type"": ""cascaded"", ""display_type"": ""dropdown"", ""disableFuture"": null, ""attribute_name"": ""l1_name"", ""disablePastWeeks"": null, ""disableFutureWeeks"": null, ""check_configuration"": [{""checkedRows"": [""WOMENS""]}]}]}",false,"{}","",true
232,Carters_fEgP,49,true,2025-11-20 22:27:14.196 +0530,2025-11-20 22:27:25.820 +0530,251,251,"{""saved_filter_preference"":[{""values"": [""CANADA O O ECOM""], ""operator"": ""in"", ""dimension"": ""product"", ""startYear"": null, ""disablePast"": null, ""disableType"": null, ""filter_type"": ""cascaded"", ""display_type"": ""dropdown"", ""disableFuture"": null, ""attribute_name"": ""l0_name"", ""disablePastWeeks"": null, ""disableFutureWeeks"": null, ""check_configuration"": null}, {""values"": [""WOMENS""], ""operator"": ""in"", ""dimension"": ""product"", ""startYear"": null, ""disablePast"": null, ""disableType"": null, ""filter_type"": ""cascaded"", ""display_type"": ""dropdown"", ""disableFuture"": null, ""attribute_name"": ""l1_name"", ""disablePastWeeks"": null, ""disableFutureWeeks"": null, ""check_configuration"": [{""checkedRows"": [""WOMENS""]}]}]}",false,"{}","",true
233,Carters_31Xr,181,true,2025-11-20 22:32:35.665 +0530,2025-11-20 22:32:48.051 +0530,251,251,"{""saved_filter_preference"":[{""values"": [""CANADA O O ECOM""], ""operator"": ""in"", ""dimension"": ""product"", ""startYear"": null, ""disablePast"": null, ""disableType"": null, ""filter_type"": ""cascaded"", ""display_type"": ""dropdown"", ""disableFuture"": null, ""attribute_name"": ""l0_name"", ""disablePastWeeks"": null, ""disableFutureWeeks"": null, ""check_configuration"": null}, {""values"": [""WOMENS""], ""operator"": ""in"", ""dimension"": ""product"", ""startYear"": null, ""disablePast"": null, ""disableType"": null, ""filter_type"": ""cascaded"", ""display_type"": ""dropdown"", ""disableFuture"": null, ""attribute_name"": ""l1_name"", ""disablePastWeeks"": null, ""disableFutureWeeks"": null, ""check_configuration"": [{""checkedRows"": [""WOMENS""]}]}]}",false,"{}","",true
234,Carters_HigE,71,true,2025-11-20 22:51:42.989 +0530,2025-11-20 22:51:54.732 +0530,251,251,"{""saved_filter_preference"":[{""values"": [""CANADA O O ECOM""], ""operator"": ""in"", ""dimension"": ""product"", ""startYear"": null, ""disablePast"": null, ""disableType"": null, ""filter_type"": ""cascaded"", ""display_type"": ""dropdown"", ""disableFuture"": null, ""attribute_name"": ""l0_name"", ""disablePastWeeks"": null, ""disableFutureWeeks"": null, ""check_configuration"": [{""checkedRows"": [""CANADA O O ECOM""]}]}]}",false,"{}","",true
235,Carters_4ac0,63,true,2025-11-20 22:57:51.395 +0530,2025-11-20 22:58:03.130 +0530,251,251,"{""saved_filter_preference"":[{""values"": [""2025-07-01"", ""2025-07-15""], ""operator"": ""in"", ""dimension"": ""custom"", ""startYear"": null, ""disablePast"": null, ""disableType"": ""disableOnlyFuture"", ""filter_type"": ""non-cascaded"", ""display_type"": ""rangePicker"", ""disableFuture"": null, ""attribute_name"": ""range-picker"", ""disablePastWeeks"": null, ""disableFutureWeeks"": null, ""check_configuration"": []}, {""values"": [""CANADA O O OUTLET""], ""operator"": ""in"", ""dimension"": ""product"", ""startYear"": null, ""disablePast"": null, ""disableType"": null, ""filter_type"": ""cascaded"", ""display_type"": ""dropdown"", ""disableFuture"": null, ""attribute_name"": ""l0_name"", ""disablePastWeeks"": null, ""disableFutureWeeks"": null, ""check_configuration"": [{""checkedRows"": [""CANADA O O OUTLET""]}]}]}",false,"{}","",true
236,Carters_ynFc,316,false,2025-11-21 00:06:19.643 +0530,2025-11-21 00:06:31.623 +0530,251,251,"{""saved_filter_preference"":[{""values"": [""CANADA O O ECOM""], ""operator"": ""in"", ""dimension"": ""product"", ""startYear"": null, ""disablePast"": null, ""disableType"": null, ""filter_type"": ""cascaded"", ""display_type"": ""dropdown"", ""disableFuture"": null, ""attribute_name"": ""l0_name"", ""disablePastWeeks"": null, ""disableFutureWeeks"": null, ""check_configuration"": null}, {""values"": [""WOMENS""], ""operator"": ""in"", ""dimension"": ""product"", ""startYear"": null, ""disablePast"": null, ""disableType"": null, ""filter_type"": ""cascaded"", ""display_type"": ""dropdown"", ""disableFuture"": null, ""attribute_name"": ""l1_name"", ""disablePastWeeks"": null, ""disableFutureWeeks"": null, ""check_configuration"": [{""checkedRows"": [""WOMENS""]}]}]}",false,"{}","",true
237,Carters_4zL5,325,true,2025-11-21 00:17:43.612 +0530,2025-11-21 00:17:55.313 +0530,251,251,"{""saved_filter_preference"":[{""values"": [""CANADA O O ECOM""], ""operator"": ""in"", ""dimension"": ""product"", ""startYear"": null, ""disablePast"": null, ""disableType"": null, ""filter_type"": ""cascaded"", ""display_type"": ""dropdown"", ""disableFuture"": null, ""attribute_name"": ""l0_name"", ""disablePastWeeks"": null, ""disableFutureWeeks"": null, ""check_configuration"": null}, {""values"": [""WOMENS""], ""operator"": ""in"", ""dimension"": ""product"", ""startYear"": null, ""disablePast"": null, ""disableType"": null, ""filter_type"": ""cascaded"", ""display_type"": ""dropdown"", ""disableFuture"": null, ""attribute_name"": ""l1_name"", ""disablePastWeeks"": null, ""disableFutureWeeks"": null, ""check_configuration"": [{""checkedRows"": [""WOMENS""]}]}]}",false,"{}","",true
238,Carters_zXbr,73,true,2025-11-21 00:36:20.658 +0530,2025-11-21 00:36:32.285 +0530,251,251,"{""saved_filter_preference"":[{""values"": [""CANADA O O ECOM""], ""operator"": ""in"", ""dimension"": ""product"", ""startYear"": null, ""disablePast"": null, ""disableType"": null, ""filter_type"": ""cascaded"", ""display_type"": ""dropdown"", ""disableFuture"": null, ""attribute_name"": ""l0_name"", ""disablePastWeeks"": null, ""disableFutureWeeks"": null, ""check_configuration"": [{""checkedRows"": [""CANADA O O ECOM""]}]}, {""values"": [""WOMENS""], ""operator"": ""in"", ""dimension"": ""product"", ""startYear"": null, ""disablePast"": null, ""disableType"": null, ""filter_type"": ""cascaded"", ""display_type"": ""dropdown"", ""disableFuture"": null, ""attribute_name"": ""l1_name"", ""disablePastWeeks"": null, ""disableFutureWeeks"": null, ""check_configuration"": [{""checkedRows"": [""WOMENS""]}]}]}",false,"{}","",true
239,Carters_4yZS,180,true,2025-11-21 00:44:48.778 +0530,2025-11-21 00:45:00.898 +0530,251,251,"{""saved_filter_preference"":[{""values"": [""CANADA O O ECOM""], ""operator"": ""in"", ""dimension"": ""product"", ""startYear"": null, ""disablePast"": null, ""disableType"": null, ""filter_type"": ""cascaded"", ""display_type"": ""dropdown"", ""disableFuture"": null, ""attribute_name"": ""l0_name"", ""disablePastWeeks"": null, ""disableFutureWeeks"": null, ""check_configuration"": [{""checkedRows"": [""CANADA O O ECOM""]}]}, {""values"": [""WOMENS""], ""operator"": ""in"", ""dimension"": ""product"", ""startYear"": null, ""disablePast"": null, ""disableType"": null, ""filter_type"": ""cascaded"", ""display_type"": ""dropdown"", ""disableFuture"": null, ""attribute_name"": ""l1_name"", ""disablePastWeeks"": null, ""disableFutureWeeks"": null, ""check_configuration"": [{""checkedRows"": [""WOMENS""]}]}]}",false,"{}","",true
240,Carters_pmDR,49,true,2025-11-21 00:51:07.180 +0530,2025-11-21 00:51:19.604 +0530,251,251,"{""saved_filter_preference"":[{""values"": [""CANADA O O ECOM""], ""operator"": ""in"", ""dimension"": ""product"", ""startYear"": null, ""disablePast"": null, ""disableType"": null, ""filter_type"": ""cascaded"", ""display_type"": ""dropdown"", ""disableFuture"": null, ""attribute_name"": ""l0_name"", ""disablePastWeeks"": null, ""disableFutureWeeks"": null, ""check_configuration"": null}, {""values"": [""WOMENS""], ""operator"": ""in"", ""dimension"": ""product"", ""startYear"": null, ""disablePast"": null, ""disableType"": null, ""filter_type"": ""cascaded"", ""display_type"": ""dropdown"", ""disableFuture"": null, ""attribute_name"": ""l1_name"", ""disablePastWeeks"": null, ""disableFutureWeeks"": null, ""check_configuration"": [{""checkedRows"": [""WOMENS""]}]}]}",false,"{}","",true
241,Carters_X6wi,181,true,2025-11-21 00:56:33.845 +0530,2025-11-21 00:56:45.596 +0530,251,251,"{""saved_filter_preference"":[{""values"": [""CANADA O O ECOM""], ""operator"": ""in"", ""dimension"": ""product"", ""startYear"": null, ""disablePast"": null, ""disableType"": null, ""filter_type"": ""cascaded"", ""display_type"": ""dropdown"", ""disableFuture"": null, ""attribute_name"": ""l0_name"", ""disablePastWeeks"": null, ""disableFutureWeeks"": null, ""check_configuration"": null}, {""values"": [""WOMENS""], ""operator"": ""in"", ""dimension"": ""product"", ""startYear"": null, ""disablePast"": null, ""disableType"": null, ""filter_type"": ""cascaded"", ""display_type"": ""dropdown"", ""disableFuture"": null, ""attribute_name"": ""l1_name"", ""disablePastWeeks"": null, ""disableFutureWeeks"": null, ""check_configuration"": [{""checkedRows"": [""WOMENS""]}]}]}",false,"{}","",true
242,Carters_ceBo,71,true,2025-11-21 01:14:36.726 +0530,2025-11-21 01:14:49.288 +0530,251,251,"{""saved_filter_preference"":[{""values"": [""CANADA O O ECOM""], ""operator"": ""in"", ""dimension"": ""product"", ""startYear"": null, ""disablePast"": null, ""disableType"": null, ""filter_type"": ""cascaded"", ""display_type"": ""dropdown"", ""disableFuture"": null, ""attribute_name"": ""l0_name"", ""disablePastWeeks"": null, ""disableFutureWeeks"": null, ""check_configuration"": [{""checkedRows"": [""CANADA O O ECOM""]}]}]}",false,"{}","",true
243,Carters_etcF,63,true,2025-11-21 01:20:33.641 +0530,2025-11-21 01:20:47.145 +0530,251,251,"{""saved_filter_preference"":[{""values"": [""2025-07-01"", ""2025-07-15""], ""operator"": ""in"", ""dimension"": ""custom"", ""startYear"": null, ""disablePast"": null, ""disableType"": ""disableOnlyFuture"", ""filter_type"": ""non-cascaded"", ""display_type"": ""rangePicker"", ""disableFuture"": null, ""attribute_name"": ""range-picker"", ""disablePastWeeks"": null, ""disableFutureWeeks"": null, ""check_configuration"": []}, {""values"": [""CANADA O O OUTLET""], ""operator"": ""in"", ""dimension"": ""product"", ""startYear"": null, ""disablePast"": null, ""disableType"": null, ""filter_type"": ""cascaded"", ""display_type"": ""dropdown"", ""disableFuture"": null, ""attribute_name"": ""l0_name"", ""disablePastWeeks"": null, ""disableFutureWeeks"": null, ""check_configuration"": [{""checkedRows"": [""CANADA O O OUTLET""]}]}]}",false,"{}","",true
244,Carters_u0Jg,181,true,2025-11-21 14:13:58.381 +0530,2025-11-21 14:14:13.177 +0530,251,251,"{""saved_filter_preference"":[{""values"": [""CANADA O O ECOM""], ""operator"": ""in"", ""dimension"": ""product"", ""startYear"": null, ""disablePast"": null, ""disableType"": null, ""filter_type"": ""cascaded"", ""display_type"": ""dropdown"", ""disableFuture"": null, ""attribute_name"": ""l0_name"", ""disablePastWeeks"": null, ""disableFutureWeeks"": null, ""check_configuration"": null}, {""values"": [""WOMENS""], ""operator"": ""in"", ""dimension"": ""product"", ""startYear"": null, ""disablePast"": null, ""disableType"": null, ""filter_type"": ""cascaded"", ""display_type"": ""dropdown"", ""disableFuture"": null, ""attribute_name"": ""l1_name"", ""disablePastWeeks"": null, ""disableFutureWeeks"": null, ""check_configuration"": [{""checkedRows"": [""WOMENS""]}]}]}",false,"{}","",true
245,Carters_xVzT,316,false,2025-11-21 23:33:01.900 +0530,2025-11-21 23:33:13.208 +0530,251,251,"{""saved_filter_preference"":[{""values"": [""CANADA O O ECOM""], ""operator"": ""in"", ""dimension"": ""product"", ""startYear"": null, ""disablePast"": null, ""disableType"": null, ""filter_type"": ""cascaded"", ""display_type"": ""dropdown"", ""disableFuture"": null, ""attribute_name"": ""l0_name"", ""disablePastWeeks"": null, ""disableFutureWeeks"": null, ""check_configuration"": null}, {""values"": [""WOMENS""], ""operator"": ""in"", ""dimension"": ""product"", ""startYear"": null, ""disablePast"": null, ""disableType"": null, ""filter_type"": ""cascaded"", ""display_type"": ""dropdown"", ""disableFuture"": null, ""attribute_name"": ""l1_name"", ""disablePastWeeks"": null, ""disableFutureWeeks"": null, ""check_configuration"": [{""checkedRows"": [""WOMENS""]}]}]}",false,"{}","",true
246,Carters_AgcY,325,true,2025-11-21 23:51:31.838 +0530,2025-11-21 23:51:43.928 +0530,251,251,"{""saved_filter_preference"":[{""values"": [""CANADA O O ECOM""], ""operator"": ""in"", ""dimension"": ""product"", ""startYear"": null, ""disablePast"": null, ""disableType"": null, ""filter_type"": ""cascaded"", ""display_type"": ""dropdown"", ""disableFuture"": null, ""attribute_name"": ""l0_name"", ""disablePastWeeks"": null, ""disableFutureWeeks"": null, ""check_configuration"": null}, {""values"": [""WOMENS""], ""operator"": ""in"", ""dimension"": ""product"", ""startYear"": null, ""disablePast"": null, ""disableType"": null, ""filter_type"": ""cascaded"", ""display_type"": ""dropdown"", ""disableFuture"": null, ""attribute_name"": ""l1_name"", ""disablePastWeeks"": null, ""disableFutureWeeks"": null, ""check_configuration"": [{""checkedRows"": [""WOMENS""]}]}]}",false,"{}","",true
247,Carters_sQCx,73,true,2025-11-22 00:20:19.341 +0530,2025-11-22 00:20:30.926 +0530,251,251,"{""saved_filter_preference"":[{""values"": [""CANADA O O ECOM""], ""operator"": ""in"", ""dimension"": ""product"", ""startYear"": null, ""disablePast"": null, ""disableType"": null, ""filter_type"": ""cascaded"", ""display_type"": ""dropdown"", ""disableFuture"": null, ""attribute_name"": ""l0_name"", ""disablePastWeeks"": null, ""disableFutureWeeks"": null, ""check_configuration"": [{""checkedRows"": [""CANADA O O ECOM""]}]}, {""values"": [""WOMENS""], ""operator"": ""in"", ""dimension"": ""product"", ""startYear"": null, ""disablePast"": null, ""disableType"": null, ""filter_type"": ""cascaded"", ""display_type"": ""dropdown"", ""disableFuture"": null, ""attribute_name"": ""l1_name"", ""disablePastWeeks"": null, ""disableFutureWeeks"": null, ""check_configuration"": [{""checkedRows"": [""WOMENS""]}]}]}",false,"{}","",true
248,Carters_ytg0,180,true,2025-11-22 00:34:47.346 +0530,2025-11-22 00:34:59.455 +0530,251,251,"{""saved_filter_preference"":[{""values"": [""CANADA O O ECOM""], ""operator"": ""in"", ""dimension"": ""product"", ""startYear"": null, ""disablePast"": null, ""disableType"": null, ""filter_type"": ""cascaded"", ""display_type"": ""dropdown"", ""disableFuture"": null, ""attribute_name"": ""l0_name"", ""disablePastWeeks"": null, ""disableFutureWeeks"": null, ""check_configuration"": [{""checkedRows"": [""CANADA O O ECOM""]}]}, {""values"": [""WOMENS""], ""operator"": ""in"", ""dimension"": ""product"", ""startYear"": null, ""disablePast"": null, ""disableType"": null, ""filter_type"": ""cascaded"", ""display_type"": ""dropdown"", ""disableFuture"": null, ""attribute_name"": ""l1_name"", ""disablePastWeeks"": null, ""disableFutureWeeks"": null, ""check_configuration"": [{""checkedRows"": [""WOMENS""]}]}]}",false,"{}","",true
249,Carters_fSNh,49,true,2025-11-22 00:45:08.891 +0530,2025-11-22 00:45:20.815 +0530,251,251,"{""saved_filter_preference"":[{""values"": [""CANADA O O ECOM""], ""operator"": ""in"", ""dimension"": ""product"", ""startYear"": null, ""disablePast"": null, ""disableType"": null, ""filter_type"": ""cascaded"", ""display_type"": ""dropdown"", ""disableFuture"": null, ""attribute_name"": ""l0_name"", ""disablePastWeeks"": null, ""disableFutureWeeks"": null, ""check_configuration"": null}, {""values"": [""WOMENS""], ""operator"": ""in"", ""dimension"": ""product"", ""startYear"": null, ""disablePast"": null, ""disableType"": null, ""filter_type"": ""cascaded"", ""display_type"": ""dropdown"", ""disableFuture"": null, ""attribute_name"": ""l1_name"", ""disablePastWeeks"": null, ""disableFutureWeeks"": null, ""check_configuration"": [{""checkedRows"": [""WOMENS""]}]}]}",false,"{}","",true
250,Carters_VI6h,181,true,2025-11-22 00:53:41.797 +0530,2025-11-22 00:53:53.656 +0530,251,251,"{""saved_filter_preference"":[{""values"": [""CANADA O O ECOM""], ""operator"": ""in"", ""dimension"": ""product"", ""startYear"": null, ""disablePast"": null, ""disableType"": null, ""filter_type"": ""cascaded"", ""display_type"": ""dropdown"", ""disableFuture"": null, ""attribute_name"": ""l0_name"", ""disablePastWeeks"": null, ""disableFutureWeeks"": null, ""check_configuration"": null}, {""values"": [""WOMENS""], ""operator"": ""in"", ""dimension"": ""product"", ""startYear"": null, ""disablePast"": null, ""disableType"": null, ""filter_type"": ""cascaded"", ""display_type"": ""dropdown"", ""disableFuture"": null, ""attribute_name"": ""l1_name"", ""disablePastWeeks"": null, ""disableFutureWeeks"": null, ""check_configuration"": [{""checkedRows"": [""WOMENS""]}]}]}",false,"{}","",true
251,Carters_XAV2,71,true,2025-11-22 01:25:14.590 +0530,2025-11-22 01:25:27.147 +0530,251,251,"{""saved_filter_preference"":[{""values"": [""CANADA O O ECOM""], ""operator"": ""in"", ""dimension"": ""product"", ""startYear"": null, ""disablePast"": null, ""disableType"": null, ""filter_type"": ""cascaded"", ""display_type"": ""dropdown"", ""disableFuture"": null, ""attribute_name"": ""l0_name"", ""disablePastWeeks"": null, ""disableFutureWeeks"": null, ""check_configuration"": [{""checkedRows"": [""CANADA O O ECOM""]}]}]}",false,"{}","",true
252,Carters_CLoC,63,true,2025-11-22 01:33:37.844 +0530,2025-11-22 01:33:49.255 +0530,251,251,"{""saved_filter_preference"":[{""values"": [""2025-07-01"", ""2025-07-15""], ""operator"": ""in"", ""dimension"": ""custom"", ""startYear"": null, ""disablePast"": null, ""disableType"": ""disableOnlyFuture"", ""filter_type"": ""non-cascaded"", ""display_type"": ""rangePicker"", ""disableFuture"": null, ""attribute_name"": ""range-picker"", ""disablePastWeeks"": null, ""disableFutureWeeks"": null, ""check_configuration"": []}, {""values"": [""CANADA O O OUTLET""], ""operator"": ""in"", ""dimension"": ""product"", ""startYear"": null, ""disablePast"": null, ""disableType"": null, ""filter_type"": ""cascaded"", ""display_type"": ""dropdown"", ""disableFuture"": null, ""attribute_name"": ""l0_name"", ""disablePastWeeks"": null, ""disableFutureWeeks"": null, ""check_configuration"": [{""checkedRows"": [""CANADA O O OUTLET""]}]}]}",false,"{}","",true
253,Carters_GVsJ,316,false,2025-11-25 12:07:49.246 +0530,2025-11-25 12:08:01.204 +0530,251,251,"{""saved_filter_preference"":[{""values"": [""CANADA O O ECOM""], ""operator"": ""in"", ""dimension"": ""product"", ""startYear"": null, ""disablePast"": null, ""disableType"": null, ""filter_type"": ""cascaded"", ""display_type"": ""dropdown"", ""disableFuture"": null, ""attribute_name"": ""l0_name"", ""disablePastWeeks"": null, ""disableFutureWeeks"": null, ""check_configuration"": null}, {""values"": [""WOMENS""], ""operator"": ""in"", ""dimension"": ""product"", ""startYear"": null, ""disablePast"": null, ""disableType"": null, ""filter_type"": ""cascaded"", ""display_type"": ""dropdown"", ""disableFuture"": null, ""attribute_name"": ""l1_name"", ""disablePastWeeks"": null, ""disableFutureWeeks"": null, ""check_configuration"": [{""checkedRows"": [""WOMENS""]}]}]}",false,"{}","",true
254,Carters_22ZF,316,false,2025-11-25 12:09:01.525 +0530,2025-11-25 12:09:14.289 +0530,251,251,"{""saved_filter_preference"":[{""values"": [""CANADA O O ECOM""], ""operator"": ""in"", ""dimension"": ""product"", ""startYear"": null, ""disablePast"": null, ""disableType"": null, ""filter_type"": ""cascaded"", ""display_type"": ""dropdown"", ""disableFuture"": null, ""attribute_name"": ""l0_name"", ""disablePastWeeks"": null, ""disableFutureWeeks"": null, ""check_configuration"": null}, {""values"": [""WOMENS""], ""operator"": ""in"", ""dimension"": ""product"", ""startYear"": null, ""disablePast"": null, ""disableType"": null, ""filter_type"": ""cascaded"", ""display_type"": ""dropdown"", ""disableFuture"": null, ""attribute_name"": ""l1_name"", ""disablePastWeeks"": null, ""disableFutureWeeks"": null, ""check_configuration"": [{""checkedRows"": [""WOMENS""]}]}]}",false,"{}","",true
255,Carters_fxnI,325,true,2025-11-25 12:26:29.521 +0530,2025-11-25 12:26:41.417 +0530,251,251,"{""saved_filter_preference"":[{""values"": [""CANADA O O ECOM""], ""operator"": ""in"", ""dimension"": ""product"", ""startYear"": null, ""disablePast"": null, ""disableType"": null, ""filter_type"": ""cascaded"", ""display_type"": ""dropdown"", ""disableFuture"": null, ""attribute_name"": ""l0_name"", ""disablePastWeeks"": null, ""disableFutureWeeks"": null, ""check_configuration"": null}, {""values"": [""WOMENS""], ""operator"": ""in"", ""dimension"": ""product"", ""startYear"": null, ""disablePast"": null, ""disableType"": null, ""filter_type"": ""cascaded"", ""display_type"": ""dropdown"", ""disableFuture"": null, ""attribute_name"": ""l1_name"", ""disablePastWeeks"": null, ""disableFutureWeeks"": null, ""check_configuration"": [{""checkedRows"": [""WOMENS""]}]}]}",false,"{}","",true
256,Carters_TgjO,325,true,2025-11-25 12:28:10.248 +0530,2025-11-25 12:28:22.630 +0530,251,251,"{""saved_filter_preference"":[{""values"": [""CANADA O O ECOM""], ""operator"": ""in"", ""dimension"": ""product"", ""startYear"": null, ""disablePast"": null, ""disableType"": null, ""filter_type"": ""cascaded"", ""display_type"": ""dropdown"", ""disableFuture"": null, ""attribute_name"": ""l0_name"", ""disablePastWeeks"": null, ""disableFutureWeeks"": null, ""check_configuration"": null}, {""values"": [""WOMENS""], ""operator"": ""in"", ""dimension"": ""product"", ""startYear"": null, ""disablePast"": null, ""disableType"": null, ""filter_type"": ""cascaded"", ""display_type"": ""dropdown"", ""disableFuture"": null, ""attribute_name"": ""l1_name"", ""disablePastWeeks"": null, ""disableFutureWeeks"": null, ""check_configuration"": [{""checkedRows"": [""WOMENS""]}]}]}",false,"{}","",true
257,Carters_tQWw,73,true,2025-11-25 12:55:44.999 +0530,2025-11-25 12:55:56.415 +0530,251,251,"{""saved_filter_preference"":[{""values"": [""CANADA O O ECOM""], ""operator"": ""in"", ""dimension"": ""product"", ""startYear"": null, ""disablePast"": null, ""disableType"": null, ""filter_type"": ""cascaded"", ""display_type"": ""dropdown"", ""disableFuture"": null, ""attribute_name"": ""l0_name"", ""disablePastWeeks"": null, ""disableFutureWeeks"": null, ""check_configuration"": [{""checkedRows"": [""CANADA O O ECOM""]}]}, {""values"": [""WOMENS""], ""operator"": ""in"", ""dimension"": ""product"", ""startYear"": null, ""disablePast"": null, ""disableType"": null, ""filter_type"": ""cascaded"", ""display_type"": ""dropdown"", ""disableFuture"": null, ""attribute_name"": ""l1_name"", ""disablePastWeeks"": null, ""disableFutureWeeks"": null, ""check_configuration"": [{""checkedRows"": [""WOMENS""]}]}]}",false,"{}","",true
258,Carters_26KQ,73,true,2025-11-25 12:56:08.323 +0530,2025-11-25 12:56:21.111 +0530,251,251,"{""saved_filter_preference"":[{""values"": [""CANADA O O ECOM""], ""operator"": ""in"", ""dimension"": ""product"", ""startYear"": null, ""disablePast"": null, ""disableType"": null, ""filter_type"": ""cascaded"", ""display_type"": ""dropdown"", ""disableFuture"": null, ""attribute_name"": ""l0_name"", ""disablePastWeeks"": null, ""disableFutureWeeks"": null, ""check_configuration"": [{""checkedRows"": [""CANADA O O ECOM""]}]}, {""values"": [""WOMENS""], ""operator"": ""in"", ""dimension"": ""product"", ""startYear"": null, ""disablePast"": null, ""disableType"": null, ""filter_type"": ""cascaded"", ""display_type"": ""dropdown"", ""disableFuture"": null, ""attribute_name"": ""l1_name"", ""disablePastWeeks"": null, ""disableFutureWeeks"": null, ""check_configuration"": [{""checkedRows"": [""WOMENS""]}]}]}",false,"{}","",true
259,Carters_OFR5,180,true,2025-11-25 13:11:26.613 +0530,2025-11-25 13:12:04.377 +0530,251,251,"{""saved_filter_preference"":[{""values"": [""CANADA O O ECOM""], ""operator"": ""in"", ""dimension"": ""product"", ""startYear"": null, ""disablePast"": null, ""disableType"": null, ""filter_type"": ""cascaded"", ""display_type"": ""dropdown"", ""disableFuture"": null, ""attribute_name"": ""l0_name"", ""disablePastWeeks"": null, ""disableFutureWeeks"": null, ""check_configuration"": [{""checkedRows"": [""CANADA O O ECOM""]}]}, {""values"": [""WOMENS""], ""operator"": ""in"", ""dimension"": ""product"", ""startYear"": null, ""disablePast"": null, ""disableType"": null, ""filter_type"": ""cascaded"", ""display_type"": ""dropdown"", ""disableFuture"": null, ""attribute_name"": ""l1_name"", ""disablePastWeeks"": null, ""disableFutureWeeks"": null, ""check_configuration"": [{""checkedRows"": [""WOMENS""]}]}]}",false,"{}","",true
260,Carters_Kc2s,49,true,2025-11-25 13:20:37.716 +0530,2025-11-25 13:20:50.155 +0530,251,251,"{""saved_filter_preference"":[{""values"": [""CANADA O O ECOM""], ""operator"": ""in"", ""dimension"": ""product"", ""startYear"": null, ""disablePast"": null, ""disableType"": null, ""filter_type"": ""cascaded"", ""display_type"": ""dropdown"", ""disableFuture"": null, ""attribute_name"": ""l0_name"", ""disablePastWeeks"": null, ""disableFutureWeeks"": null, ""check_configuration"": null}, {""values"": [""WOMENS""], ""operator"": ""in"", ""dimension"": ""product"", ""startYear"": null, ""disablePast"": null, ""disableType"": null, ""filter_type"": ""cascaded"", ""display_type"": ""dropdown"", ""disableFuture"": null, ""attribute_name"": ""l1_name"", ""disablePastWeeks"": null, ""disableFutureWeeks"": null, ""check_configuration"": [{""checkedRows"": [""WOMENS""]}]}]}",false,"{}","",true
261,Carters_hW5v,49,true,2025-11-25 13:21:18.752 +0530,2025-11-25 13:21:30.671 +0530,251,251,"{""saved_filter_preference"":[{""values"": [""CANADA O O ECOM""], ""operator"": ""in"", ""dimension"": ""product"", ""startYear"": null, ""disablePast"": null, ""disableType"": null, ""filter_type"": ""cascaded"", ""display_type"": ""dropdown"", ""disableFuture"": null, ""attribute_name"": ""l0_name"", ""disablePastWeeks"": null, ""disableFutureWeeks"": null, ""check_configuration"": null}, {""values"": [""WOMENS""], ""operator"": ""in"", ""dimension"": ""product"", ""startYear"": null, ""disablePast"": null, ""disableType"": null, ""filter_type"": ""cascaded"", ""display_type"": ""dropdown"", ""disableFuture"": null, ""attribute_name"": ""l1_name"", ""disablePastWeeks"": null, ""disableFutureWeeks"": null, ""check_configuration"": [{""checkedRows"": [""WOMENS""]}]}]}",false,"{}","",true
262,Carters_J1M0,181,true,2025-11-25 13:29:09.756 +0530,2025-11-25 13:29:21.364 +0530,251,251,"{""saved_filter_preference"":[{""values"": [""CANADA O O ECOM""], ""operator"": ""in"", ""dimension"": ""product"", ""startYear"": null, ""disablePast"": null, ""disableType"": null, ""filter_type"": ""cascaded"", ""display_type"": ""dropdown"", ""disableFuture"": null, ""attribute_name"": ""l0_name"", ""disablePastWeeks"": null, ""disableFutureWeeks"": null, ""check_configuration"": null}, {""values"": [""WOMENS""], ""operator"": ""in"", ""dimension"": ""product"", ""startYear"": null, ""disablePast"": null, ""disableType"": null, ""filter_type"": ""cascaded"", ""display_type"": ""dropdown"", ""disableFuture"": null, ""attribute_name"": ""l1_name"", ""disablePastWeeks"": null, ""disableFutureWeeks"": null, ""check_configuration"": [{""checkedRows"": [""WOMENS""]}]}]}",false,"{}","",true
263,Carters_Jc6h,181,true,2025-11-25 13:30:04.407 +0530,2025-11-25 13:30:17.428 +0530,251,251,"{""saved_filter_preference"":[{""values"": [""CANADA O O ECOM""], ""operator"": ""in"", ""dimension"": ""product"", ""startYear"": null, ""disablePast"": null, ""disableType"": null, ""filter_type"": ""cascaded"", ""display_type"": ""dropdown"", ""disableFuture"": null, ""attribute_name"": ""l0_name"", ""disablePastWeeks"": null, ""disableFutureWeeks"": null, ""check_configuration"": null}, {""values"": [""WOMENS""], ""operator"": ""in"", ""dimension"": ""product"", ""startYear"": null, ""disablePast"": null, ""disableType"": null, ""filter_type"": ""cascaded"", ""display_type"": ""dropdown"", ""disableFuture"": null, ""attribute_name"": ""l1_name"", ""disablePastWeeks"": null, ""disableFutureWeeks"": null, ""check_configuration"": [{""checkedRows"": [""WOMENS""]}]}]}",false,"{}","",true
264,Carters_orUz,71,true,2025-11-25 14:02:15.360 +0530,2025-11-25 14:02:27.755 +0530,251,251,"{""saved_filter_preference"":[{""values"": [""CANADA O O ECOM""], ""operator"": ""in"", ""dimension"": ""product"", ""startYear"": null, ""disablePast"": null, ""disableType"": null, ""filter_type"": ""cascaded"", ""display_type"": ""dropdown"", ""disableFuture"": null, ""attribute_name"": ""l0_name"", ""disablePastWeeks"": null, ""disableFutureWeeks"": null, ""check_configuration"": [{""checkedRows"": [""CANADA O O ECOM""]}]}]}",false,"{}","",true
265,Carters_hWhP,71,true,2025-11-25 14:02:41.464 +0530,2025-11-25 14:02:52.819 +0530,251,251,"{""saved_filter_preference"":[{""values"": [""CANADA O O ECOM""], ""operator"": ""in"", ""dimension"": ""product"", ""startYear"": null, ""disablePast"": null, ""disableType"": null, ""filter_type"": ""cascaded"", ""display_type"": ""dropdown"", ""disableFuture"": null, ""attribute_name"": ""l0_name"", ""disablePastWeeks"": null, ""disableFutureWeeks"": null, ""check_configuration"": [{""checkedRows"": [""CANADA O O ECOM""]}]}]}",false,"{}","",true
266,Carters_V8vN,63,true,2025-11-25 14:10:04.330 +0530,2025-11-25 14:10:15.849 +0530,251,251,"{""saved_filter_preference"":[{""values"": [""2025-07-01"", ""2025-07-15""], ""operator"": ""in"", ""dimension"": ""custom"", ""startYear"": null, ""disablePast"": null, ""disableType"": ""disableOnlyFuture"", ""filter_type"": ""non-cascaded"", ""display_type"": ""rangePicker"", ""disableFuture"": null, ""attribute_name"": ""range-picker"", ""disablePastWeeks"": null, ""disableFutureWeeks"": null, ""check_configuration"": []}, {""values"": [""CANADA O O OUTLET""], ""operator"": ""in"", ""dimension"": ""product"", ""startYear"": null, ""disablePast"": null, ""disableType"": null, ""filter_type"": ""cascaded"", ""display_type"": ""dropdown"", ""disableFuture"": null, ""attribute_name"": ""l0_name"", ""disablePastWeeks"": null, ""disableFutureWeeks"": null, ""check_configuration"": [{""checkedRows"": [""CANADA O O OUTLET""]}]}]}",false,"{}","",true
267,Carters_Qywz,63,true,2025-11-25 14:10:50.877 +0530,2025-11-25 14:11:02.453 +0530,251,251,"{""saved_filter_preference"":[{""values"": [""2025-07-01"", ""2025-07-15""], ""operator"": ""in"", ""dimension"": ""custom"", ""startYear"": null, ""disablePast"": null, ""disableType"": ""disableOnlyFuture"", ""filter_type"": ""non-cascaded"", ""display_type"": ""rangePicker"", ""disableFuture"": null, ""attribute_name"": ""range-picker"", ""disablePastWeeks"": null, ""disableFutureWeeks"": null, ""check_configuration"": []}, {""values"": [""CANADA O O OUTLET""], ""operator"": ""in"", ""dimension"": ""product"", ""startYear"": null, ""disablePast"": null, ""disableType"": null, ""filter_type"": ""cascaded"", ""display_type"": ""dropdown"", ""disableFuture"": null, ""attribute_name"": ""l0_name"", ""disablePastWeeks"": null, ""disableFutureWeeks"": null, ""check_configuration"": [{""checkedRows"": [""CANADA O O OUTLET""]}]}]}",false,"{}","",true
268,saved,52,true,2025-11-25 16:43:18.908 +0530,2026-02-17 17:39:41.610 +0530,251,251,"{""saved_filter_preference"":[{""values"": [""CANADA O O ECOM""], ""operator"": ""in"", ""dimension"": ""product"", ""startYear"": null, ""disablePast"": null, ""disableType"": null, ""filter_type"": ""cascaded"", ""display_type"": ""dropdown"", ""disableFuture"": null, ""attribute_name"": ""l0_name"", ""disablePastWeeks"": null, ""disableFutureWeeks"": null, ""check_configuration"": [{""checkedRows"": [""CANADA O O ECOM""]}]}, {""values"": [""WOMENS""], ""operator"": ""in"", ""dimension"": ""product"", ""startYear"": null, ""disablePast"": null, ""disableType"": null, ""filter_type"": ""cascaded"", ""display_type"": ""dropdown"", ""disableFuture"": null, ""attribute_name"": ""l1_name"", ""disablePastWeeks"": null, ""disableFutureWeeks"": null, ""check_configuration"": [{""checkedRows"": [""WOMENS""]}]}, {""values"": [""BOTTOMS""], ""operator"": ""in"", ""dimension"": ""product"", ""startYear"": null, ""disablePast"": null, ""disableType"": null, ""filter_type"": ""cascaded"", ""display_type"": ""dropdown"", ""disableFuture"": null, ""attribute_name"": ""l3_name"", ""disablePastWeeks"": null, ""disableFutureWeeks"": null, ""check_configuration"": [{""checkedRows"": [""BOTTOMS""]}]}]}",false,"{}","",false
269,Carters_KSvZ,316,false,2025-11-27 10:36:02.223 +0530,2025-11-27 10:36:14.407 +0530,251,251,"{""saved_filter_preference"":[{""values"": [""CANADA O O ECOM""], ""operator"": ""in"", ""dimension"": ""product"", ""startYear"": null, ""disablePast"": null, ""disableType"": null, ""filter_type"": ""cascaded"", ""display_type"": ""dropdown"", ""disableFuture"": null, ""attribute_name"": ""l0_name"", ""disablePastWeeks"": null, ""disableFutureWeeks"": null, ""check_configuration"": null}, {""values"": [""WOMENS""], ""operator"": ""in"", ""dimension"": ""product"", ""startYear"": null, ""disablePast"": null, ""disableType"": null, ""filter_type"": ""cascaded"", ""display_type"": ""dropdown"", ""disableFuture"": null, ""attribute_name"": ""l1_name"", ""disablePastWeeks"": null, ""disableFutureWeeks"": null, ""check_configuration"": [{""checkedRows"": [""WOMENS""]}]}]}",false,"{}","",true
270,Carters_f3Lo,325,true,2025-11-27 10:52:51.450 +0530,2025-11-27 10:53:03.565 +0530,251,251,"{""saved_filter_preference"":[{""values"": [""CANADA O O ECOM""], ""operator"": ""in"", ""dimension"": ""product"", ""startYear"": null, ""disablePast"": null, ""disableType"": null, ""filter_type"": ""cascaded"", ""display_type"": ""dropdown"", ""disableFuture"": null, ""attribute_name"": ""l0_name"", ""disablePastWeeks"": null, ""disableFutureWeeks"": null, ""check_configuration"": null}, {""values"": [""WOMENS""], ""operator"": ""in"", ""dimension"": ""product"", ""startYear"": null, ""disablePast"": null, ""disableType"": null, ""filter_type"": ""cascaded"", ""display_type"": ""dropdown"", ""disableFuture"": null, ""attribute_name"": ""l1_name"", ""disablePastWeeks"": null, ""disableFutureWeeks"": null, ""check_configuration"": [{""checkedRows"": [""WOMENS""]}]}]}",false,"{}","",true
271,Carters_9pzo,73,true,2025-11-27 11:17:42.035 +0530,2025-11-27 11:17:53.456 +0530,251,251,"{""saved_filter_preference"":[{""values"": [""CANADA O O ECOM""], ""operator"": ""in"", ""dimension"": ""product"", ""startYear"": null, ""disablePast"": null, ""disableType"": null, ""filter_type"": ""cascaded"", ""display_type"": ""dropdown"", ""disableFuture"": null, ""attribute_name"": ""l0_name"", ""disablePastWeeks"": null, ""disableFutureWeeks"": null, ""check_configuration"": [{""checkedRows"": [""CANADA O O ECOM""]}]}, {""values"": [""WOMENS""], ""operator"": ""in"", ""dimension"": ""product"", ""startYear"": null, ""disablePast"": null, ""disableType"": null, ""filter_type"": ""cascaded"", ""display_type"": ""dropdown"", ""disableFuture"": null, ""attribute_name"": ""l1_name"", ""disablePastWeeks"": null, ""disableFutureWeeks"": null, ""check_configuration"": [{""checkedRows"": [""WOMENS""]}]}]}",false,"{}","",true
272,Carters_CjHb,180,true,2025-11-27 11:31:28.561 +0530,2025-11-27 11:31:41.080 +0530,251,251,"{""saved_filter_preference"":[{""values"": [""CANADA O O ECOM""], ""operator"": ""in"", ""dimension"": ""product"", ""startYear"": null, ""disablePast"": null, ""disableType"": null, ""filter_type"": ""cascaded"", ""display_type"": ""dropdown"", ""disableFuture"": null, ""attribute_name"": ""l0_name"", ""disablePastWeeks"": null, ""disableFutureWeeks"": null, ""check_configuration"": [{""checkedRows"": [""CANADA O O ECOM""]}]}, {""values"": [""WOMENS""], ""operator"": ""in"", ""dimension"": ""product"", ""startYear"": null, ""disablePast"": null, ""disableType"": null, ""filter_type"": ""cascaded"", ""display_type"": ""dropdown"", ""disableFuture"": null, ""attribute_name"": ""l1_name"", ""disablePastWeeks"": null, ""disableFutureWeeks"": null, ""check_configuration"": [{""checkedRows"": [""WOMENS""]}]}]}",false,"{}","",true
273,Carters_FSgD,49,true,2025-11-27 11:43:12.292 +0530,2025-11-27 11:43:24.011 +0530,251,251,"{""saved_filter_preference"":[{""values"": [""CANADA O O ECOM""], ""operator"": ""in"", ""dimension"": ""product"", ""startYear"": null, ""disablePast"": null, ""disableType"": null, ""filter_type"": ""cascaded"", ""display_type"": ""dropdown"", ""disableFuture"": null, ""attribute_name"": ""l0_name"", ""disablePastWeeks"": null, ""disableFutureWeeks"": null, ""check_configuration"": null}, {""values"": [""WOMENS""], ""operator"": ""in"", ""dimension"": ""product"", ""startYear"": null, ""disablePast"": null, ""disableType"": null, ""filter_type"": ""cascaded"", ""display_type"": ""dropdown"", ""disableFuture"": null, ""attribute_name"": ""l1_name"", ""disablePastWeeks"": null, ""disableFutureWeeks"": null, ""check_configuration"": [{""checkedRows"": [""WOMENS""]}]}]}",false,"{}","",true
274,Carters_sH6n,181,true,2025-11-27 11:51:28.164 +0530,2025-11-27 11:51:41.371 +0530,251,251,"{""saved_filter_preference"":[{""values"": [""CANADA O O ECOM""], ""operator"": ""in"", ""dimension"": ""product"", ""startYear"": null, ""disablePast"": null, ""disableType"": null, ""filter_type"": ""cascaded"", ""display_type"": ""dropdown"", ""disableFuture"": null, ""attribute_name"": ""l0_name"", ""disablePastWeeks"": null, ""disableFutureWeeks"": null, ""check_configuration"": null}, {""values"": [""WOMENS""], ""operator"": ""in"", ""dimension"": ""product"", ""startYear"": null, ""disablePast"": null, ""disableType"": null, ""filter_type"": ""cascaded"", ""display_type"": ""dropdown"", ""disableFuture"": null, ""attribute_name"": ""l1_name"", ""disablePastWeeks"": null, ""disableFutureWeeks"": null, ""check_configuration"": [{""checkedRows"": [""WOMENS""]}]}]}",false,"{}","",true
275,Carters_iLkV,71,true,2025-11-27 12:20:38.500 +0530,2025-11-27 12:20:50.693 +0530,251,251,"{""saved_filter_preference"":[{""values"": [""CANADA O O ECOM""], ""operator"": ""in"", ""dimension"": ""product"", ""startYear"": null, ""disablePast"": null, ""disableType"": null, ""filter_type"": ""cascaded"", ""display_type"": ""dropdown"", ""disableFuture"": null, ""attribute_name"": ""l0_name"", ""disablePastWeeks"": null, ""disableFutureWeeks"": null, ""check_configuration"": [{""checkedRows"": [""CANADA O O ECOM""]}]}]}",false,"{}","",true
276,Carters_ngoE,63,true,2025-11-27 12:31:22.876 +0530,2025-11-27 12:31:34.543 +0530,251,251,"{""saved_filter_preference"":[{""values"": [""2025-07-01"", ""2025-07-15""], ""operator"": ""in"", ""dimension"": ""custom"", ""startYear"": null, ""disablePast"": null, ""disableType"": ""disableOnlyFuture"", ""filter_type"": ""non-cascaded"", ""display_type"": ""rangePicker"", ""disableFuture"": null, ""attribute_name"": ""range-picker"", ""disablePastWeeks"": null, ""disableFutureWeeks"": null, ""check_configuration"": []}, {""values"": [""CANADA O O OUTLET""], ""operator"": ""in"", ""dimension"": ""product"", ""startYear"": null, ""disablePast"": null, ""disableType"": null, ""filter_type"": ""cascaded"", ""display_type"": ""dropdown"", ""disableFuture"": null, ""attribute_name"": ""l0_name"", ""disablePastWeeks"": null, ""disableFutureWeeks"": null, ""check_configuration"": [{""checkedRows"": [""CANADA O O OUTLET""]}]}]}",false,"{}","",true
277,Default,3,false,2025-11-27 17:17:32.430 +0530,2026-01-09 08:43:43.545 +0530,251,251,"{""saved_filter_preference"":[{""values"": [""CANADA O O MAINLINE""], ""operator"": ""in"", ""dimension"": ""product"", ""startYear"": null, ""disablePast"": null, ""disableType"": null, ""filter_type"": ""cascaded"", ""display_type"": ""dropdown"", ""disableFuture"": null, ""attribute_name"": ""l0_name"", ""disablePastWeeks"": null, ""disableFutureWeeks"": null, ""check_configuration"": [{""checkedRows"": [""CANADA O O MAINLINE""]}]}, {""values"": [""BOYS"", ""GIRLS"", ""MENS"", ""WOMENS""], ""operator"": ""in"", ""dimension"": ""product"", ""startYear"": null, ""disablePast"": null, ""disableType"": null, ""filter_type"": ""cascaded"", ""display_type"": ""dropdown"", ""disableFuture"": null, ""attribute_name"": ""l1_name"", ""disablePastWeeks"": null, ""disableFutureWeeks"": null, ""check_configuration"": [{""meta"": {}, ""checkAll"": true}]}]}",false,"{}","",true
278,Carters_TgZy,316,false,2025-12-01 11:29:49.358 +0530,2025-12-01 11:30:01.769 +0530,251,251,"{""saved_filter_preference"":[{""values"": [""CANADA O O ECOM""], ""operator"": ""in"", ""dimension"": ""product"", ""startYear"": null, ""disablePast"": null, ""disableType"": null, ""filter_type"": ""cascaded"", ""display_type"": ""dropdown"", ""disableFuture"": null, ""attribute_name"": ""l0_name"", ""disablePastWeeks"": null, ""disableFutureWeeks"": null, ""check_configuration"": null}, {""values"": [""WOMENS""], ""operator"": ""in"", ""dimension"": ""product"", ""startYear"": null, ""disablePast"": null, ""disableType"": null, ""filter_type"": ""cascaded"", ""display_type"": ""dropdown"", ""disableFuture"": null, ""attribute_name"": ""l1_name"", ""disablePastWeeks"": null, ""disableFutureWeeks"": null, ""check_configuration"": [{""checkedRows"": [""WOMENS""]}]}]}",false,"{}","",true
279,Carters_vy8m,325,true,2025-12-01 11:49:13.059 +0530,2025-12-01 11:49:25.823 +0530,251,251,"{""saved_filter_preference"":[{""values"": [""CANADA O O ECOM""], ""operator"": ""in"", ""dimension"": ""product"", ""startYear"": null, ""disablePast"": null, ""disableType"": null, ""filter_type"": ""cascaded"", ""display_type"": ""dropdown"", ""disableFuture"": null, ""attribute_name"": ""l0_name"", ""disablePastWeeks"": null, ""disableFutureWeeks"": null, ""check_configuration"": null}, {""values"": [""WOMENS""], ""operator"": ""in"", ""dimension"": ""product"", ""startYear"": null, ""disablePast"": null, ""disableType"": null, ""filter_type"": ""cascaded"", ""display_type"": ""dropdown"", ""disableFuture"": null, ""attribute_name"": ""l1_name"", ""disablePastWeeks"": null, ""disableFutureWeeks"": null, ""check_configuration"": [{""checkedRows"": [""WOMENS""]}]}]}",false,"{}","",true
280,Carters_gbyt,316,false,2025-12-01 12:04:31.111 +0530,2025-12-01 12:04:43.189 +0530,251,251,"{""saved_filter_preference"":[{""values"": [""CANADA O O ECOM""], ""operator"": ""in"", ""dimension"": ""product"", ""startYear"": null, ""disablePast"": null, ""disableType"": null, ""filter_type"": ""cascaded"", ""display_type"": ""dropdown"", ""disableFuture"": null, ""attribute_name"": ""l0_name"", ""disablePastWeeks"": null, ""disableFutureWeeks"": null, ""check_configuration"": null}, {""values"": [""WOMENS""], ""operator"": ""in"", ""dimension"": ""product"", ""startYear"": null, ""disablePast"": null, ""disableType"": null, ""filter_type"": ""cascaded"", ""display_type"": ""dropdown"", ""disableFuture"": null, ""attribute_name"": ""l1_name"", ""disablePastWeeks"": null, ""disableFutureWeeks"": null, ""check_configuration"": [{""checkedRows"": [""WOMENS""]}]}]}",false,"{}","",true
281,Carters_FVLf,73,true,2025-12-01 12:21:59.314 +0530,2025-12-01 12:22:11.949 +0530,251,251,"{""saved_filter_preference"":[{""values"": [""CANADA O O ECOM""], ""operator"": ""in"", ""dimension"": ""product"", ""startYear"": null, ""disablePast"": null, ""disableType"": null, ""filter_type"": ""cascaded"", ""display_type"": ""dropdown"", ""disableFuture"": null, ""attribute_name"": ""l0_name"", ""disablePastWeeks"": null, ""disableFutureWeeks"": null, ""check_configuration"": [{""checkedRows"": [""CANADA O O ECOM""]}]}, {""values"": [""WOMENS""], ""operator"": ""in"", ""dimension"": ""product"", ""startYear"": null, ""disablePast"": null, ""disableType"": null, ""filter_type"": ""cascaded"", ""display_type"": ""dropdown"", ""disableFuture"": null, ""attribute_name"": ""l1_name"", ""disablePastWeeks"": null, ""disableFutureWeeks"": null, ""check_configuration"": [{""checkedRows"": [""WOMENS""]}]}]}",false,"{}","",true
282,Carters_GUQY,325,true,2025-12-01 12:24:05.471 +0530,2025-12-01 12:24:17.354 +0530,251,251,"{""saved_filter_preference"":[{""values"": [""CANADA O O ECOM""], ""operator"": ""in"", ""dimension"": ""product"", ""startYear"": null, ""disablePast"": null, ""disableType"": null, ""filter_type"": ""cascaded"", ""display_type"": ""dropdown"", ""disableFuture"": null, ""attribute_name"": ""l0_name"", ""disablePastWeeks"": null, ""disableFutureWeeks"": null, ""check_configuration"": null}, {""values"": [""WOMENS""], ""operator"": ""in"", ""dimension"": ""product"", ""startYear"": null, ""disablePast"": null, ""disableType"": null, ""filter_type"": ""cascaded"", ""display_type"": ""dropdown"", ""disableFuture"": null, ""attribute_name"": ""l1_name"", ""disablePastWeeks"": null, ""disableFutureWeeks"": null, ""check_configuration"": [{""checkedRows"": [""WOMENS""]}]}]}",false,"{}","",true
283,Carters_vm4m,180,true,2025-12-01 12:37:24.352 +0530,2025-12-01 12:37:38.493 +0530,251,251,"{""saved_filter_preference"":[{""values"": [""CANADA O O ECOM""], ""operator"": ""in"", ""dimension"": ""product"", ""startYear"": null, ""disablePast"": null, ""disableType"": null, ""filter_type"": ""cascaded"", ""display_type"": ""dropdown"", ""disableFuture"": null, ""attribute_name"": ""l0_name"", ""disablePastWeeks"": null, ""disableFutureWeeks"": null, ""check_configuration"": [{""checkedRows"": [""CANADA O O ECOM""]}]}, {""values"": [""WOMENS""], ""operator"": ""in"", ""dimension"": ""product"", ""startYear"": null, ""disablePast"": null, ""disableType"": null, ""filter_type"": ""cascaded"", ""display_type"": ""dropdown"", ""disableFuture"": null, ""attribute_name"": ""l1_name"", ""disablePastWeeks"": null, ""disableFutureWeeks"": null, ""check_configuration"": [{""checkedRows"": [""WOMENS""]}]}]}",false,"{}","",true
284,Carters_OqlU,49,true,2025-12-01 12:48:56.843 +0530,2025-12-01 12:49:09.132 +0530,251,251,"{""saved_filter_preference"":[{""values"": [""CANADA O O ECOM""], ""operator"": ""in"", ""dimension"": ""product"", ""startYear"": null, ""disablePast"": null, ""disableType"": null, ""filter_type"": ""cascaded"", ""display_type"": ""dropdown"", ""disableFuture"": null, ""attribute_name"": ""l0_name"", ""disablePastWeeks"": null, ""disableFutureWeeks"": null, ""check_configuration"": null}, {""values"": [""WOMENS""], ""operator"": ""in"", ""dimension"": ""product"", ""startYear"": null, ""disablePast"": null, ""disableType"": null, ""filter_type"": ""cascaded"", ""display_type"": ""dropdown"", ""disableFuture"": null, ""attribute_name"": ""l1_name"", ""disablePastWeeks"": null, ""disableFutureWeeks"": null, ""check_configuration"": [{""checkedRows"": [""WOMENS""]}]}]}",false,"{}","",true
285,Carters_8cAT,181,true,2025-12-01 12:57:34.450 +0530,2025-12-01 12:57:47.215 +0530,251,251,"{""saved_filter_preference"":[{""values"": [""CANADA O O ECOM""], ""operator"": ""in"", ""dimension"": ""product"", ""startYear"": null, ""disablePast"": null, ""disableType"": null, ""filter_type"": ""cascaded"", ""display_type"": ""dropdown"", ""disableFuture"": null, ""attribute_name"": ""l0_name"", ""disablePastWeeks"": null, ""disableFutureWeeks"": null, ""check_configuration"": null}, {""values"": [""WOMENS""], ""operator"": ""in"", ""dimension"": ""product"", ""startYear"": null, ""disablePast"": null, ""disableType"": null, ""filter_type"": ""cascaded"", ""display_type"": ""dropdown"", ""disableFuture"": null, ""attribute_name"": ""l1_name"", ""disablePastWeeks"": null, ""disableFutureWeeks"": null, ""check_configuration"": [{""checkedRows"": [""WOMENS""]}]}]}",false,"{}","",true
286,Carters_3q6Q,73,true,2025-12-01 13:00:55.378 +0530,2025-12-01 13:01:08.874 +0530,251,251,"{""saved_filter_preference"":[{""values"": [""CANADA O O ECOM""], ""operator"": ""in"", ""dimension"": ""product"", ""startYear"": null, ""disablePast"": null, ""disableType"": null, ""filter_type"": ""cascaded"", ""display_type"": ""dropdown"", ""disableFuture"": null, ""attribute_name"": ""l0_name"", ""disablePastWeeks"": null, ""disableFutureWeeks"": null, ""check_configuration"": [{""checkedRows"": [""CANADA O O ECOM""]}]}, {""values"": [""WOMENS""], ""operator"": ""in"", ""dimension"": ""product"", ""startYear"": null, ""disablePast"": null, ""disableType"": null, ""filter_type"": ""cascaded"", ""display_type"": ""dropdown"", ""disableFuture"": null, ""attribute_name"": ""l1_name"", ""disablePastWeeks"": null, ""disableFutureWeeks"": null, ""check_configuration"": [{""checkedRows"": [""WOMENS""]}]}]}",false,"{}","",true
287,Carters_0no9,180,true,2025-12-01 13:16:07.658 +0530,2025-12-01 13:16:19.788 +0530,251,251,"{""saved_filter_preference"":[{""values"": [""CANADA O O ECOM""], ""operator"": ""in"", ""dimension"": ""product"", ""startYear"": null, ""disablePast"": null, ""disableType"": null, ""filter_type"": ""cascaded"", ""display_type"": ""dropdown"", ""disableFuture"": null, ""attribute_name"": ""l0_name"", ""disablePastWeeks"": null, ""disableFutureWeeks"": null, ""check_configuration"": [{""checkedRows"": [""CANADA O O ECOM""]}]}, {""values"": [""WOMENS""], ""operator"": ""in"", ""dimension"": ""product"", ""startYear"": null, ""disablePast"": null, ""disableType"": null, ""filter_type"": ""cascaded"", ""display_type"": ""dropdown"", ""disableFuture"": null, ""attribute_name"": ""l1_name"", ""disablePastWeeks"": null, ""disableFutureWeeks"": null, ""check_configuration"": [{""checkedRows"": [""WOMENS""]}]}]}",false,"{}","",true
288,Carters_lleJ,49,true,2025-12-01 13:27:15.602 +0530,2025-12-01 13:27:27.859 +0530,251,251,"{""saved_filter_preference"":[{""values"": [""CANADA O O ECOM""], ""operator"": ""in"", ""dimension"": ""product"", ""startYear"": null, ""disablePast"": null, ""disableType"": null, ""filter_type"": ""cascaded"", ""display_type"": ""dropdown"", ""disableFuture"": null, ""attribute_name"": ""l0_name"", ""disablePastWeeks"": null, ""disableFutureWeeks"": null, ""check_configuration"": null}, {""values"": [""WOMENS""], ""operator"": ""in"", ""dimension"": ""product"", ""startYear"": null, ""disablePast"": null, ""disableType"": null, ""filter_type"": ""cascaded"", ""display_type"": ""dropdown"", ""disableFuture"": null, ""attribute_name"": ""l1_name"", ""disablePastWeeks"": null, ""disableFutureWeeks"": null, ""check_configuration"": [{""checkedRows"": [""WOMENS""]}]}]}",false,"{}","",true
289,Carters_2H9g,71,true,2025-12-01 13:31:18.020 +0530,2025-12-01 13:31:30.068 +0530,251,251,"{""saved_filter_preference"":[{""values"": [""CANADA O O ECOM""], ""operator"": ""in"", ""dimension"": ""product"", ""startYear"": null, ""disablePast"": null, ""disableType"": null, ""filter_type"": ""cascaded"", ""display_type"": ""dropdown"", ""disableFuture"": null, ""attribute_name"": ""l0_name"", ""disablePastWeeks"": null, ""disableFutureWeeks"": null, ""check_configuration"": [{""checkedRows"": [""CANADA O O ECOM""]}]}]}",false,"{}","",true
290,Carters_1eTc,181,true,2025-12-01 13:35:32.588 +0530,2025-12-01 13:35:44.630 +0530,251,251,"{""saved_filter_preference"":[{""values"": [""CANADA O O ECOM""], ""operator"": ""in"", ""dimension"": ""product"", ""startYear"": null, ""disablePast"": null, ""disableType"": null, ""filter_type"": ""cascaded"", ""display_type"": ""dropdown"", ""disableFuture"": null, ""attribute_name"": ""l0_name"", ""disablePastWeeks"": null, ""disableFutureWeeks"": null, ""check_configuration"": null}, {""values"": [""WOMENS""], ""operator"": ""in"", ""dimension"": ""product"", ""startYear"": null, ""disablePast"": null, ""disableType"": null, ""filter_type"": ""cascaded"", ""display_type"": ""dropdown"", ""disableFuture"": null, ""attribute_name"": ""l1_name"", ""disablePastWeeks"": null, ""disableFutureWeeks"": null, ""check_configuration"": [{""checkedRows"": [""WOMENS""]}]}]}",false,"{}","",true
291,Carters_CjMx,63,true,2025-12-01 13:42:54.875 +0530,2025-12-01 13:43:09.013 +0530,251,251,"{""saved_filter_preference"":[{""values"": [""2025-07-01"", ""2025-07-15""], ""operator"": ""in"", ""dimension"": ""custom"", ""startYear"": null, ""disablePast"": null, ""disableType"": ""disableOnlyFuture"", ""filter_type"": ""non-cascaded"", ""display_type"": ""rangePicker"", ""disableFuture"": null, ""attribute_name"": ""range-picker"", ""disablePastWeeks"": null, ""disableFutureWeeks"": null, ""check_configuration"": []}, {""values"": [""CANADA O O OUTLET""], ""operator"": ""in"", ""dimension"": ""product"", ""startYear"": null, ""disablePast"": null, ""disableType"": null, ""filter_type"": ""cascaded"", ""display_type"": ""dropdown"", ""disableFuture"": null, ""attribute_name"": ""l0_name"", ""disablePastWeeks"": null, ""disableFutureWeeks"": null, ""check_configuration"": [{""checkedRows"": [""CANADA O O OUTLET""]}]}]}",false,"{}","",true
292,Carters_XBFR,71,true,2025-12-01 14:10:49.445 +0530,2025-12-01 14:11:02.369 +0530,251,251,"{""saved_filter_preference"":[{""values"": [""CANADA O O ECOM""], ""operator"": ""in"", ""dimension"": ""product"", ""startYear"": null, ""disablePast"": null, ""disableType"": null, ""filter_type"": ""cascaded"", ""display_type"": ""dropdown"", ""disableFuture"": null, ""attribute_name"": ""l0_name"", ""disablePastWeeks"": null, ""disableFutureWeeks"": null, ""check_configuration"": [{""checkedRows"": [""CANADA O O ECOM""]}]}]}",false,"{}","",true
293,Carters_nvUE,63,true,2025-12-01 14:21:09.948 +0530,2025-12-01 14:21:23.365 +0530,251,251,"{""saved_filter_preference"":[{""values"": [""2025-07-01"", ""2025-07-15""], ""operator"": ""in"", ""dimension"": ""custom"", ""startYear"": null, ""disablePast"": null, ""disableType"": ""disableOnlyFuture"", ""filter_type"": ""non-cascaded"", ""display_type"": ""rangePicker"", ""disableFuture"": null, ""attribute_name"": ""range-picker"", ""disablePastWeeks"": null, ""disableFutureWeeks"": null, ""check_configuration"": []}, {""values"": [""CANADA O O OUTLET""], ""operator"": ""in"", ""dimension"": ""product"", ""startYear"": null, ""disablePast"": null, ""disableType"": null, ""filter_type"": ""cascaded"", ""display_type"": ""dropdown"", ""disableFuture"": null, ""attribute_name"": ""l0_name"", ""disablePastWeeks"": null, ""disableFutureWeeks"": null, ""check_configuration"": [{""checkedRows"": [""CANADA O O OUTLET""]}]}]}",false,"{}","",true
294,Carters_4GcQ,316,false,2025-12-04 12:14:00.211 +0530,2025-12-04 12:14:11.841 +0530,251,251,"{""saved_filter_preference"":[{""values"": [""CANADA O O ECOM""], ""operator"": ""in"", ""dimension"": ""product"", ""startYear"": null, ""disablePast"": null, ""disableType"": null, ""filter_type"": ""cascaded"", ""display_type"": ""dropdown"", ""disableFuture"": null, ""attribute_name"": ""l0_name"", ""disablePastWeeks"": null, ""disableFutureWeeks"": null, ""check_configuration"": null}, {""values"": [""WOMENS""], ""operator"": ""in"", ""dimension"": ""product"", ""startYear"": null, ""disablePast"": null, ""disableType"": null, ""filter_type"": ""cascaded"", ""display_type"": ""dropdown"", ""disableFuture"": null, ""attribute_name"": ""l1_name"", ""disablePastWeeks"": null, ""disableFutureWeeks"": null, ""check_configuration"": [{""checkedRows"": [""WOMENS""]}]}]}",false,"{}","",true
295,Carters_4suA,325,true,2025-12-04 12:35:13.713 +0530,2025-12-04 12:35:25.461 +0530,251,251,"{""saved_filter_preference"":[{""values"": [""CANADA O O ECOM""], ""operator"": ""in"", ""dimension"": ""product"", ""startYear"": null, ""disablePast"": null, ""disableType"": null, ""filter_type"": ""cascaded"", ""display_type"": ""dropdown"", ""disableFuture"": null, ""attribute_name"": ""l0_name"", ""disablePastWeeks"": null, ""disableFutureWeeks"": null, ""check_configuration"": null}, {""values"": [""WOMENS""], ""operator"": ""in"", ""dimension"": ""product"", ""startYear"": null, ""disablePast"": null, ""disableType"": null, ""filter_type"": ""cascaded"", ""display_type"": ""dropdown"", ""disableFuture"": null, ""attribute_name"": ""l1_name"", ""disablePastWeeks"": null, ""disableFutureWeeks"": null, ""check_configuration"": [{""checkedRows"": [""WOMENS""]}]}]}",false,"{}","",true
296,Carters_JW8w,73,true,2025-12-04 13:05:40.836 +0530,2025-12-04 13:05:52.465 +0530,251,251,"{""saved_filter_preference"":[{""values"": [""CANADA O O ECOM""], ""operator"": ""in"", ""dimension"": ""product"", ""startYear"": null, ""disablePast"": null, ""disableType"": null, ""filter_type"": ""cascaded"", ""display_type"": ""dropdown"", ""disableFuture"": null, ""attribute_name"": ""l0_name"", ""disablePastWeeks"": null, ""disableFutureWeeks"": null, ""check_configuration"": [{""checkedRows"": [""CANADA O O ECOM""]}]}, {""values"": [""WOMENS""], ""operator"": ""in"", ""dimension"": ""product"", ""startYear"": null, ""disablePast"": null, ""disableType"": null, ""filter_type"": ""cascaded"", ""display_type"": ""dropdown"", ""disableFuture"": null, ""attribute_name"": ""l1_name"", ""disablePastWeeks"": null, ""disableFutureWeeks"": null, ""check_configuration"": [{""checkedRows"": [""WOMENS""]}]}]}",false,"{}","",true
297,Carters_TZ8x,180,true,2025-12-04 13:22:23.375 +0530,2025-12-04 13:22:35.256 +0530,251,251,"{""saved_filter_preference"":[{""values"": [""CANADA O O ECOM""], ""operator"": ""in"", ""dimension"": ""product"", ""startYear"": null, ""disablePast"": null, ""disableType"": null, ""filter_type"": ""cascaded"", ""display_type"": ""dropdown"", ""disableFuture"": null, ""attribute_name"": ""l0_name"", ""disablePastWeeks"": null, ""disableFutureWeeks"": null, ""check_configuration"": [{""checkedRows"": [""CANADA O O ECOM""]}]}, {""values"": [""WOMENS""], ""operator"": ""in"", ""dimension"": ""product"", ""startYear"": null, ""disablePast"": null, ""disableType"": null, ""filter_type"": ""cascaded"", ""display_type"": ""dropdown"", ""disableFuture"": null, ""attribute_name"": ""l1_name"", ""disablePastWeeks"": null, ""disableFutureWeeks"": null, ""check_configuration"": [{""checkedRows"": [""WOMENS""]}]}]}",false,"{}","",true
298,Carters_ov0k,49,true,2025-12-04 13:32:20.351 +0530,2025-12-04 13:32:32.631 +0530,251,251,"{""saved_filter_preference"":[{""values"": [""CANADA O O ECOM""], ""operator"": ""in"", ""dimension"": ""product"", ""startYear"": null, ""disablePast"": null, ""disableType"": null, ""filter_type"": ""cascaded"", ""display_type"": ""dropdown"", ""disableFuture"": null, ""attribute_name"": ""l0_name"", ""disablePastWeeks"": null, ""disableFutureWeeks"": null, ""check_configuration"": null}, {""values"": [""WOMENS""], ""operator"": ""in"", ""dimension"": ""product"", ""startYear"": null, ""disablePast"": null, ""disableType"": null, ""filter_type"": ""cascaded"", ""display_type"": ""dropdown"", ""disableFuture"": null, ""attribute_name"": ""l1_name"", ""disablePastWeeks"": null, ""disableFutureWeeks"": null, ""check_configuration"": [{""checkedRows"": [""WOMENS""]}]}]}",false,"{}","",true
299,Carters_aU50,181,true,2025-12-04 13:40:57.099 +0530,2025-12-04 13:41:09.295 +0530,251,251,"{""saved_filter_preference"":[{""values"": [""CANADA O O ECOM""], ""operator"": ""in"", ""dimension"": ""product"", ""startYear"": null, ""disablePast"": null, ""disableType"": null, ""filter_type"": ""cascaded"", ""display_type"": ""dropdown"", ""disableFuture"": null, ""attribute_name"": ""l0_name"", ""disablePastWeeks"": null, ""disableFutureWeeks"": null, ""check_configuration"": null}, {""values"": [""WOMENS""], ""operator"": ""in"", ""dimension"": ""product"", ""startYear"": null, ""disablePast"": null, ""disableType"": null, ""filter_type"": ""cascaded"", ""display_type"": ""dropdown"", ""disableFuture"": null, ""attribute_name"": ""l1_name"", ""disablePastWeeks"": null, ""disableFutureWeeks"": null, ""check_configuration"": [{""checkedRows"": [""WOMENS""]}]}]}",false,"{}","",true
300,Carters_ZqP7,71,true,2025-12-04 14:11:41.000 +0530,2025-12-04 14:11:54.823 +0530,251,251,"{""saved_filter_preference"":[{""values"": [""CANADA O O ECOM""], ""operator"": ""in"", ""dimension"": ""product"", ""startYear"": null, ""disablePast"": null, ""disableType"": null, ""filter_type"": ""cascaded"", ""display_type"": ""dropdown"", ""disableFuture"": null, ""attribute_name"": ""l0_name"", ""disablePastWeeks"": null, ""disableFutureWeeks"": null, ""check_configuration"": [{""checkedRows"": [""CANADA O O ECOM""]}]}]}",false,"{}","",true
301,Carters_RMyI,63,true,2025-12-04 14:22:10.832 +0530,2025-12-04 14:22:22.592 +0530,251,251,"{""saved_filter_preference"":[{""values"": [""2025-07-01"", ""2025-07-15""], ""operator"": ""in"", ""dimension"": ""custom"", ""startYear"": null, ""disablePast"": null, ""disableType"": ""disableOnlyFuture"", ""filter_type"": ""non-cascaded"", ""display_type"": ""rangePicker"", ""disableFuture"": null, ""attribute_name"": ""range-picker"", ""disablePastWeeks"": null, ""disableFutureWeeks"": null, ""check_configuration"": []}, {""values"": [""CANADA O O OUTLET""], ""operator"": ""in"", ""dimension"": ""product"", ""startYear"": null, ""disablePast"": null, ""disableType"": null, ""filter_type"": ""cascaded"", ""display_type"": ""dropdown"", ""disableFuture"": null, ""attribute_name"": ""l0_name"", ""disablePastWeeks"": null, ""disableFutureWeeks"": null, ""check_configuration"": [{""checkedRows"": [""CANADA O O OUTLET""]}]}]}",false,"{}","",true
302,savedfilternew,52,false,2025-12-05 14:31:47.658 +0530,2025-12-05 14:31:47.658 +0530,251,251,"{""saved_filter_preference"":[{""values"": [""CANADA O O ECOM""], ""operator"": ""in"", ""dimension"": ""product"", ""startYear"": null, ""disablePast"": null, ""disableType"": null, ""filter_type"": ""cascaded"", ""display_type"": ""dropdown"", ""disableFuture"": null, ""attribute_name"": ""l0_name"", ""disablePastWeeks"": null, ""disableFutureWeeks"": null, ""check_configuration"": [{""checkedRows"": [""CANADA O O ECOM""]}]}, {""values"": [202604, 202617], ""operator"": ""in"", ""dimension"": ""custom"", ""startYear"": null, ""disablePast"": null, ""disableType"": ""disableOnlyPast"", ""filter_type"": ""non-cascaded"", ""display_type"": ""rangePicker"", ""disableFuture"": null, ""attribute_name"": ""range-picker"", ""disablePastWeeks"": null, ""disableFutureWeeks"": null, ""check_configuration"": null}, {""values"": [{""id"": ""M"", ""label"": ""Month"", ""value"": ""M""}], ""operator"": ""in"", ""dimension"": ""custom"", ""startYear"": null, ""disablePast"": null, ""disableType"": null, ""filter_type"": ""non-cascaded"", ""display_type"": ""select"", ""disableFuture"": null, ""attribute_name"": ""agg_level_select"", ""disablePastWeeks"": null, ""disableFutureWeeks"": null, ""check_configuration"": null}, {""values"": [[{""id"": ""2025"", ""index"": ""1"", ""label"": ""LY"", ""value"": 1}], false], ""operator"": ""in"", ""dimension"": ""custom"", ""startYear"": null, ""disablePast"": null, ""disableType"": null, ""filter_type"": ""non-cascaded"", ""display_type"": ""select"", ""disableFuture"": null, ""attribute_name"": ""compare_with_select"", ""disablePastWeeks"": null, ""disableFutureWeeks"": null, ""check_configuration"": null}, {""values"": [202604, 202617], ""operator"": ""in"", ""dimension"": ""custom"", ""startYear"": null, ""disablePast"": null, ""disableType"": null, ""filter_type"": ""non-cascaded"", ""display_type"": ""dropDown"", ""disableFuture"": null, ""attribute_name"": ""fiscal_year_week"", ""disablePastWeeks"": null, ""disableFutureWeeks"": null, ""check_configuration"": null}]}",false,"{}","",false
303,newfilters,52,false,2025-12-05 14:34:46.789 +0530,2025-12-05 14:34:46.789 +0530,251,251,"{""saved_filter_preference"":[{""values"": [""CANADA O O ECOM""], ""operator"": ""in"", ""dimension"": ""product"", ""startYear"": null, ""disablePast"": null, ""disableType"": null, ""filter_type"": ""cascaded"", ""display_type"": ""dropdown"", ""disableFuture"": null, ""attribute_name"": ""l0_name"", ""disablePastWeeks"": null, ""disableFutureWeeks"": null, ""check_configuration"": [{""checkedRows"": [""CANADA O O ECOM""]}]}, {""values"": [202601, 202608], ""operator"": ""in"", ""dimension"": ""custom"", ""startYear"": null, ""disablePast"": null, ""disableType"": ""disableOnlyPast"", ""filter_type"": ""non-cascaded"", ""display_type"": ""rangePicker"", ""disableFuture"": null, ""attribute_name"": ""range-picker"", ""disablePastWeeks"": null, ""disableFutureWeeks"": null, ""check_configuration"": null}, {""values"": [{""id"": ""M"", ""label"": ""Month"", ""value"": ""M""}], ""operator"": ""in"", ""dimension"": ""custom"", ""startYear"": null, ""disablePast"": null, ""disableType"": null, ""filter_type"": ""non-cascaded"", ""display_type"": ""select"", ""disableFuture"": null, ""attribute_name"": ""agg_level_select"", ""disablePastWeeks"": null, ""disableFutureWeeks"": null, ""check_configuration"": null}, {""values"": [[{""id"": ""2024"", ""index"": ""2"", ""label"": ""LLY"", ""value"": 2}], false], ""operator"": ""in"", ""dimension"": ""custom"", ""startYear"": null, ""disablePast"": null, ""disableType"": null, ""filter_type"": ""non-cascaded"", ""display_type"": ""select"", ""disableFuture"": null, ""attribute_name"": ""compare_with_select"", ""disablePastWeeks"": null, ""disableFutureWeeks"": null, ""check_configuration"": null}, {""values"": [202601, 202608], ""operator"": ""in"", ""dimension"": ""custom"", ""startYear"": null, ""disablePast"": null, ""disableType"": null, ""filter_type"": ""non-cascaded"", ""display_type"": ""dropDown"", ""disableFuture"": null, ""attribute_name"": ""fiscal_year_week"", ""disablePastWeeks"": null, ""disableFutureWeeks"": null, ""check_configuration"": null}]}",false,"{}","",false
304,Carters_gFzf,316,false,2025-12-09 15:21:08.229 +0530,2025-12-09 15:21:20.809 +0530,251,251,"{""saved_filter_preference"":[{""values"": [""CANADA O O ECOM""], ""operator"": ""in"", ""dimension"": ""product"", ""startYear"": null, ""disablePast"": null, ""disableType"": null, ""filter_type"": ""cascaded"", ""display_type"": ""dropdown"", ""disableFuture"": null, ""attribute_name"": ""l0_name"", ""disablePastWeeks"": null, ""disableFutureWeeks"": null, ""check_configuration"": null}, {""values"": [""WOMENS""], ""operator"": ""in"", ""dimension"": ""product"", ""startYear"": null, ""disablePast"": null, ""disableType"": null, ""filter_type"": ""cascaded"", ""display_type"": ""dropdown"", ""disableFuture"": null, ""attribute_name"": ""l1_name"", ""disablePastWeeks"": null, ""disableFutureWeeks"": null, ""check_configuration"": [{""checkedRows"": [""WOMENS""]}]}]}",false,"{}","",true
305,Carters_Y9OD,325,true,2025-12-09 15:41:06.339 +0530,2025-12-09 15:41:20.647 +0530,251,251,"{""saved_filter_preference"":[{""values"": [""CANADA O O ECOM""], ""operator"": ""in"", ""dimension"": ""product"", ""startYear"": null, ""disablePast"": null, ""disableType"": null, ""filter_type"": ""cascaded"", ""display_type"": ""dropdown"", ""disableFuture"": null, ""attribute_name"": ""l0_name"", ""disablePastWeeks"": null, ""disableFutureWeeks"": null, ""check_configuration"": null}, {""values"": [""WOMENS""], ""operator"": ""in"", ""dimension"": ""product"", ""startYear"": null, ""disablePast"": null, ""disableType"": null, ""filter_type"": ""cascaded"", ""display_type"": ""dropdown"", ""disableFuture"": null, ""attribute_name"": ""l1_name"", ""disablePastWeeks"": null, ""disableFutureWeeks"": null, ""check_configuration"": [{""checkedRows"": [""WOMENS""]}]}]}",false,"{}","",true
306,Carters_8dzl,73,true,2025-12-09 16:11:35.186 +0530,2025-12-09 16:11:49.287 +0530,251,251,"{""saved_filter_preference"":[{""values"": [""CANADA O O ECOM""], ""operator"": ""in"", ""dimension"": ""product"", ""startYear"": null, ""disablePast"": null, ""disableType"": null, ""filter_type"": ""cascaded"", ""display_type"": ""dropdown"", ""disableFuture"": null, ""attribute_name"": ""l0_name"", ""disablePastWeeks"": null, ""disableFutureWeeks"": null, ""check_configuration"": [{""checkedRows"": [""CANADA O O ECOM""]}]}, {""values"": [""WOMENS""], ""operator"": ""in"", ""dimension"": ""product"", ""startYear"": null, ""disablePast"": null, ""disableType"": null, ""filter_type"": ""cascaded"", ""display_type"": ""dropdown"", ""disableFuture"": null, ""attribute_name"": ""l1_name"", ""disablePastWeeks"": null, ""disableFutureWeeks"": null, ""check_configuration"": [{""checkedRows"": [""WOMENS""]}]}]}",false,"{}","",true
307,Carters_XNoC,49,true,2025-12-09 16:42:13.700 +0530,2025-12-09 16:42:26.268 +0530,251,251,"{""saved_filter_preference"":[{""values"": [""CANADA O O ECOM""], ""operator"": ""in"", ""dimension"": ""product"", ""startYear"": null, ""disablePast"": null, ""disableType"": null, ""filter_type"": ""cascaded"", ""display_type"": ""dropdown"", ""disableFuture"": null, ""attribute_name"": ""l0_name"", ""disablePastWeeks"": null, ""disableFutureWeeks"": null, ""check_configuration"": null}, {""values"": [""WOMENS""], ""operator"": ""in"", ""dimension"": ""product"", ""startYear"": null, ""disablePast"": null, ""disableType"": null, ""filter_type"": ""cascaded"", ""display_type"": ""dropdown"", ""disableFuture"": null, ""attribute_name"": ""l1_name"", ""disablePastWeeks"": null, ""disableFutureWeeks"": null, ""check_configuration"": [{""checkedRows"": [""WOMENS""]}]}]}",false,"{}","",true
308,Carters_L5EB,181,true,2025-12-09 16:50:40.861 +0530,2025-12-09 16:50:54.060 +0530,251,251,"{""saved_filter_preference"":[{""values"": [""CANADA O O ECOM""], ""operator"": ""in"", ""dimension"": ""product"", ""startYear"": null, ""disablePast"": null, ""disableType"": null, ""filter_type"": ""cascaded"", ""display_type"": ""dropdown"", ""disableFuture"": null, ""attribute_name"": ""l0_name"", ""disablePastWeeks"": null, ""disableFutureWeeks"": null, ""check_configuration"": null}, {""values"": [""WOMENS""], ""operator"": ""in"", ""dimension"": ""product"", ""startYear"": null, ""disablePast"": null, ""disableType"": null, ""filter_type"": ""cascaded"", ""display_type"": ""dropdown"", ""disableFuture"": null, ""attribute_name"": ""l1_name"", ""disablePastWeeks"": null, ""disableFutureWeeks"": null, ""check_configuration"": [{""checkedRows"": [""WOMENS""]}]}]}",false,"{}","",true
309,Carters_fRQj,71,true,2025-12-09 17:29:36.213 +0530,2025-12-09 17:29:48.313 +0530,251,251,"{""saved_filter_preference"":[{""values"": [""CANADA O O ECOM""], ""operator"": ""in"", ""dimension"": ""product"", ""startYear"": null, ""disablePast"": null, ""disableType"": null, ""filter_type"": ""cascaded"", ""display_type"": ""dropdown"", ""disableFuture"": null, ""attribute_name"": ""l0_name"", ""disablePastWeeks"": null, ""disableFutureWeeks"": null, ""check_configuration"": [{""checkedRows"": [""CANADA O O ECOM""]}]}]}",false,"{}","",true
310,Carters_sFKd,63,true,2025-12-09 17:40:47.269 +0530,2025-12-09 17:40:59.343 +0530,251,251,"{""saved_filter_preference"":[{""values"": [""2025-07-01"", ""2025-07-15""], ""operator"": ""in"", ""dimension"": ""custom"", ""startYear"": null, ""disablePast"": null, ""disableType"": ""disableOnlyFuture"", ""filter_type"": ""non-cascaded"", ""display_type"": ""rangePicker"", ""disableFuture"": null, ""attribute_name"": ""range-picker"", ""disablePastWeeks"": null, ""disableFutureWeeks"": null, ""check_configuration"": []}, {""values"": [""CANADA O O OUTLET""], ""operator"": ""in"", ""dimension"": ""product"", ""startYear"": null, ""disablePast"": null, ""disableType"": null, ""filter_type"": ""cascaded"", ""display_type"": ""dropdown"", ""disableFuture"": null, ""attribute_name"": ""l0_name"", ""disablePastWeeks"": null, ""disableFutureWeeks"": null, ""check_configuration"": [{""checkedRows"": [""CANADA O O OUTLET""]}]}]}",false,"{}","",true
311,Carters_GayF,316,false,2025-12-11 19:04:05.512 +0530,2025-12-11 19:04:17.309 +0530,251,251,"{""saved_filter_preference"":[{""values"": [""CANADA O O ECOM""], ""operator"": ""in"", ""dimension"": ""product"", ""startYear"": null, ""disablePast"": null, ""disableType"": null, ""filter_type"": ""cascaded"", ""display_type"": ""dropdown"", ""disableFuture"": null, ""attribute_name"": ""l0_name"", ""disablePastWeeks"": null, ""disableFutureWeeks"": null, ""check_configuration"": null}, {""values"": [""WOMENS""], ""operator"": ""in"", ""dimension"": ""product"", ""startYear"": null, ""disablePast"": null, ""disableType"": null, ""filter_type"": ""cascaded"", ""display_type"": ""dropdown"", ""disableFuture"": null, ""attribute_name"": ""l1_name"", ""disablePastWeeks"": null, ""disableFutureWeeks"": null, ""check_configuration"": [{""checkedRows"": [""WOMENS""]}]}]}",false,"{}","",true
312,Carters_mK9m,325,true,2025-12-11 19:24:48.111 +0530,2025-12-11 19:25:00.534 +0530,251,251,"{""saved_filter_preference"":[{""values"": [""CANADA O O ECOM""], ""operator"": ""in"", ""dimension"": ""product"", ""startYear"": null, ""disablePast"": null, ""disableType"": null, ""filter_type"": ""cascaded"", ""display_type"": ""dropdown"", ""disableFuture"": null, ""attribute_name"": ""l0_name"", ""disablePastWeeks"": null, ""disableFutureWeeks"": null, ""check_configuration"": null}, {""values"": [""WOMENS""], ""operator"": ""in"", ""dimension"": ""product"", ""startYear"": null, ""disablePast"": null, ""disableType"": null, ""filter_type"": ""cascaded"", ""display_type"": ""dropdown"", ""disableFuture"": null, ""attribute_name"": ""l1_name"", ""disablePastWeeks"": null, ""disableFutureWeeks"": null, ""check_configuration"": [{""checkedRows"": [""WOMENS""]}]}]}",false,"{}","",true
313,Carters_XXXd,73,true,2025-12-11 19:54:49.621 +0530,2025-12-11 19:55:01.294 +0530,251,251,"{""saved_filter_preference"":[{""values"": [""CANADA O O ECOM""], ""operator"": ""in"", ""dimension"": ""product"", ""startYear"": null, ""disablePast"": null, ""disableType"": null, ""filter_type"": ""cascaded"", ""display_type"": ""dropdown"", ""disableFuture"": null, ""attribute_name"": ""l0_name"", ""disablePastWeeks"": null, ""disableFutureWeeks"": null, ""check_configuration"": [{""checkedRows"": [""CANADA O O ECOM""]}]}, {""values"": [""WOMENS""], ""operator"": ""in"", ""dimension"": ""product"", ""startYear"": null, ""disablePast"": null, ""disableType"": null, ""filter_type"": ""cascaded"", ""display_type"": ""dropdown"", ""disableFuture"": null, ""attribute_name"": ""l1_name"", ""disablePastWeeks"": null, ""disableFutureWeeks"": null, ""check_configuration"": [{""checkedRows"": [""WOMENS""]}]}]}",false,"{}","",true
314,Carters_Y56d,180,true,2025-12-11 20:09:45.739 +0530,2025-12-11 20:09:57.751 +0530,251,251,"{""saved_filter_preference"":[{""values"": [""CANADA O O ECOM""], ""operator"": ""in"", ""dimension"": ""product"", ""startYear"": null, ""disablePast"": null, ""disableType"": null, ""filter_type"": ""cascaded"", ""display_type"": ""dropdown"", ""disableFuture"": null, ""attribute_name"": ""l0_name"", ""disablePastWeeks"": null, ""disableFutureWeeks"": null, ""check_configuration"": [{""checkedRows"": [""CANADA O O ECOM""]}]}, {""values"": [""WOMENS""], ""operator"": ""in"", ""dimension"": ""product"", ""startYear"": null, ""disablePast"": null, ""disableType"": null, ""filter_type"": ""cascaded"", ""display_type"": ""dropdown"", ""disableFuture"": null, ""attribute_name"": ""l1_name"", ""disablePastWeeks"": null, ""disableFutureWeeks"": null, ""check_configuration"": [{""checkedRows"": [""WOMENS""]}]}]}",false,"{}","",true
315,Carters_rS45,49,true,2025-12-11 20:19:37.860 +0530,2025-12-11 20:19:49.758 +0530,251,251,"{""saved_filter_preference"":[{""values"": [""CANADA O O ECOM""], ""operator"": ""in"", ""dimension"": ""product"", ""startYear"": null, ""disablePast"": null, ""disableType"": null, ""filter_type"": ""cascaded"", ""display_type"": ""dropdown"", ""disableFuture"": null, ""attribute_name"": ""l0_name"", ""disablePastWeeks"": null, ""disableFutureWeeks"": null, ""check_configuration"": null}, {""values"": [""WOMENS""], ""operator"": ""in"", ""dimension"": ""product"", ""startYear"": null, ""disablePast"": null, ""disableType"": null, ""filter_type"": ""cascaded"", ""display_type"": ""dropdown"", ""disableFuture"": null, ""attribute_name"": ""l1_name"", ""disablePastWeeks"": null, ""disableFutureWeeks"": null, ""check_configuration"": [{""checkedRows"": [""WOMENS""]}]}]}",false,"{}","",true
316,Carters_4Hl9,181,true,2025-12-11 20:27:59.869 +0530,2025-12-11 20:28:12.558 +0530,251,251,"{""saved_filter_preference"":[{""values"": [""CANADA O O ECOM""], ""operator"": ""in"", ""dimension"": ""product"", ""startYear"": null, ""disablePast"": null, ""disableType"": null, ""filter_type"": ""cascaded"", ""display_type"": ""dropdown"", ""disableFuture"": null, ""attribute_name"": ""l0_name"", ""disablePastWeeks"": null, ""disableFutureWeeks"": null, ""check_configuration"": null}, {""values"": [""WOMENS""], ""operator"": ""in"", ""dimension"": ""product"", ""startYear"": null, ""disablePast"": null, ""disableType"": null, ""filter_type"": ""cascaded"", ""display_type"": ""dropdown"", ""disableFuture"": null, ""attribute_name"": ""l1_name"", ""disablePastWeeks"": null, ""disableFutureWeeks"": null, ""check_configuration"": [{""checkedRows"": [""WOMENS""]}]}]}",false,"{}","",true
317,Carters_eTdD,71,true,2025-12-11 21:02:04.006 +0530,2025-12-11 21:02:15.506 +0530,251,251,"{""saved_filter_preference"":[{""values"": [""CANADA O O ECOM""], ""operator"": ""in"", ""dimension"": ""product"", ""startYear"": null, ""disablePast"": null, ""disableType"": null, ""filter_type"": ""cascaded"", ""display_type"": ""dropdown"", ""disableFuture"": null, ""attribute_name"": ""l0_name"", ""disablePastWeeks"": null, ""disableFutureWeeks"": null, ""check_configuration"": [{""checkedRows"": [""CANADA O O ECOM""]}]}]}",false,"{}","",true
318,Carters_EQuU,63,true,2025-12-11 21:12:12.501 +0530,2025-12-11 21:12:24.189 +0530,251,251,"{""saved_filter_preference"":[{""values"": [""2025-07-01"", ""2025-07-15""], ""operator"": ""in"", ""dimension"": ""custom"", ""startYear"": null, ""disablePast"": null, ""disableType"": ""disableOnlyFuture"", ""filter_type"": ""non-cascaded"", ""display_type"": ""rangePicker"", ""disableFuture"": null, ""attribute_name"": ""range-picker"", ""disablePastWeeks"": null, ""disableFutureWeeks"": null, ""check_configuration"": []}, {""values"": [""CANADA O O OUTLET""], ""operator"": ""in"", ""dimension"": ""product"", ""startYear"": null, ""disablePast"": null, ""disableType"": null, ""filter_type"": ""cascaded"", ""display_type"": ""dropdown"", ""disableFuture"": null, ""attribute_name"": ""l0_name"", ""disablePastWeeks"": null, ""disableFutureWeeks"": null, ""check_configuration"": [{""checkedRows"": [""CANADA O O OUTLET""]}]}]}",false,"{}","",true
319,Carters_4XYz,316,false,2025-12-15 11:33:06.992 +0530,2025-12-15 11:33:19.270 +0530,251,251,"{""saved_filter_preference"":[{""values"": [""CANADA O O ECOM""], ""operator"": ""in"", ""dimension"": ""product"", ""startYear"": null, ""disablePast"": null, ""disableType"": null, ""filter_type"": ""cascaded"", ""display_type"": ""dropdown"", ""disableFuture"": null, ""attribute_name"": ""l0_name"", ""disablePastWeeks"": null, ""disableFutureWeeks"": null, ""check_configuration"": null}, {""values"": [""WOMENS""], ""operator"": ""in"", ""dimension"": ""product"", ""startYear"": null, ""disablePast"": null, ""disableType"": null, ""filter_type"": ""cascaded"", ""display_type"": ""dropdown"", ""disableFuture"": null, ""attribute_name"": ""l1_name"", ""disablePastWeeks"": null, ""disableFutureWeeks"": null, ""check_configuration"": [{""checkedRows"": [""WOMENS""]}]}]}",false,"{}","",true
320,Carters_DL7Y,325,true,2025-12-15 11:53:24.823 +0530,2025-12-15 11:53:36.536 +0530,251,251,"{""saved_filter_preference"":[{""values"": [""CANADA O O ECOM""], ""operator"": ""in"", ""dimension"": ""product"", ""startYear"": null, ""disablePast"": null, ""disableType"": null, ""filter_type"": ""cascaded"", ""display_type"": ""dropdown"", ""disableFuture"": null, ""attribute_name"": ""l0_name"", ""disablePastWeeks"": null, ""disableFutureWeeks"": null, ""check_configuration"": null}, {""values"": [""WOMENS""], ""operator"": ""in"", ""dimension"": ""product"", ""startYear"": null, ""disablePast"": null, ""disableType"": null, ""filter_type"": ""cascaded"", ""display_type"": ""dropdown"", ""disableFuture"": null, ""attribute_name"": ""l1_name"", ""disablePastWeeks"": null, ""disableFutureWeeks"": null, ""check_configuration"": [{""checkedRows"": [""WOMENS""]}]}]}",false,"{}","",true
321,Carters_Mh6j,73,true,2025-12-15 12:23:12.438 +0530,2025-12-15 12:23:24.467 +0530,251,251,"{""saved_filter_preference"":[{""values"": [""CANADA O O ECOM""], ""operator"": ""in"", ""dimension"": ""product"", ""startYear"": null, ""disablePast"": null, ""disableType"": null, ""filter_type"": ""cascaded"", ""display_type"": ""dropdown"", ""disableFuture"": null, ""attribute_name"": ""l0_name"", ""disablePastWeeks"": null, ""disableFutureWeeks"": null, ""check_configuration"": [{""checkedRows"": [""CANADA O O ECOM""]}]}, {""values"": [""WOMENS""], ""operator"": ""in"", ""dimension"": ""product"", ""startYear"": null, ""disablePast"": null, ""disableType"": null, ""filter_type"": ""cascaded"", ""display_type"": ""dropdown"", ""disableFuture"": null, ""attribute_name"": ""l1_name"", ""disablePastWeeks"": null, ""disableFutureWeeks"": null, ""check_configuration"": [{""checkedRows"": [""WOMENS""]}]}]}",false,"{}","",true
322,Carters_uHhp,180,true,2025-12-15 12:38:27.772 +0530,2025-12-15 12:38:40.308 +0530,251,251,"{""saved_filter_preference"":[{""values"": [""CANADA O O ECOM""], ""operator"": ""in"", ""dimension"": ""product"", ""startYear"": null, ""disablePast"": null, ""disableType"": null, ""filter_type"": ""cascaded"", ""display_type"": ""dropdown"", ""disableFuture"": null, ""attribute_name"": ""l0_name"", ""disablePastWeeks"": null, ""disableFutureWeeks"": null, ""check_configuration"": [{""checkedRows"": [""CANADA O O ECOM""]}]}, {""values"": [""WOMENS""], ""operator"": ""in"", ""dimension"": ""product"", ""startYear"": null, ""disablePast"": null, ""disableType"": null, ""filter_type"": ""cascaded"", ""display_type"": ""dropdown"", ""disableFuture"": null, ""attribute_name"": ""l1_name"", ""disablePastWeeks"": null, ""disableFutureWeeks"": null, ""check_configuration"": [{""checkedRows"": [""WOMENS""]}]}]}",false,"{}","",true
323,Carters_eaRU,49,true,2025-12-15 12:48:35.276 +0530,2025-12-15 12:48:47.201 +0530,251,251,"{""saved_filter_preference"":[{""values"": [""CANADA O O ECOM""], ""operator"": ""in"", ""dimension"": ""product"", ""startYear"": null, ""disablePast"": null, ""disableType"": null, ""filter_type"": ""cascaded"", ""display_type"": ""dropdown"", ""disableFuture"": null, ""attribute_name"": ""l0_name"", ""disablePastWeeks"": null, ""disableFutureWeeks"": null, ""check_configuration"": null}, {""values"": [""WOMENS""], ""operator"": ""in"", ""dimension"": ""product"", ""startYear"": null, ""disablePast"": null, ""disableType"": null, ""filter_type"": ""cascaded"", ""display_type"": ""dropdown"", ""disableFuture"": null, ""attribute_name"": ""l1_name"", ""disablePastWeeks"": null, ""disableFutureWeeks"": null, ""check_configuration"": [{""checkedRows"": [""WOMENS""]}]}]}",false,"{}","",true
324,Carters_9Xi6,181,true,2025-12-15 12:56:40.059 +0530,2025-12-15 12:56:52.992 +0530,251,251,"{""saved_filter_preference"":[{""values"": [""CANADA O O ECOM""], ""operator"": ""in"", ""dimension"": ""product"", ""startYear"": null, ""disablePast"": null, ""disableType"": null, ""filter_type"": ""cascaded"", ""display_type"": ""dropdown"", ""disableFuture"": null, ""attribute_name"": ""l0_name"", ""disablePastWeeks"": null, ""disableFutureWeeks"": null, ""check_configuration"": null}, {""values"": [""WOMENS""], ""operator"": ""in"", ""dimension"": ""product"", ""startYear"": null, ""disablePast"": null, ""disableType"": null, ""filter_type"": ""cascaded"", ""display_type"": ""dropdown"", ""disableFuture"": null, ""attribute_name"": ""l1_name"", ""disablePastWeeks"": null, ""disableFutureWeeks"": null, ""check_configuration"": [{""checkedRows"": [""WOMENS""]}]}]}",false,"{}","",true
325,Carters_YO6b,71,true,2025-12-15 13:30:35.177 +0530,2025-12-15 13:30:47.535 +0530,251,251,"{""saved_filter_preference"":[{""values"": [""CANADA O O ECOM""], ""operator"": ""in"", ""dimension"": ""product"", ""startYear"": null, ""disablePast"": null, ""disableType"": null, ""filter_type"": ""cascaded"", ""display_type"": ""dropdown"", ""disableFuture"": null, ""attribute_name"": ""l0_name"", ""disablePastWeeks"": null, ""disableFutureWeeks"": null, ""check_configuration"": [{""checkedRows"": [""CANADA O O ECOM""]}]}]}",false,"{}","",true
326,Carters_3gb2,63,true,2025-12-15 13:41:11.103 +0530,2025-12-15 13:41:22.978 +0530,251,251,"{""saved_filter_preference"":[{""values"": [""2025-07-01"", ""2025-07-15""], ""operator"": ""in"", ""dimension"": ""custom"", ""startYear"": null, ""disablePast"": null, ""disableType"": ""disableOnlyFuture"", ""filter_type"": ""non-cascaded"", ""display_type"": ""rangePicker"", ""disableFuture"": null, ""attribute_name"": ""range-picker"", ""disablePastWeeks"": null, ""disableFutureWeeks"": null, ""check_configuration"": []}, {""values"": [""CANADA O O OUTLET""], ""operator"": ""in"", ""dimension"": ""product"", ""startYear"": null, ""disablePast"": null, ""disableType"": null, ""filter_type"": ""cascaded"", ""display_type"": ""dropdown"", ""disableFuture"": null, ""attribute_name"": ""l0_name"", ""disablePastWeeks"": null, ""disableFutureWeeks"": null, ""check_configuration"": [{""checkedRows"": [""CANADA O O OUTLET""]}]}]}",false,"{}","",true
327,Can ML Mens,3,false,2025-12-16 11:11:43.630 +0530,2026-01-08 14:54:16.432 +0530,22233,22233,"{""saved_filter_preference"":[{""values"": [""CANADA O O MAINLINE""], ""operator"": ""in"", ""dimension"": ""product"", ""startYear"": null, ""disablePast"": null, ""disableType"": null, ""filter_type"": ""cascaded"", ""display_type"": ""dropdown"", ""disableFuture"": null, ""attribute_name"": ""l0_name"", ""disablePastWeeks"": null, ""disableFutureWeeks"": null, ""check_configuration"": [{""checkedRows"": [""CANADA O O MAINLINE""]}]}, {""values"": [""MENS""], ""operator"": ""in"", ""dimension"": ""product"", ""startYear"": null, ""disablePast"": null, ""disableType"": null, ""filter_type"": ""cascaded"", ""display_type"": ""dropdown"", ""disableFuture"": null, ""attribute_name"": ""l1_name"", ""disablePastWeeks"": null, ""disableFutureWeeks"": null, ""check_configuration"": [{""checkedRows"": [""MENS""]}]}]}",true,"{""251"": ""2025-12-18T09:04:28.320367+00:00""}","",true
328,Carters_CX6c,316,false,2025-12-22 10:28:32.784 +0530,2025-12-22 10:28:44.961 +0530,251,251,"{""saved_filter_preference"":[{""values"": [""CANADA O O ECOM""], ""operator"": ""in"", ""dimension"": ""product"", ""startYear"": null, ""disablePast"": null, ""disableType"": null, ""filter_type"": ""cascaded"", ""display_type"": ""dropdown"", ""disableFuture"": null, ""attribute_name"": ""l0_name"", ""disablePastWeeks"": null, ""disableFutureWeeks"": null, ""check_configuration"": null}, {""values"": [""WOMENS""], ""operator"": ""in"", ""dimension"": ""product"", ""startYear"": null, ""disablePast"": null, ""disableType"": null, ""filter_type"": ""cascaded"", ""display_type"": ""dropdown"", ""disableFuture"": null, ""attribute_name"": ""l1_name"", ""disablePastWeeks"": null, ""disableFutureWeeks"": null, ""check_configuration"": [{""checkedRows"": [""WOMENS""]}]}]}",false,"{}","",true
329,Carters_GnUF,325,false,2025-12-22 10:54:24.848 +0530,2025-12-22 10:54:37.185 +0530,251,251,"{""saved_filter_preference"":[{""values"": [""CANADA O O ECOM""], ""operator"": ""in"", ""dimension"": ""product"", ""startYear"": null, ""disablePast"": null, ""disableType"": null, ""filter_type"": ""cascaded"", ""display_type"": ""dropdown"", ""disableFuture"": null, ""attribute_name"": ""l0_name"", ""disablePastWeeks"": null, ""disableFutureWeeks"": null, ""check_configuration"": null}, {""values"": [""WOMENS""], ""operator"": ""in"", ""dimension"": ""product"", ""startYear"": null, ""disablePast"": null, ""disableType"": null, ""filter_type"": ""cascaded"", ""display_type"": ""dropdown"", ""disableFuture"": null, ""attribute_name"": ""l1_name"", ""disablePastWeeks"": null, ""disableFutureWeeks"": null, ""check_configuration"": [{""checkedRows"": [""WOMENS""]}]}]}",false,"{}","",true
330,Carters_35Uv,73,false,2025-12-22 11:28:37.759 +0530,2025-12-22 11:28:50.210 +0530,251,251,"{""saved_filter_preference"":[{""values"": [""CANADA O O ECOM""], ""operator"": ""in"", ""dimension"": ""product"", ""startYear"": null, ""disablePast"": null, ""disableType"": null, ""filter_type"": ""cascaded"", ""display_type"": ""dropdown"", ""disableFuture"": null, ""attribute_name"": ""l0_name"", ""disablePastWeeks"": null, ""disableFutureWeeks"": null, ""check_configuration"": [{""checkedRows"": [""CANADA O O ECOM""]}]}, {""values"": [""WOMENS""], ""operator"": ""in"", ""dimension"": ""product"", ""startYear"": null, ""disablePast"": null, ""disableType"": null, ""filter_type"": ""cascaded"", ""display_type"": ""dropdown"", ""disableFuture"": null, ""attribute_name"": ""l1_name"", ""disablePastWeeks"": null, ""disableFutureWeeks"": null, ""check_configuration"": [{""checkedRows"": [""WOMENS""]}]}]}",false,"{}","",true
331,Carters_IHhx,180,false,2025-12-22 11:43:54.234 +0530,2025-12-22 11:44:06.357 +0530,251,251,"{""saved_filter_preference"":[{""values"": [""CANADA O O ECOM""], ""operator"": ""in"", ""dimension"": ""product"", ""startYear"": null, ""disablePast"": null, ""disableType"": null, ""filter_type"": ""cascaded"", ""display_type"": ""dropdown"", ""disableFuture"": null, ""attribute_name"": ""l0_name"", ""disablePastWeeks"": null, ""disableFutureWeeks"": null, ""check_configuration"": [{""checkedRows"": [""CANADA O O ECOM""]}]}, {""values"": [""WOMENS""], ""operator"": ""in"", ""dimension"": ""product"", ""startYear"": null, ""disablePast"": null, ""disableType"": null, ""filter_type"": ""cascaded"", ""display_type"": ""dropdown"", ""disableFuture"": null, ""attribute_name"": ""l1_name"", ""disablePastWeeks"": null, ""disableFutureWeeks"": null, ""check_configuration"": [{""checkedRows"": [""WOMENS""]}]}]}",false,"{}","",true
332,Carters_KLg8,49,false,2025-12-22 11:54:34.935 +0530,2025-12-22 11:54:47.172 +0530,251,251,"{""saved_filter_preference"":[{""values"": [""CANADA O O ECOM""], ""operator"": ""in"", ""dimension"": ""product"", ""startYear"": null, ""disablePast"": null, ""disableType"": null, ""filter_type"": ""cascaded"", ""display_type"": ""dropdown"", ""disableFuture"": null, ""attribute_name"": ""l0_name"", ""disablePastWeeks"": null, ""disableFutureWeeks"": null, ""check_configuration"": null}, {""values"": [""WOMENS""], ""operator"": ""in"", ""dimension"": ""product"", ""startYear"": null, ""disablePast"": null, ""disableType"": null, ""filter_type"": ""cascaded"", ""display_type"": ""dropdown"", ""disableFuture"": null, ""attribute_name"": ""l1_name"", ""disablePastWeeks"": null, ""disableFutureWeeks"": null, ""check_configuration"": [{""checkedRows"": [""WOMENS""]}]}]}",false,"{}","",true
333,Carters_CAg7,181,false,2025-12-22 12:02:43.269 +0530,2025-12-22 12:02:55.597 +0530,251,251,"{""saved_filter_preference"":[{""values"": [""CANADA O O ECOM""], ""operator"": ""in"", ""dimension"": ""product"", ""startYear"": null, ""disablePast"": null, ""disableType"": null, ""filter_type"": ""cascaded"", ""display_type"": ""dropdown"", ""disableFuture"": null, ""attribute_name"": ""l0_name"", ""disablePastWeeks"": null, ""disableFutureWeeks"": null, ""check_configuration"": null}, {""values"": [""WOMENS""], ""operator"": ""in"", ""dimension"": ""product"", ""startYear"": null, ""disablePast"": null, ""disableType"": null, ""filter_type"": ""cascaded"", ""display_type"": ""dropdown"", ""disableFuture"": null, ""attribute_name"": ""l1_name"", ""disablePastWeeks"": null, ""disableFutureWeeks"": null, ""check_configuration"": [{""checkedRows"": [""WOMENS""]}]}]}",false,"{}","",true
334,Carters_WUh0,71,false,2025-12-22 12:36:05.790 +0530,2025-12-22 12:36:18.049 +0530,251,251,"{""saved_filter_preference"":[{""values"": [""CANADA O O ECOM""], ""operator"": ""in"", ""dimension"": ""product"", ""startYear"": null, ""disablePast"": null, ""disableType"": null, ""filter_type"": ""cascaded"", ""display_type"": ""dropdown"", ""disableFuture"": null, ""attribute_name"": ""l0_name"", ""disablePastWeeks"": null, ""disableFutureWeeks"": null, ""check_configuration"": [{""checkedRows"": [""CANADA O O ECOM""]}]}]}",false,"{}","",true
335,Carters_4gZl,63,false,2025-12-22 12:46:30.875 +0530,2025-12-22 12:46:43.894 +0530,251,251,"{""saved_filter_preference"":[{""values"": [""2025-07-01"", ""2025-07-15""], ""operator"": ""in"", ""dimension"": ""custom"", ""startYear"": null, ""disablePast"": null, ""disableType"": ""disableOnlyFuture"", ""filter_type"": ""non-cascaded"", ""display_type"": ""rangePicker"", ""disableFuture"": null, ""attribute_name"": ""range-picker"", ""disablePastWeeks"": null, ""disableFutureWeeks"": null, ""check_configuration"": []}, {""values"": [""CANADA O O OUTLET""], ""operator"": ""in"", ""dimension"": ""product"", ""startYear"": null, ""disablePast"": null, ""disableType"": null, ""filter_type"": ""cascaded"", ""display_type"": ""dropdown"", ""disableFuture"": null, ""attribute_name"": ""l0_name"", ""disablePastWeeks"": null, ""disableFutureWeeks"": null, ""check_configuration"": [{""checkedRows"": [""CANADA O O OUTLET""]}]}]}",false,"{}","",true
336,Carters_9ycR,316,false,2025-12-26 11:07:18.024 +0530,2025-12-26 11:07:29.930 +0530,251,251,"{""saved_filter_preference"":[{""values"": [""CANADA O O ECOM""], ""operator"": ""in"", ""dimension"": ""product"", ""startYear"": null, ""disablePast"": null, ""disableType"": null, ""filter_type"": ""cascaded"", ""display_type"": ""dropdown"", ""disableFuture"": null, ""attribute_name"": ""l0_name"", ""disablePastWeeks"": null, ""disableFutureWeeks"": null, ""check_configuration"": null}, {""values"": [""WOMENS""], ""operator"": ""in"", ""dimension"": ""product"", ""startYear"": null, ""disablePast"": null, ""disableType"": null, ""filter_type"": ""cascaded"", ""display_type"": ""dropdown"", ""disableFuture"": null, ""attribute_name"": ""l1_name"", ""disablePastWeeks"": null, ""disableFutureWeeks"": null, ""check_configuration"": [{""checkedRows"": [""WOMENS""]}]}]}",false,"{}","",true
337,Carters_SkBI,325,false,2025-12-26 11:33:18.017 +0530,2025-12-26 11:33:29.891 +0530,251,251,"{""saved_filter_preference"":[{""values"": [""CANADA O O ECOM""], ""operator"": ""in"", ""dimension"": ""product"", ""startYear"": null, ""disablePast"": null, ""disableType"": null, ""filter_type"": ""cascaded"", ""display_type"": ""dropdown"", ""disableFuture"": null, ""attribute_name"": ""l0_name"", ""disablePastWeeks"": null, ""disableFutureWeeks"": null, ""check_configuration"": null}, {""values"": [""WOMENS""], ""operator"": ""in"", ""dimension"": ""product"", ""startYear"": null, ""disablePast"": null, ""disableType"": null, ""filter_type"": ""cascaded"", ""display_type"": ""dropdown"", ""disableFuture"": null, ""attribute_name"": ""l1_name"", ""disablePastWeeks"": null, ""disableFutureWeeks"": null, ""check_configuration"": [{""checkedRows"": [""WOMENS""]}]}]}",false,"{}","",true
338,Carters_ZTIq,73,false,2025-12-26 12:07:00.936 +0530,2025-12-26 12:07:00.936 +0530,251,251,"{""saved_filter_preference"":[{""values"": [""CANADA O O ECOM""], ""operator"": ""in"", ""dimension"": ""product"", ""startYear"": null, ""disablePast"": null, ""disableType"": null, ""filter_type"": ""cascaded"", ""display_type"": ""dropdown"", ""disableFuture"": null, ""attribute_name"": ""l0_name"", ""disablePastWeeks"": null, ""disableFutureWeeks"": null, ""check_configuration"": [{""checkedRows"": [""CANADA O O ECOM""]}]}, {""values"": [""WOMENS""], ""operator"": ""in"", ""dimension"": ""product"", ""startYear"": null, ""disablePast"": null, ""disableType"": null, ""filter_type"": ""cascaded"", ""display_type"": ""dropdown"", ""disableFuture"": null, ""attribute_name"": ""l1_name"", ""disablePastWeeks"": null, ""disableFutureWeeks"": null, ""check_configuration"": [{""checkedRows"": [""WOMENS""]}]}]}",false,"{}","",false
339,Carters_qdsq,180,false,2025-12-26 12:26:09.505 +0530,2025-12-26 12:26:22.156 +0530,251,251,"{""saved_filter_preference"":[{""values"": [""CANADA O O ECOM""], ""operator"": ""in"", ""dimension"": ""product"", ""startYear"": null, ""disablePast"": null, ""disableType"": null, ""filter_type"": ""cascaded"", ""display_type"": ""dropdown"", ""disableFuture"": null, ""attribute_name"": ""l0_name"", ""disablePastWeeks"": null, ""disableFutureWeeks"": null, ""check_configuration"": [{""checkedRows"": [""CANADA O O ECOM""]}]}, {""values"": [""WOMENS""], ""operator"": ""in"", ""dimension"": ""product"", ""startYear"": null, ""disablePast"": null, ""disableType"": null, ""filter_type"": ""cascaded"", ""display_type"": ""dropdown"", ""disableFuture"": null, ""attribute_name"": ""l1_name"", ""disablePastWeeks"": null, ""disableFutureWeeks"": null, ""check_configuration"": [{""checkedRows"": [""WOMENS""]}]}]}",false,"{}","",true
340,Carters_kPgs,49,false,2025-12-26 12:36:42.695 +0530,2025-12-26 12:36:54.827 +0530,251,251,"{""saved_filter_preference"":[{""values"": [""CANADA O O ECOM""], ""operator"": ""in"", ""dimension"": ""product"", ""startYear"": null, ""disablePast"": null, ""disableType"": null, ""filter_type"": ""cascaded"", ""display_type"": ""dropdown"", ""disableFuture"": null, ""attribute_name"": ""l0_name"", ""disablePastWeeks"": null, ""disableFutureWeeks"": null, ""check_configuration"": null}, {""values"": [""WOMENS""], ""operator"": ""in"", ""dimension"": ""product"", ""startYear"": null, ""disablePast"": null, ""disableType"": null, ""filter_type"": ""cascaded"", ""display_type"": ""dropdown"", ""disableFuture"": null, ""attribute_name"": ""l1_name"", ""disablePastWeeks"": null, ""disableFutureWeeks"": null, ""check_configuration"": [{""checkedRows"": [""WOMENS""]}]}]}",false,"{}","",true
341,Carters_dadM,181,false,2025-12-26 12:44:39.483 +0530,2025-12-26 12:44:51.907 +0530,251,251,"{""saved_filter_preference"":[{""values"": [""CANADA O O ECOM""], ""operator"": ""in"", ""dimension"": ""product"", ""startYear"": null, ""disablePast"": null, ""disableType"": null, ""filter_type"": ""cascaded"", ""display_type"": ""dropdown"", ""disableFuture"": null, ""attribute_name"": ""l0_name"", ""disablePastWeeks"": null, ""disableFutureWeeks"": null, ""check_configuration"": null}, {""values"": [""WOMENS""], ""operator"": ""in"", ""dimension"": ""product"", ""startYear"": null, ""disablePast"": null, ""disableType"": null, ""filter_type"": ""cascaded"", ""display_type"": ""dropdown"", ""disableFuture"": null, ""attribute_name"": ""l1_name"", ""disablePastWeeks"": null, ""disableFutureWeeks"": null, ""check_configuration"": [{""checkedRows"": [""WOMENS""]}]}]}",false,"{}","",true
342,Carters_GAn8,71,false,2025-12-26 13:18:42.249 +0530,2025-12-26 13:18:54.350 +0530,251,251,"{""saved_filter_preference"":[{""values"": [""CANADA O O ECOM""], ""operator"": ""in"", ""dimension"": ""product"", ""startYear"": null, ""disablePast"": null, ""disableType"": null, ""filter_type"": ""cascaded"", ""display_type"": ""dropdown"", ""disableFuture"": null, ""attribute_name"": ""l0_name"", ""disablePastWeeks"": null, ""disableFutureWeeks"": null, ""check_configuration"": [{""checkedRows"": [""CANADA O O ECOM""]}]}]}",false,"{}","",true
343,Carters_9LmU,63,false,2025-12-26 13:28:46.429 +0530,2025-12-26 13:28:57.891 +0530,251,251,"{""saved_filter_preference"":[{""values"": [""2025-07-01"", ""2025-07-15""], ""operator"": ""in"", ""dimension"": ""custom"", ""startYear"": null, ""disablePast"": null, ""disableType"": ""disableOnlyFuture"", ""filter_type"": ""non-cascaded"", ""display_type"": ""rangePicker"", ""disableFuture"": null, ""attribute_name"": ""range-picker"", ""disablePastWeeks"": null, ""disableFutureWeeks"": null, ""check_configuration"": []}, {""values"": [""CANADA O O OUTLET""], ""operator"": ""in"", ""dimension"": ""product"", ""startYear"": null, ""disablePast"": null, ""disableType"": null, ""filter_type"": ""cascaded"", ""display_type"": ""dropdown"", ""disableFuture"": null, ""attribute_name"": ""l0_name"", ""disablePastWeeks"": null, ""disableFutureWeeks"": null, ""check_configuration"": [{""checkedRows"": [""CANADA O O OUTLET""]}]}]}",false,"{}","",true
344,Carters_RnEy,316,false,2025-12-29 12:47:51.339 +0530,2025-12-29 12:48:03.351 +0530,251,251,"{""saved_filter_preference"":[{""values"": [""CANADA O O ECOM""], ""operator"": ""in"", ""dimension"": ""product"", ""startYear"": null, ""disablePast"": null, ""disableType"": null, ""filter_type"": ""cascaded"", ""display_type"": ""dropdown"", ""disableFuture"": null, ""attribute_name"": ""l0_name"", ""disablePastWeeks"": null, ""disableFutureWeeks"": null, ""check_configuration"": null}, {""values"": [""WOMENS""], ""operator"": ""in"", ""dimension"": ""product"", ""startYear"": null, ""disablePast"": null, ""disableType"": null, ""filter_type"": ""cascaded"", ""display_type"": ""dropdown"", ""disableFuture"": null, ""attribute_name"": ""l1_name"", ""disablePastWeeks"": null, ""disableFutureWeeks"": null, ""check_configuration"": [{""checkedRows"": [""WOMENS""]}]}]}",false,"{}","",true
345,Carters_VBGY,325,false,2025-12-29 13:14:06.709 +0530,2025-12-29 13:14:18.978 +0530,251,251,"{""saved_filter_preference"":[{""values"": [""CANADA O O ECOM""], ""operator"": ""in"", ""dimension"": ""product"", ""startYear"": null, ""disablePast"": null, ""disableType"": null, ""filter_type"": ""cascaded"", ""display_type"": ""dropdown"", ""disableFuture"": null, ""attribute_name"": ""l0_name"", ""disablePastWeeks"": null, ""disableFutureWeeks"": null, ""check_configuration"": null}, {""values"": [""WOMENS""], ""operator"": ""in"", ""dimension"": ""product"", ""startYear"": null, ""disablePast"": null, ""disableType"": null, ""filter_type"": ""cascaded"", ""display_type"": ""dropdown"", ""disableFuture"": null, ""attribute_name"": ""l1_name"", ""disablePastWeeks"": null, ""disableFutureWeeks"": null, ""check_configuration"": [{""checkedRows"": [""WOMENS""]}]}]}",false,"{}","",true
346,Carters_pgJ7,73,false,2025-12-29 13:47:56.521 +0530,2025-12-29 13:48:11.020 +0530,251,251,"{""saved_filter_preference"":[{""values"": [""CANADA O O ECOM""], ""operator"": ""in"", ""dimension"": ""product"", ""startYear"": null, ""disablePast"": null, ""disableType"": null, ""filter_type"": ""cascaded"", ""display_type"": ""dropdown"", ""disableFuture"": null, ""attribute_name"": ""l0_name"", ""disablePastWeeks"": null, ""disableFutureWeeks"": null, ""check_configuration"": [{""checkedRows"": [""CANADA O O ECOM""]}]}, {""values"": [""WOMENS""], ""operator"": ""in"", ""dimension"": ""product"", ""startYear"": null, ""disablePast"": null, ""disableType"": null, ""filter_type"": ""cascaded"", ""display_type"": ""dropdown"", ""disableFuture"": null, ""attribute_name"": ""l1_name"", ""disablePastWeeks"": null, ""disableFutureWeeks"": null, ""check_configuration"": [{""checkedRows"": [""WOMENS""]}]}]}",false,"{}","",true
347,Carters_oqWi,180,false,2025-12-29 14:06:42.013 +0530,2025-12-29 14:06:54.975 +0530,251,251,"{""saved_filter_preference"":[{""values"": [""CANADA O O ECOM""], ""operator"": ""in"", ""dimension"": ""product"", ""startYear"": null, ""disablePast"": null, ""disableType"": null, ""filter_type"": ""cascaded"", ""display_type"": ""dropdown"", ""disableFuture"": null, ""attribute_name"": ""l0_name"", ""disablePastWeeks"": null, ""disableFutureWeeks"": null, ""check_configuration"": [{""checkedRows"": [""CANADA O O ECOM""]}]}, {""values"": [""WOMENS""], ""operator"": ""in"", ""dimension"": ""product"", ""startYear"": null, ""disablePast"": null, ""disableType"": null, ""filter_type"": ""cascaded"", ""display_type"": ""dropdown"", ""disableFuture"": null, ""attribute_name"": ""l1_name"", ""disablePastWeeks"": null, ""disableFutureWeeks"": null, ""check_configuration"": [{""checkedRows"": [""WOMENS""]}]}]}",false,"{}","",true
348,Carters_KhdW,49,false,2025-12-29 14:18:09.417 +0530,2025-12-29 14:18:22.082 +0530,251,251,"{""saved_filter_preference"":[{""values"": [""CANADA O O ECOM""], ""operator"": ""in"", ""dimension"": ""product"", ""startYear"": null, ""disablePast"": null, ""disableType"": null, ""filter_type"": ""cascaded"", ""display_type"": ""dropdown"", ""disableFuture"": null, ""attribute_name"": ""l0_name"", ""disablePastWeeks"": null, ""disableFutureWeeks"": null, ""check_configuration"": null}, {""values"": [""WOMENS""], ""operator"": ""in"", ""dimension"": ""product"", ""startYear"": null, ""disablePast"": null, ""disableType"": null, ""filter_type"": ""cascaded"", ""display_type"": ""dropdown"", ""disableFuture"": null, ""attribute_name"": ""l1_name"", ""disablePastWeeks"": null, ""disableFutureWeeks"": null, ""check_configuration"": [{""checkedRows"": [""WOMENS""]}]}]}",false,"{}","",true
349,Carters_0TYH,181,false,2025-12-29 14:26:43.111 +0530,2025-12-29 14:26:55.547 +0530,251,251,"{""saved_filter_preference"":[{""values"": [""CANADA O O ECOM""], ""operator"": ""in"", ""dimension"": ""product"", ""startYear"": null, ""disablePast"": null, ""disableType"": null, ""filter_type"": ""cascaded"", ""display_type"": ""dropdown"", ""disableFuture"": null, ""attribute_name"": ""l0_name"", ""disablePastWeeks"": null, ""disableFutureWeeks"": null, ""check_configuration"": null}, {""values"": [""WOMENS""], ""operator"": ""in"", ""dimension"": ""product"", ""startYear"": null, ""disablePast"": null, ""disableType"": null, ""filter_type"": ""cascaded"", ""display_type"": ""dropdown"", ""disableFuture"": null, ""attribute_name"": ""l1_name"", ""disablePastWeeks"": null, ""disableFutureWeeks"": null, ""check_configuration"": [{""checkedRows"": [""WOMENS""]}]}]}",false,"{}","",true
350,Carters_SySm,71,false,2025-12-29 14:59:35.276 +0530,2025-12-29 14:59:47.668 +0530,251,251,"{""saved_filter_preference"":[{""values"": [""CANADA O O ECOM""], ""operator"": ""in"", ""dimension"": ""product"", ""startYear"": null, ""disablePast"": null, ""disableType"": null, ""filter_type"": ""cascaded"", ""display_type"": ""dropdown"", ""disableFuture"": null, ""attribute_name"": ""l0_name"", ""disablePastWeeks"": null, ""disableFutureWeeks"": null, ""check_configuration"": [{""checkedRows"": [""CANADA O O ECOM""]}]}]}",false,"{}","",true
351,Carters_TS3L,63,false,2025-12-29 15:10:49.999 +0530,2025-12-29 15:11:02.741 +0530,251,251,"{""saved_filter_preference"":[{""values"": [""2025-07-01"", ""2025-07-15""], ""operator"": ""in"", ""dimension"": ""custom"", ""startYear"": null, ""disablePast"": null, ""disableType"": ""disableOnlyFuture"", ""filter_type"": ""non-cascaded"", ""display_type"": ""rangePicker"", ""disableFuture"": null, ""attribute_name"": ""range-picker"", ""disablePastWeeks"": null, ""disableFutureWeeks"": null, ""check_configuration"": []}, {""values"": [""CANADA O O OUTLET""], ""operator"": ""in"", ""dimension"": ""product"", ""startYear"": null, ""disablePast"": null, ""disableType"": null, ""filter_type"": ""cascaded"", ""display_type"": ""dropdown"", ""disableFuture"": null, ""attribute_name"": ""l0_name"", ""disablePastWeeks"": null, ""disableFutureWeeks"": null, ""check_configuration"": [{""checkedRows"": [""CANADA O O OUTLET""]}]}]}",false,"{}","",true
352,Carters_ACUi,316,false,2026-01-02 10:35:07.607 +0530,2026-01-02 10:35:19.807 +0530,251,251,"{""saved_filter_preference"":[{""values"": [""CANADA O O ECOM""], ""operator"": ""in"", ""dimension"": ""product"", ""startYear"": null, ""disablePast"": null, ""disableType"": null, ""filter_type"": ""cascaded"", ""display_type"": ""dropdown"", ""disableFuture"": null, ""attribute_name"": ""l0_name"", ""disablePastWeeks"": null, ""disableFutureWeeks"": null, ""check_configuration"": null}, {""values"": [""WOMENS""], ""operator"": ""in"", ""dimension"": ""product"", ""startYear"": null, ""disablePast"": null, ""disableType"": null, ""filter_type"": ""cascaded"", ""display_type"": ""dropdown"", ""disableFuture"": null, ""attribute_name"": ""l1_name"", ""disablePastWeeks"": null, ""disableFutureWeeks"": null, ""check_configuration"": [{""checkedRows"": [""WOMENS""]}]}]}",false,"{}","",true
353,Carters_yT8N,325,false,2026-01-02 11:01:26.888 +0530,2026-01-02 11:01:38.955 +0530,251,251,"{""saved_filter_preference"":[{""values"": [""CANADA O O ECOM""], ""operator"": ""in"", ""dimension"": ""product"", ""startYear"": null, ""disablePast"": null, ""disableType"": null, ""filter_type"": ""cascaded"", ""display_type"": ""dropdown"", ""disableFuture"": null, ""attribute_name"": ""l0_name"", ""disablePastWeeks"": null, ""disableFutureWeeks"": null, ""check_configuration"": null}, {""values"": [""WOMENS""], ""operator"": ""in"", ""dimension"": ""product"", ""startYear"": null, ""disablePast"": null, ""disableType"": null, ""filter_type"": ""cascaded"", ""display_type"": ""dropdown"", ""disableFuture"": null, ""attribute_name"": ""l1_name"", ""disablePastWeeks"": null, ""disableFutureWeeks"": null, ""check_configuration"": [{""checkedRows"": [""WOMENS""]}]}]}",false,"{}","",true
354,Carters_ULMn,73,false,2026-01-02 11:34:32.952 +0530,2026-01-02 11:34:44.652 +0530,251,251,"{""saved_filter_preference"":[{""values"": [""CANADA O O ECOM""], ""operator"": ""in"", ""dimension"": ""product"", ""startYear"": null, ""disablePast"": null, ""disableType"": null, ""filter_type"": ""cascaded"", ""display_type"": ""dropdown"", ""disableFuture"": null, ""attribute_name"": ""l0_name"", ""disablePastWeeks"": null, ""disableFutureWeeks"": null, ""check_configuration"": [{""checkedRows"": [""CANADA O O ECOM""]}]}, {""values"": [""WOMENS""], ""operator"": ""in"", ""dimension"": ""product"", ""startYear"": null, ""disablePast"": null, ""disableType"": null, ""filter_type"": ""cascaded"", ""display_type"": ""dropdown"", ""disableFuture"": null, ""attribute_name"": ""l1_name"", ""disablePastWeeks"": null, ""disableFutureWeeks"": null, ""check_configuration"": [{""checkedRows"": [""WOMENS""]}]}]}",false,"{}","",true
355,Carters_W5Sn,180,false,2026-01-02 11:53:35.179 +0530,2026-01-02 11:53:47.083 +0530,251,251,"{""saved_filter_preference"":[{""values"": [""CANADA O O ECOM""], ""operator"": ""in"", ""dimension"": ""product"", ""startYear"": null, ""disablePast"": null, ""disableType"": null, ""filter_type"": ""cascaded"", ""display_type"": ""dropdown"", ""disableFuture"": null, ""attribute_name"": ""l0_name"", ""disablePastWeeks"": null, ""disableFutureWeeks"": null, ""check_configuration"": [{""checkedRows"": [""CANADA O O ECOM""]}]}, {""values"": [""WOMENS""], ""operator"": ""in"", ""dimension"": ""product"", ""startYear"": null, ""disablePast"": null, ""disableType"": null, ""filter_type"": ""cascaded"", ""display_type"": ""dropdown"", ""disableFuture"": null, ""attribute_name"": ""l1_name"", ""disablePastWeeks"": null, ""disableFutureWeeks"": null, ""check_configuration"": [{""checkedRows"": [""WOMENS""]}]}]}",false,"{}","",true
356,Carters_CJFQ,49,false,2026-01-02 12:05:23.573 +0530,2026-01-02 12:05:35.774 +0530,251,251,"{""saved_filter_preference"":[{""values"": [""CANADA O O ECOM""], ""operator"": ""in"", ""dimension"": ""product"", ""startYear"": null, ""disablePast"": null, ""disableType"": null, ""filter_type"": ""cascaded"", ""display_type"": ""dropdown"", ""disableFuture"": null, ""attribute_name"": ""l0_name"", ""disablePastWeeks"": null, ""disableFutureWeeks"": null, ""check_configuration"": null}, {""values"": [""WOMENS""], ""operator"": ""in"", ""dimension"": ""product"", ""startYear"": null, ""disablePast"": null, ""disableType"": null, ""filter_type"": ""cascaded"", ""display_type"": ""dropdown"", ""disableFuture"": null, ""attribute_name"": ""l1_name"", ""disablePastWeeks"": null, ""disableFutureWeeks"": null, ""check_configuration"": [{""checkedRows"": [""WOMENS""]}]}]}",false,"{}","",true
357,Carters_qlkb,181,false,2026-01-02 12:13:25.832 +0530,2026-01-02 12:13:37.664 +0530,251,251,"{""saved_filter_preference"":[{""values"": [""CANADA O O ECOM""], ""operator"": ""in"", ""dimension"": ""product"", ""startYear"": null, ""disablePast"": null, ""disableType"": null, ""filter_type"": ""cascaded"", ""display_type"": ""dropdown"", ""disableFuture"": null, ""attribute_name"": ""l0_name"", ""disablePastWeeks"": null, ""disableFutureWeeks"": null, ""check_configuration"": null}, {""values"": [""WOMENS""], ""operator"": ""in"", ""dimension"": ""product"", ""startYear"": null, ""disablePast"": null, ""disableType"": null, ""filter_type"": ""cascaded"", ""display_type"": ""dropdown"", ""disableFuture"": null, ""attribute_name"": ""l1_name"", ""disablePastWeeks"": null, ""disableFutureWeeks"": null, ""check_configuration"": [{""checkedRows"": [""WOMENS""]}]}]}",false,"{}","",true
358,Carters_sp0f,71,false,2026-01-02 12:45:05.004 +0530,2026-01-02 12:45:17.439 +0530,251,251,"{""saved_filter_preference"":[{""values"": [""CANADA O O ECOM""], ""operator"": ""in"", ""dimension"": ""product"", ""startYear"": null, ""disablePast"": null, ""disableType"": null, ""filter_type"": ""cascaded"", ""display_type"": ""dropdown"", ""disableFuture"": null, ""attribute_name"": ""l0_name"", ""disablePastWeeks"": null, ""disableFutureWeeks"": null, ""check_configuration"": [{""checkedRows"": [""CANADA O O ECOM""]}]}]}",false,"{}","",true
359,Carters_fSlE,63,false,2026-01-02 12:57:18.755 +0530,2026-01-02 12:57:30.690 +0530,251,251,"{""saved_filter_preference"":[{""values"": [""2025-07-01"", ""2025-07-15""], ""operator"": ""in"", ""dimension"": ""custom"", ""startYear"": null, ""disablePast"": null, ""disableType"": ""disableOnlyFuture"", ""filter_type"": ""non-cascaded"", ""display_type"": ""rangePicker"", ""disableFuture"": null, ""attribute_name"": ""range-picker"", ""disablePastWeeks"": null, ""disableFutureWeeks"": null, ""check_configuration"": []}, {""values"": [""CANADA O O OUTLET""], ""operator"": ""in"", ""dimension"": ""product"", ""startYear"": null, ""disablePast"": null, ""disableType"": null, ""filter_type"": ""cascaded"", ""display_type"": ""dropdown"", ""disableFuture"": null, ""attribute_name"": ""l0_name"", ""disablePastWeeks"": null, ""disableFutureWeeks"": null, ""check_configuration"": [{""checkedRows"": [""CANADA O O OUTLET""]}]}]}",false,"{}","",true
360,aaaaaaa,52,false,2026-01-08 12:25:44.759 +0530,2026-01-08 12:25:44.759 +0530,251,251,"{""saved_filter_preference"":[{""values"": [""AC""], ""operator"": ""in"", ""dimension"": ""product_store"", ""startYear"": null, ""disablePast"": null, ""disableType"": null, ""filter_type"": ""cascaded"", ""display_type"": ""dropdown"", ""disableFuture"": null, ""attribute_name"": ""store_cluster"", ""disablePastWeeks"": null, ""disableFutureWeeks"": null, ""check_configuration"": [{""checkedRows"": [""AC""]}]}, {""values"": [""KOHLS""], ""operator"": ""in"", ""dimension"": ""product"", ""startYear"": null, ""disablePast"": null, ""disableType"": null, ""filter_type"": ""cascaded"", ""display_type"": ""dropdown"", ""disableFuture"": null, ""attribute_name"": ""l0_name"", ""disablePastWeeks"": null, ""disableFutureWeeks"": null, ""check_configuration"": [{""checkedRows"": [""KOHLS"", ""KOHLS""]}]}]}",false,"{}","",false
361,Can OO Outlet Mens,3,true,2026-01-09 15:33:46.823 +0530,2026-01-19 12:45:13.167 +0530,251,251,"{""saved_filter_preference"":[{""values"": [""CANADA O O OUTLET""], ""operator"": ""in"", ""dimension"": ""product"", ""startYear"": null, ""disablePast"": null, ""disableType"": null, ""filter_type"": ""cascaded"", ""display_type"": ""dropdown"", ""disableFuture"": null, ""attribute_name"": ""l0_name"", ""disablePastWeeks"": null, ""disableFutureWeeks"": null, ""check_configuration"": null}, {""values"": [""MENS""], ""operator"": ""in"", ""dimension"": ""product"", ""startYear"": null, ""disablePast"": null, ""disableType"": null, ""filter_type"": ""cascaded"", ""display_type"": ""dropdown"", ""disableFuture"": null, ""attribute_name"": ""l1_name"", ""disablePastWeeks"": null, ""disableFutureWeeks"": null, ""check_configuration"": null}, {""values"": [""ACCESSORIES""], ""operator"": ""in"", ""dimension"": ""product"", ""startYear"": null, ""disablePast"": null, ""disableType"": null, ""filter_type"": ""cascaded"", ""display_type"": ""dropdown"", ""disableFuture"": null, ""attribute_name"": ""l3_name"", ""disablePastWeeks"": null, ""disableFutureWeeks"": null, ""check_configuration"": [{""checkedRows"": [""ACCESSORIES""]}]}]}",false,"{}","",true
362,"11111111",52,false,2026-01-13 12:35:12.180 +0530,2026-01-13 12:35:12.180 +0530,251,251,"{""saved_filter_preference"":[{""values"": [""CANADA O O ECOM""], ""operator"": ""in"", ""dimension"": ""product"", ""startYear"": null, ""disablePast"": null, ""disableType"": null, ""filter_type"": ""cascaded"", ""display_type"": ""dropdown"", ""disableFuture"": null, ""attribute_name"": ""l0_name"", ""disablePastWeeks"": null, ""disableFutureWeeks"": null, ""check_configuration"": [{""checkedRows"": [""CANADA O O ECOM""]}]}]}",false,"{}","",false
363,Carters_AYrc,316,false,2026-01-14 12:46:43.046 +0530,2026-01-14 12:46:54.850 +0530,251,251,"{""saved_filter_preference"":[{""values"": [""CANADA O O ECOM""], ""operator"": ""in"", ""dimension"": ""product"", ""startYear"": null, ""disablePast"": null, ""disableType"": null, ""filter_type"": ""cascaded"", ""display_type"": ""dropdown"", ""disableFuture"": null, ""attribute_name"": ""l0_name"", ""disablePastWeeks"": null, ""disableFutureWeeks"": null, ""check_configuration"": null}, {""values"": [""WOMENS""], ""operator"": ""in"", ""dimension"": ""product"", ""startYear"": null, ""disablePast"": null, ""disableType"": null, ""filter_type"": ""cascaded"", ""display_type"": ""dropdown"", ""disableFuture"": null, ""attribute_name"": ""l1_name"", ""disablePastWeeks"": null, ""disableFutureWeeks"": null, ""check_configuration"": [{""checkedRows"": [""WOMENS""]}]}]}",false,"{}","",true
364,Carters_ANqv,325,false,2026-01-14 13:14:21.135 +0530,2026-01-14 13:14:33.824 +0530,251,251,"{""saved_filter_preference"":[{""values"": [""CANADA O O ECOM""], ""operator"": ""in"", ""dimension"": ""product"", ""startYear"": null, ""disablePast"": null, ""disableType"": null, ""filter_type"": ""cascaded"", ""display_type"": ""dropdown"", ""disableFuture"": null, ""attribute_name"": ""l0_name"", ""disablePastWeeks"": null, ""disableFutureWeeks"": null, ""check_configuration"": null}, {""values"": [""WOMENS""], ""operator"": ""in"", ""dimension"": ""product"", ""startYear"": null, ""disablePast"": null, ""disableType"": null, ""filter_type"": ""cascaded"", ""display_type"": ""dropdown"", ""disableFuture"": null, ""attribute_name"": ""l1_name"", ""disablePastWeeks"": null, ""disableFutureWeeks"": null, ""check_configuration"": [{""checkedRows"": [""WOMENS""]}]}]}",false,"{}","",true
365,Carters_Ye6S,73,false,2026-01-14 13:50:05.692 +0530,2026-01-14 13:50:19.617 +0530,251,251,"{""saved_filter_preference"":[{""values"": [""CANADA O O ECOM""], ""operator"": ""in"", ""dimension"": ""product"", ""startYear"": null, ""disablePast"": null, ""disableType"": null, ""filter_type"": ""cascaded"", ""display_type"": ""dropdown"", ""disableFuture"": null, ""attribute_name"": ""l0_name"", ""disablePastWeeks"": null, ""disableFutureWeeks"": null, ""check_configuration"": [{""checkedRows"": [""CANADA O O ECOM""]}]}, {""values"": [""WOMENS""], ""operator"": ""in"", ""dimension"": ""product"", ""startYear"": null, ""disablePast"": null, ""disableType"": null, ""filter_type"": ""cascaded"", ""display_type"": ""dropdown"", ""disableFuture"": null, ""attribute_name"": ""l1_name"", ""disablePastWeeks"": null, ""disableFutureWeeks"": null, ""check_configuration"": [{""checkedRows"": [""WOMENS""]}]}]}",false,"{}","",true
366,Carters_dOnj,180,false,2026-01-14 14:08:10.467 +0530,2026-01-14 14:08:23.164 +0530,251,251,"{""saved_filter_preference"":[{""values"": [""CANADA O O ECOM""], ""operator"": ""in"", ""dimension"": ""product"", ""startYear"": null, ""disablePast"": null, ""disableType"": null, ""filter_type"": ""cascaded"", ""display_type"": ""dropdown"", ""disableFuture"": null, ""attribute_name"": ""l0_name"", ""disablePastWeeks"": null, ""disableFutureWeeks"": null, ""check_configuration"": [{""checkedRows"": [""CANADA O O ECOM""]}]}, {""values"": [""WOMENS""], ""operator"": ""in"", ""dimension"": ""product"", ""startYear"": null, ""disablePast"": null, ""disableType"": null, ""filter_type"": ""cascaded"", ""display_type"": ""dropdown"", ""disableFuture"": null, ""attribute_name"": ""l1_name"", ""disablePastWeeks"": null, ""disableFutureWeeks"": null, ""check_configuration"": [{""checkedRows"": [""WOMENS""]}]}]}",false,"{}","",true
367,Carters_yxXz,49,false,2026-01-14 14:20:25.938 +0530,2026-01-14 14:20:39.063 +0530,251,251,"{""saved_filter_preference"":[{""values"": [""CANADA O O ECOM""], ""operator"": ""in"", ""dimension"": ""product"", ""startYear"": null, ""disablePast"": null, ""disableType"": null, ""filter_type"": ""cascaded"", ""display_type"": ""dropdown"", ""disableFuture"": null, ""attribute_name"": ""l0_name"", ""disablePastWeeks"": null, ""disableFutureWeeks"": null, ""check_configuration"": null}, {""values"": [""WOMENS""], ""operator"": ""in"", ""dimension"": ""product"", ""startYear"": null, ""disablePast"": null, ""disableType"": null, ""filter_type"": ""cascaded"", ""display_type"": ""dropdown"", ""disableFuture"": null, ""attribute_name"": ""l1_name"", ""disablePastWeeks"": null, ""disableFutureWeeks"": null, ""check_configuration"": [{""checkedRows"": [""WOMENS""]}]}]}",false,"{}","",true
368,Carters_Ls5O,181,false,2026-01-14 14:29:15.767 +0530,2026-01-14 14:29:27.939 +0530,251,251,"{""saved_filter_preference"":[{""values"": [""CANADA O O ECOM""], ""operator"": ""in"", ""dimension"": ""product"", ""startYear"": null, ""disablePast"": null, ""disableType"": null, ""filter_type"": ""cascaded"", ""display_type"": ""dropdown"", ""disableFuture"": null, ""attribute_name"": ""l0_name"", ""disablePastWeeks"": null, ""disableFutureWeeks"": null, ""check_configuration"": null}, {""values"": [""WOMENS""], ""operator"": ""in"", ""dimension"": ""product"", ""startYear"": null, ""disablePast"": null, ""disableType"": null, ""filter_type"": ""cascaded"", ""display_type"": ""dropdown"", ""disableFuture"": null, ""attribute_name"": ""l1_name"", ""disablePastWeeks"": null, ""disableFutureWeeks"": null, ""check_configuration"": [{""checkedRows"": [""WOMENS""]}]}]}",false,"{}","",true
369,Carters_6ASi,71,false,2026-01-14 15:10:22.823 +0530,2026-01-14 15:10:38.186 +0530,251,251,"{""saved_filter_preference"":[{""values"": [""CANADA O O ECOM""], ""operator"": ""in"", ""dimension"": ""product"", ""startYear"": null, ""disablePast"": null, ""disableType"": null, ""filter_type"": ""cascaded"", ""display_type"": ""dropdown"", ""disableFuture"": null, ""attribute_name"": ""l0_name"", ""disablePastWeeks"": null, ""disableFutureWeeks"": null, ""check_configuration"": [{""checkedRows"": [""CANADA O O ECOM""]}]}]}",false,"{}","",true
370,Carters_2M7K,63,false,2026-01-14 15:25:33.215 +0530,2026-01-14 15:25:47.004 +0530,251,251,"{""saved_filter_preference"":[{""values"": [""2025-07-01"", ""2025-07-15""], ""operator"": ""in"", ""dimension"": ""custom"", ""startYear"": null, ""disablePast"": null, ""disableType"": ""disableOnlyFuture"", ""filter_type"": ""non-cascaded"", ""display_type"": ""rangePicker"", ""disableFuture"": null, ""attribute_name"": ""range-picker"", ""disablePastWeeks"": null, ""disableFutureWeeks"": null, ""check_configuration"": []}, {""values"": [""CANADA O O OUTLET""], ""operator"": ""in"", ""dimension"": ""product"", ""startYear"": null, ""disablePast"": null, ""disableType"": null, ""filter_type"": ""cascaded"", ""display_type"": ""dropdown"", ""disableFuture"": null, ""attribute_name"": ""l0_name"", ""disablePastWeeks"": null, ""disableFutureWeeks"": null, ""check_configuration"": [{""checkedRows"": [""CANADA O O OUTLET""]}]}]}",false,"{}","",true
371,Carters_C3y9,316,false,2026-01-14 20:14:59.997 +0530,2026-01-14 20:15:12.272 +0530,251,251,"{""saved_filter_preference"":[{""values"": [""CANADA O O ECOM""], ""operator"": ""in"", ""dimension"": ""product"", ""startYear"": null, ""disablePast"": null, ""disableType"": null, ""filter_type"": ""cascaded"", ""display_type"": ""dropdown"", ""disableFuture"": null, ""attribute_name"": ""l0_name"", ""disablePastWeeks"": null, ""disableFutureWeeks"": null, ""check_configuration"": null}, {""values"": [""WOMENS""], ""operator"": ""in"", ""dimension"": ""product"", ""startYear"": null, ""disablePast"": null, ""disableType"": null, ""filter_type"": ""cascaded"", ""display_type"": ""dropdown"", ""disableFuture"": null, ""attribute_name"": ""l1_name"", ""disablePastWeeks"": null, ""disableFutureWeeks"": null, ""check_configuration"": [{""checkedRows"": [""WOMENS""]}]}]}",false,"{}","",true
372,Carters_nsZG,325,false,2026-01-14 20:41:43.431 +0530,2026-01-14 20:41:55.183 +0530,251,251,"{""saved_filter_preference"":[{""values"": [""CANADA O O ECOM""], ""operator"": ""in"", ""dimension"": ""product"", ""startYear"": null, ""disablePast"": null, ""disableType"": null, ""filter_type"": ""cascaded"", ""display_type"": ""dropdown"", ""disableFuture"": null, ""attribute_name"": ""l0_name"", ""disablePastWeeks"": null, ""disableFutureWeeks"": null, ""check_configuration"": null}, {""values"": [""WOMENS""], ""operator"": ""in"", ""dimension"": ""product"", ""startYear"": null, ""disablePast"": null, ""disableType"": null, ""filter_type"": ""cascaded"", ""display_type"": ""dropdown"", ""disableFuture"": null, ""attribute_name"": ""l1_name"", ""disablePastWeeks"": null, ""disableFutureWeeks"": null, ""check_configuration"": [{""checkedRows"": [""WOMENS""]}]}]}",false,"{}","",true
373,Carters_DWNo,73,false,2026-01-14 21:17:26.311 +0530,2026-01-14 21:17:39.032 +0530,251,251,"{""saved_filter_preference"":[{""values"": [""CANADA O O ECOM""], ""operator"": ""in"", ""dimension"": ""product"", ""startYear"": null, ""disablePast"": null, ""disableType"": null, ""filter_type"": ""cascaded"", ""display_type"": ""dropdown"", ""disableFuture"": null, ""attribute_name"": ""l0_name"", ""disablePastWeeks"": null, ""disableFutureWeeks"": null, ""check_configuration"": [{""checkedRows"": [""CANADA O O ECOM""]}]}, {""values"": [""WOMENS""], ""operator"": ""in"", ""dimension"": ""product"", ""startYear"": null, ""disablePast"": null, ""disableType"": null, ""filter_type"": ""cascaded"", ""display_type"": ""dropdown"", ""disableFuture"": null, ""attribute_name"": ""l1_name"", ""disablePastWeeks"": null, ""disableFutureWeeks"": null, ""check_configuration"": [{""checkedRows"": [""WOMENS""]}]}]}",false,"{}","",true
374,Carters_Mol0,180,false,2026-01-14 21:37:04.496 +0530,2026-01-14 21:37:17.196 +0530,251,251,"{""saved_filter_preference"":[{""values"": [""CANADA O O ECOM""], ""operator"": ""in"", ""dimension"": ""product"", ""startYear"": null, ""disablePast"": null, ""disableType"": null, ""filter_type"": ""cascaded"", ""display_type"": ""dropdown"", ""disableFuture"": null, ""attribute_name"": ""l0_name"", ""disablePastWeeks"": null, ""disableFutureWeeks"": null, ""check_configuration"": [{""checkedRows"": [""CANADA O O ECOM""]}]}, {""values"": [""WOMENS""], ""operator"": ""in"", ""dimension"": ""product"", ""startYear"": null, ""disablePast"": null, ""disableType"": null, ""filter_type"": ""cascaded"", ""display_type"": ""dropdown"", ""disableFuture"": null, ""attribute_name"": ""l1_name"", ""disablePastWeeks"": null, ""disableFutureWeeks"": null, ""check_configuration"": [{""checkedRows"": [""WOMENS""]}]}]}",false,"{}","",true
375,Carters_5XNV,49,false,2026-01-14 21:48:44.018 +0530,2026-01-14 21:48:56.539 +0530,251,251,"{""saved_filter_preference"":[{""values"": [""CANADA O O ECOM""], ""operator"": ""in"", ""dimension"": ""product"", ""startYear"": null, ""disablePast"": null, ""disableType"": null, ""filter_type"": ""cascaded"", ""display_type"": ""dropdown"", ""disableFuture"": null, ""attribute_name"": ""l0_name"", ""disablePastWeeks"": null, ""disableFutureWeeks"": null, ""check_configuration"": null}, {""values"": [""WOMENS""], ""operator"": ""in"", ""dimension"": ""product"", ""startYear"": null, ""disablePast"": null, ""disableType"": null, ""filter_type"": ""cascaded"", ""display_type"": ""dropdown"", ""disableFuture"": null, ""attribute_name"": ""l1_name"", ""disablePastWeeks"": null, ""disableFutureWeeks"": null, ""check_configuration"": [{""checkedRows"": [""WOMENS""]}]}]}",false,"{}","",true
376,Carters_Ea1w,181,false,2026-01-14 21:57:44.502 +0530,2026-01-14 21:57:57.562 +0530,251,251,"{""saved_filter_preference"":[{""values"": [""CANADA O O ECOM""], ""operator"": ""in"", ""dimension"": ""product"", ""startYear"": null, ""disablePast"": null, ""disableType"": null, ""filter_type"": ""cascaded"", ""display_type"": ""dropdown"", ""disableFuture"": null, ""attribute_name"": ""l0_name"", ""disablePastWeeks"": null, ""disableFutureWeeks"": null, ""check_configuration"": null}, {""values"": [""WOMENS""], ""operator"": ""in"", ""dimension"": ""product"", ""startYear"": null, ""disablePast"": null, ""disableType"": null, ""filter_type"": ""cascaded"", ""display_type"": ""dropdown"", ""disableFuture"": null, ""attribute_name"": ""l1_name"", ""disablePastWeeks"": null, ""disableFutureWeeks"": null, ""check_configuration"": [{""checkedRows"": [""WOMENS""]}]}]}",false,"{}","",true
377,Carters_6uoE,71,false,2026-01-14 22:33:35.780 +0530,2026-01-14 22:33:47.619 +0530,251,251,"{""saved_filter_preference"":[{""values"": [""CANADA O O ECOM""], ""operator"": ""in"", ""dimension"": ""product"", ""startYear"": null, ""disablePast"": null, ""disableType"": null, ""filter_type"": ""cascaded"", ""display_type"": ""dropdown"", ""disableFuture"": null, ""attribute_name"": ""l0_name"", ""disablePastWeeks"": null, ""disableFutureWeeks"": null, ""check_configuration"": [{""checkedRows"": [""CANADA O O ECOM""]}]}]}",false,"{}","",true
378,Carters_kpZ6,316,false,2026-01-16 14:51:39.586 +0530,2026-01-16 14:51:51.764 +0530,251,251,"{""saved_filter_preference"":[{""values"": [""CANADA O O ECOM""], ""operator"": ""in"", ""dimension"": ""product"", ""startYear"": null, ""disablePast"": null, ""disableType"": null, ""filter_type"": ""cascaded"", ""display_type"": ""dropdown"", ""disableFuture"": null, ""attribute_name"": ""l0_name"", ""disablePastWeeks"": null, ""disableFutureWeeks"": null, ""check_configuration"": null}, {""values"": [""WOMENS""], ""operator"": ""in"", ""dimension"": ""product"", ""startYear"": null, ""disablePast"": null, ""disableType"": null, ""filter_type"": ""cascaded"", ""display_type"": ""dropdown"", ""disableFuture"": null, ""attribute_name"": ""l1_name"", ""disablePastWeeks"": null, ""disableFutureWeeks"": null, ""check_configuration"": [{""checkedRows"": [""WOMENS""]}]}]}",false,"{}","",true
379,Carters_0zjF,325,false,2026-01-16 15:26:54.912 +0530,2026-01-16 15:27:07.258 +0530,251,251,"{""saved_filter_preference"":[{""values"": [""CANADA O O ECOM""], ""operator"": ""in"", ""dimension"": ""product"", ""startYear"": null, ""disablePast"": null, ""disableType"": null, ""filter_type"": ""cascaded"", ""display_type"": ""dropdown"", ""disableFuture"": null, ""attribute_name"": ""l0_name"", ""disablePastWeeks"": null, ""disableFutureWeeks"": null, ""check_configuration"": null}, {""values"": [""WOMENS""], ""operator"": ""in"", ""dimension"": ""product"", ""startYear"": null, ""disablePast"": null, ""disableType"": null, ""filter_type"": ""cascaded"", ""display_type"": ""dropdown"", ""disableFuture"": null, ""attribute_name"": ""l1_name"", ""disablePastWeeks"": null, ""disableFutureWeeks"": null, ""check_configuration"": [{""checkedRows"": [""WOMENS""]}]}]}",false,"{}","",true
380,Carters_l03u,73,false,2026-01-16 15:59:57.130 +0530,2026-01-16 16:00:10.114 +0530,251,251,"{""saved_filter_preference"":[{""values"": [""CANADA O O ECOM""], ""operator"": ""in"", ""dimension"": ""product"", ""startYear"": null, ""disablePast"": null, ""disableType"": null, ""filter_type"": ""cascaded"", ""display_type"": ""dropdown"", ""disableFuture"": null, ""attribute_name"": ""l0_name"", ""disablePastWeeks"": null, ""disableFutureWeeks"": null, ""check_configuration"": [{""checkedRows"": [""CANADA O O ECOM""]}]}, {""values"": [""WOMENS""], ""operator"": ""in"", ""dimension"": ""product"", ""startYear"": null, ""disablePast"": null, ""disableType"": null, ""filter_type"": ""cascaded"", ""display_type"": ""dropdown"", ""disableFuture"": null, ""attribute_name"": ""l1_name"", ""disablePastWeeks"": null, ""disableFutureWeeks"": null, ""check_configuration"": [{""checkedRows"": [""WOMENS""]}]}]}",false,"{}","",true
381,Carters_Gi6I,180,false,2026-01-16 16:18:58.660 +0530,2026-01-16 16:19:12.624 +0530,251,251,"{""saved_filter_preference"":[{""values"": [""CANADA O O ECOM""], ""operator"": ""in"", ""dimension"": ""product"", ""startYear"": null, ""disablePast"": null, ""disableType"": null, ""filter_type"": ""cascaded"", ""display_type"": ""dropdown"", ""disableFuture"": null, ""attribute_name"": ""l0_name"", ""disablePastWeeks"": null, ""disableFutureWeeks"": null, ""check_configuration"": [{""checkedRows"": [""CANADA O O ECOM""]}]}, {""values"": [""WOMENS""], ""operator"": ""in"", ""dimension"": ""product"", ""startYear"": null, ""disablePast"": null, ""disableType"": null, ""filter_type"": ""cascaded"", ""display_type"": ""dropdown"", ""disableFuture"": null, ""attribute_name"": ""l1_name"", ""disablePastWeeks"": null, ""disableFutureWeeks"": null, ""check_configuration"": [{""checkedRows"": [""WOMENS""]}]}]}",false,"{}","",true
382,Carters_tGGB,49,false,2026-01-16 16:32:52.652 +0530,2026-01-16 16:33:04.825 +0530,251,251,"{""saved_filter_preference"":[{""values"": [""CANADA O O ECOM""], ""operator"": ""in"", ""dimension"": ""product"", ""startYear"": null, ""disablePast"": null, ""disableType"": null, ""filter_type"": ""cascaded"", ""display_type"": ""dropdown"", ""disableFuture"": null, ""attribute_name"": ""l0_name"", ""disablePastWeeks"": null, ""disableFutureWeeks"": null, ""check_configuration"": null}, {""values"": [""WOMENS""], ""operator"": ""in"", ""dimension"": ""product"", ""startYear"": null, ""disablePast"": null, ""disableType"": null, ""filter_type"": ""cascaded"", ""display_type"": ""dropdown"", ""disableFuture"": null, ""attribute_name"": ""l1_name"", ""disablePastWeeks"": null, ""disableFutureWeeks"": null, ""check_configuration"": [{""checkedRows"": [""WOMENS""]}]}]}",false,"{}","",true
383,Carters_3iz7,181,false,2026-01-16 16:42:44.595 +0530,2026-01-16 16:42:57.879 +0530,251,251,"{""saved_filter_preference"":[{""values"": [""CANADA O O ECOM""], ""operator"": ""in"", ""dimension"": ""product"", ""startYear"": null, ""disablePast"": null, ""disableType"": null, ""filter_type"": ""cascaded"", ""display_type"": ""dropdown"", ""disableFuture"": null, ""attribute_name"": ""l0_name"", ""disablePastWeeks"": null, ""disableFutureWeeks"": null, ""check_configuration"": null}, {""values"": [""WOMENS""], ""operator"": ""in"", ""dimension"": ""product"", ""startYear"": null, ""disablePast"": null, ""disableType"": null, ""filter_type"": ""cascaded"", ""display_type"": ""dropdown"", ""disableFuture"": null, ""attribute_name"": ""l1_name"", ""disablePastWeeks"": null, ""disableFutureWeeks"": null, ""check_configuration"": [{""checkedRows"": [""WOMENS""]}]}]}",false,"{}","",true
384,Carters_0T4E,71,false,2026-01-16 17:19:05.099 +0530,2026-01-16 17:19:17.454 +0530,251,251,"{""saved_filter_preference"":[{""values"": [""CANADA O O ECOM""], ""operator"": ""in"", ""dimension"": ""product"", ""startYear"": null, ""disablePast"": null, ""disableType"": null, ""filter_type"": ""cascaded"", ""display_type"": ""dropdown"", ""disableFuture"": null, ""attribute_name"": ""l0_name"", ""disablePastWeeks"": null, ""disableFutureWeeks"": null, ""check_configuration"": [{""checkedRows"": [""CANADA O O ECOM""]}]}]}",false,"{}","",true
385,Carters_yqfd,63,false,2026-01-16 17:30:13.773 +0530,2026-01-16 17:30:26.783 +0530,251,251,"{""saved_filter_preference"":[{""values"": [""2025-07-01"", ""2025-07-15""], ""operator"": ""in"", ""dimension"": ""custom"", ""startYear"": null, ""disablePast"": null, ""disableType"": ""disableOnlyFuture"", ""filter_type"": ""non-cascaded"", ""display_type"": ""rangePicker"", ""disableFuture"": null, ""attribute_name"": ""range-picker"", ""disablePastWeeks"": null, ""disableFutureWeeks"": null, ""check_configuration"": []}, {""values"": [""CANADA O O OUTLET""], ""operator"": ""in"", ""dimension"": ""product"", ""startYear"": null, ""disablePast"": null, ""disableType"": null, ""filter_type"": ""cascaded"", ""display_type"": ""dropdown"", ""disableFuture"": null, ""attribute_name"": ""l0_name"", ""disablePastWeeks"": null, ""disableFutureWeeks"": null, ""check_configuration"": [{""checkedRows"": [""CANADA O O OUTLET""]}]}]}",false,"{}","",true
386,Carters_Ukwa,316,false,2026-01-19 15:54:50.398 +0530,2026-01-19 15:55:03.126 +0530,251,251,"{""saved_filter_preference"":[{""values"": [""CANADA O O ECOM""], ""operator"": ""in"", ""dimension"": ""product"", ""startYear"": null, ""disablePast"": null, ""disableType"": null, ""filter_type"": ""cascaded"", ""display_type"": ""dropdown"", ""disableFuture"": null, ""attribute_name"": ""l0_name"", ""disablePastWeeks"": null, ""disableFutureWeeks"": null, ""check_configuration"": null}, {""values"": [""WOMENS""], ""operator"": ""in"", ""dimension"": ""product"", ""startYear"": null, ""disablePast"": null, ""disableType"": null, ""filter_type"": ""cascaded"", ""display_type"": ""dropdown"", ""disableFuture"": null, ""attribute_name"": ""l1_name"", ""disablePastWeeks"": null, ""disableFutureWeeks"": null, ""check_configuration"": [{""checkedRows"": [""WOMENS""]}]}]}",false,"{}","",true
387,Carters_b8iP,325,false,2026-01-19 16:22:06.053 +0530,2026-01-19 16:22:06.053 +0530,251,251,"{""saved_filter_preference"":[{""values"": [""CANADA O O ECOM""], ""operator"": ""in"", ""dimension"": ""product"", ""startYear"": null, ""disablePast"": null, ""disableType"": null, ""filter_type"": ""cascaded"", ""display_type"": ""dropdown"", ""disableFuture"": null, ""attribute_name"": ""l0_name"", ""disablePastWeeks"": null, ""disableFutureWeeks"": null, ""check_configuration"": null}, {""values"": [""WOMENS""], ""operator"": ""in"", ""dimension"": ""product"", ""startYear"": null, ""disablePast"": null, ""disableType"": null, ""filter_type"": ""cascaded"", ""display_type"": ""dropdown"", ""disableFuture"": null, ""attribute_name"": ""l1_name"", ""disablePastWeeks"": null, ""disableFutureWeeks"": null, ""check_configuration"": [{""checkedRows"": [""WOMENS""]}]}]}",false,"{}","",false
388,Carters_Ay8l,73,true,2026-01-19 16:59:04.686 +0530,2026-01-19 16:59:16.811 +0530,251,251,"{""saved_filter_preference"":[{""values"": [""CANADA O O ECOM""], ""operator"": ""in"", ""dimension"": ""product"", ""startYear"": null, ""disablePast"": null, ""disableType"": null, ""filter_type"": ""cascaded"", ""display_type"": ""dropdown"", ""disableFuture"": null, ""attribute_name"": ""l0_name"", ""disablePastWeeks"": null, ""disableFutureWeeks"": null, ""check_configuration"": [{""checkedRows"": [""CANADA O O ECOM""]}]}, {""values"": [""WOMENS""], ""operator"": ""in"", ""dimension"": ""product"", ""startYear"": null, ""disablePast"": null, ""disableType"": null, ""filter_type"": ""cascaded"", ""display_type"": ""dropdown"", ""disableFuture"": null, ""attribute_name"": ""l1_name"", ""disablePastWeeks"": null, ""disableFutureWeeks"": null, ""check_configuration"": [{""checkedRows"": [""WOMENS""]}]}]}",false,"{}","",true
389,Carters_wGYM,180,true,2026-01-19 17:17:52.472 +0530,2026-01-19 17:18:05.140 +0530,251,251,"{""saved_filter_preference"":[{""values"": [""CANADA O O ECOM""], ""operator"": ""in"", ""dimension"": ""product"", ""startYear"": null, ""disablePast"": null, ""disableType"": null, ""filter_type"": ""cascaded"", ""display_type"": ""dropdown"", ""disableFuture"": null, ""attribute_name"": ""l0_name"", ""disablePastWeeks"": null, ""disableFutureWeeks"": null, ""check_configuration"": [{""checkedRows"": [""CANADA O O ECOM""]}]}, {""values"": [""WOMENS""], ""operator"": ""in"", ""dimension"": ""product"", ""startYear"": null, ""disablePast"": null, ""disableType"": null, ""filter_type"": ""cascaded"", ""display_type"": ""dropdown"", ""disableFuture"": null, ""attribute_name"": ""l1_name"", ""disablePastWeeks"": null, ""disableFutureWeeks"": null, ""check_configuration"": [{""checkedRows"": [""WOMENS""]}]}]}",false,"{}","",true
390,Carters_Xi2b,49,true,2026-01-19 17:28:45.326 +0530,2026-01-19 17:28:58.575 +0530,251,251,"{""saved_filter_preference"":[{""values"": [""CANADA O O ECOM""], ""operator"": ""in"", ""dimension"": ""product"", ""startYear"": null, ""disablePast"": null, ""disableType"": null, ""filter_type"": ""cascaded"", ""display_type"": ""dropdown"", ""disableFuture"": null, ""attribute_name"": ""l0_name"", ""disablePastWeeks"": null, ""disableFutureWeeks"": null, ""check_configuration"": null}, {""values"": [""WOMENS""], ""operator"": ""in"", ""dimension"": ""product"", ""startYear"": null, ""disablePast"": null, ""disableType"": null, ""filter_type"": ""cascaded"", ""display_type"": ""dropdown"", ""disableFuture"": null, ""attribute_name"": ""l1_name"", ""disablePastWeeks"": null, ""disableFutureWeeks"": null, ""check_configuration"": [{""checkedRows"": [""WOMENS""]}]}]}",false,"{}","",true
391,Carters_XZSa,181,true,2026-01-19 17:37:49.258 +0530,2026-01-19 17:38:02.631 +0530,251,251,"{""saved_filter_preference"":[{""values"": [""CANADA O O ECOM""], ""operator"": ""in"", ""dimension"": ""product"", ""startYear"": null, ""disablePast"": null, ""disableType"": null, ""filter_type"": ""cascaded"", ""display_type"": ""dropdown"", ""disableFuture"": null, ""attribute_name"": ""l0_name"", ""disablePastWeeks"": null, ""disableFutureWeeks"": null, ""check_configuration"": null}, {""values"": [""WOMENS""], ""operator"": ""in"", ""dimension"": ""product"", ""startYear"": null, ""disablePast"": null, ""disableType"": null, ""filter_type"": ""cascaded"", ""display_type"": ""dropdown"", ""disableFuture"": null, ""attribute_name"": ""l1_name"", ""disablePastWeeks"": null, ""disableFutureWeeks"": null, ""check_configuration"": [{""checkedRows"": [""WOMENS""]}]}]}",false,"{}","",true
392,Carters_fDY2,71,true,2026-01-19 18:13:57.827 +0530,2026-01-19 18:14:09.863 +0530,251,251,"{""saved_filter_preference"":[{""values"": [""CANADA O O ECOM""], ""operator"": ""in"", ""dimension"": ""product"", ""startYear"": null, ""disablePast"": null, ""disableType"": null, ""filter_type"": ""cascaded"", ""display_type"": ""dropdown"", ""disableFuture"": null, ""attribute_name"": ""l0_name"", ""disablePastWeeks"": null, ""disableFutureWeeks"": null, ""check_configuration"": [{""checkedRows"": [""CANADA O O ECOM""]}]}]}",false,"{}","",true
393,Carters_0Y4n,63,true,2026-01-19 18:29:02.710 +0530,2026-01-19 18:29:14.320 +0530,251,251,"{""saved_filter_preference"":[{""values"": [""2025-07-01"", ""2025-07-15""], ""operator"": ""in"", ""dimension"": ""custom"", ""startYear"": null, ""disablePast"": null, ""disableType"": ""disableOnlyFuture"", ""filter_type"": ""non-cascaded"", ""display_type"": ""rangePicker"", ""disableFuture"": null, ""attribute_name"": ""range-picker"", ""disablePastWeeks"": null, ""disableFutureWeeks"": null, ""check_configuration"": []}, {""values"": [""CANADA O O OUTLET""], ""operator"": ""in"", ""dimension"": ""product"", ""startYear"": null, ""disablePast"": null, ""disableType"": null, ""filter_type"": ""cascaded"", ""display_type"": ""dropdown"", ""disableFuture"": null, ""attribute_name"": ""l0_name"", ""disablePastWeeks"": null, ""disableFutureWeeks"": null, ""check_configuration"": [{""checkedRows"": [""CANADA O O OUTLET""]}]}]}",false,"{}","",true
394,Carters_ODHI,316,false,2026-01-19 19:13:38.347 +0530,2026-01-19 19:13:51.111 +0530,251,251,"{""saved_filter_preference"":[{""values"": [""CANADA O O ECOM""], ""operator"": ""in"", ""dimension"": ""product"", ""startYear"": null, ""disablePast"": null, ""disableType"": null, ""filter_type"": ""cascaded"", ""display_type"": ""dropdown"", ""disableFuture"": null, ""attribute_name"": ""l0_name"", ""disablePastWeeks"": null, ""disableFutureWeeks"": null, ""check_configuration"": null}, {""values"": [""WOMENS""], ""operator"": ""in"", ""dimension"": ""product"", ""startYear"": null, ""disablePast"": null, ""disableType"": null, ""filter_type"": ""cascaded"", ""display_type"": ""dropdown"", ""disableFuture"": null, ""attribute_name"": ""l1_name"", ""disablePastWeeks"": null, ""disableFutureWeeks"": null, ""check_configuration"": [{""checkedRows"": [""WOMENS""]}]}]}",false,"{}","",true
395,Carters_MD3Y,325,true,2026-01-19 19:40:38.430 +0530,2026-01-19 19:40:50.581 +0530,251,251,"{""saved_filter_preference"":[{""values"": [""CANADA O O ECOM""], ""operator"": ""in"", ""dimension"": ""product"", ""startYear"": null, ""disablePast"": null, ""disableType"": null, ""filter_type"": ""cascaded"", ""display_type"": ""dropdown"", ""disableFuture"": null, ""attribute_name"": ""l0_name"", ""disablePastWeeks"": null, ""disableFutureWeeks"": null, ""check_configuration"": null}, {""values"": [""WOMENS""], ""operator"": ""in"", ""dimension"": ""product"", ""startYear"": null, ""disablePast"": null, ""disableType"": null, ""filter_type"": ""cascaded"", ""display_type"": ""dropdown"", ""disableFuture"": null, ""attribute_name"": ""l1_name"", ""disablePastWeeks"": null, ""disableFutureWeeks"": null, ""check_configuration"": [{""checkedRows"": [""WOMENS""]}]}]}",false,"{}","",true
396,Carters_cKlG,73,true,2026-01-19 20:17:58.191 +0530,2026-01-19 20:18:10.130 +0530,251,251,"{""saved_filter_preference"":[{""values"": [""CANADA O O ECOM""], ""operator"": ""in"", ""dimension"": ""product"", ""startYear"": null, ""disablePast"": null, ""disableType"": null, ""filter_type"": ""cascaded"", ""display_type"": ""dropdown"", ""disableFuture"": null, ""attribute_name"": ""l0_name"", ""disablePastWeeks"": null, ""disableFutureWeeks"": null, ""check_configuration"": [{""checkedRows"": [""CANADA O O ECOM""]}]}, {""values"": [""WOMENS""], ""operator"": ""in"", ""dimension"": ""product"", ""startYear"": null, ""disablePast"": null, ""disableType"": null, ""filter_type"": ""cascaded"", ""display_type"": ""dropdown"", ""disableFuture"": null, ""attribute_name"": ""l1_name"", ""disablePastWeeks"": null, ""disableFutureWeeks"": null, ""check_configuration"": [{""checkedRows"": [""WOMENS""]}]}]}",false,"{}","",true
397,Carters_Q5Re,180,true,2026-01-19 20:37:17.586 +0530,2026-01-19 20:37:29.998 +0530,251,251,"{""saved_filter_preference"":[{""values"": [""CANADA O O ECOM""], ""operator"": ""in"", ""dimension"": ""product"", ""startYear"": null, ""disablePast"": null, ""disableType"": null, ""filter_type"": ""cascaded"", ""display_type"": ""dropdown"", ""disableFuture"": null, ""attribute_name"": ""l0_name"", ""disablePastWeeks"": null, ""disableFutureWeeks"": null, ""check_configuration"": [{""checkedRows"": [""CANADA O O ECOM""]}]}, {""values"": [""WOMENS""], ""operator"": ""in"", ""dimension"": ""product"", ""startYear"": null, ""disablePast"": null, ""disableType"": null, ""filter_type"": ""cascaded"", ""display_type"": ""dropdown"", ""disableFuture"": null, ""attribute_name"": ""l1_name"", ""disablePastWeeks"": null, ""disableFutureWeeks"": null, ""check_configuration"": [{""checkedRows"": [""WOMENS""]}]}]}",false,"{}","",true
398,Carters_LdBv,49,true,2026-01-19 20:47:54.912 +0530,2026-01-19 20:48:06.969 +0530,251,251,"{""saved_filter_preference"":[{""values"": [""CANADA O O ECOM""], ""operator"": ""in"", ""dimension"": ""product"", ""startYear"": null, ""disablePast"": null, ""disableType"": null, ""filter_type"": ""cascaded"", ""display_type"": ""dropdown"", ""disableFuture"": null, ""attribute_name"": ""l0_name"", ""disablePastWeeks"": null, ""disableFutureWeeks"": null, ""check_configuration"": null}, {""values"": [""WOMENS""], ""operator"": ""in"", ""dimension"": ""product"", ""startYear"": null, ""disablePast"": null, ""disableType"": null, ""filter_type"": ""cascaded"", ""display_type"": ""dropdown"", ""disableFuture"": null, ""attribute_name"": ""l1_name"", ""disablePastWeeks"": null, ""disableFutureWeeks"": null, ""check_configuration"": [{""checkedRows"": [""WOMENS""]}]}]}",false,"{}","",true
399,Carters_LiyV,181,true,2026-01-19 20:56:50.110 +0530,2026-01-19 20:57:02.218 +0530,251,251,"{""saved_filter_preference"":[{""values"": [""CANADA O O ECOM""], ""operator"": ""in"", ""dimension"": ""product"", ""startYear"": null, ""disablePast"": null, ""disableType"": null, ""filter_type"": ""cascaded"", ""display_type"": ""dropdown"", ""disableFuture"": null, ""attribute_name"": ""l0_name"", ""disablePastWeeks"": null, ""disableFutureWeeks"": null, ""check_configuration"": null}, {""values"": [""WOMENS""], ""operator"": ""in"", ""dimension"": ""product"", ""startYear"": null, ""disablePast"": null, ""disableType"": null, ""filter_type"": ""cascaded"", ""display_type"": ""dropdown"", ""disableFuture"": null, ""attribute_name"": ""l1_name"", ""disablePastWeeks"": null, ""disableFutureWeeks"": null, ""check_configuration"": [{""checkedRows"": [""WOMENS""]}]}]}",false,"{}","",true
400,Carters_lJdM,71,true,2026-01-19 21:35:27.820 +0530,2026-01-19 21:35:39.825 +0530,251,251,"{""saved_filter_preference"":[{""values"": [""CANADA O O ECOM""], ""operator"": ""in"", ""dimension"": ""product"", ""startYear"": null, ""disablePast"": null, ""disableType"": null, ""filter_type"": ""cascaded"", ""display_type"": ""dropdown"", ""disableFuture"": null, ""attribute_name"": ""l0_name"", ""disablePastWeeks"": null, ""disableFutureWeeks"": null, ""check_configuration"": [{""checkedRows"": [""CANADA O O ECOM""]}]}]}",false,"{}","",true
401,Carters_oTW0,63,true,2026-01-19 21:49:18.569 +0530,2026-01-19 21:49:31.133 +0530,251,251,"{""saved_filter_preference"":[{""values"": [""2025-07-01"", ""2025-07-15""], ""operator"": ""in"", ""dimension"": ""custom"", ""startYear"": null, ""disablePast"": null, ""disableType"": ""disableOnlyFuture"", ""filter_type"": ""non-cascaded"", ""display_type"": ""rangePicker"", ""disableFuture"": null, ""attribute_name"": ""range-picker"", ""disablePastWeeks"": null, ""disableFutureWeeks"": null, ""check_configuration"": []}, {""values"": [""CANADA O O OUTLET""], ""operator"": ""in"", ""dimension"": ""product"", ""startYear"": null, ""disablePast"": null, ""disableType"": null, ""filter_type"": ""cascaded"", ""display_type"": ""dropdown"", ""disableFuture"": null, ""attribute_name"": ""l0_name"", ""disablePastWeeks"": null, ""disableFutureWeeks"": null, ""check_configuration"": [{""checkedRows"": [""CANADA O O OUTLET""]}]}]}",false,"{}","",true
402,Carters_RrqG,316,false,2026-01-20 19:13:32.285 +0530,2026-01-20 19:13:44.065 +0530,251,251,"{""saved_filter_preference"":[{""values"": [""CANADA O O ECOM""], ""operator"": ""in"", ""dimension"": ""product"", ""startYear"": null, ""disablePast"": null, ""disableType"": null, ""filter_type"": ""cascaded"", ""display_type"": ""dropdown"", ""disableFuture"": null, ""attribute_name"": ""l0_name"", ""disablePastWeeks"": null, ""disableFutureWeeks"": null, ""check_configuration"": null}, {""values"": [""WOMENS""], ""operator"": ""in"", ""dimension"": ""product"", ""startYear"": null, ""disablePast"": null, ""disableType"": null, ""filter_type"": ""cascaded"", ""display_type"": ""dropdown"", ""disableFuture"": null, ""attribute_name"": ""l1_name"", ""disablePastWeeks"": null, ""disableFutureWeeks"": null, ""check_configuration"": [{""checkedRows"": [""WOMENS""]}]}]}",false,"{}","",true
403,Carters_yNvq,325,true,2026-01-20 19:40:01.125 +0530,2026-01-20 19:40:13.205 +0530,251,251,"{""saved_filter_preference"":[{""values"": [""CANADA O O ECOM""], ""operator"": ""in"", ""dimension"": ""product"", ""startYear"": null, ""disablePast"": null, ""disableType"": null, ""filter_type"": ""cascaded"", ""display_type"": ""dropdown"", ""disableFuture"": null, ""attribute_name"": ""l0_name"", ""disablePastWeeks"": null, ""disableFutureWeeks"": null, ""check_configuration"": null}, {""values"": [""WOMENS""], ""operator"": ""in"", ""dimension"": ""product"", ""startYear"": null, ""disablePast"": null, ""disableType"": null, ""filter_type"": ""cascaded"", ""display_type"": ""dropdown"", ""disableFuture"": null, ""attribute_name"": ""l1_name"", ""disablePastWeeks"": null, ""disableFutureWeeks"": null, ""check_configuration"": [{""checkedRows"": [""WOMENS""]}]}]}",false,"{}","",true
404,Carters_6JzM,73,true,2026-01-20 20:16:26.047 +0530,2026-01-20 20:16:38.495 +0530,251,251,"{""saved_filter_preference"":[{""values"": [""CANADA O O ECOM""], ""operator"": ""in"", ""dimension"": ""product"", ""startYear"": null, ""disablePast"": null, ""disableType"": null, ""filter_type"": ""cascaded"", ""display_type"": ""dropdown"", ""disableFuture"": null, ""attribute_name"": ""l0_name"", ""disablePastWeeks"": null, ""disableFutureWeeks"": null, ""check_configuration"": [{""checkedRows"": [""CANADA O O ECOM""]}]}, {""values"": [""WOMENS""], ""operator"": ""in"", ""dimension"": ""product"", ""startYear"": null, ""disablePast"": null, ""disableType"": null, ""filter_type"": ""cascaded"", ""display_type"": ""dropdown"", ""disableFuture"": null, ""attribute_name"": ""l1_name"", ""disablePastWeeks"": null, ""disableFutureWeeks"": null, ""check_configuration"": [{""checkedRows"": [""WOMENS""]}]}]}",false,"{}","",true
405,Carters_kXjL,180,true,2026-01-20 20:35:20.577 +0530,2026-01-20 20:35:34.595 +0530,251,251,"{""saved_filter_preference"":[{""values"": [""CANADA O O ECOM""], ""operator"": ""in"", ""dimension"": ""product"", ""startYear"": null, ""disablePast"": null, ""disableType"": null, ""filter_type"": ""cascaded"", ""display_type"": ""dropdown"", ""disableFuture"": null, ""attribute_name"": ""l0_name"", ""disablePastWeeks"": null, ""disableFutureWeeks"": null, ""check_configuration"": [{""checkedRows"": [""CANADA O O ECOM""]}]}, {""values"": [""WOMENS""], ""operator"": ""in"", ""dimension"": ""product"", ""startYear"": null, ""disablePast"": null, ""disableType"": null, ""filter_type"": ""cascaded"", ""display_type"": ""dropdown"", ""disableFuture"": null, ""attribute_name"": ""l1_name"", ""disablePastWeeks"": null, ""disableFutureWeeks"": null, ""check_configuration"": [{""checkedRows"": [""WOMENS""]}]}]}",false,"{}","",true
406,Carters_zgyk,49,true,2026-01-20 20:47:40.787 +0530,2026-01-20 20:47:52.598 +0530,251,251,"{""saved_filter_preference"":[{""values"": [""CANADA O O ECOM""], ""operator"": ""in"", ""dimension"": ""product"", ""startYear"": null, ""disablePast"": null, ""disableType"": null, ""filter_type"": ""cascaded"", ""display_type"": ""dropdown"", ""disableFuture"": null, ""attribute_name"": ""l0_name"", ""disablePastWeeks"": null, ""disableFutureWeeks"": null, ""check_configuration"": null}, {""values"": [""WOMENS""], ""operator"": ""in"", ""dimension"": ""product"", ""startYear"": null, ""disablePast"": null, ""disableType"": null, ""filter_type"": ""cascaded"", ""display_type"": ""dropdown"", ""disableFuture"": null, ""attribute_name"": ""l1_name"", ""disablePastWeeks"": null, ""disableFutureWeeks"": null, ""check_configuration"": [{""checkedRows"": [""WOMENS""]}]}]}",false,"{}","",true
407,Carters_BWYJ,181,true,2026-01-20 20:56:16.101 +0530,2026-01-20 20:56:28.938 +0530,251,251,"{""saved_filter_preference"":[{""values"": [""CANADA O O ECOM""], ""operator"": ""in"", ""dimension"": ""product"", ""startYear"": null, ""disablePast"": null, ""disableType"": null, ""filter_type"": ""cascaded"", ""display_type"": ""dropdown"", ""disableFuture"": null, ""attribute_name"": ""l0_name"", ""disablePastWeeks"": null, ""disableFutureWeeks"": null, ""check_configuration"": null}, {""values"": [""WOMENS""], ""operator"": ""in"", ""dimension"": ""product"", ""startYear"": null, ""disablePast"": null, ""disableType"": null, ""filter_type"": ""cascaded"", ""display_type"": ""dropdown"", ""disableFuture"": null, ""attribute_name"": ""l1_name"", ""disablePastWeeks"": null, ""disableFutureWeeks"": null, ""check_configuration"": [{""checkedRows"": [""WOMENS""]}]}]}",false,"{}","",true
408,Carters_0J9m,71,true,2026-01-20 21:32:06.889 +0530,2026-01-20 21:32:18.217 +0530,251,251,"{""saved_filter_preference"":[{""values"": [""CANADA O O ECOM""], ""operator"": ""in"", ""dimension"": ""product"", ""startYear"": null, ""disablePast"": null, ""disableType"": null, ""filter_type"": ""cascaded"", ""display_type"": ""dropdown"", ""disableFuture"": null, ""attribute_name"": ""l0_name"", ""disablePastWeeks"": null, ""disableFutureWeeks"": null, ""check_configuration"": [{""checkedRows"": [""CANADA O O ECOM""]}]}]}",false,"{}","",true
409,Carters_3cGC,63,true,2026-01-20 21:42:06.337 +0530,2026-01-20 21:42:18.093 +0530,251,251,"{""saved_filter_preference"":[{""values"": [""2025-07-01"", ""2025-07-15""], ""operator"": ""in"", ""dimension"": ""custom"", ""startYear"": null, ""disablePast"": null, ""disableType"": ""disableOnlyFuture"", ""filter_type"": ""non-cascaded"", ""display_type"": ""rangePicker"", ""disableFuture"": null, ""attribute_name"": ""range-picker"", ""disablePastWeeks"": null, ""disableFutureWeeks"": null, ""check_configuration"": []}, {""values"": [""CANADA O O OUTLET""], ""operator"": ""in"", ""dimension"": ""product"", ""startYear"": null, ""disablePast"": null, ""disableType"": null, ""filter_type"": ""cascaded"", ""display_type"": ""dropdown"", ""disableFuture"": null, ""attribute_name"": ""l0_name"", ""disablePastWeeks"": null, ""disableFutureWeeks"": null, ""check_configuration"": [{""checkedRows"": [""CANADA O O OUTLET""]}]}]}",false,"{}","",true
410,Carters_zojP,316,false,2026-01-21 15:18:50.285 +0530,2026-01-21 15:19:03.230 +0530,251,251,"{""saved_filter_preference"":[{""values"": [""CANADA O O ECOM""], ""operator"": ""in"", ""dimension"": ""product"", ""startYear"": null, ""disablePast"": null, ""disableType"": null, ""filter_type"": ""cascaded"", ""display_type"": ""dropdown"", ""disableFuture"": null, ""attribute_name"": ""l0_name"", ""disablePastWeeks"": null, ""disableFutureWeeks"": null, ""check_configuration"": null}, {""values"": [""WOMENS""], ""operator"": ""in"", ""dimension"": ""product"", ""startYear"": null, ""disablePast"": null, ""disableType"": null, ""filter_type"": ""cascaded"", ""display_type"": ""dropdown"", ""disableFuture"": null, ""attribute_name"": ""l1_name"", ""disablePastWeeks"": null, ""disableFutureWeeks"": null, ""check_configuration"": [{""checkedRows"": [""WOMENS""]}]}]}",false,"{}","",true
411,Carters_TkCT,325,true,2026-01-21 15:40:52.049 +0530,2026-01-21 15:41:32.623 +0530,251,251,"{""saved_filter_preference"":[{""values"": [""CANADA O O ECOM""], ""operator"": ""in"", ""dimension"": ""product"", ""startYear"": null, ""disablePast"": null, ""disableType"": null, ""filter_type"": ""cascaded"", ""display_type"": ""dropdown"", ""disableFuture"": null, ""attribute_name"": ""l0_name"", ""disablePastWeeks"": null, ""disableFutureWeeks"": null, ""check_configuration"": null}, {""values"": [""WOMENS""], ""operator"": ""in"", ""dimension"": ""product"", ""startYear"": null, ""disablePast"": null, ""disableType"": null, ""filter_type"": ""cascaded"", ""display_type"": ""dropdown"", ""disableFuture"": null, ""attribute_name"": ""l1_name"", ""disablePastWeeks"": null, ""disableFutureWeeks"": null, ""check_configuration"": [{""checkedRows"": [""WOMENS""]}]}]}",false,"{}","",true
412,Carters_rWac,73,true,2026-01-21 16:11:44.866 +0530,2026-01-21 16:11:58.605 +0530,251,251,"{""saved_filter_preference"":[{""values"": [""CANADA O O ECOM""], ""operator"": ""in"", ""dimension"": ""product"", ""startYear"": null, ""disablePast"": null, ""disableType"": null, ""filter_type"": ""cascaded"", ""display_type"": ""dropdown"", ""disableFuture"": null, ""attribute_name"": ""l0_name"", ""disablePastWeeks"": null, ""disableFutureWeeks"": null, ""check_configuration"": [{""checkedRows"": [""CANADA O O ECOM""]}]}, {""values"": [""WOMENS""], ""operator"": ""in"", ""dimension"": ""product"", ""startYear"": null, ""disablePast"": null, ""disableType"": null, ""filter_type"": ""cascaded"", ""display_type"": ""dropdown"", ""disableFuture"": null, ""attribute_name"": ""l1_name"", ""disablePastWeeks"": null, ""disableFutureWeeks"": null, ""check_configuration"": [{""checkedRows"": [""WOMENS""]}]}]}",false,"{}","",true
413,Carters_BpBw,180,true,2026-01-21 16:29:37.442 +0530,2026-01-21 16:29:50.306 +0530,251,251,"{""saved_filter_preference"":[{""values"": [""CANADA O O ECOM""], ""operator"": ""in"", ""dimension"": ""product"", ""startYear"": null, ""disablePast"": null, ""disableType"": null, ""filter_type"": ""cascaded"", ""display_type"": ""dropdown"", ""disableFuture"": null, ""attribute_name"": ""l0_name"", ""disablePastWeeks"": null, ""disableFutureWeeks"": null, ""check_configuration"": [{""checkedRows"": [""CANADA O O ECOM""]}]}, {""values"": [""WOMENS""], ""operator"": ""in"", ""dimension"": ""product"", ""startYear"": null, ""disablePast"": null, ""disableType"": null, ""filter_type"": ""cascaded"", ""display_type"": ""dropdown"", ""disableFuture"": null, ""attribute_name"": ""l1_name"", ""disablePastWeeks"": null, ""disableFutureWeeks"": null, ""check_configuration"": [{""checkedRows"": [""WOMENS""]}]}]}",false,"{}","",true
414,Carters_REfI,49,true,2026-01-21 16:40:12.065 +0530,2026-01-21 16:40:24.675 +0530,251,251,"{""saved_filter_preference"":[{""values"": [""CANADA O O ECOM""], ""operator"": ""in"", ""dimension"": ""product"", ""startYear"": null, ""disablePast"": null, ""disableType"": null, ""filter_type"": ""cascaded"", ""display_type"": ""dropdown"", ""disableFuture"": null, ""attribute_name"": ""l0_name"", ""disablePastWeeks"": null, ""disableFutureWeeks"": null, ""check_configuration"": null}, {""values"": [""WOMENS""], ""operator"": ""in"", ""dimension"": ""product"", ""startYear"": null, ""disablePast"": null, ""disableType"": null, ""filter_type"": ""cascaded"", ""display_type"": ""dropdown"", ""disableFuture"": null, ""attribute_name"": ""l1_name"", ""disablePastWeeks"": null, ""disableFutureWeeks"": null, ""check_configuration"": [{""checkedRows"": [""WOMENS""]}]}]}",false,"{}","",true
415,Carters_IAaL,181,true,2026-01-21 16:50:00.125 +0530,2026-01-21 16:50:14.275 +0530,251,251,"{""saved_filter_preference"":[{""values"": [""CANADA O O ECOM""], ""operator"": ""in"", ""dimension"": ""product"", ""startYear"": null, ""disablePast"": null, ""disableType"": null, ""filter_type"": ""cascaded"", ""display_type"": ""dropdown"", ""disableFuture"": null, ""attribute_name"": ""l0_name"", ""disablePastWeeks"": null, ""disableFutureWeeks"": null, ""check_configuration"": null}, {""values"": [""WOMENS""], ""operator"": ""in"", ""dimension"": ""product"", ""startYear"": null, ""disablePast"": null, ""disableType"": null, ""filter_type"": ""cascaded"", ""display_type"": ""dropdown"", ""disableFuture"": null, ""attribute_name"": ""l1_name"", ""disablePastWeeks"": null, ""disableFutureWeeks"": null, ""check_configuration"": [{""checkedRows"": [""WOMENS""]}]}]}",false,"{}","",true
416,Carters_4cQZ,71,true,2026-01-21 17:30:32.239 +0530,2026-01-21 17:30:44.973 +0530,251,251,"{""saved_filter_preference"":[{""values"": [""CANADA O O ECOM""], ""operator"": ""in"", ""dimension"": ""product"", ""startYear"": null, ""disablePast"": null, ""disableType"": null, ""filter_type"": ""cascaded"", ""display_type"": ""dropdown"", ""disableFuture"": null, ""attribute_name"": ""l0_name"", ""disablePastWeeks"": null, ""disableFutureWeeks"": null, ""check_configuration"": [{""checkedRows"": [""CANADA O O ECOM""]}]}]}",false,"{}","",true
417,Carters_bsd9,63,true,2026-01-21 17:44:37.197 +0530,2026-01-21 17:44:48.996 +0530,251,251,"{""saved_filter_preference"":[{""values"": [""2025-07-01"", ""2025-07-15""], ""operator"": ""in"", ""dimension"": ""custom"", ""startYear"": null, ""disablePast"": null, ""disableType"": ""disableOnlyFuture"", ""filter_type"": ""non-cascaded"", ""display_type"": ""rangePicker"", ""disableFuture"": null, ""attribute_name"": ""range-picker"", ""disablePastWeeks"": null, ""disableFutureWeeks"": null, ""check_configuration"": []}, {""values"": [""CANADA O O OUTLET""], ""operator"": ""in"", ""dimension"": ""product"", ""startYear"": null, ""disablePast"": null, ""disableType"": null, ""filter_type"": ""cascaded"", ""display_type"": ""dropdown"", ""disableFuture"": null, ""attribute_name"": ""l0_name"", ""disablePastWeeks"": null, ""disableFutureWeeks"": null, ""check_configuration"": [{""checkedRows"": [""CANADA O O OUTLET""]}]}]}",false,"{}","",true
418,Carters_D8cO,316,false,2026-01-21 19:14:56.882 +0530,2026-01-21 19:15:08.816 +0530,251,251,"{""saved_filter_preference"":[{""values"": [""CANADA O O ECOM""], ""operator"": ""in"", ""dimension"": ""product"", ""startYear"": null, ""disablePast"": null, ""disableType"": null, ""filter_type"": ""cascaded"", ""display_type"": ""dropdown"", ""disableFuture"": null, ""attribute_name"": ""l0_name"", ""disablePastWeeks"": null, ""disableFutureWeeks"": null, ""check_configuration"": null}, {""values"": [""WOMENS""], ""operator"": ""in"", ""dimension"": ""product"", ""startYear"": null, ""disablePast"": null, ""disableType"": null, ""filter_type"": ""cascaded"", ""display_type"": ""dropdown"", ""disableFuture"": null, ""attribute_name"": ""l1_name"", ""disablePastWeeks"": null, ""disableFutureWeeks"": null, ""check_configuration"": [{""checkedRows"": [""WOMENS""]}]}]}",false,"{}","",true
419,Carters_kkZo,325,true,2026-01-21 19:40:51.223 +0530,2026-01-21 19:41:04.120 +0530,251,251,"{""saved_filter_preference"":[{""values"": [""CANADA O O ECOM""], ""operator"": ""in"", ""dimension"": ""product"", ""startYear"": null, ""disablePast"": null, ""disableType"": null, ""filter_type"": ""cascaded"", ""display_type"": ""dropdown"", ""disableFuture"": null, ""attribute_name"": ""l0_name"", ""disablePastWeeks"": null, ""disableFutureWeeks"": null, ""check_configuration"": null}, {""values"": [""WOMENS""], ""operator"": ""in"", ""dimension"": ""product"", ""startYear"": null, ""disablePast"": null, ""disableType"": null, ""filter_type"": ""cascaded"", ""display_type"": ""dropdown"", ""disableFuture"": null, ""attribute_name"": ""l1_name"", ""disablePastWeeks"": null, ""disableFutureWeeks"": null, ""check_configuration"": [{""checkedRows"": [""WOMENS""]}]}]}",false,"{}","",true
420,Carters_bGHK,73,true,2026-01-21 20:16:12.567 +0530,2026-01-21 20:16:24.950 +0530,251,251,"{""saved_filter_preference"":[{""values"": [""CANADA O O ECOM""], ""operator"": ""in"", ""dimension"": ""product"", ""startYear"": null, ""disablePast"": null, ""disableType"": null, ""filter_type"": ""cascaded"", ""display_type"": ""dropdown"", ""disableFuture"": null, ""attribute_name"": ""l0_name"", ""disablePastWeeks"": null, ""disableFutureWeeks"": null, ""check_configuration"": [{""checkedRows"": [""CANADA O O ECOM""]}]}, {""values"": [""WOMENS""], ""operator"": ""in"", ""dimension"": ""product"", ""startYear"": null, ""disablePast"": null, ""disableType"": null, ""filter_type"": ""cascaded"", ""display_type"": ""dropdown"", ""disableFuture"": null, ""attribute_name"": ""l1_name"", ""disablePastWeeks"": null, ""disableFutureWeeks"": null, ""check_configuration"": [{""checkedRows"": [""WOMENS""]}]}]}",false,"{}","",true
421,Carters_2xOi,180,true,2026-01-21 20:35:30.022 +0530,2026-01-21 20:35:43.675 +0530,251,251,"{""saved_filter_preference"":[{""values"": [""CANADA O O ECOM""], ""operator"": ""in"", ""dimension"": ""product"", ""startYear"": null, ""disablePast"": null, ""disableType"": null, ""filter_type"": ""cascaded"", ""display_type"": ""dropdown"", ""disableFuture"": null, ""attribute_name"": ""l0_name"", ""disablePastWeeks"": null, ""disableFutureWeeks"": null, ""check_configuration"": [{""checkedRows"": [""CANADA O O ECOM""]}]}, {""values"": [""WOMENS""], ""operator"": ""in"", ""dimension"": ""product"", ""startYear"": null, ""disablePast"": null, ""disableType"": null, ""filter_type"": ""cascaded"", ""display_type"": ""dropdown"", ""disableFuture"": null, ""attribute_name"": ""l1_name"", ""disablePastWeeks"": null, ""disableFutureWeeks"": null, ""check_configuration"": [{""checkedRows"": [""WOMENS""]}]}]}",false,"{}","",true
422,Carters_pDX3,181,true,2026-01-21 20:55:30.798 +0530,2026-01-21 20:55:42.775 +0530,251,251,"{""saved_filter_preference"":[{""values"": [""CANADA O O ECOM""], ""operator"": ""in"", ""dimension"": ""product"", ""startYear"": null, ""disablePast"": null, ""disableType"": null, ""filter_type"": ""cascaded"", ""display_type"": ""dropdown"", ""disableFuture"": null, ""attribute_name"": ""l0_name"", ""disablePastWeeks"": null, ""disableFutureWeeks"": null, ""check_configuration"": null}, {""values"": [""WOMENS""], ""operator"": ""in"", ""dimension"": ""product"", ""startYear"": null, ""disablePast"": null, ""disableType"": null, ""filter_type"": ""cascaded"", ""display_type"": ""dropdown"", ""disableFuture"": null, ""attribute_name"": ""l1_name"", ""disablePastWeeks"": null, ""disableFutureWeeks"": null, ""check_configuration"": [{""checkedRows"": [""WOMENS""]}]}]}",false,"{}","",true
423,Carters_uIwb,71,true,2026-01-21 21:31:57.564 +0530,2026-01-21 21:32:10.365 +0530,251,251,"{""saved_filter_preference"":[{""values"": [""CANADA O O ECOM""], ""operator"": ""in"", ""dimension"": ""product"", ""startYear"": null, ""disablePast"": null, ""disableType"": null, ""filter_type"": ""cascaded"", ""display_type"": ""dropdown"", ""disableFuture"": null, ""attribute_name"": ""l0_name"", ""disablePastWeeks"": null, ""disableFutureWeeks"": null, ""check_configuration"": [{""checkedRows"": [""CANADA O O ECOM""]}]}]}",false,"{}","",true
424,Carters_n4Cn,63,true,2026-01-21 21:45:49.351 +0530,2026-01-21 21:46:02.105 +0530,251,251,"{""saved_filter_preference"":[{""values"": [""2025-07-01"", ""2025-07-15""], ""operator"": ""in"", ""dimension"": ""custom"", ""startYear"": null, ""disablePast"": null, ""disableType"": ""disableOnlyFuture"", ""filter_type"": ""non-cascaded"", ""display_type"": ""rangePicker"", ""disableFuture"": null, ""attribute_name"": ""range-picker"", ""disablePastWeeks"": null, ""disableFutureWeeks"": null, ""check_configuration"": []}, {""values"": [""CANADA O O OUTLET""], ""operator"": ""in"", ""dimension"": ""product"", ""startYear"": null, ""disablePast"": null, ""disableType"": null, ""filter_type"": ""cascaded"", ""display_type"": ""dropdown"", ""disableFuture"": null, ""attribute_name"": ""l0_name"", ""disablePastWeeks"": null, ""disableFutureWeeks"": null, ""check_configuration"": [{""checkedRows"": [""CANADA O O OUTLET""]}]}]}",false,"{}","",true
425,qa-test,55,true,2026-01-22 18:05:42.249 +0530,2026-02-05 18:30:06.585 +0530,251,251,"{""saved_filter_preference"":[{""values"": [""CANADA O O ECOM""], ""operator"": ""in"", ""dimension"": ""product"", ""startYear"": null, ""disablePast"": null, ""disableType"": null, ""filter_type"": ""cascaded"", ""display_type"": ""dropdown"", ""disableFuture"": null, ""attribute_name"": ""l0_name"", ""disablePastWeeks"": null, ""disableFutureWeeks"": null, ""check_configuration"": [{""checkedRows"": [""CANADA O O ECOM""]}]}, {""values"": [""BOYS"", ""GIRLS"", ""MENS"", ""WOMENS""], ""operator"": ""in"", ""dimension"": ""product"", ""startYear"": null, ""disablePast"": null, ""disableType"": null, ""filter_type"": ""cascaded"", ""display_type"": ""dropdown"", ""disableFuture"": null, ""attribute_name"": ""l1_name"", ""disablePastWeeks"": null, ""disableFutureWeeks"": null, ""check_configuration"": [{""meta"": {}, ""checkAll"": true}]}]}",false,"{}","",true
426,Carters_Vj0v,316,false,2026-01-22 18:13:38.815 +0530,2026-01-22 18:13:51.016 +0530,251,251,"{""saved_filter_preference"":[{""values"": [""CANADA O O ECOM""], ""operator"": ""in"", ""dimension"": ""product"", ""startYear"": null, ""disablePast"": null, ""disableType"": null, ""filter_type"": ""cascaded"", ""display_type"": ""dropdown"", ""disableFuture"": null, ""attribute_name"": ""l0_name"", ""disablePastWeeks"": null, ""disableFutureWeeks"": null, ""check_configuration"": null}, {""values"": [""WOMENS""], ""operator"": ""in"", ""dimension"": ""product"", ""startYear"": null, ""disablePast"": null, ""disableType"": null, ""filter_type"": ""cascaded"", ""display_type"": ""dropdown"", ""disableFuture"": null, ""attribute_name"": ""l1_name"", ""disablePastWeeks"": null, ""disableFutureWeeks"": null, ""check_configuration"": [{""checkedRows"": [""WOMENS""]}]}]}",false,"{}","",true
427,Carters_G4Ia,325,true,2026-01-22 18:34:32.349 +0530,2026-01-22 18:34:44.602 +0530,251,251,"{""saved_filter_preference"":[{""values"": [""CANADA O O ECOM""], ""operator"": ""in"", ""dimension"": ""product"", ""startYear"": null, ""disablePast"": null, ""disableType"": null, ""filter_type"": ""cascaded"", ""display_type"": ""dropdown"", ""disableFuture"": null, ""attribute_name"": ""l0_name"", ""disablePastWeeks"": null, ""disableFutureWeeks"": null, ""check_configuration"": null}, {""values"": [""WOMENS""], ""operator"": ""in"", ""dimension"": ""product"", ""startYear"": null, ""disablePast"": null, ""disableType"": null, ""filter_type"": ""cascaded"", ""display_type"": ""dropdown"", ""disableFuture"": null, ""attribute_name"": ""l1_name"", ""disablePastWeeks"": null, ""disableFutureWeeks"": null, ""check_configuration"": [{""checkedRows"": [""WOMENS""]}]}]}",false,"{}","",true
428,Carters_70dJ,73,true,2026-01-22 19:03:25.625 +0530,2026-01-22 19:03:37.449 +0530,251,251,"{""saved_filter_preference"":[{""values"": [""CANADA O O ECOM""], ""operator"": ""in"", ""dimension"": ""product"", ""startYear"": null, ""disablePast"": null, ""disableType"": null, ""filter_type"": ""cascaded"", ""display_type"": ""dropdown"", ""disableFuture"": null, ""attribute_name"": ""l0_name"", ""disablePastWeeks"": null, ""disableFutureWeeks"": null, ""check_configuration"": [{""checkedRows"": [""CANADA O O ECOM""]}]}, {""values"": [""WOMENS""], ""operator"": ""in"", ""dimension"": ""product"", ""startYear"": null, ""disablePast"": null, ""disableType"": null, ""filter_type"": ""cascaded"", ""display_type"": ""dropdown"", ""disableFuture"": null, ""attribute_name"": ""l1_name"", ""disablePastWeeks"": null, ""disableFutureWeeks"": null, ""check_configuration"": [{""checkedRows"": [""WOMENS""]}]}]}",false,"{}","",true
429,Carters_YQ71,180,true,2026-01-22 19:21:04.475 +0530,2026-01-22 19:21:16.285 +0530,251,251,"{""saved_filter_preference"":[{""values"": [""CANADA O O ECOM""], ""operator"": ""in"", ""dimension"": ""product"", ""startYear"": null, ""disablePast"": null, ""disableType"": null, ""filter_type"": ""cascaded"", ""display_type"": ""dropdown"", ""disableFuture"": null, ""attribute_name"": ""l0_name"", ""disablePastWeeks"": null, ""disableFutureWeeks"": null, ""check_configuration"": [{""checkedRows"": [""CANADA O O ECOM""]}]}, {""values"": [""WOMENS""], ""operator"": ""in"", ""dimension"": ""product"", ""startYear"": null, ""disablePast"": null, ""disableType"": null, ""filter_type"": ""cascaded"", ""display_type"": ""dropdown"", ""disableFuture"": null, ""attribute_name"": ""l1_name"", ""disablePastWeeks"": null, ""disableFutureWeeks"": null, ""check_configuration"": [{""checkedRows"": [""WOMENS""]}]}]}",false,"{}","",true
430,Carters_BPDd,49,true,2026-01-22 19:31:35.457 +0530,2026-01-22 19:31:47.803 +0530,251,251,"{""saved_filter_preference"":[{""values"": [""CANADA O O ECOM""], ""operator"": ""in"", ""dimension"": ""product"", ""startYear"": null, ""disablePast"": null, ""disableType"": null, ""filter_type"": ""cascaded"", ""display_type"": ""dropdown"", ""disableFuture"": null, ""attribute_name"": ""l0_name"", ""disablePastWeeks"": null, ""disableFutureWeeks"": null, ""check_configuration"": null}, {""values"": [""WOMENS""], ""operator"": ""in"", ""dimension"": ""product"", ""startYear"": null, ""disablePast"": null, ""disableType"": null, ""filter_type"": ""cascaded"", ""display_type"": ""dropdown"", ""disableFuture"": null, ""attribute_name"": ""l1_name"", ""disablePastWeeks"": null, ""disableFutureWeeks"": null, ""check_configuration"": [{""checkedRows"": [""WOMENS""]}]}]}",false,"{}","",true
431,Carters_RCS7,181,true,2026-01-22 19:40:12.379 +0530,2026-01-22 19:40:24.428 +0530,251,251,"{""saved_filter_preference"":[{""values"": [""CANADA O O ECOM""], ""operator"": ""in"", ""dimension"": ""product"", ""startYear"": null, ""disablePast"": null, ""disableType"": null, ""filter_type"": ""cascaded"", ""display_type"": ""dropdown"", ""disableFuture"": null, ""attribute_name"": ""l0_name"", ""disablePastWeeks"": null, ""disableFutureWeeks"": null, ""check_configuration"": null}, {""values"": [""WOMENS""], ""operator"": ""in"", ""dimension"": ""product"", ""startYear"": null, ""disablePast"": null, ""disableType"": null, ""filter_type"": ""cascaded"", ""display_type"": ""dropdown"", ""disableFuture"": null, ""attribute_name"": ""l1_name"", ""disablePastWeeks"": null, ""disableFutureWeeks"": null, ""check_configuration"": [{""checkedRows"": [""WOMENS""]}]}]}",false,"{}","",true
432,Carters_ctOj,71,true,2026-01-22 20:14:36.124 +0530,2026-01-22 20:14:48.318 +0530,251,251,"{""saved_filter_preference"":[{""values"": [""CANADA O O ECOM""], ""operator"": ""in"", ""dimension"": ""product"", ""startYear"": null, ""disablePast"": null, ""disableType"": null, ""filter_type"": ""cascaded"", ""display_type"": ""dropdown"", ""disableFuture"": null, ""attribute_name"": ""l0_name"", ""disablePastWeeks"": null, ""disableFutureWeeks"": null, ""check_configuration"": [{""checkedRows"": [""CANADA O O ECOM""]}]}]}",false,"{}","",true
433,Carters_yJ3y,63,true,2026-01-22 20:24:35.197 +0530,2026-01-22 20:24:47.071 +0530,251,251,"{""saved_filter_preference"":[{""values"": [""2025-07-01"", ""2025-07-15""], ""operator"": ""in"", ""dimension"": ""custom"", ""startYear"": null, ""disablePast"": null, ""disableType"": ""disableOnlyFuture"", ""filter_type"": ""non-cascaded"", ""display_type"": ""rangePicker"", ""disableFuture"": null, ""attribute_name"": ""range-picker"", ""disablePastWeeks"": null, ""disableFutureWeeks"": null, ""check_configuration"": []}, {""values"": [""CANADA O O OUTLET""], ""operator"": ""in"", ""dimension"": ""product"", ""startYear"": null, ""disablePast"": null, ""disableType"": null, ""filter_type"": ""cascaded"", ""display_type"": ""dropdown"", ""disableFuture"": null, ""attribute_name"": ""l0_name"", ""disablePastWeeks"": null, ""disableFutureWeeks"": null, ""check_configuration"": [{""checkedRows"": [""CANADA O O OUTLET""]}]}]}",false,"{}","",true
434,Carters_LfYS,316,false,2026-01-26 18:13:18.028 +0530,2026-01-26 18:13:29.662 +0530,251,251,"{""saved_filter_preference"":[{""values"": [""CANADA O O ECOM""], ""operator"": ""in"", ""dimension"": ""product"", ""startYear"": null, ""disablePast"": null, ""disableType"": null, ""filter_type"": ""cascaded"", ""display_type"": ""dropdown"", ""disableFuture"": null, ""attribute_name"": ""l0_name"", ""disablePastWeeks"": null, ""disableFutureWeeks"": null, ""check_configuration"": null}, {""values"": [""WOMENS""], ""operator"": ""in"", ""dimension"": ""product"", ""startYear"": null, ""disablePast"": null, ""disableType"": null, ""filter_type"": ""cascaded"", ""display_type"": ""dropdown"", ""disableFuture"": null, ""attribute_name"": ""l1_name"", ""disablePastWeeks"": null, ""disableFutureWeeks"": null, ""check_configuration"": [{""checkedRows"": [""WOMENS""]}]}]}",false,"{}","",true
435,Carters_JFqR,325,true,2026-01-26 18:33:19.189 +0530,2026-01-26 18:33:32.062 +0530,251,251,"{""saved_filter_preference"":[{""values"": [""CANADA O O ECOM""], ""operator"": ""in"", ""dimension"": ""product"", ""startYear"": null, ""disablePast"": null, ""disableType"": null, ""filter_type"": ""cascaded"", ""display_type"": ""dropdown"", ""disableFuture"": null, ""attribute_name"": ""l0_name"", ""disablePastWeeks"": null, ""disableFutureWeeks"": null, ""check_configuration"": null}, {""values"": [""WOMENS""], ""operator"": ""in"", ""dimension"": ""product"", ""startYear"": null, ""disablePast"": null, ""disableType"": null, ""filter_type"": ""cascaded"", ""display_type"": ""dropdown"", ""disableFuture"": null, ""attribute_name"": ""l1_name"", ""disablePastWeeks"": null, ""disableFutureWeeks"": null, ""check_configuration"": [{""checkedRows"": [""WOMENS""]}]}]}",false,"{}","",true
436,Carters_MeRR,73,true,2026-01-26 19:01:28.888 +0530,2026-01-26 19:01:41.059 +0530,251,251,"{""saved_filter_preference"":[{""values"": [""CANADA O O ECOM""], ""operator"": ""in"", ""dimension"": ""product"", ""startYear"": null, ""disablePast"": null, ""disableType"": null, ""filter_type"": ""cascaded"", ""display_type"": ""dropdown"", ""disableFuture"": null, ""attribute_name"": ""l0_name"", ""disablePastWeeks"": null, ""disableFutureWeeks"": null, ""check_configuration"": [{""checkedRows"": [""CANADA O O ECOM""]}]}, {""values"": [""WOMENS""], ""operator"": ""in"", ""dimension"": ""product"", ""startYear"": null, ""disablePast"": null, ""disableType"": null, ""filter_type"": ""cascaded"", ""display_type"": ""dropdown"", ""disableFuture"": null, ""attribute_name"": ""l1_name"", ""disablePastWeeks"": null, ""disableFutureWeeks"": null, ""check_configuration"": [{""checkedRows"": [""WOMENS""]}]}]}",false,"{}","",true
437,Carters_EYUn,180,true,2026-01-26 19:18:31.140 +0530,2026-01-26 19:18:43.244 +0530,251,251,"{""saved_filter_preference"":[{""values"": [""CANADA O O ECOM""], ""operator"": ""in"", ""dimension"": ""product"", ""startYear"": null, ""disablePast"": null, ""disableType"": null, ""filter_type"": ""cascaded"", ""display_type"": ""dropdown"", ""disableFuture"": null, ""attribute_name"": ""l0_name"", ""disablePastWeeks"": null, ""disableFutureWeeks"": null, ""check_configuration"": [{""checkedRows"": [""CANADA O O ECOM""]}]}, {""values"": [""WOMENS""], ""operator"": ""in"", ""dimension"": ""product"", ""startYear"": null, ""disablePast"": null, ""disableType"": null, ""filter_type"": ""cascaded"", ""display_type"": ""dropdown"", ""disableFuture"": null, ""attribute_name"": ""l1_name"", ""disablePastWeeks"": null, ""disableFutureWeeks"": null, ""check_configuration"": [{""checkedRows"": [""WOMENS""]}]}]}",false,"{}","",true
438,Carters_bABN,49,true,2026-01-26 19:28:54.406 +0530,2026-01-26 19:29:06.930 +0530,251,251,"{""saved_filter_preference"":[{""values"": [""CANADA O O ECOM""], ""operator"": ""in"", ""dimension"": ""product"", ""startYear"": null, ""disablePast"": null, ""disableType"": null, ""filter_type"": ""cascaded"", ""display_type"": ""dropdown"", ""disableFuture"": null, ""attribute_name"": ""l0_name"", ""disablePastWeeks"": null, ""disableFutureWeeks"": null, ""check_configuration"": null}, {""values"": [""WOMENS""], ""operator"": ""in"", ""dimension"": ""product"", ""startYear"": null, ""disablePast"": null, ""disableType"": null, ""filter_type"": ""cascaded"", ""display_type"": ""dropdown"", ""disableFuture"": null, ""attribute_name"": ""l1_name"", ""disablePastWeeks"": null, ""disableFutureWeeks"": null, ""check_configuration"": [{""checkedRows"": [""WOMENS""]}]}]}",false,"{}","",true
439,Carters_WnIE,181,true,2026-01-26 19:38:03.074 +0530,2026-01-26 19:38:15.412 +0530,251,251,"{""saved_filter_preference"":[{""values"": [""CANADA O O ECOM""], ""operator"": ""in"", ""dimension"": ""product"", ""startYear"": null, ""disablePast"": null, ""disableType"": null, ""filter_type"": ""cascaded"", ""display_type"": ""dropdown"", ""disableFuture"": null, ""attribute_name"": ""l0_name"", ""disablePastWeeks"": null, ""disableFutureWeeks"": null, ""check_configuration"": null}, {""values"": [""WOMENS""], ""operator"": ""in"", ""dimension"": ""product"", ""startYear"": null, ""disablePast"": null, ""disableType"": null, ""filter_type"": ""cascaded"", ""display_type"": ""dropdown"", ""disableFuture"": null, ""attribute_name"": ""l1_name"", ""disablePastWeeks"": null, ""disableFutureWeeks"": null, ""check_configuration"": [{""checkedRows"": [""WOMENS""]}]}]}",false,"{}","",true
440,Carters_0353,71,true,2026-01-26 20:09:19.054 +0530,2026-01-26 20:09:30.807 +0530,251,251,"{""saved_filter_preference"":[{""values"": [""CANADA O O ECOM""], ""operator"": ""in"", ""dimension"": ""product"", ""startYear"": null, ""disablePast"": null, ""disableType"": null, ""filter_type"": ""cascaded"", ""display_type"": ""dropdown"", ""disableFuture"": null, ""attribute_name"": ""l0_name"", ""disablePastWeeks"": null, ""disableFutureWeeks"": null, ""check_configuration"": [{""checkedRows"": [""CANADA O O ECOM""]}]}]}",false,"{}","",true
441,Carters_ag1F,63,true,2026-01-26 20:21:23.927 +0530,2026-01-26 20:21:35.631 +0530,251,251,"{""saved_filter_preference"":[{""values"": [""2025-07-01"", ""2025-07-15""], ""operator"": ""in"", ""dimension"": ""custom"", ""startYear"": null, ""disablePast"": null, ""disableType"": ""disableOnlyFuture"", ""filter_type"": ""non-cascaded"", ""display_type"": ""rangePicker"", ""disableFuture"": null, ""attribute_name"": ""range-picker"", ""disablePastWeeks"": null, ""disableFutureWeeks"": null, ""check_configuration"": []}, {""values"": [""CANADA O O OUTLET""], ""operator"": ""in"", ""dimension"": ""product"", ""startYear"": null, ""disablePast"": null, ""disableType"": null, ""filter_type"": ""cascaded"", ""display_type"": ""dropdown"", ""disableFuture"": null, ""attribute_name"": ""l0_name"", ""disablePastWeeks"": null, ""disableFutureWeeks"": null, ""check_configuration"": [{""checkedRows"": [""CANADA O O OUTLET""]}]}]}",false,"{}","",true
442,Carters_n5RD,316,false,2026-01-27 18:14:52.183 +0530,2026-01-27 18:15:04.424 +0530,251,251,"{""saved_filter_preference"":[{""values"": [""CANADA O O ECOM""], ""operator"": ""in"", ""dimension"": ""product"", ""startYear"": null, ""disablePast"": null, ""disableType"": null, ""filter_type"": ""cascaded"", ""display_type"": ""dropdown"", ""disableFuture"": null, ""attribute_name"": ""l0_name"", ""disablePastWeeks"": null, ""disableFutureWeeks"": null, ""check_configuration"": null}, {""values"": [""WOMENS""], ""operator"": ""in"", ""dimension"": ""product"", ""startYear"": null, ""disablePast"": null, ""disableType"": null, ""filter_type"": ""cascaded"", ""display_type"": ""dropdown"", ""disableFuture"": null, ""attribute_name"": ""l1_name"", ""disablePastWeeks"": null, ""disableFutureWeeks"": null, ""check_configuration"": [{""checkedRows"": [""WOMENS""]}]}]}",false,"{}","",true
443,Carters_jsEv,325,true,2026-01-27 18:35:02.820 +0530,2026-01-27 18:35:15.452 +0530,251,251,"{""saved_filter_preference"":[{""values"": [""CANADA O O ECOM""], ""operator"": ""in"", ""dimension"": ""product"", ""startYear"": null, ""disablePast"": null, ""disableType"": null, ""filter_type"": ""cascaded"", ""display_type"": ""dropdown"", ""disableFuture"": null, ""attribute_name"": ""l0_name"", ""disablePastWeeks"": null, ""disableFutureWeeks"": null, ""check_configuration"": null}, {""values"": [""WOMENS""], ""operator"": ""in"", ""dimension"": ""product"", ""startYear"": null, ""disablePast"": null, ""disableType"": null, ""filter_type"": ""cascaded"", ""display_type"": ""dropdown"", ""disableFuture"": null, ""attribute_name"": ""l1_name"", ""disablePastWeeks"": null, ""disableFutureWeeks"": null, ""check_configuration"": [{""checkedRows"": [""WOMENS""]}]}]}",false,"{}","",true
444,Carters_Oc3V,73,true,2026-01-27 19:02:45.965 +0530,2026-01-27 19:02:57.935 +0530,251,251,"{""saved_filter_preference"":[{""values"": [""CANADA O O ECOM""], ""operator"": ""in"", ""dimension"": ""product"", ""startYear"": null, ""disablePast"": null, ""disableType"": null, ""filter_type"": ""cascaded"", ""display_type"": ""dropdown"", ""disableFuture"": null, ""attribute_name"": ""l0_name"", ""disablePastWeeks"": null, ""disableFutureWeeks"": null, ""check_configuration"": [{""checkedRows"": [""CANADA O O ECOM""]}]}, {""values"": [""WOMENS""], ""operator"": ""in"", ""dimension"": ""product"", ""startYear"": null, ""disablePast"": null, ""disableType"": null, ""filter_type"": ""cascaded"", ""display_type"": ""dropdown"", ""disableFuture"": null, ""attribute_name"": ""l1_name"", ""disablePastWeeks"": null, ""disableFutureWeeks"": null, ""check_configuration"": [{""checkedRows"": [""WOMENS""]}]}]}",false,"{}","",true
445,Carters_6Kc5,180,true,2026-01-27 19:21:14.314 +0530,2026-01-27 19:21:26.471 +0530,251,251,"{""saved_filter_preference"":[{""values"": [""CANADA O O ECOM""], ""operator"": ""in"", ""dimension"": ""product"", ""startYear"": null, ""disablePast"": null, ""disableType"": null, ""filter_type"": ""cascaded"", ""display_type"": ""dropdown"", ""disableFuture"": null, ""attribute_name"": ""l0_name"", ""disablePastWeeks"": null, ""disableFutureWeeks"": null, ""check_configuration"": [{""checkedRows"": [""CANADA O O ECOM""]}]}, {""values"": [""WOMENS""], ""operator"": ""in"", ""dimension"": ""product"", ""startYear"": null, ""disablePast"": null, ""disableType"": null, ""filter_type"": ""cascaded"", ""display_type"": ""dropdown"", ""disableFuture"": null, ""attribute_name"": ""l1_name"", ""disablePastWeeks"": null, ""disableFutureWeeks"": null, ""check_configuration"": [{""checkedRows"": [""WOMENS""]}]}]}",false,"{}","",true
446,Carters_PpbU,49,true,2026-01-27 19:32:06.109 +0530,2026-01-27 19:32:18.315 +0530,251,251,"{""saved_filter_preference"":[{""values"": [""CANADA O O ECOM""], ""operator"": ""in"", ""dimension"": ""product"", ""startYear"": null, ""disablePast"": null, ""disableType"": null, ""filter_type"": ""cascaded"", ""display_type"": ""dropdown"", ""disableFuture"": null, ""attribute_name"": ""l0_name"", ""disablePastWeeks"": null, ""disableFutureWeeks"": null, ""check_configuration"": null}, {""values"": [""WOMENS""], ""operator"": ""in"", ""dimension"": ""product"", ""startYear"": null, ""disablePast"": null, ""disableType"": null, ""filter_type"": ""cascaded"", ""display_type"": ""dropdown"", ""disableFuture"": null, ""attribute_name"": ""l1_name"", ""disablePastWeeks"": null, ""disableFutureWeeks"": null, ""check_configuration"": [{""checkedRows"": [""WOMENS""]}]}]}",false,"{}","",true
447,Carters_zEPF,181,true,2026-01-27 19:40:39.705 +0530,2026-01-27 19:40:51.627 +0530,251,251,"{""saved_filter_preference"":[{""values"": [""CANADA O O ECOM""], ""operator"": ""in"", ""dimension"": ""product"", ""startYear"": null, ""disablePast"": null, ""disableType"": null, ""filter_type"": ""cascaded"", ""display_type"": ""dropdown"", ""disableFuture"": null, ""attribute_name"": ""l0_name"", ""disablePastWeeks"": null, ""disableFutureWeeks"": null, ""check_configuration"": null}, {""values"": [""WOMENS""], ""operator"": ""in"", ""dimension"": ""product"", ""startYear"": null, ""disablePast"": null, ""disableType"": null, ""filter_type"": ""cascaded"", ""display_type"": ""dropdown"", ""disableFuture"": null, ""attribute_name"": ""l1_name"", ""disablePastWeeks"": null, ""disableFutureWeeks"": null, ""check_configuration"": [{""checkedRows"": [""WOMENS""]}]}]}",false,"{}","",true
448,Carters_6OlT,71,true,2026-01-27 20:15:15.084 +0530,2026-01-27 20:15:27.559 +0530,251,251,"{""saved_filter_preference"":[{""values"": [""CANADA O O ECOM""], ""operator"": ""in"", ""dimension"": ""product"", ""startYear"": null, ""disablePast"": null, ""disableType"": null, ""filter_type"": ""cascaded"", ""display_type"": ""dropdown"", ""disableFuture"": null, ""attribute_name"": ""l0_name"", ""disablePastWeeks"": null, ""disableFutureWeeks"": null, ""check_configuration"": [{""checkedRows"": [""CANADA O O ECOM""]}]}]}",false,"{}","",true
449,Carters_zZIu,63,true,2026-01-27 20:24:41.078 +0530,2026-01-27 20:24:52.481 +0530,251,251,"{""saved_filter_preference"":[{""values"": [""2025-07-01"", ""2025-07-15""], ""operator"": ""in"", ""dimension"": ""custom"", ""startYear"": null, ""disablePast"": null, ""disableType"": ""disableOnlyFuture"", ""filter_type"": ""non-cascaded"", ""display_type"": ""rangePicker"", ""disableFuture"": null, ""attribute_name"": ""range-picker"", ""disablePastWeeks"": null, ""disableFutureWeeks"": null, ""check_configuration"": []}, {""values"": [""CANADA O O OUTLET""], ""operator"": ""in"", ""dimension"": ""product"", ""startYear"": null, ""disablePast"": null, ""disableType"": null, ""filter_type"": ""cascaded"", ""display_type"": ""dropdown"", ""disableFuture"": null, ""attribute_name"": ""l0_name"", ""disablePastWeeks"": null, ""disableFutureWeeks"": null, ""check_configuration"": [{""checkedRows"": [""CANADA O O OUTLET""]}]}]}",false,"{}","",true
450,Carters_ZlYb,316,false,2026-01-28 18:14:02.597 +0530,2026-01-28 18:14:14.644 +0530,251,251,"{""saved_filter_preference"":[{""values"": [""CANADA O O ECOM""], ""operator"": ""in"", ""dimension"": ""product"", ""startYear"": null, ""disablePast"": null, ""disableType"": null, ""filter_type"": ""cascaded"", ""display_type"": ""dropdown"", ""disableFuture"": null, ""attribute_name"": ""l0_name"", ""disablePastWeeks"": null, ""disableFutureWeeks"": null, ""check_configuration"": null}, {""values"": [""WOMENS""], ""operator"": ""in"", ""dimension"": ""product"", ""startYear"": null, ""disablePast"": null, ""disableType"": null, ""filter_type"": ""cascaded"", ""display_type"": ""dropdown"", ""disableFuture"": null, ""attribute_name"": ""l1_name"", ""disablePastWeeks"": null, ""disableFutureWeeks"": null, ""check_configuration"": [{""checkedRows"": [""WOMENS""]}]}]}",false,"{}","",true
451,Carters_i9Og,325,true,2026-01-28 18:33:56.683 +0530,2026-01-28 18:34:08.471 +0530,251,251,"{""saved_filter_preference"":[{""values"": [""CANADA O O ECOM""], ""operator"": ""in"", ""dimension"": ""product"", ""startYear"": null, ""disablePast"": null, ""disableType"": null, ""filter_type"": ""cascaded"", ""display_type"": ""dropdown"", ""disableFuture"": null, ""attribute_name"": ""l0_name"", ""disablePastWeeks"": null, ""disableFutureWeeks"": null, ""check_configuration"": null}, {""values"": [""WOMENS""], ""operator"": ""in"", ""dimension"": ""product"", ""startYear"": null, ""disablePast"": null, ""disableType"": null, ""filter_type"": ""cascaded"", ""display_type"": ""dropdown"", ""disableFuture"": null, ""attribute_name"": ""l1_name"", ""disablePastWeeks"": null, ""disableFutureWeeks"": null, ""check_configuration"": [{""checkedRows"": [""WOMENS""]}]}]}",false,"{}","",true
452,Carters_z4iL,73,true,2026-01-28 19:03:44.246 +0530,2026-01-28 19:03:58.395 +0530,251,251,"{""saved_filter_preference"":[{""values"": [""CANADA O O ECOM""], ""operator"": ""in"", ""dimension"": ""product"", ""startYear"": null, ""disablePast"": null, ""disableType"": null, ""filter_type"": ""cascaded"", ""display_type"": ""dropdown"", ""disableFuture"": null, ""attribute_name"": ""l0_name"", ""disablePastWeeks"": null, ""disableFutureWeeks"": null, ""check_configuration"": [{""checkedRows"": [""CANADA O O ECOM""]}]}, {""values"": [""WOMENS""], ""operator"": ""in"", ""dimension"": ""product"", ""startYear"": null, ""disablePast"": null, ""disableType"": null, ""filter_type"": ""cascaded"", ""display_type"": ""dropdown"", ""disableFuture"": null, ""attribute_name"": ""l1_name"", ""disablePastWeeks"": null, ""disableFutureWeeks"": null, ""check_configuration"": [{""checkedRows"": [""WOMENS""]}]}]}",false,"{}","",true
453,Carters_gnG9,180,true,2026-01-28 19:21:37.199 +0530,2026-01-28 19:21:49.415 +0530,251,251,"{""saved_filter_preference"":[{""values"": [""CANADA O O ECOM""], ""operator"": ""in"", ""dimension"": ""product"", ""startYear"": null, ""disablePast"": null, ""disableType"": null, ""filter_type"": ""cascaded"", ""display_type"": ""dropdown"", ""disableFuture"": null, ""attribute_name"": ""l0_name"", ""disablePastWeeks"": null, ""disableFutureWeeks"": null, ""check_configuration"": [{""checkedRows"": [""CANADA O O ECOM""]}]}, {""values"": [""WOMENS""], ""operator"": ""in"", ""dimension"": ""product"", ""startYear"": null, ""disablePast"": null, ""disableType"": null, ""filter_type"": ""cascaded"", ""display_type"": ""dropdown"", ""disableFuture"": null, ""attribute_name"": ""l1_name"", ""disablePastWeeks"": null, ""disableFutureWeeks"": null, ""check_configuration"": [{""checkedRows"": [""WOMENS""]}]}]}",false,"{}","",true
454,Carters_7TP2,49,true,2026-01-28 19:32:05.090 +0530,2026-01-28 19:32:16.973 +0530,251,251,"{""saved_filter_preference"":[{""values"": [""CANADA O O ECOM""], ""operator"": ""in"", ""dimension"": ""product"", ""startYear"": null, ""disablePast"": null, ""disableType"": null, ""filter_type"": ""cascaded"", ""display_type"": ""dropdown"", ""disableFuture"": null, ""attribute_name"": ""l0_name"", ""disablePastWeeks"": null, ""disableFutureWeeks"": null, ""check_configuration"": null}, {""values"": [""WOMENS""], ""operator"": ""in"", ""dimension"": ""product"", ""startYear"": null, ""disablePast"": null, ""disableType"": null, ""filter_type"": ""cascaded"", ""display_type"": ""dropdown"", ""disableFuture"": null, ""attribute_name"": ""l1_name"", ""disablePastWeeks"": null, ""disableFutureWeeks"": null, ""check_configuration"": [{""checkedRows"": [""WOMENS""]}]}]}",false,"{}","",true
455,Carters_NOLx,181,true,2026-01-28 19:40:21.336 +0530,2026-01-28 19:40:33.251 +0530,251,251,"{""saved_filter_preference"":[{""values"": [""CANADA O O ECOM""], ""operator"": ""in"", ""dimension"": ""product"", ""startYear"": null, ""disablePast"": null, ""disableType"": null, ""filter_type"": ""cascaded"", ""display_type"": ""dropdown"", ""disableFuture"": null, ""attribute_name"": ""l0_name"", ""disablePastWeeks"": null, ""disableFutureWeeks"": null, ""check_configuration"": null}, {""values"": [""WOMENS""], ""operator"": ""in"", ""dimension"": ""product"", ""startYear"": null, ""disablePast"": null, ""disableType"": null, ""filter_type"": ""cascaded"", ""display_type"": ""dropdown"", ""disableFuture"": null, ""attribute_name"": ""l1_name"", ""disablePastWeeks"": null, ""disableFutureWeeks"": null, ""check_configuration"": [{""checkedRows"": [""WOMENS""]}]}]}",false,"{}","",true
456,Carters_ZmP4,71,true,2026-01-28 20:15:07.103 +0530,2026-01-28 20:15:18.847 +0530,251,251,"{""saved_filter_preference"":[{""values"": [""CANADA O O ECOM""], ""operator"": ""in"", ""dimension"": ""product"", ""startYear"": null, ""disablePast"": null, ""disableType"": null, ""filter_type"": ""cascaded"", ""display_type"": ""dropdown"", ""disableFuture"": null, ""attribute_name"": ""l0_name"", ""disablePastWeeks"": null, ""disableFutureWeeks"": null, ""check_configuration"": [{""checkedRows"": [""CANADA O O ECOM""]}]}]}",false,"{}","",true
457,Carters_VQ3R,63,true,2026-01-28 20:28:14.033 +0530,2026-01-28 20:28:26.139 +0530,251,251,"{""saved_filter_preference"":[{""values"": [""2025-07-01"", ""2025-07-15""], ""operator"": ""in"", ""dimension"": ""custom"", ""startYear"": null, ""disablePast"": null, ""disableType"": ""disableOnlyFuture"", ""filter_type"": ""non-cascaded"", ""display_type"": ""rangePicker"", ""disableFuture"": null, ""attribute_name"": ""range-picker"", ""disablePastWeeks"": null, ""disableFutureWeeks"": null, ""check_configuration"": []}, {""values"": [""CANADA O O OUTLET""], ""operator"": ""in"", ""dimension"": ""product"", ""startYear"": null, ""disablePast"": null, ""disableType"": null, ""filter_type"": ""cascaded"", ""display_type"": ""dropdown"", ""disableFuture"": null, ""attribute_name"": ""l0_name"", ""disablePastWeeks"": null, ""disableFutureWeeks"": null, ""check_configuration"": [{""checkedRows"": [""CANADA O O OUTLET""]}]}]}",false,"{}","",true
458,Carters_8gZf,316,false,2026-01-29 18:12:55.230 +0530,2026-01-29 18:13:07.710 +0530,251,251,"{""saved_filter_preference"":[{""values"": [""CANADA O O ECOM""], ""operator"": ""in"", ""dimension"": ""product"", ""startYear"": null, ""disablePast"": null, ""disableType"": null, ""filter_type"": ""cascaded"", ""display_type"": ""dropdown"", ""disableFuture"": null, ""attribute_name"": ""l0_name"", ""disablePastWeeks"": null, ""disableFutureWeeks"": null, ""check_configuration"": null}, {""values"": [""WOMENS""], ""operator"": ""in"", ""dimension"": ""product"", ""startYear"": null, ""disablePast"": null, ""disableType"": null, ""filter_type"": ""cascaded"", ""display_type"": ""dropdown"", ""disableFuture"": null, ""attribute_name"": ""l1_name"", ""disablePastWeeks"": null, ""disableFutureWeeks"": null, ""check_configuration"": [{""checkedRows"": [""WOMENS""]}]}]}",false,"{}","",true
459,Carters_j4ql,325,true,2026-01-29 18:32:40.028 +0530,2026-01-29 18:32:52.978 +0530,251,251,"{""saved_filter_preference"":[{""values"": [""CANADA O O ECOM""], ""operator"": ""in"", ""dimension"": ""product"", ""startYear"": null, ""disablePast"": null, ""disableType"": null, ""filter_type"": ""cascaded"", ""display_type"": ""dropdown"", ""disableFuture"": null, ""attribute_name"": ""l0_name"", ""disablePastWeeks"": null, ""disableFutureWeeks"": null, ""check_configuration"": null}, {""values"": [""WOMENS""], ""operator"": ""in"", ""dimension"": ""product"", ""startYear"": null, ""disablePast"": null, ""disableType"": null, ""filter_type"": ""cascaded"", ""display_type"": ""dropdown"", ""disableFuture"": null, ""attribute_name"": ""l1_name"", ""disablePastWeeks"": null, ""disableFutureWeeks"": null, ""check_configuration"": [{""checkedRows"": [""WOMENS""]}]}]}",false,"{}","",true
460,Carters_AZym,73,true,2026-01-29 19:00:18.362 +0530,2026-01-29 19:00:30.679 +0530,251,251,"{""saved_filter_preference"":[{""values"": [""CANADA O O ECOM""], ""operator"": ""in"", ""dimension"": ""product"", ""startYear"": null, ""disablePast"": null, ""disableType"": null, ""filter_type"": ""cascaded"", ""display_type"": ""dropdown"", ""disableFuture"": null, ""attribute_name"": ""l0_name"", ""disablePastWeeks"": null, ""disableFutureWeeks"": null, ""check_configuration"": [{""checkedRows"": [""CANADA O O ECOM""]}]}, {""values"": [""WOMENS""], ""operator"": ""in"", ""dimension"": ""product"", ""startYear"": null, ""disablePast"": null, ""disableType"": null, ""filter_type"": ""cascaded"", ""display_type"": ""dropdown"", ""disableFuture"": null, ""attribute_name"": ""l1_name"", ""disablePastWeeks"": null, ""disableFutureWeeks"": null, ""check_configuration"": [{""checkedRows"": [""WOMENS""]}]}]}",false,"{}","",true
461,Carters_KsKA,180,true,2026-01-29 19:19:39.377 +0530,2026-01-29 19:19:51.230 +0530,251,251,"{""saved_filter_preference"":[{""values"": [""CANADA O O ECOM""], ""operator"": ""in"", ""dimension"": ""product"", ""startYear"": null, ""disablePast"": null, ""disableType"": null, ""filter_type"": ""cascaded"", ""display_type"": ""dropdown"", ""disableFuture"": null, ""attribute_name"": ""l0_name"", ""disablePastWeeks"": null, ""disableFutureWeeks"": null, ""check_configuration"": [{""checkedRows"": [""CANADA O O ECOM""]}]}, {""values"": [""WOMENS""], ""operator"": ""in"", ""dimension"": ""product"", ""startYear"": null, ""disablePast"": null, ""disableType"": null, ""filter_type"": ""cascaded"", ""display_type"": ""dropdown"", ""disableFuture"": null, ""attribute_name"": ""l1_name"", ""disablePastWeeks"": null, ""disableFutureWeeks"": null, ""check_configuration"": [{""checkedRows"": [""WOMENS""]}]}]}",false,"{}","",true
462,Carters_YI2r,49,true,2026-01-29 19:30:15.829 +0530,2026-01-29 19:30:28.131 +0530,251,251,"{""saved_filter_preference"":[{""values"": [""CANADA O O ECOM""], ""operator"": ""in"", ""dimension"": ""product"", ""startYear"": null, ""disablePast"": null, ""disableType"": null, ""filter_type"": ""cascaded"", ""display_type"": ""dropdown"", ""disableFuture"": null, ""attribute_name"": ""l0_name"", ""disablePastWeeks"": null, ""disableFutureWeeks"": null, ""check_configuration"": null}, {""values"": [""WOMENS""], ""operator"": ""in"", ""dimension"": ""product"", ""startYear"": null, ""disablePast"": null, ""disableType"": null, ""filter_type"": ""cascaded"", ""display_type"": ""dropdown"", ""disableFuture"": null, ""attribute_name"": ""l1_name"", ""disablePastWeeks"": null, ""disableFutureWeeks"": null, ""check_configuration"": [{""checkedRows"": [""WOMENS""]}]}]}",false,"{}","",true
463,Carters_WxIq,181,true,2026-01-29 19:38:36.506 +0530,2026-01-29 19:38:48.552 +0530,251,251,"{""saved_filter_preference"":[{""values"": [""CANADA O O ECOM""], ""operator"": ""in"", ""dimension"": ""product"", ""startYear"": null, ""disablePast"": null, ""disableType"": null, ""filter_type"": ""cascaded"", ""display_type"": ""dropdown"", ""disableFuture"": null, ""attribute_name"": ""l0_name"", ""disablePastWeeks"": null, ""disableFutureWeeks"": null, ""check_configuration"": null}, {""values"": [""WOMENS""], ""operator"": ""in"", ""dimension"": ""product"", ""startYear"": null, ""disablePast"": null, ""disableType"": null, ""filter_type"": ""cascaded"", ""display_type"": ""dropdown"", ""disableFuture"": null, ""attribute_name"": ""l1_name"", ""disablePastWeeks"": null, ""disableFutureWeeks"": null, ""check_configuration"": [{""checkedRows"": [""WOMENS""]}]}]}",false,"{}","",true
464,Carters_hCYz,71,true,2026-01-29 20:14:11.958 +0530,2026-01-29 20:14:24.144 +0530,251,251,"{""saved_filter_preference"":[{""values"": [""CANADA O O ECOM""], ""operator"": ""in"", ""dimension"": ""product"", ""startYear"": null, ""disablePast"": null, ""disableType"": null, ""filter_type"": ""cascaded"", ""display_type"": ""dropdown"", ""disableFuture"": null, ""attribute_name"": ""l0_name"", ""disablePastWeeks"": null, ""disableFutureWeeks"": null, ""check_configuration"": [{""checkedRows"": [""CANADA O O ECOM""]}]}]}",false,"{}","",true
465,Carters_7A31,63,true,2026-01-29 20:24:01.870 +0530,2026-01-29 20:24:13.910 +0530,251,251,"{""saved_filter_preference"":[{""values"": [""2025-07-01"", ""2025-07-15""], ""operator"": ""in"", ""dimension"": ""custom"", ""startYear"": null, ""disablePast"": null, ""disableType"": ""disableOnlyFuture"", ""filter_type"": ""non-cascaded"", ""display_type"": ""rangePicker"", ""disableFuture"": null, ""attribute_name"": ""range-picker"", ""disablePastWeeks"": null, ""disableFutureWeeks"": null, ""check_configuration"": []}, {""values"": [""CANADA O O OUTLET""], ""operator"": ""in"", ""dimension"": ""product"", ""startYear"": null, ""disablePast"": null, ""disableType"": null, ""filter_type"": ""cascaded"", ""display_type"": ""dropdown"", ""disableFuture"": null, ""attribute_name"": ""l0_name"", ""disablePastWeeks"": null, ""disableFutureWeeks"": null, ""check_configuration"": [{""checkedRows"": [""CANADA O O OUTLET""]}]}]}",false,"{}","",true
466,default_filter,51,false,2026-02-02 16:55:55.271 +0530,2026-02-02 16:55:55.271 +0530,251,251,"{""saved_filter_preference"":[{""values"": [""CANADA O O ECOM""], ""operator"": ""in"", ""dimension"": ""product"", ""startYear"": null, ""disablePast"": null, ""disableType"": null, ""filter_type"": ""cascaded"", ""display_type"": ""dropdown"", ""disableFuture"": null, ""attribute_name"": ""l0_name"", ""disablePastWeeks"": null, ""disableFutureWeeks"": null, ""check_configuration"": [{""checkedRows"": [""CANADA O O ECOM""]}]}, {""values"": [""BOYS"", ""GIRLS"", ""MENS"", ""WOMENS""], ""operator"": ""in"", ""dimension"": ""product"", ""startYear"": null, ""disablePast"": null, ""disableType"": null, ""filter_type"": ""cascaded"", ""display_type"": ""dropdown"", ""disableFuture"": null, ""attribute_name"": ""l1_name"", ""disablePastWeeks"": null, ""disableFutureWeeks"": null, ""check_configuration"": [{""meta"": {}, ""checkAll"": true}]}]}",false,"{}","",false
467,Carters_RtrG,325,true,2026-02-02 18:37:08.043 +0530,2026-02-02 18:37:20.181 +0530,251,251,"{""saved_filter_preference"":[{""values"": [""CANADA O O ECOM""], ""operator"": ""in"", ""dimension"": ""product"", ""startYear"": null, ""disablePast"": null, ""disableType"": null, ""filter_type"": ""cascaded"", ""display_type"": ""dropdown"", ""disableFuture"": null, ""attribute_name"": ""l0_name"", ""disablePastWeeks"": null, ""disableFutureWeeks"": null, ""check_configuration"": null}, {""values"": [""WOMENS""], ""operator"": ""in"", ""dimension"": ""product"", ""startYear"": null, ""disablePast"": null, ""disableType"": null, ""filter_type"": ""cascaded"", ""display_type"": ""dropdown"", ""disableFuture"": null, ""attribute_name"": ""l1_name"", ""disablePastWeeks"": null, ""disableFutureWeeks"": null, ""check_configuration"": [{""checkedRows"": [""WOMENS""]}]}]}",false,"{}","",true
468,Carters_tqcw,73,true,2026-02-02 19:13:47.537 +0530,2026-02-02 19:14:03.038 +0530,251,251,"{""saved_filter_preference"":[{""values"": [""CANADA O O ECOM""], ""operator"": ""in"", ""dimension"": ""product"", ""startYear"": null, ""disablePast"": null, ""disableType"": null, ""filter_type"": ""cascaded"", ""display_type"": ""dropdown"", ""disableFuture"": null, ""attribute_name"": ""l0_name"", ""disablePastWeeks"": null, ""disableFutureWeeks"": null, ""check_configuration"": [{""checkedRows"": [""CANADA O O ECOM""]}]}, {""values"": [""WOMENS""], ""operator"": ""in"", ""dimension"": ""product"", ""startYear"": null, ""disablePast"": null, ""disableType"": null, ""filter_type"": ""cascaded"", ""display_type"": ""dropdown"", ""disableFuture"": null, ""attribute_name"": ""l1_name"", ""disablePastWeeks"": null, ""disableFutureWeeks"": null, ""check_configuration"": [{""checkedRows"": [""WOMENS""]}]}]}",false,"{}","",true
469,Carters_t5ig,180,true,2026-02-02 19:32:17.632 +0530,2026-02-02 19:32:30.000 +0530,251,251,"{""saved_filter_preference"":[{""values"": [""CANADA O O ECOM""], ""operator"": ""in"", ""dimension"": ""product"", ""startYear"": null, ""disablePast"": null, ""disableType"": null, ""filter_type"": ""cascaded"", ""display_type"": ""dropdown"", ""disableFuture"": null, ""attribute_name"": ""l0_name"", ""disablePastWeeks"": null, ""disableFutureWeeks"": null, ""check_configuration"": [{""checkedRows"": [""CANADA O O ECOM""]}]}, {""values"": [""WOMENS""], ""operator"": ""in"", ""dimension"": ""product"", ""startYear"": null, ""disablePast"": null, ""disableType"": null, ""filter_type"": ""cascaded"", ""display_type"": ""dropdown"", ""disableFuture"": null, ""attribute_name"": ""l1_name"", ""disablePastWeeks"": null, ""disableFutureWeeks"": null, ""check_configuration"": [{""checkedRows"": [""WOMENS""]}]}]}",false,"{}","",true
470,Carters_M6Ge,49,true,2026-02-02 19:45:01.303 +0530,2026-02-02 19:45:12.994 +0530,251,251,"{""saved_filter_preference"":[{""values"": [""CANADA O O ECOM""], ""operator"": ""in"", ""dimension"": ""product"", ""startYear"": null, ""disablePast"": null, ""disableType"": null, ""filter_type"": ""cascaded"", ""display_type"": ""dropdown"", ""disableFuture"": null, ""attribute_name"": ""l0_name"", ""disablePastWeeks"": null, ""disableFutureWeeks"": null, ""check_configuration"": null}, {""values"": [""WOMENS""], ""operator"": ""in"", ""dimension"": ""product"", ""startYear"": null, ""disablePast"": null, ""disableType"": null, ""filter_type"": ""cascaded"", ""display_type"": ""dropdown"", ""disableFuture"": null, ""attribute_name"": ""l1_name"", ""disablePastWeeks"": null, ""disableFutureWeeks"": null, ""check_configuration"": [{""checkedRows"": [""WOMENS""]}]}]}",false,"{}","",true
471,Carters_HqnL,181,true,2026-02-02 19:54:13.586 +0530,2026-02-02 19:54:26.667 +0530,251,251,"{""saved_filter_preference"":[{""values"": [""CANADA O O ECOM""], ""operator"": ""in"", ""dimension"": ""product"", ""startYear"": null, ""disablePast"": null, ""disableType"": null, ""filter_type"": ""cascaded"", ""display_type"": ""dropdown"", ""disableFuture"": null, ""attribute_name"": ""l0_name"", ""disablePastWeeks"": null, ""disableFutureWeeks"": null, ""check_configuration"": null}, {""values"": [""WOMENS""], ""operator"": ""in"", ""dimension"": ""product"", ""startYear"": null, ""disablePast"": null, ""disableType"": null, ""filter_type"": ""cascaded"", ""display_type"": ""dropdown"", ""disableFuture"": null, ""attribute_name"": ""l1_name"", ""disablePastWeeks"": null, ""disableFutureWeeks"": null, ""check_configuration"": [{""checkedRows"": [""WOMENS""]}]}]}",false,"{}","",true
472,Carters_A3Wo,316,false,2026-02-02 20:16:51.622 +0530,2026-02-02 20:17:04.322 +0530,251,251,"{""saved_filter_preference"":[{""values"": [""CANADA O O ECOM""], ""operator"": ""in"", ""dimension"": ""product"", ""startYear"": null, ""disablePast"": null, ""disableType"": null, ""filter_type"": ""cascaded"", ""display_type"": ""dropdown"", ""disableFuture"": null, ""attribute_name"": ""l0_name"", ""disablePastWeeks"": null, ""disableFutureWeeks"": null, ""check_configuration"": null}, {""values"": [""WOMENS""], ""operator"": ""in"", ""dimension"": ""product"", ""startYear"": null, ""disablePast"": null, ""disableType"": null, ""filter_type"": ""cascaded"", ""display_type"": ""dropdown"", ""disableFuture"": null, ""attribute_name"": ""l1_name"", ""disablePastWeeks"": null, ""disableFutureWeeks"": null, ""check_configuration"": [{""checkedRows"": [""WOMENS""]}]}]}",false,"{}","",true
473,Carters_Cy9d,71,true,2026-02-02 20:32:56.148 +0530,2026-02-02 20:33:08.941 +0530,251,251,"{""saved_filter_preference"":[{""values"": [""CANADA O O ECOM""], ""operator"": ""in"", ""dimension"": ""product"", ""startYear"": null, ""disablePast"": null, ""disableType"": null, ""filter_type"": ""cascaded"", ""display_type"": ""dropdown"", ""disableFuture"": null, ""attribute_name"": ""l0_name"", ""disablePastWeeks"": null, ""disableFutureWeeks"": null, ""check_configuration"": [{""checkedRows"": [""CANADA O O ECOM""]}]}]}",false,"{}","",true
474,Carters_ZHxt,63,true,2026-02-02 20:45:42.206 +0530,2026-02-02 20:45:54.908 +0530,251,251,"{""saved_filter_preference"":[{""values"": [""2025-07-01"", ""2025-07-15""], ""operator"": ""in"", ""dimension"": ""custom"", ""startYear"": null, ""disablePast"": null, ""disableType"": ""disableOnlyFuture"", ""filter_type"": ""non-cascaded"", ""display_type"": ""rangePicker"", ""disableFuture"": null, ""attribute_name"": ""range-picker"", ""disablePastWeeks"": null, ""disableFutureWeeks"": null, ""check_configuration"": []}, {""values"": [""CANADA O O OUTLET""], ""operator"": ""in"", ""dimension"": ""product"", ""startYear"": null, ""disablePast"": null, ""disableType"": null, ""filter_type"": ""cascaded"", ""display_type"": ""dropdown"", ""disableFuture"": null, ""attribute_name"": ""l0_name"", ""disablePastWeeks"": null, ""disableFutureWeeks"": null, ""check_configuration"": [{""checkedRows"": [""CANADA O O OUTLET""]}]}]}",false,"{}","",true
475,Carters_5FSs,325,true,2026-02-02 20:59:12.114 +0530,2026-02-02 20:59:24.442 +0530,251,251,"{""saved_filter_preference"":[{""values"": [""CANADA O O ECOM""], ""operator"": ""in"", ""dimension"": ""product"", ""startYear"": null, ""disablePast"": null, ""disableType"": null, ""filter_type"": ""cascaded"", ""display_type"": ""dropdown"", ""disableFuture"": null, ""attribute_name"": ""l0_name"", ""disablePastWeeks"": null, ""disableFutureWeeks"": null, ""check_configuration"": null}, {""values"": [""WOMENS""], ""operator"": ""in"", ""dimension"": ""product"", ""startYear"": null, ""disablePast"": null, ""disableType"": null, ""filter_type"": ""cascaded"", ""display_type"": ""dropdown"", ""disableFuture"": null, ""attribute_name"": ""l1_name"", ""disablePastWeeks"": null, ""disableFutureWeeks"": null, ""check_configuration"": [{""checkedRows"": [""WOMENS""]}]}]}",false,"{}","",true
476,Carters_BIId,73,true,2026-02-02 21:36:27.042 +0530,2026-02-02 21:36:38.731 +0530,251,251,"{""saved_filter_preference"":[{""values"": [""CANADA O O ECOM""], ""operator"": ""in"", ""dimension"": ""product"", ""startYear"": null, ""disablePast"": null, ""disableType"": null, ""filter_type"": ""cascaded"", ""display_type"": ""dropdown"", ""disableFuture"": null, ""attribute_name"": ""l0_name"", ""disablePastWeeks"": null, ""disableFutureWeeks"": null, ""check_configuration"": [{""checkedRows"": [""CANADA O O ECOM""]}]}, {""values"": [""WOMENS""], ""operator"": ""in"", ""dimension"": ""product"", ""startYear"": null, ""disablePast"": null, ""disableType"": null, ""filter_type"": ""cascaded"", ""display_type"": ""dropdown"", ""disableFuture"": null, ""attribute_name"": ""l1_name"", ""disablePastWeeks"": null, ""disableFutureWeeks"": null, ""check_configuration"": [{""checkedRows"": [""WOMENS""]}]}]}",false,"{}","",true
477,Carters_k69P,180,true,2026-02-02 21:56:01.000 +0530,2026-02-02 21:56:13.160 +0530,251,251,"{""saved_filter_preference"":[{""values"": [""CANADA O O ECOM""], ""operator"": ""in"", ""dimension"": ""product"", ""startYear"": null, ""disablePast"": null, ""disableType"": null, ""filter_type"": ""cascaded"", ""display_type"": ""dropdown"", ""disableFuture"": null, ""attribute_name"": ""l0_name"", ""disablePastWeeks"": null, ""disableFutureWeeks"": null, ""check_configuration"": [{""checkedRows"": [""CANADA O O ECOM""]}]}, {""values"": [""WOMENS""], ""operator"": ""in"", ""dimension"": ""product"", ""startYear"": null, ""disablePast"": null, ""disableType"": null, ""filter_type"": ""cascaded"", ""display_type"": ""dropdown"", ""disableFuture"": null, ""attribute_name"": ""l1_name"", ""disablePastWeeks"": null, ""disableFutureWeeks"": null, ""check_configuration"": [{""checkedRows"": [""WOMENS""]}]}]}",false,"{}","",true
478,Carters_KdlD,49,true,2026-02-02 22:07:59.732 +0530,2026-02-02 22:08:15.006 +0530,251,251,"{""saved_filter_preference"":[{""values"": [""CANADA O O ECOM""], ""operator"": ""in"", ""dimension"": ""product"", ""startYear"": null, ""disablePast"": null, ""disableType"": null, ""filter_type"": ""cascaded"", ""display_type"": ""dropdown"", ""disableFuture"": null, ""attribute_name"": ""l0_name"", ""disablePastWeeks"": null, ""disableFutureWeeks"": null, ""check_configuration"": null}, {""values"": [""WOMENS""], ""operator"": ""in"", ""dimension"": ""product"", ""startYear"": null, ""disablePast"": null, ""disableType"": null, ""filter_type"": ""cascaded"", ""display_type"": ""dropdown"", ""disableFuture"": null, ""attribute_name"": ""l1_name"", ""disablePastWeeks"": null, ""disableFutureWeeks"": null, ""check_configuration"": [{""checkedRows"": [""WOMENS""]}]}]}",false,"{}","",true
479,Carters_xDA6,181,true,2026-02-02 22:17:46.577 +0530,2026-02-02 22:17:59.158 +0530,251,251,"{""saved_filter_preference"":[{""values"": [""CANADA O O ECOM""], ""operator"": ""in"", ""dimension"": ""product"", ""startYear"": null, ""disablePast"": null, ""disableType"": null, ""filter_type"": ""cascaded"", ""display_type"": ""dropdown"", ""disableFuture"": null, ""attribute_name"": ""l0_name"", ""disablePastWeeks"": null, ""disableFutureWeeks"": null, ""check_configuration"": null}, {""values"": [""WOMENS""], ""operator"": ""in"", ""dimension"": ""product"", ""startYear"": null, ""disablePast"": null, ""disableType"": null, ""filter_type"": ""cascaded"", ""display_type"": ""dropdown"", ""disableFuture"": null, ""attribute_name"": ""l1_name"", ""disablePastWeeks"": null, ""disableFutureWeeks"": null, ""check_configuration"": [{""checkedRows"": [""WOMENS""]}]}]}",false,"{}","",true
480,Carters_tlND,71,true,2026-02-02 22:59:40.494 +0530,2026-02-02 22:59:52.615 +0530,251,251,"{""saved_filter_preference"":[{""values"": [""CANADA O O ECOM""], ""operator"": ""in"", ""dimension"": ""product"", ""startYear"": null, ""disablePast"": null, ""disableType"": null, ""filter_type"": ""cascaded"", ""display_type"": ""dropdown"", ""disableFuture"": null, ""attribute_name"": ""l0_name"", ""disablePastWeeks"": null, ""disableFutureWeeks"": null, ""check_configuration"": [{""checkedRows"": [""CANADA O O ECOM""]}]}]}",false,"{}","",true
481,Carters_dPUw,63,true,2026-02-02 23:10:16.800 +0530,2026-02-02 23:10:28.282 +0530,251,251,"{""saved_filter_preference"":[{""values"": [""2025-07-01"", ""2025-07-15""], ""operator"": ""in"", ""dimension"": ""custom"", ""startYear"": null, ""disablePast"": null, ""disableType"": ""disableOnlyFuture"", ""filter_type"": ""non-cascaded"", ""display_type"": ""rangePicker"", ""disableFuture"": null, ""attribute_name"": ""range-picker"", ""disablePastWeeks"": null, ""disableFutureWeeks"": null, ""check_configuration"": []}, {""values"": [""CANADA O O OUTLET""], ""operator"": ""in"", ""dimension"": ""product"", ""startYear"": null, ""disablePast"": null, ""disableType"": null, ""filter_type"": ""cascaded"", ""display_type"": ""dropdown"", ""disableFuture"": null, ""attribute_name"": ""l0_name"", ""disablePastWeeks"": null, ""disableFutureWeeks"": null, ""check_configuration"": [{""checkedRows"": [""CANADA O O OUTLET""]}]}]}",false,"{}","",true
482,default_filter,62,false,2026-02-03 14:56:30.628 +0530,2026-02-03 14:56:30.628 +0530,251,251,"{""saved_filter_preference"":[{""values"": [""2025-02-01"", ""2026-02-03""], ""operator"": ""in"", ""dimension"": ""custom"", ""startYear"": null, ""disablePast"": null, ""disableType"": ""disableOnlyFuture"", ""filter_type"": ""non-cascaded"", ""display_type"": ""rangePicker"", ""disableFuture"": null, ""attribute_name"": ""range-picker"", ""disablePastWeeks"": null, ""disableFutureWeeks"": null, ""check_configuration"": []}, {""values"": [""CANADA O O ECOM""], ""operator"": ""in"", ""dimension"": ""product"", ""startYear"": null, ""disablePast"": null, ""disableType"": null, ""filter_type"": ""cascaded"", ""display_type"": ""dropdown"", ""disableFuture"": null, ""attribute_name"": ""l0_name"", ""disablePastWeeks"": null, ""disableFutureWeeks"": null, ""check_configuration"": [{""checkedRows"": [""CANADA O O ECOM""]}]}]}",false,"{}","",false
483,Carters_dcuw,316,false,2026-02-03 18:14:38.040 +0530,2026-02-03 18:14:49.828 +0530,251,251,"{""saved_filter_preference"":[{""values"": [""CANADA O O ECOM""], ""operator"": ""in"", ""dimension"": ""product"", ""startYear"": null, ""disablePast"": null, ""disableType"": null, ""filter_type"": ""cascaded"", ""display_type"": ""dropdown"", ""disableFuture"": null, ""attribute_name"": ""l0_name"", ""disablePastWeeks"": null, ""disableFutureWeeks"": null, ""check_configuration"": null}, {""values"": [""WOMENS""], ""operator"": ""in"", ""dimension"": ""product"", ""startYear"": null, ""disablePast"": null, ""disableType"": null, ""filter_type"": ""cascaded"", ""display_type"": ""dropdown"", ""disableFuture"": null, ""attribute_name"": ""l1_name"", ""disablePastWeeks"": null, ""disableFutureWeeks"": null, ""check_configuration"": [{""checkedRows"": [""WOMENS""]}]}]}",false,"{}","",true
484,Carters_hoet,325,true,2026-02-03 18:39:12.878 +0530,2026-02-03 18:39:26.274 +0530,251,251,"{""saved_filter_preference"":[{""values"": [""CANADA O O ECOM""], ""operator"": ""in"", ""dimension"": ""product"", ""startYear"": null, ""disablePast"": null, ""disableType"": null, ""filter_type"": ""cascaded"", ""display_type"": ""dropdown"", ""disableFuture"": null, ""attribute_name"": ""l0_name"", ""disablePastWeeks"": null, ""disableFutureWeeks"": null, ""check_configuration"": null}, {""values"": [""WOMENS""], ""operator"": ""in"", ""dimension"": ""product"", ""startYear"": null, ""disablePast"": null, ""disableType"": null, ""filter_type"": ""cascaded"", ""display_type"": ""dropdown"", ""disableFuture"": null, ""attribute_name"": ""l1_name"", ""disablePastWeeks"": null, ""disableFutureWeeks"": null, ""check_configuration"": [{""checkedRows"": [""WOMENS""]}]}]}",false,"{}","",true
485,Carters_U73o,73,true,2026-02-03 19:18:06.041 +0530,2026-02-03 19:18:18.118 +0530,251,251,"{""saved_filter_preference"":[{""values"": [""CANADA O O ECOM""], ""operator"": ""in"", ""dimension"": ""product"", ""startYear"": null, ""disablePast"": null, ""disableType"": null, ""filter_type"": ""cascaded"", ""display_type"": ""dropdown"", ""disableFuture"": null, ""attribute_name"": ""l0_name"", ""disablePastWeeks"": null, ""disableFutureWeeks"": null, ""check_configuration"": [{""checkedRows"": [""CANADA O O ECOM""]}]}, {""values"": [""WOMENS""], ""operator"": ""in"", ""dimension"": ""product"", ""startYear"": null, ""disablePast"": null, ""disableType"": null, ""filter_type"": ""cascaded"", ""display_type"": ""dropdown"", ""disableFuture"": null, ""attribute_name"": ""l1_name"", ""disablePastWeeks"": null, ""disableFutureWeeks"": null, ""check_configuration"": [{""checkedRows"": [""WOMENS""]}]}]}",false,"{}","",true
486,Carters_HvpM,180,false,2026-02-03 19:36:47.884 +0530,2026-02-22 18:04:04.397 +0530,251,251,"{""saved_filter_preference"":[{""values"": [""CANADA O O ECOM""], ""operator"": ""in"", ""dimension"": ""product"", ""startYear"": null, ""disablePast"": null, ""disableType"": null, ""filter_type"": ""cascaded"", ""display_type"": ""dropdown"", ""disableFuture"": null, ""attribute_name"": ""l0_name"", ""disablePastWeeks"": null, ""disableFutureWeeks"": null, ""check_configuration"": [{""checkedRows"": [""CANADA O O ECOM""]}]}, {""values"": [""WOMENS""], ""operator"": ""in"", ""dimension"": ""product"", ""startYear"": null, ""disablePast"": null, ""disableType"": null, ""filter_type"": ""cascaded"", ""display_type"": ""dropdown"", ""disableFuture"": null, ""attribute_name"": ""l1_name"", ""disablePastWeeks"": null, ""disableFutureWeeks"": null, ""check_configuration"": [{""checkedRows"": [""WOMENS""]}]}]}",false,"{}","",true
487,Carters_jQJT,49,true,2026-02-03 19:49:02.866 +0530,2026-02-03 19:49:15.355 +0530,251,251,"{""saved_filter_preference"":[{""values"": [""CANADA O O ECOM""], ""operator"": ""in"", ""dimension"": ""product"", ""startYear"": null, ""disablePast"": null, ""disableType"": null, ""filter_type"": ""cascaded"", ""display_type"": ""dropdown"", ""disableFuture"": null, ""attribute_name"": ""l0_name"", ""disablePastWeeks"": null, ""disableFutureWeeks"": null, ""check_configuration"": null}, {""values"": [""WOMENS""], ""operator"": ""in"", ""dimension"": ""product"", ""startYear"": null, ""disablePast"": null, ""disableType"": null, ""filter_type"": ""cascaded"", ""display_type"": ""dropdown"", ""disableFuture"": null, ""attribute_name"": ""l1_name"", ""disablePastWeeks"": null, ""disableFutureWeeks"": null, ""check_configuration"": [{""checkedRows"": [""WOMENS""]}]}]}",false,"{}","",true
488,Carters_xb92,181,true,2026-02-03 19:58:39.052 +0530,2026-02-03 19:58:51.663 +0530,251,251,"{""saved_filter_preference"":[{""values"": [""CANADA O O ECOM""], ""operator"": ""in"", ""dimension"": ""product"", ""startYear"": null, ""disablePast"": null, ""disableType"": null, ""filter_type"": ""cascaded"", ""display_type"": ""dropdown"", ""disableFuture"": null, ""attribute_name"": ""l0_name"", ""disablePastWeeks"": null, ""disableFutureWeeks"": null, ""check_configuration"": null}, {""values"": [""WOMENS""], ""operator"": ""in"", ""dimension"": ""product"", ""startYear"": null, ""disablePast"": null, ""disableType"": null, ""filter_type"": ""cascaded"", ""display_type"": ""dropdown"", ""disableFuture"": null, ""attribute_name"": ""l1_name"", ""disablePastWeeks"": null, ""disableFutureWeeks"": null, ""check_configuration"": [{""checkedRows"": [""WOMENS""]}]}]}",false,"{}","",true
489,Carters_TFPc,71,true,2026-02-03 20:39:21.236 +0530,2026-02-03 20:39:33.788 +0530,251,251,"{""saved_filter_preference"":[{""values"": [""CANADA O O ECOM""], ""operator"": ""in"", ""dimension"": ""product"", ""startYear"": null, ""disablePast"": null, ""disableType"": null, ""filter_type"": ""cascaded"", ""display_type"": ""dropdown"", ""disableFuture"": null, ""attribute_name"": ""l0_name"", ""disablePastWeeks"": null, ""disableFutureWeeks"": null, ""check_configuration"": [{""checkedRows"": [""CANADA O O ECOM""]}]}]}",false,"{}","",true
490,Carters_byKx,63,true,2026-02-03 20:47:56.570 +0530,2026-02-03 20:48:07.862 +0530,251,251,"{""saved_filter_preference"":[{""values"": [""2025-07-01"", ""2025-07-15""], ""operator"": ""in"", ""dimension"": ""custom"", ""startYear"": null, ""disablePast"": null, ""disableType"": ""disableOnlyFuture"", ""filter_type"": ""non-cascaded"", ""display_type"": ""rangePicker"", ""disableFuture"": null, ""attribute_name"": ""range-picker"", ""disablePastWeeks"": null, ""disableFutureWeeks"": null, ""check_configuration"": []}, {""values"": [""CANADA O O OUTLET""], ""operator"": ""in"", ""dimension"": ""product"", ""startYear"": null, ""disablePast"": null, ""disableType"": null, ""filter_type"": ""cascaded"", ""display_type"": ""dropdown"", ""disableFuture"": null, ""attribute_name"": ""l0_name"", ""disablePastWeeks"": null, ""disableFutureWeeks"": null, ""check_configuration"": [{""checkedRows"": [""CANADA O O OUTLET""]}]}]}",false,"{}","",true
491,test3,80,false,2026-02-04 15:45:35.030 +0530,2026-02-04 15:45:35.030 +0530,251,251,"{""saved_filter_preference"":[{""values"": ""2026-01-30"", ""operator"": ""in"", ""dimension"": ""custom"", ""startYear"": null, ""disablePast"": null, ""disableType"": null, ""filter_type"": ""non-cascaded"", ""display_type"": ""DateTimeField"", ""disableFuture"": true, ""attribute_name"": ""daily-allocation-date"", ""disablePastWeeks"": null, ""disableFutureWeeks"": null, ""check_configuration"": []}, {""values"": [""CANADA O O ECOM""], ""operator"": ""in"", ""dimension"": ""product"", ""startYear"": null, ""disablePast"": null, ""disableType"": null, ""filter_type"": ""cascaded"", ""display_type"": ""dropdown"", ""disableFuture"": null, ""attribute_name"": ""l0_name"", ""disablePastWeeks"": null, ""disableFutureWeeks"": null, ""check_configuration"": [{""checkedRows"": [""CANADA O O ECOM""]}]}, {""values"": [""BOYS"", ""GIRLS"", ""MENS"", ""WOMENS""], ""operator"": ""in"", ""dimension"": ""product"", ""startYear"": null, ""disablePast"": null, ""disableType"": null, ""filter_type"": ""cascaded"", ""display_type"": ""dropdown"", ""disableFuture"": null, ""attribute_name"": ""l1_name"", ""disablePastWeeks"": null, ""disableFutureWeeks"": null, ""check_configuration"": [{""meta"": {}, ""checkAll"": true}]}]}",false,"{}","",false
492,Carters_UE32,316,false,2026-02-04 18:14:38.696 +0530,2026-02-04 18:14:50.904 +0530,251,251,"{""saved_filter_preference"":[{""values"": [""CANADA O O ECOM""], ""operator"": ""in"", ""dimension"": ""product"", ""startYear"": null, ""disablePast"": null, ""disableType"": null, ""filter_type"": ""cascaded"", ""display_type"": ""dropdown"", ""disableFuture"": null, ""attribute_name"": ""l0_name"", ""disablePastWeeks"": null, ""disableFutureWeeks"": null, ""check_configuration"": null}, {""values"": [""WOMENS""], ""operator"": ""in"", ""dimension"": ""product"", ""startYear"": null, ""disablePast"": null, ""disableType"": null, ""filter_type"": ""cascaded"", ""display_type"": ""dropdown"", ""disableFuture"": null, ""attribute_name"": ""l1_name"", ""disablePastWeeks"": null, ""disableFutureWeeks"": null, ""check_configuration"": [{""checkedRows"": [""WOMENS""]}]}]}",false,"{}","",true
493,Carters_tNXE,325,true,2026-02-04 18:38:02.512 +0530,2026-02-04 18:38:14.590 +0530,251,251,"{""saved_filter_preference"":[{""values"": [""CANADA O O ECOM""], ""operator"": ""in"", ""dimension"": ""product"", ""startYear"": null, ""disablePast"": null, ""disableType"": null, ""filter_type"": ""cascaded"", ""display_type"": ""dropdown"", ""disableFuture"": null, ""attribute_name"": ""l0_name"", ""disablePastWeeks"": null, ""disableFutureWeeks"": null, ""check_configuration"": null}, {""values"": [""WOMENS""], ""operator"": ""in"", ""dimension"": ""product"", ""startYear"": null, ""disablePast"": null, ""disableType"": null, ""filter_type"": ""cascaded"", ""display_type"": ""dropdown"", ""disableFuture"": null, ""attribute_name"": ""l1_name"", ""disablePastWeeks"": null, ""disableFutureWeeks"": null, ""check_configuration"": [{""checkedRows"": [""WOMENS""]}]}]}",false,"{}","",true
494,Carters_i67f,73,true,2026-02-04 19:18:04.331 +0530,2026-02-04 19:18:17.271 +0530,251,251,"{""saved_filter_preference"":[{""values"": [""CANADA O O ECOM""], ""operator"": ""in"", ""dimension"": ""product"", ""startYear"": null, ""disablePast"": null, ""disableType"": null, ""filter_type"": ""cascaded"", ""display_type"": ""dropdown"", ""disableFuture"": null, ""attribute_name"": ""l0_name"", ""disablePastWeeks"": null, ""disableFutureWeeks"": null, ""check_configuration"": [{""checkedRows"": [""CANADA O O ECOM""]}]}, {""values"": [""WOMENS""], ""operator"": ""in"", ""dimension"": ""product"", ""startYear"": null, ""disablePast"": null, ""disableType"": null, ""filter_type"": ""cascaded"", ""display_type"": ""dropdown"", ""disableFuture"": null, ""attribute_name"": ""l1_name"", ""disablePastWeeks"": null, ""disableFutureWeeks"": null, ""check_configuration"": [{""checkedRows"": [""WOMENS""]}]}]}",false,"{}","",true
495,Carters_eJ78,180,true,2026-02-04 19:37:46.850 +0530,2026-02-04 19:37:59.631 +0530,251,251,"{""saved_filter_preference"":[{""values"": [""CANADA O O ECOM""], ""operator"": ""in"", ""dimension"": ""product"", ""startYear"": null, ""disablePast"": null, ""disableType"": null, ""filter_type"": ""cascaded"", ""display_type"": ""dropdown"", ""disableFuture"": null, ""attribute_name"": ""l0_name"", ""disablePastWeeks"": null, ""disableFutureWeeks"": null, ""check_configuration"": [{""checkedRows"": [""CANADA O O ECOM""]}]}, {""values"": [""WOMENS""], ""operator"": ""in"", ""dimension"": ""product"", ""startYear"": null, ""disablePast"": null, ""disableType"": null, ""filter_type"": ""cascaded"", ""display_type"": ""dropdown"", ""disableFuture"": null, ""attribute_name"": ""l1_name"", ""disablePastWeeks"": null, ""disableFutureWeeks"": null, ""check_configuration"": [{""checkedRows"": [""WOMENS""]}]}]}",false,"{}","",true
496,Carters_kfdC,49,true,2026-02-04 19:49:35.862 +0530,2026-02-04 19:49:48.764 +0530,251,251,"{""saved_filter_preference"":[{""values"": [""CANADA O O ECOM""], ""operator"": ""in"", ""dimension"": ""product"", ""startYear"": null, ""disablePast"": null, ""disableType"": null, ""filter_type"": ""cascaded"", ""display_type"": ""dropdown"", ""disableFuture"": null, ""attribute_name"": ""l0_name"", ""disablePastWeeks"": null, ""disableFutureWeeks"": null, ""check_configuration"": null}, {""values"": [""WOMENS""], ""operator"": ""in"", ""dimension"": ""product"", ""startYear"": null, ""disablePast"": null, ""disableType"": null, ""filter_type"": ""cascaded"", ""display_type"": ""dropdown"", ""disableFuture"": null, ""attribute_name"": ""l1_name"", ""disablePastWeeks"": null, ""disableFutureWeeks"": null, ""check_configuration"": [{""checkedRows"": [""WOMENS""]}]}]}",false,"{}","",true
497,Carters_adSC,181,true,2026-02-04 19:59:46.012 +0530,2026-02-04 20:00:33.807 +0530,251,251,"{""saved_filter_preference"":[{""values"": [""CANADA O O ECOM""], ""operator"": ""in"", ""dimension"": ""product"", ""startYear"": null, ""disablePast"": null, ""disableType"": null, ""filter_type"": ""cascaded"", ""display_type"": ""dropdown"", ""disableFuture"": null, ""attribute_name"": ""l0_name"", ""disablePastWeeks"": null, ""disableFutureWeeks"": null, ""check_configuration"": null}, {""values"": [""WOMENS""], ""operator"": ""in"", ""dimension"": ""product"", ""startYear"": null, ""disablePast"": null, ""disableType"": null, ""filter_type"": ""cascaded"", ""display_type"": ""dropdown"", ""disableFuture"": null, ""attribute_name"": ""l1_name"", ""disablePastWeeks"": null, ""disableFutureWeeks"": null, ""check_configuration"": [{""checkedRows"": [""WOMENS""]}]}]}",false,"{}","",true
498,Carters_o9aN,316,false,2026-02-04 20:14:37.078 +0530,2026-02-04 20:14:49.457 +0530,251,251,"{""saved_filter_preference"":[{""values"": [""CANADA O O ECOM""], ""operator"": ""in"", ""dimension"": ""product"", ""startYear"": null, ""disablePast"": null, ""disableType"": null, ""filter_type"": ""cascaded"", ""display_type"": ""dropdown"", ""disableFuture"": null, ""attribute_name"": ""l0_name"", ""disablePastWeeks"": null, ""disableFutureWeeks"": null, ""check_configuration"": null}, {""values"": [""WOMENS""], ""operator"": ""in"", ""dimension"": ""product"", ""startYear"": null, ""disablePast"": null, ""disableType"": null, ""filter_type"": ""cascaded"", ""display_type"": ""dropdown"", ""disableFuture"": null, ""attribute_name"": ""l1_name"", ""disablePastWeeks"": null, ""disableFutureWeeks"": null, ""check_configuration"": [{""checkedRows"": [""WOMENS""]}]}]}",false,"{}","",true
499,Carters_FfuH,325,true,2026-02-04 20:40:10.265 +0530,2026-02-04 20:40:22.995 +0530,251,251,"{""saved_filter_preference"":[{""values"": [""CANADA O O ECOM""], ""operator"": ""in"", ""dimension"": ""product"", ""startYear"": null, ""disablePast"": null, ""disableType"": null, ""filter_type"": ""cascaded"", ""display_type"": ""dropdown"", ""disableFuture"": null, ""attribute_name"": ""l0_name"", ""disablePastWeeks"": null, ""disableFutureWeeks"": null, ""check_configuration"": null}, {""values"": [""WOMENS""], ""operator"": ""in"", ""dimension"": ""product"", ""startYear"": null, ""disablePast"": null, ""disableType"": null, ""filter_type"": ""cascaded"", ""display_type"": ""dropdown"", ""disableFuture"": null, ""attribute_name"": ""l1_name"", ""disablePastWeeks"": null, ""disableFutureWeeks"": null, ""check_configuration"": [{""checkedRows"": [""WOMENS""]}]}]}",false,"{}","",true
500,Carters_BTvP,71,true,2026-02-04 20:41:45.816 +0530,2026-02-04 20:41:58.377 +0530,251,251,"{""saved_filter_preference"":[{""values"": [""CANADA O O ECOM""], ""operator"": ""in"", ""dimension"": ""product"", ""startYear"": null, ""disablePast"": null, ""disableType"": null, ""filter_type"": ""cascaded"", ""display_type"": ""dropdown"", ""disableFuture"": null, ""attribute_name"": ""l0_name"", ""disablePastWeeks"": null, ""disableFutureWeeks"": null, ""check_configuration"": [{""checkedRows"": [""CANADA O O ECOM""]}]}]}",false,"{}","",true
501,Carters_FhqJ,63,true,2026-02-04 20:55:14.859 +0530,2026-02-04 20:55:27.027 +0530,251,251,"{""saved_filter_preference"":[{""values"": [""2025-07-01"", ""2025-07-15""], ""operator"": ""in"", ""dimension"": ""custom"", ""startYear"": null, ""disablePast"": null, ""disableType"": ""disableOnlyFuture"", ""filter_type"": ""non-cascaded"", ""display_type"": ""rangePicker"", ""disableFuture"": null, ""attribute_name"": ""range-picker"", ""disablePastWeeks"": null, ""disableFutureWeeks"": null, ""check_configuration"": []}, {""values"": [""CANADA O O OUTLET""], ""operator"": ""in"", ""dimension"": ""product"", ""startYear"": null, ""disablePast"": null, ""disableType"": null, ""filter_type"": ""cascaded"", ""display_type"": ""dropdown"", ""disableFuture"": null, ""attribute_name"": ""l0_name"", ""disablePastWeeks"": null, ""disableFutureWeeks"": null, ""check_configuration"": [{""checkedRows"": [""CANADA O O OUTLET""]}]}]}",false,"{}","",true
502,Carters_jsjK,73,true,2026-02-04 21:20:43.888 +0530,2026-02-04 21:20:58.312 +0530,251,251,"{""saved_filter_preference"":[{""values"": [""CANADA O O ECOM""], ""operator"": ""in"", ""dimension"": ""product"", ""startYear"": null, ""disablePast"": null, ""disableType"": null, ""filter_type"": ""cascaded"", ""display_type"": ""dropdown"", ""disableFuture"": null, ""attribute_name"": ""l0_name"", ""disablePastWeeks"": null, ""disableFutureWeeks"": null, ""check_configuration"": [{""checkedRows"": [""CANADA O O ECOM""]}]}, {""values"": [""WOMENS""], ""operator"": ""in"", ""dimension"": ""product"", ""startYear"": null, ""disablePast"": null, ""disableType"": null, ""filter_type"": ""cascaded"", ""display_type"": ""dropdown"", ""disableFuture"": null, ""attribute_name"": ""l1_name"", ""disablePastWeeks"": null, ""disableFutureWeeks"": null, ""check_configuration"": [{""checkedRows"": [""WOMENS""]}]}]}",false,"{}","",true
503,Carters_Tudn,180,true,2026-02-04 21:40:43.412 +0530,2026-02-04 21:40:55.479 +0530,251,251,"{""saved_filter_preference"":[{""values"": [""CANADA O O ECOM""], ""operator"": ""in"", ""dimension"": ""product"", ""startYear"": null, ""disablePast"": null, ""disableType"": null, ""filter_type"": ""cascaded"", ""display_type"": ""dropdown"", ""disableFuture"": null, ""attribute_name"": ""l0_name"", ""disablePastWeeks"": null, ""disableFutureWeeks"": null, ""check_configuration"": [{""checkedRows"": [""CANADA O O ECOM""]}]}, {""values"": [""WOMENS""], ""operator"": ""in"", ""dimension"": ""product"", ""startYear"": null, ""disablePast"": null, ""disableType"": null, ""filter_type"": ""cascaded"", ""display_type"": ""dropdown"", ""disableFuture"": null, ""attribute_name"": ""l1_name"", ""disablePastWeeks"": null, ""disableFutureWeeks"": null, ""check_configuration"": [{""checkedRows"": [""WOMENS""]}]}]}",false,"{}","",true
504,Carters_KxQR,49,true,2026-02-04 21:52:20.258 +0530,2026-02-04 21:52:34.971 +0530,251,251,"{""saved_filter_preference"":[{""values"": [""CANADA O O ECOM""], ""operator"": ""in"", ""dimension"": ""product"", ""startYear"": null, ""disablePast"": null, ""disableType"": null, ""filter_type"": ""cascaded"", ""display_type"": ""dropdown"", ""disableFuture"": null, ""attribute_name"": ""l0_name"", ""disablePastWeeks"": null, ""disableFutureWeeks"": null, ""check_configuration"": null}, {""values"": [""WOMENS""], ""operator"": ""in"", ""dimension"": ""product"", ""startYear"": null, ""disablePast"": null, ""disableType"": null, ""filter_type"": ""cascaded"", ""display_type"": ""dropdown"", ""disableFuture"": null, ""attribute_name"": ""l1_name"", ""disablePastWeeks"": null, ""disableFutureWeeks"": null, ""check_configuration"": [{""checkedRows"": [""WOMENS""]}]}]}",false,"{}","",true
505,Carters_84uE,181,true,2026-02-04 22:02:12.847 +0530,2026-02-04 22:02:26.645 +0530,251,251,"{""saved_filter_preference"":[{""values"": [""CANADA O O ECOM""], ""operator"": ""in"", ""dimension"": ""product"", ""startYear"": null, ""disablePast"": null, ""disableType"": null, ""filter_type"": ""cascaded"", ""display_type"": ""dropdown"", ""disableFuture"": null, ""attribute_name"": ""l0_name"", ""disablePastWeeks"": null, ""disableFutureWeeks"": null, ""check_configuration"": null}, {""values"": [""WOMENS""], ""operator"": ""in"", ""dimension"": ""product"", ""startYear"": null, ""disablePast"": null, ""disableType"": null, ""filter_type"": ""cascaded"", ""display_type"": ""dropdown"", ""disableFuture"": null, ""attribute_name"": ""l1_name"", ""disablePastWeeks"": null, ""disableFutureWeeks"": null, ""check_configuration"": [{""checkedRows"": [""WOMENS""]}]}]}",false,"{}","",true
506,Carters_Qi3u,71,false,2026-02-04 22:39:27.020 +0530,2026-02-04 22:39:27.020 +0530,251,251,"{""saved_filter_preference"":[{""values"": [""CANADA O O ECOM""], ""operator"": ""in"", ""dimension"": ""product"", ""startYear"": null, ""disablePast"": null, ""disableType"": null, ""filter_type"": ""cascaded"", ""display_type"": ""dropdown"", ""disableFuture"": null, ""attribute_name"": ""l0_name"", ""disablePastWeeks"": null, ""disableFutureWeeks"": null, ""check_configuration"": [{""checkedRows"": [""CANADA O O ECOM""]}]}]}",false,"{}","",false
507,Carters_hfGA,63,true,2026-02-04 22:49:00.249 +0530,2026-02-04 22:49:12.194 +0530,251,251,"{""saved_filter_preference"":[{""values"": [""2025-07-01"", ""2025-07-15""], ""operator"": ""in"", ""dimension"": ""custom"", ""startYear"": null, ""disablePast"": null, ""disableType"": ""disableOnlyFuture"", ""filter_type"": ""non-cascaded"", ""display_type"": ""rangePicker"", ""disableFuture"": null, ""attribute_name"": ""range-picker"", ""disablePastWeeks"": null, ""disableFutureWeeks"": null, ""check_configuration"": []}, {""values"": [""CANADA O O OUTLET""], ""operator"": ""in"", ""dimension"": ""product"", ""startYear"": null, ""disablePast"": null, ""disableType"": null, ""filter_type"": ""cascaded"", ""display_type"": ""dropdown"", ""disableFuture"": null, ""attribute_name"": ""l0_name"", ""disablePastWeeks"": null, ""disableFutureWeeks"": null, ""check_configuration"": [{""checkedRows"": [""CANADA O O OUTLET""]}]}]}",false,"{}","",true
508,US Mainline Mens,3,true,2026-02-05 12:21:19.403 +0530,2026-02-05 18:30:03.265 +0530,251,251,"{""saved_filter_preference"":[{""values"": [""US LEVIS O O MAINLINE""], ""operator"": ""in"", ""dimension"": ""product"", ""startYear"": null, ""disablePast"": null, ""disableType"": null, ""filter_type"": ""cascaded"", ""display_type"": ""dropdown"", ""disableFuture"": null, ""attribute_name"": ""l0_name"", ""disablePastWeeks"": null, ""disableFutureWeeks"": null, ""check_configuration"": [{""checkedRows"": [""US LEVIS O O MAINLINE""]}]}, {""values"": [""MENS""], ""operator"": ""in"", ""dimension"": ""product"", ""startYear"": null, ""disablePast"": null, ""disableType"": null, ""filter_type"": ""cascaded"", ""display_type"": ""dropdown"", ""disableFuture"": null, ""attribute_name"": ""l1_name"", ""disablePastWeeks"": null, ""disableFutureWeeks"": null, ""check_configuration"": [{""checkedRows"": [""MENS""]}]}]}",false,"{}","",true
509,Carters_Ppmy,316,false,2026-02-05 13:26:48.378 +0530,2026-02-05 13:27:00.740 +0530,251,251,"{""saved_filter_preference"":[{""values"": [""CANADA O O ECOM""], ""operator"": ""in"", ""dimension"": ""product"", ""startYear"": null, ""disablePast"": null, ""disableType"": null, ""filter_type"": ""cascaded"", ""display_type"": ""dropdown"", ""disableFuture"": null, ""attribute_name"": ""l0_name"", ""disablePastWeeks"": null, ""disableFutureWeeks"": null, ""check_configuration"": null}, {""values"": [""WOMENS""], ""operator"": ""in"", ""dimension"": ""product"", ""startYear"": null, ""disablePast"": null, ""disableType"": null, ""filter_type"": ""cascaded"", ""display_type"": ""dropdown"", ""disableFuture"": null, ""attribute_name"": ""l1_name"", ""disablePastWeeks"": null, ""disableFutureWeeks"": null, ""check_configuration"": [{""checkedRows"": [""WOMENS""]}]}]}",false,"{}","",true
510,Carters_hsgi,325,false,2026-02-05 13:48:38.449 +0530,2026-02-05 13:48:52.056 +0530,251,251,"{""saved_filter_preference"":[{""values"": [""CANADA O O ECOM""], ""operator"": ""in"", ""dimension"": ""product"", ""startYear"": null, ""disablePast"": null, ""disableType"": null, ""filter_type"": ""cascaded"", ""display_type"": ""dropdown"", ""disableFuture"": null, ""attribute_name"": ""l0_name"", ""disablePastWeeks"": null, ""disableFutureWeeks"": null, ""check_configuration"": null}, {""values"": [""WOMENS""], ""operator"": ""in"", ""dimension"": ""product"", ""startYear"": null, ""disablePast"": null, ""disableType"": null, ""filter_type"": ""cascaded"", ""display_type"": ""dropdown"", ""disableFuture"": null, ""attribute_name"": ""l1_name"", ""disablePastWeeks"": null, ""disableFutureWeeks"": null, ""check_configuration"": [{""checkedRows"": [""WOMENS""]}]}]}",false,"{}","",true
511,Carters_BV0D,73,false,2026-02-05 14:20:50.217 +0530,2026-02-05 14:21:02.965 +0530,251,251,"{""saved_filter_preference"":[{""values"": [""CANADA O O ECOM""], ""operator"": ""in"", ""dimension"": ""product"", ""startYear"": null, ""disablePast"": null, ""disableType"": null, ""filter_type"": ""cascaded"", ""display_type"": ""dropdown"", ""disableFuture"": null, ""attribute_name"": ""l0_name"", ""disablePastWeeks"": null, ""disableFutureWeeks"": null, ""check_configuration"": [{""checkedRows"": [""CANADA O O ECOM""]}]}, {""values"": [""WOMENS""], ""operator"": ""in"", ""dimension"": ""product"", ""startYear"": null, ""disablePast"": null, ""disableType"": null, ""filter_type"": ""cascaded"", ""display_type"": ""dropdown"", ""disableFuture"": null, ""attribute_name"": ""l1_name"", ""disablePastWeeks"": null, ""disableFutureWeeks"": null, ""check_configuration"": [{""checkedRows"": [""WOMENS""]}]}]}",false,"{}","",true
512,Carters_cMBg,180,false,2026-02-05 14:38:17.252 +0530,2026-02-05 14:38:29.875 +0530,251,251,"{""saved_filter_preference"":[{""values"": [""CANADA O O ECOM""], ""operator"": ""in"", ""dimension"": ""product"", ""startYear"": null, ""disablePast"": null, ""disableType"": null, ""filter_type"": ""cascaded"", ""display_type"": ""dropdown"", ""disableFuture"": null, ""attribute_name"": ""l0_name"", ""disablePastWeeks"": null, ""disableFutureWeeks"": null, ""check_configuration"": [{""checkedRows"": [""CANADA O O ECOM""]}]}, {""values"": [""WOMENS""], ""operator"": ""in"", ""dimension"": ""product"", ""startYear"": null, ""disablePast"": null, ""disableType"": null, ""filter_type"": ""cascaded"", ""display_type"": ""dropdown"", ""disableFuture"": null, ""attribute_name"": ""l1_name"", ""disablePastWeeks"": null, ""disableFutureWeeks"": null, ""check_configuration"": [{""checkedRows"": [""WOMENS""]}]}]}",false,"{}","",true
513,Carters_Cd0d,49,false,2026-02-05 14:50:32.764 +0530,2026-02-05 14:50:44.853 +0530,251,251,"{""saved_filter_preference"":[{""values"": [""CANADA O O ECOM""], ""operator"": ""in"", ""dimension"": ""product"", ""startYear"": null, ""disablePast"": null, ""disableType"": null, ""filter_type"": ""cascaded"", ""display_type"": ""dropdown"", ""disableFuture"": null, ""attribute_name"": ""l0_name"", ""disablePastWeeks"": null, ""disableFutureWeeks"": null, ""check_configuration"": null}, {""values"": [""WOMENS""], ""operator"": ""in"", ""dimension"": ""product"", ""startYear"": null, ""disablePast"": null, ""disableType"": null, ""filter_type"": ""cascaded"", ""display_type"": ""dropdown"", ""disableFuture"": null, ""attribute_name"": ""l1_name"", ""disablePastWeeks"": null, ""disableFutureWeeks"": null, ""check_configuration"": [{""checkedRows"": [""WOMENS""]}]}]}",false,"{}","",true
514,Carters_oYT8,181,false,2026-02-05 14:58:41.381 +0530,2026-02-05 14:58:53.243 +0530,251,251,"{""saved_filter_preference"":[{""values"": [""CANADA O O ECOM""], ""operator"": ""in"", ""dimension"": ""product"", ""startYear"": null, ""disablePast"": null, ""disableType"": null, ""filter_type"": ""cascaded"", ""display_type"": ""dropdown"", ""disableFuture"": null, ""attribute_name"": ""l0_name"", ""disablePastWeeks"": null, ""disableFutureWeeks"": null, ""check_configuration"": null}, {""values"": [""WOMENS""], ""operator"": ""in"", ""dimension"": ""product"", ""startYear"": null, ""disablePast"": null, ""disableType"": null, ""filter_type"": ""cascaded"", ""display_type"": ""dropdown"", ""disableFuture"": null, ""attribute_name"": ""l1_name"", ""disablePastWeeks"": null, ""disableFutureWeeks"": null, ""check_configuration"": [{""checkedRows"": [""WOMENS""]}]}]}",false,"{}","",true
515,Carters_rZgu,71,false,2026-02-05 15:34:48.944 +0530,2026-02-05 15:35:01.024 +0530,251,251,"{""saved_filter_preference"":[{""values"": [""CANADA O O ECOM""], ""operator"": ""in"", ""dimension"": ""product"", ""startYear"": null, ""disablePast"": null, ""disableType"": null, ""filter_type"": ""cascaded"", ""display_type"": ""dropdown"", ""disableFuture"": null, ""attribute_name"": ""l0_name"", ""disablePastWeeks"": null, ""disableFutureWeeks"": null, ""check_configuration"": [{""checkedRows"": [""CANADA O O ECOM""]}]}]}",false,"{}","",true
516,Carters_Bcgb,63,false,2026-02-05 15:43:27.791 +0530,2026-02-05 15:43:39.722 +0530,251,251,"{""saved_filter_preference"":[{""values"": [""2025-07-01"", ""2025-07-15""], ""operator"": ""in"", ""dimension"": ""custom"", ""startYear"": null, ""disablePast"": null, ""disableType"": ""disableOnlyFuture"", ""filter_type"": ""non-cascaded"", ""display_type"": ""rangePicker"", ""disableFuture"": null, ""attribute_name"": ""range-picker"", ""disablePastWeeks"": null, ""disableFutureWeeks"": null, ""check_configuration"": []}, {""values"": [""CANADA O O OUTLET""], ""operator"": ""in"", ""dimension"": ""product"", ""startYear"": null, ""disablePast"": null, ""disableType"": null, ""filter_type"": ""cascaded"", ""display_type"": ""dropdown"", ""disableFuture"": null, ""attribute_name"": ""l0_name"", ""disablePastWeeks"": null, ""disableFutureWeeks"": null, ""check_configuration"": [{""checkedRows"": [""CANADA O O OUTLET""]}]}]}",false,"{}","",true
517,Carters_u5qT,316,false,2026-02-05 18:15:01.117 +0530,2026-02-05 18:15:13.776 +0530,251,251,"{""saved_filter_preference"":[{""values"": [""CANADA O O ECOM""], ""operator"": ""in"", ""dimension"": ""product"", ""startYear"": null, ""disablePast"": null, ""disableType"": null, ""filter_type"": ""cascaded"", ""display_type"": ""dropdown"", ""disableFuture"": null, ""attribute_name"": ""l0_name"", ""disablePastWeeks"": null, ""disableFutureWeeks"": null, ""check_configuration"": null}, {""values"": [""WOMENS""], ""operator"": ""in"", ""dimension"": ""product"", ""startYear"": null, ""disablePast"": null, ""disableType"": null, ""filter_type"": ""cascaded"", ""display_type"": ""dropdown"", ""disableFuture"": null, ""attribute_name"": ""l1_name"", ""disablePastWeeks"": null, ""disableFutureWeeks"": null, ""check_configuration"": [{""checkedRows"": [""WOMENS""]}]}]}",false,"{}","",true
518,Carters_mRyP,325,true,2026-02-05 18:38:23.431 +0530,2026-02-05 18:38:35.687 +0530,251,251,"{""saved_filter_preference"":[{""values"": [""CANADA O O ECOM""], ""operator"": ""in"", ""dimension"": ""product"", ""startYear"": null, ""disablePast"": null, ""disableType"": null, ""filter_type"": ""cascaded"", ""display_type"": ""dropdown"", ""disableFuture"": null, ""attribute_name"": ""l0_name"", ""disablePastWeeks"": null, ""disableFutureWeeks"": null, ""check_configuration"": null}, {""values"": [""WOMENS""], ""operator"": ""in"", ""dimension"": ""product"", ""startYear"": null, ""disablePast"": null, ""disableType"": null, ""filter_type"": ""cascaded"", ""display_type"": ""dropdown"", ""disableFuture"": null, ""attribute_name"": ""l1_name"", ""disablePastWeeks"": null, ""disableFutureWeeks"": null, ""check_configuration"": [{""checkedRows"": [""WOMENS""]}]}]}",false,"{}","",true
519,Carters_YD0n,73,true,2026-02-05 19:15:46.856 +0530,2026-02-05 19:15:59.645 +0530,251,251,"{""saved_filter_preference"":[{""values"": [""CANADA O O ECOM""], ""operator"": ""in"", ""dimension"": ""product"", ""startYear"": null, ""disablePast"": null, ""disableType"": null, ""filter_type"": ""cascaded"", ""display_type"": ""dropdown"", ""disableFuture"": null, ""attribute_name"": ""l0_name"", ""disablePastWeeks"": null, ""disableFutureWeeks"": null, ""check_configuration"": [{""checkedRows"": [""CANADA O O ECOM""]}]}, {""values"": [""WOMENS""], ""operator"": ""in"", ""dimension"": ""product"", ""startYear"": null, ""disablePast"": null, ""disableType"": null, ""filter_type"": ""cascaded"", ""display_type"": ""dropdown"", ""disableFuture"": null, ""attribute_name"": ""l1_name"", ""disablePastWeeks"": null, ""disableFutureWeeks"": null, ""check_configuration"": [{""checkedRows"": [""WOMENS""]}]}]}",false,"{}","",true
520,Carters_xZ5b,180,true,2026-02-05 19:33:51.039 +0530,2026-02-05 19:34:03.122 +0530,251,251,"{""saved_filter_preference"":[{""values"": [""CANADA O O ECOM""], ""operator"": ""in"", ""dimension"": ""product"", ""startYear"": null, ""disablePast"": null, ""disableType"": null, ""filter_type"": ""cascaded"", ""display_type"": ""dropdown"", ""disableFuture"": null, ""attribute_name"": ""l0_name"", ""disablePastWeeks"": null, ""disableFutureWeeks"": null, ""check_configuration"": [{""checkedRows"": [""CANADA O O ECOM""]}]}, {""values"": [""WOMENS""], ""operator"": ""in"", ""dimension"": ""product"", ""startYear"": null, ""disablePast"": null, ""disableType"": null, ""filter_type"": ""cascaded"", ""display_type"": ""dropdown"", ""disableFuture"": null, ""attribute_name"": ""l1_name"", ""disablePastWeeks"": null, ""disableFutureWeeks"": null, ""check_configuration"": [{""checkedRows"": [""WOMENS""]}]}]}",false,"{}","",true
521,Carters_im8W,49,true,2026-02-05 19:45:03.476 +0530,2026-02-05 19:45:15.382 +0530,251,251,"{""saved_filter_preference"":[{""values"": [""CANADA O O ECOM""], ""operator"": ""in"", ""dimension"": ""product"", ""startYear"": null, ""disablePast"": null, ""disableType"": null, ""filter_type"": ""cascaded"", ""display_type"": ""dropdown"", ""disableFuture"": null, ""attribute_name"": ""l0_name"", ""disablePastWeeks"": null, ""disableFutureWeeks"": null, ""check_configuration"": null}, {""values"": [""WOMENS""], ""operator"": ""in"", ""dimension"": ""product"", ""startYear"": null, ""disablePast"": null, ""disableType"": null, ""filter_type"": ""cascaded"", ""display_type"": ""dropdown"", ""disableFuture"": null, ""attribute_name"": ""l1_name"", ""disablePastWeeks"": null, ""disableFutureWeeks"": null, ""check_configuration"": [{""checkedRows"": [""WOMENS""]}]}]}",false,"{}","",true
522,Carters_iASt,181,true,2026-02-05 19:53:04.247 +0530,2026-02-05 19:53:16.055 +0530,251,251,"{""saved_filter_preference"":[{""values"": [""CANADA O O ECOM""], ""operator"": ""in"", ""dimension"": ""product"", ""startYear"": null, ""disablePast"": null, ""disableType"": null, ""filter_type"": ""cascaded"", ""display_type"": ""dropdown"", ""disableFuture"": null, ""attribute_name"": ""l0_name"", ""disablePastWeeks"": null, ""disableFutureWeeks"": null, ""check_configuration"": null}, {""values"": [""WOMENS""], ""operator"": ""in"", ""dimension"": ""product"", ""startYear"": null, ""disablePast"": null, ""disableType"": null, ""filter_type"": ""cascaded"", ""display_type"": ""dropdown"", ""disableFuture"": null, ""attribute_name"": ""l1_name"", ""disablePastWeeks"": null, ""disableFutureWeeks"": null, ""check_configuration"": [{""checkedRows"": [""WOMENS""]}]}]}",false,"{}","",true
523,Carters_HGy1,316,false,2026-02-05 20:14:35.983 +0530,2026-02-05 20:14:48.473 +0530,251,251,"{""saved_filter_preference"":[{""values"": [""CANADA O O ECOM""], ""operator"": ""in"", ""dimension"": ""product"", ""startYear"": null, ""disablePast"": null, ""disableType"": null, ""filter_type"": ""cascaded"", ""display_type"": ""dropdown"", ""disableFuture"": null, ""attribute_name"": ""l0_name"", ""disablePastWeeks"": null, ""disableFutureWeeks"": null, ""check_configuration"": null}, {""values"": [""WOMENS""], ""operator"": ""in"", ""dimension"": ""product"", ""startYear"": null, ""disablePast"": null, ""disableType"": null, ""filter_type"": ""cascaded"", ""display_type"": ""dropdown"", ""disableFuture"": null, ""attribute_name"": ""l1_name"", ""disablePastWeeks"": null, ""disableFutureWeeks"": null, ""check_configuration"": [{""checkedRows"": [""WOMENS""]}]}]}",false,"{}","",true
524,Carters_VGiP,71,true,2026-02-05 20:31:09.067 +0530,2026-02-05 20:31:22.201 +0530,251,251,"{""saved_filter_preference"":[{""values"": [""CANADA O O ECOM""], ""operator"": ""in"", ""dimension"": ""product"", ""startYear"": null, ""disablePast"": null, ""disableType"": null, ""filter_type"": ""cascaded"", ""display_type"": ""dropdown"", ""disableFuture"": null, ""attribute_name"": ""l0_name"", ""disablePastWeeks"": null, ""disableFutureWeeks"": null, ""check_configuration"": [{""checkedRows"": [""CANADA O O ECOM""]}]}]}",false,"{}","",true
525,Carters_NbMM,325,true,2026-02-05 20:38:04.942 +0530,2026-02-05 20:38:17.306 +0530,251,251,"{""saved_filter_preference"":[{""values"": [""CANADA O O ECOM""], ""operator"": ""in"", ""dimension"": ""product"", ""startYear"": null, ""disablePast"": null, ""disableType"": null, ""filter_type"": ""cascaded"", ""display_type"": ""dropdown"", ""disableFuture"": null, ""attribute_name"": ""l0_name"", ""disablePastWeeks"": null, ""disableFutureWeeks"": null, ""check_configuration"": null}, {""values"": [""WOMENS""], ""operator"": ""in"", ""dimension"": ""product"", ""startYear"": null, ""disablePast"": null, ""disableType"": null, ""filter_type"": ""cascaded"", ""display_type"": ""dropdown"", ""disableFuture"": null, ""attribute_name"": ""l1_name"", ""disablePastWeeks"": null, ""disableFutureWeeks"": null, ""check_configuration"": [{""checkedRows"": [""WOMENS""]}]}]}",false,"{}","",true
526,Carters_rl2x,63,true,2026-02-05 20:39:46.796 +0530,2026-02-05 20:39:58.435 +0530,251,251,"{""saved_filter_preference"":[{""values"": [""2025-07-01"", ""2025-07-15""], ""operator"": ""in"", ""dimension"": ""custom"", ""startYear"": null, ""disablePast"": null, ""disableType"": ""disableOnlyFuture"", ""filter_type"": ""non-cascaded"", ""display_type"": ""rangePicker"", ""disableFuture"": null, ""attribute_name"": ""range-picker"", ""disablePastWeeks"": null, ""disableFutureWeeks"": null, ""check_configuration"": []}, {""values"": [""CANADA O O OUTLET""], ""operator"": ""in"", ""dimension"": ""product"", ""startYear"": null, ""disablePast"": null, ""disableType"": null, ""filter_type"": ""cascaded"", ""display_type"": ""dropdown"", ""disableFuture"": null, ""attribute_name"": ""l0_name"", ""disablePastWeeks"": null, ""disableFutureWeeks"": null, ""check_configuration"": [{""checkedRows"": [""CANADA O O OUTLET""]}]}]}",false,"{}","",true
527,Carters_N8B5,73,true,2026-02-05 21:14:03.063 +0530,2026-02-05 21:14:15.658 +0530,251,251,"{""saved_filter_preference"":[{""values"": [""CANADA O O ECOM""], ""operator"": ""in"", ""dimension"": ""product"", ""startYear"": null, ""disablePast"": null, ""disableType"": null, ""filter_type"": ""cascaded"", ""display_type"": ""dropdown"", ""disableFuture"": null, ""attribute_name"": ""l0_name"", ""disablePastWeeks"": null, ""disableFutureWeeks"": null, ""check_configuration"": [{""checkedRows"": [""CANADA O O ECOM""]}]}, {""values"": [""WOMENS""], ""operator"": ""in"", ""dimension"": ""product"", ""startYear"": null, ""disablePast"": null, ""disableType"": null, ""filter_type"": ""cascaded"", ""display_type"": ""dropdown"", ""disableFuture"": null, ""attribute_name"": ""l1_name"", ""disablePastWeeks"": null, ""disableFutureWeeks"": null, ""check_configuration"": [{""checkedRows"": [""WOMENS""]}]}]}",false,"{}","",true
528,Carters_yucL,180,true,2026-02-05 21:34:25.708 +0530,2026-02-05 21:35:07.047 +0530,251,251,"{""saved_filter_preference"":[{""values"": [""CANADA O O ECOM""], ""operator"": ""in"", ""dimension"": ""product"", ""startYear"": null, ""disablePast"": null, ""disableType"": null, ""filter_type"": ""cascaded"", ""display_type"": ""dropdown"", ""disableFuture"": null, ""attribute_name"": ""l0_name"", ""disablePastWeeks"": null, ""disableFutureWeeks"": null, ""check_configuration"": [{""checkedRows"": [""CANADA O O ECOM""]}]}, {""values"": [""WOMENS""], ""operator"": ""in"", ""dimension"": ""product"", ""startYear"": null, ""disablePast"": null, ""disableType"": null, ""filter_type"": ""cascaded"", ""display_type"": ""dropdown"", ""disableFuture"": null, ""attribute_name"": ""l1_name"", ""disablePastWeeks"": null, ""disableFutureWeeks"": null, ""check_configuration"": [{""checkedRows"": [""WOMENS""]}]}]}",false,"{}","",true
529,Carters_R9nV,49,true,2026-02-05 21:47:07.532 +0530,2026-02-05 21:47:20.465 +0530,251,251,"{""saved_filter_preference"":[{""values"": [""CANADA O O ECOM""], ""operator"": ""in"", ""dimension"": ""product"", ""startYear"": null, ""disablePast"": null, ""disableType"": null, ""filter_type"": ""cascaded"", ""display_type"": ""dropdown"", ""disableFuture"": null, ""attribute_name"": ""l0_name"", ""disablePastWeeks"": null, ""disableFutureWeeks"": null, ""check_configuration"": null}, {""values"": [""WOMENS""], ""operator"": ""in"", ""dimension"": ""product"", ""startYear"": null, ""disablePast"": null, ""disableType"": null, ""filter_type"": ""cascaded"", ""display_type"": ""dropdown"", ""disableFuture"": null, ""attribute_name"": ""l1_name"", ""disablePastWeeks"": null, ""disableFutureWeeks"": null, ""check_configuration"": [{""checkedRows"": [""WOMENS""]}]}]}",false,"{}","",true
530,Carters_pa1v,181,true,2026-02-05 21:55:54.843 +0530,2026-02-05 21:56:06.949 +0530,251,251,"{""saved_filter_preference"":[{""values"": [""CANADA O O ECOM""], ""operator"": ""in"", ""dimension"": ""product"", ""startYear"": null, ""disablePast"": null, ""disableType"": null, ""filter_type"": ""cascaded"", ""display_type"": ""dropdown"", ""disableFuture"": null, ""attribute_name"": ""l0_name"", ""disablePastWeeks"": null, ""disableFutureWeeks"": null, ""check_configuration"": null}, {""values"": [""WOMENS""], ""operator"": ""in"", ""dimension"": ""product"", ""startYear"": null, ""disablePast"": null, ""disableType"": null, ""filter_type"": ""cascaded"", ""display_type"": ""dropdown"", ""disableFuture"": null, ""attribute_name"": ""l1_name"", ""disablePastWeeks"": null, ""disableFutureWeeks"": null, ""check_configuration"": [{""checkedRows"": [""WOMENS""]}]}]}",false,"{}","",true
531,Carters_A2iU,71,true,2026-02-05 22:35:51.366 +0530,2026-02-05 22:36:03.601 +0530,251,251,"{""saved_filter_preference"":[{""values"": [""CANADA O O ECOM""], ""operator"": ""in"", ""dimension"": ""product"", ""startYear"": null, ""disablePast"": null, ""disableType"": null, ""filter_type"": ""cascaded"", ""display_type"": ""dropdown"", ""disableFuture"": null, ""attribute_name"": ""l0_name"", ""disablePastWeeks"": null, ""disableFutureWeeks"": null, ""check_configuration"": [{""checkedRows"": [""CANADA O O ECOM""]}]}]}",false,"{}","",true
532,Carters_wea5,63,true,2026-02-05 22:47:19.164 +0530,2026-02-05 22:47:31.283 +0530,251,251,"{""saved_filter_preference"":[{""values"": [""2025-07-01"", ""2025-07-15""], ""operator"": ""in"", ""dimension"": ""custom"", ""startYear"": null, ""disablePast"": null, ""disableType"": ""disableOnlyFuture"", ""filter_type"": ""non-cascaded"", ""display_type"": ""rangePicker"", ""disableFuture"": null, ""attribute_name"": ""range-picker"", ""disablePastWeeks"": null, ""disableFutureWeeks"": null, ""check_configuration"": []}, {""values"": [""CANADA O O OUTLET""], ""operator"": ""in"", ""dimension"": ""product"", ""startYear"": null, ""disablePast"": null, ""disableType"": null, ""filter_type"": ""cascaded"", ""display_type"": ""dropdown"", ""disableFuture"": null, ""attribute_name"": ""l0_name"", ""disablePastWeeks"": null, ""disableFutureWeeks"": null, ""check_configuration"": [{""checkedRows"": [""CANADA O O OUTLET""]}]}]}",false,"{}","",true
533,Carters_jPOL,316,false,2026-02-06 13:24:25.746 +0530,2026-02-06 13:24:37.723 +0530,251,251,"{""saved_filter_preference"":[{""values"": [""CANADA O O ECOM""], ""operator"": ""in"", ""dimension"": ""product"", ""startYear"": null, ""disablePast"": null, ""disableType"": null, ""filter_type"": ""cascaded"", ""display_type"": ""dropdown"", ""disableFuture"": null, ""attribute_name"": ""l0_name"", ""disablePastWeeks"": null, ""disableFutureWeeks"": null, ""check_configuration"": null}, {""values"": [""WOMENS""], ""operator"": ""in"", ""dimension"": ""product"", ""startYear"": null, ""disablePast"": null, ""disableType"": null, ""filter_type"": ""cascaded"", ""display_type"": ""dropdown"", ""disableFuture"": null, ""attribute_name"": ""l1_name"", ""disablePastWeeks"": null, ""disableFutureWeeks"": null, ""check_configuration"": [{""checkedRows"": [""WOMENS""]}]}]}",false,"{}","",true
534,Carters_YEzz,325,true,2026-02-06 13:47:14.931 +0530,2026-02-06 13:47:28.231 +0530,251,251,"{""saved_filter_preference"":[{""values"": [""CANADA O O ECOM""], ""operator"": ""in"", ""dimension"": ""product"", ""startYear"": null, ""disablePast"": null, ""disableType"": null, ""filter_type"": ""cascaded"", ""display_type"": ""dropdown"", ""disableFuture"": null, ""attribute_name"": ""l0_name"", ""disablePastWeeks"": null, ""disableFutureWeeks"": null, ""check_configuration"": null}, {""values"": [""WOMENS""], ""operator"": ""in"", ""dimension"": ""product"", ""startYear"": null, ""disablePast"": null, ""disableType"": null, ""filter_type"": ""cascaded"", ""display_type"": ""dropdown"", ""disableFuture"": null, ""attribute_name"": ""l1_name"", ""disablePastWeeks"": null, ""disableFutureWeeks"": null, ""check_configuration"": [{""checkedRows"": [""WOMENS""]}]}]}",false,"{}","",true
535,Carters_M3mU,73,true,2026-02-06 14:24:40.277 +0530,2026-02-06 14:24:53.683 +0530,251,251,"{""saved_filter_preference"":[{""values"": [""CANADA O O ECOM""], ""operator"": ""in"", ""dimension"": ""product"", ""startYear"": null, ""disablePast"": null, ""disableType"": null, ""filter_type"": ""cascaded"", ""display_type"": ""dropdown"", ""disableFuture"": null, ""attribute_name"": ""l0_name"", ""disablePastWeeks"": null, ""disableFutureWeeks"": null, ""check_configuration"": [{""checkedRows"": [""CANADA O O ECOM""]}]}, {""values"": [""WOMENS""], ""operator"": ""in"", ""dimension"": ""product"", ""startYear"": null, ""disablePast"": null, ""disableType"": null, ""filter_type"": ""cascaded"", ""display_type"": ""dropdown"", ""disableFuture"": null, ""attribute_name"": ""l1_name"", ""disablePastWeeks"": null, ""disableFutureWeeks"": null, ""check_configuration"": [{""checkedRows"": [""WOMENS""]}]}]}",false,"{}","",true
536,Carters_yUPq,180,true,2026-02-06 14:42:50.974 +0530,2026-02-06 14:43:04.795 +0530,251,251,"{""saved_filter_preference"":[{""values"": [""CANADA O O ECOM""], ""operator"": ""in"", ""dimension"": ""product"", ""startYear"": null, ""disablePast"": null, ""disableType"": null, ""filter_type"": ""cascaded"", ""display_type"": ""dropdown"", ""disableFuture"": null, ""attribute_name"": ""l0_name"", ""disablePastWeeks"": null, ""disableFutureWeeks"": null, ""check_configuration"": [{""checkedRows"": [""CANADA O O ECOM""]}]}, {""values"": [""WOMENS""], ""operator"": ""in"", ""dimension"": ""product"", ""startYear"": null, ""disablePast"": null, ""disableType"": null, ""filter_type"": ""cascaded"", ""display_type"": ""dropdown"", ""disableFuture"": null, ""attribute_name"": ""l1_name"", ""disablePastWeeks"": null, ""disableFutureWeeks"": null, ""check_configuration"": [{""checkedRows"": [""WOMENS""]}]}]}",false,"{}","",true
537,Carters_D3Kn,49,true,2026-02-06 14:56:43.037 +0530,2026-02-06 14:56:56.806 +0530,251,251,"{""saved_filter_preference"":[{""values"": [""CANADA O O ECOM""], ""operator"": ""in"", ""dimension"": ""product"", ""startYear"": null, ""disablePast"": null, ""disableType"": null, ""filter_type"": ""cascaded"", ""display_type"": ""dropdown"", ""disableFuture"": null, ""attribute_name"": ""l0_name"", ""disablePastWeeks"": null, ""disableFutureWeeks"": null, ""check_configuration"": null}, {""values"": [""WOMENS""], ""operator"": ""in"", ""dimension"": ""product"", ""startYear"": null, ""disablePast"": null, ""disableType"": null, ""filter_type"": ""cascaded"", ""display_type"": ""dropdown"", ""disableFuture"": null, ""attribute_name"": ""l1_name"", ""disablePastWeeks"": null, ""disableFutureWeeks"": null, ""check_configuration"": [{""checkedRows"": [""WOMENS""]}]}]}",false,"{}","",true
538,Carters_cDVW,181,true,2026-02-06 15:06:13.868 +0530,2026-02-06 15:06:27.145 +0530,251,251,"{""saved_filter_preference"":[{""values"": [""CANADA O O ECOM""], ""operator"": ""in"", ""dimension"": ""product"", ""startYear"": null, ""disablePast"": null, ""disableType"": null, ""filter_type"": ""cascaded"", ""display_type"": ""dropdown"", ""disableFuture"": null, ""attribute_name"": ""l0_name"", ""disablePastWeeks"": null, ""disableFutureWeeks"": null, ""check_configuration"": null}, {""values"": [""WOMENS""], ""operator"": ""in"", ""dimension"": ""product"", ""startYear"": null, ""disablePast"": null, ""disableType"": null, ""filter_type"": ""cascaded"", ""display_type"": ""dropdown"", ""disableFuture"": null, ""attribute_name"": ""l1_name"", ""disablePastWeeks"": null, ""disableFutureWeeks"": null, ""check_configuration"": [{""checkedRows"": [""WOMENS""]}]}]}",false,"{}","",true
539,Carters_28dG,71,true,2026-02-06 15:42:03.774 +0530,2026-02-06 15:42:16.365 +0530,251,251,"{""saved_filter_preference"":[{""values"": [""CANADA O O ECOM""], ""operator"": ""in"", ""dimension"": ""product"", ""startYear"": null, ""disablePast"": null, ""disableType"": null, ""filter_type"": ""cascaded"", ""display_type"": ""dropdown"", ""disableFuture"": null, ""attribute_name"": ""l0_name"", ""disablePastWeeks"": null, ""disableFutureWeeks"": null, ""check_configuration"": [{""checkedRows"": [""CANADA O O ECOM""]}]}]}",false,"{}","",true
540,Carters_PWqU,63,true,2026-02-06 16:00:17.679 +0530,2026-02-06 16:00:29.509 +0530,251,251,"{""saved_filter_preference"":[{""values"": [""2025-07-01"", ""2025-07-15""], ""operator"": ""in"", ""dimension"": ""custom"", ""startYear"": null, ""disablePast"": null, ""disableType"": ""disableOnlyFuture"", ""filter_type"": ""non-cascaded"", ""display_type"": ""rangePicker"", ""disableFuture"": null, ""attribute_name"": ""range-picker"", ""disablePastWeeks"": null, ""disableFutureWeeks"": null, ""check_configuration"": []}, {""values"": [""CANADA O O OUTLET""], ""operator"": ""in"", ""dimension"": ""product"", ""startYear"": null, ""disablePast"": null, ""disableType"": null, ""filter_type"": ""cascaded"", ""display_type"": ""dropdown"", ""disableFuture"": null, ""attribute_name"": ""l0_name"", ""disablePastWeeks"": null, ""disableFutureWeeks"": null, ""check_configuration"": [{""checkedRows"": [""CANADA O O OUTLET""]}]}]}",false,"{}","",true
541,Carters_KZQ7,316,false,2026-02-06 18:13:54.751 +0530,2026-02-06 18:14:57.289 +0530,251,251,"{""saved_filter_preference"":[{""values"": [""CANADA O O ECOM""], ""operator"": ""in"", ""dimension"": ""product"", ""startYear"": null, ""disablePast"": null, ""disableType"": null, ""filter_type"": ""cascaded"", ""display_type"": ""dropdown"", ""disableFuture"": null, ""attribute_name"": ""l0_name"", ""disablePastWeeks"": null, ""disableFutureWeeks"": null, ""check_configuration"": null}, {""values"": [""WOMENS""], ""operator"": ""in"", ""dimension"": ""product"", ""startYear"": null, ""disablePast"": null, ""disableType"": null, ""filter_type"": ""cascaded"", ""display_type"": ""dropdown"", ""disableFuture"": null, ""attribute_name"": ""l1_name"", ""disablePastWeeks"": null, ""disableFutureWeeks"": null, ""check_configuration"": [{""checkedRows"": [""WOMENS""]}]}]}",false,"{}","",true
542,Carters_kgx4,325,true,2026-02-06 18:36:31.027 +0530,2026-02-06 18:36:42.749 +0530,251,251,"{""saved_filter_preference"":[{""values"": [""CANADA O O ECOM""], ""operator"": ""in"", ""dimension"": ""product"", ""startYear"": null, ""disablePast"": null, ""disableType"": null, ""filter_type"": ""cascaded"", ""display_type"": ""dropdown"", ""disableFuture"": null, ""attribute_name"": ""l0_name"", ""disablePastWeeks"": null, ""disableFutureWeeks"": null, ""check_configuration"": null}, {""values"": [""WOMENS""], ""operator"": ""in"", ""dimension"": ""product"", ""startYear"": null, ""disablePast"": null, ""disableType"": null, ""filter_type"": ""cascaded"", ""display_type"": ""dropdown"", ""disableFuture"": null, ""attribute_name"": ""l1_name"", ""disablePastWeeks"": null, ""disableFutureWeeks"": null, ""check_configuration"": [{""checkedRows"": [""WOMENS""]}]}]}",false,"{}","",true
543,Carters_aDZI,73,true,2026-02-06 19:03:57.928 +0530,2026-02-06 19:04:10.837 +0530,251,251,"{""saved_filter_preference"":[{""values"": [""CANADA O O ECOM""], ""operator"": ""in"", ""dimension"": ""product"", ""startYear"": null, ""disablePast"": null, ""disableType"": null, ""filter_type"": ""cascaded"", ""display_type"": ""dropdown"", ""disableFuture"": null, ""attribute_name"": ""l0_name"", ""disablePastWeeks"": null, ""disableFutureWeeks"": null, ""check_configuration"": [{""checkedRows"": [""CANADA O O ECOM""]}]}, {""values"": [""WOMENS""], ""operator"": ""in"", ""dimension"": ""product"", ""startYear"": null, ""disablePast"": null, ""disableType"": null, ""filter_type"": ""cascaded"", ""display_type"": ""dropdown"", ""disableFuture"": null, ""attribute_name"": ""l1_name"", ""disablePastWeeks"": null, ""disableFutureWeeks"": null, ""check_configuration"": [{""checkedRows"": [""WOMENS""]}]}]}",false,"{}","",true
544,Carters_EAHp,180,true,2026-02-06 19:21:54.147 +0530,2026-02-06 19:22:06.221 +0530,251,251,"{""saved_filter_preference"":[{""values"": [""CANADA O O ECOM""], ""operator"": ""in"", ""dimension"": ""product"", ""startYear"": null, ""disablePast"": null, ""disableType"": null, ""filter_type"": ""cascaded"", ""display_type"": ""dropdown"", ""disableFuture"": null, ""attribute_name"": ""l0_name"", ""disablePastWeeks"": null, ""disableFutureWeeks"": null, ""check_configuration"": [{""checkedRows"": [""CANADA O O ECOM""]}]}, {""values"": [""WOMENS""], ""operator"": ""in"", ""dimension"": ""product"", ""startYear"": null, ""disablePast"": null, ""disableType"": null, ""filter_type"": ""cascaded"", ""display_type"": ""dropdown"", ""disableFuture"": null, ""attribute_name"": ""l1_name"", ""disablePastWeeks"": null, ""disableFutureWeeks"": null, ""check_configuration"": [{""checkedRows"": [""WOMENS""]}]}]}",false,"{}","",true
545,Carters_t0sv,49,true,2026-02-06 19:34:14.587 +0530,2026-02-06 19:34:28.449 +0530,251,251,"{""saved_filter_preference"":[{""values"": [""CANADA O O ECOM""], ""operator"": ""in"", ""dimension"": ""product"", ""startYear"": null, ""disablePast"": null, ""disableType"": null, ""filter_type"": ""cascaded"", ""display_type"": ""dropdown"", ""disableFuture"": null, ""attribute_name"": ""l0_name"", ""disablePastWeeks"": null, ""disableFutureWeeks"": null, ""check_configuration"": null}, {""values"": [""WOMENS""], ""operator"": ""in"", ""dimension"": ""product"", ""startYear"": null, ""disablePast"": null, ""disableType"": null, ""filter_type"": ""cascaded"", ""display_type"": ""dropdown"", ""disableFuture"": null, ""attribute_name"": ""l1_name"", ""disablePastWeeks"": null, ""disableFutureWeeks"": null, ""check_configuration"": [{""checkedRows"": [""WOMENS""]}]}]}",false,"{}","",true
546,Carters_I7Oa,181,true,2026-02-06 19:42:32.665 +0530,2026-02-06 19:42:44.833 +0530,251,251,"{""saved_filter_preference"":[{""values"": [""CANADA O O ECOM""], ""operator"": ""in"", ""dimension"": ""product"", ""startYear"": null, ""disablePast"": null, ""disableType"": null, ""filter_type"": ""cascaded"", ""display_type"": ""dropdown"", ""disableFuture"": null, ""attribute_name"": ""l0_name"", ""disablePastWeeks"": null, ""disableFutureWeeks"": null, ""check_configuration"": null}, {""values"": [""WOMENS""], ""operator"": ""in"", ""dimension"": ""product"", ""startYear"": null, ""disablePast"": null, ""disableType"": null, ""filter_type"": ""cascaded"", ""display_type"": ""dropdown"", ""disableFuture"": null, ""attribute_name"": ""l1_name"", ""disablePastWeeks"": null, ""disableFutureWeeks"": null, ""check_configuration"": [{""checkedRows"": [""WOMENS""]}]}]}",false,"{}","",true
547,Carters_76aL,71,true,2026-02-06 20:17:50.046 +0530,2026-02-06 20:18:03.672 +0530,251,251,"{""saved_filter_preference"":[{""values"": [""CANADA O O ECOM""], ""operator"": ""in"", ""dimension"": ""product"", ""startYear"": null, ""disablePast"": null, ""disableType"": null, ""filter_type"": ""cascaded"", ""display_type"": ""dropdown"", ""disableFuture"": null, ""attribute_name"": ""l0_name"", ""disablePastWeeks"": null, ""disableFutureWeeks"": null, ""check_configuration"": [{""checkedRows"": [""CANADA O O ECOM""]}]}]}",false,"{}","",true
548,Carters_vKiT,63,true,2026-02-06 20:36:54.538 +0530,2026-02-06 20:37:06.476 +0530,251,251,"{""saved_filter_preference"":[{""values"": [""2025-07-01"", ""2025-07-15""], ""operator"": ""in"", ""dimension"": ""custom"", ""startYear"": null, ""disablePast"": null, ""disableType"": ""disableOnlyFuture"", ""filter_type"": ""non-cascaded"", ""display_type"": ""rangePicker"", ""disableFuture"": null, ""attribute_name"": ""range-picker"", ""disablePastWeeks"": null, ""disableFutureWeeks"": null, ""check_configuration"": []}, {""values"": [""CANADA O O OUTLET""], ""operator"": ""in"", ""dimension"": ""product"", ""startYear"": null, ""disablePast"": null, ""disableType"": null, ""filter_type"": ""cascaded"", ""display_type"": ""dropdown"", ""disableFuture"": null, ""attribute_name"": ""l0_name"", ""disablePastWeeks"": null, ""disableFutureWeeks"": null, ""check_configuration"": [{""checkedRows"": [""CANADA O O OUTLET""]}]}]}",false,"{}","",true
549,Carters_kGGT,316,false,2026-02-09 10:42:06.435 +0530,2026-02-09 10:42:18.211 +0530,251,251,"{""saved_filter_preference"":[{""values"": [""CANADA O O ECOM""], ""operator"": ""in"", ""dimension"": ""product"", ""startYear"": null, ""disablePast"": null, ""disableType"": null, ""filter_type"": ""cascaded"", ""display_type"": ""dropdown"", ""disableFuture"": null, ""attribute_name"": ""l0_name"", ""disablePastWeeks"": null, ""disableFutureWeeks"": null, ""check_configuration"": null}, {""values"": [""WOMENS""], ""operator"": ""in"", ""dimension"": ""product"", ""startYear"": null, ""disablePast"": null, ""disableType"": null, ""filter_type"": ""cascaded"", ""display_type"": ""dropdown"", ""disableFuture"": null, ""attribute_name"": ""l1_name"", ""disablePastWeeks"": null, ""disableFutureWeeks"": null, ""check_configuration"": [{""checkedRows"": [""WOMENS""]}]}]}",false,"{}","",true
550,Carters_yPIJ,325,true,2026-02-09 11:02:10.815 +0530,2026-02-09 11:02:22.797 +0530,251,251,"{""saved_filter_preference"":[{""values"": [""CANADA O O ECOM""], ""operator"": ""in"", ""dimension"": ""product"", ""startYear"": null, ""disablePast"": null, ""disableType"": null, ""filter_type"": ""cascaded"", ""display_type"": ""dropdown"", ""disableFuture"": null, ""attribute_name"": ""l0_name"", ""disablePastWeeks"": null, ""disableFutureWeeks"": null, ""check_configuration"": null}, {""values"": [""WOMENS""], ""operator"": ""in"", ""dimension"": ""product"", ""startYear"": null, ""disablePast"": null, ""disableType"": null, ""filter_type"": ""cascaded"", ""display_type"": ""dropdown"", ""disableFuture"": null, ""attribute_name"": ""l1_name"", ""disablePastWeeks"": null, ""disableFutureWeeks"": null, ""check_configuration"": [{""checkedRows"": [""WOMENS""]}]}]}",false,"{}","",true
551,Carters_xMX5,73,true,2026-02-09 11:28:00.434 +0530,2026-02-09 11:28:13.110 +0530,251,251,"{""saved_filter_preference"":[{""values"": [""CANADA O O ECOM""], ""operator"": ""in"", ""dimension"": ""product"", ""startYear"": null, ""disablePast"": null, ""disableType"": null, ""filter_type"": ""cascaded"", ""display_type"": ""dropdown"", ""disableFuture"": null, ""attribute_name"": ""l0_name"", ""disablePastWeeks"": null, ""disableFutureWeeks"": null, ""check_configuration"": [{""checkedRows"": [""CANADA O O ECOM""]}]}, {""values"": [""WOMENS""], ""operator"": ""in"", ""dimension"": ""product"", ""startYear"": null, ""disablePast"": null, ""disableType"": null, ""filter_type"": ""cascaded"", ""display_type"": ""dropdown"", ""disableFuture"": null, ""attribute_name"": ""l1_name"", ""disablePastWeeks"": null, ""disableFutureWeeks"": null, ""check_configuration"": [{""checkedRows"": [""WOMENS""]}]}]}",false,"{}","",true
552,Carters_yXyr,180,true,2026-02-09 11:45:29.885 +0530,2026-02-09 11:45:43.611 +0530,251,251,"{""saved_filter_preference"":[{""values"": [""CANADA O O ECOM""], ""operator"": ""in"", ""dimension"": ""product"", ""startYear"": null, ""disablePast"": null, ""disableType"": null, ""filter_type"": ""cascaded"", ""display_type"": ""dropdown"", ""disableFuture"": null, ""attribute_name"": ""l0_name"", ""disablePastWeeks"": null, ""disableFutureWeeks"": null, ""check_configuration"": [{""checkedRows"": [""CANADA O O ECOM""]}]}, {""values"": [""WOMENS""], ""operator"": ""in"", ""dimension"": ""product"", ""startYear"": null, ""disablePast"": null, ""disableType"": null, ""filter_type"": ""cascaded"", ""display_type"": ""dropdown"", ""disableFuture"": null, ""attribute_name"": ""l1_name"", ""disablePastWeeks"": null, ""disableFutureWeeks"": null, ""check_configuration"": [{""checkedRows"": [""WOMENS""]}]}]}",false,"{}","",true
553,Carters_dGi0,49,true,2026-02-09 11:56:51.357 +0530,2026-02-09 11:57:04.087 +0530,251,251,"{""saved_filter_preference"":[{""values"": [""CANADA O O ECOM""], ""operator"": ""in"", ""dimension"": ""product"", ""startYear"": null, ""disablePast"": null, ""disableType"": null, ""filter_type"": ""cascaded"", ""display_type"": ""dropdown"", ""disableFuture"": null, ""attribute_name"": ""l0_name"", ""disablePastWeeks"": null, ""disableFutureWeeks"": null, ""check_configuration"": null}, {""values"": [""WOMENS""], ""operator"": ""in"", ""dimension"": ""product"", ""startYear"": null, ""disablePast"": null, ""disableType"": null, ""filter_type"": ""cascaded"", ""display_type"": ""dropdown"", ""disableFuture"": null, ""attribute_name"": ""l1_name"", ""disablePastWeeks"": null, ""disableFutureWeeks"": null, ""check_configuration"": [{""checkedRows"": [""WOMENS""]}]}]}",false,"{}","",true
554,Can ML Mens,3,true,2026-02-09 12:06:01.322 +0530,2026-02-10 17:03:26.011 +0530,251,251,"{""saved_filter_preference"":[{""values"": [""CANADA O O MAINLINE""], ""operator"": ""in"", ""dimension"": ""product"", ""startYear"": null, ""disablePast"": null, ""disableType"": null, ""filter_type"": ""cascaded"", ""display_type"": ""dropdown"", ""disableFuture"": null, ""attribute_name"": ""l0_name"", ""disablePastWeeks"": null, ""disableFutureWeeks"": null, ""check_configuration"": [{""checkedRows"": [""CANADA O O MAINLINE""]}, {""unCheckedRows"": [""CANADA O O MAINLINE""]}, {""checkedRows"": [""CANADA O O MAINLINE""]}, {""unCheckedRows"": [""CANADA O O MAINLINE""]}, {""checkedRows"": [""CANADA O O OUTLET"", ""CANADA O O MAINLINE""]}, {""unCheckedRows"": [""CANADA O O OUTLET""]}]}, {""values"": [""MENS""], ""operator"": ""in"", ""dimension"": ""product"", ""startYear"": null, ""disablePast"": null, ""disableType"": null, ""filter_type"": ""cascaded"", ""display_type"": ""dropdown"", ""disableFuture"": null, ""attribute_name"": ""l1_name"", ""disablePastWeeks"": null, ""disableFutureWeeks"": null, ""check_configuration"": [{""checkedRows"": [""MENS""]}]}]}",false,"{}","",true
555,Carters_M6cY,181,false,2026-02-09 12:06:51.614 +0530,2026-02-09 12:07:05.726 +0530,251,251,"{""saved_filter_preference"":[{""values"": [""CANADA O O ECOM""], ""operator"": ""in"", ""dimension"": ""product"", ""startYear"": null, ""disablePast"": null, ""disableType"": null, ""filter_type"": ""cascaded"", ""display_type"": ""dropdown"", ""disableFuture"": null, ""attribute_name"": ""l0_name"", ""disablePastWeeks"": null, ""disableFutureWeeks"": null, ""check_configuration"": null}, {""values"": [""WOMENS""], ""operator"": ""in"", ""dimension"": ""product"", ""startYear"": null, ""disablePast"": null, ""disableType"": null, ""filter_type"": ""cascaded"", ""display_type"": ""dropdown"", ""disableFuture"": null, ""attribute_name"": ""l1_name"", ""disablePastWeeks"": null, ""disableFutureWeeks"": null, ""check_configuration"": [{""checkedRows"": [""WOMENS""]}]}]}",false,"{}","",true
556,Carters_U6Uv,71,false,2026-02-09 12:40:17.520 +0530,2026-02-09 12:40:29.675 +0530,251,251,"{""saved_filter_preference"":[{""values"": [""CANADA O O ECOM""], ""operator"": ""in"", ""dimension"": ""product"", ""startYear"": null, ""disablePast"": null, ""disableType"": null, ""filter_type"": ""cascaded"", ""display_type"": ""dropdown"", ""disableFuture"": null, ""attribute_name"": ""l0_name"", ""disablePastWeeks"": null, ""disableFutureWeeks"": null, ""check_configuration"": [{""checkedRows"": [""CANADA O O ECOM""]}]}]}",false,"{}","",true
557,Carters_b6CL,63,false,2026-02-09 12:56:38.267 +0530,2026-02-09 12:56:49.933 +0530,251,251,"{""saved_filter_preference"":[{""values"": [""2025-07-01"", ""2025-07-15""], ""operator"": ""in"", ""dimension"": ""custom"", ""startYear"": null, ""disablePast"": null, ""disableType"": ""disableOnlyFuture"", ""filter_type"": ""non-cascaded"", ""display_type"": ""rangePicker"", ""disableFuture"": null, ""attribute_name"": ""range-picker"", ""disablePastWeeks"": null, ""disableFutureWeeks"": null, ""check_configuration"": []}, {""values"": [""CANADA O O OUTLET""], ""operator"": ""in"", ""dimension"": ""product"", ""startYear"": null, ""disablePast"": null, ""disableType"": null, ""filter_type"": ""cascaded"", ""display_type"": ""dropdown"", ""disableFuture"": null, ""attribute_name"": ""l0_name"", ""disablePastWeeks"": null, ""disableFutureWeeks"": null, ""check_configuration"": [{""checkedRows"": [""CANADA O O OUTLET""]}]}]}",false,"{}","",true
558,Carters_JqMv,316,false,2026-02-09 18:13:35.106 +0530,2026-02-09 18:13:47.147 +0530,251,251,"{""saved_filter_preference"":[{""values"": [""CANADA O O ECOM""], ""operator"": ""in"", ""dimension"": ""product"", ""startYear"": null, ""disablePast"": null, ""disableType"": null, ""filter_type"": ""cascaded"", ""display_type"": ""dropdown"", ""disableFuture"": null, ""attribute_name"": ""l0_name"", ""disablePastWeeks"": null, ""disableFutureWeeks"": null, ""check_configuration"": null}, {""values"": [""WOMENS""], ""operator"": ""in"", ""dimension"": ""product"", ""startYear"": null, ""disablePast"": null, ""disableType"": null, ""filter_type"": ""cascaded"", ""display_type"": ""dropdown"", ""disableFuture"": null, ""attribute_name"": ""l1_name"", ""disablePastWeeks"": null, ""disableFutureWeeks"": null, ""check_configuration"": [{""checkedRows"": [""WOMENS""]}]}]}",false,"{}","",true
559,Carters_uMOy,325,false,2026-02-09 18:35:00.371 +0530,2026-02-09 18:35:12.284 +0530,251,251,"{""saved_filter_preference"":[{""values"": [""CANADA O O ECOM""], ""operator"": ""in"", ""dimension"": ""product"", ""startYear"": null, ""disablePast"": null, ""disableType"": null, ""filter_type"": ""cascaded"", ""display_type"": ""dropdown"", ""disableFuture"": null, ""attribute_name"": ""l0_name"", ""disablePastWeeks"": null, ""disableFutureWeeks"": null, ""check_configuration"": null}, {""values"": [""WOMENS""], ""operator"": ""in"", ""dimension"": ""product"", ""startYear"": null, ""disablePast"": null, ""disableType"": null, ""filter_type"": ""cascaded"", ""display_type"": ""dropdown"", ""disableFuture"": null, ""attribute_name"": ""l1_name"", ""disablePastWeeks"": null, ""disableFutureWeeks"": null, ""check_configuration"": [{""checkedRows"": [""WOMENS""]}]}]}",false,"{}","",true
560,Carters_XIkh,73,false,2026-02-09 19:03:40.028 +0530,2026-02-09 19:03:52.604 +0530,251,251,"{""saved_filter_preference"":[{""values"": [""CANADA O O ECOM""], ""operator"": ""in"", ""dimension"": ""product"", ""startYear"": null, ""disablePast"": null, ""disableType"": null, ""filter_type"": ""cascaded"", ""display_type"": ""dropdown"", ""disableFuture"": null, ""attribute_name"": ""l0_name"", ""disablePastWeeks"": null, ""disableFutureWeeks"": null, ""check_configuration"": [{""checkedRows"": [""CANADA O O ECOM""]}]}, {""values"": [""WOMENS""], ""operator"": ""in"", ""dimension"": ""product"", ""startYear"": null, ""disablePast"": null, ""disableType"": null, ""filter_type"": ""cascaded"", ""display_type"": ""dropdown"", ""disableFuture"": null, ""attribute_name"": ""l1_name"", ""disablePastWeeks"": null, ""disableFutureWeeks"": null, ""check_configuration"": [{""checkedRows"": [""WOMENS""]}]}]}",false,"{}","",true
561,Carters_bkBZ,180,false,2026-02-09 19:22:52.226 +0530,2026-02-09 19:23:04.408 +0530,251,251,"{""saved_filter_preference"":[{""values"": [""CANADA O O ECOM""], ""operator"": ""in"", ""dimension"": ""product"", ""startYear"": null, ""disablePast"": null, ""disableType"": null, ""filter_type"": ""cascaded"", ""display_type"": ""dropdown"", ""disableFuture"": null, ""attribute_name"": ""l0_name"", ""disablePastWeeks"": null, ""disableFutureWeeks"": null, ""check_configuration"": [{""checkedRows"": [""CANADA O O ECOM""]}]}, {""values"": [""WOMENS""], ""operator"": ""in"", ""dimension"": ""product"", ""startYear"": null, ""disablePast"": null, ""disableType"": null, ""filter_type"": ""cascaded"", ""display_type"": ""dropdown"", ""disableFuture"": null, ""attribute_name"": ""l1_name"", ""disablePastWeeks"": null, ""disableFutureWeeks"": null, ""check_configuration"": [{""checkedRows"": [""WOMENS""]}]}]}",false,"{}","",true
562,Carters_CbLm,49,false,2026-02-09 19:34:16.543 +0530,2026-02-09 19:34:27.920 +0530,251,251,"{""saved_filter_preference"":[{""values"": [""CANADA O O ECOM""], ""operator"": ""in"", ""dimension"": ""product"", ""startYear"": null, ""disablePast"": null, ""disableType"": null, ""filter_type"": ""cascaded"", ""display_type"": ""dropdown"", ""disableFuture"": null, ""attribute_name"": ""l0_name"", ""disablePastWeeks"": null, ""disableFutureWeeks"": null, ""check_configuration"": null}, {""values"": [""WOMENS""], ""operator"": ""in"", ""dimension"": ""product"", ""startYear"": null, ""disablePast"": null, ""disableType"": null, ""filter_type"": ""cascaded"", ""display_type"": ""dropdown"", ""disableFuture"": null, ""attribute_name"": ""l1_name"", ""disablePastWeeks"": null, ""disableFutureWeeks"": null, ""check_configuration"": [{""checkedRows"": [""WOMENS""]}]}]}",false,"{}","",true
563,Carters_Bt4J,181,false,2026-02-09 19:45:03.461 +0530,2026-02-09 19:45:17.145 +0530,251,251,"{""saved_filter_preference"":[{""values"": [""CANADA O O ECOM""], ""operator"": ""in"", ""dimension"": ""product"", ""startYear"": null, ""disablePast"": null, ""disableType"": null, ""filter_type"": ""cascaded"", ""display_type"": ""dropdown"", ""disableFuture"": null, ""attribute_name"": ""l0_name"", ""disablePastWeeks"": null, ""disableFutureWeeks"": null, ""check_configuration"": null}, {""values"": [""WOMENS""], ""operator"": ""in"", ""dimension"": ""product"", ""startYear"": null, ""disablePast"": null, ""disableType"": null, ""filter_type"": ""cascaded"", ""display_type"": ""dropdown"", ""disableFuture"": null, ""attribute_name"": ""l1_name"", ""disablePastWeeks"": null, ""disableFutureWeeks"": null, ""check_configuration"": [{""checkedRows"": [""WOMENS""]}]}]}",false,"{}","",true
564,Carters_RYol,71,false,2026-02-09 20:23:16.470 +0530,2026-02-09 20:23:29.968 +0530,251,251,"{""saved_filter_preference"":[{""values"": [""CANADA O O ECOM""], ""operator"": ""in"", ""dimension"": ""product"", ""startYear"": null, ""disablePast"": null, ""disableType"": null, ""filter_type"": ""cascaded"", ""display_type"": ""dropdown"", ""disableFuture"": null, ""attribute_name"": ""l0_name"", ""disablePastWeeks"": null, ""disableFutureWeeks"": null, ""check_configuration"": [{""checkedRows"": [""CANADA O O ECOM""]}]}]}",false,"{}","",true
565,Carters_5PiX,63,false,2026-02-09 20:32:46.118 +0530,2026-02-09 20:32:57.960 +0530,251,251,"{""saved_filter_preference"":[{""values"": [""2025-07-01"", ""2025-07-15""], ""operator"": ""in"", ""dimension"": ""custom"", ""startYear"": null, ""disablePast"": null, ""disableType"": ""disableOnlyFuture"", ""filter_type"": ""non-cascaded"", ""display_type"": ""rangePicker"", ""disableFuture"": null, ""attribute_name"": ""range-picker"", ""disablePastWeeks"": null, ""disableFutureWeeks"": null, ""check_configuration"": []}, {""values"": [""CANADA O O OUTLET""], ""operator"": ""in"", ""dimension"": ""product"", ""startYear"": null, ""disablePast"": null, ""disableType"": null, ""filter_type"": ""cascaded"", ""display_type"": ""dropdown"", ""disableFuture"": null, ""attribute_name"": ""l0_name"", ""disablePastWeeks"": null, ""disableFutureWeeks"": null, ""check_configuration"": [{""checkedRows"": [""CANADA O O OUTLET""]}]}]}",false,"{}","",true
566,canadaoomainline,124,false,2026-02-10 17:04:38.918 +0530,2026-02-10 17:04:38.918 +0530,251,251,"{""saved_filter_preference"":[{""values"": [""CANADA O O MAINLINE""], ""operator"": ""in"", ""dimension"": ""product"", ""startYear"": null, ""disablePast"": null, ""disableType"": null, ""filter_type"": ""cascaded"", ""display_type"": ""dropdown"", ""disableFuture"": null, ""attribute_name"": ""l0_name"", ""disablePastWeeks"": null, ""disableFutureWeeks"": null, ""check_configuration"": [{""checkedRows"": [""CANADA O O MAINLINE""]}]}, {""values"": [""MENS""], ""operator"": ""in"", ""dimension"": ""product"", ""startYear"": null, ""disablePast"": null, ""disableType"": null, ""filter_type"": ""cascaded"", ""display_type"": ""dropdown"", ""disableFuture"": null, ""attribute_name"": ""l1_name"", ""disablePastWeeks"": null, ""disableFutureWeeks"": null, ""check_configuration"": [{""checkedRows"": [""MENS""]}]}]}",false,"{}","",false
567,Carters_ukMY,316,false,2026-02-10 18:14:09.873 +0530,2026-02-10 18:14:22.303 +0530,251,251,"{""saved_filter_preference"":[{""values"": [""CANADA O O ECOM""], ""operator"": ""in"", ""dimension"": ""product"", ""startYear"": null, ""disablePast"": null, ""disableType"": null, ""filter_type"": ""cascaded"", ""display_type"": ""dropdown"", ""disableFuture"": null, ""attribute_name"": ""l0_name"", ""disablePastWeeks"": null, ""disableFutureWeeks"": null, ""check_configuration"": null}, {""values"": [""WOMENS""], ""operator"": ""in"", ""dimension"": ""product"", ""startYear"": null, ""disablePast"": null, ""disableType"": null, ""filter_type"": ""cascaded"", ""display_type"": ""dropdown"", ""disableFuture"": null, ""attribute_name"": ""l1_name"", ""disablePastWeeks"": null, ""disableFutureWeeks"": null, ""check_configuration"": [{""checkedRows"": [""WOMENS""]}]}]}",false,"{}","",true
568,Carters_eEe6,325,true,2026-02-10 18:36:12.391 +0530,2026-02-10 18:36:24.232 +0530,251,251,"{""saved_filter_preference"":[{""values"": [""CANADA O O ECOM""], ""operator"": ""in"", ""dimension"": ""product"", ""startYear"": null, ""disablePast"": null, ""disableType"": null, ""filter_type"": ""cascaded"", ""display_type"": ""dropdown"", ""disableFuture"": null, ""attribute_name"": ""l0_name"", ""disablePastWeeks"": null, ""disableFutureWeeks"": null, ""check_configuration"": null}, {""values"": [""WOMENS""], ""operator"": ""in"", ""dimension"": ""product"", ""startYear"": null, ""disablePast"": null, ""disableType"": null, ""filter_type"": ""cascaded"", ""display_type"": ""dropdown"", ""disableFuture"": null, ""attribute_name"": ""l1_name"", ""disablePastWeeks"": null, ""disableFutureWeeks"": null, ""check_configuration"": [{""checkedRows"": [""WOMENS""]}]}]}",false,"{}","",true
569,Carters_rEdh,73,true,2026-02-10 19:11:31.836 +0530,2026-02-10 19:11:44.344 +0530,251,251,"{""saved_filter_preference"":[{""values"": [""CANADA O O ECOM""], ""operator"": ""in"", ""dimension"": ""product"", ""startYear"": null, ""disablePast"": null, ""disableType"": null, ""filter_type"": ""cascaded"", ""display_type"": ""dropdown"", ""disableFuture"": null, ""attribute_name"": ""l0_name"", ""disablePastWeeks"": null, ""disableFutureWeeks"": null, ""check_configuration"": [{""checkedRows"": [""CANADA O O ECOM""]}]}, {""values"": [""WOMENS""], ""operator"": ""in"", ""dimension"": ""product"", ""startYear"": null, ""disablePast"": null, ""disableType"": null, ""filter_type"": ""cascaded"", ""display_type"": ""dropdown"", ""disableFuture"": null, ""attribute_name"": ""l1_name"", ""disablePastWeeks"": null, ""disableFutureWeeks"": null, ""check_configuration"": [{""checkedRows"": [""WOMENS""]}]}]}",false,"{}","",true
570,Carters_LMa9,180,true,2026-02-10 19:30:13.333 +0530,2026-02-10 19:30:25.770 +0530,251,251,"{""saved_filter_preference"":[{""values"": [""CANADA O O ECOM""], ""operator"": ""in"", ""dimension"": ""product"", ""startYear"": null, ""disablePast"": null, ""disableType"": null, ""filter_type"": ""cascaded"", ""display_type"": ""dropdown"", ""disableFuture"": null, ""attribute_name"": ""l0_name"", ""disablePastWeeks"": null, ""disableFutureWeeks"": null, ""check_configuration"": [{""checkedRows"": [""CANADA O O ECOM""]}]}, {""values"": [""WOMENS""], ""operator"": ""in"", ""dimension"": ""product"", ""startYear"": null, ""disablePast"": null, ""disableType"": null, ""filter_type"": ""cascaded"", ""display_type"": ""dropdown"", ""disableFuture"": null, ""attribute_name"": ""l1_name"", ""disablePastWeeks"": null, ""disableFutureWeeks"": null, ""check_configuration"": [{""checkedRows"": [""WOMENS""]}]}]}",false,"{}","",true
571,Carters_GeKf,49,true,2026-02-10 19:41:09.568 +0530,2026-02-10 19:41:21.834 +0530,251,251,"{""saved_filter_preference"":[{""values"": [""CANADA O O ECOM""], ""operator"": ""in"", ""dimension"": ""product"", ""startYear"": null, ""disablePast"": null, ""disableType"": null, ""filter_type"": ""cascaded"", ""display_type"": ""dropdown"", ""disableFuture"": null, ""attribute_name"": ""l0_name"", ""disablePastWeeks"": null, ""disableFutureWeeks"": null, ""check_configuration"": null}, {""values"": [""WOMENS""], ""operator"": ""in"", ""dimension"": ""product"", ""startYear"": null, ""disablePast"": null, ""disableType"": null, ""filter_type"": ""cascaded"", ""display_type"": ""dropdown"", ""disableFuture"": null, ""attribute_name"": ""l1_name"", ""disablePastWeeks"": null, ""disableFutureWeeks"": null, ""check_configuration"": [{""checkedRows"": [""WOMENS""]}]}]}",false,"{}","",true
572,Carters_onqG,181,true,2026-02-10 19:49:34.757 +0530,2026-02-10 19:49:46.697 +0530,251,251,"{""saved_filter_preference"":[{""values"": [""CANADA O O ECOM""], ""operator"": ""in"", ""dimension"": ""product"", ""startYear"": null, ""disablePast"": null, ""disableType"": null, ""filter_type"": ""cascaded"", ""display_type"": ""dropdown"", ""disableFuture"": null, ""attribute_name"": ""l0_name"", ""disablePastWeeks"": null, ""disableFutureWeeks"": null, ""check_configuration"": null}, {""values"": [""WOMENS""], ""operator"": ""in"", ""dimension"": ""product"", ""startYear"": null, ""disablePast"": null, ""disableType"": null, ""filter_type"": ""cascaded"", ""display_type"": ""dropdown"", ""disableFuture"": null, ""attribute_name"": ""l1_name"", ""disablePastWeeks"": null, ""disableFutureWeeks"": null, ""check_configuration"": [{""checkedRows"": [""WOMENS""]}]}]}",false,"{}","",true
573,Carters_rogv,71,true,2026-02-10 20:30:03.275 +0530,2026-02-10 20:30:17.052 +0530,251,251,"{""saved_filter_preference"":[{""values"": [""CANADA O O ECOM""], ""operator"": ""in"", ""dimension"": ""product"", ""startYear"": null, ""disablePast"": null, ""disableType"": null, ""filter_type"": ""cascaded"", ""display_type"": ""dropdown"", ""disableFuture"": null, ""attribute_name"": ""l0_name"", ""disablePastWeeks"": null, ""disableFutureWeeks"": null, ""check_configuration"": [{""checkedRows"": [""CANADA O O ECOM""]}]}]}",false,"{}","",true
574,Carters_cmZz,63,true,2026-02-10 20:40:40.399 +0530,2026-02-10 20:40:52.571 +0530,251,251,"{""saved_filter_preference"":[{""values"": [""2025-07-01"", ""2025-07-15""], ""operator"": ""in"", ""dimension"": ""custom"", ""startYear"": null, ""disablePast"": null, ""disableType"": ""disableOnlyFuture"", ""filter_type"": ""non-cascaded"", ""display_type"": ""rangePicker"", ""disableFuture"": null, ""attribute_name"": ""range-picker"", ""disablePastWeeks"": null, ""disableFutureWeeks"": null, ""check_configuration"": []}, {""values"": [""CANADA O O OUTLET""], ""operator"": ""in"", ""dimension"": ""product"", ""startYear"": null, ""disablePast"": null, ""disableType"": null, ""filter_type"": ""cascaded"", ""display_type"": ""dropdown"", ""disableFuture"": null, ""attribute_name"": ""l0_name"", ""disablePastWeeks"": null, ""disableFutureWeeks"": null, ""check_configuration"": [{""checkedRows"": [""CANADA O O OUTLET""]}]}]}",false,"{}","",true
575,Carters_JuZo,316,false,2026-02-11 18:13:42.159 +0530,2026-02-11 18:13:54.532 +0530,251,251,"{""saved_filter_preference"":[{""values"": [""CANADA O O ECOM""], ""operator"": ""in"", ""dimension"": ""product"", ""startYear"": null, ""disablePast"": null, ""disableType"": null, ""filter_type"": ""cascaded"", ""display_type"": ""dropdown"", ""disableFuture"": null, ""attribute_name"": ""l0_name"", ""disablePastWeeks"": null, ""disableFutureWeeks"": null, ""check_configuration"": null}, {""values"": [""WOMENS""], ""operator"": ""in"", ""dimension"": ""product"", ""startYear"": null, ""disablePast"": null, ""disableType"": null, ""filter_type"": ""cascaded"", ""display_type"": ""dropdown"", ""disableFuture"": null, ""attribute_name"": ""l1_name"", ""disablePastWeeks"": null, ""disableFutureWeeks"": null, ""check_configuration"": [{""checkedRows"": [""WOMENS""]}]}]}",false,"{}","",true
576,Carters_zm0i,325,true,2026-02-11 18:35:11.984 +0530,2026-02-11 18:35:24.032 +0530,251,251,"{""saved_filter_preference"":[{""values"": [""CANADA O O ECOM""], ""operator"": ""in"", ""dimension"": ""product"", ""startYear"": null, ""disablePast"": null, ""disableType"": null, ""filter_type"": ""cascaded"", ""display_type"": ""dropdown"", ""disableFuture"": null, ""attribute_name"": ""l0_name"", ""disablePastWeeks"": null, ""disableFutureWeeks"": null, ""check_configuration"": null}, {""values"": [""WOMENS""], ""operator"": ""in"", ""dimension"": ""product"", ""startYear"": null, ""disablePast"": null, ""disableType"": null, ""filter_type"": ""cascaded"", ""display_type"": ""dropdown"", ""disableFuture"": null, ""attribute_name"": ""l1_name"", ""disablePastWeeks"": null, ""disableFutureWeeks"": null, ""check_configuration"": [{""checkedRows"": [""WOMENS""]}]}]}",false,"{}","",true
577,Carters_aJ85,73,true,2026-02-11 19:09:33.748 +0530,2026-02-11 19:09:47.467 +0530,251,251,"{""saved_filter_preference"":[{""values"": [""CANADA O O ECOM""], ""operator"": ""in"", ""dimension"": ""product"", ""startYear"": null, ""disablePast"": null, ""disableType"": null, ""filter_type"": ""cascaded"", ""display_type"": ""dropdown"", ""disableFuture"": null, ""attribute_name"": ""l0_name"", ""disablePastWeeks"": null, ""disableFutureWeeks"": null, ""check_configuration"": [{""checkedRows"": [""CANADA O O ECOM""]}]}, {""values"": [""WOMENS""], ""operator"": ""in"", ""dimension"": ""product"", ""startYear"": null, ""disablePast"": null, ""disableType"": null, ""filter_type"": ""cascaded"", ""display_type"": ""dropdown"", ""disableFuture"": null, ""attribute_name"": ""l1_name"", ""disablePastWeeks"": null, ""disableFutureWeeks"": null, ""check_configuration"": [{""checkedRows"": [""WOMENS""]}]}]}",false,"{}","",true
578,Carters_NNEU,180,true,2026-02-11 19:28:45.559 +0530,2026-02-11 19:28:58.005 +0530,251,251,"{""saved_filter_preference"":[{""values"": [""CANADA O O ECOM""], ""operator"": ""in"", ""dimension"": ""product"", ""startYear"": null, ""disablePast"": null, ""disableType"": null, ""filter_type"": ""cascaded"", ""display_type"": ""dropdown"", ""disableFuture"": null, ""attribute_name"": ""l0_name"", ""disablePastWeeks"": null, ""disableFutureWeeks"": null, ""check_configuration"": [{""checkedRows"": [""CANADA O O ECOM""]}]}, {""values"": [""WOMENS""], ""operator"": ""in"", ""dimension"": ""product"", ""startYear"": null, ""disablePast"": null, ""disableType"": null, ""filter_type"": ""cascaded"", ""display_type"": ""dropdown"", ""disableFuture"": null, ""attribute_name"": ""l1_name"", ""disablePastWeeks"": null, ""disableFutureWeeks"": null, ""check_configuration"": [{""checkedRows"": [""WOMENS""]}]}]}",false,"{}","",true
579,Carters_Jr15,49,true,2026-02-11 19:41:01.240 +0530,2026-02-11 19:41:13.373 +0530,251,251,"{""saved_filter_preference"":[{""values"": [""CANADA O O ECOM""], ""operator"": ""in"", ""dimension"": ""product"", ""startYear"": null, ""disablePast"": null, ""disableType"": null, ""filter_type"": ""cascaded"", ""display_type"": ""dropdown"", ""disableFuture"": null, ""attribute_name"": ""l0_name"", ""disablePastWeeks"": null, ""disableFutureWeeks"": null, ""check_configuration"": null}, {""values"": [""WOMENS""], ""operator"": ""in"", ""dimension"": ""product"", ""startYear"": null, ""disablePast"": null, ""disableType"": null, ""filter_type"": ""cascaded"", ""display_type"": ""dropdown"", ""disableFuture"": null, ""attribute_name"": ""l1_name"", ""disablePastWeeks"": null, ""disableFutureWeeks"": null, ""check_configuration"": [{""checkedRows"": [""WOMENS""]}]}]}",false,"{}","",true
580,Carters_HYh4,181,true,2026-02-11 19:50:24.525 +0530,2026-02-11 19:50:36.405 +0530,251,251,"{""saved_filter_preference"":[{""values"": [""CANADA O O ECOM""], ""operator"": ""in"", ""dimension"": ""product"", ""startYear"": null, ""disablePast"": null, ""disableType"": null, ""filter_type"": ""cascaded"", ""display_type"": ""dropdown"", ""disableFuture"": null, ""attribute_name"": ""l0_name"", ""disablePastWeeks"": null, ""disableFutureWeeks"": null, ""check_configuration"": null}, {""values"": [""WOMENS""], ""operator"": ""in"", ""dimension"": ""product"", ""startYear"": null, ""disablePast"": null, ""disableType"": null, ""filter_type"": ""cascaded"", ""display_type"": ""dropdown"", ""disableFuture"": null, ""attribute_name"": ""l1_name"", ""disablePastWeeks"": null, ""disableFutureWeeks"": null, ""check_configuration"": [{""checkedRows"": [""WOMENS""]}]}]}",false,"{}","",true
581,Carters_hXHp,71,true,2026-02-11 20:27:11.984 +0530,2026-02-11 20:27:23.878 +0530,251,251,"{""saved_filter_preference"":[{""values"": [""CANADA O O ECOM""], ""operator"": ""in"", ""dimension"": ""product"", ""startYear"": null, ""disablePast"": null, ""disableType"": null, ""filter_type"": ""cascaded"", ""display_type"": ""dropdown"", ""disableFuture"": null, ""attribute_name"": ""l0_name"", ""disablePastWeeks"": null, ""disableFutureWeeks"": null, ""check_configuration"": [{""checkedRows"": [""CANADA O O ECOM""]}]}]}",false,"{}","",true
582,Carters_53QG,63,true,2026-02-11 20:40:22.734 +0530,2026-02-11 20:40:34.697 +0530,251,251,"{""saved_filter_preference"":[{""values"": [""2025-07-01"", ""2025-07-15""], ""operator"": ""in"", ""dimension"": ""custom"", ""startYear"": null, ""disablePast"": null, ""disableType"": ""disableOnlyFuture"", ""filter_type"": ""non-cascaded"", ""display_type"": ""rangePicker"", ""disableFuture"": null, ""attribute_name"": ""range-picker"", ""disablePastWeeks"": null, ""disableFutureWeeks"": null, ""check_configuration"": []}, {""values"": [""CANADA O O OUTLET""], ""operator"": ""in"", ""dimension"": ""product"", ""startYear"": null, ""disablePast"": null, ""disableType"": null, ""filter_type"": ""cascaded"", ""display_type"": ""dropdown"", ""disableFuture"": null, ""attribute_name"": ""l0_name"", ""disablePastWeeks"": null, ""disableFutureWeeks"": null, ""check_configuration"": [{""checkedRows"": [""CANADA O O OUTLET""]}]}]}",false,"{}","",true
583,Carters_C0kF,316,false,2026-02-12 18:14:37.761 +0530,2026-02-12 18:14:49.555 +0530,251,251,"{""saved_filter_preference"":[{""values"": [""CANADA O O ECOM""], ""operator"": ""in"", ""dimension"": ""product"", ""startYear"": null, ""disablePast"": null, ""disableType"": null, ""filter_type"": ""cascaded"", ""display_type"": ""dropdown"", ""disableFuture"": null, ""attribute_name"": ""l0_name"", ""disablePastWeeks"": null, ""disableFutureWeeks"": null, ""check_configuration"": null}, {""values"": [""WOMENS""], ""operator"": ""in"", ""dimension"": ""product"", ""startYear"": null, ""disablePast"": null, ""disableType"": null, ""filter_type"": ""cascaded"", ""display_type"": ""dropdown"", ""disableFuture"": null, ""attribute_name"": ""l1_name"", ""disablePastWeeks"": null, ""disableFutureWeeks"": null, ""check_configuration"": [{""checkedRows"": [""WOMENS""]}]}]}",false,"{}","",true
584,Carters_ybPV,325,true,2026-02-12 18:38:25.016 +0530,2026-02-12 18:38:37.900 +0530,251,251,"{""saved_filter_preference"":[{""values"": [""CANADA O O ECOM""], ""operator"": ""in"", ""dimension"": ""product"", ""startYear"": null, ""disablePast"": null, ""disableType"": null, ""filter_type"": ""cascaded"", ""display_type"": ""dropdown"", ""disableFuture"": null, ""attribute_name"": ""l0_name"", ""disablePastWeeks"": null, ""disableFutureWeeks"": null, ""check_configuration"": null}, {""values"": [""WOMENS""], ""operator"": ""in"", ""dimension"": ""product"", ""startYear"": null, ""disablePast"": null, ""disableType"": null, ""filter_type"": ""cascaded"", ""display_type"": ""dropdown"", ""disableFuture"": null, ""attribute_name"": ""l1_name"", ""disablePastWeeks"": null, ""disableFutureWeeks"": null, ""check_configuration"": [{""checkedRows"": [""WOMENS""]}]}]}",false,"{}","",true
585,Carters_4Epv,73,true,2026-02-12 19:17:58.750 +0530,2026-02-12 19:18:10.573 +0530,251,251,"{""saved_filter_preference"":[{""values"": [""CANADA O O ECOM""], ""operator"": ""in"", ""dimension"": ""product"", ""startYear"": null, ""disablePast"": null, ""disableType"": null, ""filter_type"": ""cascaded"", ""display_type"": ""dropdown"", ""disableFuture"": null, ""attribute_name"": ""l0_name"", ""disablePastWeeks"": null, ""disableFutureWeeks"": null, ""check_configuration"": [{""checkedRows"": [""CANADA O O ECOM""]}]}, {""values"": [""WOMENS""], ""operator"": ""in"", ""dimension"": ""product"", ""startYear"": null, ""disablePast"": null, ""disableType"": null, ""filter_type"": ""cascaded"", ""display_type"": ""dropdown"", ""disableFuture"": null, ""attribute_name"": ""l1_name"", ""disablePastWeeks"": null, ""disableFutureWeeks"": null, ""check_configuration"": [{""checkedRows"": [""WOMENS""]}]}]}",false,"{}","",true
586,Carters_5sA5,180,true,2026-02-12 19:38:18.615 +0530,2026-02-12 19:38:30.495 +0530,251,251,"{""saved_filter_preference"":[{""values"": [""CANADA O O ECOM""], ""operator"": ""in"", ""dimension"": ""product"", ""startYear"": null, ""disablePast"": null, ""disableType"": null, ""filter_type"": ""cascaded"", ""display_type"": ""dropdown"", ""disableFuture"": null, ""attribute_name"": ""l0_name"", ""disablePastWeeks"": null, ""disableFutureWeeks"": null, ""check_configuration"": [{""checkedRows"": [""CANADA O O ECOM""]}]}, {""values"": [""WOMENS""], ""operator"": ""in"", ""dimension"": ""product"", ""startYear"": null, ""disablePast"": null, ""disableType"": null, ""filter_type"": ""cascaded"", ""display_type"": ""dropdown"", ""disableFuture"": null, ""attribute_name"": ""l1_name"", ""disablePastWeeks"": null, ""disableFutureWeeks"": null, ""check_configuration"": [{""checkedRows"": [""WOMENS""]}]}]}",false,"{}","",true
587,Carters_PgbD,49,true,2026-02-12 19:50:38.366 +0530,2026-02-12 19:51:49.720 +0530,251,251,"{""saved_filter_preference"":[{""values"": [""CANADA O O ECOM""], ""operator"": ""in"", ""dimension"": ""product"", ""startYear"": null, ""disablePast"": null, ""disableType"": null, ""filter_type"": ""cascaded"", ""display_type"": ""dropdown"", ""disableFuture"": null, ""attribute_name"": ""l0_name"", ""disablePastWeeks"": null, ""disableFutureWeeks"": null, ""check_configuration"": null}, {""values"": [""WOMENS""], ""operator"": ""in"", ""dimension"": ""product"", ""startYear"": null, ""disablePast"": null, ""disableType"": null, ""filter_type"": ""cascaded"", ""display_type"": ""dropdown"", ""disableFuture"": null, ""attribute_name"": ""l1_name"", ""disablePastWeeks"": null, ""disableFutureWeeks"": null, ""check_configuration"": [{""checkedRows"": [""WOMENS""]}]}]}",false,"{}","",true
588,Carters_SYlV,181,true,2026-02-12 20:00:25.220 +0530,2026-02-12 20:00:37.135 +0530,251,251,"{""saved_filter_preference"":[{""values"": [""CANADA O O ECOM""], ""operator"": ""in"", ""dimension"": ""product"", ""startYear"": null, ""disablePast"": null, ""disableType"": null, ""filter_type"": ""cascaded"", ""display_type"": ""dropdown"", ""disableFuture"": null, ""attribute_name"": ""l0_name"", ""disablePastWeeks"": null, ""disableFutureWeeks"": null, ""check_configuration"": null}, {""values"": [""WOMENS""], ""operator"": ""in"", ""dimension"": ""product"", ""startYear"": null, ""disablePast"": null, ""disableType"": null, ""filter_type"": ""cascaded"", ""display_type"": ""dropdown"", ""disableFuture"": null, ""attribute_name"": ""l1_name"", ""disablePastWeeks"": null, ""disableFutureWeeks"": null, ""check_configuration"": [{""checkedRows"": [""WOMENS""]}]}]}",false,"{}","",true
589,Carters_oAmi,316,false,2026-02-12 20:13:23.006 +0530,2026-02-12 20:13:35.029 +0530,251,251,"{""saved_filter_preference"":[{""values"": [""CANADA O O ECOM""], ""operator"": ""in"", ""dimension"": ""product"", ""startYear"": null, ""disablePast"": null, ""disableType"": null, ""filter_type"": ""cascaded"", ""display_type"": ""dropdown"", ""disableFuture"": null, ""attribute_name"": ""l0_name"", ""disablePastWeeks"": null, ""disableFutureWeeks"": null, ""check_configuration"": null}, {""values"": [""WOMENS""], ""operator"": ""in"", ""dimension"": ""product"", ""startYear"": null, ""disablePast"": null, ""disableType"": null, ""filter_type"": ""cascaded"", ""display_type"": ""dropdown"", ""disableFuture"": null, ""attribute_name"": ""l1_name"", ""disablePastWeeks"": null, ""disableFutureWeeks"": null, ""check_configuration"": [{""checkedRows"": [""WOMENS""]}]}]}",false,"{}","",true
590,Carters_HhQI,325,true,2026-02-12 20:36:38.580 +0530,2026-02-12 20:36:50.649 +0530,251,251,"{""saved_filter_preference"":[{""values"": [""CANADA O O ECOM""], ""operator"": ""in"", ""dimension"": ""product"", ""startYear"": null, ""disablePast"": null, ""disableType"": null, ""filter_type"": ""cascaded"", ""display_type"": ""dropdown"", ""disableFuture"": null, ""attribute_name"": ""l0_name"", ""disablePastWeeks"": null, ""disableFutureWeeks"": null, ""check_configuration"": null}, {""values"": [""WOMENS""], ""operator"": ""in"", ""dimension"": ""product"", ""startYear"": null, ""disablePast"": null, ""disableType"": null, ""filter_type"": ""cascaded"", ""display_type"": ""dropdown"", ""disableFuture"": null, ""attribute_name"": ""l1_name"", ""disablePastWeeks"": null, ""disableFutureWeeks"": null, ""check_configuration"": [{""checkedRows"": [""WOMENS""]}]}]}",false,"{}","",true
591,Carters_O1yl,71,true,2026-02-12 20:39:36.822 +0530,2026-02-12 20:39:48.650 +0530,251,251,"{""saved_filter_preference"":[{""values"": [""CANADA O O ECOM""], ""operator"": ""in"", ""dimension"": ""product"", ""startYear"": null, ""disablePast"": null, ""disableType"": null, ""filter_type"": ""cascaded"", ""display_type"": ""dropdown"", ""disableFuture"": null, ""attribute_name"": ""l0_name"", ""disablePastWeeks"": null, ""disableFutureWeeks"": null, ""check_configuration"": [{""checkedRows"": [""CANADA O O ECOM""]}]}]}",false,"{}","",true
592,Carters_CoVC,63,true,2026-02-12 20:52:54.138 +0530,2026-02-12 20:53:06.047 +0530,251,251,"{""saved_filter_preference"":[{""values"": [""2025-07-01"", ""2025-07-15""], ""operator"": ""in"", ""dimension"": ""custom"", ""startYear"": null, ""disablePast"": null, ""disableType"": ""disableOnlyFuture"", ""filter_type"": ""non-cascaded"", ""display_type"": ""rangePicker"", ""disableFuture"": null, ""attribute_name"": ""range-picker"", ""disablePastWeeks"": null, ""disableFutureWeeks"": null, ""check_configuration"": []}, {""values"": [""CANADA O O OUTLET""], ""operator"": ""in"", ""dimension"": ""product"", ""startYear"": null, ""disablePast"": null, ""disableType"": null, ""filter_type"": ""cascaded"", ""display_type"": ""dropdown"", ""disableFuture"": null, ""attribute_name"": ""l0_name"", ""disablePastWeeks"": null, ""disableFutureWeeks"": null, ""check_configuration"": [{""checkedRows"": [""CANADA O O OUTLET""]}]}]}",false,"{}","",true
593,Carters_Tyl0,73,true,2026-02-12 21:14:10.054 +0530,2026-02-12 21:14:22.626 +0530,251,251,"{""saved_filter_preference"":[{""values"": [""CANADA O O ECOM""], ""operator"": ""in"", ""dimension"": ""product"", ""startYear"": null, ""disablePast"": null, ""disableType"": null, ""filter_type"": ""cascaded"", ""display_type"": ""dropdown"", ""disableFuture"": null, ""attribute_name"": ""l0_name"", ""disablePastWeeks"": null, ""disableFutureWeeks"": null, ""check_configuration"": [{""checkedRows"": [""CANADA O O ECOM""]}]}, {""values"": [""WOMENS""], ""operator"": ""in"", ""dimension"": ""product"", ""startYear"": null, ""disablePast"": null, ""disableType"": null, ""filter_type"": ""cascaded"", ""display_type"": ""dropdown"", ""disableFuture"": null, ""attribute_name"": ""l1_name"", ""disablePastWeeks"": null, ""disableFutureWeeks"": null, ""check_configuration"": [{""checkedRows"": [""WOMENS""]}]}]}",false,"{}","",true
594,Carters_EbMW,180,true,2026-02-12 21:33:38.793 +0530,2026-02-12 21:33:51.154 +0530,251,251,"{""saved_filter_preference"":[{""values"": [""CANADA O O ECOM""], ""operator"": ""in"", ""dimension"": ""product"", ""startYear"": null, ""disablePast"": null, ""disableType"": null, ""filter_type"": ""cascaded"", ""display_type"": ""dropdown"", ""disableFuture"": null, ""attribute_name"": ""l0_name"", ""disablePastWeeks"": null, ""disableFutureWeeks"": null, ""check_configuration"": [{""checkedRows"": [""CANADA O O ECOM""]}]}, {""values"": [""WOMENS""], ""operator"": ""in"", ""dimension"": ""product"", ""startYear"": null, ""disablePast"": null, ""disableType"": null, ""filter_type"": ""cascaded"", ""display_type"": ""dropdown"", ""disableFuture"": null, ""attribute_name"": ""l1_name"", ""disablePastWeeks"": null, ""disableFutureWeeks"": null, ""check_configuration"": [{""checkedRows"": [""WOMENS""]}]}]}",false,"{}","",true
595,Carters_EJ8I,49,true,2026-02-12 21:45:58.474 +0530,2026-02-12 21:46:10.952 +0530,251,251,"{""saved_filter_preference"":[{""values"": [""CANADA O O ECOM""], ""operator"": ""in"", ""dimension"": ""product"", ""startYear"": null, ""disablePast"": null, ""disableType"": null, ""filter_type"": ""cascaded"", ""display_type"": ""dropdown"", ""disableFuture"": null, ""attribute_name"": ""l0_name"", ""disablePastWeeks"": null, ""disableFutureWeeks"": null, ""check_configuration"": null}, {""values"": [""WOMENS""], ""operator"": ""in"", ""dimension"": ""product"", ""startYear"": null, ""disablePast"": null, ""disableType"": null, ""filter_type"": ""cascaded"", ""display_type"": ""dropdown"", ""disableFuture"": null, ""attribute_name"": ""l1_name"", ""disablePastWeeks"": null, ""disableFutureWeeks"": null, ""check_configuration"": [{""checkedRows"": [""WOMENS""]}]}]}",false,"{}","",true
596,Carters_6HQY,181,true,2026-02-12 21:55:21.611 +0530,2026-02-12 21:55:34.640 +0530,251,251,"{""saved_filter_preference"":[{""values"": [""CANADA O O ECOM""], ""operator"": ""in"", ""dimension"": ""product"", ""startYear"": null, ""disablePast"": null, ""disableType"": null, ""filter_type"": ""cascaded"", ""display_type"": ""dropdown"", ""disableFuture"": null, ""attribute_name"": ""l0_name"", ""disablePastWeeks"": null, ""disableFutureWeeks"": null, ""check_configuration"": null}, {""values"": [""WOMENS""], ""operator"": ""in"", ""dimension"": ""product"", ""startYear"": null, ""disablePast"": null, ""disableType"": null, ""filter_type"": ""cascaded"", ""display_type"": ""dropdown"", ""disableFuture"": null, ""attribute_name"": ""l1_name"", ""disablePastWeeks"": null, ""disableFutureWeeks"": null, ""check_configuration"": [{""checkedRows"": [""WOMENS""]}]}]}",false,"{}","",true
597,Carters_f2Ia,71,true,2026-02-12 22:32:57.364 +0530,2026-02-12 22:33:10.496 +0530,251,251,"{""saved_filter_preference"":[{""values"": [""CANADA O O ECOM""], ""operator"": ""in"", ""dimension"": ""product"", ""startYear"": null, ""disablePast"": null, ""disableType"": null, ""filter_type"": ""cascaded"", ""display_type"": ""dropdown"", ""disableFuture"": null, ""attribute_name"": ""l0_name"", ""disablePastWeeks"": null, ""disableFutureWeeks"": null, ""check_configuration"": [{""checkedRows"": [""CANADA O O ECOM""]}]}]}",false,"{}","",true
598,Carters_c5a1,63,true,2026-02-12 22:42:13.572 +0530,2026-02-12 22:42:25.829 +0530,251,251,"{""saved_filter_preference"":[{""values"": [""2025-07-01"", ""2025-07-15""], ""operator"": ""in"", ""dimension"": ""custom"", ""startYear"": null, ""disablePast"": null, ""disableType"": ""disableOnlyFuture"", ""filter_type"": ""non-cascaded"", ""display_type"": ""rangePicker"", ""disableFuture"": null, ""attribute_name"": ""range-picker"", ""disablePastWeeks"": null, ""disableFutureWeeks"": null, ""check_configuration"": []}, {""values"": [""CANADA O O OUTLET""], ""operator"": ""in"", ""dimension"": ""product"", ""startYear"": null, ""disablePast"": null, ""disableType"": null, ""filter_type"": ""cascaded"", ""display_type"": ""dropdown"", ""disableFuture"": null, ""attribute_name"": ""l0_name"", ""disablePastWeeks"": null, ""disableFutureWeeks"": null, ""check_configuration"": [{""checkedRows"": [""CANADA O O OUTLET""]}]}]}",false,"{}","",true
599,sd-test,161,false,2026-02-13 15:14:41.220 +0530,2026-02-13 17:20:12.375 +0530,251,251,"{""saved_filter_preference"":[{""values"": [""CANADA O O ECOM""], ""operator"": ""in"", ""dimension"": ""product"", ""startYear"": null, ""disablePast"": null, ""disableType"": null, ""filter_type"": ""cascaded"", ""display_type"": ""dropdown"", ""disableFuture"": null, ""attribute_name"": ""l0_name"", ""disablePastWeeks"": null, ""disableFutureWeeks"": null, ""check_configuration"": [{""checkedRows"": [""CANADA O O ECOM""]}]}, {""values"": ""2026-02-11"", ""operator"": ""in"", ""dimension"": ""custom"", ""startYear"": null, ""disablePast"": null, ""disableType"": null, ""filter_type"": ""non-cascaded"", ""display_type"": ""DateTimeField"", ""disableFuture"": true, ""attribute_name"": ""created_at"", ""disablePastWeeks"": null, ""disableFutureWeeks"": null, ""check_configuration"": []}]}",false,"{}","",true
600,Carters_bsKn,316,false,2026-02-13 17:11:46.173 +0530,2026-02-13 17:11:58.572 +0530,251,251,"{""saved_filter_preference"":[{""values"": [""CANADA O O ECOM""], ""operator"": ""in"", ""dimension"": ""product"", ""startYear"": null, ""disablePast"": null, ""disableType"": null, ""filter_type"": ""cascaded"", ""display_type"": ""dropdown"", ""disableFuture"": null, ""attribute_name"": ""l0_name"", ""disablePastWeeks"": null, ""disableFutureWeeks"": null, ""check_configuration"": null}, {""values"": [""WOMENS""], ""operator"": ""in"", ""dimension"": ""product"", ""startYear"": null, ""disablePast"": null, ""disableType"": null, ""filter_type"": ""cascaded"", ""display_type"": ""dropdown"", ""disableFuture"": null, ""attribute_name"": ""l1_name"", ""disablePastWeeks"": null, ""disableFutureWeeks"": null, ""check_configuration"": [{""checkedRows"": [""WOMENS""]}]}]}",false,"{}","",true
601,Carters_FjPj,325,true,2026-02-13 17:34:30.345 +0530,2026-02-13 17:34:43.767 +0530,251,251,"{""saved_filter_preference"":[{""values"": [""CANADA O O ECOM""], ""operator"": ""in"", ""dimension"": ""product"", ""startYear"": null, ""disablePast"": null, ""disableType"": null, ""filter_type"": ""cascaded"", ""display_type"": ""dropdown"", ""disableFuture"": null, ""attribute_name"": ""l0_name"", ""disablePastWeeks"": null, ""disableFutureWeeks"": null, ""check_configuration"": null}, {""values"": [""WOMENS""], ""operator"": ""in"", ""dimension"": ""product"", ""startYear"": null, ""disablePast"": null, ""disableType"": null, ""filter_type"": ""cascaded"", ""display_type"": ""dropdown"", ""disableFuture"": null, ""attribute_name"": ""l1_name"", ""disablePastWeeks"": null, ""disableFutureWeeks"": null, ""check_configuration"": [{""checkedRows"": [""WOMENS""]}]}]}",false,"{}","",true
602,Carters_GhIP,73,true,2026-02-13 18:09:56.195 +0530,2026-02-13 18:10:08.943 +0530,251,251,"{""saved_filter_preference"":[{""values"": [""CANADA O O ECOM""], ""operator"": ""in"", ""dimension"": ""product"", ""startYear"": null, ""disablePast"": null, ""disableType"": null, ""filter_type"": ""cascaded"", ""display_type"": ""dropdown"", ""disableFuture"": null, ""attribute_name"": ""l0_name"", ""disablePastWeeks"": null, ""disableFutureWeeks"": null, ""check_configuration"": [{""checkedRows"": [""CANADA O O ECOM""]}]}, {""values"": [""WOMENS""], ""operator"": ""in"", ""dimension"": ""product"", ""startYear"": null, ""disablePast"": null, ""disableType"": null, ""filter_type"": ""cascaded"", ""display_type"": ""dropdown"", ""disableFuture"": null, ""attribute_name"": ""l1_name"", ""disablePastWeeks"": null, ""disableFutureWeeks"": null, ""check_configuration"": [{""checkedRows"": [""WOMENS""]}]}]}",false,"{}","",true
603,Carters_iZRC,180,true,2026-02-13 18:31:19.295 +0530,2026-02-13 18:31:34.368 +0530,251,251,"{""saved_filter_preference"":[{""values"": [""CANADA O O ECOM""], ""operator"": ""in"", ""dimension"": ""product"", ""startYear"": null, ""disablePast"": null, ""disableType"": null, ""filter_type"": ""cascaded"", ""display_type"": ""dropdown"", ""disableFuture"": null, ""attribute_name"": ""l0_name"", ""disablePastWeeks"": null, ""disableFutureWeeks"": null, ""check_configuration"": [{""checkedRows"": [""CANADA O O ECOM""]}]}, {""values"": [""WOMENS""], ""operator"": ""in"", ""dimension"": ""product"", ""startYear"": null, ""disablePast"": null, ""disableType"": null, ""filter_type"": ""cascaded"", ""display_type"": ""dropdown"", ""disableFuture"": null, ""attribute_name"": ""l1_name"", ""disablePastWeeks"": null, ""disableFutureWeeks"": null, ""check_configuration"": [{""checkedRows"": [""WOMENS""]}]}]}",false,"{}","",true
604,Carters_b4jm,49,true,2026-02-13 18:42:36.103 +0530,2026-02-13 18:42:48.294 +0530,251,251,"{""saved_filter_preference"":[{""values"": [""CANADA O O ECOM""], ""operator"": ""in"", ""dimension"": ""product"", ""startYear"": null, ""disablePast"": null, ""disableType"": null, ""filter_type"": ""cascaded"", ""display_type"": ""dropdown"", ""disableFuture"": null, ""attribute_name"": ""l0_name"", ""disablePastWeeks"": null, ""disableFutureWeeks"": null, ""check_configuration"": null}, {""values"": [""WOMENS""], ""operator"": ""in"", ""dimension"": ""product"", ""startYear"": null, ""disablePast"": null, ""disableType"": null, ""filter_type"": ""cascaded"", ""display_type"": ""dropdown"", ""disableFuture"": null, ""attribute_name"": ""l1_name"", ""disablePastWeeks"": null, ""disableFutureWeeks"": null, ""check_configuration"": [{""checkedRows"": [""WOMENS""]}]}]}",false,"{}","",true
605,Carters_XYnV,181,true,2026-02-13 18:54:54.566 +0530,2026-02-13 18:55:07.415 +0530,251,251,"{""saved_filter_preference"":[{""values"": [""CANADA O O ECOM""], ""operator"": ""in"", ""dimension"": ""product"", ""startYear"": null, ""disablePast"": null, ""disableType"": null, ""filter_type"": ""cascaded"", ""display_type"": ""dropdown"", ""disableFuture"": null, ""attribute_name"": ""l0_name"", ""disablePastWeeks"": null, ""disableFutureWeeks"": null, ""check_configuration"": null}, {""values"": [""WOMENS""], ""operator"": ""in"", ""dimension"": ""product"", ""startYear"": null, ""disablePast"": null, ""disableType"": null, ""filter_type"": ""cascaded"", ""display_type"": ""dropdown"", ""disableFuture"": null, ""attribute_name"": ""l1_name"", ""disablePastWeeks"": null, ""disableFutureWeeks"": null, ""check_configuration"": [{""checkedRows"": [""WOMENS""]}]}]}",false,"{}","",true
606,sd-test,161,false,2026-02-13 19:12:28.452 +0530,2026-02-16 15:54:48.891 +0530,251,251,"{""saved_filter_preference"":[{""values"": [""CANADA O O ECOM""], ""operator"": ""in"", ""dimension"": ""product"", ""startYear"": null, ""disablePast"": null, ""disableType"": null, ""filter_type"": ""cascaded"", ""display_type"": ""dropdown"", ""disableFuture"": null, ""attribute_name"": ""l0_name"", ""disablePastWeeks"": null, ""disableFutureWeeks"": null, ""check_configuration"": [{""checkedRows"": [""CANADA O O ECOM""]}]}, {""values"": ""2026-02-11"", ""operator"": ""in"", ""dimension"": ""custom"", ""startYear"": null, ""disablePast"": null, ""disableType"": null, ""filter_type"": ""non-cascaded"", ""display_type"": ""DateTimeField"", ""disableFuture"": true, ""attribute_name"": ""created_at"", ""disablePastWeeks"": null, ""disableFutureWeeks"": null, ""check_configuration"": []}]}",false,"{}","",true
607,Carters_iPu5,71,true,2026-02-13 19:36:04.617 +0530,2026-02-13 19:36:18.569 +0530,251,251,"{""saved_filter_preference"":[{""values"": [""CANADA O O ECOM""], ""operator"": ""in"", ""dimension"": ""product"", ""startYear"": null, ""disablePast"": null, ""disableType"": null, ""filter_type"": ""cascaded"", ""display_type"": ""dropdown"", ""disableFuture"": null, ""attribute_name"": ""l0_name"", ""disablePastWeeks"": null, ""disableFutureWeeks"": null, ""check_configuration"": [{""checkedRows"": [""CANADA O O ECOM""]}]}]}",false,"{}","",true
608,Carters_lGsP,63,true,2026-02-13 19:58:19.310 +0530,2026-02-13 19:58:31.356 +0530,251,251,"{""saved_filter_preference"":[{""values"": [""2025-07-01"", ""2025-07-15""], ""operator"": ""in"", ""dimension"": ""custom"", ""startYear"": null, ""disablePast"": null, ""disableType"": ""disableOnlyFuture"", ""filter_type"": ""non-cascaded"", ""display_type"": ""rangePicker"", ""disableFuture"": null, ""attribute_name"": ""range-picker"", ""disablePastWeeks"": null, ""disableFutureWeeks"": null, ""check_configuration"": []}, {""values"": [""CANADA O O OUTLET""], ""operator"": ""in"", ""dimension"": ""product"", ""startYear"": null, ""disablePast"": null, ""disableType"": null, ""filter_type"": ""cascaded"", ""display_type"": ""dropdown"", ""disableFuture"": null, ""attribute_name"": ""l0_name"", ""disablePastWeeks"": null, ""disableFutureWeeks"": null, ""check_configuration"": [{""checkedRows"": [""CANADA O O OUTLET""]}]}]}",false,"{}","",true
609,sd-test1,161,false,2026-02-16 15:56:50.657 +0530,2026-02-16 15:56:50.657 +0530,251,251,"{""saved_filter_preference"":[{""values"": [""CANADA O O ECOM""], ""operator"": ""in"", ""dimension"": ""product"", ""startYear"": null, ""disablePast"": null, ""disableType"": null, ""filter_type"": ""cascaded"", ""display_type"": ""dropdown"", ""disableFuture"": null, ""attribute_name"": ""l0_name"", ""disablePastWeeks"": null, ""disableFutureWeeks"": null, ""check_configuration"": [{""checkedRows"": [""CANADA O O ECOM""]}]}, {""values"": [""BOYS"", ""GIRLS"", ""MENS"", ""WOMENS""], ""operator"": ""in"", ""dimension"": ""product"", ""startYear"": null, ""disablePast"": null, ""disableType"": null, ""filter_type"": ""cascaded"", ""display_type"": ""dropdown"", ""disableFuture"": null, ""attribute_name"": ""l1_name"", ""disablePastWeeks"": null, ""disableFutureWeeks"": null, ""check_configuration"": [{""meta"": {}, ""checkAll"": true}]}, {""values"": ""2026-02-16"", ""operator"": ""in"", ""dimension"": ""custom"", ""startYear"": null, ""disablePast"": null, ""disableType"": null, ""filter_type"": ""non-cascaded"", ""display_type"": ""DateTimeField"", ""disableFuture"": true, ""attribute_name"": ""created_at"", ""disablePastWeeks"": null, ""disableFutureWeeks"": null, ""check_configuration"": []}]}",false,"{}","",false
610,sd-test2,161,false,2026-02-16 15:57:17.512 +0530,2026-02-16 15:57:17.512 +0530,251,251,"{""saved_filter_preference"":[{""values"": [""CANADA O O MAINLINE""], ""operator"": ""in"", ""dimension"": ""product"", ""startYear"": null, ""disablePast"": null, ""disableType"": null, ""filter_type"": ""cascaded"", ""display_type"": ""dropdown"", ""disableFuture"": null, ""attribute_name"": ""l0_name"", ""disablePastWeeks"": null, ""disableFutureWeeks"": null, ""check_configuration"": [{""checkedRows"": [""CANADA O O MAINLINE""]}]}, {""values"": ""2026-02-16"", ""operator"": ""in"", ""dimension"": ""custom"", ""startYear"": null, ""disablePast"": null, ""disableType"": null, ""filter_type"": ""non-cascaded"", ""display_type"": ""DateTimeField"", ""disableFuture"": true, ""attribute_name"": ""created_at"", ""disablePastWeeks"": null, ""disableFutureWeeks"": null, ""check_configuration"": []}]}",false,"{}","",false
611,Carters_fJOR,316,false,2026-02-16 18:14:59.113 +0530,2026-02-16 18:15:11.987 +0530,251,251,"{""saved_filter_preference"":[{""values"": [""CANADA O O ECOM""], ""operator"": ""in"", ""dimension"": ""product"", ""startYear"": null, ""disablePast"": null, ""disableType"": null, ""filter_type"": ""cascaded"", ""display_type"": ""dropdown"", ""disableFuture"": null, ""attribute_name"": ""l0_name"", ""disablePastWeeks"": null, ""disableFutureWeeks"": null, ""check_configuration"": null}, {""values"": [""WOMENS""], ""operator"": ""in"", ""dimension"": ""product"", ""startYear"": null, ""disablePast"": null, ""disableType"": null, ""filter_type"": ""cascaded"", ""display_type"": ""dropdown"", ""disableFuture"": null, ""attribute_name"": ""l1_name"", ""disablePastWeeks"": null, ""disableFutureWeeks"": null, ""check_configuration"": [{""checkedRows"": [""WOMENS""]}]}]}",false,"{}","",true
612,Carters_7SKw,325,true,2026-02-16 18:38:07.988 +0530,2026-02-16 18:38:21.075 +0530,251,251,"{""saved_filter_preference"":[{""values"": [""CANADA O O ECOM""], ""operator"": ""in"", ""dimension"": ""product"", ""startYear"": null, ""disablePast"": null, ""disableType"": null, ""filter_type"": ""cascaded"", ""display_type"": ""dropdown"", ""disableFuture"": null, ""attribute_name"": ""l0_name"", ""disablePastWeeks"": null, ""disableFutureWeeks"": null, ""check_configuration"": null}, {""values"": [""WOMENS""], ""operator"": ""in"", ""dimension"": ""product"", ""startYear"": null, ""disablePast"": null, ""disableType"": null, ""filter_type"": ""cascaded"", ""display_type"": ""dropdown"", ""disableFuture"": null, ""attribute_name"": ""l1_name"", ""disablePastWeeks"": null, ""disableFutureWeeks"": null, ""check_configuration"": [{""checkedRows"": [""WOMENS""]}]}]}",false,"{}","",true
613,Carters_ywiM,73,true,2026-02-16 19:34:40.094 +0530,2026-02-16 19:34:52.735 +0530,251,251,"{""saved_filter_preference"":[{""values"": [""CANADA O O ECOM""], ""operator"": ""in"", ""dimension"": ""product"", ""startYear"": null, ""disablePast"": null, ""disableType"": null, ""filter_type"": ""cascaded"", ""display_type"": ""dropdown"", ""disableFuture"": null, ""attribute_name"": ""l0_name"", ""disablePastWeeks"": null, ""disableFutureWeeks"": null, ""check_configuration"": [{""checkedRows"": [""CANADA O O ECOM""]}]}, {""values"": [""WOMENS""], ""operator"": ""in"", ""dimension"": ""product"", ""startYear"": null, ""disablePast"": null, ""disableType"": null, ""filter_type"": ""cascaded"", ""display_type"": ""dropdown"", ""disableFuture"": null, ""attribute_name"": ""l1_name"", ""disablePastWeeks"": null, ""disableFutureWeeks"": null, ""check_configuration"": [{""checkedRows"": [""WOMENS""]}]}]}",false,"{}","",true
614,Carters_PCPm,180,true,2026-02-16 20:00:14.630 +0530,2026-02-16 20:00:26.505 +0530,251,251,"{""saved_filter_preference"":[{""values"": [""CANADA O O ECOM""], ""operator"": ""in"", ""dimension"": ""product"", ""startYear"": null, ""disablePast"": null, ""disableType"": null, ""filter_type"": ""cascaded"", ""display_type"": ""dropdown"", ""disableFuture"": null, ""attribute_name"": ""l0_name"", ""disablePastWeeks"": null, ""disableFutureWeeks"": null, ""check_configuration"": [{""checkedRows"": [""CANADA O O ECOM""]}]}, {""values"": [""WOMENS""], ""operator"": ""in"", ""dimension"": ""product"", ""startYear"": null, ""disablePast"": null, ""disableType"": null, ""filter_type"": ""cascaded"", ""display_type"": ""dropdown"", ""disableFuture"": null, ""attribute_name"": ""l1_name"", ""disablePastWeeks"": null, ""disableFutureWeeks"": null, ""check_configuration"": [{""checkedRows"": [""WOMENS""]}]}]}",false,"{}","",true
615,Carters_BG1Q,49,true,2026-02-16 20:13:59.131 +0530,2026-02-16 20:14:11.345 +0530,251,251,"{""saved_filter_preference"":[{""values"": [""CANADA O O ECOM""], ""operator"": ""in"", ""dimension"": ""product"", ""startYear"": null, ""disablePast"": null, ""disableType"": null, ""filter_type"": ""cascaded"", ""display_type"": ""dropdown"", ""disableFuture"": null, ""attribute_name"": ""l0_name"", ""disablePastWeeks"": null, ""disableFutureWeeks"": null, ""check_configuration"": null}, {""values"": [""WOMENS""], ""operator"": ""in"", ""dimension"": ""product"", ""startYear"": null, ""disablePast"": null, ""disableType"": null, ""filter_type"": ""cascaded"", ""display_type"": ""dropdown"", ""disableFuture"": null, ""attribute_name"": ""l1_name"", ""disablePastWeeks"": null, ""disableFutureWeeks"": null, ""check_configuration"": [{""checkedRows"": [""WOMENS""]}]}]}",false,"{}","",true
616,Carters_l0FK,181,true,2026-02-16 20:23:33.941 +0530,2026-02-16 20:23:47.846 +0530,251,251,"{""saved_filter_preference"":[{""values"": [""CANADA O O ECOM""], ""operator"": ""in"", ""dimension"": ""product"", ""startYear"": null, ""disablePast"": null, ""disableType"": null, ""filter_type"": ""cascaded"", ""display_type"": ""dropdown"", ""disableFuture"": null, ""attribute_name"": ""l0_name"", ""disablePastWeeks"": null, ""disableFutureWeeks"": null, ""check_configuration"": null}, {""values"": [""WOMENS""], ""operator"": ""in"", ""dimension"": ""product"", ""startYear"": null, ""disablePast"": null, ""disableType"": null, ""filter_type"": ""cascaded"", ""display_type"": ""dropdown"", ""disableFuture"": null, ""attribute_name"": ""l1_name"", ""disablePastWeeks"": null, ""disableFutureWeeks"": null, ""check_configuration"": [{""checkedRows"": [""WOMENS""]}]}]}",false,"{}","",true
617,Carters_oc8C,71,true,2026-02-16 21:08:20.317 +0530,2026-02-16 21:08:33.141 +0530,251,251,"{""saved_filter_preference"":[{""values"": [""CANADA O O ECOM""], ""operator"": ""in"", ""dimension"": ""product"", ""startYear"": null, ""disablePast"": null, ""disableType"": null, ""filter_type"": ""cascaded"", ""display_type"": ""dropdown"", ""disableFuture"": null, ""attribute_name"": ""l0_name"", ""disablePastWeeks"": null, ""disableFutureWeeks"": null, ""check_configuration"": [{""checkedRows"": [""CANADA O O ECOM""]}]}]}",false,"{}","",true
618,Carters_lCHm,63,true,2026-02-16 21:20:46.020 +0530,2026-02-16 21:20:57.492 +0530,251,251,"{""saved_filter_preference"":[{""values"": [""2025-07-01"", ""2025-07-15""], ""operator"": ""in"", ""dimension"": ""custom"", ""startYear"": null, ""disablePast"": null, ""disableType"": ""disableOnlyFuture"", ""filter_type"": ""non-cascaded"", ""display_type"": ""rangePicker"", ""disableFuture"": null, ""attribute_name"": ""range-picker"", ""disablePastWeeks"": null, ""disableFutureWeeks"": null, ""check_configuration"": []}, {""values"": [""CANADA O O OUTLET""], ""operator"": ""in"", ""dimension"": ""product"", ""startYear"": null, ""disablePast"": null, ""disableType"": null, ""filter_type"": ""cascaded"", ""display_type"": ""dropdown"", ""disableFuture"": null, ""attribute_name"": ""l0_name"", ""disablePastWeeks"": null, ""disableFutureWeeks"": null, ""check_configuration"": [{""checkedRows"": [""CANADA O O OUTLET""]}]}]}",false,"{}","",true
619,sd-test1,55,false,2026-02-17 15:50:03.749 +0530,2026-02-17 15:50:03.749 +0530,251,251,"{""saved_filter_preference"":[{""values"": [""CANADA O O ECOM""], ""operator"": ""in"", ""dimension"": ""product"", ""startYear"": null, ""disablePast"": null, ""disableType"": null, ""filter_type"": ""cascaded"", ""display_type"": ""dropdown"", ""disableFuture"": null, ""attribute_name"": ""l0_name"", ""disablePastWeeks"": null, ""disableFutureWeeks"": null, ""check_configuration"": [{""checkedRows"": [""CANADA O O ECOM""]}]}, {""values"": [""BOYS"", ""GIRLS"", ""MENS"", ""WOMENS""], ""operator"": ""in"", ""dimension"": ""product"", ""startYear"": null, ""disablePast"": null, ""disableType"": null, ""filter_type"": ""cascaded"", ""display_type"": ""dropdown"", ""disableFuture"": null, ""attribute_name"": ""l1_name"", ""disablePastWeeks"": null, ""disableFutureWeeks"": null, ""check_configuration"": [{""meta"": {}, ""checkAll"": true}]}]}",false,"{}","",false
620,sd-test2,55,false,2026-02-17 15:50:30.497 +0530,2026-02-17 15:50:30.497 +0530,251,251,"{""saved_filter_preference"":[{""values"": [""CANADA O O MAINLINE""], ""operator"": ""in"", ""dimension"": ""product"", ""startYear"": null, ""disablePast"": null, ""disableType"": null, ""filter_type"": ""cascaded"", ""display_type"": ""dropdown"", ""disableFuture"": null, ""attribute_name"": ""l0_name"", ""disablePastWeeks"": null, ""disableFutureWeeks"": null, ""check_configuration"": [{""checkedRows"": [""CANADA O O MAINLINE""]}]}, {""values"": [""BOYS"", ""GIRLS"", ""MENS"", ""WOMENS""], ""operator"": ""in"", ""dimension"": ""product"", ""startYear"": null, ""disablePast"": null, ""disableType"": null, ""filter_type"": ""cascaded"", ""display_type"": ""dropdown"", ""disableFuture"": null, ""attribute_name"": ""l1_name"", ""disablePastWeeks"": null, ""disableFutureWeeks"": null, ""check_configuration"": [{""meta"": {}, ""checkAll"": true}]}, {""values"": [""ACCESSORIES"", ""BOTTOMS"", ""FOOTWEAR"", ""TOPS""], ""operator"": ""in"", ""dimension"": ""product"", ""startYear"": null, ""disablePast"": null, ""disableType"": null, ""filter_type"": ""cascaded"", ""display_type"": ""dropdown"", ""disableFuture"": null, ""attribute_name"": ""l3_name"", ""disablePastWeeks"": null, ""disableFutureWeeks"": null, ""check_configuration"": [{""meta"": {}, ""checkAll"": true}]}]}",false,"{}","",false
621,Carters_npB1,316,false,2026-02-17 18:14:39.284 +0530,2026-02-17 18:14:51.158 +0530,251,251,"{""saved_filter_preference"":[{""values"": [""CANADA O O ECOM""], ""operator"": ""in"", ""dimension"": ""product"", ""startYear"": null, ""disablePast"": null, ""disableType"": null, ""filter_type"": ""cascaded"", ""display_type"": ""dropdown"", ""disableFuture"": null, ""attribute_name"": ""l0_name"", ""disablePastWeeks"": null, ""disableFutureWeeks"": null, ""check_configuration"": null}, {""values"": [""WOMENS""], ""operator"": ""in"", ""dimension"": ""product"", ""startYear"": null, ""disablePast"": null, ""disableType"": null, ""filter_type"": ""cascaded"", ""display_type"": ""dropdown"", ""disableFuture"": null, ""attribute_name"": ""l1_name"", ""disablePastWeeks"": null, ""disableFutureWeeks"": null, ""check_configuration"": [{""checkedRows"": [""WOMENS""]}]}]}",false,"{}","",true
622,Carters_DbHx,325,true,2026-02-17 18:38:08.588 +0530,2026-02-17 18:38:20.541 +0530,251,251,"{""saved_filter_preference"":[{""values"": [""CANADA O O ECOM""], ""operator"": ""in"", ""dimension"": ""product"", ""startYear"": null, ""disablePast"": null, ""disableType"": null, ""filter_type"": ""cascaded"", ""display_type"": ""dropdown"", ""disableFuture"": null, ""attribute_name"": ""l0_name"", ""disablePastWeeks"": null, ""disableFutureWeeks"": null, ""check_configuration"": null}, {""values"": [""WOMENS""], ""operator"": ""in"", ""dimension"": ""product"", ""startYear"": null, ""disablePast"": null, ""disableType"": null, ""filter_type"": ""cascaded"", ""display_type"": ""dropdown"", ""disableFuture"": null, ""attribute_name"": ""l1_name"", ""disablePastWeeks"": null, ""disableFutureWeeks"": null, ""check_configuration"": [{""checkedRows"": [""WOMENS""]}]}]}",false,"{}","",true
623,Carters_VX8h,73,true,2026-02-17 19:10:05.230 +0530,2026-02-17 19:10:17.816 +0530,251,251,"{""saved_filter_preference"":[{""values"": [""CANADA O O ECOM""], ""operator"": ""in"", ""dimension"": ""product"", ""startYear"": null, ""disablePast"": null, ""disableType"": null, ""filter_type"": ""cascaded"", ""display_type"": ""dropdown"", ""disableFuture"": null, ""attribute_name"": ""l0_name"", ""disablePastWeeks"": null, ""disableFutureWeeks"": null, ""check_configuration"": [{""checkedRows"": [""CANADA O O ECOM""]}]}, {""values"": [""WOMENS""], ""operator"": ""in"", ""dimension"": ""product"", ""startYear"": null, ""disablePast"": null, ""disableType"": null, ""filter_type"": ""cascaded"", ""display_type"": ""dropdown"", ""disableFuture"": null, ""attribute_name"": ""l1_name"", ""disablePastWeeks"": null, ""disableFutureWeeks"": null, ""check_configuration"": [{""checkedRows"": [""WOMENS""]}]}]}",false,"{}","",true
624,Carters_F9zM,180,true,2026-02-17 19:29:27.413 +0530,2026-02-17 19:29:41.987 +0530,251,251,"{""saved_filter_preference"":[{""values"": [""CANADA O O ECOM""], ""operator"": ""in"", ""dimension"": ""product"", ""startYear"": null, ""disablePast"": null, ""disableType"": null, ""filter_type"": ""cascaded"", ""display_type"": ""dropdown"", ""disableFuture"": null, ""attribute_name"": ""l0_name"", ""disablePastWeeks"": null, ""disableFutureWeeks"": null, ""check_configuration"": [{""checkedRows"": [""CANADA O O ECOM""]}]}, {""values"": [""WOMENS""], ""operator"": ""in"", ""dimension"": ""product"", ""startYear"": null, ""disablePast"": null, ""disableType"": null, ""filter_type"": ""cascaded"", ""display_type"": ""dropdown"", ""disableFuture"": null, ""attribute_name"": ""l1_name"", ""disablePastWeeks"": null, ""disableFutureWeeks"": null, ""check_configuration"": [{""checkedRows"": [""WOMENS""]}]}]}",false,"{}","",true
625,Carters_bzLo,49,true,2026-02-17 19:41:30.910 +0530,2026-02-17 19:41:44.802 +0530,251,251,"{""saved_filter_preference"":[{""values"": [""CANADA O O ECOM""], ""operator"": ""in"", ""dimension"": ""product"", ""startYear"": null, ""disablePast"": null, ""disableType"": null, ""filter_type"": ""cascaded"", ""display_type"": ""dropdown"", ""disableFuture"": null, ""attribute_name"": ""l0_name"", ""disablePastWeeks"": null, ""disableFutureWeeks"": null, ""check_configuration"": null}, {""values"": [""WOMENS""], ""operator"": ""in"", ""dimension"": ""product"", ""startYear"": null, ""disablePast"": null, ""disableType"": null, ""filter_type"": ""cascaded"", ""display_type"": ""dropdown"", ""disableFuture"": null, ""attribute_name"": ""l1_name"", ""disablePastWeeks"": null, ""disableFutureWeeks"": null, ""check_configuration"": [{""checkedRows"": [""WOMENS""]}]}]}",false,"{}","",true
626,Carters_45OK,181,true,2026-02-17 19:50:39.087 +0530,2026-02-17 19:50:52.311 +0530,251,251,"{""saved_filter_preference"":[{""values"": [""CANADA O O ECOM""], ""operator"": ""in"", ""dimension"": ""product"", ""startYear"": null, ""disablePast"": null, ""disableType"": null, ""filter_type"": ""cascaded"", ""display_type"": ""dropdown"", ""disableFuture"": null, ""attribute_name"": ""l0_name"", ""disablePastWeeks"": null, ""disableFutureWeeks"": null, ""check_configuration"": null}, {""values"": [""WOMENS""], ""operator"": ""in"", ""dimension"": ""product"", ""startYear"": null, ""disablePast"": null, ""disableType"": null, ""filter_type"": ""cascaded"", ""display_type"": ""dropdown"", ""disableFuture"": null, ""attribute_name"": ""l1_name"", ""disablePastWeeks"": null, ""disableFutureWeeks"": null, ""check_configuration"": [{""checkedRows"": [""WOMENS""]}]}]}",false,"{}","",true
627,Carters_rMhf,71,true,2026-02-17 20:30:19.847 +0530,2026-02-17 20:30:32.098 +0530,251,251,"{""saved_filter_preference"":[{""values"": [""CANADA O O ECOM""], ""operator"": ""in"", ""dimension"": ""product"", ""startYear"": null, ""disablePast"": null, ""disableType"": null, ""filter_type"": ""cascaded"", ""display_type"": ""dropdown"", ""disableFuture"": null, ""attribute_name"": ""l0_name"", ""disablePastWeeks"": null, ""disableFutureWeeks"": null, ""check_configuration"": [{""checkedRows"": [""CANADA O O ECOM""]}]}]}",false,"{}","",true
628,Carters_3X5F,63,true,2026-02-17 20:49:38.899 +0530,2026-02-17 20:49:51.646 +0530,251,251,"{""saved_filter_preference"":[{""values"": [""2025-07-01"", ""2025-07-15""], ""operator"": ""in"", ""dimension"": ""custom"", ""startYear"": null, ""disablePast"": null, ""disableType"": ""disableOnlyFuture"", ""filter_type"": ""non-cascaded"", ""display_type"": ""rangePicker"", ""disableFuture"": null, ""attribute_name"": ""range-picker"", ""disablePastWeeks"": null, ""disableFutureWeeks"": null, ""check_configuration"": []}, {""values"": [""CANADA O O OUTLET""], ""operator"": ""in"", ""dimension"": ""product"", ""startYear"": null, ""disablePast"": null, ""disableType"": null, ""filter_type"": ""cascaded"", ""display_type"": ""dropdown"", ""disableFuture"": null, ""attribute_name"": ""l0_name"", ""disablePastWeeks"": null, ""disableFutureWeeks"": null, ""check_configuration"": [{""checkedRows"": [""CANADA O O OUTLET""]}]}]}",false,"{}","",true
629,Carters_h1K1,316,false,2026-02-18 18:14:18.973 +0530,2026-02-18 18:14:31.528 +0530,251,251,"{""saved_filter_preference"":[{""values"": [""CANADA O O ECOM""], ""operator"": ""in"", ""dimension"": ""product"", ""startYear"": null, ""disablePast"": null, ""disableType"": null, ""filter_type"": ""cascaded"", ""display_type"": ""dropdown"", ""disableFuture"": null, ""attribute_name"": ""l0_name"", ""disablePastWeeks"": null, ""disableFutureWeeks"": null, ""check_configuration"": null}, {""values"": [""WOMENS""], ""operator"": ""in"", ""dimension"": ""product"", ""startYear"": null, ""disablePast"": null, ""disableType"": null, ""filter_type"": ""cascaded"", ""display_type"": ""dropdown"", ""disableFuture"": null, ""attribute_name"": ""l1_name"", ""disablePastWeeks"": null, ""disableFutureWeeks"": null, ""check_configuration"": [{""checkedRows"": [""WOMENS""]}]}]}",false,"{}","",true
630,Carters_YxT0,325,true,2026-02-18 18:38:29.388 +0530,2026-02-18 18:38:41.530 +0530,251,251,"{""saved_filter_preference"":[{""values"": [""CANADA O O ECOM""], ""operator"": ""in"", ""dimension"": ""product"", ""startYear"": null, ""disablePast"": null, ""disableType"": null, ""filter_type"": ""cascaded"", ""display_type"": ""dropdown"", ""disableFuture"": null, ""attribute_name"": ""l0_name"", ""disablePastWeeks"": null, ""disableFutureWeeks"": null, ""check_configuration"": null}, {""values"": [""WOMENS""], ""operator"": ""in"", ""dimension"": ""product"", ""startYear"": null, ""disablePast"": null, ""disableType"": null, ""filter_type"": ""cascaded"", ""display_type"": ""dropdown"", ""disableFuture"": null, ""attribute_name"": ""l1_name"", ""disablePastWeeks"": null, ""disableFutureWeeks"": null, ""check_configuration"": [{""checkedRows"": [""WOMENS""]}]}]}",false,"{}","",true
631,Carters_Eqic,73,true,2026-02-18 19:14:45.463 +0530,2026-02-18 19:14:57.110 +0530,251,251,"{""saved_filter_preference"":[{""values"": [""CANADA O O ECOM""], ""operator"": ""in"", ""dimension"": ""product"", ""startYear"": null, ""disablePast"": null, ""disableType"": null, ""filter_type"": ""cascaded"", ""display_type"": ""dropdown"", ""disableFuture"": null, ""attribute_name"": ""l0_name"", ""disablePastWeeks"": null, ""disableFutureWeeks"": null, ""check_configuration"": [{""checkedRows"": [""CANADA O O ECOM""]}]}, {""values"": [""WOMENS""], ""operator"": ""in"", ""dimension"": ""product"", ""startYear"": null, ""disablePast"": null, ""disableType"": null, ""filter_type"": ""cascaded"", ""display_type"": ""dropdown"", ""disableFuture"": null, ""attribute_name"": ""l1_name"", ""disablePastWeeks"": null, ""disableFutureWeeks"": null, ""check_configuration"": [{""checkedRows"": [""WOMENS""]}]}]}",false,"{}","",true
632,Carters_FbfF,180,true,2026-02-18 19:34:50.680 +0530,2026-02-18 19:35:03.913 +0530,251,251,"{""saved_filter_preference"":[{""values"": [""CANADA O O ECOM""], ""operator"": ""in"", ""dimension"": ""product"", ""startYear"": null, ""disablePast"": null, ""disableType"": null, ""filter_type"": ""cascaded"", ""display_type"": ""dropdown"", ""disableFuture"": null, ""attribute_name"": ""l0_name"", ""disablePastWeeks"": null, ""disableFutureWeeks"": null, ""check_configuration"": [{""checkedRows"": [""CANADA O O ECOM""]}]}, {""values"": [""WOMENS""], ""operator"": ""in"", ""dimension"": ""product"", ""startYear"": null, ""disablePast"": null, ""disableType"": null, ""filter_type"": ""cascaded"", ""display_type"": ""dropdown"", ""disableFuture"": null, ""attribute_name"": ""l1_name"", ""disablePastWeeks"": null, ""disableFutureWeeks"": null, ""check_configuration"": [{""checkedRows"": [""WOMENS""]}]}]}",false,"{}","",true
633,Carters_HtbP,49,true,2026-02-18 19:49:17.682 +0530,2026-02-18 19:49:31.415 +0530,251,251,"{""saved_filter_preference"":[{""values"": [""CANADA O O ECOM""], ""operator"": ""in"", ""dimension"": ""product"", ""startYear"": null, ""disablePast"": null, ""disableType"": null, ""filter_type"": ""cascaded"", ""display_type"": ""dropdown"", ""disableFuture"": null, ""attribute_name"": ""l0_name"", ""disablePastWeeks"": null, ""disableFutureWeeks"": null, ""check_configuration"": null}, {""values"": [""WOMENS""], ""operator"": ""in"", ""dimension"": ""product"", ""startYear"": null, ""disablePast"": null, ""disableType"": null, ""filter_type"": ""cascaded"", ""display_type"": ""dropdown"", ""disableFuture"": null, ""attribute_name"": ""l1_name"", ""disablePastWeeks"": null, ""disableFutureWeeks"": null, ""check_configuration"": [{""checkedRows"": [""WOMENS""]}]}]}",false,"{}","",true
634,Carters_45oF,181,true,2026-02-18 19:59:31.319 +0530,2026-02-18 19:59:43.147 +0530,251,251,"{""saved_filter_preference"":[{""values"": [""CANADA O O ECOM""], ""operator"": ""in"", ""dimension"": ""product"", ""startYear"": null, ""disablePast"": null, ""disableType"": null, ""filter_type"": ""cascaded"", ""display_type"": ""dropdown"", ""disableFuture"": null, ""attribute_name"": ""l0_name"", ""disablePastWeeks"": null, ""disableFutureWeeks"": null, ""check_configuration"": null}, {""values"": [""WOMENS""], ""operator"": ""in"", ""dimension"": ""product"", ""startYear"": null, ""disablePast"": null, ""disableType"": null, ""filter_type"": ""cascaded"", ""display_type"": ""dropdown"", ""disableFuture"": null, ""attribute_name"": ""l1_name"", ""disablePastWeeks"": null, ""disableFutureWeeks"": null, ""check_configuration"": [{""checkedRows"": [""WOMENS""]}]}]}",false,"{}","",true
635,Carters_zI5R,71,true,2026-02-18 20:38:38.882 +0530,2026-02-18 20:38:51.814 +0530,251,251,"{""saved_filter_preference"":[{""values"": [""CANADA O O ECOM""], ""operator"": ""in"", ""dimension"": ""product"", ""startYear"": null, ""disablePast"": null, ""disableType"": null, ""filter_type"": ""cascaded"", ""display_type"": ""dropdown"", ""disableFuture"": null, ""attribute_name"": ""l0_name"", ""disablePastWeeks"": null, ""disableFutureWeeks"": null, ""check_configuration"": [{""checkedRows"": [""CANADA O O ECOM""]}]}]}",false,"{}","",true
636,Carters_PeRh,63,true,2026-02-18 20:55:19.865 +0530,2026-02-18 20:55:31.685 +0530,251,251,"{""saved_filter_preference"":[{""values"": [""2025-07-01"", ""2025-07-15""], ""operator"": ""in"", ""dimension"": ""custom"", ""startYear"": null, ""disablePast"": null, ""disableType"": ""disableOnlyFuture"", ""filter_type"": ""non-cascaded"", ""display_type"": ""rangePicker"", ""disableFuture"": null, ""attribute_name"": ""range-picker"", ""disablePastWeeks"": null, ""disableFutureWeeks"": null, ""check_configuration"": []}, {""values"": [""CANADA O O OUTLET""], ""operator"": ""in"", ""dimension"": ""product"", ""startYear"": null, ""disablePast"": null, ""disableType"": null, ""filter_type"": ""cascaded"", ""display_type"": ""dropdown"", ""disableFuture"": null, ""attribute_name"": ""l0_name"", ""disablePastWeeks"": null, ""disableFutureWeeks"": null, ""check_configuration"": [{""checkedRows"": [""CANADA O O OUTLET""]}]}]}",false,"{}","",true
637,Carters_2bpq,316,false,2026-02-19 18:13:43.167 +0530,2026-02-19 18:13:55.543 +0530,251,251,"{""saved_filter_preference"":[{""values"": [""CANADA O O ECOM""], ""operator"": ""in"", ""dimension"": ""product"", ""startYear"": null, ""disablePast"": null, ""disableType"": null, ""filter_type"": ""cascaded"", ""display_type"": ""dropdown"", ""disableFuture"": null, ""attribute_name"": ""l0_name"", ""disablePastWeeks"": null, ""disableFutureWeeks"": null, ""check_configuration"": null}, {""values"": [""WOMENS""], ""operator"": ""in"", ""dimension"": ""product"", ""startYear"": null, ""disablePast"": null, ""disableType"": null, ""filter_type"": ""cascaded"", ""display_type"": ""dropdown"", ""disableFuture"": null, ""attribute_name"": ""l1_name"", ""disablePastWeeks"": null, ""disableFutureWeeks"": null, ""check_configuration"": [{""checkedRows"": [""WOMENS""]}]}]}",false,"{}","",true
638,Carters_RbpI,325,true,2026-02-19 18:36:31.237 +0530,2026-02-19 18:36:44.077 +0530,251,251,"{""saved_filter_preference"":[{""values"": [""CANADA O O ECOM""], ""operator"": ""in"", ""dimension"": ""product"", ""startYear"": null, ""disablePast"": null, ""disableType"": null, ""filter_type"": ""cascaded"", ""display_type"": ""dropdown"", ""disableFuture"": null, ""attribute_name"": ""l0_name"", ""disablePastWeeks"": null, ""disableFutureWeeks"": null, ""check_configuration"": null}, {""values"": [""WOMENS""], ""operator"": ""in"", ""dimension"": ""product"", ""startYear"": null, ""disablePast"": null, ""disableType"": null, ""filter_type"": ""cascaded"", ""display_type"": ""dropdown"", ""disableFuture"": null, ""attribute_name"": ""l1_name"", ""disablePastWeeks"": null, ""disableFutureWeeks"": null, ""check_configuration"": [{""checkedRows"": [""WOMENS""]}]}]}",false,"{}","",true
639,Carters_Iu8S,73,true,2026-02-19 19:08:13.799 +0530,2026-02-19 19:08:25.700 +0530,251,251,"{""saved_filter_preference"":[{""values"": [""CANADA O O ECOM""], ""operator"": ""in"", ""dimension"": ""product"", ""startYear"": null, ""disablePast"": null, ""disableType"": null, ""filter_type"": ""cascaded"", ""display_type"": ""dropdown"", ""disableFuture"": null, ""attribute_name"": ""l0_name"", ""disablePastWeeks"": null, ""disableFutureWeeks"": null, ""check_configuration"": [{""checkedRows"": [""CANADA O O ECOM""]}]}, {""values"": [""WOMENS""], ""operator"": ""in"", ""dimension"": ""product"", ""startYear"": null, ""disablePast"": null, ""disableType"": null, ""filter_type"": ""cascaded"", ""display_type"": ""dropdown"", ""disableFuture"": null, ""attribute_name"": ""l1_name"", ""disablePastWeeks"": null, ""disableFutureWeeks"": null, ""check_configuration"": [{""checkedRows"": [""WOMENS""]}]}]}",false,"{}","",true
640,Carters_scEQ,180,true,2026-02-19 19:26:23.503 +0530,2026-02-19 19:26:37.714 +0530,251,251,"{""saved_filter_preference"":[{""values"": [""CANADA O O ECOM""], ""operator"": ""in"", ""dimension"": ""product"", ""startYear"": null, ""disablePast"": null, ""disableType"": null, ""filter_type"": ""cascaded"", ""display_type"": ""dropdown"", ""disableFuture"": null, ""attribute_name"": ""l0_name"", ""disablePastWeeks"": null, ""disableFutureWeeks"": null, ""check_configuration"": [{""checkedRows"": [""CANADA O O ECOM""]}]}, {""values"": [""WOMENS""], ""operator"": ""in"", ""dimension"": ""product"", ""startYear"": null, ""disablePast"": null, ""disableType"": null, ""filter_type"": ""cascaded"", ""display_type"": ""dropdown"", ""disableFuture"": null, ""attribute_name"": ""l1_name"", ""disablePastWeeks"": null, ""disableFutureWeeks"": null, ""check_configuration"": [{""checkedRows"": [""WOMENS""]}]}]}",false,"{}","",true
641,Carters_9u2W,49,true,2026-02-19 19:39:03.641 +0530,2026-02-19 19:39:16.275 +0530,251,251,"{""saved_filter_preference"":[{""values"": [""CANADA O O ECOM""], ""operator"": ""in"", ""dimension"": ""product"", ""startYear"": null, ""disablePast"": null, ""disableType"": null, ""filter_type"": ""cascaded"", ""display_type"": ""dropdown"", ""disableFuture"": null, ""attribute_name"": ""l0_name"", ""disablePastWeeks"": null, ""disableFutureWeeks"": null, ""check_configuration"": null}, {""values"": [""WOMENS""], ""operator"": ""in"", ""dimension"": ""product"", ""startYear"": null, ""disablePast"": null, ""disableType"": null, ""filter_type"": ""cascaded"", ""display_type"": ""dropdown"", ""disableFuture"": null, ""attribute_name"": ""l1_name"", ""disablePastWeeks"": null, ""disableFutureWeeks"": null, ""check_configuration"": [{""checkedRows"": [""WOMENS""]}]}]}",false,"{}","",true
642,Carters_sS5P,181,true,2026-02-19 19:50:01.640 +0530,2026-02-19 19:50:14.301 +0530,251,251,"{""saved_filter_preference"":[{""values"": [""CANADA O O ECOM""], ""operator"": ""in"", ""dimension"": ""product"", ""startYear"": null, ""disablePast"": null, ""disableType"": null, ""filter_type"": ""cascaded"", ""display_type"": ""dropdown"", ""disableFuture"": null, ""attribute_name"": ""l0_name"", ""disablePastWeeks"": null, ""disableFutureWeeks"": null, ""check_configuration"": null}, {""values"": [""WOMENS""], ""operator"": ""in"", ""dimension"": ""product"", ""startYear"": null, ""disablePast"": null, ""disableType"": null, ""filter_type"": ""cascaded"", ""display_type"": ""dropdown"", ""disableFuture"": null, ""attribute_name"": ""l1_name"", ""disablePastWeeks"": null, ""disableFutureWeeks"": null, ""check_configuration"": [{""checkedRows"": [""WOMENS""]}]}]}",false,"{}","",true
643,Carters_mPzB,71,true,2026-02-19 20:27:19.266 +0530,2026-02-19 20:27:31.400 +0530,251,251,"{""saved_filter_preference"":[{""values"": [""CANADA O O ECOM""], ""operator"": ""in"", ""dimension"": ""product"", ""startYear"": null, ""disablePast"": null, ""disableType"": null, ""filter_type"": ""cascaded"", ""display_type"": ""dropdown"", ""disableFuture"": null, ""attribute_name"": ""l0_name"", ""disablePastWeeks"": null, ""disableFutureWeeks"": null, ""check_configuration"": [{""checkedRows"": [""CANADA O O ECOM""]}]}]}",false,"{}","",true
644,Carters_8zJY,63,true,2026-02-19 20:47:03.806 +0530,2026-02-19 20:47:16.092 +0530,251,251,"{""saved_filter_preference"":[{""values"": [""2025-07-01"", ""2025-07-15""], ""operator"": ""in"", ""dimension"": ""custom"", ""startYear"": null, ""disablePast"": null, ""disableType"": ""disableOnlyFuture"", ""filter_type"": ""non-cascaded"", ""display_type"": ""rangePicker"", ""disableFuture"": null, ""attribute_name"": ""range-picker"", ""disablePastWeeks"": null, ""disableFutureWeeks"": null, ""check_configuration"": []}, {""values"": [""CANADA O O OUTLET""], ""operator"": ""in"", ""dimension"": ""product"", ""startYear"": null, ""disablePast"": null, ""disableType"": null, ""filter_type"": ""cascaded"", ""display_type"": ""dropdown"", ""disableFuture"": null, ""attribute_name"": ""l0_name"", ""disablePastWeeks"": null, ""disableFutureWeeks"": null, ""check_configuration"": [{""checkedRows"": [""CANADA O O OUTLET""]}]}]}",false,"{}","",true
645,Carters_J0i0,316,false,2026-02-23 18:14:22.986 +0530,2026-02-23 18:14:34.913 +0530,251,251,"{""saved_filter_preference"":[{""values"": [""CANADA O O ECOM""], ""operator"": ""in"", ""dimension"": ""product"", ""startYear"": null, ""disablePast"": null, ""disableType"": null, ""filter_type"": ""cascaded"", ""display_type"": ""dropdown"", ""disableFuture"": null, ""attribute_name"": ""l0_name"", ""disablePastWeeks"": null, ""disableFutureWeeks"": null, ""check_configuration"": null}, {""values"": [""WOMENS""], ""operator"": ""in"", ""dimension"": ""product"", ""startYear"": null, ""disablePast"": null, ""disableType"": null, ""filter_type"": ""cascaded"", ""display_type"": ""dropdown"", ""disableFuture"": null, ""attribute_name"": ""l1_name"", ""disablePastWeeks"": null, ""disableFutureWeeks"": null, ""check_configuration"": [{""checkedRows"": [""WOMENS""]}]}]}",false,"{}","",true
646,Carters_N3yh,325,true,2026-02-23 18:38:02.969 +0530,2026-02-23 18:38:14.920 +0530,251,251,"{""saved_filter_preference"":[{""values"": [""CANADA O O ECOM""], ""operator"": ""in"", ""dimension"": ""product"", ""startYear"": null, ""disablePast"": null, ""disableType"": null, ""filter_type"": ""cascaded"", ""display_type"": ""dropdown"", ""disableFuture"": null, ""attribute_name"": ""l0_name"", ""disablePastWeeks"": null, ""disableFutureWeeks"": null, ""check_configuration"": null}, {""values"": [""WOMENS""], ""operator"": ""in"", ""dimension"": ""product"", ""startYear"": null, ""disablePast"": null, ""disableType"": null, ""filter_type"": ""cascaded"", ""display_type"": ""dropdown"", ""disableFuture"": null, ""attribute_name"": ""l1_name"", ""disablePastWeeks"": null, ""disableFutureWeeks"": null, ""check_configuration"": [{""checkedRows"": [""WOMENS""]}]}]}",false,"{}","",true
647,Carters_OsG4,73,true,2026-02-23 19:12:30.309 +0530,2026-02-23 19:12:42.065 +0530,251,251,"{""saved_filter_preference"":[{""values"": [""CANADA O O ECOM""], ""operator"": ""in"", ""dimension"": ""product"", ""startYear"": null, ""disablePast"": null, ""disableType"": null, ""filter_type"": ""cascaded"", ""display_type"": ""dropdown"", ""disableFuture"": null, ""attribute_name"": ""l0_name"", ""disablePastWeeks"": null, ""disableFutureWeeks"": null, ""check_configuration"": [{""checkedRows"": [""CANADA O O ECOM""]}]}, {""values"": [""WOMENS""], ""operator"": ""in"", ""dimension"": ""product"", ""startYear"": null, ""disablePast"": null, ""disableType"": null, ""filter_type"": ""cascaded"", ""display_type"": ""dropdown"", ""disableFuture"": null, ""attribute_name"": ""l1_name"", ""disablePastWeeks"": null, ""disableFutureWeeks"": null, ""check_configuration"": [{""checkedRows"": [""WOMENS""]}]}]}",false,"{}","",true
648,Carters_uMCu,180,false,2026-02-23 19:31:55.462 +0530,2026-02-23 19:31:55.462 +0530,251,251,"{""saved_filter_preference"":[{""values"": [""CANADA O O ECOM""], ""operator"": ""in"", ""dimension"": ""product"", ""startYear"": null, ""disablePast"": null, ""disableType"": null, ""filter_type"": ""cascaded"", ""display_type"": ""dropdown"", ""disableFuture"": null, ""attribute_name"": ""l0_name"", ""disablePastWeeks"": null, ""disableFutureWeeks"": null, ""check_configuration"": [{""checkedRows"": [""CANADA O O ECOM""]}]}, {""values"": [""WOMENS""], ""operator"": ""in"", ""dimension"": ""product"", ""startYear"": null, ""disablePast"": null, ""disableType"": null, ""filter_type"": ""cascaded"", ""display_type"": ""dropdown"", ""disableFuture"": null, ""attribute_name"": ""l1_name"", ""disablePastWeeks"": null, ""disableFutureWeeks"": null, ""check_configuration"": [{""checkedRows"": [""WOMENS""]}]}]}",false,"{}","",false
649,Carters_9tyG,49,false,2026-02-23 19:44:01.744 +0530,2026-02-23 19:44:01.744 +0530,251,251,"{""saved_filter_preference"":[{""values"": [""CANADA O O ECOM""], ""operator"": ""in"", ""dimension"": ""product"", ""startYear"": null, ""disablePast"": null, ""disableType"": null, ""filter_type"": ""cascaded"", ""display_type"": ""dropdown"", ""disableFuture"": null, ""attribute_name"": ""l0_name"", ""disablePastWeeks"": null, ""disableFutureWeeks"": null, ""check_configuration"": null}, {""values"": [""WOMENS""], ""operator"": ""in"", ""dimension"": ""product"", ""startYear"": null, ""disablePast"": null, ""disableType"": null, ""filter_type"": ""cascaded"", ""display_type"": ""dropdown"", ""disableFuture"": null, ""attribute_name"": ""l1_name"", ""disablePastWeeks"": null, ""disableFutureWeeks"": null, ""check_configuration"": [{""checkedRows"": [""WOMENS""]}]}]}",false,"{}","",false
650,Carters_vJua,181,true,2026-02-23 19:53:50.577 +0530,2026-02-23 19:54:03.171 +0530,251,251,"{""saved_filter_preference"":[{""values"": [""CANADA O O ECOM""], ""operator"": ""in"", ""dimension"": ""product"", ""startYear"": null, ""disablePast"": null, ""disableType"": null, ""filter_type"": ""cascaded"", ""display_type"": ""dropdown"", ""disableFuture"": null, ""attribute_name"": ""l0_name"", ""disablePastWeeks"": null, ""disableFutureWeeks"": null, ""check_configuration"": null}, {""values"": [""WOMENS""], ""operator"": ""in"", ""dimension"": ""product"", ""startYear"": null, ""disablePast"": null, ""disableType"": null, ""filter_type"": ""cascaded"", ""display_type"": ""dropdown"", ""disableFuture"": null, ""attribute_name"": ""l1_name"", ""disablePastWeeks"": null, ""disableFutureWeeks"": null, ""check_configuration"": [{""checkedRows"": [""WOMENS""]}]}]}",false,"{}","",true
652,Carters_zjTR,316,false,2026-02-23 20:14:47.667 +0530,2026-02-23 20:15:00.613 +0530,251,251,"{""saved_filter_preference"":[{""values"": [""CANADA O O ECOM""], ""operator"": ""in"", ""dimension"": ""product"", ""startYear"": null, ""disablePast"": null, ""disableType"": null, ""filter_type"": ""cascaded"", ""display_type"": ""dropdown"", ""disableFuture"": null, ""attribute_name"": ""l0_name"", ""disablePastWeeks"": null, ""disableFutureWeeks"": null, ""check_configuration"": null}, {""values"": [""WOMENS""], ""operator"": ""in"", ""dimension"": ""product"", ""startYear"": null, ""disablePast"": null, ""disableType"": null, ""filter_type"": ""cascaded"", ""display_type"": ""dropdown"", ""disableFuture"": null, ""attribute_name"": ""l1_name"", ""disablePastWeeks"": null, ""disableFutureWeeks"": null, ""check_configuration"": [{""checkedRows"": [""WOMENS""]}]}]}",false,"{}","",true
653,Carters_ikKj,71,true,2026-02-23 20:33:04.137 +0530,2026-02-23 20:33:16.593 +0530,251,251,"{""saved_filter_preference"":[{""values"": [""CANADA O O ECOM""], ""operator"": ""in"", ""dimension"": ""product"", ""startYear"": null, ""disablePast"": null, ""disableType"": null, ""filter_type"": ""cascaded"", ""display_type"": ""dropdown"", ""disableFuture"": null, ""attribute_name"": ""l0_name"", ""disablePastWeeks"": null, ""disableFutureWeeks"": null, ""check_configuration"": [{""checkedRows"": [""CANADA O O ECOM""]}]}]}",false,"{}","",true
654,Carters_couV,325,true,2026-02-23 20:37:23.907 +0530,2026-02-23 20:37:38.075 +0530,251,251,"{""saved_filter_preference"":[{""values"": [""CANADA O O ECOM""], ""operator"": ""in"", ""dimension"": ""product"", ""startYear"": null, ""disablePast"": null, ""disableType"": null, ""filter_type"": ""cascaded"", ""display_type"": ""dropdown"", ""disableFuture"": null, ""attribute_name"": ""l0_name"", ""disablePastWeeks"": null, ""disableFutureWeeks"": null, ""check_configuration"": null}, {""values"": [""WOMENS""], ""operator"": ""in"", ""dimension"": ""product"", ""startYear"": null, ""disablePast"": null, ""disableType"": null, ""filter_type"": ""cascaded"", ""display_type"": ""dropdown"", ""disableFuture"": null, ""attribute_name"": ""l1_name"", ""disablePastWeeks"": null, ""disableFutureWeeks"": null, ""check_configuration"": [{""checkedRows"": [""WOMENS""]}]}]}",false,"{}","",true
655,Carters_tQpc,63,true,2026-02-23 20:47:58.599 +0530,2026-02-23 20:48:10.368 +0530,251,251,"{""saved_filter_preference"":[{""values"": [""2025-07-01"", ""2025-07-15""], ""operator"": ""in"", ""dimension"": ""custom"", ""startYear"": null, ""disablePast"": null, ""disableType"": ""disableOnlyFuture"", ""filter_type"": ""non-cascaded"", ""display_type"": ""rangePicker"", ""disableFuture"": null, ""attribute_name"": ""range-picker"", ""disablePastWeeks"": null, ""disableFutureWeeks"": null, ""check_configuration"": []}, {""values"": [""CANADA O O OUTLET""], ""operator"": ""in"", ""dimension"": ""product"", ""startYear"": null, ""disablePast"": null, ""disableType"": null, ""filter_type"": ""cascaded"", ""display_type"": ""dropdown"", ""disableFuture"": null, ""attribute_name"": ""l0_name"", ""disablePastWeeks"": null, ""disableFutureWeeks"": null, ""check_configuration"": [{""checkedRows"": [""CANADA O O OUTLET""]}]}]}",false,"{}","",true
656,Carters_W2ln,73,true,2026-02-23 21:09:10.588 +0530,2026-02-23 21:09:22.481 +0530,251,251,"{""saved_filter_preference"":[{""values"": [""CANADA O O ECOM""], ""operator"": ""in"", ""dimension"": ""product"", ""startYear"": null, ""disablePast"": null, ""disableType"": null, ""filter_type"": ""cascaded"", ""display_type"": ""dropdown"", ""disableFuture"": null, ""attribute_name"": ""l0_name"", ""disablePastWeeks"": null, ""disableFutureWeeks"": null, ""check_configuration"": [{""checkedRows"": [""CANADA O O ECOM""]}]}, {""values"": [""WOMENS""], ""operator"": ""in"", ""dimension"": ""product"", ""startYear"": null, ""disablePast"": null, ""disableType"": null, ""filter_type"": ""cascaded"", ""display_type"": ""dropdown"", ""disableFuture"": null, ""attribute_name"": ""l1_name"", ""disablePastWeeks"": null, ""disableFutureWeeks"": null, ""check_configuration"": [{""checkedRows"": [""WOMENS""]}]}]}",false,"{}","",true
657,Carters_UDV7,180,true,2026-02-23 21:26:00.857 +0530,2026-02-23 21:26:13.181 +0530,251,251,"{""saved_filter_preference"":[{""values"": [""CANADA O O ECOM""], ""operator"": ""in"", ""dimension"": ""product"", ""startYear"": null, ""disablePast"": null, ""disableType"": null, ""filter_type"": ""cascaded"", ""display_type"": ""dropdown"", ""disableFuture"": null, ""attribute_name"": ""l0_name"", ""disablePastWeeks"": null, ""disableFutureWeeks"": null, ""check_configuration"": [{""checkedRows"": [""CANADA O O ECOM""]}]}, {""values"": [""WOMENS""], ""operator"": ""in"", ""dimension"": ""product"", ""startYear"": null, ""disablePast"": null, ""disableType"": null, ""filter_type"": ""cascaded"", ""display_type"": ""dropdown"", ""disableFuture"": null, ""attribute_name"": ""l1_name"", ""disablePastWeeks"": null, ""disableFutureWeeks"": null, ""check_configuration"": [{""checkedRows"": [""WOMENS""]}]}]}",false,"{}","",true
658,Carters_2KbA,49,true,2026-02-23 21:37:31.488 +0530,2026-02-23 21:37:43.694 +0530,251,251,"{""saved_filter_preference"":[{""values"": [""CANADA O O ECOM""], ""operator"": ""in"", ""dimension"": ""product"", ""startYear"": null, ""disablePast"": null, ""disableType"": null, ""filter_type"": ""cascaded"", ""display_type"": ""dropdown"", ""disableFuture"": null, ""attribute_name"": ""l0_name"", ""disablePastWeeks"": null, ""disableFutureWeeks"": null, ""check_configuration"": null}, {""values"": [""WOMENS""], ""operator"": ""in"", ""dimension"": ""product"", ""startYear"": null, ""disablePast"": null, ""disableType"": null, ""filter_type"": ""cascaded"", ""display_type"": ""dropdown"", ""disableFuture"": null, ""attribute_name"": ""l1_name"", ""disablePastWeeks"": null, ""disableFutureWeeks"": null, ""check_configuration"": [{""checkedRows"": [""WOMENS""]}]}]}",false,"{}","",true
659,Carters_k3Dg,181,true,2026-02-23 21:46:55.233 +0530,2026-02-23 21:47:09.958 +0530,251,251,"{""saved_filter_preference"":[{""values"": [""CANADA O O ECOM""], ""operator"": ""in"", ""dimension"": ""product"", ""startYear"": null, ""disablePast"": null, ""disableType"": null, ""filter_type"": ""cascaded"", ""display_type"": ""dropdown"", ""disableFuture"": null, ""attribute_name"": ""l0_name"", ""disablePastWeeks"": null, ""disableFutureWeeks"": null, ""check_configuration"": null}, {""values"": [""WOMENS""], ""operator"": ""in"", ""dimension"": ""product"", ""startYear"": null, ""disablePast"": null, ""disableType"": null, ""filter_type"": ""cascaded"", ""display_type"": ""dropdown"", ""disableFuture"": null, ""attribute_name"": ""l1_name"", ""disablePastWeeks"": null, ""disableFutureWeeks"": null, ""check_configuration"": [{""checkedRows"": [""WOMENS""]}]}]}",false,"{}","",true
660,Carters_1e2A,71,true,2026-02-23 22:26:02.849 +0530,2026-02-23 22:26:15.155 +0530,251,251,"{""saved_filter_preference"":[{""values"": [""CANADA O O ECOM""], ""operator"": ""in"", ""dimension"": ""product"", ""startYear"": null, ""disablePast"": null, ""disableType"": null, ""filter_type"": ""cascaded"", ""display_type"": ""dropdown"", ""disableFuture"": null, ""attribute_name"": ""l0_name"", ""disablePastWeeks"": null, ""disableFutureWeeks"": null, ""check_configuration"": [{""checkedRows"": [""CANADA O O ECOM""]}]}]}",false,"{}","",true
661,Carters_ofc4,63,true,2026-02-23 22:43:48.084 +0530,2026-02-23 22:43:59.624 +0530,251,251,"{""saved_filter_preference"":[{""values"": [""2025-07-01"", ""2025-07-15""], ""operator"": ""in"", ""dimension"": ""custom"", ""startYear"": null, ""disablePast"": null, ""disableType"": ""disableOnlyFuture"", ""filter_type"": ""non-cascaded"", ""display_type"": ""rangePicker"", ""disableFuture"": null, ""attribute_name"": ""range-picker"", ""disablePastWeeks"": null, ""disableFutureWeeks"": null, ""check_configuration"": []}, {""values"": [""CANADA O O OUTLET""], ""operator"": ""in"", ""dimension"": ""product"", ""startYear"": null, ""disablePast"": null, ""disableType"": null, ""filter_type"": ""cascaded"", ""display_type"": ""dropdown"", ""disableFuture"": null, ""attribute_name"": ""l0_name"", ""disablePastWeeks"": null, ""disableFutureWeeks"": null, ""check_configuration"": [{""checkedRows"": [""CANADA O O OUTLET""]}]}]}",false,"{}","",true
662,all,10001,false,2025-07-10 13:46:36.338 +0530,2025-07-10 13:46:36.338 +0530,251,251,"{""saved_filter_preference"":[{""values"": [""US LEVIS O O MAINLINE""], ""operator"": ""in"", ""dimension"": ""product"", ""startYear"": null, ""disablePast"": null, ""disableType"": null, ""filter_type"": ""cascaded"", ""display_type"": ""dropdown"", ""disableFuture"": null, ""attribute_name"": ""l0_name"", ""disablePastWeeks"": null, ""disableFutureWeeks"": null}, {""values"": [""BOYS"", ""GIRLS"", ""MENS"", ""WOMENS""], ""operator"": ""in"", ""dimension"": ""product"", ""startYear"": null, ""disablePast"": null, ""disableType"": null, ""filter_type"": ""cascaded"", ""display_type"": ""dropdown"", ""disableFuture"": null, ""attribute_name"": ""l2_name"", ""disablePastWeeks"": null, ""disableFutureWeeks"": null}]}",false,"{}","",false