tc_code,label,column_name,dimension,type,is_frozen,is_editable,is_aggregated,order_of_display,is_hidden,is_required,tc_mapping_code,child_tc_mapping_code,aggregate_type,formatter,is_row_span,footer,is_searchable,extra,is_sortable,width,is_deleted,is_master_group
1,Configuration name,name,Product,str,TRUE,FALSE,FALSE,1,FALSE,FALSE,15,,,,FALSE,,TRUE,{},TRUE,200,FALSE,FALSE
1,Applicable modules,applicable_modules,Product,str,TRUE,FALSE,FALSE,2,FALSE,FALSE,30,,,,FALSE,,TRUE,{},TRUE,200,FALSE,FALSE
1,Dimensions,dimensions,Product,str,FALSE,FALSE,FALSE,3,FALSE,FALSE,29,,,,FALSE,,TRUE,{},TRUE,200,FALSE,FALSE
1,Created by,created_by,Product,str,FALSE,FALSE,FALSE,4,FALSE,FALSE,32,,,,FALSE,,TRUE,{},TRUE,200,FALSE,FALSE
1,Created on,created_on,Product,str,FALSE,FALSE,FALSE,5,FALSE,FALSE,33,,,,FALSE,,TRUE,{},TRUE,200,FALSE,FALSE
2,Product ID,product_code,Product,str,TRUE,FALSE,FALSE,1,FALSE,FALSE,3,,,,FALSE,,TRUE,{},TRUE,200,FALSE,FALSE
2,Material Number,article,Product,str,FALSE,FALSE,FALSE,2,FALSE,FALSE,9090,,,,FALSE,,TRUE,{},TRUE,200,FALSE,FALSE
2,Style Color ID,style_color_id,Product,str,FALSE,FALSE,FALSE,3,FALSE,FALSE,9091,,,,FALSE,,TRUE,"{""width"": 220}",FALSE,200,FALSE,FALSE
2,Group Division,l0_name,Product,str,FALSE,FALSE,FALSE,5,FALSE,FALSE,55,,unique,,FALSE,,TRUE,{},TRUE,200,FALSE,FALSE
2,Department,l2_name,Product,str,FALSE,FALSE,FALSE,6,FALSE,FALSE,47,,unique,,FALSE,,TRUE,{},TRUE,200,FALSE,FALSE
2,Brand,brand,Product,str,FALSE,FALSE,FALSE,8,FALSE,FALSE,72431,,,,FALSE,,TRUE,{},TRUE,200,FALSE,FALSE
2,Status,status,Product,list,FALSE,TRUE,FALSE,7,FALSE,TRUE,68,,unique,,FALSE,,FALSE,{},FALSE,200,FALSE,FALSE
2,Size,size,Product,str,FALSE,FALSE,FALSE,8,FALSE,FALSE,6,,unique,,FALSE,,TRUE,{},TRUE,200,FALSE,FALSE
2,Color,color,Product,str,FALSE,FALSE,FALSE,9,FALSE,FALSE,7,,unique,,FALSE,,TRUE,{},TRUE,200,FALSE,FALSE
2,Supersede Flag,supersede_flag,Product,str,FALSE,FALSE,FALSE,11,FALSE,FALSE,5812319,,,,FALSE,,TRUE,{},TRUE,200,FALSE,FALSE
2,Updated At,updated_at,Product,date,FALSE,FALSE,FALSE,19,FALSE,FALSE,200001,,,,FALSE,,FALSE,{},FALSE,200,FALSE,FALSE
2,Updated By,updated_by,Product,str,FALSE,FALSE,FALSE,19,FALSE,FALSE,200002,,,,FALSE,,FALSE,{},FALSE,200,FALSE,FALSE
3,Product group name,name,Product,str,TRUE,FALSE,FALSE,1,FALSE,FALSE,16,,,,FALSE,,TRUE,{},TRUE,200,FALSE,FALSE
3,Group type,special_classification,Product,str,FALSE,FALSE,FALSE,2,FALSE,FALSE,8,,,,FALSE,,FALSE,{},FALSE,200,FALSE,FALSE
3,Definitions,product_group_definitions,product,list,FALSE,FALSE,FALSE,3,FALSE,FALSE,9,,,,FALSE,,FALSE,{},FALSE,200,FALSE,FALSE
3,# Products/Styles,product_count,Product,link,FALSE,TRUE,FALSE,4,FALSE,FALSE,10,,,,FALSE,,FALSE,{},TRUE,200,FALSE,FALSE
3,Created At,created_at,Product,date,FALSE,FALSE,TRUE,6,FALSE,FALSE,385,,,,FALSE,,FALSE,{},TRUE,200,FALSE,FALSE
3,Updated At,updated_at,Product,date,FALSE,FALSE,TRUE,7,FALSE,FALSE,386,,,,FALSE,,FALSE,{},TRUE,200,FALSE,FALSE
3,Created By,created_by,Product,str,FALSE,FALSE,TRUE,8,FALSE,FALSE,387,,,,FALSE,,TRUE,{},TRUE,200,FALSE,FALSE
3,Updated By,updated_by,Product,str,FALSE,FALSE,FALSE,9,,FALSE,388,,,,FALSE,,TRUE,{},TRUE,200,FALSE,FALSE
4,Definition Name,name,Product,str,TRUE,FALSE,FALSE,1,FALSE,FALSE,17,,,,FALSE,,TRUE,{},TRUE,200,FALSE,FALSE
4,Definition,pseudo_code,Product,str,FALSE,FALSE,FALSE,2,FALSE,FALSE,18,,,,FALSE,,TRUE,{},TRUE,200,FALSE,FALSE
5,Product ID,product_code,Product,str,TRUE,FALSE,FALSE,1,FALSE,FALSE,20,,,,FALSE,,TRUE,{},TRUE,200,FALSE,FALSE
5,Description,product_description,Product,str,FALSE,FALSE,FALSE,2,FALSE,FALSE,19,,,,FALSE,,TRUE,{},TRUE,200,FALSE,FALSE
5,Size,size,Product,str,FALSE,FALSE,FALSE,4,FALSE,FALSE,5,,,,FALSE,,TRUE,{},TRUE,200,FALSE,FALSE
5,Color,color,Product,str,FALSE,FALSE,FALSE,5,FALSE,FALSE,76,,,,FALSE,,TRUE,{},TRUE,200,FALSE,FALSE
5,Group Division,l0_name,Product,str,FALSE,FALSE,FALSE,6,FALSE,FALSE,7240,,,,FALSE,,TRUE,{},TRUE,200,FALSE,FALSE
5,Division,l1_name,Product,str,FALSE,FALSE,FALSE,7,FALSE,FALSE,7241,,,,FALSE,,TRUE,{},TRUE,200,FALSE,FALSE
5,Department,l2_name,Product,str,FALSE,FALSE,FALSE,8,FALSE,FALSE,7242,,,,FALSE,,TRUE,{},TRUE,200,FALSE,FALSE
5,Brand,brand,Product,str,FALSE,FALSE,FALSE,8,FALSE,FALSE,72429,,,,FALSE,,TRUE,{},TRUE,200,FALSE,FALSE
5,Style Color ID,style_color_id,"{""Product""}",str,FALSE,FALSE,FALSE,9,,FALSE,909312,,,,FALSE,,TRUE,"{""width"": 220}",FALSE,200,FALSE,FALSE
5,Material Number,article,Product,str,TRUE,FALSE,FALSE,10,FALSE,FALSE,551571,,,,FALSE,,TRUE,"{""is_grouping_key"": true}",TRUE,200,FALSE,FALSE
5,Supersede Flag,supersede_flag,Product,str,FALSE,FALSE,FALSE,14,FALSE,FALSE,5812321,,,,FALSE,,TRUE,{},TRUE,200,FALSE,FALSE
6,Store Number,retail_facility_code,Store,str,TRUE,FALSE,FALSE,1,FALSE,FALSE,13500,,,,FALSE,,TRUE,"{""is_grouping_key"": true}",TRUE,200,FALSE,FALSE
6,Store Name,store_name,Store,str,TRUE,FALSE,FALSE,2,FALSE,FALSE,70,,unique,,FALSE,,TRUE,{},TRUE,200,FALSE,FALSE
6,Channel,channel,Store,str,FALSE,FALSE,FALSE,3,FALSE,FALSE,77,,unique,,FALSE,,TRUE,{},TRUE,200,FALSE,FALSE
6,Status,status,Store,list,FALSE,TRUE,FALSE,5,FALSE,FALSE,107,,count,,FALSE,,FALSE,"{""show-current-status"": true}",FALSE,200,FALSE,FALSE
6,Auto Allocation Eligibility,is_auto_allocation_active,Store,list,False,True,False,5.0,False,False,321090,,count,,False,,False,"{""is_custom_field"": true}",False,200,False,False
6,PrePack Eligible,is_prepack_eligible,Store,ToogleField,FALSE,TRUE,FALSE,6,FALSE,FALSE,200005,,count,,FALSE,,FALSE,"{""is_custom_field"": true}",FALSE,200,FALSE,FALSE
6,From Date ,status_start_time,Store,datetime,false,true,false,6.0,false,true,1080,,,DD-MM-YYYY,false,,false,"{""show-current-status"": true,""displayDateFormat"":""DD-MM-YYYY""}",false,200,false,false
6,To Date,status_end_time,Store,datetime,false,true,false,7.0,false,false,1090,,,DD-MM-YYYY,false,,false,"{""show-current-status"": true,""displayDateFormat"":""DD-MM-YYYY""}",false,200,false,false
6,Postal Code,zipcode,Store,str,FALSE,FALSE,FALSE,8,FALSE,FALSE,2466,,,,FALSE,,TRUE,{},TRUE,200,FALSE,FALSE
6,Climate,climate,Store,str,FALSE,FALSE,FALSE,9,FALSE,FALSE,2468,,,,FALSE,,TRUE,{},TRUE,200,FALSE,FALSE
6,Store Currency,currency_cd,Store,str,FALSE,FALSE,FALSE,9,FALSE,FALSE,24681,,,,FALSE,,TRUE,{},TRUE,200,FALSE,FALSE
6,Store Size,store_size,Store,str,FALSE,FALSE,FALSE,10,FALSE,FALSE,2469,,,,FALSE,,FALSE,{},TRUE,200,FALSE,FALSE
6,Updated By,updated_by,Store,str,FALSE,FALSE,FALSE,19,FALSE,FALSE,200003,,,,FALSE,,FALSE,{},FALSE,200,FALSE,FALSE
6,Updated At,updated_at,Store,DateTimeField,FALSE,FALSE,FALSE,19,FALSE,FALSE,200004,,,DD-MM-YYYY HH:mm:ss,FALSE,,FALSE,{},FALSE,200,FALSE,FALSE
7,Store Group Name,name,Store,str,TRUE,FALSE,FALSE,1,FALSE,FALSE,97,,,,FALSE,,TRUE,{},TRUE,200,FALSE,FALSE
7,#Stores,store_count,Store,link,FALSE,TRUE,TRUE,3,FALSE,FALSE,99,,,numbersWithComma,FALSE,,FALSE,"{""isRangeFilter"": true}",TRUE,200,FALSE,FALSE
7,Channel,channel,Store,str,FALSE,FALSE,FALSE,4,,FALSE,7124,,,,FALSE,,FALSE,{},TRUE,200,FALSE,FALSE
7,Group Type,special_classification,Store,str,FALSE,FALSE,FALSE,5,FALSE,FALSE,100,,,,FALSE,,FALSE,{},TRUE,200,FALSE,FALSE
7,Country,country,Store,str,FALSE,FALSE,FALSE,5,FALSE,FALSE,20201,,,,FALSE,,FALSE,{},TRUE,200,FALSE,FALSE
7,Created At,created_at,Store,date,FALSE,FALSE,TRUE,6,FALSE,FALSE,7108,,,,FALSE,,FALSE,{},TRUE,200,FALSE,FALSE
7,Updated At,updated_at,Store,date,FALSE,FALSE,TRUE,7,FALSE,FALSE,7107,,,,FALSE,,FALSE,{},TRUE,200,FALSE,FALSE
7,Created By,created_by,Store,str,FALSE,FALSE,TRUE,8,FALSE,FALSE,7109,,,,FALSE,,TRUE,{},TRUE,200,FALSE,FALSE
7,Updated By,updated_by,Store,str,FALSE,FALSE,FALSE,9,,FALSE,384,,,,FALSE,,TRUE,{},TRUE,200,FALSE,FALSE
8,Group Division,l0_name,Product,str,FALSE,FALSE,FALSE,3,FALSE,FALSE,149,,,,FALSE,,TRUE,{},TRUE,200,FALSE,FALSE
8,Department,l2_name,Product,str,FALSE,FALSE,FALSE,4,FALSE,FALSE,150,,,,FALSE,,TRUE,{},TRUE,200,FALSE,FALSE
8,Material Number,article,Product,str,TRUE,FALSE,FALSE,4,FALSE,FALSE,55157,,,,FALSE,,TRUE,{},TRUE,200,FALSE,FALSE
8,Status,status,Product,list,FALSE,TRUE,FALSE,5,FALSE,TRUE,152,,,,FALSE,,TRUE,"{""in_table_edit"": true}",FALSE,200,FALSE,FALSE
8,From Date ,status_start_time,Product,datetime,FALSE,TRUE,FALSE,7,FALSE,TRUE,167,,,,FALSE,,TRUE,"{""in_table_edit"": true}",FALSE,200,FALSE,FALSE
8,To Date,status_end_time,Product,datetime,FALSE,TRUE,FALSE,8,FALSE,FALSE,168,,,,FALSE,,TRUE,"{""in_table_edit"": true}",FALSE,200,FALSE,FALSE
9,Product ID,product_code,Product,str,FALSE,FALSE,FALSE,0,FALSE,FALSE,70011,,,,FALSE,,TRUE,{},TRUE,200,FALSE,FALSE
9,Product Name,product_name,Product,str,FALSE,FALSE,FALSE,0,FALSE,FALSE,70012,,,,FALSE,,TRUE,{},TRUE,200,FALSE,FALSE
9,Material Number,article,Product,str,FALSE,FALSE,FALSE,0,FALSE,FALSE,70013,,,,FALSE,,TRUE,{},TRUE,200,FALSE,FALSE
10,Brand,brand,Product,str,false,false,false,8.0,false,false,"72445",,,,false,,true,"{}",true,200,false,false
10,Department,l2_name,Product,str,false,false,false,4.0,false,false,"70027",,,,false,,true,"{}",true,200,false,false
10,Description,product_name,Product,str,false,false,false,3.0,false,false,"70024",,,,false,,true,"{}",true,200,false,false
10,Division,l1_name,Product,str,false,false,false,2.0,false,false,"70030",,,,false,,true,"{}",true,200,false,false
10,Group Division,l0_name,Product,str,false,false,false,2.0,false,false,"70029",,,,false,,true,"{}",true,200,false,false
10,Material Number,article,Product,str,false,false,false,2.0,false,false,"70028",,,,false,,true,"{}",true,200,false,false
10,Product ID,product_code,Product,str,true,false,false,1.0,false,false,"70025",,,,false,,true,"{}",true,200,false,false
10,Size,size,Product,str,false,false,false,3.0,false,false,"1070031",,,,false,,true,"{}",true,200,false,false
10,Store Number,retail_facility_code,Store,str,false,false,false,2.0,false,false,"70031",,,,false,,true,"{}",true,200,false,false
11,Product ID,product_code,"{""Product""}",str,TRUE,FALSE,TRUE,1,FALSE,FALSE,42,,,,FALSE,,TRUE,{},TRUE,200,FALSE,FALSE
11,Group Division,l0_name,"{""Product""}",str,FALSE,FALSE,TRUE,2,FALSE,FALSE,6143,,,,FALSE,,TRUE,{},TRUE,200,FALSE,FALSE
11,Division,l1_name,"{""Product""}",str,FALSE,FALSE,TRUE,3,FALSE,FALSE,143,,,,FALSE,,TRUE,{},TRUE,200,FALSE,FALSE
11,Department,l2_name,"{""Product""}",str,FALSE,FALSE,TRUE,4,FALSE,FALSE,142,,,,FALSE,,TRUE,{},TRUE,200,FALSE,FALSE
11,Sub Department,l3_name,"{""Product""}",str,FALSE,FALSE,TRUE,5,FALSE,FALSE,55160,,,,FALSE,,TRUE,{},TRUE,200,FALSE,FALSE
11,Brand,brand,Product,str,FALSE,FALSE,FALSE,8,FALSE,FALSE,72432,,,,FALSE,,TRUE,{},TRUE,200,FALSE,FALSE
11,Style Color ID,style_color_id,"{""Product""}",str,FALSE,FALSE,FALSE,6,,FALSE,9093,,,,FALSE,,TRUE,"{""width"": 220}",FALSE,200,FALSE,FALSE
11,Supersede Flag,supersede_flag,Product,str,FALSE,FALSE,FALSE,11,FALSE,FALSE,5812322,,,,FALSE,,TRUE,{},TRUE,200,FALSE,FALSE
11,Material Number,article,"{""Product""}",str,FALSE,FALSE,TRUE,7,FALSE,FALSE,7700,,,,FALSE,,TRUE,{},TRUE,200,FALSE,FALSE
11,Color,color,"{""Product""}",str,FALSE,FALSE,TRUE,8,FALSE,FALSE,84,,,,FALSE,,TRUE,{},TRUE,200,FALSE,FALSE
11,Product Type,article_status_tag,"{""Product""}",str,FALSE,FALSE,TRUE,8,FALSE,FALSE,55161,,,,FALSE,,TRUE,{},TRUE,200,FALSE,FALSE
11,Size,size,"{""Product""}",str,FALSE,FALSE,TRUE,9,FALSE,FALSE,41,,,,FALSE,,TRUE,{},TRUE,200,FALSE,FALSE
11,Mapped Stores,mapped_stores_count,"{""Product""}",link,FALSE,FALSE,TRUE,10,FALSE,FALSE,106,,,,FALSE,,FALSE,{},TRUE,200,FALSE,FALSE
12,Product id,product_code,Product,str,TRUE,FALSE,FALSE,1,FALSE,FALSE,27,,,,FALSE,,TRUE,{},TRUE,200,FALSE,FALSE
12,Product Description,description,Product,str,FALSE,FALSE,FALSE,2,FALSE,FALSE,31,,,,FALSE,,TRUE,{},TRUE,200,FALSE,FALSE
12,PO code,po_code,Product,str,FALSE,FALSE,FALSE,3,FALSE,FALSE,13,,,,FALSE,,TRUE,{},TRUE,200,FALSE,FALSE
12,PO Line item,line_number,Product,int,FALSE,FALSE,FALSE,4,FALSE,FALSE,14,,,,FALSE,,TRUE,{},TRUE,200,FALSE,FALSE
12,PO Issue Date,issue_date,Product,str,FALSE,FALSE,FALSE,5,FALSE,FALSE,24,,,,FALSE,,TRUE,{},TRUE,200,FALSE,FALSE
12,Vendor,vendor_name,Product,str,FALSE,FALSE,FALSE,6,FALSE,FALSE,46,,,,FALSE,,TRUE,{},TRUE,200,FALSE,FALSE
12,Total Qty,total_quantity,Product,int,FALSE,FALSE,FALSE,7,FALSE,FALSE,26,,,,FALSE,,TRUE,{},TRUE,200,FALSE,FALSE
12,Receive date,expected_receive_date,Product,date,FALSE,FALSE,FALSE,8,FALSE,FALSE,81,,,,FALSE,,TRUE,{},TRUE,200,FALSE,FALSE
13,Product id,product_code,Product,str,TRUE,FALSE,FALSE,1,FALSE,FALSE,57,,,,FALSE,,TRUE,{},TRUE,200,FALSE,FALSE
13,Product Description,description,Product,str,FALSE,FALSE,FALSE,2,FALSE,FALSE,58,,,,FALSE,,TRUE,{},TRUE,200,FALSE,FALSE
13,PO id,source_po_code,Product,str,FALSE,FALSE,FALSE,3,FALSE,FALSE,59,,,,FALSE,,TRUE,{},TRUE,200,FALSE,FALSE
13,PO line number,line_number,Product,int,FALSE,FALSE,FALSE,4,FALSE,FALSE,60,,,,FALSE,,TRUE,{},TRUE,200,FALSE,FALSE
13,PO Issue date,issue_date,Product,date,FALSE,FALSE,FALSE,5,FALSE,FALSE,61,,,,FALSE,,TRUE,{},TRUE,200,FALSE,FALSE
13,Vendor,vendor_name,Product,date,FALSE,FALSE,FALSE,6,FALSE,FALSE,67,,,,FALSE,,TRUE,{},TRUE,200,FALSE,FALSE
13,ASN id,source_asn_code,Product,str,FALSE,FALSE,FALSE,7,FALSE,FALSE,62,,,,FALSE,,TRUE,{},TRUE,200,FALSE,FALSE
13,Expected receive date,expected_receive_date,Product,date,FALSE,FALSE,FALSE,8,FALSE,FALSE,80,,,,FALSE,,TRUE,{},TRUE,200,FALSE,FALSE
14,Description,description,Product,list,FALSE,FALSE,FALSE,2,FALSE,FALSE,82,,,,FALSE,,TRUE,{},TRUE,200,FALSE,FALSE
14,Unit Definition,definition_type,Product,str,FALSE,FALSE,FALSE,3,FALSE,FALSE,56,,,,FALSE,,TRUE,{},TRUE,200,FALSE,FALSE
14,Mapped Definition,name,Product,list,FALSE,FALSE,FALSE,4,FALSE,FALSE,79,,,,FALSE,,FALSE,{},TRUE,200,FALSE,FALSE
15,Material Number,article,Product,str,TRUE,FALSE,TRUE,1,FALSE,FALSE,55187,,,,FALSE,,TRUE,{},TRUE,200,FALSE,FALSE
15,Product Codes,product_codes,Product,array,FALSE,FALSE,FALSE,2,FALSE,FALSE,7101,,,,FALSE,,FALSE,{},FALSE,200,FALSE,FALSE
15,Group Division,l0_name,assort_drop_feature,str,TRUE,FALSE,FALSE,3,TRUE,TRUE,8132,,,,FALSE,,TRUE,{},TRUE,200,FALSE,FALSE
15,Division,l1_name,assort_drop_feature,str,TRUE,FALSE,FALSE,4,TRUE,TRUE,8133,,,,FALSE,,TRUE,{},TRUE,200,FALSE,FALSE
15,Department,l2_name,assort_drop_feature,str,TRUE,FALSE,FALSE,5,FALSE,TRUE,8134,,,,FALSE,,TRUE,{},TRUE,200,FALSE,FALSE
15,Sub Department,l3_name,"{""Style""}",str,FALSE,FALSE,TRUE,6,FALSE,FALSE,8135,,,,FALSE,,TRUE,{},TRUE,200,FALSE,FALSE
15,Class,l4_name,Inventory,str,FALSE,FALSE,FALSE,11,FALSE,FALSE,8136,,,,FALSE,,TRUE,{},TRUE,200,FALSE,FALSE
15,Brand,brand,Product,str,FALSE,FALSE,FALSE,8,FALSE,FALSE,72430,,,,FALSE,,TRUE,{},TRUE,200,FALSE,FALSE
15,Style Color ID,style_color_id,"{""Product""}",str,FALSE,FALSE,FALSE,12,,FALSE,8137,,,,FALSE,,TRUE,"{""width"": 220}",FALSE,200,FALSE,FALSE
15,Supersede Flag,supersede_flag,Product,str,FALSE,FALSE,FALSE,13,FALSE,FALSE,5812323,,,,FALSE,,TRUE,{},TRUE,200,FALSE,FALSE
16,Store Name,store_name,Store,str,TRUE,FALSE,TRUE,1,FALSE,FALSE,28,,,,FALSE,,TRUE,{},TRUE,200,FALSE,FALSE
16,Store Number,retail_facility_code,Store,str,TRUE,FALSE,TRUE,1,FALSE,FALSE,13501,,,,FALSE,,TRUE,{},TRUE,200,FALSE,FALSE
16,Channel,channel,Store,str,FALSE,FALSE,TRUE,2,FALSE,FALSE,34,,,,FALSE,,TRUE,{},TRUE,200,FALSE,FALSE
16,Store Currency,currency_cd,Store,str,FALSE,FALSE,TRUE,3,FALSE,FALSE,321297,,,,FALSE,,TRUE,{},TRUE,200,FALSE,FALSE
16,DC,dc_map,Store,list,FALSE,TRUE,FALSE,5,FALSE,FALSE,87,,,,FALSE,,FALSE,{},FALSE,200,FALSE,FALSE
17,Store Name,store_name,Store,str,TRUE,FALSE,TRUE,1,FALSE,FALSE,48,,,,FALSE,,TRUE,{},TRUE,200,FALSE,FALSE
17,Store Number,retail_facility_code,Store,str,TRUE,FALSE,TRUE,1,FALSE,FALSE,13502,,,,FALSE,,TRUE,{},TRUE,200,FALSE,FALSE
17,Store Classification,store_classification,Store,str,FALSE,FALSE,TRUE,2,FALSE,FALSE,50,,,,FALSE,,TRUE,{},TRUE,200,FALSE,FALSE
17,Store Group,store_group,Store,str,FALSE,FALSE,TRUE,3,FALSE,FALSE,53,,,,FALSE,,TRUE,{},TRUE,200,FALSE,FALSE
17,FC,fc_map,Store,list,FALSE,TRUE,FALSE,5,FALSE,FALSE,86,,,,FALSE,,TRUE,{},TRUE,200,FALSE,FALSE
18,Store Code,retail_facility_code,Store,str,FALSE,FALSE,FALSE,1,FALSE,FALSE,13503,,,,FALSE,,TRUE,{},TRUE,200,FALSE,FALSE
18,Store Name,store_name,Store,str,FALSE,FALSE,FALSE,2,FALSE,FALSE,112,,,,FALSE,,TRUE,{},TRUE,200,FALSE,FALSE
18,Store Currency,currency_cd,Store,str,FALSE,FALSE,FALSE,3,FALSE,FALSE,24684,,,,FALSE,,TRUE,{},TRUE,200,FALSE,FALSE
18,Store Classification,channel,Store,str,FALSE,FALSE,FALSE,3,FALSE,FALSE,113,,,,FALSE,,TRUE,{},TRUE,200,FALSE,FALSE
18,Region Description,s1_name,Store,str,FALSE,FALSE,FALSE,5,FALSE,FALSE,55120,,,,FALSE,,TRUE,{},TRUE,200,FALSE,FALSE
19,Product ID,product_code,Product,str,TRUE,FALSE,TRUE,1,FALSE,FALSE,114,,,,FALSE,,TRUE,{},TRUE,200,FALSE,FALSE
19,Material Number,article,"{""Product""}",str,FALSE,FALSE,TRUE,2,FALSE,FALSE,7701,,,,FALSE,,TRUE,{},TRUE,200,FALSE,FALSE
19,Color,color,Product,str,FALSE,FALSE,TRUE,4,FALSE,FALSE,154,,,,FALSE,,TRUE,{},TRUE,200,FALSE,FALSE
19,Size,size,Product,str,FALSE,FALSE,TRUE,5,FALSE,FALSE,116,,,,FALSE,,TRUE,{},TRUE,200,FALSE,FALSE
19,Style Color ID,style_color_id,"{""Product""}",str,FALSE,FALSE,FALSE,6,,FALSE,90931,,,,FALSE,,TRUE,"{""width"": 220}",FALSE,200,FALSE,FALSE
19,Mapped DC,dc_map,Product,list,FALSE,TRUE,FALSE,6,FALSE,TRUE,90,,,,FALSE,,FALSE,{},FALSE,200,FALSE,FALSE
19,Supersede Flag,supersede_flag,Product,str,FALSE,FALSE,FALSE,6,FALSE,FALSE,5812324,,,,FALSE,,TRUE,{},TRUE,200,FALSE,FALSE
20,Product ID,product_code,Product,str,TRUE,FALSE,TRUE,1,FALSE,FALSE,119,,,,FALSE,,TRUE,{},TRUE,200,FALSE,FALSE
20,Color,color,Product,str,FALSE,FALSE,TRUE,4,FALSE,FALSE,155,,,,FALSE,,TRUE,{},TRUE,200,FALSE,FALSE
20,Size,size,Product,str,FALSE,FALSE,TRUE,5,FALSE,FALSE,117,,,,FALSE,,TRUE,{},TRUE,200,FALSE,FALSE
20,Mapped FC,fc_map,Product,list,FALSE,TRUE,FALSE,6,FALSE,FALSE,91,,,,FALSE,,FALSE,{},TRUE,200,FALSE,FALSE
21,Store Number,retail_facility_code,"{""Store""}",str,TRUE,FALSE,TRUE,1,FALSE,FALSE,13504,,,,FALSE,,TRUE,{},TRUE,200,FALSE,FALSE
21,Store Name,store_name,"{""Store""}",str,FALSE,FALSE,TRUE,2,FALSE,FALSE,128,,,,FALSE,,TRUE,{},TRUE,200,FALSE,FALSE
21,Area Code,area_code,"{""Store""}",str,FALSE,FALSE,TRUE,3,FALSE,FALSE,129,,,,FALSE,,TRUE,{},TRUE,200,FALSE,FALSE
21,Country,country,"{""Store""}",str,FALSE,FALSE,TRUE,5,FALSE,FALSE,131,,,,FALSE,,TRUE,{},TRUE,200,FALSE,FALSE
21,Mapped Products,num_products_mapped,"{""Store""}",str,FALSE,FALSE,TRUE,6,FALSE,FALSE,132,,,,FALSE,,FALSE,{},TRUE,200,FALSE,FALSE
21,View Unmapped,view_unmapped,"{""Store""}",str,FALSE,FALSE,TRUE,7,FALSE,FALSE,133,,,,FALSE,,FALSE,{},TRUE,200,FALSE,FALSE
21,Include Unmapped,include_unmapped,"{""Store""}",list,FALSE,TRUE,TRUE,8,FALSE,FALSE,123,,,,FALSE,,FALSE,{},FALSE,200,FALSE,FALSE
21,View Dates,view_dates,Date,link,FALSE,TRUE,FALSE,9,FALSE,FALSE,1940,,,,FALSE,,FALSE,{},TRUE,200,FALSE,FALSE
22,Material Number,article,"{""Style""}",str,TRUE,FALSE,TRUE,1,FALSE,FALSE,55179,,,,FALSE,,TRUE,{},TRUE,200,FALSE,FALSE
22,Group Division,l0_name,"{""Style""}",str,FALSE,FALSE,TRUE,2,FALSE,FALSE,6146,,,,FALSE,,TRUE,{},TRUE,200,FALSE,FALSE
22,Division,l1_name,"{""Style""}",str,FALSE,FALSE,TRUE,3,FALSE,FALSE,6147,,,,FALSE,,TRUE,{},TRUE,200,FALSE,FALSE
22,Department,l2_name,"{""Style""}",str,FALSE,FALSE,TRUE,4,FALSE,FALSE,6148,,,,FALSE,,TRUE,{},TRUE,200,FALSE,FALSE
22,Sub Department,l3_name,"{""Style""}",str,FALSE,FALSE,TRUE,5,FALSE,FALSE,96,,,,FALSE,,TRUE,{},TRUE,200,FALSE,FALSE
22,Color,color,"{""Style""}",str,FALSE,FALSE,TRUE,6,FALSE,FALSE,55162,,,,FALSE,,TRUE,{},TRUE,200,FALSE,FALSE
22,Style Description,product_description,Product,str,FALSE,FALSE,FALSE,7,FALSE,FALSE,70014,,,,FALSE,,TRUE,{},TRUE,200,FALSE,FALSE
22,Product Type,article_status_tag,"{""Style""}",str,FALSE,FALSE,TRUE,8,FALSE,FALSE,55163,,,,FALSE,,TRUE,{},TRUE,200,FALSE,FALSE
22,Mapped Stores,mapped_stores,"{""Style""}",str,FALSE,FALSE,TRUE,9,FALSE,FALSE,95,,,,FALSE,,FALSE,{},FALSE,200,FALSE,FALSE
23,Store Number,retail_facility_code,Store,str,TRUE,FALSE,TRUE,1,FALSE,FALSE,13505,,,,FALSE,,TRUE,{},TRUE,200,FALSE,FALSE
23,Store Name,store_name,Store,str,TRUE,FALSE,TRUE,2,FALSE,FALSE,195,,,,FALSE,,TRUE,{},TRUE,200,FALSE,FALSE
23,Store Currency,currency_cd,Store,str,FALSE,FALSE,FALSE,3,FALSE,FALSE,24682,,,,FALSE,,TRUE,{},TRUE,200,FALSE,FALSE
23,Channel,channel,Store,str,FALSE,FALSE,TRUE,4,FALSE,FALSE,3500,,,,FALSE,,TRUE,{},TRUE,200,FALSE,FALSE
23,Mapped Products,mapped_products_count,Store,link,FALSE,TRUE,FALSE,5,FALSE,FALSE,175,,,,FALSE,,FALSE,{},FALSE,200,FALSE,FALSE
24,Product ID,product_code,Product,str,TRUE,FALSE,TRUE,1,FALSE,FALSE,177,,,,FALSE,,TRUE,{},TRUE,200,FALSE,FALSE
24,Product Name,product_name,Product,str,TRUE,FALSE,TRUE,2,FALSE,FALSE,178,,,,FALSE,,TRUE,{},TRUE,200,FALSE,FALSE
24,Stores Mapped,num_stores_mapped,Product,str,FALSE,FALSE,TRUE,4,FALSE,FALSE,180,,,,FALSE,,TRUE,{},TRUE,200,FALSE,FALSE
24,Include Unmapped Stores,include_unmapped,Product,list,FALSE,TRUE,TRUE,5,FALSE,FALSE,170,,,,FALSE,,FALSE,{},FALSE,200,FALSE,FALSE
24,View Unmapped Stores,view_umapped,Product,str,FALSE,FALSE,TRUE,6,FALSE,FALSE,181,,,,FALSE,,FALSE,{},TRUE,200,FALSE,FALSE
24,View Dates,view_dates,Date,link,FALSE,TRUE,FALSE,7,FALSE,FALSE,1941,,,,FALSE,,FALSE,{},TRUE,200,FALSE,FALSE
25,Store Group Name,name,Store,str,TRUE,FALSE,TRUE,2,FALSE,FALSE,172,,,,FALSE,,TRUE,{},TRUE,200,FALSE,FALSE
25,Store Count,store_count,Store,int,FALSE,FALSE,TRUE,3,FALSE,FALSE,3501,,,,FALSE,,FALSE,{},FALSE,200,FALSE,FALSE
25,Store group type,special_classification,Store,str,TRUE,FALSE,TRUE,4,FALSE,FALSE,3502,,,,FALSE,,TRUE,{},TRUE,200,FALSE,FALSE
25,Mapped Products,mapped_products_count,Store,link,FALSE,TRUE,FALSE,5,FALSE,FALSE,176,,,,FALSE,,FALSE,{},FALSE,200,FALSE,FALSE
26,Product Group Name,name,"{""Product""}",str,TRUE,FALSE,TRUE,2,FALSE,FALSE,35,,,,FALSE,,TRUE,{},TRUE,200,FALSE,FALSE
26,Group Type,special_classification,"{""Product""}",str,FALSE,FALSE,TRUE,3,FALSE,FALSE,36,,,,FALSE,,TRUE,{},TRUE,200,FALSE,FALSE
26,#Products/Styles,product_count,"{""Product""}",str,FALSE,FALSE,TRUE,4,FALSE,FALSE,37,,,,FALSE,,FALSE,{},TRUE,200,FALSE,FALSE
26,#Product Groups,pg_count,"{""Product""}",str,FALSE,FALSE,TRUE,5,FALSE,FALSE,38,,,,FALSE,,FALSE,{},TRUE,200,FALSE,FALSE
26,Mapped Stores,mapped_stores_count,"{""Product""}",link,FALSE,FALSE,TRUE,6,FALSE,FALSE,39,,,,FALSE,,FALSE,{},FALSE,200,FALSE,FALSE
26,Group Division,l0_name,"{""Product""}",str,FALSE,FALSE,TRUE,6,TRUE,FALSE,6039,,,,FALSE,,TRUE,{},TRUE,200,FALSE,FALSE
26,Division,l1_name,"{""Product""}",str,FALSE,FALSE,TRUE,6,TRUE,FALSE,6040,,,,FALSE,,TRUE,{},TRUE,200,FALSE,FALSE
26,Department,l2_name,"{""Product""}",str,FALSE,FALSE,TRUE,6,TRUE,FALSE,6041,,,,FALSE,,TRUE,{},TRUE,200,FALSE,FALSE
27,DC name,name,Store,str,FALSE,FALSE,FALSE,1,FALSE,FALSE,89,,,,FALSE,,TRUE,{},TRUE,200,FALSE,FALSE
27,Status,status,Store,list,FALSE,TRUE,FALSE,2,FALSE,TRUE,138,,,,FALSE,,TRUE,{},TRUE,200,FALSE,FALSE
27,From Date,start_time,Store,datetime,FALSE,TRUE,FALSE,4,FALSE,TRUE,206,,,,FALSE,,FALSE,{},TRUE,200,FALSE,FALSE
27,To Date,end_time,Store,datetime,FALSE,TRUE,FALSE,5,FALSE,FALSE,75,,,,FALSE,,FALSE,{},TRUE,200,FALSE,FALSE
28,FC name,name,Store,str,FALSE,FALSE,FALSE,1,FALSE,FALSE,225,,,,FALSE,,TRUE,{},TRUE,200,FALSE,FALSE
28,Status,status,Store,list,FALSE,TRUE,FALSE,3,FALSE,TRUE,207,,,,FALSE,,TRUE,{},TRUE,200,FALSE,FALSE
28,From Date,start_time,Store,DateTimeField,FALSE,TRUE,FALSE,4,FALSE,TRUE,73,,,,FALSE,,TRUE,{},TRUE,200,FALSE,FALSE
28,To Date,end_time,Store,DateTimeField,FALSE,TRUE,FALSE,5,FALSE,FALSE,208,,,,FALSE,,TRUE,{},TRUE,200,FALSE,FALSE
29,Fiscal Week,fw,Inventory,str,FALSE,FALSE,FALSE,2,FALSE,FALSE,71,,,,FALSE,,TRUE,{},TRUE,200,FALSE,FALSE
29,Week Start Date,fiscal_week_begin_date,Inventory,str,FALSE,FALSE,FALSE,2,FALSE,FALSE,72,,,,FALSE,,TRUE,{},TRUE,200,FALSE,FALSE
29,Product Id,product_code,Inventory,str,FALSE,FALSE,FALSE,2,FALSE,FALSE,212,,,,FALSE,,TRUE,{},TRUE,200,FALSE,FALSE
29,Product Name,product_name,Inventory,str,FALSE,FALSE,FALSE,2,FALSE,FALSE,213,,,,FALSE,,TRUE,{},TRUE,200,FALSE,FALSE
29,DC No.,dc_code,Inventory,str,FALSE,FALSE,FALSE,2,FALSE,FALSE,214,,,,FALSE,,TRUE,{},TRUE,200,FALSE,FALSE
29,DC Name,dc_name,Inventory,str,FALSE,FALSE,FALSE,2,FALSE,FALSE,215,,,,FALSE,,TRUE,{},TRUE,200,FALSE,FALSE
29,Store Name,store_name,Inventory,str,FALSE,FALSE,FALSE,2,FALSE,FALSE,217,,,,FALSE,,TRUE,{},TRUE,200,FALSE,FALSE
29,DC on hand,oh,Inventory,str,FALSE,FALSE,FALSE,2,FALSE,FALSE,218,,,,FALSE,,TRUE,{},TRUE,200,FALSE,FALSE
29,DC to Store Intransit,it,Inventory,str,FALSE,FALSE,FALSE,2,FALSE,FALSE,219,,,,FALSE,,TRUE,{},TRUE,200,FALSE,FALSE
29,Back order- Store,oc,Inventory,str,FALSE,FALSE,FALSE,2,FALSE,FALSE,220,,,,FALSE,,TRUE,{},TRUE,200,FALSE,FALSE
29,DC on Order,oo,Inventory,str,FALSE,FALSE,FALSE,2,FALSE,FALSE,221,,,,FALSE,,TRUE,{},TRUE,200,FALSE,FALSE
29,Tag,tag,Inventory,str,FALSE,FALSE,FALSE,2,FALSE,FALSE,222,,,,FALSE,,TRUE,{},TRUE,200,FALSE,FALSE
29,Date,date,Inventory,str,FALSE,FALSE,FALSE,2,FALSE,FALSE,223,,,,FALSE,,TRUE,{},TRUE,200,FALSE,FALSE
29,Store Number,retail_facility_code,Inventory,str,FALSE,FALSE,FALSE,2,FALSE,FALSE,13506,,,,FALSE,,TRUE,{},TRUE,200,FALSE,FALSE
30,Inventory Levels,level,Inventory,str,FALSE,FALSE,FALSE,2,FALSE,FALSE,205,,,,FALSE,,TRUE,{},TRUE,200,FALSE,FALSE
30,Fiscal Week,fy,Inventory,str,FALSE,FALSE,FALSE,2,FALSE,FALSE,227,,,,FALSE,,TRUE,{},TRUE,200,FALSE,FALSE
30,Week Start Date,fiscal_week_begin_date,Inventory,str,FALSE,FALSE,FALSE,2,FALSE,FALSE,228,,,,FALSE,,TRUE,{},TRUE,200,FALSE,FALSE
30,Date,date,Inventory,str,FALSE,FALSE,FALSE,2,FALSE,FALSE,229,,,,FALSE,,TRUE,{},TRUE,200,FALSE,FALSE
30,Product Id,product_code,Inventory,str,FALSE,FALSE,FALSE,2,FALSE,FALSE,230,,,,FALSE,,TRUE,{},TRUE,200,FALSE,FALSE
30,Prodcut Name,product_name,Inventory,str,FALSE,FALSE,FALSE,2,FALSE,FALSE,231,,,,FALSE,,TRUE,{},TRUE,200,FALSE,FALSE
30,DC No,dc_code,Inventory,str,FALSE,FALSE,FALSE,2,FALSE,FALSE,232,,,,FALSE,,TRUE,{},TRUE,200,FALSE,FALSE
30,DC Name,dc_name,Inventory,str,FALSE,FALSE,FALSE,2,FALSE,FALSE,233,,,,FALSE,,TRUE,{},TRUE,200,FALSE,FALSE
30,On Hand/ Available,oh,Inventory,str,FALSE,FALSE,FALSE,2,FALSE,FALSE,234,,,,FALSE,,TRUE,{},TRUE,200,FALSE,FALSE
30,From DC In-transit,it,Inventory,str,FALSE,FALSE,FALSE,2,FALSE,FALSE,235,,,,FALSE,,TRUE,{},TRUE,200,FALSE,FALSE
30,On Order,oo,Inventory,str,FALSE,FALSE,FALSE,2,FALSE,FALSE,236,,,,FALSE,,TRUE,{},TRUE,200,FALSE,FALSE
30,Back Order / ADA Upcoming Week,bo,Inventory,str,FALSE,FALSE,FALSE,2,FALSE,FALSE,237,,,,FALSE,,TRUE,{},TRUE,200,FALSE,FALSE
30,Inventory positions,ip,Inventory,str,FALSE,FALSE,FALSE,2,FALSE,FALSE,238,,,,FALSE,,TRUE,{},TRUE,200,FALSE,FALSE
31,Fiscal Week,fw,Inventory,str,FALSE,FALSE,FALSE,2,FALSE,FALSE,174,,,,FALSE,,TRUE,{},TRUE,200,FALSE,FALSE
31,Week Start Date,fiscal_week_begin_date,Inventory,str,FALSE,FALSE,FALSE,2,FALSE,FALSE,182,,,,FALSE,,TRUE,{},TRUE,200,FALSE,FALSE
31,Date,date,Inventory,str,FALSE,FALSE,FALSE,2,FALSE,FALSE,188,,,,FALSE,,TRUE,{},TRUE,200,FALSE,FALSE
31,Product Id,product_code,Inventory,str,FALSE,FALSE,FALSE,2,FALSE,FALSE,189,,,,FALSE,,TRUE,{},TRUE,200,FALSE,FALSE
31,Product Name,product_name,Inventory,str,FALSE,FALSE,FALSE,2,FALSE,FALSE,190,,,,FALSE,,TRUE,{},TRUE,200,FALSE,FALSE
31,DC Code,dc_code,Inventory,str,FALSE,FALSE,FALSE,2,FALSE,FALSE,191,,,,FALSE,,TRUE,{},TRUE,200,FALSE,FALSE
31,DC Name,dc_name,Inventory,str,FALSE,FALSE,FALSE,2,FALSE,FALSE,192,,,,FALSE,,TRUE,{},TRUE,200,FALSE,FALSE
31,Store Name,store_name,Inventory,str,FALSE,FALSE,FALSE,2,FALSE,FALSE,194,,,,FALSE,,TRUE,{},TRUE,200,FALSE,FALSE
31,From DC in-transit,it,Inventory,str,FALSE,FALSE,FALSE,2,FALSE,FALSE,199,,,,FALSE,,TRUE,{},TRUE,200,FALSE,FALSE
31,Back Order/ ADA Upcoming Week,bo,Inventory,str,FALSE,FALSE,FALSE,2,FALSE,FALSE,200,,,,FALSE,,TRUE,{},TRUE,200,FALSE,FALSE
31,Plan Name,pn,Inventory,str,FALSE,FALSE,FALSE,2,FALSE,FALSE,201,,,,FALSE,,TRUE,{},TRUE,200,FALSE,FALSE
31,Plan Status,ps,Inventory,str,FALSE,FALSE,FALSE,2,FALSE,FALSE,202,,,,FALSE,,TRUE,{},TRUE,200,FALSE,FALSE
31,Delivery Date,dd,Inventory,str,FALSE,FALSE,FALSE,2,FALSE,FALSE,203,,,,FALSE,,TRUE,{},TRUE,200,FALSE,FALSE
31,Tag,tag,Inventory,str,FALSE,FALSE,FALSE,2,FALSE,FALSE,204,,,,FALSE,,TRUE,{},TRUE,200,FALSE,FALSE
31,Store Number,retail_facility_code,Inventory,str,FALSE,FALSE,FALSE,2,FALSE,FALSE,13507,,,,FALSE,,TRUE,{},TRUE,200,FALSE,FALSE
32,Fiscal Week,fw,Inventory,str,FALSE,FALSE,FALSE,2,FALSE,FALSE,209,,,,FALSE,,TRUE,{},TRUE,200,FALSE,FALSE
32,Week Start Date,fiscal_week_begin_date,Inventory,str,FALSE,FALSE,FALSE,2,FALSE,FALSE,210,,,,FALSE,,TRUE,{},TRUE,200,FALSE,FALSE
32,Date,date,Inventory,str,FALSE,FALSE,FALSE,2,FALSE,FALSE,211,,,,FALSE,,TRUE,{},TRUE,200,FALSE,FALSE
32,Store Name,store_name,Inventory,str,FALSE,FALSE,FALSE,2,FALSE,FALSE,239,,,,FALSE,,TRUE,{},TRUE,200,FALSE,FALSE
32,Product Id,product_code,Inventory,str,FALSE,FALSE,FALSE,2,FALSE,FALSE,240,,,,FALSE,,TRUE,{},TRUE,200,FALSE,FALSE
32,Product Name,product_name,Inventory,str,FALSE,FALSE,FALSE,2,FALSE,FALSE,241,,,,FALSE,,TRUE,{},TRUE,200,FALSE,FALSE
32,Available Levels at Store,available_levels_store,Inventory,str,FALSE,FALSE,FALSE,2,FALSE,FALSE,242,,,,FALSE,,TRUE,{},TRUE,200,FALSE,FALSE
32,In-transit,it,Inventory,str,FALSE,FALSE,FALSE,2,FALSE,FALSE,243,,,,FALSE,,TRUE,{},TRUE,200,FALSE,FALSE
32,Back Order/ADA,back_order,Inventory,str,FALSE,FALSE,FALSE,2,FALSE,FALSE,244,,,,FALSE,,TRUE,{},TRUE,200,FALSE,FALSE
32,Plan,allocation_name,Inventory,str,FALSE,FALSE,FALSE,2,FALSE,FALSE,245,,,,FALSE,,TRUE,{},TRUE,200,FALSE,FALSE
32,Store Number,retail_facility_code,Inventory,str,FALSE,FALSE,FALSE,2,FALSE,FALSE,13508,,,,FALSE,,TRUE,{},TRUE,200,FALSE,FALSE
34,Product ID,product_code,Product,str,TRUE,FALSE,TRUE,1,FALSE,FALSE,88,,,,FALSE,,TRUE,{},TRUE,200,FALSE,FALSE
34,Description,product_description,Product,str,FALSE,FALSE,TRUE,2,FALSE,FALSE,161,,,,FALSE,,TRUE,{},TRUE,200,FALSE,FALSE
34,Color,color,Product,str,FALSE,FALSE,FALSE,3,FALSE,FALSE,162,,,,FALSE,,TRUE,{},TRUE,200,FALSE,FALSE
34,Size,product_size,Product,str,FALSE,FALSE,FALSE,4,FALSE,FALSE,163,,,,FALSE,,TRUE,{},TRUE,200,FALSE,FALSE
34,Revenue,total_revenue,Product,float,FALSE,FALSE,FALSE,5,FALSE,FALSE,164,,,,FALSE,,TRUE,{},TRUE,200,FALSE,FALSE
34,Sell Through,sell_through,Product,float,FALSE,FALSE,FALSE,6,FALSE,FALSE,165,,,,FALSE,,TRUE,{},TRUE,200,FALSE,FALSE
34,IA Classification,labels,Product,str,FALSE,FALSE,FALSE,7,FALSE,FALSE,166,,,,FALSE,,TRUE,{},TRUE,200,FALSE,FALSE
36,Request id,id,Product,str,TRUE,FALSE,TRUE,1,FALSE,TRUE,246,,,,FALSE,,TRUE,{},TRUE,200,FALSE,FALSE
36,Request Name,name,Product,str,TRUE,FALSE,TRUE,2,FALSE,TRUE,247,,,,FALSE,,TRUE,{},TRUE,200,FALSE,FALSE
36,Created At,created_at,Product,DateTimeField,TRUE,FALSE,TRUE,3,FALSE,TRUE,248,,,,FALSE,,TRUE,{},TRUE,200,FALSE,FALSE
36,Status,status,Product,str,TRUE,FALSE,TRUE,4,FALSE,TRUE,249,,,,FALSE,,TRUE,{},TRUE,200,FALSE,FALSE
36,Message,message,Other,str,FALSE,FALSE,TRUE,5,FALSE,FALSE,306,,,,FALSE,,TRUE,{},TRUE,200,FALSE,FALSE
36,Results,results,Product,review_btn,FALSE,TRUE,FALSE,6,FALSE,FALSE,7110,,,,FALSE,,TRUE,{},FALSE,200,FALSE,FALSE
37,Plan Name,name,Other,str,TRUE,FALSE,FALSE,1,FALSE,TRUE,40,,,,FALSE,,TRUE,{},TRUE,200,FALSE,FALSE
37,Created By,created_by,Other,str,FALSE,FALSE,FALSE,2,FALSE,TRUE,63,,,,FALSE,,TRUE,{},TRUE,200,FALSE,FALSE
37,Created On,created_at,Other,DateTimeField,FALSE,FALSE,FALSE,3,FALSE,TRUE,64,,,,FALSE,,TRUE,{},TRUE,200,FALSE,FALSE
37,Updated On,updated_at,Other,DateTimeField,FALSE,FALSE,FALSE,4,FALSE,FALSE,120,,,,FALSE,,TRUE,{},TRUE,200,FALSE,FALSE
37,Hierarchy,hierarchy_level,Other,str,FALSE,FALSE,FALSE,5,TRUE,TRUE,121,,,,FALSE,,TRUE,{},TRUE,200,FALSE,FALSE
37,Selling Period,selling_period,Other,DateTimeField,FALSE,FALSE,FALSE,6,FALSE,TRUE,124,,,,FALSE,,TRUE,{},TRUE,200,FALSE,FALSE
37,Channel Type,channel,Other,array,FALSE,FALSE,FALSE,7,FALSE,TRUE,125,,,,FALSE,,TRUE,{},TRUE,200,FALSE,FALSE
37,Sub Channel,sub_channel,Other,array,FALSE,FALSE,FALSE,7,FALSE,TRUE,80000,,,,FALSE,,TRUE,{},TRUE,200,FALSE,FALSE
37,No. of Materials Mapped,articles_mapped,Other,str,FALSE,FALSE,FALSE,8,TRUE,FALSE,126,,,,FALSE,,TRUE,{},TRUE,200,FALSE,FALSE
37,Approve,is_finialize_for_po,Other,ToogleField,FALSE,TRUE,FALSE,9,FALSE,FALSE,134,,,,FALSE,,FALSE,{},TRUE,200,FALSE,FALSE
37,Status,status,Other,str,FALSE,FALSE,FALSE,10,TRUE,TRUE,135,,,,FALSE,,TRUE,{},TRUE,200,FALSE,FALSE
37,Plan Step,plan_step_desc,Other,str,FALSE,FALSE,FALSE,11,FALSE,FALSE,139,,,,FALSE,,TRUE,{},TRUE,200,FALSE,FALSE
38,User Name,user_name,User,str,FALSE,FALSE,FALSE,1,FALSE,FALSE,185,,,,FALSE,,TRUE,{},TRUE,200,FALSE,FALSE
38,User ID,email,User,str,FALSE,FALSE,FALSE,2,FALSE,FALSE,186,,,,FALSE,,TRUE,{},TRUE,200,FALSE,FALSE
39,User,name,User,str,TRUE,FALSE,FALSE,1,FALSE,FALSE,254,,,,FALSE,,TRUE,{},TRUE,200,FALSE,FALSE
39,User id,user_code,User,int,TRUE,FALSE,FALSE,2,FALSE,FALSE,255,,,,FALSE,,TRUE,{},TRUE,200,FALSE,FALSE
39,Application,application_name,User,str,FALSE,FALSE,FALSE,3,FALSE,FALSE,187,,,,FALSE,,TRUE,{},TRUE,200,FALSE,FALSE
39,Roles assigned,role_name,User,str,FALSE,FALSE,FALSE,4,FALSE,FALSE,226,,,,FALSE,,TRUE,{},TRUE,200,FALSE,FALSE
39,Department Accessible,hierarchies,Product,link,FALSE,TRUE,FALSE,5,FALSE,FALSE,156,,,,FALSE,,FALSE,{},TRUE,200,FALSE,FALSE
39,Edit,edit,User,edit_icon,FALSE,TRUE,FALSE,7,FALSE,FALSE,337,,,,FALSE,,FALSE,{},TRUE,200,FALSE,FALSE
39,Delete,delete,User,delete_icon,FALSE,TRUE,FALSE,8,FALSE,FALSE,1834,,,,FALSE,,FALSE,{},TRUE,200,FALSE,FALSE
40,Category,category,Product,str,FALSE,FALSE,FALSE,1,FALSE,FALSE,250,,,,FALSE,,TRUE,{},TRUE,200,FALSE,FALSE
40,Channel,channel,Store,str,FALSE,FALSE,FALSE,2,FALSE,FALSE,251,,,,FALSE,,TRUE,{},TRUE,200,FALSE,FALSE
40,Department Code,department_code,Product,str,FALSE,FALSE,FALSE,3,FALSE,FALSE,252,,,,FALSE,,TRUE,{},TRUE,200,FALSE,FALSE
40,Department Name,department_name,Product,str,FALSE,FALSE,FALSE,4,FALSE,FALSE,253,,,,FALSE,,TRUE,{},TRUE,200,FALSE,FALSE
41,Group Division,l0_name,DepthAndChoice,str,FALSE,FALSE,FALSE,1,TRUE,TRUE,310,,,,FALSE,,FALSE,{},TRUE,200,FALSE,FALSE
41,Division,l1_name,DepthAndChoice,str,FALSE,FALSE,FALSE,2,TRUE,TRUE,311,,,,FALSE,,FALSE,{},TRUE,200,FALSE,FALSE
41,Department,l2_name,DepthAndChoice,str,FALSE,FALSE,FALSE,3,TRUE,TRUE,312,,,,FALSE,,FALSE,{},TRUE,200,FALSE,FALSE
41,Sub Department,l3_name,DepthAndChoice,attribute,TRUE,FALSE,FALSE,4,FALSE,TRUE,313,,,,FALSE,,FALSE,{},TRUE,200,FALSE,FALSE
41,Drops,drop,DepthAndChoice,str,FALSE,FALSE,FALSE,6,TRUE,TRUE,1922,,,,FALSE,,FALSE,{},TRUE,200,FALSE,FALSE
41,Channel,channel,DepthAndChoice,str,FALSE,FALSE,FALSE,7,TRUE,FALSE,51603,,,,FALSE,,FALSE,{},TRUE,200,FALSE,FALSE
41,sub_channel,sub_channel,DepthAndChoice,str,FALSE,FALSE,FALSE,8,TRUE,TRUE,1859,,,,FALSE,,FALSE,{},TRUE,200,FALSE,FALSE
41,APS,aps,DepthAndChoice,float,FALSE,FALSE,FALSE,9,FALSE,FALSE,256,,,roundOfftoTwoDecimals,FALSE,,FALSE,{},TRUE,125,FALSE,FALSE
42,Group Division,l0_name,plan_l3_opt,str,TRUE,FALSE,FALSE,1,TRUE,TRUE,532,,,,FALSE,name,FALSE,{},TRUE,200,FALSE,FALSE
42,Division,l1_name,plan_l3_opt,str,TRUE,FALSE,FALSE,2,TRUE,TRUE,533,,,,FALSE,name,FALSE,{},TRUE,200,FALSE,FALSE
42,Department,l2_name,plan_l3_opt,str,TRUE,FALSE,FALSE,3,FALSE,TRUE,534,,,,FALSE,name,FALSE,{},TRUE,200,FALSE,FALSE
42,Sub Department,l3_name,plan_l3_opt,attribute,TRUE,FALSE,FALSE,4,FALSE,TRUE,265,,,,FALSE,name,FALSE,{},TRUE,200,FALSE,FALSE
42,Sub Channel,sub_channel,plan_l3_opt,str,FALSE,FALSE,FALSE,5,TRUE,FALSE,1857,,,,FALSE,,FALSE,{},TRUE,200,FALSE,FALSE
42,Drops,drop,plan_l3_opt,str,FALSE,FALSE,FALSE,5,TRUE,FALSE,1915,,,,FALSE,,FALSE,{},TRUE,200,FALSE,FALSE
42,Channel,channel,plan_l3_opt,str,FALSE,FALSE,FALSE,5,TRUE,FALSE,51602,,,,FALSE,,FALSE,{},TRUE,200,FALSE,FALSE
42,Pen%,pen%,plan_l3_opt,float,FALSE,FALSE,FALSE,6,FALSE,TRUE,266,,,,FALSE,,TRUE,{},TRUE,125,FALSE,FALSE
42,COGS,cogs_ly,plan_l3_opt,dollar,FALSE,FALSE,FALSE,10,FALSE,TRUE,55060,,,roundOfftoTwoDecimals,FALSE,formula,FALSE,{},TRUE,150,FALSE,FALSE
42,AUR,aur,plan_l3_opt,dollar,FALSE,FALSE,FALSE,11,FALSE,TRUE,279,,,,FALSE,,TRUE,{},TRUE,150,FALSE,FALSE
42,Store Eligibility Groups,store_eligibility_groups,plan_l3_opt,str,FALSE,FALSE,FALSE,15,TRUE,TRUE,57000,,,,FALSE,name,FALSE,{},TRUE,200,FALSE,FALSE
42,Delete,delete,plan_l3_opt,delete_icon,FALSE,TRUE,FALSE,16,FALSE,TRUE,282,,,,FALSE,,FALSE,{},TRUE,200,FALSE,FALSE
43,Cluster,g_cluster,Other,str,FALSE,FALSE,FALSE,1,FALSE,FALSE,283,,,,FALSE,,FALSE,{},FALSE,200,FALSE,FALSE
43,Store Number,retail_facility_code,str,str,FALSE,FALSE,TRUE,2,TRUE,TRUE,13509,,,,FALSE,,FALSE,{},FALSE,200,FALSE,FALSE
43,Store Name,store_name,str,link,FALSE,FALSE,TRUE,3,FALSE,TRUE,296,,count,,FALSE,,FALSE,{},FALSE,200,FALSE,FALSE
43,performance_cluster_name,performance_cluster_name,str,str,FALSE,FALSE,FALSE,4,TRUE,TRUE,297,,,,FALSE,,FALSE,{},FALSE,200,FALSE,FALSE
43,attribute_cluster_name,attribute_cluster_name,str,str,FALSE,FALSE,FALSE,4,TRUE,TRUE,298,,,,FALSE,,FALSE,{},FALSE,200,FALSE,FALSE
43,Sales ($),sales_retail$,Other,dollar,FALSE,FALSE,TRUE,6,FALSE,FALSE,285,,average,roundOff,FALSE,,FALSE,{},FALSE,150,FALSE,FALSE
43,Avg. Basket Size ($),avg_basket_size,Other,dollar,FALSE,FALSE,TRUE,7,FALSE,FALSE,286,,average,roundOff,FALSE,,FALSE,{},FALSE,150,FALSE,FALSE
43,AUR,AUR,Other,dollar,FALSE,FALSE,TRUE,8,FALSE,FALSE,287,,average,roundOff,FALSE,,FALSE,{},FALSE,150,FALSE,FALSE
43,APS,APS,Ohter,float,FALSE,FALSE,TRUE,9,FALSE,FALSE,288,,average,roundOfftoTwoDecimals,FALSE,,FALSE,{},FALSE,125,FALSE,FALSE
43,Unit Sales,unit_sales,Other,float,FALSE,FALSE,TRUE,10,FALSE,FALSE,289,,average,roundOff,FALSE,,FALSE,{},FALSE,125,FALSE,FALSE
43,Lost Sales,lost_sales,Other,float,FALSE,FALSE,TRUE,11,FALSE,FALSE,290,,average,roundOff,FALSE,,FALSE,{},FALSE,125,FALSE,FALSE
43,Gross Margin ($),gross_margin,Other,dollar,FALSE,FALSE,TRUE,12,FALSE,FALSE,291,,average,roundOff,FALSE,,FALSE,{},FALSE,150,FALSE,FALSE
43,Margin %,margin%,Other,percentage,FALSE,FALSE,TRUE,13,FALSE,FALSE,292,,average,roundOfftoTwoDecimals,FALSE,,FALSE,{},FALSE,125,FALSE,FALSE
43,ST%,ST%,Other,percentage,FALSE,FALSE,TRUE,14,FALSE,FALSE,293,,average,roundOfftoTwoDecimals,FALSE,,FALSE,{},FALSE,125,FALSE,FALSE
43,Unit Receipt,unit_receipts,Other,float,FALSE,FALSE,TRUE,15,FALSE,FALSE,294,,average,roundOff,FALSE,,FALSE,{},FALSE,125,FALSE,FALSE
44,"KPI""s Name",attribute_name,Other,attribute,FALSE,FALSE,FALSE,1,FALSE,TRUE,299,,,,FALSE,,FALSE,{},TRUE,200,FALSE,FALSE
44,Significant Score,score,Other,roundOfftoTwoDecimal,FALSE,FALSE,FALSE,2,FALSE,TRUE,300,,,,FALSE,,FALSE,{},TRUE,200,FALSE,FALSE
44,Rank,rank,Other,int,FALSE,FALSE,FALSE,3,FALSE,TRUE,301,,,,FALSE,,FALSE,{},TRUE,125,FALSE,FALSE
44,Action,is_final,Other,bool,FALSE,FALSE,FALSE,4,TRUE,TRUE,302,,,,FALSE,,FALSE,{},TRUE,100,FALSE,FALSE
45,"KPI""s Name",attribute_name,Other,attribute,FALSE,FALSE,FALSE,1,FALSE,TRUE,303,,,,FALSE,,FALSE,{},TRUE,200,FALSE,FALSE
45,Attribute Type,is_primary,Other,boolean,FALSE,FALSE,FALSE,2,TRUE,TRUE,304,,,,FALSE,,FALSE,{},TRUE,200,FALSE,FALSE
45,Action,is_final,Other,bool,FALSE,FALSE,FALSE,3,TRUE,TRUE,305,,,,FALSE,,FALSE,{},TRUE,100,FALSE,FALSE
46,Plan Name,name,Plan,str,TRUE,FALSE,FALSE,1,FALSE,FALSE,315,,,,FALSE,,TRUE,{},FALSE,200,FALSE,FALSE
46,Created By,created_by,Plan,str,FALSE,FALSE,FALSE,2,FALSE,FALSE,316,,,,FALSE,,FALSE,{},FALSE,200,FALSE,FALSE
46,Created On,created_at,Plan,DateTimeField,FALSE,FALSE,FALSE,3,FALSE,FALSE,317,,,,FALSE,,FALSE,{},TRUE,200,FALSE,FALSE
46,Scenario Name,scenario_name,Plan,str,FALSE,FALSE,FALSE,4,FALSE,FALSE,918,,,,FALSE,,TRUE,{},FALSE,200,FALSE,FALSE
46,Plan Stage,status_txt,Plan,str,FALSE,FALSE,FALSE,5,FALSE,FALSE,917,,,,FALSE,,FALSE,{},FALSE,200,FALSE,FALSE
46,Planning Channel,channel,Plan,str,FALSE,FALSE,FALSE,6,FALSE,FALSE,318,,,,FALSE,,TRUE,{},FALSE,200,FALSE,FALSE
46,Season,season,Plan,str,FALSE,FALSE,FALSE,7,FALSE,FALSE,319,,,,FALSE,,TRUE,{},FALSE,200,FALSE,FALSE
46,Start date,plan_period_sdate,Plan,DateTimeField,FALSE,FALSE,FALSE,9,FALSE,FALSE,321,,,,FALSE,,TRUE,{},TRUE,200,FALSE,FALSE
46,End date,plan_period_edate,Plan,DateTimeField,FALSE,FALSE,FALSE,10,FALSE,FALSE,322,,,,FALSE,,TRUE,{},TRUE,200,FALSE,FALSE
46,Action,action,Plan,edit_icon,FALSE,TRUE,FALSE,11,FALSE,FALSE,358,,,,FALSE,,TRUE,{},FALSE,200,FALSE,FALSE
47,Store Number,retail_facility_code,Other,str,FALSE,FALSE,FALSE,1,FALSE,TRUE,13510,,,,FALSE,,FALSE,{},TRUE,200,FALSE,FALSE
47,Store Name,store_name,Other,str,FALSE,FALSE,FALSE,2,FALSE,TRUE,325,,,,FALSE,,FALSE,{},TRUE,200,FALSE,FALSE
47,Store Type,special_classification,Other,str,FALSE,FALSE,FALSE,3,FALSE,TRUE,326,,,,FALSE,,FALSE,{},TRUE,200,FALSE,FALSE
48,Sub Department,l3_name,product_list,str,TRUE,FALSE,FALSE,1,FALSE,FALSE,333,,,,FALSE,,TRUE,{},TRUE,200,FALSE,FALSE
48,Material Number,article,product_list,str,FALSE,FALSE,FALSE,2,FALSE,FALSE,334,,,,FALSE,,TRUE,{},TRUE,200,FALSE,FALSE
48,Name,style_name,product_list,str,FALSE,FALSE,FALSE,3,FALSE,FALSE,335,,,,FALSE,,TRUE,{},TRUE,200,FALSE,FALSE
48,Sales ($),price,product_list,dollar,FALSE,FALSE,FALSE,3,FALSE,FALSE,336,,,roundOfftoTwoDecimals,FALSE,,FALSE,{},TRUE,150,FALSE,FALSE
49,User Name,user_name,User,str,FALSE,FALSE,FALSE,1,FALSE,FALSE,339,,,,FALSE,,FALSE,{},TRUE,200,FALSE,FALSE
49,User id,email,User,str,FALSE,FALSE,FALSE,2,FALSE,FALSE,340,,,,FALSE,,FALSE,{},TRUE,200,FALSE,FALSE
49,Delete,delete,User,delete_icon,FALSE,TRUE,FALSE,3,FALSE,FALSE,341,,,,FALSE,,FALSE,{},TRUE,200,FALSE,FALSE
50,Product ID,product_code,Product,str,TRUE,FALSE,FALSE,1,FALSE,FALSE,510,,,,FALSE,,TRUE,{},TRUE,200,FALSE,FALSE
50,Description,product_description,Product,str,FALSE,FALSE,FALSE,2,FALSE,FALSE,511,,,,FALSE,,TRUE,{},TRUE,200,FALSE,FALSE
50,Group Division,l0_name,Product,str,FALSE,FALSE,FALSE,3,FALSE,FALSE,516,,,,FALSE,,TRUE,{},TRUE,200,FALSE,FALSE
50,Department,l2_name,Product,str,FALSE,FALSE,FALSE,4,FALSE,FALSE,514,,,,FALSE,,TRUE,{},TRUE,200,FALSE,FALSE
50,Status,status,Product,list,FALSE,TRUE,FALSE,6,FALSE,FALSE,517,,,,FALSE,,TRUE,{},TRUE,200,FALSE,FALSE
50,Type,type,Product,list,FALSE,TRUE,FALSE,7,FALSE,FALSE,515,,,,FALSE,,TRUE,{},TRUE,200,FALSE,FALSE
51,Group Division,l0_name,ReceiptDrawer,str,FALSE,FALSE,FALSE,1,TRUE,TRUE,342,,,,FALSE,,FALSE,{},TRUE,200,FALSE,FALSE
51,Division,l1_name,ReceiptDrawer,str,FALSE,FALSE,FALSE,2,TRUE,TRUE,343,,,,FALSE,,FALSE,{},TRUE,200,FALSE,FALSE
51,Department,l2_name,ReceiptDrawer,str,FALSE,FALSE,FALSE,3,TRUE,TRUE,344,,,,FALSE,,FALSE,{},TRUE,200,FALSE,FALSE
51,Sub Department,l3_name,ReceiptDrawer,attribute,TRUE,FALSE,FALSE,4,FALSE,TRUE,345,,,,TRUE,name,FALSE,{},TRUE,200,FALSE,FALSE
51,Drop,drop,ReceiptDrawer,str,FALSE,FALSE,FALSE,5,FALSE,TRUE,1936,,,,TRUE,,FALSE,{},TRUE,200,FALSE,FALSE
51,Units,units,ReceiptDrawer,str,FALSE,FALSE,FALSE,6,FALSE,TRUE,346,,,,FALSE,,FALSE,{},TRUE,200,FALSE,FALSE
51,Initial Units,initial_units,ReceiptDrawer,int,FALSE,FALSE,FALSE,6.1,FALSE,TRUE,347,346,,roundOff,FALSE,sum,FALSE,{},TRUE,125,FALSE,FALSE
51,Updated Units,updated_units,ReceiptDrawer,int,FALSE,FALSE,FALSE,6.2,FALSE,TRUE,348,346,,roundOff,FALSE,sum,FALSE,{},TRUE,125,FALSE,FALSE
51,Difference Units,difference_units,ReceiptDrawer,int,FALSE,FALSE,FALSE,7,FALSE,TRUE,349,,,,FALSE,,FALSE,{},TRUE,125,FALSE,FALSE
51,Diff Units,difference_units_no,ReceiptDrawer,int,FALSE,FALSE,FALSE,7.1,FALSE,TRUE,350,349,,roundOff,FALSE,sum,FALSE,{},TRUE,125,FALSE,FALSE
51,Diff Units (%),difference_units_%,ReceiptDrawer,percentage,FALSE,FALSE,FALSE,7.2,FALSE,TRUE,351,349,,roundOfftoTwoDecimals,FALSE,sum,FALSE,{},TRUE,125,FALSE,FALSE
51,Budget,budget,ReceiptDrawer,dollar,FALSE,FALSE,FALSE,8,FALSE,TRUE,352,,,roundOff,FALSE,,FALSE,{},TRUE,150,FALSE,FALSE
51,Initial Budget,initial_budget,ReceiptDrawer,dollar,FALSE,FALSE,FALSE,8.1,FALSE,TRUE,353,352,,roundOff,FALSE,sum,FALSE,{},TRUE,150,FALSE,FALSE
51,Updated Budget,updated_budget,ReceiptDrawer,dollar,FALSE,FALSE,FALSE,8.2,FALSE,TRUE,354,352,,roundOff,FALSE,sum,FALSE,{},TRUE,150,FALSE,FALSE
51,Difference Budget,difference_budget,ReceiptDrawer,dollar,FALSE,FALSE,FALSE,9,FALSE,TRUE,355,,,roundOff,FALSE,sum,FALSE,{},TRUE,150,FALSE,FALSE
51,Diff Budget,difference_budget_no,ReceiptDrawer,dollar,FALSE,FALSE,FALSE,9.1,FALSE,TRUE,356,355,,roundOff,FALSE,sum,FALSE,{},TRUE,150,FALSE,FALSE
51,Diff Budget (%),difference_budget_%,ReceiptDrawer,percentage,FALSE,FALSE,FALSE,9.2,FALSE,TRUE,357,355,,roundOfftoTwoDecimals,FALSE,sum,FALSE,{},TRUE,125,FALSE,FALSE
51,COGS,cogs,ReceiptDrawer,dollar,FALSE,FALSE,FALSE,10,FALSE,TRUE,55065,,,roundOff,FALSE,,FALSE,{},TRUE,150,FALSE,FALSE
51,Initial COGS,initial_cogs,ReceiptDrawer,dollar,FALSE,FALSE,FALSE,10.1,FALSE,TRUE,55066,55065,,roundOff,FALSE,sum,FALSE,{},TRUE,150,FALSE,FALSE
51,Updated COGS,updated_cogs,ReceiptDrawer,dollar,FALSE,FALSE,FALSE,10.2,FALSE,TRUE,55067,55065,,roundOff,FALSE,sum,FALSE,{},TRUE,150,FALSE,FALSE
51,Difference COGS,difference_cogs,ReceiptDrawer,dollar,FALSE,FALSE,FALSE,10.3,FALSE,TRUE,55068,55065,,roundOff,FALSE,sum,FALSE,{},TRUE,150,FALSE,FALSE
52,KPI/Metrics,metric,Plan,list,TRUE,FALSE,FALSE,1,FALSE,TRUE,359,,,,FALSE,,FALSE,{},TRUE,200,FALSE,FALSE
52,G Cluster,g_cluster,Other,str,FALSE,FALSE,FALSE,1,FALSE,FALSE,378,,,,FALSE,,FALSE,{},TRUE,200,FALSE,FALSE
52,Reference,reference,Plan,list,FALSE,FALSE,FALSE,2,FALSE,TRUE,360,,,,FALSE,,FALSE,{},TRUE,200,FALSE,FALSE
52,AUR,AUR,Other,dollar,FALSE,FALSE,TRUE,5,FALSE,FALSE,376,,sum,roundOff,FALSE,,FALSE,{},TRUE,200,FALSE,FALSE
52,Unit Sales,unit_sales,Other,float,FALSE,FALSE,TRUE,7,FALSE,FALSE,381,,sum,roundOff,FALSE,,FALSE,{},TRUE,200,FALSE,FALSE
52,Lost Sales,lost_sales,Other,float,FALSE,FALSE,TRUE,8,FALSE,FALSE,382,,sum,roundOff,FALSE,,FALSE,{},TRUE,200,FALSE,FALSE
52,Gross Margin ($),gross_margin,Other,dollar,FALSE,FALSE,TRUE,9,FALSE,FALSE,383,,sum,roundOff,FALSE,,FALSE,{},TRUE,200,FALSE,FALSE
52,Unit Receipt,unit_receipts,Other,float,FALSE,FALSE,TRUE,12,FALSE,FALSE,380,,sum,roundOff,FALSE,,FALSE,{},TRUE,200,FALSE,FALSE
52,Store Number,retail_facility_code,str,str,FALSE,FALSE,TRUE,13,TRUE,TRUE,13511,,,,FALSE,,FALSE,{},TRUE,200,FALSE,FALSE
52,attribute_cluster_name,attribute_cluster_name,str,str,FALSE,FALSE,FALSE,15,TRUE,TRUE,377,,,,FALSE,,FALSE,{},TRUE,200,FALSE,FALSE
53,Cluster,g_cluster,Other,str,FALSE,FALSE,FALSE,1,FALSE,FALSE,364,,,,FALSE,,FALSE,{},TRUE,200,FALSE,FALSE
53,Store Name,store_name,Store,str,FALSE,FALSE,TRUE,2,FALSE,TRUE,361,,count,,FALSE,,FALSE,{},TRUE,200,FALSE,FALSE
53,Sales ($),sales_retail$,Other,dollar,FALSE,FALSE,TRUE,3,FALSE,FALSE,372,,average,roundOff,FALSE,,FALSE,{},TRUE,200,FALSE,FALSE
53,Avg. Basket Size ($),avg_basket_size,Other,dollar,FALSE,FALSE,TRUE,4,FALSE,FALSE,373,,average,roundOff,FALSE,,FALSE,{},TRUE,200,FALSE,FALSE
53,AUR,AUR,Other,dollar,FALSE,FALSE,TRUE,5,FALSE,FALSE,362,,average,roundOff,FALSE,,FALSE,{},TRUE,200,FALSE,FALSE
53,APS,APS,Ohter,float,FALSE,FALSE,TRUE,6,FALSE,FALSE,374,,average,roundOfftoTwoDecimals,FALSE,,FALSE,{},TRUE,200,FALSE,FALSE
53,Unit Sales,unit_sales,Other,float,FALSE,FALSE,TRUE,7,FALSE,FALSE,367,,average,roundOff,FALSE,,FALSE,{},TRUE,200,FALSE,FALSE
53,Lost Sales,lost_sales,Other,float,FALSE,FALSE,TRUE,8,FALSE,FALSE,368,,average,roundOff,FALSE,,FALSE,{},TRUE,200,FALSE,FALSE
53,Gross Margin ($),gross_margin,Other,dollar,FALSE,FALSE,TRUE,9,FALSE,FALSE,369,,average,roundOff,FALSE,,FALSE,{},TRUE,200,FALSE,FALSE
53,Margin %,margin%,Other,percentage,FALSE,FALSE,TRUE,10,FALSE,FALSE,375,,average,roundOfftoTwoDecimals,FALSE,,FALSE,{},TRUE,200,FALSE,FALSE
53,ST%,ST%,Other,percentage,FALSE,FALSE,TRUE,11,FALSE,FALSE,370,,average,roundOfftoTwoDecimals,FALSE,,FALSE,{},TRUE,200,FALSE,FALSE
53,Unit Receipt,unit_receipts,Other,float,FALSE,FALSE,TRUE,12,FALSE,FALSE,366,,average,roundOff,FALSE,,FALSE,{},TRUE,200,FALSE,FALSE
53,Store Number,retail_facility_code,str,str,FALSE,FALSE,TRUE,13,TRUE,TRUE,13512,,,,FALSE,,FALSE,{},TRUE,200,FALSE,FALSE
53,performance_cluster_name,performance_cluster_name,str,str,FALSE,FALSE,FALSE,14,TRUE,TRUE,371,,,,FALSE,,FALSE,{},TRUE,200,FALSE,FALSE
53,attribute_cluster_name,attribute_cluster_name,str,str,FALSE,FALSE,FALSE,15,TRUE,TRUE,363,,,,FALSE,,FALSE,{},TRUE,200,FALSE,FALSE
54,Season,season_name,Wedge,str,FALSE,FALSE,FALSE,1,TRUE,TRUE,565,,,,FALSE,,FALSE,{},TRUE,200,FALSE,FALSE
54,Season Date For Now,season_date_for_now,Wedge,str,FALSE,FALSE,FALSE,2,TRUE,TRUE,566,,,,FALSE,,FALSE,{},TRUE,200,FALSE,FALSE
54,Date From,season_start_date,Wedge,str,FALSE,FALSE,FALSE,2.1,TRUE,TRUE,567,566,,,FALSE,,FALSE,{},TRUE,200,FALSE,FALSE
54,Date To,season_end_date,Wedge,str,FALSE,FALSE,FALSE,2.2,TRUE,TRUE,568,566,,,FALSE,,FALSE,{},TRUE,200,FALSE,FALSE
54,Channel,channels,Wedge,str,FALSE,FALSE,FALSE,3,TRUE,TRUE,569,,,,FALSE,,FALSE,{},TRUE,200,FALSE,FALSE
54,Group Division,l0_name,Wedge,str,TRUE,FALSE,FALSE,4,TRUE,TRUE,419,,,,FALSE,,FALSE,{},TRUE,200,FALSE,FALSE
54,Division,l1_name,Wedge,str,TRUE,FALSE,FALSE,5,TRUE,TRUE,420,,,,FALSE,,FALSE,{},TRUE,200,FALSE,FALSE
54,Department,l2_name,Wedge,str,TRUE,FALSE,FALSE,6,TRUE,TRUE,421,,,,FALSE,,FALSE,{},TRUE,200,FALSE,FALSE
54,Sub Department,l3_name,Wedge,attribute,TRUE,FALSE,FALSE,7,TRUE,TRUE,422,,,,FALSE,,FALSE,{},TRUE,200,FALSE,FALSE
54,Choice Name,choice_name,Wedge,str,TRUE,FALSE,FALSE,9,FALSE,TRUE,425,,,,FALSE,,FALSE,{},TRUE,200,FALSE,FALSE
54,wedge_id,wedge_id,Wedge,str,TRUE,FALSE,FALSE,10,TRUE,TRUE,423,,,,FALSE,,FALSE,{},TRUE,200,FALSE,FALSE
54,parent_wedge_id,parent_wedge_id,Wedge,str,TRUE,FALSE,FALSE,11,TRUE,TRUE,424,,,,FALSE,,FALSE,{},TRUE,200,FALSE,FALSE
54,Drop Name,drop_name,Wedge,str,TRUE,FALSE,FALSE,13,TRUE,TRUE,1923,,,,FALSE,,FALSE,{},TRUE,200,FALSE,FALSE
54,Flow Name,flow_name,Wedge,str,FALSE,FALSE,FALSE,14,TRUE,FALSE,555,,,,FALSE,,FALSE,{},FALSE,200,FALSE,FALSE
54,Total Units,total_qty,Wedge,int,FALSE,TRUE,FALSE,15,FALSE,TRUE,443,,,roundOff,FALSE,,FALSE,{},TRUE,125,FALSE,FALSE
54,Total Forecasted Qty,forecasted_qty,Wedge,int,FALSE,FALSE,FALSE,16,FALSE,TRUE,1872,,,,FALSE,,FALSE,{},TRUE,125,FALSE,FALSE
54,All Door Choice,all_door_choice,Wedge,list,FALSE,TRUE,FALSE,17,FALSE,TRUE,51647,,,,FALSE,,FALSE,{},TRUE,200,FALSE,FALSE
54,Lock Choice,lock_choice,Wedge,list,FALSE,TRUE,FALSE,18,FALSE,TRUE,1873,,,,FALSE,,FALSE,{},TRUE,200,FALSE,FALSE
54,Material Number,article_number,Wedge,str,FALSE,TRUE,FALSE,20,FALSE,TRUE,2061,,,,FALSE,,TRUE,{},TRUE,200,FALSE,FALSE
54,Style Number,style_no,Wedge,str,FALSE,TRUE,FALSE,21,FALSE,TRUE,1877,,,nonCommaFormatter,FALSE,,TRUE,{},TRUE,200,FALSE,FALSE
54,Style Name,style_name,Wedge,str,FALSE,TRUE,FALSE,22,FALSE,TRUE,1874,,,nonCommaFormatter,FALSE,,TRUE,{},TRUE,200,FALSE,FALSE
54,Color Name,color_name,Wedge,str,FALSE,TRUE,FALSE,23,FALSE,TRUE,1875,,,nonCommaFormatter,FALSE,,TRUE,{},TRUE,200,FALSE,FALSE
54,DCS,dcs,Wedge,str,FALSE,TRUE,FALSE,24,FALSE,TRUE,70015,,,,FALSE,,TRUE,{},TRUE,200,FALSE,FALSE
54,Actual MSRP,actual_msrp,Wedge,dollar,FALSE,TRUE,FALSE,25,FALSE,TRUE,1878,,,roundOfftoTwodecimal,FALSE,,TRUE,{},TRUE,150,FALSE,FALSE
54,Cost,cost,Wedge,dollar,FALSE,TRUE,FALSE,26,FALSE,TRUE,1879,,,roundOfftoTwodecimal,FALSE,,TRUE,{},TRUE,150,FALSE,FALSE
54,Total Door count,total_door_count,Wedge,int,FALSE,FALSE,FALSE,27,FALSE,TRUE,70001,,,roundOff,FALSE,,TRUE,{},TRUE,200,FALSE,FALSE
54,Marketing CC,marketing_cc,Wedge,list,FALSE,TRUE,FALSE,28,FALSE,TRUE,70000,,,,FALSE,,TRUE,{},TRUE,200,FALSE,FALSE
54,Carryover Prev Season,carry_over_prev_season,Wedge,list,FALSE,TRUE,FALSE,29,FALSE,TRUE,52647,,,,FALSE,,FALSE,{},TRUE,200,FALSE,FALSE
54,Flow To Next Season,flow_to_next_season,Wedge,list,FALSE,TRUE,FALSE,30,FALSE,TRUE,1880,,,,FALSE,,FALSE,{},TRUE,200,FALSE,FALSE
54,Big Tall Size,big_tall_size,Wedge,list,FALSE,TRUE,FALSE,31,TRUE,TRUE,55069,,,,FALSE,,FALSE,{},TRUE,200,FALSE,FALSE
54,MOQ,moq,Wedge,int,FALSE,FALSE,FALSE,32,FALSE,FALSE,55070,,,roundOff,FALSE,,FALSE,{},TRUE,125,FALSE,FALSE
54,Delete Choice,delete_choice,Wedge,list,FALSE,TRUE,FALSE,33,FALSE,TRUE,2088,,,,FALSE,,FALSE,{},TRUE,200,FALSE,FALSE
54,All Door Count,all_door_count,Wedge,int,FALSE,FALSE,FALSE,35,TRUE,TRUE,55063,,,,FALSE,,TRUE,{},TRUE,200,FALSE,FALSE
54,ST,st,Wedge,int,FALSE,FALSE,FALSE,36,TRUE,TRUE,70039,,,,FALSE,,TRUE,{},TRUE,200,FALSE,FALSE
54,Reg WK,avg_wk_cnt_ty,Wedge,int,FALSE,FALSE,FALSE,37,TRUE,TRUE,70040,,,,FALSE,,TRUE,{},TRUE,200,FALSE,FALSE
55,Review,review,Finalize by Attribute grade,review_icon,TRUE,TRUE,FALSE,1,FALSE,FALSE,457,,,,FALSE,,FALSE,{},TRUE,200,FALSE,FALSE
55,Group Division,l0_name,Finalize by Attribute grade,str,FALSE,FALSE,FALSE,2,TRUE,TRUE,453,,,,FALSE,,FALSE,{},TRUE,200,FALSE,FALSE
55,Division,l1_name,Finalize by Attribute grade,str,FALSE,FALSE,FALSE,3,TRUE,TRUE,454,,,,FALSE,,FALSE,{},TRUE,200,FALSE,FALSE
55,Department,l2_name,Finalize by Attribute grade,str,FALSE,FALSE,FALSE,4,TRUE,TRUE,455,,,,FALSE,,FALSE,{},TRUE,200,FALSE,FALSE
55,Sub Department,l3_name,Finalize by Attribute grade,attribute,TRUE,FALSE,FALSE,5,FALSE,TRUE,456,,,,FALSE,,FALSE,{},TRUE,200,FALSE,FALSE
55,Receipt Units,receipt_units,Finalize by Attribute grade,str,FALSE,FALSE,FALSE,6,FALSE,TRUE,458,,,,FALSE,,FALSE,{},TRUE,200,FALSE,FALSE
55,Avg Depth,avg_depth,Finalize by Attribute grade,str,FALSE,FALSE,FALSE,9,FALSE,TRUE,467,,,,FALSE,,FALSE,{},TRUE,200,FALSE,FALSE
56,Group Division,l0_name,Finalize by Attributes,str,FALSE,FALSE,FALSE,1,TRUE,TRUE,479,,,,FALSE,,FALSE,{},TRUE,200,FALSE,FALSE
56,Division,l1_name,Finalize by Attributes,str,FALSE,FALSE,FALSE,2,TRUE,TRUE,480,,,,FALSE,,FALSE,{},TRUE,200,FALSE,FALSE
56,Department,l2_name,Finalize by Attributes,str,FALSE,FALSE,FALSE,3,TRUE,TRUE,481,,,,FALSE,,FALSE,{},TRUE,200,FALSE,FALSE
56,Sub Department,l3_name,Finalize by Attributes,str,FALSE,FALSE,FALSE,4,TRUE,TRUE,482,,,,FALSE,,FALSE,{},TRUE,200,FALSE,FALSE
56,Product Attribute,attribute_name,Finalize by Attributes,str,TRUE,FALSE,FALSE,5,FALSE,TRUE,483,,,,TRUE,,FALSE,{},TRUE,200,FALSE,FALSE
56,Attribute value,attribute_value,Finalize by Attributes,str,TRUE,FALSE,FALSE,6,FALSE,TRUE,484,,,,FALSE,,FALSE,{},TRUE,200,FALSE,FALSE
56,Penetration,penetration,Finalize by Attributes,percentage,FALSE,FALSE,FALSE,7,FALSE,TRUE,487,,,,FALSE,,FALSE,{},TRUE,125,FALSE,FALSE
57,Group Division,l0_name,DepthMultiplier,str,FALSE,FALSE,FALSE,1,TRUE,FALSE,505,,,,FALSE,,FALSE,{},TRUE,200,FALSE,FALSE
57,Division,l1_name,DepthMultiplier,str,FALSE,FALSE,FALSE,2,TRUE,FALSE,506,,,,FALSE,,FALSE,{},TRUE,200,FALSE,FALSE
57,Department,l2_name,DepthMultiplier,str,FALSE,FALSE,FALSE,3,TRUE,FALSE,507,,,,FALSE,,FALSE,{},TRUE,200,FALSE,FALSE
57,Sub Department,l3_name,DepthMultiplier,str,FALSE,FALSE,FALSE,4,TRUE,FALSE,508,,,,FALSE,,FALSE,{},TRUE,200,FALSE,FALSE
57,Metric,metric,DepthMultiplier,str,FALSE,FALSE,FALSE,5,FALSE,FALSE,509,,,,FALSE,,FALSE,{},TRUE,200,FALSE,FALSE
58,Store Number,retail_facility_code,Store,str,FALSE,FALSE,FALSE,1,FALSE,FALSE,13513,,,,FALSE,,TRUE,{},TRUE,200,FALSE,FALSE
58,Store Name,store_name,Store,str,FALSE,FALSE,FALSE,2,FALSE,FALSE,1953,,,,FALSE,,TRUE,{},TRUE,200,FALSE,FALSE
58,Mapping,is_mapped,Others,ToogleField,FALSE,TRUE,FALSE,3,FALSE,FALSE,1954,,,,FALSE,,FALSE,{},TRUE,200,FALSE,FALSE
58,Created By,created_by,user,str,FALSE,FALSE,FALSE,5,FALSE,FALSE,1956,,,,FALSE,,FALSE,{},TRUE,200,FALSE,FALSE
59,Choice,choice_name,Finalize_Buy,str,TRUE,FALSE,FALSE,1,FALSE,FALSE,522,,,,FALSE,,FALSE,{},TRUE,200,FALSE,FALSE
59,#Stores,stores,Finalize_Buy,int,FALSE,FALSE,FALSE,2,FALSE,FALSE,525,,roundOff,roundOff,FALSE,,FALSE,{},TRUE,125,FALSE,FALSE
59,Total Buy Units,total_buy_units,Finalize_Buy,int,FALSE,FALSE,FALSE,3,FALSE,FALSE,526,,roundOff,roundOff,FALSE,,FALSE,{},TRUE,125,FALSE,FALSE
59,Style Number,style_number,Finalize_Buy,str,FALSE,FALSE,FALSE,4,FALSE,FALSE,527,,,roundOff,FALSE,,FALSE,{},TRUE,200,FALSE,FALSE
59,Style Desc.,style_desc,Finalize_Buy,str,FALSE,FALSE,FALSE,5,FALSE,FALSE,528,,,,FALSE,,FALSE,{},TRUE,200,FALSE,FALSE
59,Size,size,Finalize_Buy,float,FALSE,FALSE,FALSE,6,FALSE,FALSE,529,,,roundOff,FALSE,,FALSE,{},TRUE,125,FALSE,FALSE
61,Group Division,l0_name,l2_budget,str,TRUE,FALSE,FALSE,1,TRUE,TRUE,537,,,,FALSE,,FALSE,{},TRUE,200,FALSE,FALSE
61,Division,l1_name,l2_budget,str,TRUE,FALSE,FALSE,2,FALSE,TRUE,538,,,,FALSE,,FALSE,{},TRUE,200,FALSE,FALSE
61,Channel,channel,l2_budget,str,FALSE,FALSE,FALSE,4,TRUE,FALSE,50001,,,,TRUE,,FALSE,{},TRUE,200,FALSE,FALSE
61,Sub Channel,sub_channel,l2_budget,str,FALSE,FALSE,FALSE,5,FALSE,FALSE,70038,,,,TRUE,,FALSE,{},TRUE,200,FALSE,FALSE
62,Group Division,l0_name,cluster_level_plan,str,TRUE,FALSE,FALSE,1,TRUE,TRUE,540,,,,FALSE,,FALSE,{},TRUE,200,FALSE,FALSE
62,Division,l1_name,cluster_level_plan,str,TRUE,FALSE,FALSE,2,TRUE,TRUE,541,,,,FALSE,,FALSE,{},TRUE,200,FALSE,FALSE
62,Department,l2_name,cluster_level_plan,str,TRUE,FALSE,FALSE,3,TRUE,TRUE,542,,,,FALSE,,FALSE,{},TRUE,200,FALSE,FALSE
62,Drops,drop,cluster_level_plan,str,TRUE,FALSE,FALSE,3,TRUE,TRUE,1921,,,,FALSE,,FALSE,{},TRUE,200,FALSE,FALSE
62,Sub Department,l3_name,cluster_level_plan,attribute,TRUE,FALSE,FALSE,4,FALSE,TRUE,543,,,,TRUE,name,FALSE,{},FALSE,200,FALSE,FALSE
62,Sub Channel,sub_channel,cluster_level_plan,str,FALSE,FALSE,FALSE,5,TRUE,TRUE,1890,,,,FALSE,,FALSE,{},TRUE,200,FALSE,FALSE
63,Group Division,l0_name,plan_optimization_constraint,str,TRUE,FALSE,FALSE,1,TRUE,TRUE,551,,,,FALSE,,FALSE,{},TRUE,200,FALSE,FALSE
63,Division,l1_name,plan_optimization_constraint,str,TRUE,FALSE,FALSE,2,TRUE,TRUE,552,,,,FALSE,,FALSE,{},TRUE,200,FALSE,FALSE
63,Department,l2_name,plan_optimization_constraint,str,TRUE,FALSE,FALSE,3,TRUE,TRUE,553,,,,FALSE,,FALSE,{},TRUE,200,FALSE,FALSE
63,Sub Department,l3_name,plan_optimization_constraint,attribute,TRUE,FALSE,FALSE,4,FALSE,TRUE,554,,,,FALSE,name,FALSE,{},TRUE,200,FALSE,FALSE
64,Group Division,l0_name,plan_setup_drop,str,TRUE,FALSE,FALSE,1,TRUE,TRUE,556,,,,FALSE,,FALSE,{},TRUE,200,FALSE,FALSE
64,Division,l1_name,plan_setup_drop,str,TRUE,FALSE,FALSE,2,FALSE,TRUE,557,,,,FALSE,,FALSE,{},TRUE,200,FALSE,FALSE
64,Department,l2_name,plan_setup_drop,str,TRUE,FALSE,FALSE,3,TRUE,TRUE,558,,,,FALSE,,FALSE,{},TRUE,200,FALSE,FALSE
64,Sub Department,l3_name,plan_setup_drop,str,TRUE,FALSE,FALSE,4,FALSE,TRUE,559,,,,FALSE,name,FALSE,{},TRUE,200,FALSE,FALSE
64,Drops,drop,plan_setup_drop,str,TRUE,FALSE,FALSE,5,FALSE,TRUE,1928,,,,FALSE,,FALSE,{},TRUE,200,FALSE,FALSE
64,Channel,channel,plan_setup_drop,str,FALSE,FALSE,FALSE,6,FALSE,TRUE,51608,,,,FALSE,,FALSE,{},TRUE,200,FALSE,FALSE
64,Split by flow,drop_split,plan_setup_drop,ToogleField,FALSE,TRUE,FALSE,7,FALSE,TRUE,560,,,,FALSE,,FALSE,{},TRUE,200,FALSE,FALSE
64,Total,total,plan_setup_drop,str,TRUE,FALSE,FALSE,11,FALSE,TRUE,561,,,,FALSE,,FALSE,{},TRUE,200,FALSE,FALSE
64,Receipts($),total_receipts($),plan_setup_drop,dollar,FALSE,FALSE,FALSE,11.1,FALSE,TRUE,562,561,,roundOff,FALSE,sum,FALSE,{},TRUE,150,FALSE,FALSE
64,Choice Flow,choice_flow,plan_setup_drop,ToogleField,TRUE,TRUE,FALSE,12,TRUE,TRUE,564,,,,FALSE,TRUE,FALSE,{},TRUE,200,FALSE,FALSE
65,KPI/Metrics,metric,masterplan,list,TRUE,FALSE,FALSE,1,FALSE,TRUE,576,,,,TRUE,,FALSE,{},TRUE,200,FALSE,FALSE
65,Reference,reference,masterplan,list,TRUE,FALSE,FALSE,2,FALSE,TRUE,577,,,,FALSE,,FALSE,{},TRUE,200,FALSE,FALSE
66,Group Division,l0_name,bop,str,TRUE,FALSE,FALSE,1,TRUE,TRUE,584,,,,FALSE,,FALSE,{},TRUE,200,FALSE,FALSE
66,Division,l1_name,bop,str,TRUE,FALSE,FALSE,2,TRUE,TRUE,585,,,,FALSE,,FALSE,{},TRUE,200,FALSE,FALSE
66,Department,l2_name,bop,str,TRUE,FALSE,FALSE,3,FALSE,TRUE,586,,,,FALSE,,FALSE,{},TRUE,200,FALSE,FALSE
66,Sub Department,l3_name,bop,str,TRUE,FALSE,FALSE,4,FALSE,TRUE,587,,,,FALSE,name,FALSE,{},TRUE,200,FALSE,FALSE
66,BOP Cost $,bop_receipt,bop,int,TRUE,FALSE,FALSE,5,TRUE,TRUE,588,,,,FALSE,,FALSE,{},TRUE,200,FALSE,FALSE
66,BOP Quantity,bop_qty,bop,int,TRUE,FALSE,FALSE,6,TRUE,TRUE,589,,,,FALSE,,FALSE,{},TRUE,200,FALSE,FALSE
66,BOP Choice Count,bop_choice_count,bop,int,TRUE,FALSE,FALSE,7,FALSE,TRUE,590,,,,FALSE,,FALSE,{},TRUE,200,FALSE,FALSE
66,Choice view,style_view,bop,review_icon,TRUE,TRUE,FALSE,8,FALSE,TRUE,591,,,,FALSE,,FALSE,{},TRUE,200,FALSE,FALSE
67,Group Division,l0_name,bop,str,TRUE,FALSE,FALSE,1,TRUE,TRUE,592,,,,FALSE,,FALSE,{},TRUE,200,FALSE,FALSE
67,Division,l1_name,bop,str,TRUE,FALSE,FALSE,2,TRUE,TRUE,593,,,,FALSE,,FALSE,{},TRUE,200,FALSE,FALSE
67,Department,l2_name,bop,str,TRUE,FALSE,FALSE,3,TRUE,TRUE,594,,,,FALSE,,FALSE,{},TRUE,200,FALSE,FALSE
67,Sub Department,l3_name,bop,str,TRUE,FALSE,FALSE,4,FALSE,TRUE,595,,,,FALSE,name,FALSE,{},TRUE,200,FALSE,FALSE
67,Choice,choice,bop,str,TRUE,FALSE,FALSE,5,FALSE,TRUE,596,,,,FALSE,name,FALSE,{},TRUE,200,FALSE,FALSE
67,Attributes,attributes,bop,str,FALSE,FALSE,FALSE,6,FALSE,TRUE,597,,,,FALSE,name,FALSE,{},TRUE,200,FALSE,FALSE
67,Material Number,article_number,bop,str,FALSE,FALSE,FALSE,7,FALSE,TRUE,70032,,,,FALSE,,FALSE,{},TRUE,200,FALSE,FALSE
67,Style Name,style_name,bop,str,FALSE,FALSE,FALSE,8,FALSE,TRUE,598,,,,FALSE,name,FALSE,{},TRUE,200,FALSE,FALSE
67,Color Name,color_name,bop,str,FALSE,FALSE,FALSE,9,FALSE,TRUE,599,,,,FALSE,name,FALSE,{},TRUE,200,FALSE,FALSE
67,Style Number,style_number,bop,str,FALSE,FALSE,FALSE,10,FALSE,TRUE,600,,,,FALSE,,FALSE,{},TRUE,200,FALSE,FALSE
67,BOP Quantity,bop_qty,bop,float,FALSE,FALSE,FALSE,11,FALSE,TRUE,601,,,,FALSE,,FALSE,{},TRUE,200,FALSE,FALSE
67,AUR,aur,bop,float,FALSE,FALSE,FALSE,12,FALSE,TRUE,602,,,,FALSE,,FALSE,{},TRUE,200,FALSE,FALSE
67,SKU Productivity,sku_productivity,bop,float,FALSE,FALSE,FALSE,13,FALSE,TRUE,2527,,,,FALSE,,FALSE,{},TRUE,200,FALSE,FALSE
68,Division,l1_name,ComparePlan,str,TRUE,FALSE,FALSE,1,TRUE,TRUE,1828,,,,FALSE,name,FALSE,{},TRUE,200,FALSE,FALSE
68,Department,l2_name,ComparePlan,str,TRUE,FALSE,FALSE,2,TRUE,TRUE,1769,,,,FALSE,name,FALSE,{},TRUE,200,FALSE,FALSE
68,Sub Department,l3_name,ComparePlan,str,TRUE,FALSE,FALSE,3,FALSE,TRUE,1770,,,,FALSE,name,FALSE,{},TRUE,200,FALSE,FALSE
68,Receipt $,receipt,ComparePlan,dollar,FALSE,FALSE,FALSE,4,FALSE,TRUE,1771,,,,FALSE,,FALSE,{},TRUE,200,FALSE,FALSE
69,KPI/Metrics,metric,Plan,list,TRUE,FALSE,FALSE,1,FALSE,TRUE,1799,,,,TRUE,,FALSE,{},FALSE,200,FALSE,FALSE
69,Reference,reference,Plan,list,FALSE,FALSE,FALSE,2,FALSE,TRUE,1808,,,,FALSE,,FALSE,{},FALSE,400,FALSE,FALSE
70,Division,l1_name,ComparePlan,str,TRUE,FALSE,FALSE,1,TRUE,TRUE,1827,,,,FALSE,,FALSE,{},TRUE,200,FALSE,FALSE
70,Department,l2_name,ComparePlan,str,TRUE,FALSE,FALSE,2,TRUE,TRUE,1809,,,,FALSE,,FALSE,{},TRUE,200,FALSE,FALSE
70,Sub Department,l3_name,ComparePlan,str,TRUE,FALSE,FALSE,3,TRUE,TRUE,1810,,,,FALSE,,FALSE,{},TRUE,200,FALSE,FALSE
70,Cluster,cluster_name,ComparePlan,str,FALSE,FALSE,FALSE,4,FALSE,TRUE,1811,,,,FALSE,name,FALSE,{},TRUE,200,FALSE,FALSE
70,Receipt $,receipt,ComparePlan,dollar,FALSE,FALSE,FALSE,5,FALSE,TRUE,1812,,,,FALSE,,FALSE,{},TRUE,200,FALSE,FALSE
70,receipt_sub,receipt_sub,ComparePlan,dollar,FALSE,FALSE,FALSE,5.1,FALSE,TRUE,1813,1812,,roundOff,FALSE,sum,FALSE,{},TRUE,200,FALSE,FALSE
70,Choice Count,choice,ComparePlan,int,FALSE,FALSE,FALSE,6,FALSE,TRUE,1815,,,,FALSE,,FALSE,{},TRUE,200,FALSE,FALSE
70,choice_sub,choice_sub,ComparePlan,int,FALSE,FALSE,FALSE,6.1,FALSE,TRUE,1816,1815,,roundOff,FALSE,sum,FALSE,{},TRUE,200,FALSE,FALSE
70,Avg Depth,avg_depth,ComparePlan,int,FALSE,FALSE,FALSE,7,FALSE,TRUE,1818,,,,FALSE,,FALSE,{},TRUE,200,FALSE,FALSE
70,avg_depth_sub,avg_depth_sub,ComparePlan,int,FALSE,FALSE,FALSE,7.1,FALSE,TRUE,1819,1818,,roundOff,FALSE,formula,FALSE,{},TRUE,200,FALSE,FALSE
70,ST%,st_grade,ComparePlan,percentage,FALSE,FALSE,FALSE,8,FALSE,TRUE,1821,,,,FALSE,,FALSE,{},TRUE,200,FALSE,FALSE
70,st_grade_sub,st_grade_sub,ComparePlan,percentage,FALSE,FALSE,FALSE,8.1,FALSE,TRUE,1822,1821,,roundOff,FALSE,formula,FALSE,{},TRUE,200,FALSE,FALSE
70,APS,aps,ComparePlan,float,FALSE,FALSE,FALSE,9,FALSE,TRUE,1824,,,,FALSE,,FALSE,{},TRUE,200,FALSE,FALSE
70,aps_sub,aps_sub,ComparePlan,float,FALSE,FALSE,FALSE,9.1,FALSE,TRUE,1825,1824,,roundOfftoTwoDecimals,FALSE,formula,FALSE,{},TRUE,200,FALSE,FALSE
71,Plan Name,plan_name,CreatedComparePlan,str,TRUE,FALSE,FALSE,1,FALSE,FALSE,1829,,,,FALSE,,FALSE,{},TRUE,200,FALSE,FALSE
71,Year,year,CreatedComparePlan,str,FALSE,FALSE,FALSE,2,FALSE,FALSE,1830,,,,FALSE,,FALSE,{},TRUE,200,FALSE,FALSE
71,Creation On,created_by,CreatedComparePlan,DateTimeField,FALSE,FALSE,FALSE,3,FALSE,FALSE,1831,,,,FALSE,,FALSE,{},TRUE,200,FALSE,FALSE
71,Plan Version,plan_version,CreatedComparePlan,str,FALSE,FALSE,FALSE,4,FALSE,FALSE,1832,,,,FALSE,,FALSE,{},TRUE,200,FALSE,FALSE
71,Status,plan_status,CreatedComparePlan,str,FALSE,FALSE,FALSE,5,FALSE,FALSE,1833,,,,FALSE,,FALSE,{},TRUE,200,FALSE,FALSE
72,Store Number,retail_facility_code,Store,str,TRUE,FALSE,TRUE,1,FALSE,FALSE,13514,,,,FALSE,,TRUE,{},TRUE,200,FALSE,FALSE
72,Store Name,store_name,Store,str,TRUE,FALSE,TRUE,2,FALSE,FALSE,679,,,,FALSE,,TRUE,{},TRUE,200,FALSE,FALSE
72,IA Classification,labels,Store,str,TRUE,FALSE,TRUE,3,FALSE,FALSE,680,,,,FALSE,,TRUE,{},TRUE,200,FALSE,FALSE
73,Plan Name,name,Other,str,TRUE,FALSE,FALSE,1,FALSE,TRUE,1846,,,,FALSE,,TRUE,{},TRUE,200,FALSE,FALSE
73,Created By,created_by,Other,str,FALSE,FALSE,FALSE,2,FALSE,TRUE,1847,,,,FALSE,,TRUE,{},TRUE,200,FALSE,FALSE
73,Created On,created_at,Other,DateTimeField,FALSE,FALSE,FALSE,3,FALSE,TRUE,1848,,,,FALSE,,TRUE,{},TRUE,200,FALSE,FALSE
73,Updated On,updated_at,Other,DateTimeField,FALSE,FALSE,FALSE,4,FALSE,FALSE,1849,,,,FALSE,,TRUE,{},TRUE,200,FALSE,FALSE
73,Hierarchy,hierarchy_level,Other,str,FALSE,FALSE,FALSE,5,TRUE,TRUE,1850,,,,FALSE,,TRUE,{},TRUE,200,FALSE,FALSE
73,Selling Period,selling_period,Other,DateTimeField,FALSE,FALSE,FALSE,6,FALSE,TRUE,1851,,,,FALSE,,TRUE,{},TRUE,200,FALSE,FALSE
73,Channel Type,channel,Other,list,FALSE,FALSE,FALSE,7,FALSE,TRUE,1845,,,,FALSE,,TRUE,{},TRUE,200,FALSE,FALSE
73,No. of Materials Mapped,articles_mapped,Other,str,FALSE,FALSE,FALSE,8,TRUE,FALSE,1852,,,,FALSE,,TRUE,{},TRUE,200,FALSE,FALSE
73,Status,status,Other,str,FALSE,FALSE,FALSE,10,TRUE,TRUE,1853,,,,FALSE,,TRUE,{},TRUE,200,FALSE,FALSE
73,Plan Step,plan_step_desc,Other,str,FALSE,FALSE,FALSE,11,FALSE,FALSE,1854,,,,FALSE,,TRUE,{},TRUE,200,FALSE,FALSE
74,Template Name,template_name,Report,str,FALSE,FALSE,FALSE,1,FALSE,FALSE,690,,,,FALSE,,FALSE,{},TRUE,200,FALSE,FALSE
74,Template Type,template_type,Report,str,FALSE,FALSE,FALSE,2,FALSE,FALSE,691,,,,FALSE,,FALSE,{},TRUE,200,FALSE,FALSE
74,Template View,view_type,Report,str,FALSE,FALSE,FALSE,3,FALSE,FALSE,692,,,,FALSE,,FALSE,{},TRUE,200,FALSE,FALSE
74,Start Date,start_date,Report,date,FALSE,FALSE,FALSE,4,FALSE,FALSE,693,,,,FALSE,,FALSE,{},TRUE,200,FALSE,FALSE
74,End Date,end_date,Report,date,FALSE,FALSE,FALSE,5,FALSE,FALSE,694,,,,FALSE,,FALSE,{},TRUE,200,FALSE,FALSE
75,File Name,name,files,file,FALSE,FALSE,FALSE,1,FALSE,TRUE,695,,,,FALSE,,FALSE,{},TRUE,200,FALSE,FALSE
75,Uploaded Date,uploaded_date,files,str,FALSE,FALSE,FALSE,2,FALSE,TRUE,697,,,,FALSE,,FALSE,{},TRUE,200,FALSE,FALSE
75,Created By,created_by,files,str,FALSE,FALSE,FALSE,3,FALSE,TRUE,696,,,,FALSE,,FALSE,{},TRUE,200,FALSE,FALSE
75,Action,download,files,download_icon,FALSE,TRUE,FALSE,4,FALSE,TRUE,698,,,,FALSE,,FALSE,{},TRUE,200,FALSE,FALSE
76,Plan Name,name,Other,str,TRUE,FALSE,FALSE,1,FALSE,TRUE,1893,,,,FALSE,,TRUE,{},TRUE,200,FALSE,FALSE
76,Hierarchy,hierarchy_level,Other,str,FALSE,FALSE,FALSE,5,TRUE,TRUE,1894,,,,FALSE,,TRUE,{},TRUE,200,FALSE,FALSE
76,Selling Period,selling_period,Other,DateTimeField,FALSE,FALSE,FALSE,6,FALSE,TRUE,1895,,,,FALSE,,TRUE,{},TRUE,200,FALSE,FALSE
76,Channel Type,channel,Other,array,FALSE,FALSE,FALSE,7,FALSE,TRUE,1891,,,,FALSE,,TRUE,{},TRUE,200,FALSE,FALSE
76,Season,season,Other,list,FALSE,FALSE,FALSE,8,FALSE,TRUE,1892,,,,FALSE,,TRUE,{},TRUE,200,FALSE,FALSE
76,Status,plan_step_desc,Other,str,FALSE,FALSE,FALSE,9,FALSE,TRUE,1896,,,,FALSE,,TRUE,{},TRUE,200,FALSE,FALSE
77,Brand,brand,Product,str,false,false,false,8.0,false,false,"72438",,,,false,,true,"{}",true,200,false,false
77,Department,l2_name,Product,str,false,false,false,7.0,false,false,"1903",,,,false,,true,"{}",true,200,false,false
77,Description,product_name,Product,str,false,false,false,6.0,false,false,"1900",,,,false,,true,"{}",true,200,false,false
77,Division,l1_name,Product,str,false,false,false,5.0,false,false,"70008",,,,false,,true,"{}",true,200,false,false
77,Group Division,l0_name,Product,str,false,false,false,4.0,false,false,"70007",,,,false,,true,"{}",true,200,false,false
77,Material Number,article,Product,str,false,false,false,2.0,false,false,"70006",,,,false,,true,"{}",true,200,false,false
77,Product ID,product_code,Product,str,true,false,false,1.0,false,false,"1899",,,,false,,true,"{}",true,200,false,false
77,Size,size,Product,str,false,false,false,3.0,false,false,"771899",,,,false,,true,"{}",true,200,false,false
77,Updated At,updated_at,Product Mapping,DateTimeField,false,false,false,9.0,false,true,"77_updated_at_Updated At_Product Mapping",,,DD/MM/YYYY HH:mm:ss,false,,true,"{}",true,200,false,false
77,Updated By,updated_by,Product Mapping,str,false,false,false,10.0,false,true,"77_updated_by_Updated By_Product Mapping",,,,false,,true,"{}",true,200,false,false
78,GLOBAL CHOICE,global_choice,omni_mapping_table,str,TRUE,FALSE,FALSE,2,FALSE,TRUE,1910,,,,FALSE,,FALSE,{},TRUE,200,FALSE,FALSE
78,Sub Department,l3_name,omni_mapping_table,str,TRUE,FALSE,FALSE,3,FALSE,TRUE,1935,,,,FALSE,,FALSE,{},TRUE,200,FALSE,FALSE
78,GLOBAL STYLE NUMBER,global_style,omni_mapping_table,str,FALSE,TRUE,FALSE,4,FALSE,TRUE,1911,,,,FALSE,,FALSE,{},TRUE,200,FALSE,FALSE
78,OVERALL BUY UNITS,overall_buy_units,omni_mapping_table,int,FALSE,FALSE,FALSE,5,FALSE,TRUE,1912,,,,FALSE,,FALSE,{},TRUE,125,FALSE,FALSE
78,Parent Style,parent_style,omni_mapping_table,str,FALSE,FALSE,FALSE,7,FALSE,TRUE,51623,,,,FALSE,,FALSE,{},TRUE,200,FALSE,FALSE
78,Style Number,style_no,omni_mapping_table,str,FALSE,FALSE,FALSE,8,FALSE,TRUE,51624,,,,FALSE,,FALSE,{},TRUE,200,FALSE,FALSE
78,Style Name,style_name,omni_mapping_table,str,FALSE,FALSE,FALSE,9,FALSE,TRUE,51625,,,,FALSE,,FALSE,{},TRUE,200,FALSE,FALSE
78,Style Description,style_des,omni_mapping_table,str,FALSE,FALSE,FALSE,10,FALSE,TRUE,51626,,,,FALSE,,FALSE,{},TRUE,200,FALSE,FALSE
78,Color Code,color_code,omni_mapping_table,str,FALSE,FALSE,FALSE,11,FALSE,TRUE,51627,,,,FALSE,,FALSE,{},TRUE,200,FALSE,FALSE
78,Color Name,color_name,omni_mapping_table,str,FALSE,FALSE,FALSE,12,FALSE,TRUE,51628,,,,FALSE,,FALSE,{},TRUE,200,FALSE,FALSE
78,Suggested Size Range,suggested_size_range,omni_mapping_table,str,FALSE,FALSE,FALSE,13,FALSE,TRUE,51629,,,,FALSE,,FALSE,{},TRUE,200,FALSE,FALSE
78,Size,size,omni_mapping_table,str,FALSE,FALSE,FALSE,14,FALSE,TRUE,51630,,,,FALSE,,FALSE,{},TRUE,200,FALSE,FALSE
78,Actual MSRP,actual_msrp,omni_mapping_table,str,FALSE,FALSE,FALSE,15,FALSE,TRUE,51631,,,,FALSE,,FALSE,{},TRUE,200,FALSE,FALSE
78,Cost,cost,omni_mapping_table,str,FALSE,FALSE,FALSE,16,FALSE,TRUE,51632,,,,FALSE,,FALSE,{},TRUE,200,FALSE,FALSE
78,Colorway Season ID,colorway_season_id,omni_mapping_table,str,FALSE,TRUE,FALSE,17,FALSE,TRUE,51634,,,nonCommaFormatter,FALSE,,FALSE,{},TRUE,200,FALSE,FALSE
78,New vs Carryover,new_vs_carryover,omni_mapping_table,list,FALSE,TRUE,FALSE,18,FALSE,TRUE,51635,,,,FALSE,,FALSE,{},TRUE,200,FALSE,FALSE
78,Placeholder Name,placeholder_name,omni_mapping_table,str,FALSE,FALSE,FALSE,19,FALSE,FALSE,2460,,,nonCommaFormatter,FALSE,,FALSE,{},TRUE,200,FALSE,FALSE
78,Placeholder Description,placeholder_description,omni_mapping_table,str,FALSE,TRUE,FALSE,20,FALSE,TRUE,2488,,,,FALSE,,FALSE,{},TRUE,200,FALSE,FALSE
78,Delete,delete,omni_mapping_table,delete_icon,FALSE,TRUE,FALSE,21,FALSE,TRUE,1913,,,,FALSE,,FALSE,{},TRUE,200,FALSE,FALSE
79,Material Number,article,Product,str,TRUE,FALSE,FALSE,2,FALSE,FALSE,1983,,,,FALSE,,TRUE,{},TRUE,200,FALSE,FALSE
79,Color ID,color_code,Product,str,TRUE,FALSE,FALSE,4,FALSE,FALSE,1985,,,,FALSE,,TRUE,{},TRUE,200,FALSE,FALSE
79,Assortment Indicator,assortment_indicator,Product,str,FALSE,FALSE,FALSE,5,FALSE,FALSE,1986,,,,FALSE,,TRUE,{},TRUE,200,FALSE,FALSE
79,Store Group,store_groups,Product,str,FALSE,FALSE,FALSE,6,FALSE,FALSE,1987,,,,FALSE,,TRUE,{},TRUE,200,FALSE,FALSE
79,Introduction Date,launch_date,Product,date,FALSE,FALSE,FALSE,7,FALSE,FALSE,1988,,,,FALSE,,FALSE,{},TRUE,200,FALSE,FALSE
79,Last Allocated,allocated_time,Product,date,FALSE,FALSE,FALSE,8,FALSE,FALSE,1989,,,,FALSE,,FALSE,{},FALSE,200,FALSE,FALSE
79,Factor Type,factory_type,Product,str,FALSE,FALSE,FALSE,9,FALSE,FALSE,1990,,,,FALSE,,TRUE,{},TRUE,200,FALSE,FALSE
79,Style Color,human_readable_color,Product,str,FALSE,FALSE,FALSE,11,FALSE,FALSE,1992,,,,FALSE,,TRUE,{},TRUE,200,FALSE,FALSE
79,Filters,Filters,Product,str,FALSE,FALSE,FALSE,12,FALSE,FALSE,1993,,,,FALSE,,FALSE,{},TRUE,200,FALSE,FALSE
79,Group Division,l0_name,Product,str,FALSE,FALSE,FALSE,13,FALSE,FALSE,1994,1993,,,FALSE,,TRUE,{},TRUE,200,FALSE,FALSE
79,Division,l1_name,Product,str,FALSE,FALSE,FALSE,14,FALSE,FALSE,1995,1993,,,FALSE,,TRUE,{},TRUE,200,FALSE,FALSE
79,Department,l2_name,Product,str,FALSE,FALSE,FALSE,15,FALSE,FALSE,1996,1993,,,FALSE,,TRUE,{},TRUE,200,FALSE,FALSE
79,Sales Performance,Sales Performance,Product,str,FALSE,FALSE,FALSE,17,FALSE,FALSE,1998,,,,FALSE,,FALSE,{},TRUE,200,FALSE,FALSE
79,LW Revenue,lw_revenue,Product,dollar,FALSE,FALSE,FALSE,18,FALSE,FALSE,2005,1998,,,FALSE,,FALSE,{},TRUE,200,FALSE,FALSE
79,LW Margin,lw_margin,Product,dollar,FALSE,FALSE,FALSE,19,FALSE,FALSE,2006,1998,,,FALSE,,FALSE,{},TRUE,200,FALSE,FALSE
79,Promo %,promo,Product,percentage,FALSE,FALSE,FALSE,20,FALSE,FALSE,2007,1998,,,FALSE,,FALSE,{},TRUE,200,FALSE,FALSE
79,Price Point,price,Product,dollar,FALSE,FALSE,FALSE,21,FALSE,FALSE,2008,1998,,,FALSE,,FALSE,{},TRUE,200,FALSE,FALSE
79,Inventory,Inventory,Product,str,FALSE,FALSE,FALSE,22,FALSE,FALSE,2009,,,,FALSE,,FALSE,{},TRUE,200,FALSE,FALSE
79,Bulk Remaining,bulk_remaining,Product,int,FALSE,FALSE,FALSE,23,FALSE,FALSE,2010,2009,,,FALSE,,FALSE,{},TRUE,200,FALSE,FALSE
79,On hand,oh,Product,int,FALSE,FALSE,FALSE,24,FALSE,FALSE,2011,2009,,,FALSE,,FALSE,{},TRUE,200,FALSE,FALSE
79,On Order,oo,Product,int,FALSE,FALSE,FALSE,25,FALSE,FALSE,2012,2009,,,FALSE,,FALSE,{},TRUE,200,FALSE,FALSE
79,InTransit,it,Product,int,FALSE,FALSE,FALSE,26,FALSE,FALSE,2013,2009,,,FALSE,,FALSE,{},TRUE,200,FALSE,FALSE
79,WOS,wos,Product,int,FALSE,FALSE,FALSE,27,FALSE,FALSE,2014,2009,,,FALSE,,FALSE,{},TRUE,200,FALSE,FALSE
79,Size Integrity(On Hand),si,Product,percentage,FALSE,FALSE,FALSE,28,FALSE,FALSE,2015,2009,,,FALSE,,FALSE,{},TRUE,200,FALSE,FALSE
79,Store Count,Store Count,Product,int,FALSE,FALSE,FALSE,29,FALSE,FALSE,2016,,,,FALSE,,FALSE,{},TRUE,200,FALSE,FALSE
79,Stockout,stock_out,Product,link,FALSE,TRUE,FALSE,30,FALSE,FALSE,2017,2016,,,FALSE,,FALSE,{},TRUE,200,FALSE,FALSE
79,Shortfall,shortfall,Product,link,FALSE,TRUE,FALSE,31,FALSE,FALSE,2018,2016,,,FALSE,,FALSE,{},TRUE,200,FALSE,FALSE
79,Normal,normal,Product,link,FALSE,TRUE,FALSE,32,FALSE,FALSE,2019,2016,,,FALSE,,FALSE,{},TRUE,200,FALSE,FALSE
79,Excess,excess,Product,link,FALSE,TRUE,FALSE,33,TRUE,FALSE,2020,2016,,,FALSE,,FALSE,{},TRUE,200,FALSE,FALSE
80,Group Division,l0_name,assort_drop_feature,str,TRUE,FALSE,FALSE,1,TRUE,TRUE,832,,,,FALSE,,FALSE,{},TRUE,200,FALSE,FALSE
80,Division,l1_name,assort_drop_feature,str,TRUE,FALSE,FALSE,2,TRUE,TRUE,833,,,,FALSE,,FALSE,{},TRUE,200,FALSE,FALSE
80,Department,l2_name,assort_drop_feature,str,TRUE,FALSE,FALSE,3,FALSE,TRUE,834,,,,FALSE,,FALSE,{},TRUE,200,FALSE,FALSE
80,Channel,channel,assort_drop_feature,str,FALSE,FALSE,FALSE,4,FALSE,FALSE,50008,,,,FALSE,,FALSE,{},TRUE,200,FALSE,FALSE
80,Sub Channel,sub_channel,assort_drop_feature,str,FALSE,FALSE,FALSE,5,TRUE,FALSE,860,,,,FALSE,,FALSE,{},TRUE,200,FALSE,FALSE
82,Material Number,article,Inventory,str,TRUE,FALSE,FALSE,1,FALSE,FALSE,908,,,,FALSE,,TRUE,"{""isLevelPresent"": true, ""levelName"": """"}",TRUE,200,FALSE,FALSE
82,Style Description,product_description,Product,str,TRUE,FALSE,FALSE,2,FALSE,FALSE,55145,,,,FALSE,,TRUE,{},TRUE,200,FALSE,FALSE
82,Style Color,color,Inventory,str,TRUE,FALSE,FALSE,4,FALSE,FALSE,910,,,,FALSE,,TRUE,{},TRUE,200,FALSE,FALSE
82,Style Color Id,style_color_id,Inventory,str,TRUE,FALSE,FALSE,4.1,FALSE,FALSE,52,,,,FALSE,,TRUE,"{""width"": 220}",TRUE,200,FALSE,FALSE
82,Group Division,l0_name,Inventory,str,FALSE,FALSE,FALSE,8,FALSE,FALSE,882,,,,FALSE,,TRUE,{},TRUE,200,FALSE,FALSE
82,Division,l1_name,Inventory,str,FALSE,FALSE,FALSE,9,FALSE,FALSE,883,,,,FALSE,,TRUE,{},TRUE,200,FALSE,FALSE
82,Sub Department,l3_name,Inventory,str,false,false,false,10.0,false,false,"550951",,,,false,,true,"{}",true,200,false,false
82,Class,l4_name,Inventory,str,FALSE,FALSE,FALSE,11,FALSE,FALSE,55095,,,,FALSE,,TRUE,{},TRUE,200,FALSE,FALSE
82,Default Store Group,default_sg_names,Inventory,str,FALSE,FALSE,FALSE,11.5,FALSE,FALSE,321164,,,,FALSE,,FALSE,{},FALSE,270,FALSE,FALSE
82,Store groups / Number of Stores Mapped,store_group_mapped_display,Inventory,link,FALSE,TRUE,FALSE,12,FALSE,FALSE,887,,,,FALSE,,FALSE,{},FALSE,270,FALSE,FALSE
82,DC Mapped,dc_mapped,Inventory,link,FALSE,TRUE,FALSE,13,FALSE,FALSE,888,,,,FALSE,,FALSE,{},FALSE,180,FALSE,FALSE
82,Material profiles mapped,product_profile_name,Inventory,link,FALSE,TRUE,FALSE,15,FALSE,FALSE,919,,,,FALSE,,FALSE,{},FALSE,200,FALSE,FALSE
82,Brand,brand,Product,str,FALSE,FALSE,FALSE,11.2,FALSE,FALSE,321471,,,,FALSE,,TRUE,{},TRUE,200,FALSE,FALSE
82,Supersede Flag,supersede_flag,Product,str,FALSE,FALSE,FALSE,16,FALSE,FALSE,321189,,,,FALSE,,TRUE,{},TRUE,200,FALSE,FALSE
82,Model Description,model_description,Product,str,FALSE,FALSE,FALSE,3.0,FALSE,FALSE,"551451",,,,FALSE,,TRUE,{},TRUE,200,FALSE,FALSE
82,Auto Allocation Scheduler,rule_name,Product,link,FALSE,TRUE,FALSE,17.0,FALSE,FALSE,"551452",,,,FALSE,,FALSE,{},TRUE,200,FALSE,FALSE
82,Updated At,updated_at,Product,datetime,false,false,false,20.0,,false,"3211891",,,DD-MM-YYYY HH:mm:ss,false,,false,"{}",false,200,false,false
82,Updated By,updated_by,Product,str,false,false,false,21.0,,false,"3211892",,,,false,,false,"{}",false,200,false,false
82,Is Uploaded?,upload_flag,Product,str,false,false,false,22.0,,false,"3211893",,,,false,,false,"{}",false,200,false,false
82,Auto Allocation Threshold,threshold,Inventory,float,false,true,false,19.0,,false,"11112",,,,false,,false,"{}",false,200,false,false
82,Approval Type,approval_type,Inventory,list,false,true,false,18.0,,false,"11111",,,,false,,false,"{""options"": [{""label"": ""Review & Release"", ""value"": ""Review & Release""}, {""label"": ""Auto Release"", ""value"": ""Auto Release""}]}",false,200,false,false
82,Cross Country Allocation,cross_country_allocation,Product,list,false,false,false,23.0,,false,"32118930",,,,false,,false,"{""options"": [{""label"": ""Not Allowed"", ""value"": ""Not Allowed""}, {""label"": ""Allowed"", ""value"": ""Allowed""}]}",false,200,false,false
83,Store ID,store_code,Store Mapping,list,FALSE,TRUE,FALSE,1,FALSE,TRUE,1914,,,,FALSE,,FALSE,{},TRUE,200,FALSE,FALSE
84,Material Number,article,Product Profile,link,TRUE,FALSE,FALSE,1,FALSE,TRUE,2035,,,,FALSE,,TRUE,{},TRUE,200,FALSE,FALSE
84,Style Description,product_description,Product,str,TRUE,FALSE,FALSE,2,FALSE,FALSE,55139,,,,FALSE,,TRUE,{},TRUE,200,FALSE,FALSE
84,Style Color,color,Product Profile,str,TRUE,FALSE,FALSE,3,FALSE,TRUE,2037,,,,FALSE,,TRUE,{},TRUE,140,FALSE,FALSE
84,Style Color Id,style_color_id,Inventory,str,TRUE,FALSE,FALSE,3.1,FALSE,FALSE,43,,,,FALSE,,TRUE,"{""width"": 220}",TRUE,200,FALSE,FALSE
84,Group Division,l0_name,Product Profile,str,FALSE,FALSE,FALSE,6,FALSE,TRUE,2057,,,,FALSE,,TRUE,{},TRUE,200,FALSE,FALSE
84,Division,l1_name,Product Profile,str,FALSE,FALSE,FALSE,7,FALSE,TRUE,2058,,,,FALSE,,TRUE,{},TRUE,200,FALSE,FALSE
84,Department,l2_name,Product Profile,str,FALSE,FALSE,FALSE,9,FALSE,TRUE,55105,,,,FALSE,,TRUE,{},TRUE,200,FALSE,FALSE
84,Sub Department,l3_name,Product Profile,str,FALSE,FALSE,FALSE,9,FALSE,TRUE,55915,,,,FALSE,,TRUE,{},TRUE,200,FALSE,FALSE
84,Class,l4_name,Product Profile,str,FALSE,FALSE,FALSE,9,FALSE,TRUE,55916,,,,FALSE,,TRUE,{},TRUE,200,FALSE,FALSE
84,Brand,brand,Product,str,FALSE,FALSE,FALSE,9.5,FALSE,FALSE,321486,,,,FALSE,,TRUE,{},TRUE,200,FALSE,FALSE
84,Supersede Flag,supersede_flag,Product,str,FALSE,FALSE,FALSE,13,FALSE,FALSE,84001,,,,FALSE,,TRUE,{},TRUE,200,FALSE,FALSE
84,Model Description,model_description,Product,str,FALSE,FALSE,FALSE,2.5,FALSE,FALSE,"551391",,,,FALSE,,TRUE,{},TRUE,200,FALSE,FALSE
85,Product Profile,name,Product Profile,link,FALSE,FALSE,FALSE,1,FALSE,TRUE,2040,,,,FALSE,,TRUE,{},TRUE,200,FALSE,FALSE
85,Group Division,l0_name,Product Profile,str,FALSE,FALSE,FALSE,3,FALSE,TRUE,2042,,,,FALSE,,FALSE,{},FALSE,200,FALSE,FALSE
85,Division,l1_name,Product Profile,str,FALSE,FALSE,FALSE,4,FALSE,TRUE,2043,,,,FALSE,,FALSE,{},FALSE,200,FALSE,FALSE
85,Sub Department,l3_name,Inventory,str,false,false,false,5.0,false,false,"551470",,,,false,,true,"{}",true,200,false,false
85,Class,l4_name,Product Profile,str,FALSE,FALSE,FALSE,6,FALSE,TRUE,55147,,,,FALSE,,FALSE,{},FALSE,200,FALSE,FALSE
85,Time Attribute,date_value,Product Profile,str,FALSE,FALSE,FALSE,7,FALSE,TRUE,2045,,,,FALSE,,FALSE,{},FALSE,200,FALSE,FALSE
85,Sales Attribute,sales_attribute,Product Profile,str,FALSE,FALSE,FALSE,7,FALSE,TRUE,2046,,,,FALSE,,FALSE,{},FALSE,200,FALSE,FALSE
85,Created At,created_at,Product Profile,date,FALSE,FALSE,FALSE,9,FALSE,TRUE,2052,,,DD-MM-YYYY,FALSE,,FALSE,{},TRUE,200,FALSE,FALSE
85,Created By,user_name,Product Profile,str,FALSE,FALSE,FALSE,10,FALSE,TRUE,2053,,,,FALSE,,TRUE,{},TRUE,200,FALSE,FALSE
85,Edit,edit,Product Profile,edit_icon,FALSE,TRUE,FALSE,11,FALSE,TRUE,2054,,,,FALSE,,FALSE,{},FALSE,200,FALSE,FALSE
85,Delete,delete,Product Profile,delete_icon,FALSE,TRUE,FALSE,12,FALSE,TRUE,2055,,,,FALSE,,FALSE,{},FALSE,200,FALSE,FALSE
86,Material Number,article,Product Profile,str,FALSE,FALSE,FALSE,1,FALSE,TRUE,2032,,,,FALSE,,FALSE,{},TRUE,200,FALSE,FALSE
86,Style Description,product_description,Product Profile,str,FALSE,FALSE,FALSE,2,FALSE,TRUE,55166,,,,FALSE,,FALSE,{},TRUE,200,FALSE,FALSE
86,Color,color,Product Profile,str,FALSE,FALSE,FALSE,3,FALSE,TRUE,2034,,,,FALSE,,FALSE,{},TRUE,200,FALSE,FALSE
86,Style Color Id,style_color_id,Product Profile,str,FALSE,FALSE,FALSE,3.1,FALSE,FALSE,49,,,,FALSE,,TRUE,"{""width"": 220}",TRUE,200,FALSE,FALSE
86,Contribution %,contribution,Product Profile,float,FALSE,FALSE,FALSE,4,FALSE,TRUE,2059,,,roundOfftoTwoDecimals,FALSE,,FALSE,{},TRUE,200,FALSE,FALSE
86,Model Description,model_description,Product,str,FALSE,FALSE,FALSE,2.5,FALSE,FALSE,"551661",,,,FALSE,,TRUE,{},TRUE,200,FALSE,FALSE
87,Material Number,article,Product Profile,str,FALSE,FALSE,FALSE,1,FALSE,TRUE,2048,,,,FALSE,,TRUE,{},TRUE,200,FALSE,FALSE
87,Style Description,product_description,Product Profile,str,FALSE,FALSE,FALSE,2,FALSE,TRUE,55167,,,,FALSE,,TRUE,{},TRUE,200,FALSE,FALSE
87,Color,color,Product Profile,str,FALSE,FALSE,FALSE,3,FALSE,TRUE,2050,,,,FALSE,,TRUE,{},TRUE,200,FALSE,FALSE
87,Style Color Id,style_color_id,Product Profile,str,FALSE,FALSE,FALSE,3.1,FALSE,FALSE,51,,,,FALSE,,TRUE,"{""width"": 220}",TRUE,200,FALSE,FALSE
87,Contribution %,contribution,Product Profile,float,FALSE,FALSE,FALSE,4,FALSE,TRUE,2051,,,roundOfftoTwoDecimals,FALSE,,FALSE,{},TRUE,200,FALSE,FALSE
87,Sales Qty,sales,Product Profile,int,FALSE,FALSE,FALSE,5,FALSE,TRUE,2056,,,,FALSE,,FALSE,{},TRUE,200,FALSE,FALSE
87,Model Description,model_description,Product,str,FALSE,FALSE,FALSE,2.5,FALSE,FALSE,"551671",,,,FALSE,,TRUE,{},TRUE,200,FALSE,FALSE
88,Product,product_code,Product Mapping,list,FALSE,TRUE,FALSE,1,FALSE,TRUE,1932,,,,FALSE,,FALSE,{},TRUE,200,FALSE,FALSE
89,Store Number,retail_facility_code,Store,str,TRUE,FALSE,FALSE,1,FALSE,TRUE,5007,,,,FALSE,,TRUE,{},TRUE,200,FALSE,FALSE
89,Store Name,store_name,Store,str,TRUE,FALSE,FALSE,2,FALSE,TRUE,5004,,,,FALSE,,TRUE,{},TRUE,200,FALSE,FALSE
89,Store Grade,store_grade,Store,str,TRUE,FALSE,FALSE,3,FALSE,TRUE,5000,,,,FALSE,,TRUE,{},TRUE,200,FALSE,FALSE
89,Size to Overall Store Contribution %,proportion,Others,str,FALSE,FALSE,FALSE,5,FALSE,TRUE,5005,,,,FALSE,,FALSE,{},TRUE,400,FALSE,FALSE
89,Average Min,min_stock,Others,float,FALSE,TRUE,FALSE,6,FALSE,TRUE,5001,,,,FALSE,,TRUE,"{""dynamicMaxKey"": ""max_stock""}",TRUE,200,FALSE,FALSE
89,APS/User Defined ROS,APS/ROS,Others,float,FALSE,TRUE,FALSE,6,FALSE,TRUE,5008,,,,FALSE,,TRUE,{},TRUE,320,FALSE,FALSE
89,Average Max,max_stock,Others,float,FALSE,TRUE,FALSE,7,FALSE,TRUE,5002,,,,FALSE,,TRUE,"{""dynamicMinKey"": ""min_stock""}",TRUE,200,FALSE,FALSE
89,WOS,WOS_rounded,Others,int,FALSE,TRUE,FALSE,8,FALSE,TRUE,5003,,,,FALSE,,TRUE,{},TRUE,200,FALSE,FALSE
89,Estimated Demand,estimated_demand,Others,int,FALSE,FALSE,FALSE,9,FALSE,TRUE,5072,,,,FALSE,,TRUE,{},TRUE,260,FALSE,FALSE
89,Transit Time,transit_time,Others,int,FALSE,FALSE,FALSE,10,FALSE,TRUE,5073,,,,FALSE,,TRUE,{},TRUE,200,FALSE,FALSE
89,Store On Hand,onhand,Others,int,FALSE,FALSE,FALSE,15,FALSE,TRUE,55188,,,,FALSE,,FALSE,{},TRUE,200,FALSE,FALSE
89,Store On Order,onorder,Others,int,FALSE,FALSE,FALSE,16,FALSE,TRUE,55189,,,,FALSE,,FALSE,{},TRUE,200,FALSE,FALSE
89,Store In Transit,intransit,Others,int,FALSE,FALSE,FALSE,17,FALSE,TRUE,70002,,,,FALSE,,FALSE,{},TRUE,200,FALSE,FALSE
89,OH+OO+IT,oh_oo_it,Others,int,FALSE,FALSE,FALSE,18,FALSE,TRUE,85,,,,FALSE,,FALSE,{},TRUE,200,FALSE,FALSE
89,Climate,climate,Store,str,FALSE,FALSE,FALSE,19,FALSE,TRUE,5512583,,,,FALSE,,TRUE,{},TRUE,200,FALSE,FALSE
89,Country,country,Store,str,FALSE,FALSE,FALSE,20,FALSE,TRUE,5512584,,,,FALSE,,TRUE,{},TRUE,200,FALSE,FALSE
89,District,district,Store,str,FALSE,FALSE,FALSE,21,FALSE,TRUE,5512585,,,,FALSE,,TRUE,{},TRUE,200,FALSE,FALSE
89,Store Currency,currency_cd,Inventory,str,FALSE,FALSE,FALSE,4,FALSE,FALSE,321996,,,,FALSE,,TRUE,{},TRUE,200,FALSE,FALSE
90,Store Number,retail_facility_code,Product Mapping,str,FALSE,FALSE,FALSE,1,FALSE,TRUE,13516,,,,FALSE,,TRUE,{},TRUE,200,FALSE,FALSE
90,Store Name,store_name,Product Mapping,str,FALSE,FALSE,FALSE,2,FALSE,TRUE,2001,,,,FALSE,,TRUE,{},TRUE,200,FALSE,FALSE
91,Product ID,product_code,Product,str,FALSE,FALSE,FALSE,1,FALSE,FALSE,1942,,,,FALSE,,TRUE,{},TRUE,200,FALSE,FALSE
91,Size,size,Product,str,false,false,false,2.0,false,false,"911942",,,,false,,true,"{}",true,200,false,false
91,Brand,brand,Product,str,FALSE,FALSE,FALSE,8,FALSE,FALSE,72444,,,,FALSE,,TRUE,{},TRUE,200,FALSE,FALSE
91,Material Number,article,Product,str,FALSE,FALSE,FALSE,1,FALSE,FALSE,70009,,,,FALSE,,TRUE,{},TRUE,200,FALSE,FALSE
91,Product Name,product_name,Product,str,FALSE,FALSE,FALSE,3,FALSE,FALSE,1943,,,,FALSE,,TRUE,{},TRUE,200,FALSE,FALSE
91,Stores Mapped,num_stores_mapped,Store,link,FALSE,TRUE,FALSE,5,FALSE,FALSE,1945,,,,FALSE,,FALSE,{},TRUE,200,FALSE,FALSE
91,Include Unmapped Stores,include_unmapped,Store,ToogleField,FALSE,TRUE,FALSE,6,FALSE,FALSE,1946,,,,FALSE,,FALSE,{},FALSE,200,FALSE,FALSE
91,Is Mapped,is_mapped,Product,bool,FALSE,FALSE,FALSE,8,FALSE,FALSE,2515,,,,FALSE,,FALSE,{},FALSE,200,FALSE,FALSE
92,Hierarchy,hierarchy_level,Other,str,FALSE,FALSE,FALSE,1,TRUE,TRUE,2459,,,,FALSE,,TRUE,{},TRUE,200,FALSE,FALSE
92,Sub Department,l3_name,Other,str,FALSE,FALSE,FALSE,2,FALSE,TRUE,51589,,,,FALSE,,TRUE,{},TRUE,200,FALSE,FALSE
92,Channel Type,channel,Other,list,FALSE,FALSE,FALSE,3,FALSE,TRUE,1947,,,,FALSE,,TRUE,{},TRUE,200,FALSE,FALSE
92,Sub Channel,sub_channel,Other,list,FALSE,FALSE,FALSE,4,FALSE,TRUE,51601,,,,FALSE,,TRUE,{},TRUE,200,FALSE,FALSE
92,Year,year,Other,str,FALSE,FALSE,FALSE,5,FALSE,TRUE,1948,,,,FALSE,,TRUE,{},TRUE,200,FALSE,FALSE
92,Season,season,Other,str,FALSE,FALSE,FALSE,6,FALSE,TRUE,1979,,,,FALSE,,TRUE,{},TRUE,200,FALSE,FALSE
92,All Door Choice Count,all_door_cc,Other,int,FALSE,TRUE,FALSE,7,FALSE,TRUE,1951,,,,FALSE,,FALSE,{},TRUE,125,FALSE,FALSE
92,Enable Plan Detail,plan_detail,Other,array,FALSE,TRUE,FALSE,8,TRUE,FALSE,2456,,,,FALSE,,FALSE,{},TRUE,200,FALSE,FALSE
92,Mapped Plan,mapped,Other,link,FALSE,TRUE,FALSE,8.1,FALSE,FALSE,2457,,,,FALSE,,FALSE,{},TRUE,200,FALSE,FALSE
92,Unmapped Plan,unmapped,Other,link,FALSE,TRUE,FALSE,8.2,FALSE,FALSE,2458,,,,FALSE,,FALSE,{},TRUE,200,FALSE,FALSE
93,Group Division,l0_name,non_linear_edit,str,TRUE,FALSE,FALSE,1,TRUE,TRUE,1958,,,,FALSE,name,FALSE,{},TRUE,200,FALSE,FALSE
93,Division,l1_name,non_linear_edit,str,TRUE,FALSE,FALSE,2,TRUE,TRUE,1959,,,,FALSE,name,FALSE,{},TRUE,200,FALSE,FALSE
93,Department,l2_name,non_linear_edit,str,TRUE,FALSE,FALSE,3,TRUE,TRUE,1960,,,,FALSE,name,FALSE,{},TRUE,200,FALSE,FALSE
93,Sub Department,l3_name,non_linear_edit,attribute,TRUE,FALSE,FALSE,4,FALSE,TRUE,1961,,,,FALSE,name,FALSE,{},TRUE,200,FALSE,FALSE
94,Store Number,retail_facility_code,Store,str,FALSE,FALSE,FALSE,1,FALSE,FALSE,13517,,,,FALSE,,TRUE,{},TRUE,200,FALSE,FALSE
94,Store Name,store_name,Store,str,FALSE,FALSE,FALSE,2,FALSE,FALSE,2022,,,,FALSE,,TRUE,{},TRUE,200,FALSE,FALSE
94,In Transit,it,Store,int,FALSE,FALSE,FALSE,3,FALSE,FALSE,2023,,,,FALSE,,FALSE,{},TRUE,200,FALSE,FALSE
94,On Order,oo,Store,int,FALSE,FALSE,FALSE,4,FALSE,FALSE,2024,,,,FALSE,,FALSE,{},TRUE,200,FALSE,FALSE
94,In Hand,oh,Store,int,FALSE,FALSE,FALSE,5,FALSE,FALSE,2025,,,,FALSE,,FALSE,{},TRUE,200,FALSE,FALSE
94,WOS,wos,Store,int,FALSE,FALSE,FALSE,6,FALSE,FALSE,2026,,,,FALSE,,FALSE,{},TRUE,200,FALSE,FALSE
94,Size Integrity,si,Store,percentage,FALSE,FALSE,FALSE,7,FALSE,FALSE,2027,,,,FALSE,,FALSE,{},TRUE,200,FALSE,FALSE
94,LW Units,lw_qty,Store,int,FALSE,FALSE,FALSE,8,FALSE,FALSE,2028,,,,FALSE,,FALSE,{},TRUE,200,FALSE,FALSE
94,LW Revenue,lw_revenue,Store,dollar,FALSE,FALSE,FALSE,9,FALSE,FALSE,2029,,,,FALSE,,FALSE,{},TRUE,200,FALSE,FALSE
94,LW Margin,lw_margin,Store,dollar,FALSE,FALSE,FALSE,10,FALSE,FALSE,2030,,,,FALSE,,FALSE,{},TRUE,200,FALSE,FALSE
97,DC,dc_name,store,str,TRUE,FALSE,FALSE,2,FALSE,TRUE,5018,,,,FALSE,,TRUE,{},TRUE,250,FALSE,FALSE
97,Available inventory,Total_Available_Inventory,others,str,TRUE,FALSE,FALSE,3,FALSE,TRUE,5019,,,,FALSE,,TRUE,{},TRUE,200,FALSE,FALSE
97,Quantity  Reserved,Reserve_Quantity,others,str,TRUE,FALSE,FALSE,4,FALSE,TRUE,5020,,,,FALSE,,TRUE,{},TRUE,200,FALSE,FALSE
97,Allocated Units,Allocated_Reserve_Quantity,others,str,TRUE,FALSE,FALSE,5,FALSE,TRUE,5021,,,,FALSE,,TRUE,{},TRUE,200,FALSE,FALSE
98,Store Group Name,sg_name,Inventory,str,FALSE,FALSE,FALSE,1,FALSE,FALSE,5022,,,,FALSE,,TRUE,{},TRUE,200,FALSE,FALSE
98,Store Number,retail_facility_code,Inventory,int,FALSE,FALSE,FALSE,2,FALSE,FALSE,13518,,,,FALSE,,FALSE,{},FALSE,200,FALSE,FALSE
98,Store Name,store_name,Inventory,str,FALSE,FALSE,FALSE,3,FALSE,FALSE,5023,,,,FALSE,,FALSE,{},FALSE,200,FALSE,FALSE
98,Default,selected,Inventory,bool,FALSE,TRUE,FALSE,5,FALSE,FALSE,321140,,,,FALSE,,FALSE,{},FALSE,200,FALSE,FALSE
98,Available,available,Inventory,bool,FALSE,TRUE,FALSE,1,FALSE,FALSE,321141,,,,FALSE,,FALSE,{},FALSE,200,FALSE,FALSE
98,Store Currency,currency_cd,Store,str,FALSE,FALSE,TRUE,4,FALSE,FALSE,321606,,,,FALSE,,FALSE,{},FALSE,200,FALSE,FALSE
99,Store Number,retail_facility_code,Inventory,str,FALSE,FALSE,FALSE,1,FALSE,FALSE,13519,,,,FALSE,,TRUE,{},TRUE,200,FALSE,FALSE
99,Store Name,store_name,Inventory,str,FALSE,FALSE,FALSE,2,FALSE,FALSE,5071,,,,FALSE,,TRUE,{},TRUE,200,FALSE,FALSE
100,DC name,name,Inventory,str,FALSE,FALSE,FALSE,2,FALSE,FALSE,6002,,,,FALSE,,TRUE,{},TRUE,200,FALSE,FALSE
101,Material Profile,name,Inventory,str,FALSE,FALSE,FALSE,1,FALSE,FALSE,6006,,,,FALSE,,TRUE,{},TRUE,200,FALSE,FALSE
101,Group Division,l0_name,Inventory,str,FALSE,FALSE,FALSE,3,FALSE,FALSE,6003,,,,FALSE,,TRUE,{},TRUE,200,FALSE,FALSE
101,Division,l1_name,Inventory,str,FALSE,FALSE,FALSE,4,FALSE,FALSE,6004,,,,FALSE,,TRUE,{},TRUE,200,FALSE,FALSE
101,Department,l2_name,Inventory,str,FALSE,FALSE,FALSE,5,FALSE,FALSE,6005,,,,FALSE,,TRUE,{},TRUE,200,FALSE,FALSE
120,Material Number,article,Inventory,str,TRUE,FALSE,FALSE,2,FALSE,FALSE,5057,,,,FALSE,,TRUE,{},TRUE,200,FALSE,FALSE
120,Style Description,product_description,Inventory,str,TRUE,FALSE,FALSE,3,FALSE,FALSE,9706,,,,FALSE,,TRUE,{},TRUE,200,FALSE,FALSE
120,Style Color,color,Inventory,str,TRUE,FALSE,FALSE,5,FALSE,FALSE,5061,,,,FALSE,,TRUE,{},TRUE,200,FALSE,FALSE
120,Style Color Id,style_color_id,Inventory,str,TRUE,FALSE,FALSE,5.1,FALSE,FALSE,2,,,,FALSE,,TRUE,"{""width"": 220}",TRUE,200,FALSE,FALSE
120,Group Division,l0_name,Inventory,str,FALSE,FALSE,FALSE,6,FALSE,FALSE,5059,,,,FALSE,,TRUE,{},TRUE,200,FALSE,FALSE
120,Division,l1_name,Product,str,FALSE,FALSE,FALSE,7,FALSE,FALSE,55088,,,,FALSE,,TRUE,{},TRUE,200,FALSE,FALSE
120,Class,l4_name,Product,str,FALSE,FALSE,FALSE,9,FALSE,FALSE,55087,,,,FALSE,,TRUE,{},TRUE,200,FALSE,FALSE
120,Coordinate Group,rtl_coordinate_group_desc,Inventory,str,FALSE,FALSE,FALSE,10,FALSE,FALSE,321171,,,,FALSE,,TRUE,{},TRUE,200,FALSE,FALSE
120,Last Allocated,allocated_time,Inventory,DateTimeField,FALSE,FALSE,FALSE,15,FALSE,FALSE,5046,,,DD-MM-YYYY,FALSE,,FALSE,"{""displayDateFormat"":""DD-MM-YYYY""}",FALSE,170,FALSE,FALSE
120,Demand Type,demand_type,Inventory,list,FALSE,TRUE,FALSE,17,FALSE,FALSE,5028,,,,FALSE,,FALSE,"{""options"": [{""label"": ""Fixed"", ""value"": ""Fixed""}, {""label"": ""IA Forecast"", ""value"": ""IA""}]}",FALSE,200,FALSE,FALSE
120,Planned WOS,wos,Inventory,float,FALSE,TRUE,FALSE,19,FALSE,FALSE,5030,,,,FALSE,,FALSE,{},FALSE,160,FALSE,FALSE
120,Product Profile,product_profiles,Inventory,dynamic-list,FALSE,TRUE,FALSE,20,FALSE,FALSE,5031,,,,FALSE,,FALSE,"{""options_column"": ""product_profiles_options""}",FALSE,200,FALSE,FALSE
120,Size Profile,sizes,Inventory,dynamic-list,FALSE,TRUE,FALSE,21,FALSE,FALSE,5032,,,,FALSE,,FALSE,"{""options_column"": ""sizes_options"", ""is_multi"": true}",FALSE,220,FALSE,FALSE
120,Store Eligibility Groups,store_groups,Inventory,dynamic-list,FALSE,TRUE,FALSE,22,FALSE,FALSE,5034,,,,FALSE,,FALSE,"{""options_column"": ""store_groups_options"", ""is_multi"": true}",FALSE,300,FALSE,FALSE
120,DC,dcs,Inventory,dynamic-list,FALSE,TRUE,FALSE,23,FALSE,FALSE,6053,,,,FALSE,,FALSE,"{""options_column"": ""dcs_options"", ""is_multi"": true}",FALSE,300,FALSE,FALSE
120,No. Eligible Stores,mapped_stores_count,Inventory,int,FALSE,FALSE,FALSE,24,FALSE,FALSE,5054,,,,FALSE,,FALSE,{},FALSE,220,FALSE,FALSE
120,Original Available Qty,oh,Inventory,link,FALSE,TRUE,FALSE,25,FALSE,FALSE,5052,,,,FALSE,,FALSE,"{""mapped_column"": ""available_to_allocate"",""dc_mapped_key"": ""store_name""}",FALSE,200,FALSE,FALSE
120,DC inv. on Order,oo,Inventory,int,FALSE,FALSE,FALSE,26,TRUE,FALSE,9700,,,,FALSE,,FALSE,{},FALSE,200,FALSE,FALSE
120,DC inv. in Transit,it,Inventory,int,FALSE,FALSE,FALSE,27,TRUE,FALSE,9701,,,,FALSE,,FALSE,{},FALSE,200,FALSE,FALSE
120,User Reserved,reserve_quantity_org,Inventory,int,FALSE,FALSE,FALSE,28,FALSE,FALSE,5050,,,,FALSE,,FALSE,{},FALSE,230,FALSE,FALSE
120,Allocated Quantity,allocated_units,Inventory,int,FALSE,FALSE,FALSE,29,FALSE,FALSE,5051,,,,FALSE,,FALSE,{},FALSE,270,FALSE,FALSE
120,Inv. Source,inventory_source,Inventory,list,FALSE,TRUE,FALSE,30,FALSE,FALSE,5053,,,,FALSE,,FALSE,"{""reserve"": {""options"": [{""label"": ""User Reserve"", ""value"": ""reserved""}]},""dc"": {""options"": [{""label"": ""DC Inv. on Hand"", ""value"": ""onhand""}]}, ""po"": {""options"": [{""label"": ""PO"", ""value"": ""po""}]}}",FALSE,220,FALSE,FALSE
120,Current Available to Allocate,net_available_inventory,Inventory,link,FALSE,TRUE,FALSE,31,FALSE,FALSE,5048,,,,FALSE,,FALSE,{},FALSE,230,FALSE,FALSE
120,User Defined Inv. in %,user_def_inv_perc,Inventory,int,FALSE,TRUE,FALSE,32,FALSE,FALSE,5033,,,,FALSE,,FALSE,"{""min"": 0, ""max"": 100}",FALSE,300,FALSE,FALSE
120,Fixed Inv. Push,user_def_inv,Inventory,int,FALSE,TRUE,FALSE,33,FALSE,FALSE,5049,,,,FALSE,,FALSE,"{""dynamicMaxKey"": ""net_available_inventory""}",FALSE,300,FALSE,FALSE
120,Final Total Available Inv,final_tot_inventory,Inventory,int,FALSE,FALSE,FALSE,36,FALSE,FALSE,5035,,,,FALSE,,FALSE,"{""valueGetter"": ""data.net_available_inventory*data.user_def_inv_perc/100""}",FALSE,260,FALSE,FALSE
120,Product Type,article_status_tag,Inventory,str,FALSE,FALSE,FALSE,37,FALSE,FALSE,9705,,,,FALSE,,TRUE,{},TRUE,200,FALSE,FALSE
120,Department,l2_name,Product,str,FALSE,FALSE,FALSE,8,FALSE,FALSE,9747,,,,FALSE,,TRUE,{},TRUE,200,FALSE,FALSE
120,Sub Department,l3_name,Product,str,FALSE,FALSE,FALSE,8.1,FALSE,FALSE,9748,,,,FALSE,,TRUE,{},TRUE,200,FALSE,FALSE
120,LW Sales Units,lw_qty,Inventory,int,FALSE,FALSE,FALSE,40,FALSE,FALSE,104,,,,FALSE,,FALSE,{},FALSE,200,FALSE,FALSE
120,Size InStock%,si,Inventory,str,FALSE,FALSE,FALSE,41,FALSE,FALSE,105,,,,FALSE,,FALSE,{},FALSE,200,FALSE,FALSE
120,Week to Date Sales,week_to_date_sales,Inventory,int,FALSE,FALSE,FALSE,42,FALSE,FALSE,108,,,,FALSE,,FALSE,{},FALSE,200,FALSE,FALSE
120,Yesterday’s Sales,last_day_sales,Inventory,int,FALSE,FALSE,FALSE,43,FALSE,FALSE,109,,,,FALSE,,FALSE,{},FALSE,200,FALSE,FALSE
120,2 Weeks ago Sales,sales_2_ago,Inventory,str,FALSE,FALSE,FALSE,45,FALSE,FALSE,111,,,,FALSE,,FALSE,{},FALSE,200,FALSE,FALSE
120,3 Weeks ago Sales,sales_3_ago,Inventory,str,FALSE,FALSE,FALSE,46,FALSE,FALSE,115,,,,FALSE,,FALSE,{},FALSE,200,FALSE,FALSE
120,4 Weeks ago Sales,sales_4_ago,Inventory,str,FALSE,FALSE,FALSE,47,FALSE,FALSE,118,,,,FALSE,,FALSE,{},FALSE,200,FALSE,FALSE
120,5 Weeks ago Sales,sales_5_ago,Inventory,str,FALSE,FALSE,FALSE,48,FALSE,FALSE,122,,,,FALSE,,FALSE,{},FALSE,200,FALSE,FALSE
120,6 Weeks ago Sales,sales_6_ago,Inventory,str,FALSE,FALSE,FALSE,49,FALSE,FALSE,130,,,,FALSE,,FALSE,{},FALSE,200,FALSE,FALSE
120,7 Weeks ago Sales,sales_7_ago,Inventory,str,FALSE,FALSE,FALSE,50,FALSE,FALSE,136,,,,FALSE,,FALSE,{},FALSE,200,FALSE,FALSE
120,8 Weeks ago Sales,sales_8_ago,Inventory,str,FALSE,FALSE,FALSE,51,FALSE,FALSE,137,,,,FALSE,,FALSE,{},FALSE,200,FALSE,FALSE
120,Brand,brand,Product,str,FALSE,FALSE,FALSE,9.5,FALSE,FALSE,321468,,,,FALSE,,TRUE,{},TRUE,200,FALSE,FALSE
120,Pack ID,pack_type_id,Inventory,str,FALSE,FALSE,FALSE,3.8,,FALSE,330001,,,,FALSE,,FALSE,{},FALSE,200,FALSE,FALSE
120,Packs,net_available_packs,Inventory,int,FALSE,FALSE,FALSE,31.1,,FALSE,330003,5048,,,FALSE,,FALSE,{},FALSE,200,FALSE,FALSE
120,Eaches,net_available_eaches,Inventory,int,FALSE,FALSE,FALSE,31.2,,FALSE,330004,5048,,,FALSE,,FALSE,{},FALSE,200,FALSE,FALSE
120,Total,net_available_inventory,Inventory,link,FALSE,TRUE,FALSE,31.3,,FALSE,330002,5048,,,FALSE,,FALSE,{},FALSE,200,FALSE,FALSE
120,Vendor Case Pack Quantity,vendor_case_pack,Inventory,str,FALSE,FALSE,FALSE,3.9,,FALSE,332587,,,,FALSE,,TRUE,{},FALSE,200,FALSE,FALSE
120,Supersede Flag,supersede_flag,Product,str,FALSE,FALSE,FALSE,53,,FALSE,120001,,,,FALSE,,TRUE,{},TRUE,200,FALSE,FALSE
120,Model Description,model_description,Product,str,FALSE,FALSE,FALSE,3.5,FALSE,FALSE,"97061",,,,FALSE,,TRUE,{},TRUE,200,FALSE,FALSE
120,Packs,rq_packs_no_purge,Inventory,int,FALSE,FALSE,FALSE,28.1,,FALSE,330005,5050,,,FALSE,,FALSE,{},FALSE,200,FALSE,FALSE
120,Eaches,reserve_quantity_eaches,Inventory,int,FALSE,FALSE,FALSE,28.2,,FALSE,330006,5050,,,FALSE,,FALSE,{},FALSE,200,FALSE,FALSE
120,Total,reserve_quantity,Inventory,int,FALSE,FALSE,FALSE,28.3,,FALSE,330007,5050,,,FALSE,,FALSE,{},FALSE,200,FALSE,FALSE
121,Store Number,store_code,Store,str,FALSE,FALSE,FALSE,1,FALSE,FALSE,13520,,,,FALSE,,TRUE,{},TRUE,200,FALSE,FALSE
121,Store Name,store_name,Store,str,FALSE,FALSE,FALSE,2,FALSE,FALSE,5038,,,,FALSE,,TRUE,{},TRUE,200,FALSE,FALSE
121,Store Inventory,Store Inventory,Store,str,false,false,false,3.0,false,false,"331212",,,,false,,false,"{}",false,120,false,false
121,In Transit to Store,it,Store,int,FALSE,FALSE,FALSE,3,FALSE,FALSE,5039,331212,,,FALSE,,FALSE,{},TRUE,200,FALSE,FALSE
121,Store On Order,oo,Store,int,FALSE,FALSE,FALSE,4,FALSE,FALSE,5040,331212,,,FALSE,,FALSE,{},TRUE,200,FALSE,FALSE
121,Store On Hand,oh,Store,int,FALSE,FALSE,FALSE,5,FALSE,FALSE,5041,331212,,,FALSE,,FALSE,{},TRUE,200,FALSE,FALSE
121,OH+OO+IT,oh_oo_it,Store,int,FALSE,FALSE,FALSE,5.1,FALSE,FALSE,83,331212,,,FALSE,,FALSE,"{""displayClusteredCol"":true}",TRUE,200,FALSE,FALSE
121,Demand Metrics,Demand Metrics,Store,str,false,false,false,6.0,false,false,"331472",,,,false,,false,"{}",true,200,false,false
121,FWOS,wos,Store,float,FALSE,FALSE,FALSE,6,FALSE,FALSE,5036,331472,,,FALSE,,FALSE,{},TRUE,200,FALSE,FALSE
121,Sales Metrics,Sales Metrics,Store,str,false,false,false,5.0,false,false,"331473",,,,false,,false,"{}",true,200,false,false
121,Size Instock%,si,Store,percentage,FALSE,FALSE,FALSE,7,FALSE,FALSE,5042,,,,FALSE,,FALSE,{},TRUE,200,FALSE,FALSE
121,LW Sales Units,lw_qty,Store,int,FALSE,FALSE,FALSE,8,FALSE,FALSE,5043,331473,,,FALSE,,FALSE,"{""displayClusteredCol"":true}",TRUE,200,FALSE,FALSE
121,LW Sales $,lw_revenue,Store,dollar,FALSE,FALSE,FALSE,9,FALSE,FALSE,5044,331473,,,FALSE,,FALSE,{},TRUE,200,FALSE,FALSE
121,LW Margin,lw_margin,Store,dollar,FALSE,FALSE,FALSE,10,FALSE,FALSE,5045,331473,,,FALSE,,FALSE,{},TRUE,200,FALSE,FALSE
121,Store Currency,currency_cd,Store,str,FALSE,FALSE,FALSE,2.5,FALSE,FALSE,321998,,,,FALSE,,TRUE,{},TRUE,200,FALSE,FALSE
121,Discount %,promo_percentage,Store,percentage,false,false,false,5.4,false,false,"331479","331473",,,false,,false,"{""isRangeFilter"": true}",false,120,false,false
121,AUR,aur,Store,dollar,false,false,false,5.5,false,false,"331483","331473",,,false,,false,"{""isRangeFilter"": true}",false,120,false,false
121,Inventory Health Metrics,Inventory Health Metrics,Store,str,false,false,false,4.0,false,false,"331478",,,,false,,false,"{}",true,200,false,false
121,Size Integrity,size_integrity,Store,percentage,false,false,false,4.1,false,false,"321211","331478",,,false,,false,"{}",true,200,false,false
122,Style Color Id,style_color_id,Product,str,TRUE,FALSE,FALSE,1,FALSE,FALSE,80004,,,,FALSE,,TRUE,"{""width"": 220}",TRUE,200,FALSE,FALSE
122,Material Number,article,Product,str,TRUE,FALSE,FALSE,2,FALSE,FALSE,2503,,,,FALSE,,TRUE,{},TRUE,200,FALSE,FALSE
122,Style Description,product_description,Inventory,str,TRUE,FALSE,FALSE,3,FALSE,FALSE,55108,,,,FALSE,,TRUE,{},TRUE,200,FALSE,FALSE
122,Store Group,store_groups,Product,str,FALSE,FALSE,FALSE,6,FALSE,FALSE,1,,,,FALSE,,TRUE,{},TRUE,200,FALSE,FALSE
122,Product Type,article_status_tag,Product,str,FALSE,FALSE,FALSE,9,FALSE,FALSE,4,,,,FALSE,,TRUE,{},TRUE,200,FALSE,FALSE
122,Launch Date,launch_date,Product,date,FALSE,FALSE,FALSE,10,FALSE,FALSE,2508,,,DD-MM-YYYY,FALSE,,TRUE,"{""displayDateFormat"":""DD-MM-YYYY""}",TRUE,200,FALSE,FALSE
122,Last Allocated,allocated_time,Product,date,FALSE,FALSE,FALSE,11,FALSE,FALSE,2509,,,DD-MM-YYYY,FALSE,,TRUE,"{""displayDateFormat"":""DD-MM-YYYY""}",TRUE,200,FALSE,FALSE
122,Filters,Filters,Product,str,FALSE,FALSE,FALSE,15,FALSE,FALSE,2513,,,,FALSE,,FALSE,{},TRUE,200,FALSE,FALSE
122,Group Division,l0_name,Product,str,FALSE,FALSE,FALSE,16,FALSE,FALSE,2500,2513,,,FALSE,,TRUE,{},TRUE,200,FALSE,FALSE
122,Division,l1_name,Product,str,FALSE,FALSE,FALSE,17,FALSE,FALSE,2504,2513,,,FALSE,,TRUE,{},TRUE,200,FALSE,FALSE
122,Department,l2_name,Product,str,FALSE,FALSE,FALSE,18,FALSE,FALSE,321065,2513,,,FALSE,,TRUE,{},TRUE,200,FALSE,FALSE
122,Sub-Department,l3_name,Product,str,FALSE,FALSE,FALSE,19,FALSE,FALSE,321066,2513,,,FALSE,,TRUE,{},TRUE,200,FALSE,FALSE
122,Class,l4_name,Product,str,FALSE,FALSE,FALSE,20,FALSE,FALSE,321067,2513,,,FALSE,,TRUE,{},TRUE,200,FALSE,FALSE
122,DC OH,bulk_remaining,Product,link,FALSE,TRUE,FALSE,20.5,FALSE,FALSE,321198,,,,FALSE,,FALSE,{},TRUE,200,FALSE,FALSE
122,Sales Performance,Sales Performance,Product,str,FALSE,FALSE,FALSE,21,FALSE,FALSE,2516,,,,FALSE,,FALSE,{},TRUE,200,FALSE,FALSE
122,LW Sales $,lw_revenue,Product,link,FALSE,TRUE,FALSE,22,FALSE,FALSE,2517,2516,,,FALSE,,FALSE,{},FALSE,200,FALSE,FALSE
122,LW Sales Units,lw_qty,Product,link,FALSE,TRUE,FALSE,23,FALSE,FALSE,2323,2516,,,FALSE,,FALSE,{},FALSE,200,FALSE,FALSE
122,Discount %,promo,Product,percentage,FALSE,FALSE,FALSE,24,FALSE,FALSE,80001,2516,,,FALSE,,FALSE,{},TRUE,120,FALSE,FALSE
122,AUR,price,Product,dollar,FALSE,FALSE,FALSE,25,FALSE,FALSE,80002,2516,,,FALSE,,TRUE,{},TRUE,120,FALSE,FALSE
122,Inventory,Inventory,Product,str,FALSE,FALSE,FALSE,26,FALSE,FALSE,2521,,,,FALSE,,FALSE,{},TRUE,120,FALSE,FALSE
122,DC On Hand,bulk_remaining_dc_level,Product,int,FALSE,FALSE,FALSE,27,FALSE,FALSE,2522,2521,,,FALSE,,FALSE,{},TRUE,200,FALSE,FALSE
122,Store On Hand,oh,Product,link,FALSE,TRUE,FALSE,28,FALSE,FALSE,2523,2521,,,FALSE,,FALSE,{},TRUE,180,FALSE,FALSE
122,Store On Order,oo,Product,link,FALSE,TRUE,FALSE,29,FALSE,FALSE,2070,2521,,,FALSE,,FALSE,{},TRUE,180,FALSE,FALSE
122,In Transit to Store,it,Product,link,FALSE,TRUE,FALSE,30,FALSE,FALSE,2071,2521,,,FALSE,,FALSE,{},TRUE,220,FALSE,FALSE
122,OH+OO+IT,oh+oo+it,Product,int,FALSE,FALSE,FALSE,30.1,FALSE,FALSE,3210068,2521,,,FALSE,,FALSE,{},TRUE,220,FALSE,FALSE
122,FWOS,wos,Product,float,FALSE,FALSE,FALSE,31,FALSE,FALSE,55156,2521,,roundOffToTwoDecimals,FALSE,,FALSE,{},TRUE,120,FALSE,FALSE
122,Size Instock%,si,Product,percentage,FALSE,FALSE,FALSE,32,FALSE,FALSE,2073,2521,,,FALSE,,FALSE,{},FALSE,270,FALSE,FALSE
122,Store Count,Store Count,Product,int,FALSE,FALSE,FALSE,33,FALSE,FALSE,2074,,,,FALSE,,FALSE,{},TRUE,200,FALSE,FALSE
122,Stockout,stockout,Product,link,FALSE,TRUE,FALSE,34,FALSE,FALSE,2076,2074,,numbersWithComma,FALSE,,FALSE,{},TRUE,120,FALSE,FALSE
122,Shortfall,shortfall,Product,link,FALSE,TRUE,FALSE,35,FALSE,FALSE,2077,2074,,numbersWithComma,FALSE,,FALSE,{},TRUE,120,FALSE,FALSE
122,Normal,normal,Product,link,FALSE,TRUE,FALSE,36,FALSE,FALSE,2078,2074,,numbersWithComma,FALSE,,FALSE,{},TRUE,120,FALSE,FALSE
122,Overstock,excess,Product,link,FALSE,TRUE,FALSE,37,FALSE,FALSE,2079,2074,,numbersWithComma,FALSE,,FALSE,{},TRUE,120,FALSE,FALSE
122,Week to date unit sales,week_to_date_sales,Inventory,link,FALSE,TRUE,FALSE,38,FALSE,FALSE,7232,,,numbersWithComma,FALSE,,FALSE,{},FALSE,200,FALSE,FALSE
122,Yesterday's Sales,last_day_sales,Inventory,link,FALSE,TRUE,FALSE,40,FALSE,FALSE,7231,,,,FALSE,,FALSE,{},FALSE,200,FALSE,FALSE
122,1 W Ago Sales Units,sales_1_ago,Product,link,FALSE,TRUE,FALSE,43,FALSE,FALSE,90007,,,numbersWithComma,FALSE,,TRUE,"{""isRangeFilter"": true}",TRUE,240,FALSE,FALSE
122,2 W Ago Sales Units,sales_2_ago,Product,link,FALSE,TRUE,FALSE,44,FALSE,FALSE,90006,,,numbersWithComma,FALSE,,FALSE,"{""isRangeFilter"": true}",FALSE,240,FALSE,FALSE
122,3 W Ago Sales Units,sales_3_ago,Product,link,FALSE,TRUE,FALSE,45,FALSE,FALSE,90005,,,numbersWithComma,FALSE,,FALSE,"{""isRangeFilter"": true}",FALSE,240,FALSE,FALSE
122,4 W Ago Sales Units,sales_4_ago,Product,link,FALSE,TRUE,FALSE,46,FALSE,FALSE,90004,,,numbersWithComma,FALSE,,FALSE,"{""isRangeFilter"": true}",FALSE,240,FALSE,FALSE
122,5 W Ago Sales Units,sales_5_ago,Product,link,FALSE,TRUE,FALSE,47,FALSE,FALSE,90008,,,numbersWithComma,FALSE,,FALSE,"{""isRangeFilter"": true}",FALSE,240,FALSE,FALSE
122,6 W Ago Sales Units,sales_6_ago,Product,link,FALSE,TRUE,FALSE,48,FALSE,FALSE,90009,,,numbersWithComma,FALSE,,FALSE,"{""isRangeFilter"": true}",FALSE,240,FALSE,FALSE
122,7 W Ago Sales Units,sales_7_ago,Product,link,FALSE,TRUE,FALSE,49,FALSE,FALSE,90010,,,numbersWithComma,FALSE,,FALSE,"{""isRangeFilter"": true}",FALSE,240,FALSE,FALSE
122,8 W Ago Sales Units,sales_8_ago,Product,link,FALSE,TRUE,FALSE,50,FALSE,FALSE,9653,,,numbersWithComma,FALSE,,FALSE,"{""isRangeFilter"": true}",FALSE,240,FALSE,FALSE
122,GM $,lw_margin,Product,dollar,FALSE,FALSE,FALSE,51,FALSE,FALSE,9654,,,roundOff,FALSE,,FALSE,"{""isRangeFilter"": true}",TRUE,240,FALSE,FALSE
122,GM %,lw_margin_percentage,Product,percentage,FALSE,FALSE,FALSE,52,FALSE,FALSE,9655,,,roundOfftoTwoDecimals,FALSE,,FALSE,"{""isRangeFilter"": true}",TRUE,240,FALSE,FALSE
122,LW Margin $,lw_margin,Product,link,FALSE,TRUE,FALSE,25,,FALSE,2518,2516,,,FALSE,,FALSE,{},TRUE,200,FALSE,FALSE
122,LW Margin %,lw_margin_percentage,Product,percentage,FALSE,FALSE,FALSE,26,,FALSE,2519,2516,,,FALSE,,FALSE,{},TRUE,200,FALSE,FALSE
122,Sales Pen %,sales_pen_pct,Product,percentage,FALSE,FALSE,FALSE,27,,FALSE,2520,2516,,,FALSE,,FALSE,{},TRUE,200,FALSE,FALSE
122,Sales Build,sales_build,Product,int,FALSE,FALSE,FALSE,28,,FALSE,2532,2516,,roundOfftoTwoDecimals,FALSE,,FALSE,{},TRUE,200,FALSE,FALSE
122,Sell Thru Rate,sell_through_rate,Product,int,FALSE,FALSE,FALSE,29,,FALSE,25331,2516,,roundOfftoTwoDecimals,FALSE,,FALSE,{},TRUE,200,FALSE,FALSE
122,Inventory % pen,inv_pen_pct,Product,percentage,FALSE,FALSE,FALSE,30,,FALSE,2534,2521,,,FALSE,,FALSE,{},TRUE,200,FALSE,FALSE
122,Stock to Sales Ratio,stock_to_sales_ratio,Product,int,FALSE,FALSE,FALSE,31,,FALSE,2535,2516,,roundOfftoTwoDecimals,FALSE,,FALSE,{},TRUE,200,FALSE,FALSE
122,Weeks on Hand,weeks_oh,Inventory,int,FALSE,FALSE,FALSE,32,,FALSE,2536,2521,,roundOfftoTwoDecimals,FALSE,,FALSE,{},TRUE,200,FALSE,FALSE
122,Inventory Build,inv_build,Inventory,int,FALSE,FALSE,FALSE,33,,FALSE,2537,2521,,roundOfftoTwoDecimals,FALSE,,FALSE,{},TRUE,200,FALSE,FALSE
122,In Stock %,available_stores_percentage,Inventory,percentage,FALSE,FALSE,FALSE,33,,FALSE,2539,,,,FALSE,,FALSE,{},TRUE,200,FALSE,FALSE
122,Brand,brand,Product,str,FALSE,FALSE,FALSE,20.2,FALSE,FALSE,321467,,,,FALSE,,TRUE,{},TRUE,200,FALSE,FALSE
122,Pack ID,pack_type_id,Inventory,str,FALSE,FALSE,FALSE,5.8,,FALSE,325351,,,,FALSE,,FALSE,{},FALSE,200,FALSE,FALSE
122,Vendor Case Pack Quantity,case_pack_qty,Inventory,str,FALSE,FALSE,FALSE,5.9,,FALSE,325352,,,,FALSE,,TRUE,{},TRUE,200,FALSE,FALSE
122,Supersede Flag,supersede_flag,Product,str,FALSE,FALSE,FALSE,53,FALSE,FALSE,122001,,,,FALSE,,TRUE,{},TRUE,200,FALSE,FALSE
122,Model Description,model_description,Product,str,FALSE,FALSE,FALSE,4.0,FALSE,FALSE,"551081",,,,FALSE,,TRUE,{},TRUE,200,FALSE,FALSE
130,Material Number,article,Product,str,True,False,False,1.0,False,False,65001,,,,False,,True,"{""infiniteScrollingLoader"": true, ""isLevelPresent"": true, ""levelName"": ""article_store"", ""report_type"": ""store_stock_drilldown""} ",False,200,False,False
130,Store Attributes,Store Attributes,Store,str,False,False,False,2.0,False,False,65002,,,,False,,False,"{""clusteredCols"":true}",False,200,False,False
130,Country,country,Store,str,False,False,False,2.1,False,False,65003,65002,,,False,,TRUE,"{""displayClusteredCol"":true}",False,200,False,False
130,Channel,channel,Store,str,False,False,False,2.3,False,False,65005,65002,,,False,,False,{},False,200,False,False
130,Store Code,retail_facility_code,Store,str,False,False,False,2.4,False,False,65006,65002,,,False,,TRUE,{},False,200,False,False
130,Store Name,store_name,Store,str,False,False,False,2.5,False,False,65007,65002,,,False,,TRUE,{},TRUE,200,False,False
130,Financial Zone,financial_zone,Store,str,False,False,False,2.6,False,False,65008,65002,,,False,,False,{},False,200,False,False
130,Store Currency,currency_cd,Store,str,False,False,False,2.7,False,False,3213220900,65002,,,False,,False,{},False,200,False,False
130,Product Hierarchy,Product Hierarchy,product,str,False,False,False,3.0,False,False,65009,,,,False,,False,"{""clusteredCols"":true}",False,200,False,False
130,Group Division,l0_name,product,str,False,False,False,3.1,False,False,65010,65009,,,False,,True,"{""displayClusteredCol"":true}",False,200,False,False
130,Division,l1_name,product,str,False,False,False,3.3,False,False,65012,65009,,,False,,True,{},False,200,False,False
130,Department,l2_name,product,str,False,False,False,3.4,False,False,65013,65009,,,False,,True,{},False,200,False,False
130,Sub Department,l3_name,product,str,False,False,False,3.5,False,False,65014,65009,,,False,,True,{},False,200,False,False
130,Class,l4_name,product,str,False,False,False,3.6,False,False,65015,65009,,,False,,True,{},False,200,False,False
130,Product Attribute,Product Attribute,product,str,False,False,False,4.0,False,False,65016,,,,False,,False,"{""clusteredCols"":true}",False,200,False,False
130,Brand,brand,product,str,False,False,False,4.1,False,False,65017,65016,,,False,,True,"{""displayClusteredCol"":true}",False,200,False,False
130,Style Color ID,style_color_id,product,str,False,False,False,4.3,False,False,65019,65016,,,False,,True,{},False,200,False,False
130,Style Description,product_description,Store,str,False,False,False,4.4,False,False,65020,65016,,,False,,True,{},False,200,False,False
130,Model Description,model_description,Product,str,false,false,false,4.5,false,false,65021,65016,,,false,,true,"{}",false,200,false,false
130,Supersede Flag,supersede_flag,Product,str,False,False,False,4.6,,False,65022,65016,,,False,,True,{},False,200,False,False
130,Store Inventory,Store Inventory,product,str,False,False,False,5.0,False,False,65023,,,,False,,False,"{""clusteredCols"":true}",False,200,False,False
130,On Hand,oh,store,int,False,False,False,5.1,False,False,65024,65023,,,False,,False,"{}",False,200,False,False
130,On Order,oo,store,int,False,False,False,5.3,False,False,65026,65023,,,False,,False,{},False,200,False,False
130,In Transit,it,store,int,False,False,False,5.4,False,False,65027,65023,,,False,,False,{},False,200,False,False
130,Total Inventory,tot_inv,store,int,False,False,False,5.5,False,False,65028,65023,,,False,,False,"{""displayClusteredCol"":true}",False,200,False,False
130,Inventory Health Metrics,Inventory Health Metrics,product,str,False,False,False,6.0,False,False,65029,,,,False,,False,"{""clusteredCols"":true}",False,200,False,False
130,Min Stock Ratio,min_stock_ratio,store,int,False,False,False,6.1,False,False,65030,65029,,,False,,False,"{""displayClusteredCol"":true}",False,200,False,False
130,Min Supply Ratio,min_supply_ratio,store,int,False,False,False,6.3,False,False,65032,65029,,,False,,False,{},False,200,False,False
130,DC Inventory,dc_inventory,product,str,False,False,False,7.0,False,False,65033,,,,False,,False,"{""clusteredCols"":true}",False,200,False,False
130,Constraints Metrics,Constraints Metrics,product,str,False,False,False,8.0,False,False,65035,,,,False,,False,"{""clusteredCols"":true}",False,200,False,False
130,Min Constraint,min_constraints,store,int,False,False,False,8.1,False,False,65036,65035,,,False,,False,"{""displayClusteredCol"":true}",False,200,False,False
130,Max Constraint,max_constraints,store,int,False,False,False,8.3,False,False,65038,65035,,,False,,False,{},False,200,False,False
130,TWOS,twos,store,int,False,False,False,8.4,False,False,65039,65035,,,False,,False,{},False,200,False,False
130,Sales Metrics,Sales Metrics,product,str,False,False,False,9.0,False,False,65040,,,,False,,False,"{""clusteredCols"":true}",False,200,False,False
130,WTD Sales Unit,week_to_date_sales_units,store,int,False,False,False,9.1,False,False,650036,65040,,,False,,False,"{""displayClusteredCol"":true}",False,200,False,False
130,1 Week Ago Sales Units,one_week_ago_sales_units,store,int,False,False,False,9.3,False,False,65041,65040,,,False,,False,{},False,200,False,False
130,Last 3 W Sales Units,three_week_ago_sales_units,store,int,False,False,False,9.4,False,False,65042,65040,,,False,,False,{},False,200,False,False
130,Last 4 W Sales Units,four_week_ago_sales_units,store,int,False,False,False,9.5,False,False,65043,65040,,,False,,False,{},False,200,False,False
130,Demand Metrics,Demand Metrics,product,str,False,False,False,10.0,False,False,65044,,,,False,,False,"{""clusteredCols"":true}",False,200,False,False
130,Capped Demand,capped_demand,store,int,False,False,False,10.1,False,False,65045,65044,,,False,,False,"{""displayClusteredCol"":true}",False,200,False,False
130,Estimated Demand,estimated_demand,store,int,False,False,False,10.3,False,False,65047,65044,,,False,,False,{},False,200,False,False
130,Floorset Date,floorset_date,store,date,False,False,False,11.0,False,False,65048,,,,False,,False,"{""clusteredCols"":true}",False,200,False,False
131,Material Number,article,Product,str,True,False,False,1.0,False,False,75001,,,,False,,True,"{""infiniteScrollingLoader"": true, ""isLevelPresent"": true, ""levelName"": ""product_store"", ""report_type"": ""store_stock_drilldown""} ",False,200,False,False
131,Store Attributes,Store Attributes,Store,str,False,False,False,2.0,False,False,75002,,,,False,,False,"{""clusteredCols"":true}",False,200,False,False
131,Country,country,Store,str,False,False,False,2.1,False,False,75003,75002,,,False,,TRUE,"{""displayClusteredCol"":true}",False,200,False,False
131,Channel,channel,Store,str,False,False,False,2.3,False,False,75005,75002,,,False,,False,{},False,200,False,False
131,Store Code,retail_facility_code,Store,str,False,False,False,2.4,False,False,75006,75002,,,False,,TRUE,{},False,200,False,False
131,Store Name,store_name,Store,str,False,False,False,2.5,False,False,75007,75002,,,False,,TRUE,{},False,200,False,False
131,Financial Zone,financial_zone,Store,str,False,False,False,2.6,False,False,75008,75002,,,False,,False,{},False,200,False,False
131,Store Currency,currency_cd,Store,str,False,False,False,2.7,False,False,3213220901,75002,,,False,,False,{},False,200,False,False
131,Product Hierarchy,Product Hierarchy,product,str,False,False,False,3.0,False,False,75009,,,,False,,False,"{""clusteredCols"":true}",False,200,False,False
131,Group Division,l0_name,product,str,False,False,False,3.1,False,False,75010,75009,,,False,,True,"{""displayClusteredCol"":true}",False,200,False,False
131,Division,l1_name,product,str,False,False,False,3.3,False,False,75012,75009,,,False,,True,{},False,200,False,False
131,Department,l2_name,product,str,False,False,False,3.4,False,False,75013,75009,,,False,,True,{},False,200,False,False
131,Sub Department,l3_name,product,str,False,False,False,3.5,False,False,75014,75009,,,False,,True,{},False,200,False,False
131,Class,l4_name,product,str,False,False,False,3.6,False,False,75015,75009,,,False,,True,{},False,200,False,False
131,Size,size,product,str,False,False,False,3.7,False,False,75049,75009,,,False,,True,{},False,200,False,False
131,UPC,upc,product,str,False,False,False,3.8,False,False,75050,75009,,,False,,True,{},False,200,False,False
131,Product Code,product_code,product,str,False,False,False,3.9,False,False,75051,75009,,,False,,True,{},False,200,False,False
131,Product Attribute,Product Attribute,product,str,False,False,False,4.0,False,False,75016,,,,False,,False,"{""clusteredCols"":true}",False,200,False,False
131,Brand,brand,product,str,False,False,False,4.1,False,False,75017,75016,,,False,,True,"{""displayClusteredCol"":true}",False,200,False,False
131,Style Color ID,style_color_id,product,str,False,False,False,4.3,False,False,75019,75016,,,False,,True,{},False,200,False,False
131,Style Description,product_description,Store,str,False,False,False,4.4,False,False,75020,75016,,,False,,True,{},False,200,False,False
131,Model Description,model_description,Product,str,false,false,false,4.5,false,false,75021,75016,,,false,,true,"{}",false,200,false,false
131,Supersede Flag,supersede_flag,Product,str,False,False,False,4.6,,False,75022,75016,,,False,,True,{},False,200,False,False
131,Store Inventory,Store Inventory,product,str,False,False,False,5.0,False,False,75023,,,,False,,False,"{""clusteredCols"":true}",False,200,False,False
131,On Hand,oh,store,int,False,False,False,5.1,False,False,75024,75023,,,False,,False,"{}",False,200,False,False
131,On Order,oo,store,int,False,False,False,5.3,False,False,75026,75023,,,False,,False,{},False,200,False,False
131,In Transit,it,store,int,False,False,False,5.4,False,False,75027,75023,,,False,,False,{},False,200,False,False
131,Total Inventory,tot_inv,store,int,False,False,False,5.5,False,False,75028,75023,,,False,,False,"{""displayClusteredCol"":true}",False,200,False,False
131,Inventory Health Metrics,Inventory Health Metrics,product,str,False,False,False,6.0,False,False,75029,,,,False,,False,"{""clusteredCols"":true}",False,200,False,False
131,Min Stock Ratio,min_stock_ratio,store,int,False,False,False,6.1,False,False,75030,75029,,,False,,False,"{""displayClusteredCol"":true}",False,200,False,False
131,Min Supply Ratio,min_supply_ratio,store,int,False,False,False,6.3,False,False,75032,75029,,,False,,False,{},False,200,False,False
131,In Stock % Details,instock_pct_details,store,int,False,False,False,6.4,False,False,75052,75029,,,False,,False,{},False,200,False,False
131,Negative Store OH,negative_inventory_oh,store,str,False,False,False,6.5,False,False,75048,75029,,,False,,False,{},False,200,False,False
131,DC Inventory,dc_inventory,product,str,False,False,False,8.0,False,False,75033,,,,False,,False,"{""clusteredCols"":true}",False,200,False,False
131,Constraints Metrics,Constraints Metrics,product,str,False,False,False,9.0,False,False,75035,,,,False,,False,"{""clusteredCols"":true}",False,200,False,False
131,Min Constraint,min_constraints,store,int,False,False,False,9.1,False,False,75036,75035,,,False,,False,"{""displayClusteredCol"":true}",False,200,False,False
131,Max Constraint,max_constraints,store,int,False,False,False,9.3,False,False,75038,75035,,,False,,False,{},False,200,False,False
131,TWOS,twos,store,int,False,False,False,9.4,False,False,75039,75035,,,False,,False,{},False,200,False,False
131,Sales Metrics,Sales Metrics,product,str,False,False,False,10.0,False,False,75040,,,,False,,False,"{""clusteredCols"":true}",False,200,False,False
131,WTD Sales Unit,week_to_date_sales_units,store,int,False,False,False,10.1,False,False,75053,75040,,,False,,False,"{""displayClusteredCol"":true}",False,200,False,False
131,1 Week Ago Sales Units,one_week_ago_sales_units,store,int,False,False,False,10.3,False,False,75041,75040,,,False,,False,{},False,200,False,False
131,Last 3 W Sales Units,three_week_ago_sales_units,store,int,False,False,False,10.4,False,False,75042,75040,,,False,,False,{},False,200,False,False
131,Last 4 W Sales Units,four_week_ago_sales_units,store,int,False,False,False,10.5,False,False,75043,75040,,,False,,False,{},False,200,False,False
131,Demand Metrics,Demand Metrics,product,str,False,False,False,11.0,False,False,75044,,,,False,,False,"{""clusteredCols"":true}",False,200,False,False
131,Capped Demand,capped_demand,store,int,False,False,False,11.1,False,False,75045,75044,,,False,,False,"{""displayClusteredCol"":true}",False,200,False,False
131,Estimated Demand,estimated_demand,store,int,False,False,False,11.3,False,False,75047,75044,,,False,,False,{},False,200,False,False
132,Brand,brand,Inventory,str,FALSE,FALSE,FALSE,11.5,FALSE,FALSE,321323236,,,,FALSE,,TRUE,{},FALSE,200,FALSE,FALSE
132,Material Number,article,Inventory,str,TRUE,FALSE,FALSE,1,FALSE,FALSE,321323237,,,,FALSE,,TRUE,"{""infiniteScrollingLoader"": true,""isLevelPresent"": true,""levelName"": """", ""report_type"": ""dc_availability""}",FALSE,200,FALSE,FALSE
132,Style Color ID,style_color_id,Inventory,str,FALSE,FALSE,FALSE,3,FALSE,FALSE,321323238,,,,FALSE,,TRUE,{},FALSE,200,FALSE,FALSE
132,Division Number,l1_id,Inventory,str,FALSE,FALSE,FALSE,4,FALSE,FALSE,321323239,,,,FALSE,,TRUE,{},FALSE,200,FALSE,FALSE
132,Division,l1_name,Inventory,str,FALSE,FALSE,FALSE,5,FALSE,FALSE,321323240,,,,FALSE,,TRUE,{},FALSE,200,FALSE,FALSE
132,Department Number,l2_id,Inventory,str,FALSE,FALSE,FALSE,6,FALSE,FALSE,321323241,,,,FALSE,,TRUE,{},FALSE,200,FALSE,FALSE
132,Department,l2_name,Inventory,str,FALSE,FALSE,FALSE,7,FALSE,FALSE,321323242,,,,FALSE,,TRUE,{},FALSE,200,FALSE,FALSE
132,Sub Department Number,l3_id,Inventory,str,FALSE,FALSE,FALSE,8,FALSE,FALSE,321323243,,,,FALSE,,TRUE,{},FALSE,200,FALSE,FALSE
132,Sub Department,l3_name,Inventory,str,FALSE,FALSE,FALSE,9,FALSE,FALSE,321323244,,,,FALSE,,TRUE,{},FALSE,200,FALSE,FALSE
132,Class Number,l4_id,Inventory,str,FALSE,FALSE,FALSE,10,FALSE,FALSE,321323245,,,,FALSE,,TRUE,{},FALSE,200,FALSE,FALSE
132,Class,l4_name,Inventory,str,FALSE,FALSE,FALSE,11,FALSE,FALSE,321323246,,,,FALSE,,TRUE,{},FALSE,200,FALSE,FALSE
132,Style Number,style,Inventory,str,FALSE,FALSE,FALSE,12,FALSE,FALSE,321323247,,,,FALSE,,TRUE,{},FALSE,200,FALSE,FALSE
132,Style Description,product_description,Inventory,str,FALSE,FALSE,FALSE,14,FALSE,FALSE,321323248,,,,FALSE,,TRUE,{},FALSE,200,FALSE,FALSE
132,Size,size,Inventory,str,FALSE,FALSE,FALSE,15,FALSE,FALSE,321323249,,,,FALSE,,TRUE,{},FALSE,200,FALSE,FALSE
132,Size Name,size_name,Inventory,str,TRUE,FALSE,FALSE,16,FALSE,FALSE,321323250,,,,FALSE,,TRUE,{},FALSE,200,FALSE,FALSE
132,Source WHSE,dc_name,Inventory,str,TRUE,FALSE,FALSE,17,FALSE,FALSE,321323251,,,,FALSE,,FALSE,{},FALSE,200,FALSE,FALSE
132,Instock %,instock_pct,Inventory,percentage,FALSE,FALSE,FALSE,18,FALSE,FALSE,321323252,,,,FALSE,,FALSE,"{""multiplier"":""true""}",FALSE,200,FALSE,FALSE
132,Instock % Details,instock_pct_details,Inventory,percentage,FALSE,FALSE,FALSE,18,FALSE,FALSE,321323253,,,,FALSE,,FALSE,"{""multiplier"":""true""}",FALSE,200,FALSE,FALSE
132,Channel,channel,Inventory,str,FALSE,FALSE,FALSE,19,FALSE,FALSE,321323254,,,,FALSE,,TRUE,{},FALSE,200,FALSE,FALSE
132,Store On Hand,oh,Inventory,int,FALSE,FALSE,FALSE,20,FALSE,FALSE,321323255,,,,FALSE,,FALSE,{},FALSE,200,FALSE,FALSE
132,Store Group,sg_name,Inventory,str,FALSE,FALSE,FALSE,21,FALSE,FALSE,321323256,,,,FALSE,,FALSE,{},FALSE,200,FALSE,FALSE
132,Current Available to Allocate,current_available_quantity,Inventory,int,FALSE,FALSE,FALSE,22,FALSE,FALSE,321323257,,,,FALSE,,FALSE,{},FALSE,200,FALSE,FALSE
132,User Reserved,reserved_quantity,Inventory,int,FALSE,FALSE,FALSE,25,FALSE,FALSE,321323265,,,,FALSE,,FALSE,{},FALSE,200,FALSE,FALSE
132,Allocated Quantity,allocated_quantity,Inventory,int,FALSE,FALSE,FALSE,26,FALSE,FALSE,321323266,,,,FALSE,,FALSE,{},FALSE,200,FALSE,FALSE
132,Pack ID,pack_type_id,Inventory,str,FALSE,FALSE,FALSE,4,,FALSE,321553,,,,FALSE,,FALSE,{},FALSE,200,FALSE,FALSE
132,Supersede Flag,supersede_flag,Product,str,FALSE,FALSE,FALSE,24,FALSE,FALSE,321188,,,,FALSE,,TRUE,{},FALSE,200,FALSE,FALSE
132,Model Description,model_description,Product,str,FALSE,FALSE,FALSE,14.5,FALSE,FALSE,"3213232481",,,,FALSE,,TRUE,{},FALSE,200,FALSE,FALSE
132,New Material,new_article,Inventory,str,False,False,False,27.0,False,False,321323290,,,,False,,True,{},FALSE,200,False,False
132,Old Material,old_article,Inventory,str,False,False,False,28.0,False,False,321323291,,,,False,,True,{},FALSE,200,False,False
132,Active,active,Product,str,False,False,False,29.0,False,False,321323292,,,,False,,True,{},FALSE,200,False,False
133,Material Number,article,Inventory,str,TRUE,FALSE,FALSE,1,FALSE,FALSE,321323267,,,,FALSE,,TRUE,{},TRUE,200,FALSE,FALSE
133,Style Description,product_description,Inventory,str,FALSE,FALSE,FALSE,2,FALSE,FALSE,321323270,,,,FALSE,,TRUE,{},TRUE,200,FALSE,FALSE
133,Style Color Code,style_color_id,Inventory,str,FALSE,FALSE,FALSE,3,FALSE,FALSE,321323269,,,,FALSE,,TRUE,{},TRUE,200,FALSE,FALSE
133,Group Division,l0_name,Inventory,str,FALSE,FALSE,FALSE,4,FALSE,FALSE,321323275,,,,FALSE,,TRUE,{},TRUE,200,FALSE,FALSE
133,Division,l1_name,Inventory,str,FALSE,FALSE,FALSE,5,FALSE,FALSE,321323272,,,,FALSE,,TRUE,{},TRUE,200,FALSE,FALSE
133,Department,l2_name,Inventory,str,FALSE,FALSE,FALSE,6,FALSE,FALSE,321323271,,,,FALSE,,TRUE,{},TRUE,200,FALSE,FALSE
133,Sub Department,l3_name,Inventory,str,FALSE,FALSE,FALSE,7,FALSE,FALSE,321323273,,,,FALSE,,TRUE,{},TRUE,200,FALSE,FALSE
133,Class,l4_name,Inventory,str,FALSE,FALSE,FALSE,8,FALSE,FALSE,321323274,,,,FALSE,,TRUE,{},TRUE,200,FALSE,FALSE
133,Actuals,overall_actuals,Inventory,float,FALSE,FALSE,FALSE,10,FALSE,FALSE,321323276,,,roundOfftoTwoDecimals,FALSE,,FALSE,{},FALSE,200,FALSE,FALSE
133,IA Forecast,overall_ia_forecast,Inventory,float,FALSE,FALSE,FALSE,11,FALSE,FALSE,321323277,,,roundOfftoTwoDecimals,FALSE,,FALSE,{},FALSE,200,FALSE,FALSE
133,Variance% [(Act/Frct) -1],varience_percentage,Inventory,str,FALSE,FALSE,FALSE,12,FALSE,FALSE,321323278,,,,FALSE,,FALSE,{},FALSE,200,FALSE,FALSE
133,Bias Type,bias_type,Inventory,str,FALSE,FALSE,FALSE,13,FALSE,FALSE,321323285,,,,FALSE,,FALSE,{},FALSE,200,FALSE,FALSE
133,Brand,brand,Product,str,FALSE,FALSE,FALSE,9,FALSE,FALSE,321489,,,,FALSE,,TRUE,{},FALSE,200,FALSE,FALSE
133,Model Description,model_description,Product,str,FALSE,FALSE,FALSE,2.5,FALSE,FALSE,"3213232701",,,,FALSE,,TRUE,{},FALSE,200,FALSE,FALSE
147,New Product Code,new_product_code,Inventory,str,FALSE,FALSE,FALSE,1,,FALSE,321143,,,,FALSE,,FALSE,{},FALSE,210,FALSE,FALSE
147,New Material Size,new_style_size,Inventory,str,FALSE,FALSE,FALSE,2,,FALSE,321144,,,,FALSE,,FALSE,{},FALSE,210,FALSE,FALSE
147,Old Product Code,old_product_code,Inventory,str,FALSE,FALSE,FALSE,4,,FALSE,321145,,,,FALSE,,FALSE,{},FALSE,210,FALSE,FALSE
147,Old Material Size,old_style_size,Inventory,str,FALSE,FALSE,FALSE,5,,FALSE,321146,,,,FALSE,,FALSE,{},FALSE,210,FALSE,FALSE
147,New Material,new_article,Inventory,str,FALSE,FALSE,FALSE,3,,FALSE,322016,,,,FALSE,,FALSE,{},FALSE,200,FALSE,FALSE
147,Old Material,old_article,Inventory,str,FALSE,FALSE,FALSE,6,,FALSE,322017,,,,FALSE,,FALSE,{},FALSE,200,FALSE,FALSE
147,New Size Name,new_size_name,Inventory,str,FALSE,FALSE,FALSE,7,,FALSE,322023,,,,FALSE,,FALSE,{},FALSE,200,FALSE,FALSE
147,Old Size Name,old_size_name,Inventory,str,FALSE,FALSE,FALSE,8,,FALSE,322024,,,,FALSE,,FALSE,{},FALSE,200,FALSE,FALSE
148,Material Number,article,Product,str,FALSE,FALSE,FALSE,1,FALSE,FALSE,321121,,,,FALSE,,TRUE,{},TRUE,200,FALSE,FALSE
148,Store Code,retail_facility_code,Product,str,FALSE,FALSE,FALSE,2,FALSE,FALSE,321122,,,,FALSE,,TRUE,{},TRUE,200,FALSE,FALSE
148,Inventory Source,inv_source_flag,Product,list,FALSE,TRUE,FALSE,3,FALSE,FALSE,321123,,,,FALSE,,FALSE,"{""options"": [{""label"": ""RFID Inv."", ""value"": ""1""}, {""label"": ""Book Inv."", ""value"": ""0""}]}",FALSE,200,FALSE,FALSE
148,Updated By,user,Store,str,FALSE,FALSE,FALSE,5,FALSE,FALSE,321224,,,,FALSE,,TRUE,{},TRUE,200,FALSE,FALSE
148,Updated At,updated_at,Store,datetime,FALSE,FALSE,FALSE,4,FALSE,FALSE,3212242,,,,FALSE,,TRUE,{},TRUE,200,FALSE,FALSE
148,Book Store On Hand,book_inv,Product,str,FALSE,FALSE,FALSE,7,FALSE,FALSE,321229,,,,FALSE,,FALSE,{},TRUE,200,FALSE,FALSE
148,RFID Store On Hand,rfid_inv,Product,str,FALSE,FALSE,FALSE,8,FALSE,FALSE,321230,,,,FALSE,,FALSE,{},TRUE,200,FALSE,FALSE
148,Store Currency,currency_cd,Store,str,FALSE,FALSE,TRUE,2.5,FALSE,FALSE,321608,,,,FALSE,,TRUE,{},FALSE,200,FALSE,FALSE
148,Group Division,l0_name,Product,str,FALSE,FALSE,FALSE,1.3,FALSE,FALSE,321463,,,,FALSE,,TRUE,{},FALSE,200,FALSE,FALSE
148,Class,l4_name,Product,str,FALSE,FALSE,FALSE,1.7,FALSE,FALSE,148002,,,,FALSE,,TRUE,{},TRUE,200,FALSE,FALSE
148,Department,l2_name,Product,str,FALSE,FALSE,FALSE,1.5,FALSE,FALSE,321465,,,,FALSE,,TRUE,{},TRUE,200,FALSE,FALSE
148,Division,l1_name,Product,str,FALSE,FALSE,FALSE,1.4,FALSE,FALSE,321464,,,,FALSE,,TRUE,{},TRUE,200,FALSE,FALSE
148,Style Color Id,style_color_id,Product,str,FALSE,FALSE,FALSE,1.1,FALSE,FALSE,321461,,,,FALSE,,TRUE,{},FALSE,200,FALSE,FALSE
148,Style Description,product_description,Product,str,True,False,False,1.2,False,False,321462,,,,False,,True,{},True,200,False,False
148,Sub-Department,l3_name,Product,str,FALSE,FALSE,FALSE,1.6,FALSE,FALSE,148003,,,,FALSE,,TRUE,{},FALSE,200,FALSE,FALSE
148,Supersede Flag,supersede_flag,Product,str,FALSE,FALSE,FALSE,6,,FALSE,148001,,,,FALSE,,TRUE,{},TRUE,200,FALSE,FALSE
148,Model Description,model_description,Product,str,FALSE,FALSE,FALSE,1.25,FALSE,FALSE,"3214621",,,,FALSE,,TRUE,{},TRUE,200,FALSE,FALSE
149,Allocation Plan Name,name,Inventory,str,TRUE,FALSE,FALSE,1,FALSE,FALSE,682,,,,FALSE,,TRUE,{},TRUE,200,FALSE,FALSE
149,Allocation ID,plan_code,Inventory,str,TRUE,FALSE,FALSE,1,FALSE,FALSE,321215,,,,FALSE,,TRUE,{},TRUE,200,FALSE,FALSE
149,Material Number,article,Inventory,str,FALSE,FALSE,FALSE,2,FALSE,FALSE,683,,,,FALSE,,FALSE,{},TRUE,200,FALSE,FALSE
149,Inventory Source,inventory_source,Inventory,list,FALSE,FALSE,FALSE,3,FALSE,FALSE,684,,,,FALSE,,FALSE,{},TRUE,200,FALSE,FALSE
149,Created By,created_by,Inventory,str,FALSE,FALSE,FALSE,4,FALSE,FALSE,685,,,,FALSE,,TRUE,{},TRUE,200,FALSE,FALSE
149,Created On,created_at,Inventory,date,FALSE,FALSE,FALSE,5,FALSE,FALSE,686,,,DD-MM-YYYY,FALSE,,TRUE,"{""displayDateFormat"":""DD-MM-YYYY""}",TRUE,200,FALSE,FALSE
149,Status,status,Inventory,str,FALSE,FALSE,FALSE,6,FALSE,FALSE,689,,,,FALSE,,FALSE,{},TRUE,200,FALSE,FALSE
149,# Materials,no_allocated_articles,Inventory,int,FALSE,FALSE,FALSE,8,FALSE,FALSE,2446,,,,FALSE,,FALSE,{},TRUE,200,FALSE,FALSE
149,# Stores,no_stores_allocated,Inventory,int,FALSE,FALSE,FALSE,9,FALSE,FALSE,2447,,,,FALSE,,FALSE,{},TRUE,200,FALSE,FALSE
151,New Material Size,new_style_size,Inventory,str,FALSE,FALSE,FALSE,1,,FALSE,321069,,,,FALSE,,FALSE,{},FALSE,210,FALSE,FALSE
151,Old Product Code,old_product_code_num_arr,Inventory,str,FALSE,FALSE,FALSE,2,,FALSE,321070,,,,FALSE,,FALSE,{},FALSE,210,FALSE,FALSE
151,New Product Code,new_product_code,Inventory,str,FALSE,FALSE,FALSE,3,,FALSE,321071,,,,FALSE,,FALSE,{},FALSE,210,FALSE,FALSE
151,Old Material Size,old_product_code,Inventory,dynamic-list,FALSE,TRUE,FALSE,4,,FALSE,321072,,,,FALSE,,FALSE,"{""options_column"": ""old_product_code_options"", ""is_clearable"": true, ""is_multi"": true}",FALSE,210,FALSE,FALSE
152,Material Number,article,Inventory,str,TRUE,FALSE,FALSE,1,FALSE,FALSE,6008,,,,FALSE,,TRUE,"{""isLevelPresent"": true, ""levelName"": ""store""}",FALSE,200,FALSE,FALSE
152,Style Description,product_description,Product,str,TRUE,FALSE,FALSE,2,FALSE,FALSE,55132,,,,FALSE,,TRUE,{},FALSE,200,FALSE,FALSE
152,Color,color,Product,str,TRUE,FALSE,FALSE,3,FALSE,FALSE,55133,,,,FALSE,,TRUE,{},FALSE,200,FALSE,FALSE
152,Style Color Id,style_color_id,Inventory,str,TRUE,FALSE,FALSE,3.1,FALSE,FALSE,23,,,,FALSE,,TRUE,"{""width"": 220}",FALSE,200,FALSE,FALSE
152,Group Division,l0_name,Inventory,str,FALSE,FALSE,FALSE,4,FALSE,FALSE,6013,,,,FALSE,,TRUE,{},FALSE,200,FALSE,FALSE
152,Division,l1_name,Inventory,str,FALSE,FALSE,FALSE,5,FALSE,FALSE,2602,,,,FALSE,,TRUE,{},FALSE,200,FALSE,FALSE
152,Department,l2_name,Inventory,str,FALSE,FALSE,FALSE,6,FALSE,FALSE,90013,,,,FALSE,,TRUE,{},FALSE,200,FALSE,FALSE
152,Class,l4_name,Inventory,str,FALSE,FALSE,FALSE,7,FALSE,FALSE,55097,,,,FALSE,,TRUE,{},FALSE,200,FALSE,FALSE
152,Product Type,article_status_tag,Inventory,str,FALSE,FALSE,FALSE,8,FALSE,FALSE,55121,,,,FALSE,,TRUE,{},FALSE,220,FALSE,FALSE
152,Subdepartment,l3_name,Inventory,str,FALSE,FALSE,FALSE,9,FALSE,FALSE,90014,,,,FALSE,,TRUE,{},FALSE,200,FALSE,FALSE
152,Store Number,retail_facility_code,Inventory,str,FALSE,FALSE,FALSE,10,FALSE,FALSE,6019,,,,FALSE,,TRUE,{},FALSE,150,FALSE,FALSE
152,Size,size,Inventory,str,FALSE,FALSE,FALSE,11,FALSE,FALSE,55093,,,,FALSE,,TRUE,{},FALSE,200,FALSE,FALSE
152,Store Name,store_name,Inventory,str,FALSE,FALSE,FALSE,12,FALSE,FALSE,6020,,,,FALSE,,TRUE,{},FALSE,200,FALSE,FALSE
152,Store Grade,store_grade,Inventory,str,FALSE,FALSE,FALSE,13,FALSE,FALSE,6021,,,,FALSE,,TRUE,{},FALSE,170,FALSE,FALSE
152,Min Constraint ,min_store,Inventory,int,FALSE,TRUE,FALSE,14,FALSE,FALSE,6051,,,,FALSE,,FALSE,{},FALSE,220,FALSE,FALSE
152,Max Constraint ,max_store,Inventory,int,FALSE,TRUE,FALSE,15,FALSE,FALSE,2062,,,,FALSE,,FALSE,{},FALSE,220,FALSE,FALSE
152,WOS,wos,Inventory,int,FALSE,TRUE,FALSE,16,FALSE,FALSE,2063,,,,FALSE,,FALSE,{},FALSE,170,FALSE,FALSE
152,Updated By,updated_by,Inventory,str,FALSE,FALSE,FALSE,17,FALSE,FALSE,2064,,,,FALSE,,FALSE,{},FALSE,200,FALSE,FALSE
152,Last Modified,updated_at,Inventory,datetime,FALSE,FALSE,FALSE,18,FALSE,FALSE,2065,,,DD-MM-YYYY HH:mm:ss,FALSE,,FALSE,{},FALSE,200,FALSE,FALSE
152,Brand,brand,Product,str,FALSE,FALSE,FALSE,7.5,FALSE,FALSE,321480,,,,FALSE,,TRUE,{},FALSE,200,FALSE,FALSE
152,Store Currency,currency_cd,Store,str,FALSE,FALSE,TRUE,13.5,FALSE,FALSE,321601,,,,FALSE,,TRUE,{},FALSE,200,FALSE,FALSE
152,Supersede Flag,supersede_flag,Product,str,FALSE,FALSE,FALSE,19,FALSE,FALSE,321011,,,,FALSE,,TRUE,{},FALSE,200,FALSE,FALSE
152,Is Uploaded?,upload_flag,Product,str,FALSE,FALSE,FALSE,19,,FALSE,12354,,,,FALSE,,FALSE,{},FALSE,200,FALSE,FALSE
152,Model Description,model_description,Product,str,FALSE,FALSE,FALSE,2.5,FALSE,FALSE,"551321",,,,FALSE,,TRUE,{},FALSE,200,FALSE,FALSE
154,Vendor ID,vendor_code,vendor,int,FALSE,FALSE,FALSE,1,FALSE,FALSE,5500,,,,FALSE,,FALSE,{},TRUE,200,FALSE,FALSE
154,Vendor Name,vendor_name,vendor,str,FALSE,FALSE,FALSE,2,FALSE,FALSE,5501,,,,FALSE,,TRUE,{},TRUE,200,FALSE,FALSE
154,Group Division,l0_name,vendor,str,FALSE,FALSE,FALSE,4,FALSE,FALSE,5503,,,,FALSE,,TRUE,{},TRUE,200,FALSE,FALSE
154,Division,l1_name,vendor,str,FALSE,FALSE,FALSE,5,FALSE,FALSE,5504,,,,FALSE,,TRUE,{},TRUE,200,FALSE,FALSE
154,Department,l2_name,vendor,str,FALSE,FALSE,FALSE,6,FALSE,FALSE,5505,,,,FALSE,,TRUE,{},TRUE,200,FALSE,FALSE
154,Style,style,vendor,str,FALSE,FALSE,FALSE,7,FALSE,FALSE,5507,,,,FALSE,,TRUE,{},TRUE,200,FALSE,FALSE
154,Status,status,vendor,list,FALSE,TRUE,FALSE,8,FALSE,FALSE,5509,,,,FALSE,,TRUE,{},TRUE,200,FALSE,FALSE
154,Preferred Status,preferred_status,vendor,list,FALSE,TRUE,FALSE,9,FALSE,FALSE,5510,,,,FALSE,,TRUE,{},TRUE,200,FALSE,FALSE
155,Old Material,old_products,Product,str,FALSE,FALSE,FALSE,1,FALSE,TRUE,321045,,,,FALSE,,FALSE,{},FALSE,200,FALSE,FALSE
155,Material Number,old_article,Product,str,FALSE,FALSE,FALSE,2,FALSE,TRUE,321046,321045,,,FALSE,,TRUE,{},TRUE,200,FALSE,FALSE
155,Style Description,old_product_description,Product,str,FALSE,FALSE,FALSE,3,FALSE,TRUE,321047,321045,,,FALSE,,TRUE,{},TRUE,200,FALSE,FALSE
155,Style Color Id,old_style_color_id,Product,str,FALSE,FALSE,FALSE,4,FALSE,TRUE,321048,321045,,,FALSE,,TRUE,{},TRUE,200,FALSE,FALSE
155,Group Division,old_l0_name,Product,str,FALSE,FALSE,FALSE,5,FALSE,TRUE,321049,321045,,,FALSE,,TRUE,{},TRUE,200,FALSE,FALSE
155,Division,old_l1_name,Product,str,FALSE,FALSE,FALSE,6,FALSE,TRUE,321050,321045,,,FALSE,,TRUE,{},TRUE,200,FALSE,FALSE
155,Department,old_l2_name,Product,str,FALSE,FALSE,FALSE,7,FALSE,TRUE,321051,321045,,,FALSE,,TRUE,{},TRUE,200,FALSE,FALSE
155,Sub-Department,old_l3_name,Product,str,FALSE,FALSE,FALSE,8,FALSE,TRUE,321052,321045,,,FALSE,,TRUE,{},TRUE,200,FALSE,FALSE
155,Class,old_l4_name,Product,str,FALSE,FALSE,FALSE,9,FALSE,TRUE,321130,321045,,,FALSE,,TRUE,{},TRUE,200,FALSE,FALSE
155,Brand,old_brand,Product,str,FALSE,FALSE,FALSE,9.5,FALSE,FALSE,155001,321045,,,FALSE,,FALSE,{},FALSE,200,FALSE,FALSE
155,Mapped Sizes,mapped_sizes,Product,link,FALSE,TRUE,FALSE,10,FALSE,TRUE,321053,321045,,,FALSE,,FALSE,{},FALSE,250,FALSE,FALSE
155,New Material,new_products,Product,str,FALSE,FALSE,FALSE,11,FALSE,TRUE,321054,,,,FALSE,,FALSE,{},FALSE,200,FALSE,FALSE
155,Material Number,new_article,Product,str,False,False,False,12.0,False,True,321055,321054,,,False,,True,{},True,200,False,False
155,Style Description,new_product_description,Product,str,False,False,False,13.0,False,True,321056,321054,,,False,,True,{},True,200,False,False
155,Style Color Id,new_style_color_id,Product,str,False,False,False,14.0,False,True,321057,321054,,,False,,True,{},True,200,False,False
155,Group Division,new_l0_name,Product,str,False,False,False,15.0,False,True,321058,321054,,,False,,True,{},True,200,False,False
155,Division,new_l1_name,Product,str,False,False,False,16.0,False,True,321059,321054,,,False,,True,{},True,200,False,False
155,Department,new_l2_name,Product,str,False,False,False,17.0,False,True,321060,321054,,,False,,True,{},True,200,False,False
155,Sub-Department,new_l3_name,Product,str,False,False,False,18.0,False,True,321061,321054,,,False,,True,{},True,200,False,False
155,Class,new_l4_name,Product,str,False,False,False,19.0,False,True,321131,321054,,,False,,True,{},True,200,False,False
155,Brand,new_brand,Product,str,FALSE,FALSE,FALSE,19.1,FALSE,FALSE,155002,321054,,,FALSE,,FALSE,{},FALSE,200,FALSE,FALSE
155,Effective Date,effective_date,Product,date,FALSE,FALSE,FALSE,20,FALSE,TRUE,321062,,,DD-MM-YYYY,FALSE,,TRUE,"{""currentDateFormat"":""MM-DD-YYYY""}",TRUE,200,FALSE,FALSE
155,Priority Order,priority,Inventory,dynamic-list,FALSE,TRUE,FALSE,23,FALSE,FALSE,321142,,,,FALSE,,FALSE,"{""options_column"": ""priority_order_options"", ""is_clearable"": true}",TRUE,150,FALSE,FALSE
155,Model Description,old_model_description,Product,str,FALSE,FALSE,FALSE,3.5,FALSE,FALSE,"3210471","321045",,,FALSE,,TRUE,{},TRUE,200,FALSE,FALSE
155,Model Description,new_model_description,Product,str,FALSE,FALSE,FALSE,3.5,FALSE,FALSE,"3210472","321054",,,FALSE,,TRUE,{},TRUE,200,FALSE,FALSE
156,Material Number,article,Product,str,FALSE,FALSE,FALSE,1,FALSE,TRUE,321038,,,,FALSE,,TRUE,{},TRUE,200,FALSE,FALSE
156,Style Description,product_description,Product,str,FALSE,FALSE,FALSE,2,FALSE,TRUE,321039,,,,FALSE,,TRUE,{},TRUE,200,FALSE,FALSE
156,Style Color Id,style_color_id,Product,str,FALSE,FALSE,FALSE,3,FALSE,TRUE,321040,,,,FALSE,,TRUE,"{""width"": 220}",TRUE,200,FALSE,FALSE
156,Group Division,l0_name,Product,str,FALSE,FALSE,FALSE,4,FALSE,TRUE,321041,,,,FALSE,,TRUE,{},TRUE,200,FALSE,FALSE
156,Division,l1_name,Product,str,FALSE,FALSE,FALSE,5,FALSE,TRUE,321042,,,,FALSE,,TRUE,{},TRUE,200,FALSE,FALSE
156,Department,l2_name,Product,str,FALSE,FALSE,FALSE,6,FALSE,TRUE,321043,,,,FALSE,,TRUE,{},TRUE,200,FALSE,FALSE
156,Sub-Department,l3_name,Product,str,FALSE,FALSE,FALSE,7,FALSE,TRUE,321044,,,,FALSE,,TRUE,{},TRUE,200,FALSE,FALSE
156,Class,l4_name,Product,str,FALSE,FALSE,FALSE,8,FALSE,TRUE,321132,,,,FALSE,,TRUE,{},TRUE,200,FALSE,FALSE
156,Brand,brand,Product,str,FALSE,FALSE,FALSE,9,FALSE,FALSE,321702,,,,FALSE,,TRUE,{},TRUE,200,FALSE,FALSE
156,Model Description,model_description,Product,str,FALSE,FALSE,FALSE,2.5,FALSE,FALSE,"3210391",,,,FALSE,,TRUE,{},TRUE,200,FALSE,FALSE
157,Old Material,old_products,Product,str,FALSE,FALSE,FALSE,1,FALSE,TRUE,321021,,,,FALSE,,FALSE,{},FALSE,200,FALSE,FALSE
157,Material Number,article,Product,str,FALSE,FALSE,FALSE,2,FALSE,TRUE,321022,321021,,,FALSE,,TRUE,{},TRUE,200,FALSE,FALSE
157,Style Description,product_description,Product,str,FALSE,FALSE,FALSE,3,FALSE,TRUE,321023,321021,,,FALSE,,TRUE,{},TRUE,200,FALSE,FALSE
157,Style Color Id,style_color_id,Product,str,FALSE,FALSE,FALSE,4,FALSE,TRUE,321024,321021,,,FALSE,,TRUE,"{""width"": 220}",TRUE,200,FALSE,FALSE
157,Group Division,l0_name,Product,str,FALSE,FALSE,FALSE,5,FALSE,TRUE,321025,321021,,,FALSE,,TRUE,{},TRUE,200,FALSE,FALSE
157,Division,l1_name,Product,str,FALSE,FALSE,FALSE,6,FALSE,TRUE,321026,321021,,,FALSE,,TRUE,{},TRUE,200,FALSE,FALSE
157,Department,l2_name,Product,str,FALSE,FALSE,FALSE,7,FALSE,TRUE,321027,321021,,,FALSE,,TRUE,{},TRUE,200,FALSE,FALSE
157,Sub-Department,l3_name,Product,str,FALSE,FALSE,FALSE,8,FALSE,TRUE,321028,321021,,,FALSE,,TRUE,{},TRUE,200,FALSE,FALSE
157,Class,l4_name,Product,str,FALSE,FALSE,FALSE,9,FALSE,TRUE,321126,321021,,,FALSE,,TRUE,{},TRUE,200,FALSE,FALSE
157,New Material,new_products,Product,str,FALSE,FALSE,FALSE,10,FALSE,TRUE,321029,,,,FALSE,,FALSE,{},FALSE,200,FALSE,FALSE
157,Material Number,new_article,Product,str,FALSE,FALSE,FALSE,11,FALSE,TRUE,321030,321029,,,FALSE,,FALSE,{},FALSE,200,FALSE,FALSE
157,Effective Date,effective_date,Product,datetime,FALSE,TRUE,FALSE,19,FALSE,TRUE,321037,,,DD-MM-YYYY,FALSE,,FALSE,"{""displayDateFormat"": ""DD-MM-YYYY""}",FALSE,200,FALSE,FALSE
157,Delete,delete,Inventory,delete_icon,FALSE,TRUE,FALSE,20,FALSE,FALSE,321125,,,,FALSE,,FALSE,"{""showDeleteIcon"": ""is_edited""}",TRUE,150,FALSE,FALSE
157,Brand,new_brand,Product,str,FALSE,FALSE,FALSE,19.5,FALSE,FALSE,321703,321029,,,FALSE,,FALSE,{},FALSE,200,FALSE,FALSE
157,Style Description,new_product_description,Product,str,False,False,False,12.0,False,True,321031,321029,,,False,,False,{},False,200,False,False
157,Style Color Id,new_style_color_id,Product,str,False,False,False,13.0,False,True,321032,321029,,,False,,False,{},False,200,False,False
157,Group Division,new_l0_name,Product,str,False,False,False,14.0,False,True,321033,321029,,,False,,False,{},False,200,False,False
157,Division,new_l1_name,Product,str,False,False,False,15.0,False,True,321034,321029,,,False,,False,{},False,200,False,False
157,Department,new_l2_name,Product,str,False,False,False,16.0,False,True,321035,321029,,,False,,False,{},False,200,False,False
157,Sub-Department,new_l3_name,Product,str,False,False,False,17.0,False,True,321036,321029,,,False,,False,{},False,200,False,False
157,Class,new_l4_name,Product,str,False,False,False,18.0,False,True,321127,321029,,,False,,False,{},False,200,False,False
157,Brand,brand,Product,str,False,False,False,9.5,False,False,321474,321021,,,False,,True,{},True,200,False,False
157,Model Description,model_description,Product,str,FALSE,FALSE,FALSE,3.5,FALSE,FALSE,"3210231","321021",,,FALSE,,TRUE,{},TRUE,200,FALSE,FALSE
157,Model Description,new_model_description,Product,str,FALSE,FALSE,FALSE,12.5,FALSE,FALSE,"3210311","321029",,,FALSE,,FALSE,{},FALSE,200,FALSE,FALSE
158,Old Material,old_products,Product,str,FALSE,FALSE,FALSE,1,FALSE,TRUE,321001,,,,FALSE,,FALSE,"{""isLevelPresent"": true, ""levelName"": """"}",FALSE,200,FALSE,FALSE
158,Material Number,old_article,Product,str,FALSE,FALSE,FALSE,2,FALSE,TRUE,321002,321001,,,FALSE,,TRUE,{},TRUE,200,FALSE,FALSE
158,Style Description,old_product_description,Product,str,FALSE,FALSE,FALSE,3,FALSE,TRUE,321003,321001,,,FALSE,,FALSE,{},FALSE,200,FALSE,FALSE
158,Style Color Id,old_style_color_id,Product,str,FALSE,FALSE,FALSE,4,FALSE,TRUE,321004,321001,,,FALSE,,TRUE,"{""width"": 220}",FALSE,200,FALSE,FALSE
158,Group Division,old_l0_name,Product,str,FALSE,FALSE,FALSE,5,FALSE,TRUE,321005,321001,,,FALSE,,FALSE,{},FALSE,200,FALSE,FALSE
158,Division,old_l1_name,Product,str,FALSE,FALSE,FALSE,6,FALSE,TRUE,321006,321001,,,FALSE,,FALSE,{},FALSE,200,FALSE,FALSE
158,Department,old_l2_name,Product,str,FALSE,FALSE,FALSE,7,FALSE,TRUE,321007,321001,,,FALSE,,FALSE,{},FALSE,200,FALSE,FALSE
158,Sub-Department,old_l3_name,Product,str,FALSE,FALSE,FALSE,8,FALSE,TRUE,321008,321001,,,FALSE,,FALSE,{},FALSE,200,FALSE,FALSE
158,Class,old_l4_name,Product,str,FALSE,FALSE,FALSE,9,FALSE,TRUE,321128,321001,,,FALSE,,FALSE,{},FALSE,200,FALSE,FALSE
158,Mapped Sizes,mapped_sizes,Product,link,FALSE,TRUE,FALSE,10,FALSE,TRUE,321009,321001,,,FALSE,,FALSE,{},FALSE,250,FALSE,FALSE
158,New Material,new_products,Product,str,FALSE,FALSE,FALSE,11,FALSE,TRUE,321010,,,,FALSE,,FALSE,{},FALSE,200,FALSE,FALSE
149,Allocated Quantity,allocated_qty,Inventory,int,FALSE,FALSE,FALSE,3,FALSE,FALSE,321511,,,,FALSE,,TRUE,{},TRUE,200,FALSE,FALSE
149,Total,total_allocated_qty,Inventory,int,FALSE,FALSE,FALSE,3.3,FALSE,FALSE,321501,321511,,,FALSE,,TRUE,{},TRUE,200,FALSE,FALSE
149,Packs,packs_allocated_qty,Inventory,int,FALSE,FALSE,FALSE,3.1,FALSE,FALSE,321503,321511,,,FALSE,,TRUE,{},TRUE,200,FALSE,FALSE
149,Eaches,loose_allocated_qty,Inventory,int,FALSE,FALSE,FALSE,3.2,FALSE,FALSE,321504,321511,,,FALSE,,TRUE,{},TRUE,200,FALSE,FALSE
158,Material Number,new_article,Product,str,FALSE,FALSE,FALSE,12,FALSE,TRUE,3210112,321010,,,FALSE,,TRUE,{},TRUE,200,FALSE,FALSE
158,Style Description,new_product_description,Product,str,FALSE,FALSE,FALSE,13,FALSE,TRUE,321012,321010,,,FALSE,,FALSE,{},FALSE,200,FALSE,FALSE
158,Style Color Id,new_style_color_id,Product,str,FALSE,FALSE,FALSE,14,FALSE,TRUE,321013,321010,,,FALSE,,TRUE,"{""width"": 220}",FALSE,200,FALSE,FALSE
158,Group Division,new_l0_name,Product,str,FALSE,FALSE,FALSE,15,FALSE,TRUE,321014,321010,,,FALSE,,FALSE,{},FALSE,200,FALSE,FALSE
158,Division,new_l1_name,Product,str,FALSE,FALSE,FALSE,16,FALSE,TRUE,321015,321010,,,FALSE,,FALSE,{},FALSE,200,FALSE,FALSE
158,Department,new_l2_name,Product,str,FALSE,FALSE,FALSE,17,FALSE,TRUE,321016,321010,,,FALSE,,FALSE,{},FALSE,200,FALSE,FALSE
158,Sub-Department,new_l3_name,Product,str,FALSE,FALSE,FALSE,18,FALSE,TRUE,321017,321010,,,FALSE,,FALSE,{},FALSE,200,FALSE,FALSE
158,Class,new_l4_name,Product,str,FALSE,FALSE,FALSE,19,FALSE,TRUE,321129,321010,,,FALSE,,FALSE,{},FALSE,20,FALSE,FALSE
158,Effective Date,effective_date,Product,date,FALSE,FALSE,FALSE,20,FALSE,TRUE,321018,,,DD-MM-YYYY,FALSE,,FALSE,"{""currentDateFormat"":""DD-MM-YYYY""}",FALSE,200,FALSE,FALSE
158,Priority,priority,Product,int,FALSE,FALSE,FALSE,20.1,FALSE,TRUE,309,,,,FALSE,,FALSE,{},FALSE,200,FALSE,FALSE
158,Mapped On,updated_at,Product,date,FALSE,FALSE,FALSE,21,FALSE,TRUE,321019,,,DD-MM-YYYY,FALSE,,FALSE,{},FALSE,200,FALSE,FALSE
158,Mapped By,updated_by,Product,str,FALSE,FALSE,FALSE,22,FALSE,TRUE,321020,,,,FALSE,,FALSE,{},FALSE,200,FALSE,FALSE
158,Brand,old_brand,Product,str,FALSE,FALSE,FALSE,9.5,FALSE,FALSE,321699,321001,,,FALSE,,FALSE,{},FALSE,200,FALSE,FALSE
158,Brand,new_brand,Product,str,FALSE,FALSE,FALSE,19.5,FALSE,FALSE,321799,321010,,,FALSE,,FALSE,{},FALSE,200,FALSE,FALSE
158,Supersede Flag,supersede_flag,Product,str,FALSE,FALSE,FALSE,23,,FALSE,158001,,,,FALSE,,TRUE,{},TRUE,200,FALSE,FALSE
158,Model Description,old_model_description,Product,str,FALSE,FALSE,FALSE,3.5,FALSE,FALSE,"3210031","321001",,,FALSE,,TRUE,{},TRUE,200,FALSE,FALSE
158,Model Description,new_model_description,Product,str,FALSE,FALSE,FALSE,13.5,FALSE,FALSE,"3210121","321010",,,FALSE,,TRUE,{},TRUE,200,FALSE,FALSE
158,Is Uploaded,upload_flag,Product,str,False,False,False,24.0,,False,3211751,,,,False,,True,{},True,200,False,False
159,Material Number,article,Inventory,str,TRUE,FALSE,FALSE,1,FALSE,FALSE,2227,,,,FALSE,,TRUE,"{""isLevelPresent"": true, ""levelName"": ""store-grade""}",FALSE,200,FALSE,FALSE
159,Style Description,product_description,Product,str,TRUE,FALSE,FALSE,2,FALSE,FALSE,55130,,,,FALSE,,TRUE,{},FALSE,200,FALSE,FALSE
159,Color,color,Product,str,TRUE,FALSE,FALSE,3,FALSE,FALSE,55131,,,,FALSE,,TRUE,{},FALSE,200,FALSE,FALSE
159,Style Color Id,style_color_id,Inventory,str,TRUE,FALSE,FALSE,3.1,FALSE,FALSE,22,,,,FALSE,,TRUE,"{""width"": 220}",FALSE,200,FALSE,FALSE
159,Group Division,l0_name,Inventory,str,FALSE,FALSE,FALSE,4,FALSE,FALSE,2232,,,,FALSE,,TRUE,{},FALSE,200,FALSE,FALSE
159,Division,l1_name,Inventory,str,FALSE,FALSE,FALSE,5,FALSE,FALSE,2603,,,,FALSE,,TRUE,{},FALSE,200,FALSE,FALSE
159,Department,l2_name,Inventory,str,FALSE,FALSE,FALSE,6,FALSE,FALSE,90016,,,,FALSE,,TRUE,{},FALSE,200,FALSE,FALSE
159,Class,l4_name,Inventory,str,FALSE,FALSE,FALSE,7,FALSE,FALSE,55127,,,,FALSE,,TRUE,{},FALSE,200,FALSE,FALSE
159,Product Type,article_status_tag,Inventory,str,FALSE,FALSE,FALSE,8,FALSE,FALSE,55122,,,,FALSE,,TRUE,{},FALSE,220,FALSE,FALSE
159,Size,size,omni_mapping_table,str,FALSE,FALSE,FALSE,9,FALSE,TRUE,55150,,,,FALSE,,TRUE,{},FALSE,200,FALSE,FALSE
159,Subdepartment,l3_name,Inventory,str,FALSE,FALSE,FALSE,10,FALSE,FALSE,90015,,,,FALSE,,TRUE,{},FALSE,200,FALSE,FALSE
159,Store Grade,store_grade,Inventory,link,FALSE,TRUE,FALSE,13,FALSE,FALSE,2240,,,,FALSE,,FALSE,{},FALSE,150,FALSE,FALSE
159,Aggre.Min,min_store_sum,Inventory,int,FALSE,FALSE,FALSE,14,FALSE,FALSE,2247,,,,FALSE,,FALSE,{},FALSE,150,FALSE,FALSE
159,Aggre.Max,max_store_sum,Inventory,int,FALSE,FALSE,FALSE,15,FALSE,FALSE,2248,,,,FALSE,,FALSE,{},FALSE,150,FALSE,FALSE
159,Avg Min per store ,min_store,Inventory,int,FALSE,TRUE,FALSE,16,FALSE,FALSE,2245,,,,FALSE,,FALSE,{},FALSE,150,FALSE,FALSE
159,Avg Max per store ,max_store,Inventory,int,FALSE,TRUE,FALSE,17,FALSE,FALSE,2244,,,,FALSE,,FALSE,{},FALSE,150,FALSE,FALSE
159,WOS,wos,Inventory,int,FALSE,TRUE,FALSE,18,FALSE,FALSE,2243,,,,FALSE,,FALSE,{},FALSE,150,FALSE,FALSE
159,Updated By,updated_by,Inventory,str,FALSE,FALSE,FALSE,19,FALSE,FALSE,2241,,,,FALSE,,FALSE,{},FALSE,200,FALSE,FALSE
159,Last Modified,updated_at,Inventory,datetime,FALSE,FALSE,FALSE,20,FALSE,FALSE,2242,,,DD-MM-YYYY HH:mm:ss,FALSE,,FALSE,{},FALSE,200,FALSE,FALSE
159,Brand,brand,Product,str,FALSE,FALSE,FALSE,7.5,FALSE,FALSE,321481,,,,FALSE,,TRUE,{},FALSE,200,FALSE,FALSE
159,Supersede Flag,supersede_flag,Product,str,FALSE,FALSE,FALSE,21,,FALSE,159001,,,,FALSE,,TRUE,{},FALSE,200,FALSE,FALSE
159,Model Description,model_description,Product,str,FALSE,FALSE,FALSE,2.5,FALSE,FALSE,"551301",,,,FALSE,,TRUE,{},FALSE,200,FALSE,FALSE
160,# Materials,no_style_color,Product,str,FALSE,FALSE,FALSE,1,FALSE,FALSE,5014,,,,FALSE,,TRUE,{},TRUE,300,FALSE,FALSE
160,# Allocated stores,allocated_stores,Product,str,FALSE,FALSE,FALSE,2,FALSE,FALSE,1980,,,,FALSE,,TRUE,{},TRUE,220,FALSE,FALSE
160,# Stores,all_stores,Product,str,FALSE,FALSE,FALSE,3,FALSE,FALSE,9729,,,,FALSE,,TRUE,{},TRUE,300,FALSE,FALSE
160,Allocated Stores per Material,allocated_stores_per_style_color,Product,str,FALSE,FALSE,FALSE,5,FALSE,FALSE,5015,,,,FALSE,,TRUE,{},TRUE,300,FALSE,FALSE
160,LW Sales $,lw_revenue,Product,str,FALSE,FALSE,FALSE,6,FALSE,FALSE,321101,,,,FALSE,,TRUE,{},TRUE,300,FALSE,FALSE
160,LW Sales Units,lw_qty,Product,int,FALSE,FALSE,FALSE,7,FALSE,FALSE,321100,,,,FALSE,,TRUE,{},TRUE,300,FALSE,FALSE
160,Allocated Quantity (by Size),allocated_quantity__size,Product,str,FALSE,FALSE,FALSE,8,FALSE,FALSE,7002,,,,FALSE,,TRUE,{},TRUE,400,FALSE,FALSE
160,Allocated %,allocation_perc__size,Product,str,FALSE,FALSE,FALSE,8,FALSE,FALSE,322001,,,,FALSE,,TRUE,{},TRUE,200,FALSE,FALSE
160,Allocated Quantity,allocated_quantity__dc,Product,str,FALSE,FALSE,FALSE,9,FALSE,FALSE,7001,,,,FALSE,,TRUE,{},TRUE,200,FALSE,FALSE
160,Net DC Available,net_dc_available,Product,str,FALSE,FALSE,FALSE,10,FALSE,FALSE,7000,,,,FALSE,,TRUE,{},TRUE,200,FALSE,FALSE
161,# Materials,style_color,Product,str,FALSE,FALSE,FALSE,1,FALSE,FALSE,7004,,,,FALSE,,TRUE,{},TRUE,200,FALSE,FALSE
161,# Allocated stores,store_cnt,Product,str,FALSE,FALSE,FALSE,2,FALSE,FALSE,7005,,,,FALSE,,TRUE,{},TRUE,200,FALSE,FALSE
161,LW Sales Units,lw_qty,Product,int,FALSE,FALSE,FALSE,3,FALSE,FALSE,321104,,,,FALSE,,TRUE,{},TRUE,300,FALSE,FALSE
161,LW Sales $,lw_revenue,Product,str,FALSE,FALSE,FALSE,3,FALSE,FALSE,321105,,,,FALSE,,TRUE,{},TRUE,300,FALSE,FALSE
161,Material depth per store,style_color_depth_per_store,Product,str,FALSE,FALSE,FALSE,3,FALSE,FALSE,7006,,,,FALSE,,TRUE,{},TRUE,200,FALSE,FALSE
161,Allocated Quantity,allocated_units,Product,str,FALSE,FALSE,FALSE,4,FALSE,FALSE,7007,,,,FALSE,,TRUE,{},TRUE,200,FALSE,FALSE
161,Net DC Available,inventory_available,Product,str,FALSE,FALSE,FALSE,5,FALSE,FALSE,7008,,,,FALSE,,TRUE,{},TRUE,200,FALSE,FALSE
161,Store Grade - Allocated Index,store_allocated_index,Product,str,FALSE,FALSE,FALSE,6,FALSE,FALSE,7009,,,,FALSE,,TRUE,{},TRUE,200,FALSE,FALSE
161,Store Grade - Allocated Quantity,store_allocated_qty,Product,str,FALSE,FALSE,FALSE,7,FALSE,FALSE,7010,,,,FALSE,,TRUE,{},TRUE,200,FALSE,FALSE
162,Material Number,article,Product,link,TRUE,TRUE,FALSE,1,FALSE,FALSE,7028,,,,FALSE,,TRUE,{},TRUE,200,FALSE,FALSE
162,Style Description,description,Product,str,TRUE,FALSE,FALSE,2,FALSE,FALSE,55129,,,,FALSE,,TRUE,{},TRUE,200,FALSE,FALSE
162,Style Color,color,Product,str,TRUE,FALSE,FALSE,3,FALSE,FALSE,7030,,,,FALSE,,TRUE,{},TRUE,200,FALSE,FALSE
162,Style Color ID,style_color_id,Product,str,FALSE,FALSE,FALSE,3,FALSE,FALSE,9730,,,,FALSE,,TRUE,"{""width"": 220}",TRUE,300,FALSE,FALSE
162,LW Sales Units,lw_qty,Product,int,FALSE,FALSE,FALSE,3,FALSE,FALSE,321102,,,,FALSE,,TRUE,{},TRUE,300,FALSE,FALSE
162,LW Sales $,lw_revenue,Product,str,FALSE,FALSE,FALSE,3,FALSE,FALSE,321103,,,,FALSE,,TRUE,{},TRUE,300,FALSE,FALSE
162,2W Ago Sales Units,lw2_qty,Product,int,False,False,False,3.1,False,False,331104,,,,False,,True,{},True,300,False,False
162,3W Ago Sales Units,lw3_qty,Product,int,False,False,False,3.2,False,False,331105,,,,False,,True,{},True,300,False,False
162,4W Ago Sales Units,lw4_qty,Product,int,False,False,False,3.3,False,False,331106,,,,False,,True,{},True,300,False,False
162,5W Ago Sales Units,lw5_qty,Product,int,False,False,False,3.4,False,False,331107,,,,False,,True,{},True,300,False,False
162,6W Ago Sales Units,lw6_qty,Product,int,False,False,False,3.5,False,False,331108,,,,False,,True,{},True,300,False,False
162,Demand Type,demand_type,Product,str,FALSE,FALSE,FALSE,4,FALSE,FALSE,7031,,,,FALSE,,TRUE,{},TRUE,200,FALSE,FALSE
162,Group Division,l0_name,Product,str,FALSE,FALSE,FALSE,6,FALSE,FALSE,7033,,,,FALSE,,TRUE,{},TRUE,200,FALSE,FALSE
162,Division,l1_name,Product,str,FALSE,FALSE,FALSE,7,FALSE,FALSE,7034,,,,FALSE,,TRUE,{},TRUE,200,FALSE,FALSE
162,Sub Department,l3_name,Inventory,str,false,false,false,8.0,false,false,"551070",,,,false,,true,"{}",true,200,false,false
162,Class,l4_name,Product,str,FALSE,FALSE,FALSE,9,FALSE,FALSE,55107,,,,FALSE,,TRUE,{},TRUE,200,FALSE,FALSE
162,# Allocated stores,store,Product,str,FALSE,FALSE,FALSE,10,FALSE,FALSE,7037,,,,FALSE,,TRUE,{},TRUE,200,FALSE,FALSE
162,Aggr. Min,min,Product,str,FALSE,FALSE,FALSE,11,FALSE,FALSE,7038,,,,FALSE,,TRUE,{},TRUE,200,FALSE,FALSE
162,Aggr. Max,max,Product,str,FALSE,FALSE,FALSE,11,FALSE,FALSE,9725,,,,FALSE,,TRUE,{},TRUE,200,FALSE,FALSE
162,No. Eligible Stores,all_stores,Product,str,FALSE,FALSE,FALSE,11,FALSE,FALSE,9731,,,,FALSE,,TRUE,{},TRUE,300,FALSE,FALSE
162,Allocated Quantity,allocated_total,Product,str,FALSE,FALSE,FALSE,12,FALSE,FALSE,7039,,,,FALSE,,TRUE,{},TRUE,200,FALSE,FALSE
162,Net DC Available,inventory_available,Product,str,FALSE,FALSE,FALSE,13,FALSE,FALSE,7040,,,,FALSE,,TRUE,{},TRUE,200,FALSE,FALSE
162,Forecasted APS,forecast_aps,Product,float,FALSE,FALSE,FALSE,15,FALSE,FALSE,7042,,,,FALSE,,TRUE,{},TRUE,200,FALSE,FALSE
162,Store On Hand,oh,Product,str,FALSE,FALSE,FALSE,18,FALSE,FALSE,70003,,,,FALSE,,TRUE,{},TRUE,200,FALSE,FALSE
162,Store On Order,oo,Product,str,FALSE,FALSE,FALSE,19,FALSE,FALSE,70004,,,,FALSE,,TRUE,{},TRUE,200,FALSE,FALSE
162,Store In Transit,it,Product,str,FALSE,FALSE,FALSE,20,FALSE,FALSE,70005,,,,FALSE,,TRUE,{},TRUE,200,FALSE,FALSE
162,OH+OO+IT,oh_oo_intransit,Product,str,FALSE,FALSE,FALSE,20.1,FALSE,FALSE,92,,,,FALSE,,TRUE,{},TRUE,200,FALSE,FALSE
162,Total Allocated Size Quantity,allocated_quantity_size,Product,str,FALSE,FALSE,FALSE,21,FALSE,FALSE,7045,,,,FALSE,,TRUE,{},TRUE,200,FALSE,FALSE
162,Allocated %,allocated_percentage,Product,str,FALSE,FALSE,FALSE,22,FALSE,FALSE,55119,,,,FALSE,,TRUE,{},TRUE,200,FALSE,FALSE
162,FWOS,actual_wos,Product,float,FALSE,FALSE,FALSE,17,FALSE,FALSE,322005,,,numbersWithComma,FALSE,,TRUE,{},TRUE,200,FALSE,FALSE
162,Lead Time Demand ,lt_forecast,Product,str,FALSE,FALSE,FALSE,20.2,FALSE,FALSE,322018,,,,FALSE,,TRUE,{},TRUE,200,FALSE,FALSE
162,OH+OO+IT+Allocated,inventory_position,Product,int,FALSE,FALSE,FALSE,20.3,FALSE,FALSE,321160,,,,FALSE,,TRUE,{},TRUE,200,FALSE,FALSE
162,Brand,brand,Product,str,FALSE,FALSE,FALSE,9.5,FALSE,FALSE,321469,,,,FALSE,,TRUE,{},TRUE,200,FALSE,FALSE
162,Vendor Case Pack Quantity,vendor_case_pack,Inventory,str,FALSE,FALSE,FALSE,4.6,,FALSE,321531,,,,FALSE,,FALSE,{},FALSE,200,FALSE,FALSE
162,Pack ID,packs_allocated,Inventory,str,FALSE,FALSE,FALSE,4.5,,FALSE,321532,,,,FALSE,,FALSE,{},FALSE,200,FALSE,FALSE
162,Model Description,model_description,Product,str,FALSE,FALSE,FALSE,2.5,FALSE,FALSE,"551291",,,,FALSE,,true,{},true,200,FALSE,FALSE
163,Store Number,retail_facility_code,Product,str,FALSE,FALSE,FALSE,1,FALSE,FALSE,13521,,,,FALSE,,TRUE,{},TRUE,200,FALSE,FALSE
163,Store Name,store_name,Product,str,FALSE,FALSE,FALSE,2,FALSE,FALSE,7047,,,,FALSE,,TRUE,{},TRUE,200,FALSE,FALSE
163,Original APS,original_aps,Product,str,FALSE,FALSE,FALSE,3,FALSE,FALSE,7048,,,,FALSE,,TRUE,{},TRUE,200,FALSE,FALSE
163,Actual APS,forecast_aps,Product,float,FALSE,FALSE,FALSE,4,FALSE,FALSE,7049,,,,FALSE,,TRUE,{},TRUE,200,FALSE,FALSE
163,OH,oh,Product,float,FALSE,FALSE,FALSE,5,FALSE,FALSE,7050,,,,FALSE,,TRUE,{},TRUE,200,FALSE,FALSE
163,OO - On Order,oo,Product,float,FALSE,FALSE,FALSE,6,FALSE,FALSE,7051,,,,FALSE,,TRUE,{},TRUE,200,FALSE,FALSE
163,In transit,it,Product,float,FALSE,FALSE,FALSE,7,FALSE,FALSE,7052,,,,FALSE,,TRUE,{},TRUE,200,FALSE,FALSE
163,Allocated Total Quantity,allocated_quantity,Product,float,FALSE,FALSE,FALSE,8,FALSE,FALSE,7053,,,,FALSE,,TRUE,{},TRUE,200,FALSE,FALSE
163,Min allocation,min,Product,float,FALSE,FALSE,FALSE,9,FALSE,FALSE,7054,,,,FALSE,,TRUE,{},TRUE,200,FALSE,FALSE
163,WOS allocation,allocated_for_wos,Product,str,FALSE,FALSE,FALSE,10,FALSE,FALSE,7055,,,,FALSE,,TRUE,{},TRUE,200,FALSE,FALSE
163,DC Name,dc,Product,str,FALSE,FALSE,FALSE,11,FALSE,FALSE,7056,,,,FALSE,,TRUE,{},TRUE,200,FALSE,FALSE
163,DC available,dc_avail_art,Product,float,FALSE,FALSE,FALSE,12,FALSE,FALSE,7057,,,,FALSE,,TRUE,{},TRUE,200,FALSE,FALSE
163,Allocated quantity,allocated_quantity,Product,str,FALSE,FALSE,FALSE,13,FALSE,FALSE,7058,,,,FALSE,,TRUE,{},TRUE,200,FALSE,FALSE
163,OH+OO+IT,allocated_total,Product,float,FALSE,FALSE,FALSE,14,FALSE,FALSE,7059,,,,FALSE,,TRUE,{},TRUE,200,FALSE,FALSE
164,Store Number,store_id,Product,link,FALSE,TRUE,FALSE,1,FALSE,FALSE,7060,,,,FALSE,,TRUE,{},TRUE,200,FALSE,FALSE
164,Store Name,store_name,Product,str,FALSE,FALSE,FALSE,2,FALSE,FALSE,7061,,,,FALSE,,TRUE,{},TRUE,200,FALSE,FALSE
164,LW Sales Units,lw_qty,Product,int,FALSE,FALSE,FALSE,3,FALSE,FALSE,321108,,,,FALSE,,TRUE,{},TRUE,300,FALSE,FALSE
164,LW Sales $,lw_revenue,Product,str,FALSE,FALSE,FALSE,3,FALSE,FALSE,321109,,,,FALSE,,TRUE,{},TRUE,300,FALSE,FALSE
164,2W Ago Sales Units,lw2_qty,Product,int,False,False,False,3.1,False,False,331109,,,,False,,True,{},True,300,False,False
164,3W Ago Sales Units,lw3_qty,Product,int,False,False,False,3.2,False,False,331110,,,,False,,True,{},True,300,False,False
164,4W Ago Sales Units,lw4_qty,Product,int,False,False,False,3.3,False,False,331111,,,,False,,True,{},True,300,False,False
164,5W Ago Sales Units,lw5_qty,Product,int,False,False,False,3.4,False,False,331112,,,,False,,True,{},True,300,False,False
164,6W Ago Sales Units,lw6_qty,Product,int,False,False,False,3.5,False,False,331113,,,,False,,True,{},True,300,False,False
164,Store Grade,store_grade,Store,str,FALSE,FALSE,FALSE,3,FALSE,FALSE,9735,,,,FALSE,,TRUE,{},TRUE,200,FALSE,FALSE
164,Forecast APS,forecast_aps,Product,float,FALSE,FALSE,FALSE,4,FALSE,FALSE,7063,,,,FALSE,,TRUE,{},TRUE,200,FALSE,FALSE
164,Store On Hand,oh,Product,int,FALSE,FALSE,FALSE,5,FALSE,FALSE,7064,,,,FALSE,,TRUE,{},TRUE,200,FALSE,FALSE
164,Store On Order,oo,Product,int,FALSE,FALSE,FALSE,6,FALSE,FALSE,7065,,,,FALSE,,TRUE,{},TRUE,200,FALSE,FALSE
164,Store In Transit,it,Product,int,FALSE,FALSE,FALSE,7,FALSE,FALSE,7066,,,,FALSE,,TRUE,{},TRUE,200,FALSE,FALSE
164,OH+OO+IT,oh_oo_intransit,Product,int,FALSE,FALSE,FALSE,7.1,FALSE,FALSE,93,,,,FALSE,,TRUE,{},TRUE,200,FALSE,FALSE
164,Allocated Total Quantity,allocated_quantity,Product,float,FALSE,FALSE,FALSE,8,FALSE,FALSE,7067,,,,FALSE,,TRUE,{},TRUE,200,FALSE,FALSE
164,Allocated for Min.,min,Product,float,FALSE,FALSE,FALSE,9,FALSE,FALSE,7068,,,,FALSE,,TRUE,{},TRUE,200,FALSE,FALSE
164,Allocated for Demand,allocated_for_wos,Product,int,FALSE,FALSE,FALSE,10,FALSE,FALSE,7069,,,,FALSE,,TRUE,{},TRUE,200,FALSE,FALSE
164,Aggr. Min,min_store,Store,str,FALSE,FALSE,FALSE,10,FALSE,FALSE,9739,,,,FALSE,,TRUE,{},TRUE,200,FALSE,FALSE
164,Aggr. Max,max_store,Store,str,FALSE,FALSE,FALSE,10,FALSE,FALSE,9740,,,,FALSE,,TRUE,{},TRUE,200,FALSE,FALSE
164,DC Names,dc,Product,str,FALSE,FALSE,FALSE,11,FALSE,FALSE,7070,,,,FALSE,,TRUE,{},TRUE,200,FALSE,FALSE
164,Net DC Available,dc_avail,Product,int,FALSE,FALSE,FALSE,12,FALSE,FALSE,7071,,,,FALSE,,TRUE,{},TRUE,200,FALSE,FALSE
164,Total Allocated Size Qty,size_value_allocated_eaches,Product,int,FALSE,TRUE,FALSE,15,FALSE,FALSE,2463,,,,FALSE,,TRUE,"{""enableEditOnBlur"": true}",TRUE,200,FALSE,FALSE
164,OH+IT+OO Size,oh_oo_it,Product,str,FALSE,FALSE,FALSE,16,FALSE,FALSE,7074,,,,FALSE,,TRUE,{},TRUE,200,FALSE,FALSE
164,FWOS,actual_wos,Product,float,FALSE,FALSE,FALSE,3,FALSE,FALSE,322009,,,numbersWithComma,FALSE,,TRUE,{},TRUE,200,FALSE,FALSE
164,Lead Time Demand ,lt_forecast,Product,str,FALSE,FALSE,FALSE,7.2,FALSE,FALSE,322019,,,,FALSE,,TRUE,{},TRUE,200,FALSE,FALSE
164,OH+OO+IT+Allocated,inventory_position,Product,int,FALSE,FALSE,FALSE,8.1,FALSE,FALSE,321161,,,,FALSE,,TRUE,{},TRUE,200,FALSE,FALSE
164,Priority code,priority_code_dc,Product,list,FALSE,TRUE,FALSE,17,FALSE,FALSE,90011,,,,FALSE,,TRUE,"{""disableSubHeader"": true, ""bulkEdit"": true, ""enableEditOnChange"": true, ""disableSubHeader"": true,  ""column_name"": ""priority_code___"", ""options"": [{""label"": ""1"", ""value"": ""1""}, {""label"": ""2"", ""value"": ""2""}, {""label"": ""3"", ""value"": ""3""}, {""label"": ""4"", ""value"": ""4""}, {""label"": ""5"", ""value"": ""5""}, {""label"": ""6"", ""value"": ""6""}, {""label"": ""7"", ""value"": ""7""}, {""label"": ""8"", ""value"": ""8""}, {""label"": ""9"", ""value"": ""9""}]}",TRUE,200,FALSE,FALSE
164,In Store Date,shipping_date__dc,Product,datetime,FALSE,TRUE,FALSE,19,FALSE,FALSE,3220255,,,DD-MM-YYYY,FALSE,,TRUE,"{""displayDateFormat"":""DD-MM-YYYY"",""disableSubHeader"": true, ""bulkEdit"": true, ""enableEditOnChange"": true, ""disableSubHeader"": true,  ""column_name"": ""shipping_date___"",""disablePast"": true, ""format"":""YYYY-MM-DD""}",TRUE,200,FALSE,FALSE
164,Store Currency,currency_cd,Store,str,FALSE,FALSE,TRUE,2.5,FALSE,FALSE,321217,,,,FALSE,,TRUE,{},TRUE,200,FALSE,FALSE
164,Total Allocated Packs Qty,size_value_allocated,Product,int,FALSE,TRUE,TRUE,15,FALSE,TRUE,322561,,,,TRUE,,TRUE,"{""enableEditOnBlur"": true, ""isPrePack"": true}",TRUE,200,FALSE,FALSE
164,Eaches,net_available_eaches,Product,int,FALSE,FALSE,FALSE,12.2,,FALSE,322865,7071,,,FALSE,,FALSE,{},FALSE,200,FALSE,FALSE
164,Packs,net_available_packs,Product,int,FALSE,FALSE,FALSE,12.1,,FALSE,322864,7071,,,FALSE,,FALSE,{},FALSE,200,FALSE,FALSE
164,Total,dc_avail_art,int,int,FALSE,FALSE,FALSE,12.3,,FALSE,322863,7071,,,FALSE,,FALSE,{},FALSE,200,FALSE,FALSE
164,DCs,dcs,Product,list,FALSE,TRUE,FALSE,18,TRUE,FALSE,7076,,,,FALSE,,TRUE,"{""isMulti"": true, ""bulkEdit"": true, ""required"": true, ""optionsColumn"": ""dcs""}",TRUE,200,FALSE,FALSE
165,Store Number,store_id,Store,link,FALSE,TRUE,FALSE,1,FALSE,FALSE,7011,,,,FALSE,,TRUE,{},TRUE,200,FALSE,FALSE
165,Store Name,store_name,Store,str,FALSE,FALSE,FALSE,2,FALSE,FALSE,7012,,,,FALSE,,TRUE,{},TRUE,200,FALSE,FALSE
165,LW Sales Units,lw_qty,Product,int,FALSE,FALSE,FALSE,3,FALSE,FALSE,321106,,,,FALSE,,TRUE,{},TRUE,300,FALSE,FALSE
165,LW Sales $,lw_revenue,Product,str,FALSE,FALSE,FALSE,3,FALSE,FALSE,321107,,,,FALSE,,TRUE,{},TRUE,300,FALSE,FALSE
165,2W Ago Sales Units,lw2_qty,Product,int,False,False,False,3.1,False,False,331114,,,,False,,True,{},True,300,False,False
165,3W Ago Sales Units,lw3_qty,Product,int,False,False,False,3.2,False,False,331115,,,,False,,True,{},True,300,False,False
165,4W Ago Sales Units,lw4_qty,Product,int,False,False,False,3.3,False,False,331116,,,,False,,True,{},True,300,False,False
165,5W Ago Sales Units,lw5_qty,Product,int,False,False,False,3.4,False,False,331117,,,,False,,True,{},True,300,False,False
165,6W Ago Sales Units,lw6_qty,Product,int,False,False,False,3.5,False,False,331118,,,,False,,True,{},True,300,False,False
165,# Style color,style_color_cnt,Product,str,FALSE,FALSE,FALSE,4,FALSE,FALSE,7014,,,,FALSE,,TRUE,{},TRUE,200,FALSE,FALSE
165,Forecast APS,forecast_aps,Product,float,FALSE,FALSE,FALSE,6,FALSE,FALSE,7016,,,,FALSE,,TRUE,{},TRUE,200,FALSE,FALSE
165,Store On Hand,oh,Product,str,FALSE,FALSE,FALSE,7,FALSE,FALSE,7017,,,,FALSE,,TRUE,{},TRUE,200,FALSE,FALSE
165,Store On Order,oo,Product,str,FALSE,FALSE,FALSE,8,FALSE,FALSE,7018,,,,FALSE,,TRUE,{},TRUE,200,FALSE,FALSE
165,Store In Transit,it,Product,str,FALSE,FALSE,FALSE,9,FALSE,FALSE,7019,,,,FALSE,,TRUE,{},TRUE,200,FALSE,FALSE
165,OH+OO+IT,oh_oo_intransit,Product,str,FALSE,FALSE,FALSE,9.1,FALSE,FALSE,94,,,,FALSE,,TRUE,{},TRUE,200,FALSE,FALSE
165,Aggr. Min,min,Product,str,FALSE,FALSE,FALSE,10,FALSE,FALSE,7020,,,,FALSE,,TRUE,{},TRUE,200,FALSE,FALSE
165,Aggr. Max,max,Product,str,FALSE,FALSE,FALSE,10,FALSE,FALSE,7801,,,,FALSE,,TRUE,{},TRUE,200,FALSE,FALSE
165,Allocated Total Quantity,allocated_total,Product,str,FALSE,FALSE,FALSE,11,FALSE,FALSE,7021,,,,FALSE,,TRUE,{},TRUE,200,FALSE,FALSE
165,Total Allocated,allocated_quantity,Product,str,FALSE,FALSE,FALSE,12,FALSE,FALSE,9780,,,,FALSE,,TRUE,{},TRUE,200,FALSE,FALSE
165,Allocated for Min.,allocated_for_min,Product,str,FALSE,FALSE,FALSE,13,FALSE,FALSE,7023,,,,FALSE,,TRUE,{},TRUE,200,FALSE,FALSE
165,Allocated for Demand,allocated_for_wos,Product,str,FALSE,FALSE,FALSE,14,FALSE,FALSE,7024,,,,FALSE,,TRUE,{},TRUE,200,FALSE,FALSE
165,FWOS,actual_wos,Product,float,FALSE,FALSE,FALSE,19,FALSE,FALSE,322013,,,numbersWithComma,FALSE,,TRUE,{},TRUE,200,FALSE,FALSE
165,Lead Time Demand ,lt_forecast,Product,str,FALSE,FALSE,FALSE,9.2,FALSE,FALSE,322020,,,,FALSE,,TRUE,{},TRUE,200,FALSE,FALSE
165,OH+OO+IT+Allocated,inventory_position,Product,int,FALSE,FALSE,FALSE,12.1,FALSE,FALSE,321162,,,,FALSE,,TRUE,{},TRUE,200,FALSE,FALSE
165,Store Currency,currency_cd,Store,str,FALSE,FALSE,TRUE,2.5,FALSE,FALSE,321207,,,,FALSE,,TRUE,{},TRUE,200,FALSE,FALSE
166,Material Number,article,Inventory,str,TRUE,FALSE,FALSE,1,FALSE,FALSE,2249,,,,FALSE,,TRUE,"{""isLevelPresent"": true, ""levelName"": ""store-group""}",FALSE,200,FALSE,FALSE
166,Style Description,product_description,Product,str,TRUE,FALSE,FALSE,2,FALSE,FALSE,55137,,,,FALSE,,TRUE,{},FALSE,200,FALSE,FALSE
166,Color,color,Product,str,TRUE,FALSE,FALSE,3,FALSE,FALSE,55138,,,,FALSE,,TRUE,{},FALSE,200,FALSE,FALSE
166,Style Color Id,style_color_id,Inventory,str,TRUE,FALSE,FALSE,3.1,FALSE,FALSE,25,,,,FALSE,,TRUE,"{""width"": 220}",FALSE,200,FALSE,FALSE
166,Group Division,l0_name,Inventory,str,FALSE,FALSE,FALSE,4,FALSE,FALSE,2254,,,,FALSE,,TRUE,{},FALSE,200,FALSE,FALSE
166,Division,l1_name,Inventory,str,FALSE,FALSE,FALSE,5,FALSE,FALSE,2604,,,,FALSE,,TRUE,{},FALSE,200,FALSE,FALSE
166,Department,l2_name,Inventory,str,FALSE,FALSE,FALSE,6,FALSE,FALSE,90017,,,,FALSE,,TRUE,{},FALSE,200,FALSE,FALSE
166,Class,l4_name,Inventory,str,FALSE,FALSE,FALSE,7,FALSE,FALSE,55126,,,,FALSE,,TRUE,{},FALSE,200,FALSE,FALSE
166,Product Type,article_status_tag,Inventory,str,FALSE,FALSE,FALSE,8,FALSE,FALSE,55123,,,,FALSE,,TRUE,{},FALSE,220,FALSE,FALSE
166,Size,size,omni_mapping_table,str,FALSE,FALSE,FALSE,9,FALSE,TRUE,55151,,,,FALSE,,TRUE,{},FALSE,200,FALSE,FALSE
166,Subdepartment,l3_name,Inventory,str,FALSE,FALSE,FALSE,10,FALSE,FALSE,90018,,,,FALSE,,TRUE,{},FALSE,200,FALSE,FALSE
166,Store Eligibility Group,store_group_name,Inventory,link,FALSE,TRUE,FALSE,14,FALSE,FALSE,2261,,,,FALSE,,FALSE,{},FALSE,200,FALSE,FALSE
166,Aggre.Min,min_store_sum,Inventory,int,FALSE,FALSE,FALSE,15,FALSE,FALSE,2263,,,,FALSE,,FALSE,{},FALSE,150,FALSE,FALSE
166,Aggre.Max,max_store_sum,Inventory,int,FALSE,FALSE,FALSE,16,FALSE,FALSE,2264,,,,FALSE,,FALSE,{},FALSE,150,FALSE,FALSE
166,Avg Max per store ,max_store,Inventory,int,FALSE,TRUE,FALSE,17,FALSE,FALSE,2265,,,,FALSE,,FALSE,{},FALSE,150,FALSE,FALSE
166,Avg Min per store ,min_store,Inventory,int,FALSE,TRUE,FALSE,18,FALSE,FALSE,2266,,,,FALSE,,FALSE,{},FALSE,150,FALSE,FALSE
166,WOS,wos,Inventory,int,FALSE,TRUE,FALSE,19,FALSE,FALSE,2267,,,,FALSE,,FALSE,{},FALSE,150,FALSE,FALSE
166,Updated By,updated_by,Inventory,str,FALSE,FALSE,FALSE,20,FALSE,FALSE,2268,,,,FALSE,,FALSE,{},FALSE,200,FALSE,FALSE
166,Last Modified,updated_at,Inventory,datetime,FALSE,FALSE,FALSE,21,FALSE,FALSE,2269,,,DD-MM-YYYY HH:mm:ss,FALSE,,FALSE,{},FALSE,200,FALSE,FALSE
166,Brand,brand,Product,str,FALSE,FALSE,FALSE,7.5,FALSE,FALSE,321482,,,,FALSE,,TRUE,{},FALSE,200,FALSE,FALSE
166,Supersede Flag,supersede_flag,Product,str,FALSE,FALSE,FALSE,22,,FALSE,166001,,,,FALSE,,TRUE,{},FALSE,200,FALSE,FALSE
166,Model Description,model_description,Product,str,FALSE,FALSE,FALSE,2.5,FALSE,FALSE,"551371",,,,FALSE,,TRUE,{},FALSE,200,FALSE,FALSE
167,Store Name,store_name,Inventory,str,FALSE,FALSE,FALSE,1,FALSE,FALSE,2270,,,,FALSE,,TRUE,{},TRUE,200,FALSE,FALSE
167,Store Number,retail_facility_code,Inventory,str,FALSE,FALSE,FALSE,2,FALSE,FALSE,2272,,,,FALSE,,TRUE,{},TRUE,200,FALSE,FALSE
167,Min,min_store,Inventory,int,FALSE,TRUE,FALSE,3,FALSE,FALSE,2273,,,,FALSE,,FALSE,{},FALSE,200,FALSE,FALSE
167,Max,max_store,Inventory,int,FALSE,TRUE,FALSE,4,FALSE,FALSE,2274,,,,FALSE,,FALSE,{},FALSE,200,FALSE,FALSE
167,WOS,wos,Inventory,int,FALSE,TRUE,FALSE,5,FALSE,FALSE,2275,,,,FALSE,,FALSE,{},FALSE,200,FALSE,FALSE
168,Store Grade,store_grade,Inventory,str,FALSE,FALSE,FALSE,1,FALSE,FALSE,2281,,,,FALSE,,TRUE,{},TRUE,200,FALSE,FALSE
168,Store Name,store_name,Inventory,str,FALSE,FALSE,FALSE,2,FALSE,FALSE,2276,,,,FALSE,,TRUE,{},TRUE,200,FALSE,FALSE
168,Store Number,retail_facility_code,Inventory,str,FALSE,FALSE,FALSE,3,FALSE,FALSE,13522,,,,FALSE,,TRUE,{},TRUE,200,FALSE,FALSE
168,Min,min_store,Inventory,int,FALSE,TRUE,FALSE,4,FALSE,FALSE,2278,,,,FALSE,,FALSE,{},FALSE,200,FALSE,FALSE
168,Max,max_store,Inventory,int,FALSE,TRUE,FALSE,5,FALSE,FALSE,2279,,,,FALSE,,FALSE,{},FALSE,200,FALSE,FALSE
168,WOS,wos,Inventory,int,FALSE,TRUE,FALSE,6,FALSE,FALSE,2280,,,,FALSE,,FALSE,{},FALSE,200,FALSE,FALSE
169,Store,store_name,Inventory,str,FALSE,FALSE,FALSE,1,FALSE,FALSE,2283,,,,FALSE,,FALSE,{},TRUE,200,FALSE,FALSE
169,Department,filter_dept,Product,str,FALSE,FALSE,FALSE,2,FALSE,FALSE,2284,,,,FALSE,,FALSE,{},TRUE,200,FALSE,FALSE
169,Class,filter_class,Product,str,FALSE,FALSE,FALSE,3,FALSE,FALSE,2285,,,,FALSE,,FALSE,{},TRUE,200,FALSE,FALSE
169,Allocation Plan ID,allocation_name,Product,link,FALSE,TRUE,FALSE,4,FALSE,FALSE,2282,,,,FALSE,,TRUE,{},TRUE,200,FALSE,FALSE
169,Material Number,article,Product,str,FALSE,FALSE,FALSE,5,FALSE,FALSE,2286,,,,FALSE,,FALSE,{},TRUE,200,FALSE,FALSE
169,Delivery date,delivery_dt,non_linear_edit,datetime,FALSE,TRUE,FALSE,6,FALSE,FALSE,2287,,,,FALSE,,FALSE,"{""disablePast"": true}",TRUE,200,FALSE,FALSE
169,Order type,order_type,non_linear_edit,list,FALSE,TRUE,FALSE,7,FALSE,FALSE,2288,,,,FALSE,,FALSE,"{""options"": [{""label"": ""E"", ""value"": ""E""}, {""label"": ""L"", ""value"": ""L""}, {""label"": ""P"", ""value"": ""P""}, {""label"": ""R"", ""value"": ""R""}]}",TRUE,200,FALSE,FALSE
169,Allocated qty,allocated_qty,Inventory,str,FALSE,FALSE,FALSE,8,FALSE,FALSE,2289,,,,TRUE,,FALSE,{},TRUE,200,FALSE,FALSE
169,From DC,dc_allocated,Inventory,int,FALSE,FALSE,FALSE,9,FALSE,FALSE,2299,2289,,,FALSE,,FALSE,{},TRUE,200,FALSE,FALSE
169,From PO,po_allocation,Inventory,int,FALSE,FALSE,FALSE,10,FALSE,FALSE,2300,2289,,,FALSE,,FALSE,{},TRUE,200,FALSE,FALSE
169,Net Available Inventory,net_available,Inventory,str,FALSE,FALSE,FALSE,11,FALSE,FALSE,2301,,,,TRUE,,FALSE,{},TRUE,200,FALSE,FALSE
169,DC,dc_available,Inventory,int,FALSE,FALSE,FALSE,12,FALSE,FALSE,2302,2301,,,FALSE,,TRUE,{},TRUE,200,FALSE,FALSE
170,Store Number,retail_facility_code,Product,str,FALSE,FALSE,FALSE,1,FALSE,FALSE,13523,,,,FALSE,,TRUE,{},TRUE,200,FALSE,FALSE
170,Store Name,store_name,Product,str,FALSE,FALSE,FALSE,2,FALSE,FALSE,3001,,,,FALSE,,TRUE,{},TRUE,200,FALSE,FALSE
170,Store Currency,currency_cd,Store,str,FALSE,FALSE,FALSE,3,FALSE,FALSE,24683,,,,FALSE,,TRUE,{},TRUE,200,FALSE,FALSE
170,Products Mapped,num_products_mapped,Product,link,FALSE,TRUE,FALSE,4,FALSE,FALSE,3003,,,,FALSE,,FALSE,{},TRUE,200,FALSE,FALSE
170,Include Unmapped Products,include_unmapped,Product,ToogleField,FALSE,TRUE,FALSE,5,FALSE,FALSE,3004,,,,FALSE,,FALSE,{},FALSE,200,FALSE,FALSE
170,Is Mapped,is_mapped,Product,bool,FALSE,FALSE,FALSE,7,FALSE,FALSE,2526,,,,FALSE,,FALSE,{},FALSE,200,FALSE,FALSE
171,Created By,created_by,Product,str,false,false,false,5.0,false,false,"3009",,,,false,,false,"{}",true,200,false,false
171,Mapping,is_mapped,Product,ToogleField,false,false,false,4.0,false,false,"3007",,,,false,,false,"{}",true,200,false,false
171,Product ID,product_code,Product,str,false,false,false,1.0,false,false,"3005",,,,false,,true,"{}",true,200,false,false
171,Product Name,product_description,Product,str,false,false,false,2.0,false,false,"3006",,,,false,,true,"{}",true,200,false,false
171,Size,size,Product,str,false,false,false,3.0,false,false,"1713005",,,,false,,true,"{}",true,200,false,false
172,Vendor ID,vendor_code,vendor,int,FALSE,FALSE,FALSE,1,FALSE,FALSE,2290,,,,FALSE,,FALSE,{},TRUE,200,FALSE,FALSE
172,Product Name,product_name,vendor,str,FALSE,FALSE,FALSE,1,FALSE,FALSE,2293,,,,FALSE,,TRUE,{},TRUE,200,FALSE,FALSE
172,Min. Order Qty,min_order_quantity,vendor,int,FALSE,TRUE,FALSE,1,FALSE,FALSE,2294,,,,FALSE,,TRUE,{},TRUE,200,FALSE,FALSE
172,Order Multiple,multiple_quantity,vendor,int,FALSE,TRUE,FALSE,1,FALSE,FALSE,2295,,,,FALSE,,TRUE,{},TRUE,200,FALSE,FALSE
172,Cycle time,cycle_time,vendor,int,FALSE,TRUE,FALSE,1,FALSE,FALSE,2296,,,,FALSE,,TRUE,{},TRUE,200,FALSE,FALSE
172,Mfg. Lead time,mfg_lead_time,vendor,int,FALSE,TRUE,FALSE,1,FALSE,FALSE,2297,,,,FALSE,,TRUE,{},TRUE,200,FALSE,FALSE
172,Landed Cost,landed_cost,vendor,int,FALSE,TRUE,FALSE,1,FALSE,FALSE,2298,,,,FALSE,,TRUE,{},TRUE,200,FALSE,FALSE
172,Vendor Name,vendor_name,vendor,str,FALSE,FALSE,FALSE,2,FALSE,FALSE,2291,,,,FALSE,,TRUE,{},TRUE,200,FALSE,FALSE
173,Store Count,store_count,Inventory,int,TRUE,FALSE,FALSE,2,FALSE,FALSE,321099,,,,FALSE,,FALSE,{},FALSE,200,FALSE,FALSE
173,Material Number,article,Inventory,str,TRUE,FALSE,FALSE,1,FALSE,FALSE,2333,,,,FALSE,,TRUE,"{""infiniteScrollingLoader"": true, ""isLevelPresent"": true,""levelName"": ""article"", ""report_type"": ""lost_sales""}",FALSE,200,FALSE,FALSE
173,Fiscal Year,fiscal_year,Inventory,str,FALSE,FALSE,FALSE,3,FALSE,FALSE,2335,,,,FALSE,,FALSE,{},FALSE,200,FALSE,FALSE
173,Fiscal Week,fiscal_week,Inventory,int,FALSE,FALSE,FALSE,4,FALSE,FALSE,2336,,,,FALSE,,FALSE,{},FALSE,200,FALSE,FALSE
173,Style Color ID,style_color_id,inventory,str,FALSE,FALSE,FALSE,5,FALSE,FALSE,321322008,,,,FALSE,,TRUE,{},FALSE,200,FALSE,FALSE
173,WOS,wos_pred,Inventory,int,FALSE,FALSE,FALSE,6,FALSE,FALSE,321323233,,,,FALSE,,FALSE,{},FALSE,200,FALSE,FALSE
173,Style Description,product_description,Inventory,str,FALSE,FALSE,FALSE,8,FALSE,FALSE,55173,,,,FALSE,,TRUE,{},FALSE,200,FALSE,FALSE
173,Style Color,color,Inventory,str,FALSE,FALSE,FALSE,9,FALSE,FALSE,55174,,,,FALSE,,TRUE,{},FALSE,200,FALSE,FALSE
173,Opening Inventory,week_open_balance,Inventory,int,FALSE,FALSE,FALSE,10,FALSE,FALSE,2340,,,,FALSE,,FALSE,{},FALSE,200,FALSE,FALSE
173,Quantity,total_quantity,Inventory,int,FALSE,FALSE,FALSE,11,FALSE,FALSE,321313,,,,FALSE,,FALSE,{},FALSE,200,FALSE,FALSE
173,Cluster Avg Sales,cluster_avg_sales,Inventory,float,FALSE,FALSE,FALSE,12,FALSE,FALSE,2342,,,,FALSE,,FALSE,{},FALSE,200,FALSE,FALSE
173,Lost Opportunity (Units),lost_units,Inventory,int,FALSE,FALSE,FALSE,13,FALSE,FALSE,2343,,,,FALSE,,FALSE,{},FALSE,200,FALSE,FALSE
173,Lost Opportunity (Revenue) $,line_amount,Inventory,float,FALSE,FALSE,FALSE,14,FALSE,FALSE,2344,,,roundOfftoTwoDecimals,FALSE,,FALSE,{},FALSE,200,FALSE,FALSE
173,Lost Sales $,lost_sales,Inventory,float,FALSE,FALSE,FALSE,15,FALSE,FALSE,2345,,,roundOfftoTwoDecimals,FALSE,,FALSE,{},FALSE,200,FALSE,FALSE
173,Brand,brand,Product,str,FALSE,FALSE,FALSE,9.8,FALSE,FALSE,321493,,,,FALSE,,TRUE,{},FALSE,200,FALSE,FALSE
173,Supersede Flag,supersede_flag,Product,str,FALSE,FALSE,FALSE,16,,FALSE,173001,,,,FALSE,,TRUE,{},FALSE,200,FALSE,FALSE
173,Group Division,l0_name,Product,str,False,False,False,9.3,False,False,321256,,,,False,,True,{},True,200,False,False
173,Division,l1_name,Product,str,False,False,False,9.4,False,False,321257,,,,False,,True,{},True,200,False,False
173,Department,l2_name,Product,str,False,False,False,9.5,False,False,321258,,,,False,,True,{},True,200,False,False
173,Sub-Department,l3_name,Product,str,False,False,False,9.6,False,False,321268,,,,False,,True,{},True,200,False,False
173,Class,l4_name,Product,str,FALSE,FALSE,FALSE,9.7,FALSE,FALSE,173002,,,,FALSE,,TRUE,{},TRUE,200,FALSE,FALSE
173,Model Description,model_description,Product,str,FALSE,FALSE,FALSE,8.5,FALSE,FALSE,"551731",,,,FALSE,,TRUE,{},FALSE,200,FALSE,FALSE
174,# Materials,no_style_color,Product,str,FALSE,FALSE,FALSE,1,FALSE,FALSE,2350,,,,FALSE,,TRUE,{},TRUE,300,FALSE,FALSE
174,# Allocated stores,allocated_stores,Product,str,FALSE,FALSE,FALSE,2,FALSE,FALSE,2351,,,,FALSE,,TRUE,{},TRUE,200,FALSE,FALSE
174,Eligible # of stores,all_stores,Product,str,FALSE,FALSE,FALSE,3,FALSE,FALSE,321110,,,,FALSE,,TRUE,{},TRUE,300,FALSE,FALSE
174,Allocated Stores per Material,allocated_stores_per_style_color,Product,str,FALSE,FALSE,FALSE,3,FALSE,FALSE,2352,,,,FALSE,,TRUE,{},TRUE,300,FALSE,FALSE
174,Allocated Quantity,allocated_quantity__dc,Product,str,FALSE,FALSE,FALSE,4,FALSE,FALSE,2346,,,,FALSE,,TRUE,{},TRUE,200,FALSE,FALSE
174,Net DC Available,net_dc_available,Product,str,FALSE,FALSE,FALSE,5,FALSE,FALSE,2349,,,,FALSE,,TRUE,{},TRUE,200,FALSE,FALSE
174,LW Sales $,lw_revenue,Product,str,FALSE,FALSE,FALSE,6,FALSE,FALSE,321111,,,,FALSE,,TRUE,{},TRUE,300,FALSE,FALSE
174,Allocated Quantity (by Size),allocated_quantity__size,Product,str,FALSE,FALSE,FALSE,6,FALSE,FALSE,2347,,,,FALSE,,TRUE,{},TRUE,200,FALSE,FALSE
174,LW Sales Units,lw_qty,Product,int,FALSE,FALSE,FALSE,7,FALSE,FALSE,321112,,,,FALSE,,TRUE,{},TRUE,300,FALSE,FALSE
174,Allocated %,allocation_perc__size,Product,str,FALSE,FALSE,FALSE,8,FALSE,FALSE,321134,,,,FALSE,,TRUE,{},TRUE,200,FALSE,FALSE
175,# Materials,style_color,Product,str,FALSE,FALSE,FALSE,1,FALSE,FALSE,7730,,,,FALSE,,TRUE,{},TRUE,200,FALSE,FALSE
175,# Allocated stores,store_cnt,Product,str,FALSE,FALSE,FALSE,2,FALSE,FALSE,7729,,,,FALSE,,TRUE,{},TRUE,200,FALSE,FALSE
175,LW Sales Units,lw_qty,Product,str,FALSE,FALSE,FALSE,3,FALSE,FALSE,321117,,,,FALSE,,TRUE,{},TRUE,300,FALSE,FALSE
175,LW Sales $,lw_revenue,Product,str,FALSE,FALSE,FALSE,3,FALSE,FALSE,321118,,,,FALSE,,TRUE,{},TRUE,300,FALSE,FALSE
175,Material depth per store,style_color_depth_per_store,Product,str,FALSE,FALSE,FALSE,3,FALSE,FALSE,7728,,,,FALSE,,TRUE,{},TRUE,200,FALSE,FALSE
175,Allocated Quantity,allocated_units,Product,str,FALSE,FALSE,FALSE,4,FALSE,FALSE,7727,,,,FALSE,,TRUE,{},TRUE,200,FALSE,FALSE
175,Net DC Available,inventory_available,Product,str,FALSE,FALSE,FALSE,5,FALSE,FALSE,7726,,,,FALSE,,TRUE,{},TRUE,200,FALSE,FALSE
175,Store Grade - Allocated Index,store_allocated_index,Product,str,FALSE,FALSE,FALSE,6,FALSE,FALSE,7725,,,,FALSE,,TRUE,{},TRUE,200,FALSE,FALSE
175,Store Grade - Allocated Quantity,store_allocated_qty,Product,str,FALSE,FALSE,FALSE,7,FALSE,FALSE,7724,,,,FALSE,,TRUE,{},TRUE,200,FALSE,FALSE
176,Material Number,article,Product,link,TRUE,TRUE,FALSE,1,FALSE,FALSE,7749,,,,FALSE,,TRUE,{},TRUE,200,FALSE,FALSE
176,Style Description,description,Product,str,TRUE,FALSE,FALSE,2,FALSE,FALSE,7731,,,,FALSE,,TRUE,{},TRUE,200,FALSE,FALSE
176,Style Color Id,style_color_id,Inventory,str,TRUE,FALSE,FALSE,2.1,FALSE,FALSE,140,,,,FALSE,,TRUE,"{""width"": 220}",TRUE,200,FALSE,FALSE
176,Style Color,color,Product,str,TRUE,FALSE,FALSE,3,FALSE,FALSE,7746,,,,FALSE,,TRUE,{},TRUE,200,FALSE,FALSE
176,LW Sales Units,lw_qty,Product,str,FALSE,FALSE,FALSE,3,FALSE,FALSE,321113,,,,FALSE,,TRUE,{},TRUE,300,FALSE,FALSE
176,LW Sales $,lw_revenue,Product,str,FALSE,FALSE,FALSE,3,FALSE,FALSE,321114,,,,FALSE,,TRUE,{},TRUE,300,FALSE,FALSE
176,Demand Type,demand_type,Product,str,FALSE,FALSE,FALSE,4,FALSE,FALSE,7745,,,,FALSE,,TRUE,{},TRUE,200,FALSE,FALSE
176,Group Division,l0_name,Product,str,FALSE,FALSE,FALSE,6,FALSE,FALSE,7744,,,,FALSE,,TRUE,{},TRUE,200,FALSE,FALSE
176,Division,l1_name,Product,str,FALSE,FALSE,FALSE,7,FALSE,FALSE,7743,,,,FALSE,,TRUE,{},TRUE,200,FALSE,FALSE
176,Class,l4_name,Product,str,FALSE,FALSE,FALSE,9,FALSE,FALSE,7752,,,,FALSE,,TRUE,{},TRUE,200,FALSE,FALSE
176,# Allocated stores,store,Product,str,FALSE,FALSE,FALSE,10,FALSE,FALSE,7742,,,,FALSE,,TRUE,{},TRUE,200,FALSE,FALSE
176,Total Min,min,Product,str,FALSE,FALSE,FALSE,11,FALSE,FALSE,7741,,,,FALSE,,TRUE,{},TRUE,200,FALSE,FALSE
176,Total Max,max,Product,str,FALSE,FALSE,FALSE,11,FALSE,FALSE,7805,,,,FALSE,,TRUE,{},TRUE,200,FALSE,FALSE
176,Allocated Quantity,allocated_total,Product,str,FALSE,FALSE,FALSE,12,FALSE,FALSE,7740,,,,FALSE,,TRUE,{},TRUE,200,FALSE,FALSE
176,Net DC Available,inventory_available,Product,str,FALSE,FALSE,FALSE,13,FALSE,FALSE,7739,,,,FALSE,,TRUE,{},TRUE,200,FALSE,FALSE
176,Forecasted APS,forecast_aps,Product,float,FALSE,FALSE,FALSE,15,FALSE,FALSE,7737,,,,FALSE,,TRUE,{},TRUE,200,FALSE,FALSE
176,Allocated %,allocated_percentage,Product,str,FALSE,FALSE,FALSE,20,FALSE,FALSE,7732,,,,FALSE,,TRUE,{},TRUE,200,FALSE,FALSE
176,Total Allocated Size Quantity,allocated_quantity_size,Product,str,FALSE,FALSE,FALSE,21,FALSE,FALSE,7734,,,,FALSE,,TRUE,{},TRUE,200,FALSE,FALSE
176,FWOS,actual_wos,Product,str,FALSE,FALSE,FALSE,17,FALSE,FALSE,322007,,,numbersWithComma,FALSE,,TRUE,{},TRUE,200,FALSE,FALSE
176,Store Group,store_group_names,Product,str,FALSE,FALSE,FALSE,4.1,FALSE,FALSE,322056,,,,FALSE,,TRUE,{},TRUE,200,FALSE,FALSE
176,Vendor Case Pack Quantity,vendor_case_pack,Product,int,FALSE,FALSE,FALSE,4.3,,FALSE,322857,,,,FALSE,,FALSE,{},FALSE,200,FALSE,FALSE
176,Pack ID,packs_allocated,Product,str,FALSE,FALSE,FALSE,4.2,,FALSE,322858,,,,FALSE,,FALSE,{},FALSE,200,FALSE,FALSE
176,Model Description,model_description,Product,str,FALSE,FALSE,FALSE,2.05,FALSE,FALSE,"77311",,,,FALSE,,TRUE,{},TRUE,200,FALSE,FALSE
177,Store Number,store_id,Product,link,FALSE,TRUE,FALSE,1,FALSE,FALSE,7775,,,,FALSE,,TRUE,{},TRUE,200,FALSE,FALSE
177,Store Name,store_name,Product,str,FALSE,FALSE,FALSE,2,FALSE,FALSE,7774,,,,FALSE,,TRUE,{},TRUE,200,FALSE,FALSE
177,LW Sales Units,lw_qty,Product,int,FALSE,FALSE,FALSE,3,FALSE,FALSE,321115,,,,FALSE,,TRUE,{},TRUE,300,FALSE,FALSE
177,LW Sales $,lw_revenue,Product,str,FALSE,FALSE,FALSE,3,FALSE,FALSE,321116,,,,FALSE,,TRUE,{},TRUE,300,FALSE,FALSE
177,Store Grade,store_grade,Store,str,FALSE,FALSE,FALSE,3,FALSE,FALSE,9732,,,,FALSE,,TRUE,{},TRUE,200,FALSE,FALSE
177,Forecast APS,forecast_aps,Product,float,FALSE,FALSE,FALSE,4,FALSE,FALSE,7772,,,,FALSE,,TRUE,{},TRUE,200,FALSE,FALSE
177,Store On Hand,oh,Product,int,FALSE,FALSE,FALSE,5,FALSE,FALSE,7771,,,,FALSE,,TRUE,{},TRUE,200,FALSE,FALSE
177,Store On Order,oo,Product,int,FALSE,FALSE,FALSE,6,FALSE,FALSE,7770,,,,FALSE,,TRUE,{},TRUE,200,FALSE,FALSE
177,In Transit to Store,it,Product,int,FALSE,FALSE,FALSE,7,FALSE,FALSE,7769,,,,FALSE,,TRUE,{},TRUE,200,FALSE,FALSE
177,OH+OO+IT,oh_oo_intransit,Product,int,FALSE,FALSE,FALSE,7.1,FALSE,FALSE,98,,,,FALSE,,TRUE,{},TRUE,200,FALSE,FALSE
177,Allocated Total Quantity,allocated_quantity,Product,int,FALSE,FALSE,FALSE,8,FALSE,FALSE,7768,,,,FALSE,,TRUE,"{""defaultSortBy"": ""desc""}",TRUE,200,FALSE,FALSE
177,Allocated for Min.,min,Product,int,FALSE,FALSE,FALSE,9,FALSE,FALSE,7767,,,,FALSE,,TRUE,{},TRUE,200,FALSE,FALSE
177,Allocated for Demand,allocated_for_wos,Product,str,FALSE,FALSE,FALSE,10,FALSE,FALSE,7766,,,,FALSE,,TRUE,{},TRUE,200,FALSE,FALSE
177,Total Min,min_store,Store,str,FALSE,FALSE,FALSE,10,FALSE,FALSE,9733,,,,FALSE,,TRUE,{},TRUE,200,FALSE,FALSE
177,Total Max,max_store,Store,str,FALSE,FALSE,FALSE,10,FALSE,FALSE,9734,,,,FALSE,,TRUE,{},TRUE,200,FALSE,FALSE
177,DC Names,dc,Product,str,FALSE,FALSE,FALSE,11,FALSE,FALSE,7804,,,,FALSE,,TRUE,{},TRUE,200,FALSE,FALSE
177,Net DC Available,dc_avail,Product,int,FALSE,FALSE,FALSE,12,FALSE,FALSE,7764,,,,FALSE,,TRUE,{},TRUE,200,FALSE,FALSE
177,Total Allocated Size Qty,size_value_allocated_eaches,Product,int,FALSE,FALSE,FALSE,15,FALSE,FALSE,7776,,,,FALSE,,TRUE,"{""enableEditOnBlur"": true}",TRUE,200,FALSE,FALSE
177,OH+IT+OO Size,oh_oo_it,Product,str,FALSE,FALSE,FALSE,16,FALSE,FALSE,7761,,,,FALSE,,TRUE,{},TRUE,200,FALSE,FALSE
177,Projected Inventory Position,projected_inventory,Product,str,FALSE,FALSE,FALSE,17,FALSE,FALSE,7807,,,,FALSE,,TRUE,{},TRUE,200,FALSE,FALSE
177,FWOS,actual_wos,Product,float,FALSE,FALSE,FALSE,3,FALSE,FALSE,322011,,,numbersWithComma,FALSE,,TRUE,{},TRUE,200,FALSE,FALSE
177,Lead Time Demand ,lt_forecast,Product,str,FALSE,FALSE,FALSE,7.2,FALSE,FALSE,322021,,,,FALSE,,TRUE,{},TRUE,200,FALSE,FALSE
177,Priority code,priority_code_dc,Product,list,FALSE,FALSE,FALSE,16.1,FALSE,FALSE,321323286,,,,FALSE,,TRUE,"{""disableSubHeader"": true, ""bulkEdit"": false, ""enableEditOnChange"": true, ""disableSubHeader"": true,  ""column_name"": ""priority_code___"", ""options"": [{""label"": ""T"", ""value"": ""T""}, {""label"": ""O"", ""value"": ""O""}, {""label"": ""R"", ""value"": ""R""}, {""label"": ""D"", ""value"": ""D""}, {""label"": ""M"", ""value"": ""M""}, {""label"": ""F"", ""value"": ""F""}, {""label"": ""B"", ""value"": ""B""}, {""label"": ""C"", ""value"": ""C""}, {""label"": ""S"", ""value"": ""S""}, {""label"": ""I"", ""value"": ""I""}, {""label"": ""W"", ""value"": ""W""}, {""label"": ""P"", ""value"": ""P""}]}",TRUE,200,FALSE,FALSE
177,In Store Date,shipping_date__dc,Product,date,FALSE,FALSE,FALSE,18,FALSE,FALSE,3220256,,,DD-MM-YYYY,FALSE,,TRUE,"{""disableSubHeader"": true, ""bulkEdit"": false, ""enableEditOnChange"": false, ""disableSubHeader"": true,  ""column_name"": ""shipping_date___"",""displayDateFormat"":""DD-MM-YYYY""}",TRUE,200,FALSE,FALSE
177,Total Allocated Packs Qty,size_value_allocated,Product,int,FALSE,TRUE,FALSE,15,FALSE,FALSE,322859,,,,FALSE,,TRUE,"{""enableEditOnBlur"": true}",TRUE,200,FALSE,FALSE
177,Eaches,net_available_eaches,Product,int,FALSE,FALSE,FALSE,12.2,,FALSE,322861,7764,,,FALSE,,FALSE,{},FALSE,200,FALSE,FALSE
177,Packs,net_available_packs,Product,int,FALSE,FALSE,FALSE,12.1,,FALSE,322860,7764,,,FALSE,,FALSE,{},FALSE,200,FALSE,FALSE
177,Total,net_available,int,int,FALSE,FALSE,FALSE,12.3,,FALSE,322862,7764,,,FALSE,,FALSE,{},FALSE,200,FALSE,FALSE
177,Store Currency,currency_cd,Store,str,FALSE,FALSE,TRUE,2.5,FALSE,FALSE,3212117,,,,FALSE,,TRUE,{},TRUE,200,FALSE,FALSE
178,Store Number,store_id,Store,link,FALSE,TRUE,FALSE,1,FALSE,FALSE,7720,,,,FALSE,,TRUE,{},TRUE,200,FALSE,FALSE
178,Store Name,store_name,Store,str,FALSE,FALSE,FALSE,2,FALSE,FALSE,7705,,,,FALSE,,TRUE,{},TRUE,200,FALSE,FALSE
178,LW Sales Units,lw_qty,Product,int,FALSE,FALSE,FALSE,3,FALSE,FALSE,321119,,,,FALSE,,TRUE,{},TRUE,300,FALSE,FALSE
178,LW Sales $,lw_revenue,Product,str,FALSE,FALSE,FALSE,3,FALSE,FALSE,321120,,,,FALSE,,TRUE,{},TRUE,300,FALSE,FALSE
178,# Style color,style_color_cnt,Product,str,FALSE,FALSE,FALSE,4,FALSE,FALSE,7718,,,,FALSE,,TRUE,{},TRUE,200,FALSE,FALSE
178,Actual APS,forecast_aps,Product,float,FALSE,FALSE,FALSE,6,FALSE,FALSE,7708,,,,FALSE,,TRUE,{},TRUE,200,FALSE,FALSE
178,Store On Hand,oh,Product,str,FALSE,FALSE,FALSE,7,FALSE,FALSE,7712,,,,FALSE,,TRUE,{},TRUE,200,FALSE,FALSE
178,Store On Order,oo,Product,str,FALSE,FALSE,FALSE,8,FALSE,FALSE,7713,,,,FALSE,,TRUE,{},TRUE,200,FALSE,FALSE
178,In Transit to Store,it,Product,str,FALSE,FALSE,FALSE,9,FALSE,FALSE,7714,,,,FALSE,,TRUE,{},TRUE,200,FALSE,FALSE
178,OH+OO+IT,oh_oo_intransit,Product,str,FALSE,FALSE,FALSE,9.1,FALSE,FALSE,101,,,,FALSE,,TRUE,{},TRUE,200,FALSE,FALSE
178,Total Min,min,Product,str,FALSE,FALSE,FALSE,10,FALSE,FALSE,7709,,,,FALSE,,TRUE,{},TRUE,200,FALSE,FALSE
178,Total Max,max,Product,str,FALSE,FALSE,FALSE,10,FALSE,FALSE,7806,,,,FALSE,,TRUE,{},TRUE,200,FALSE,FALSE
178,Allocated Total Quantity,allocated_total,Product,str,FALSE,FALSE,FALSE,11,FALSE,FALSE,7710,,,,FALSE,,TRUE,{},TRUE,200,FALSE,FALSE
178,Allocated %,allocated_percentage,Product,str,FALSE,FALSE,FALSE,12,FALSE,FALSE,7721,,,,FALSE,,TRUE,{},TRUE,200,FALSE,FALSE
178,Allocated for Min.,allocated_for_min,Product,str,FALSE,FALSE,FALSE,13,FALSE,FALSE,7715,,,,FALSE,,TRUE,{},TRUE,200,FALSE,FALSE
178,Allocated for Demand,allocated_for_wos,Product,str,FALSE,FALSE,FALSE,14,FALSE,FALSE,7717,,,,FALSE,,TRUE,{},TRUE,200,FALSE,FALSE
178,FWOS,actual_wos,Product,float,FALSE,FALSE,FALSE,19,FALSE,FALSE,322015,,,numbersWithComma,FALSE,,TRUE,{},TRUE,200,FALSE,FALSE
178,Lead Time Demand ,lt_forecast,Product,str,FALSE,FALSE,FALSE,9.2,FALSE,FALSE,322022,,,,FALSE,,TRUE,{},TRUE,200,FALSE,FALSE
178,Store Currency,currency_cd,Store,str,FALSE,FALSE,TRUE,2.5,FALSE,FALSE,3212118,,,,FALSE,,TRUE,{},TRUE,200,FALSE,FALSE
179,Vendor ID,vendor_code,vendor,int,FALSE,FALSE,FALSE,1,FALSE,FALSE,51590,,,,FALSE,,FALSE,{},TRUE,200,FALSE,FALSE
179,Vendor Name,vendor_name,vendor,str,FALSE,FALSE,FALSE,2,FALSE,FALSE,51591,,,,FALSE,,TRUE,{},TRUE,200,FALSE,FALSE
179,SKU Name,product_name,vendor,str,FALSE,FALSE,FALSE,4,FALSE,FALSE,51593,,,,FALSE,,TRUE,{},TRUE,200,FALSE,FALSE
179,Product Info.,product_information,vendor,str,FALSE,FALSE,FALSE,5,FALSE,FALSE,51595,,,,FALSE,,TRUE,{},TRUE,200,FALSE,FALSE
179,Group Division,l0_name,vendor,str,FALSE,FALSE,FALSE,5,FALSE,FALSE,51596,51595,,,FALSE,,TRUE,{},TRUE,200,FALSE,FALSE
179,Division,l1_name,vendor,str,FALSE,FALSE,FALSE,5,FALSE,FALSE,51597,51595,,,FALSE,,TRUE,{},TRUE,200,FALSE,FALSE
179,Store Info.,store_information,vendor,str,FALSE,FALSE,FALSE,6,FALSE,FALSE,51599,,,,FALSE,,TRUE,{},TRUE,200,FALSE,FALSE
179,Store Number,retail_facility_code,vendor,str,FALSE,FALSE,FALSE,7,FALSE,FALSE,13526,,,,FALSE,,TRUE,{},TRUE,200,FALSE,FALSE
180,Plan Name,name,Inventory,str,TRUE,FALSE,FALSE,1,FALSE,FALSE,2331,,,,FALSE,,TRUE,"{""infiniteScrollingLoader"": true}",TRUE,220,FALSE,FALSE
180,Plan Code,plan_code,Inventory,str,TRUE,FALSE,FALSE,1,FALSE,FALSE,322000,,,,FALSE,,TRUE,{},TRUE,220,FALSE,FALSE
180,Created By,created_by,Inventory,str,FALSE,FALSE,FALSE,2,FALSE,FALSE,2327,,,,FALSE,,TRUE,{},TRUE,200,FALSE,FALSE
180,Created On,created_at,Inventory,date,FALSE,FALSE,FALSE,3,FALSE,FALSE,2330,,,DD-MM-YYYY,FALSE,,TRUE,{},TRUE,200,FALSE,FALSE
180,# Styles Allocated,no_allocated_articles,Inventory,int,FALSE,FALSE,FALSE,4,FALSE,FALSE,2448,,,,FALSE,,FALSE,{},TRUE,200,FALSE,FALSE
180,# Allocated stores,allocated_store_count,Inventory,int,FALSE,FALSE,FALSE,5,FALSE,FALSE,2449,,,,FALSE,,FALSE,{},TRUE,200,FALSE,FALSE
180,Released At,released_at,Inventory,str,FALSE,FALSE,FALSE,7,FALSE,FALSE,2329,,,DD-MM-YYYY HH:mm:ss,FALSE,,FALSE,{},TRUE,200,FALSE,FALSE
180,Action,action,Inventory,review_btn,FALSE,TRUE,FALSE,8,FALSE,FALSE,2332,,,,FALSE,,FALSE,"{""ignore_in_api"": true}",FALSE,200,FALSE,FALSE
180,Released By,updated_by,Inventory,str,FALSE,FALSE,FALSE,6,FALSE,FALSE,321063,,,,FALSE,,TRUE,{},TRUE,200,FALSE,FALSE
180,Inventory Source,inventory_source,Inventory,str,FALSE,FALSE,FALSE,9,FALSE,FALSE,2338,,,,FALSE,,TRUE,{},TRUE,220,FALSE,FALSE
180,Allocated Quantity,allocated_qty,Inventory,int,FALSE,FALSE,FALSE,3,FALSE,FALSE,321512,,,,FALSE,,FALSE,{},TRUE,200,FALSE,FALSE
180,Total,total_allocated_qty,Inventory,int,FALSE,FALSE,FALSE,3.3,FALSE,FALSE,321502,321512,,,FALSE,,FALSE,{},TRUE,200,FALSE,FALSE
180,Packs,packs_allocated_qty,Inventory,int,FALSE,FALSE,FALSE,3.1,FALSE,FALSE,321505,321512,,,FALSE,,FALSE,{},TRUE,200,FALSE,FALSE
180,Eaches,loose_allocated_qty,Inventory,int,FALSE,FALSE,FALSE,3.2,FALSE,FALSE,321506,321512,,,FALSE,,FALSE,{},TRUE,200,FALSE,FALSE
180,Allocation Type,allocation_type,Inventory,str,False,False,False,9.0,False,False,180001,,,,False,,True,"{""ignore_in_api"": true}",True,200,False,False
181,Store Count,store_count,Inventory,int,TRUE,FALSE,FALSE,2,FALSE,FALSE,13527,,,,FALSE,,FALSE,{},FALSE,200,FALSE,FALSE
181,Material Number,article,Inventory,str,TRUE,FALSE,FALSE,1,FALSE,FALSE,2430,,,,FALSE,,TRUE,"{""infiniteScrollingLoader"": true, ""isLevelPresent"": true,""levelName"": ""article"", ""report_type"": ""excess_inventory""}",FALSE,200,FALSE,FALSE
181,Fiscal Week,fiscal_week,Inventory,int,FALSE,FALSE,FALSE,4,FALSE,FALSE,2429,,,,FALSE,,FALSE,{},FALSE,200,FALSE,FALSE
181,Fiscal Year,fiscal_year,Inventory,str,FALSE,FALSE,FALSE,5,FALSE,FALSE,2428,,,,FALSE,,FALSE,{},FALSE,200,FALSE,FALSE
181,Style Description,product_description,Inventory,str,FALSE,FALSE,FALSE,6,FALSE,FALSE,2432,,,,FALSE,,TRUE,{},FALSE,200,FALSE,FALSE
181,Color,color,Inventory,str,FALSE,FALSE,FALSE,7,FALSE,FALSE,55136,,,,FALSE,,TRUE,{},FALSE,200,FALSE,FALSE
181,Style Color ID,style_color_id,inventory,str,FALSE,FALSE,FALSE,8,FALSE,FALSE,321322009,,,,FALSE,,FALSE,{},FALSE,200,FALSE,FALSE
181,OH,total_oh,Inventory,int,FALSE,FALSE,FALSE,9,FALSE,FALSE,2434,,,,FALSE,,FALSE,{},FALSE,200,FALSE,FALSE
181,OO,total_oo,Inventory,int,FALSE,FALSE,FALSE,10,FALSE,FALSE,2435,,,,FALSE,,FALSE,{},FALSE,200,FALSE,FALSE
181,IT,total_it,Inventory,int,FALSE,FALSE,FALSE,11,FALSE,FALSE,2436,,,,FALSE,,FALSE,{},FALSE,200,FALSE,FALSE
181,Unit Sold,total_week_qty,Inventory,int,FALSE,FALSE,FALSE,12,FALSE,FALSE,2437,,,,FALSE,,FALSE,{},FALSE,200,FALSE,FALSE
181,ROS,total_ros,Inventory,float,FALSE,FALSE,FALSE,13,FALSE,FALSE,2438,,,,FALSE,,FALSE,{},FALSE,200,FALSE,FALSE
181,WOS threshold,total_target_wos,Inventory,int,FALSE,FALSE,FALSE,14,FALSE,FALSE,2439,,,,FALSE,,FALSE,{},FALSE,200,FALSE,FALSE
181,WOS,total_wos_pred,Inventory,int,FALSE,FALSE,FALSE,15,FALSE,FALSE,2440,,,,FALSE,,FALSE,{},FALSE,200,FALSE,FALSE
181,Excess Inventory,total_execss_inv,Inventory,int,FALSE,FALSE,FALSE,16,FALSE,FALSE,2441,,,,FALSE,,FALSE,{},FALSE,200,FALSE,FALSE
181,Excess Inventory($),total_excess_inv_cost,Inventory,float,FALSE,FALSE,FALSE,17,FALSE,FALSE,2442,,,roundOfftoTwoDecimals,FALSE,,FALSE,{},FALSE,200,FALSE,FALSE
181,Inventory Closing Balance,sum_tot_inv,Inventory,int,FALSE,FALSE,FALSE,18,FALSE,FALSE,2443,,,,FALSE,,FALSE,{},FALSE,200,FALSE,FALSE
181,Brand,brand,Product,str,FALSE,FALSE,FALSE,8.5,FALSE,FALSE,321496,,,,FALSE,,TRUE,{},FALSE,200,FALSE,FALSE
181,Supersede Flag,supersede_flag,Product,str,FALSE,FALSE,FALSE,19,FALSE,FALSE,321323281,,,,FALSE,,TRUE,{},FALSE,200,FALSE,FALSE
181,Model Description,model_description,Product,str,FALSE,FALSE,FALSE,6.5,FALSE,FALSE,"24321",,,,FALSE,,TRUE,{},FALSE,200,FALSE,FALSE
181,Min,min_stock,Inventory,int,false,false,false,20.0,false,false,"100000",,,,false,,false,"{}",false,200,false,false
182,DC,dc_name,Inventory,,FALSE,FALSE,FALSE,1,FALSE,FALSE,1200,,,,FALSE,,FALSE,{},TRUE,200,FALSE,FALSE
182,Pack ID,pack_id,Inventory,,FALSE,FALSE,FALSE,2,FALSE,FALSE,1201,,,,FALSE,,FALSE,{},FALSE,200,FALSE,FALSE
182,Sizes,sizes_dynamic,Inventory,int,FALSE,TRUE,FALSE,3,TRUE,FALSE,1204,,,,FALSE,,FALSE,"{""dynamicMaxKey"": ""units_available__""}",TRUE,200,FALSE,FALSE
182,Allocated total quantity,allocated_units,Inventory,,FALSE,FALSE,FALSE,4,FALSE,FALSE,1202,,,,FALSE,,FALSE,{},TRUE,200,FALSE,FALSE
182,Available total quantity,units_available,Inventory,,FALSE,FALSE,FALSE,5,FALSE,FALSE,1203,,,,FALSE,,FALSE,{},TRUE,200,FALSE,FALSE
183,Product ID,product_id,Product,str,FALSE,FALSE,FALSE,1,FALSE,FALSE,17001,,,,FALSE,,TRUE,{},TRUE,200,FALSE,FALSE
183,Colorway Season ID,colorway_season_id,Product,str,FALSE,FALSE,FALSE,3,FALSE,FALSE,17011,,,nonCommaFormatter,FALSE,,TRUE,{},TRUE,200,FALSE,FALSE
183,Colorway ID,colorway_id,Product,str,FALSE,FALSE,FALSE,4,FALSE,FALSE,17003,,,,FALSE,,TRUE,{},TRUE,200,FALSE,FALSE
183,Group Division,l0_name,Product,str,FALSE,FALSE,FALSE,5,TRUE,FALSE,17004,,,,FALSE,,TRUE,{},TRUE,200,FALSE,FALSE
183,Division,l1_name,Product,str,FALSE,FALSE,FALSE,6,TRUE,FALSE,17005,,,,FALSE,,TRUE,{},TRUE,200,FALSE,FALSE
183,Department,l2_name,Product,str,FALSE,FALSE,FALSE,7,TRUE,FALSE,17006,,,,FALSE,,TRUE,{},TRUE,200,FALSE,FALSE
183,Style number,style_no,Product,str,FALSE,FALSE,FALSE,8,FALSE,FALSE,17007,,,,FALSE,,TRUE,{},TRUE,200,FALSE,FALSE
183,Style description,style_des,Product,str,FALSE,FALSE,FALSE,9,FALSE,FALSE,17008,,,,FALSE,,TRUE,{},TRUE,200,FALSE,FALSE
183,Color name,color_name,Product,str,FALSE,FALSE,FALSE,10,FALSE,FALSE,17009,,,,FALSE,,TRUE,{},TRUE,200,FALSE,FALSE
183,Style name,style_name,Product,str,FALSE,FALSE,FALSE,11,FALSE,FALSE,17010,,,,FALSE,,TRUE,{},TRUE,200,FALSE,FALSE
184,Sub Department,l3_name,updated_budget_NLE,attribute,TRUE,FALSE,FALSE,1,FALSE,TRUE,51637,,,,FALSE,name,FALSE,{},TRUE,200,FALSE,FALSE
184,Drops,drop,updated_budget_NLE,str,FALSE,FALSE,FALSE,2,FALSE,FALSE,51638,,,,FALSE,,FALSE,{},TRUE,200,FALSE,FALSE
184,Sub Channel,sub_channel,updated_budget_NLE,str,FALSE,FALSE,FALSE,3,FALSE,FALSE,51646,,,,FALSE,,FALSE,{},TRUE,200,FALSE,FALSE
184,Original Depth,depth_ty,updated_budget_NLE,int,FALSE,FALSE,FALSE,4,FALSE,FALSE,51639,,,,FALSE,sum,FALSE,{},TRUE,125,FALSE,FALSE
184,Updated Depth,new_depth_ty,updated_budget_NLE,int,FALSE,FALSE,FALSE,5,FALSE,FALSE,51640,,,,FALSE,sum,FALSE,{},FALSE,125,FALSE,FALSE
184,Delta Depth,depth_delta,updated_budget_NLE,int,FALSE,FALSE,FALSE,6,FALSE,TRUE,51641,,,,FALSE,sum,TRUE,{},TRUE,125,FALSE,FALSE
184,Original Choice,choice_ty,updated_budget_NLE,int,FALSE,FALSE,FALSE,7,FALSE,TRUE,51642,,,,FALSE,sum,TRUE,{},TRUE,125,FALSE,FALSE
184,Updated Choice,new_choice_ty,updated_budget_NLE,int,FALSE,FALSE,FALSE,8,FALSE,TRUE,51645,,,,FALSE,sum,TRUE,{},TRUE,125,FALSE,FALSE
184,Delta Choice,choice_delta,updated_budget_NLE,int,FALSE,FALSE,FALSE,9,FALSE,TRUE,51643,,,,FALSE,sum,TRUE,{},TRUE,125,FALSE,FALSE
184,Delta Receipts($),receipts_delta,updated_budget_NLE,dollar,FALSE,FALSE,FALSE,10,FALSE,TRUE,51644,,,roundOff,FALSE,sum,FALSE,{},TRUE,150,FALSE,FALSE
185,Sub Department,l3_name,preview_delete_choice,attribute,TRUE,FALSE,FALSE,1,FALSE,TRUE,2450,,,,FALSE,,FALSE,{},TRUE,200,FALSE,FALSE
185,Choice Name,choice_name,preview_delete_choice,str,FALSE,FALSE,FALSE,2,FALSE,FALSE,2451,,,,FALSE,,FALSE,{},TRUE,200,FALSE,FALSE
186,Store Group ID,sg_code,Store,int,TRUE,FALSE,FALSE,1,FALSE,FALSE,7103,,,,FALSE,,TRUE,{},TRUE,200,FALSE,FALSE
186,Store Group Name,name,Store,str,FALSE,FALSE,FALSE,2,FALSE,FALSE,7104,,,,FALSE,,TRUE,{},TRUE,200,FALSE,FALSE
186,# Stores,store_count,Store,int,FALSE,FALSE,FALSE,3,FALSE,FALSE,7105,,,,FALSE,,TRUE,{},TRUE,100,FALSE,FALSE
186,Time Period,time_period,Store,str,FALSE,FALSE,FALSE,4,FALSE,FALSE,7106,,,,FALSE,,TRUE,{},TRUE,100,FALSE,FALSE
187,PO Number,po_code,Product,str,TRUE,FALSE,FALSE,1,FALSE,FALSE,2475,,,,FALSE,,TRUE,{},TRUE,298,FALSE,FALSE
187,Requirement Date,requirement_date,Product,str,TRUE,FALSE,FALSE,2,FALSE,FALSE,2476,,,,FALSE,,TRUE,{},TRUE,298,FALSE,FALSE
187,# Style Colors,count,Product,str,TRUE,FALSE,FALSE,3,FALSE,FALSE,2477,,,,FALSE,,TRUE,{},TRUE,298,FALSE,FALSE
187,Available to Allocate,available_qty,Product,str,TRUE,FALSE,FALSE,5,FALSE,FALSE,2479,,,,FALSE,,TRUE,{},TRUE,298,FALSE,FALSE
188,Action Item,name,Product,str,FALSE,FALSE,FALSE,1,FALSE,FALSE,2481,,,,FALSE,,TRUE,{},TRUE,260,FALSE,FALSE
188,Description,description,Product,str,FALSE,FALSE,FALSE,2,FALSE,FALSE,2483,,,,FALSE,,TRUE,{},TRUE,670,FALSE,FALSE
188,#Materials,article_count,Product,int,FALSE,FALSE,FALSE,4,FALSE,FALSE,2482,,,,FALSE,,TRUE,{},TRUE,260,FALSE,FALSE
188,#Material X Stores,store_count,Product,int,false,false,false,3,false,false,"2485",,,,false,,true,"{}",true,260,false,false
188,Action,action,Product,review_btn,FALSE,TRUE,FALSE,5,FALSE,FALSE,2484,,,,FALSE,,FALSE,"{}",FALSE,200,FALSE,FALSE
189,DC,dc_name,Inventory,,FALSE,FALSE,FALSE,1,FALSE,FALSE,51650,,,,FALSE,,TRUE,{},TRUE,200,FALSE,FALSE
189,'',pack_id,Inventory,,FALSE,FALSE,FALSE,2,FALSE,FALSE,51651,,,,FALSE,,TRUE,{},TRUE,200,FALSE,FALSE
189,Sizes,sizes_dynamic,Inventory,int,FALSE,TRUE,FALSE,3,TRUE,FALSE,51652,,,,FALSE,,TRUE,"{""dynamicMaxKey"": ""units_available__""}",TRUE,200,FALSE,FALSE
190,Material Number,article,Product,str,True,False,False,1.0,False,False,55001,,,,False,,True,"{""infiniteScrollingLoader"": true, ""isLevelPresent"": true, ""levelName"": ""article"", ""report_type"": ""store_stock_drilldown""} ",False,200,False,False
190,Channel,channel,Store,str,False,False,False,2.0,False,False,55002,,,,False,,False,{},False,200,False,False
190,Product Hierarchy,Product Hierarchy,product,str,False,False,False,3.0,False,False,55003,,,,False,,False,"{""clusteredCols"":true}",False,200,False,False
190,Group Division,l0_name,product,str,False,False,False,3.1,False,False,55004,55003,,,False,,True,"{""displayClusteredCol"":true}",False,200,False,False
190,Division,l1_name,product,str,False,False,False,3.3,False,False,55006,55003,,,False,,True,{},False,200,False,False
190,Department,l2_name,product,str,False,False,False,3.4,False,False,55007,55003,,,False,,True,{},False,200,False,False
190,Sub Department,l3_name,product,str,False,False,False,3.5,False,False,55008,55003,,,False,,True,{},False,200,False,False
190,Class,l4_name,product,str,False,False,False,3.6,False,False,55009,55003,,,False,,True,{},False,200,False,False
190,Product Attribute,Product Attribute,product,str,False,False,False,4,False,False,55010,,,,False,,False,"{""clusteredCols"":true}",False,200,False,False
190,Brand,brand,product,str,False,False,False,4.1,False,False,55011,55010,,,False,,True,"{""displayClusteredCol"":true}",False,200,False,False
190,Style Color ID,style_color_id,product,str,False,False,False,4.3,False,False,55013,55010,,,False,,True,{},False,200,False,False
190,Style Description,product_description,Store,str,False,False,False,4.4,False,False,55014,55010,,,False,,True,{},False,200,False,False
190,Model Description,model_description,Product,str,false,false,false,4.5,false,false,55015,55010,,,false,,true,"{}",false,200,false,false
190,Supersede Flag,supersede_flag,Product,str,False,False,False,4.6,,False,55016,55010,,,False,,True,{},False,200,False,False
190,Store Inventory,Store Inventory,product,str,False,False,False,5.0,False,False,55017,,,,False,,False,"{""clusteredCols"":true}",False,200,False,False
190,On Hand,oh,store,int,False,False,False,5.1,False,False,55018,55017,,,False,,False,"{}",False,200,False,False
190,On Order,oo,store,int,False,False,False,5.3,False,False,55020,55017,,,False,,False,{},False,200,False,False
190,In Transit,it,store,int,False,False,False,5.4,False,False,55021,55017,,,False,,False,{},False,200,False,False
190,Total Inventory,tot_inv,store,int,False,False,False,5.5,False,False,55022,55017,,,False,,False,"{""displayClusteredCol"":true}",False,200,False,False
190,Inventory Health Metrics,Inventory Health Metrics,product,str,False,False,False,6.0,False,False,55023,,,,False,,False,"{""clusteredCols"":true}",False,200,False,False
190,Min Stock Ratio,min_stock_ratio,store,int,False,False,False,6.1,False,False,55024,55023,,,False,,False,"{""displayClusteredCol"":true}",False,200,False,False
190,Min Supply Ratio,min_supply_ratio,store,int,False,False,False,6.3,False,False,55026,55023,,,False,,False,{},False,200,False,False
190,In Stock %,instock_pct,store,int,False,False,False,6.4,False,False,55027,55023,,,False,,False,{},False,200,False,False
190,DC Inventory,dc_inventory,product,str,False,False,False,7.0,False,False,55028,,,,False,,True,{},False,200,False,False
190,Constraints Metrics,Constraints Metrics,product,str,False,False,False,8.0,False,False,55030,,,,False,,False,"{""clusteredCols"":true}",False,200,False,False
190,Min Constraint,min_constraints,store,int,False,False,False,8.1,False,False,55031,55030,,,False,,False,"{""displayClusteredCol"":true}",False,200,False,False
190,Max Constraint,max_constraints,store,int,False,False,False,8.3,False,False,55033,55030,,,False,,False,{},False,200,False,False
190,TWOS,twos,store,int,False,False,False,8.4,False,False,55034,55030,,,False,,False,{},False,200,False,False
190,Sales Metrics,Sales Metrics,product,str,False,False,False,9.0,False,False,55035,,,,False,,False,"{""clusteredCols"":true}",False,200,False,False
190,WTD Sales Unit,week_to_date_sales_units,store,int,False,False,False,9.1,False,False,55036,55035,,,False,,False,"{""displayClusteredCol"":true}",False,200,False,False
190,1 Week Ago Sales Units,one_week_ago_sales_units,store,int,False,False,False,9.3,False,False,55038,55035,,,False,,False,{},False,200,False,False
190,Last 3 W Sales Units,three_week_ago_sales_units,store,int,False,False,False,9.4,False,False,55039,55035,,,False,,False,{},False,200,False,False
190,Last 4 W Sales Units,four_week_ago_sales_units,store,int,False,False,False,9.5,False,False,55040,55035,,,False,,False,{},False,200,False,False
190,Demand Metrics,Demand Metrics,product,str,False,False,False,10.0,False,False,55041,,,,False,,False,"{""clusteredCols"":true}",False,200,False,False
190,Capped Demand,capped_demand,store,int,False,False,False,10.1,False,False,55042,55041,,,False,,False,"{""displayClusteredCol"":true}",False,200,False,False
190,Estimated Demand,estimated_demand,store,int,False,False,False,10.3,False,False,55044,55041,,,False,,False,{},False,200,False,False
190,Floorset Date,floorset_date,store,date,False,False,False,11.0,False,False,55045,,,,False,,False,{},False,200,False,False
191,Material Number,article,Product,str,TRUE,FALSE,FALSE,2,FALSE,FALSE,10503,,,,FALSE,,TRUE,{},TRUE,200,FALSE,FALSE
191,Color ID,color_code,Product,str,TRUE,FALSE,FALSE,4,FALSE,FALSE,10505,,,,FALSE,,TRUE,{},TRUE,200,FALSE,FALSE
191,Store Group,store_groups,Product,str,FALSE,FALSE,FALSE,5,FALSE,FALSE,10507,,,,FALSE,,TRUE,{},TRUE,200,FALSE,FALSE
191,Introduction Date,launch_date,Product,date,FALSE,FALSE,FALSE,6,FALSE,FALSE,10508,,,,FALSE,,FALSE,{},TRUE,200,FALSE,FALSE
191,Last Allocated,allocated_time,Product,date,FALSE,FALSE,FALSE,7,FALSE,FALSE,10509,,,,FALSE,,FALSE,{},FALSE,200,FALSE,FALSE
191,Style Color,human_readable_color,Product,str,FALSE,FALSE,FALSE,9,FALSE,FALSE,10512,,,,FALSE,,TRUE,{},TRUE,200,FALSE,FALSE
191,Filters,Filters,Product,str,FALSE,FALSE,FALSE,10,FALSE,FALSE,10513,,,,FALSE,,FALSE,{},TRUE,200,FALSE,FALSE
191,Group Division,l0_name,Product,str,FALSE,FALSE,FALSE,11,FALSE,FALSE,10500,10513,,,FALSE,,TRUE,{},TRUE,200,FALSE,FALSE
191,Division,l1_name,Product,str,FALSE,FALSE,FALSE,12,FALSE,FALSE,10501,10513,,,FALSE,,TRUE,{},TRUE,200,FALSE,FALSE
191,Department,l2_name,Product,str,FALSE,FALSE,FALSE,13,FALSE,FALSE,10514,10513,,,FALSE,,TRUE,{},TRUE,200,FALSE,FALSE
191,Sales Performance,Sales Performance,Product,str,FALSE,FALSE,FALSE,14,FALSE,FALSE,10516,,,,FALSE,,FALSE,{},TRUE,200,FALSE,FALSE
191,LW Units,lw_qty,Product,int,FALSE,FALSE,FALSE,15,FALSE,FALSE,10323,10516,,,FALSE,,FALSE,{},TRUE,200,FALSE,FALSE
191,LW Revenue,lw_revenue,Product,dollar,FALSE,FALSE,FALSE,16,FALSE,FALSE,10517,10516,,,FALSE,,FALSE,{},TRUE,200,FALSE,FALSE
191,LW Margin,lw_margin,Product,dollar,FALSE,FALSE,FALSE,17,FALSE,FALSE,10518,10516,,,FALSE,,FALSE,{},TRUE,200,FALSE,FALSE
191,Promo %,promo,Product,percentage,FALSE,FALSE,FALSE,18,FALSE,FALSE,10519,10516,,,FALSE,,FALSE,{},TRUE,200,FALSE,FALSE
191,Price Point,price,Product,dollar,FALSE,FALSE,FALSE,19,FALSE,FALSE,10520,10516,,,FALSE,,FALSE,{},TRUE,200,FALSE,FALSE
191,Inventory,Inventory,Product,str,FALSE,FALSE,FALSE,20,FALSE,FALSE,10521,,,,FALSE,,FALSE,{},TRUE,200,FALSE,FALSE
191,Bulk Remaining,bulk_remaining,Product,int,FALSE,FALSE,FALSE,21,FALSE,FALSE,10522,10521,,,FALSE,,FALSE,{},TRUE,200,FALSE,FALSE
191,On hand,oh,Product,int,FALSE,FALSE,FALSE,22,FALSE,FALSE,10523,10521,,,FALSE,,FALSE,{},TRUE,200,FALSE,FALSE
191,On Order,oo,Product,int,FALSE,FALSE,FALSE,23,FALSE,FALSE,10070,10521,,,FALSE,,FALSE,{},TRUE,200,FALSE,FALSE
191,InTransit,it,Product,int,FALSE,FALSE,FALSE,24,FALSE,FALSE,10071,,,,FALSE,,FALSE,{},TRUE,200,FALSE,FALSE
191,WOS,wos,Product,int,FALSE,FALSE,FALSE,25,FALSE,FALSE,10072,10521,,,FALSE,,FALSE,{},TRUE,200,FALSE,FALSE
191,Size Integrity(On Hand),si,Product,percentage,FALSE,FALSE,FALSE,26,FALSE,FALSE,10073,10521,,,FALSE,,FALSE,{},TRUE,200,FALSE,FALSE
191,Product Type,article_status_tag,Product,str,FALSE,FALSE,FALSE,32,FALSE,FALSE,10490,,,,FALSE,,TRUE,{},TRUE,200,FALSE,FALSE
192,Approver User ID,updated_by,product,str,FALSE,FALSE,FALSE,1.1,FALSE,FALSE,2533,,,,FALSE,,FALSE,{},FALSE,200,FALSE,FALSE
192,Status Datetime,updated_at,product,datetime,FALSE,FALSE,FALSE,2,FALSE,FALSE,70034,,,,FALSE,,FALSE,{},FALSE,200,FALSE,FALSE
192,Plan Code,plan_code,product,str,FALSE,FALSE,FALSE,3,FALSE,FALSE,2529,,,,FALSE,,FALSE,{},FALSE,200,FALSE,FALSE
192,Inventory Source,inventory_source,product,str,False,False,False,3.1,False,False,192001,,,,False,,False,{},False,200,False,False
192,Division Number,l1_id,product,str,FALSE,FALSE,FALSE,4,FALSE,FALSE,2530,,,,FALSE,,TRUE,{},FALSE,200,FALSE,FALSE
192,Division,l1_name,product,str,FALSE,FALSE,FALSE,5,FALSE,FALSE,2531,,,,FALSE,,TRUE,{},FALSE,200,FALSE,FALSE
192,Department Number,l2_id,product,str,FALSE,FALSE,FALSE,6,FALSE,FALSE,13529,,,,FALSE,,TRUE,{},FALSE,200,FALSE,FALSE
192,Department,l2_name,product,str,FALSE,FALSE,FALSE,7,FALSE,FALSE,144,,,,FALSE,,TRUE,{},FALSE,200,FALSE,FALSE
192,Sub Department Number,l3_id,product,str,FALSE,FALSE,FALSE,9,FALSE,FALSE,2538,,,,FALSE,,TRUE,{},FALSE,200,FALSE,FALSE
192,Sub Department,l3_name,product,str,FALSE,FALSE,FALSE,10,FALSE,FALSE,2540,,,,FALSE,,TRUE,{},FALSE,200,FALSE,FALSE
192,Class Number,l4_id,product,str,FALSE,FALSE,FALSE,11,FALSE,FALSE,70035,,,,FALSE,,TRUE,{},FALSE,200,FALSE,FALSE
192,Class,l4_name,product,str,FALSE,FALSE,FALSE,12,FALSE,FALSE,183,,,,FALSE,,TRUE,{},FALSE,200,FALSE,FALSE
192,Vendor,vendor,product,str,FALSE,FALSE,FALSE,13,FALSE,FALSE,179,,,,FALSE,,TRUE,{},FALSE,200,FALSE,FALSE
192,Color,color_id_og,product,str,FALSE,FALSE,FALSE,14,FALSE,FALSE,184,,,,FALSE,,TRUE,{},FALSE,200,FALSE,FALSE
192,Color Name,color_name_og,product,str,FALSE,FALSE,FALSE,15,FALSE,FALSE,146,,,,FALSE,,TRUE,{},FALSE,200,FALSE,FALSE
192,Style Number,style_og,product,str,FALSE,FALSE,FALSE,16,FALSE,FALSE,70036,,,,FALSE,,TRUE,{},FALSE,200,FALSE,FALSE
192,Style Description,item_desc_og,product,str,FALSE,FALSE,FALSE,17,FALSE,FALSE,145,,,,FALSE,,TRUE,{},FALSE,200,FALSE,FALSE
192,Material Number,article,product,str,FALSE,FALSE,FALSE,1,FALSE,FALSE,147,,,,FALSE,,TRUE,"{""infiniteScrollingLoader"": true,""isLevelPresent"": true, ""report_type"": ""deep_dive_allocation"", ""levelName"": """"}",FALSE,200,FALSE,FALSE
192,Style Color ID,style_color_id_og,product,str,FALSE,FALSE,FALSE,19,FALSE,FALSE,148,,,,FALSE,,TRUE,"{""width"": 220}",FALSE,200,FALSE,FALSE
192,Size,size,product,str,FALSE,FALSE,FALSE,20,FALSE,FALSE,151,,,,FALSE,,TRUE,{},FALSE,200,FALSE,FALSE
192,Size Name,size_name,product,str,FALSE,FALSE,FALSE,21,FALSE,FALSE,153,,,,FALSE,,TRUE,{},FALSE,200,FALSE,FALSE
192,Store Number,retail_facility_code,store,str,FALSE,FALSE,FALSE,22,FALSE,FALSE,159,,,,FALSE,,TRUE,{},FALSE,200,FALSE,FALSE
192,Store Name,store_name,store,str,FALSE,FALSE,FALSE,23,FALSE,FALSE,169,,,,FALSE,,TRUE,{},FALSE,200,FALSE,FALSE
192,Priority Code,priority_code,product,str,FALSE,FALSE,FALSE,24,FALSE,FALSE,171,,,,FALSE,,FALSE,{},FALSE,200,FALSE,FALSE
192,Source WHSE,dc_code,product,str,FALSE,FALSE,FALSE,25,FALSE,FALSE,173,,,,FALSE,,FALSE,{},FALSE,200,FALSE,FALSE
192,Original Available Quantity,available_qty,product,str,FALSE,FALSE,FALSE,26,FALSE,FALSE,196,,,,FALSE,,FALSE,{},FALSE,200,FALSE,FALSE
192,Current Available to Allocate,current_available,product,str,FALSE,FALSE,FALSE,27,FALSE,FALSE,198,,,,FALSE,,FALSE,{},FALSE,200,FALSE,FALSE
192,Allocated Qty.,allocated_qty,product,str,FALSE,FALSE,FALSE,28,FALSE,FALSE,197,,,,FALSE,,FALSE,{},FALSE,200,FALSE,FALSE
192,Allocated Qty. (Non-Edited),allocated_total_orig,product,str,FALSE,FALSE,FALSE,28.1,FALSE,FALSE,521000,,,,FALSE,,FALSE,{},FALSE,200,FALSE,FALSE
192,Is Edited,is_edited,product,str,FALSE,FALSE,FALSE,28.2,FALSE,FALSE,521003,,,,FALSE,,FALSE,{},FALSE,200,FALSE,FALSE
192,Brand,brand,product,str,FALSE,FALSE,FALSE,29,FALSE,FALSE,258,,,,FALSE,,TRUE,{},FALSE,200,FALSE,FALSE
192,Merch Status Desc,merch_status_desc,product,str,FALSE,FALSE,FALSE,30,FALSE,FALSE,257,,,,FALSE,,FALSE,{},FALSE,200,FALSE,FALSE
192,Season,season,product,str,False,False,False,32.0,False,False,308,,,,False,,True,{},FALSE,200,False,False
192,Shape Type,vendor_case_pack,product,str,FALSE,FALSE,FALSE,31,FALSE,FALSE,307,,,,FALSE,,TRUE,{},FALSE,200,FALSE,FALSE
192,Store (OH + OO + IT),oh_oo_intransit,store,int,FALSE,FALSE,FALSE,27.5,FALSE,FALSE,321075,,,,FALSE,,FALSE,{},FALSE,200,FALSE,FALSE
192,Demand,demand,product,float,FALSE,FALSE,FALSE,27.6,FALSE,FALSE,521001,,,,FALSE,,FALSE,{},FALSE,200,FALSE,FALSE
192,Max Suppressing Allocation Flag,max_supression_flag,product,str,FALSE,FALSE,FALSE,28.3,FALSE,FALSE,321064,,,,FALSE,,FALSE,{},FALSE,200,FALSE,FALSE
192,Min (Edited),min,product,int,FALSE,FALSE,FALSE,28.5,FALSE,FALSE,321078,,,,FALSE,,FALSE,{},FALSE,200,FALSE,FALSE
192,Max (Edited),max,product,int,FALSE,FALSE,FALSE,28.6,FALSE,FALSE,321077,,,,FALSE,,FALSE,{},FALSE,200,FALSE,FALSE
192,Min (Non Edited),unedited_min,product,int,FALSE,FALSE,FALSE,28.7,FALSE,FALSE,521004,,,,FALSE,,FALSE,{},FALSE,200,FALSE,FALSE
192,Max (Non Edited),unedited_max,product,int,FALSE,FALSE,FALSE,28.8,FALSE,FALSE,521005,,,,FALSE,,FALSE,{},FALSE,200,FALSE,FALSE
192,FWOS*,wos_predicted,product,float,FALSE,FALSE,FALSE,28.9,FALSE,FALSE,521006,,,,FALSE,,FALSE,{},FALSE,200,FALSE,FALSE
192,Min Influenced Allocation,min_influenced_allocation,product,str,FALSE,FALSE,FALSE,29.3,FALSE,FALSE,521002,,,,FALSE,,FALSE,{},FALSE,200,FALSE,FALSE
192,Allocation Type,allocation_type,product,str,FALSE,FALSE,FALSE,29.4,FALSE,FALSE,521007,,,,FALSE,,FALSE,{},FALSE,200,FALSE,FALSE
192,Estimated Demand,constrained_demand,product,int,false,false,false,29.5,false,false,"1000001",,,,false,,false,"{}",false,200,false,false
192,Unconstrained Demand,original_forecast,product,int,false,false,false,29.6,false,false,"1000000",,,,false,,false,"{}",false,200,false,false
192,Order Rejection Reason,order_rejection_reason,product,str,false,false,false,29.7,false,false,"1000002",,,,false,,false,"{}",false,200,false,false
192,Category,status_tag,product,str,false,false,false,29.8,false,false,"100003",,,,false,,false,"{}",false,200,false,false
192,UPC,upc,product,str,FALSE,FALSE,FALSE,34,FALSE,FALSE,321082,,,,FALSE,,TRUE,{},FALSE,200,FALSE,FALSE
192,IP Short SKU,sku,product,str,FALSE,FALSE,FALSE,35,FALSE,FALSE,321081,,,,FALSE,,TRUE,{},FALSE,200,FALSE,FALSE
192,Store Currency,currency_cd,Store,str,FALSE,FALSE,TRUE,23.5,FALSE,FALSE,321602,,,,FALSE,,FALSE,{},FALSE,200,FALSE,FALSE
192,Pack ID,pack_type_id,product,str,FALSE,FALSE,FALSE,20.1,,FALSE,321577,,,,FALSE,,FALSE,{},FALSE,200,FALSE,FALSE
192,Packs,oh_packs,product,int,FALSE,FALSE,FALSE,27.1,,FALSE,321578,198,,,FALSE,,FALSE,{},FALSE,200,FALSE,FALSE
192,Eaches,oh_eaches,product,int,FALSE,FALSE,FALSE,27.2,,FALSE,321579,198,,,FALSE,,FALSE,{},FALSE,200,FALSE,FALSE
192,Total - Available,current_available,product,int,FALSE,FALSE,FALSE,27.3,,FALSE,321580,198,,,FALSE,,FALSE,{},FALSE,200,FALSE,FALSE
192,Packs,packs_allocated_qty,product,int,FALSE,FALSE,FALSE,28.1,,FALSE,321581,197,,,FALSE,,FALSE,{},FALSE,200,FALSE,FALSE
192,Eaches,loose_allocated_qty,product,int,FALSE,FALSE,FALSE,28.2,,FALSE,321582,197,,,FALSE,,FALSE,{},FALSE,200,FALSE,FALSE
192,Total,allocated_qty,product,int,FALSE,FALSE,FALSE,28.3,,FALSE,321583,197,,,FALSE,,FALSE,{},FALSE,200,FALSE,FALSE
192,Supersede Flag,supersede_flag,Product,str,FALSE,FALSE,FALSE,36,,FALSE,321187,,,,FALSE,,TRUE,{},FALSE,200,FALSE,FALSE
192,Vendor Case Pack Quantity,case_pack_qty,product,int,FALSE,FALSE,FALSE,20.2,,FALSE,322866,,,,FALSE,,FALSE,{},FALSE,200,FALSE,FALSE
192,Model Description,model_description,Product,str,FALSE,FALSE,FALSE,17.5,FALSE,FALSE,"1451",,,,FALSE,,TRUE,{},FALSE,200,FALSE,FALSE
193,Group Division,l0_name,bop,str,TRUE,FALSE,FALSE,1,TRUE,TRUE,2557,,,,FALSE,,FALSE,{},TRUE,200,FALSE,FALSE
193,Division,l1_name,bop,str,TRUE,FALSE,FALSE,2,TRUE,TRUE,2558,,,,FALSE,,FALSE,{},TRUE,200,FALSE,FALSE
193,Department,l2_name,bop,str,TRUE,FALSE,FALSE,3,FALSE,TRUE,2559,,,,FALSE,,FALSE,{},TRUE,200,FALSE,FALSE
193,Sub Department,l3_name,bop,str,TRUE,FALSE,FALSE,4,FALSE,TRUE,2560,,,,FALSE,name,FALSE,{},TRUE,200,FALSE,FALSE
193,Benchmark Cost $,bop_receipt,bop,int,TRUE,FALSE,FALSE,5,TRUE,TRUE,2561,,,,FALSE,,FALSE,{},TRUE,200,FALSE,FALSE
193,BOP Quantity,bop_qty,bop,int,TRUE,FALSE,FALSE,6,TRUE,TRUE,2562,,,,FALSE,,FALSE,{},TRUE,200,FALSE,FALSE
193,Benchmark Choice Count,bop_choice_count,bop,int,TRUE,FALSE,FALSE,7,FALSE,TRUE,2563,,,,FALSE,,FALSE,{},TRUE,200,FALSE,FALSE
193,Choice view,style_view,bop,review_icon,TRUE,TRUE,FALSE,8,FALSE,TRUE,2564,,,,FALSE,,FALSE,{},TRUE,200,FALSE,FALSE
194,Channel,channel,store,str,FALSE,FALSE,FALSE,1,FALSE,FALSE,2583,,,,FALSE,,TRUE,{},TRUE,200,FALSE,FALSE
194,Group Division,l0_name,product,str,FALSE,FALSE,FALSE,2,FALSE,FALSE,2584,,,,FALSE,,TRUE,{},TRUE,200,FALSE,FALSE
194,Division,l1_name,product,str,FALSE,FALSE,FALSE,3,FALSE,FALSE,2585,,,,FALSE,,TRUE,{},TRUE,200,FALSE,FALSE
194,Department,l2_name,product,str,FALSE,FALSE,FALSE,4,FALSE,FALSE,2586,,,,FALSE,,TRUE,{},TRUE,200,FALSE,FALSE
195,Store Number,retail_facility_code,store,str,TRUE,FALSE,FALSE,1,FALSE,FALSE,13530,,,,FALSE,,TRUE,{},FALSE,200,FALSE,FALSE
195,Store Name,store_name,store,str,TRUE,FALSE,FALSE,2,FALSE,FALSE,2591,,,,FALSE,,TRUE,{},FALSE,200,FALSE,FALSE
195,Group Division,l0_name,product,str,TRUE,FALSE,FALSE,3,FALSE,FALSE,2592,,,,FALSE,,TRUE,{},FALSE,200,FALSE,FALSE
195,Division,l1_name,product,str,TRUE,FALSE,FALSE,4,FALSE,FALSE,2593,,,,FALSE,,TRUE,{},FALSE,200,FALSE,FALSE
196,Department,l2_name,product,str,FALSE,FALSE,FALSE,5,FALSE,FALSE,2594,,,,FALSE,,TRUE,{},FALSE,200,FALSE,FALSE
196,Style,style,store,str,FALSE,FALSE,FALSE,6,FALSE,FALSE,2600,,,,FALSE,,TRUE,{},FALSE,200,FALSE,FALSE
196,Current ROS,current_ros,other,int,FALSE,FALSE,FALSE,8,FALSE,FALSE,2599,,,,FALSE,,FALSE,{},FALSE,200,FALSE,FALSE
196,OH Inventory,oh_inventory,other,int,FALSE,FALSE,FALSE,9,FALSE,FALSE,2596,,,,FALSE,,FALSE,{},FALSE,200,FALSE,FALSE
196,Forecast for next 6 week,forecast_for_next_6_weeks,other,int,FALSE,FALSE,FALSE,10,FALSE,FALSE,2597,,,,FALSE,,FALSE,{},FALSE,200,FALSE,FALSE
196,Target WOS,target_wos,other,int,FALSE,TRUE,FALSE,11,FALSE,FALSE,2598,,,,FALSE,,FALSE,{},FALSE,200,FALSE,FALSE
196,Scheduled receipt unit,scheduled_receipt_unit,other,int,FALSE,FALSE,FALSE,12,FALSE,FALSE,2595,,,,FALSE,,FALSE,{},FALSE,200,FALSE,FALSE
197,Store Number,retail_facility_code,Inventory,str,FALSE,FALSE,FALSE,1,FALSE,FALSE,13531,,,,FALSE,,TRUE,{},TRUE,200,FALSE,FALSE
197,Store Name,store_name,Inventory,str,FALSE,FALSE,FALSE,1,FALSE,FALSE,55165,,,,FALSE,,TRUE,{},TRUE,200,FALSE,FALSE
197,Plan Name,plan_name,Inventory,str,FALSE,FALSE,FALSE,2,FALSE,FALSE,2620,,,,FALSE,,TRUE,{},TRUE,200,FALSE,FALSE
197,Unit Allocated,unit_allocated,Inventory,str,FALSE,FALSE,FALSE,3,FALSE,FALSE,2621,,,,FALSE,,TRUE,{},TRUE,200,FALSE,FALSE
198,Dimension,dimension,Others,list,FALSE,TRUE,FALSE,1,FALSE,FALSE,7279,,,,FALSE,,FALSE,{},TRUE,200,FALSE,FALSE
198,Filter,column_name,Others,list,FALSE,TRUE,FALSE,2,FALSE,FALSE,7268,,,,FALSE,,FALSE,{},TRUE,200,FALSE,FALSE
198,Level,level,Others,list,FALSE,TRUE,FALSE,3,FALSE,FALSE,7269,,,,FALSE,,FALSE,{},TRUE,200,FALSE,FALSE
198,Functionality,display_type,Others,list,FALSE,TRUE,FALSE,4,FALSE,FALSE,7270,,,,FALSE,,FALSE,{},TRUE,200,FALSE,FALSE
198,Filter Type,filter_type,Others,list,FALSE,TRUE,FALSE,5,FALSE,FALSE,7271,,,,FALSE,,FALSE,{},TRUE,200,FALSE,FALSE
198,Mandatory,is_mandatory,Others,ToogleField,FALSE,TRUE,FALSE,6,FALSE,FALSE,7272,,,,FALSE,,FALSE,{},TRUE,200,FALSE,FALSE
198,Multi Select,is_multiple_selection,Others,ToogleField,FALSE,TRUE,FALSE,4.0,FALSE,FALSE,727227,,,,FALSE,,FALSE,{},TRUE,200,FALSE,FALSE
198,Actions,action,Others,delete_icon,FALSE,TRUE,FALSE,7,FALSE,FALSE,7273,,,,FALSE,,FALSE,{},TRUE,200,FALSE,FALSE
198,Editable,is_editable,Others,ToogleField,FALSE,TRUE,FALSE,8,FALSE,FALSE,7274,,,,FALSE,,FALSE,{},TRUE,200,FALSE,FALSE
198,Hidden,is_hidden,Others,ToogleField,FALSE,TRUE,FALSE,9,FALSE,FALSE,7276,,,,FALSE,,FALSE,{},TRUE,200,FALSE,FALSE
198,Searchable,is_searchable,Others,ToogleField,FALSE,TRUE,FALSE,10,FALSE,FALSE,7277,,,,FALSE,,FALSE,{},TRUE,200,FALSE,FALSE
198,Sortable,is_sortable,Others,ToogleField,FALSE,TRUE,FALSE,11,FALSE,FALSE,7278,,,,FALSE,,FALSE,{},TRUE,200,FALSE,FALSE
198,Label,label,Others,str,FALSE,TRUE,FALSE,12,FALSE,FALSE,7280,,,,FALSE,,FALSE,{},TRUE,200,FALSE,FALSE
200,File Name,name,file,str,TRUE,FALSE,TRUE,1,FALSE,FALSE,7127,,,,FALSE,,TRUE,{},TRUE,200,FALSE,FALSE
200,Version,version,file,str,FALSE,FALSE,TRUE,2,FALSE,FALSE,7128,,,,FALSE,,TRUE,{},TRUE,200,FALSE,FALSE
200,Created at,timeCreated,file,str,FALSE,FALSE,TRUE,3,FALSE,FALSE,7129,,,,FALSE,,TRUE,{},TRUE,200,FALSE,FALSE
200,View,url,file,str,FALSE,FALSE,TRUE,4,FALSE,FALSE,7130,,,,FALSE,,TRUE,{},TRUE,200,FALSE,FALSE
202,Material Number,article,Product,str,true,false,false,1.0,false,false,"5504590",,,,false,,true,"{}",false,200,false,false
202,Channel,channel,Store,str,false,false,false,2.0,false,false,"5504591",,,,false,,false,"{}",false,200,false,false
202,Group Division,l0_name,product,str,false,false,false,3.0,false,false,"5504593",,,,false,,true,"{}",false,200,false,false
202,Division,l1_name,product,str,false,false,false,4.0,false,false,"5504594",,,,false,,true,"{}",false,200,false,false
202,Department,l2_name,product,str,false,false,false,5.0,false,false,"5504595",,,,false,,true,"{}",false,200,false,false
202,Sub Department,l3_name,product,str,false,false,false,6.0,false,false,"5504596",,,,false,,true,"{}",false,200,false,false
202,Class,l4_name,product,str,false,false,false,7.0,false,false,"5504597",,,,false,,true,"{}",false,200,false,false
202,Brand,brand,product,str,false,false,false,8.0,false,false,"5504599",,,,false,,true,"{}",false,200,false,false
202,Style Color ID,style_color_id,product,str,false,false,false,9.0,false,false,"55045100",,,,false,,true,"{}",false,200,false,false
202,Style Description,product_description,Store,str,false,false,false,10.0,false,false,"55045101",,,,false,,true,"{}",false,200,false,false
202,Model Description,model_description,Product,str,false,false,false,11.0,false,false,"55045102",,,,false,,true,"{}",false,200,false,false
202,Supersede Flag,supersede_flag,Product,str,false,false,false,12.0,false,false,"55045103",,,,false,,true,"{}",false,200,false,false
202,On Hand,oh,store,int,false,false,false,13.0,false,false,"55045105",,,,false,,false,"{}",false,200,false,false
202,On Order,oo,store,int,false,false,false,14.0,false,false,"55045106",,,,false,,false,"{}",false,200,false,false
202,In Transit,it,store,int,false,false,false,15.0,false,false,"55045107",,,,false,,false,"{}",false,200,false,false
202,Total Inventory,tot_inv,store,int,false,false,false,16.0,false,false,"55045108",,,,false,,false,"{}",false,200,false,false
202,Min Stock Ratio,min_stock_ratio,store,int,false,false,false,17.0,false,false,"55045110",,,,false,,false,"{}",false,200,false,false
202,Min Supply Ratio,min_supply_ratio,store,int,false,false,false,18.0,false,false,"55045126",,,,false,,false,"{}",false,200,false,false
202,In Stock %,instock_pct,store,int,false,false,false,19.0,false,false,"55045111",,,,false,,false,"{}",false,200,false,false
202,Min Constraint,min_constraints,store,int,false,false,false,21.0,false,false,"55045114",,,,false,,false,"{}",false,200,false,false
202,Max Constraint,max_constraints,store,int,false,false,false,22.0,false,false,"55045115",,,,false,,false,"{}",false,200,false,false
202,TWOS,twos,store,int,false,false,false,23.0,false,false,"55045116",,,,false,,false,"{}",false,200,false,false
202,WTD Sales Unit,week_to_date_sales_units,store,int,false,false,false,24.0,false,false,"55045118",,,,false,,false,"{}",false,200,false,false
202,"1 Week Ago Sales Units",one_week_ago_sales_units,store,int,false,false,false,25.0,false,false,"55045119",,,,false,,false,"{}",false,200,false,false
202,Last 3 W Sales Units,three_week_ago_sales_units,store,int,false,false,false,26.0,false,false,"55045120",,,,false,,false,"{}",false,200,false,false
202,Last 4 W Sales Units,four_week_ago_sales_units,store,int,false,false,false,27.0,false,false,"55045121",,,,false,,false,"{}",false,200,false,false
202,Capped Demand,capped_demand,store,int,false,false,false,28.0,false,false,"55045123",,,,false,,false,"{}",false,200,false,false
202,Estimated Demand,estimated_demand,store,int,false,false,false,29.0,false,false,"55045124",,,,false,,false,"{}",false,200,false,false
202,Floorset Date,floorset_date,store,date,false,false,false,30.0,false,false,"55045125",,,,false,,false,"{}",false,200,false,false
203,Country,country,Store,str,false,false,false,2.0,false,false,"5504542",,,,false,,false,"{}",false,200,false,false
203,Channel,channel,Store,str,false,false,false,3.0,false,false,"5504543",,,,false,,false,"{}",false,200,false,false
203,Store Code,retail_facility_code,Store,str,false,false,false,4.0,false,false,"5504544",,,,false,,false,"{}",false,200,false,false
203,Store Name,store_name,Store,str,false,false,false,5.0,false,false,"5504545",,,,false,,false,"{}",true,200,false,false
203,Financial Zone,financial_zone,Store,str,false,false,false,6.0,false,false,"5504546",,,,false,,false,"{}",false,200,false,false
203,Store Currency,currency_cd,Store,str,false,false,false,7.0,false,false,"5504547",,,,false,,false,"{}",false,200,false,false
203,Group Division,l0_name,product,str,false,false,false,8.0,false,false,"5504549",,,,false,,false,"{}",false,200,false,false
203,Division,l1_name,product,str,false,false,false,9.0,false,false,"5504550",,,,false,,false,"{}",false,200,false,false
203,Department,l2_name,product,str,false,false,false,10.0,false,false,"5504551",,,,false,,false,"{}",false,200,false,false
203,Sub Department,l3_name,product,str,false,false,false,11.0,false,false,"5504552",,,,false,,false,"{}",false,200,false,false
203,Class,l4_name,product,str,false,false,false,12.0,false,false,"5504553",,,,false,,false,"{}",false,200,false,false
203,Brand,brand,product,str,false,false,false,13.0,false,false,"5504555",,,,false,,false,"{}",false,200,false,false
203,Style Color ID,style_color_id,product,str,false,false,false,14.0,false,false,"5504556",,,,false,,false,"{}",false,200,false,false
203,Style Description,product_description,Store,str,false,false,false,15.0,false,false,"5504557",,,,false,,false,"{}",false,200,false,false
203,Model Description,model_description,Product,str,false,false,false,16.0,false,false,"5504558",,,,false,,false,"{}",false,200,false,false
203,Supersede Flag,supersede_flag,Product,str,false,false,false,17.0,false,false,"5504559",,,,false,,false,"{}",false,200,false,false
203,On Hand,oh,store,int,false,false,false,18.0,false,false,"5504561",,,,false,,false,"{}",false,200,false,false
203,On Order,oo,store,int,false,false,false,19.0,false,false,"5504562",,,,false,,false,"{}",false,200,false,false
203,In Transit,it,store,int,false,false,false,20.0,false,false,"5504563",,,,false,,false,"{}",false,200,false,false
203,Total Inventory,tot_inv,store,int,false,false,false,21.0,false,false,"5504564",,,,false,,false,"{}",false,200,false,false
203,Min Stock Ratio,min_stock_ratio,store,int,false,false,false,22.0,false,false,"5504566",,,,false,,false,"{}",false,200,false,false
203,Min Supply Ratio,min_supply_ratio,store,int,false,false,false,23.0,false,false,"5504567",,,,false,,false,"{}",false,200,false,false
203,Min Constraint,min_constraints,store,int,false,false,false,25.0,false,false,"5504570",,,,false,,false,"{}",false,200,false,false
203,Max Constraint,max_constraints,store,int,false,false,false,26.0,false,false,"5504571",,,,false,,false,"{}",false,200,false,false
203,TWOS,twos,store,int,false,false,false,27.0,false,false,"5504572",,,,false,,false,"{}",false,200,false,false
203,WTD Sales Unit,week_to_date_sales_units,store,int,false,false,false,28.0,false,false,"5504574",,,,false,,false,"{}",false,200,false,false
203,"1 Week Ago Sales Units",one_week_ago_sales_units,store,int,false,false,false,29.0,false,false,"5504575",,,,false,,false,"{}",false,200,false,false
203,Last 3 W Sales Units,three_week_ago_sales_units,store,int,false,false,false,30.0,false,false,"5504576",,,,false,,false,"{}",false,200,false,false
203,Last 4 W Sales Units,four_week_ago_sales_units,store,int,false,false,false,31.0,false,false,"5504577",,,,false,,false,"{}",false,200,false,false
203,Capped Demand,capped_demand,store,int,false,false,false,32.0,false,false,"5504579",,,,false,,false,"{}",false,200,false,false
203,Estimated Demand,estimated_demand,store,int,false,false,false,33.0,false,false,"5504580",,,,false,,false,"{}",false,200,false,false
203,Floorset Date,floorset_date,store,date,false,false,false,34.0,false,false,"5504581",,,,false,,false,"{}",false,200,false,false
203,Material Number,article,Product,str,true,false,false,1.0,false,false,"5504540",,,,false,,false,"{}",false,200,false,false
204,Material Number,article,Product,str,true,false,false,1.0,false,false,"55045130",,,,false,,false,"{}",false,200,false,false
204,Country,country,Store,str,false,false,false,2.0,false,false,"55045132",,,,false,,false,"{}",false,200,false,false
204,Channel,channel,Store,str,false,false,false,3.0,false,false,"55045133",,,,false,,false,"{}",false,200,false,false
204,Store Code,retail_facility_code,Store,str,false,false,false,4.0,false,false,"55045134",,,,false,,false,"{}",false,200,false,false
204,Store Name,store_name,Store,str,false,false,false,5.0,false,false,"55045135",,,,false,,false,"{}",false,200,false,false
204,Financial Zone,financial_zone,Store,str,false,false,false,6.0,false,false,"55045136",,,,false,,false,"{}",false,200,false,false
204,Store Currency,currency_cd,Store,str,false,false,false,7.0,false,false,"55045137",,,,false,,false,"{}",false,200,false,false
204,Group Division,l0_name,product,str,false,false,false,8.0,false,false,"55045139",,,,false,,false,"{}",false,200,false,false
204,Division,l1_name,product,str,false,false,false,9.0,false,false,"55045140",,,,false,,false,"{}",false,200,false,false
204,Department,l2_name,product,str,false,false,false,10.0,false,false,"55045141",,,,false,,false,"{}",false,200,false,false
204,Sub Department,l3_name,product,str,false,false,false,11.0,false,false,"55045142",,,,false,,false,"{}",false,200,false,false
204,Class,l4_name,product,str,false,false,false,12.0,false,false,"55045143",,,,false,,false,"{}",false,200,false,false
204,Size,size,product,str,false,false,false,13.0,false,false,"55045144",,,,false,,false,"{}",false,200,false,false
204,UPC,upc,product,str,false,false,false,14.0,false,false,"55045145",,,,false,,false,"{}",false,200,false,false
204,Product Code,product_code,product,str,false,false,false,15.0,false,false,"55045146",,,,false,,false,"{}",false,200,false,false
204,Brand,brand,product,str,false,false,false,16.0,false,false,"55045148",,,,false,,false,"{}",false,200,false,false
204,Style Color ID,style_color_id,product,str,false,false,false,17.0,false,false,"55045149",,,,false,,false,"{}",false,200,false,false
204,Style Description,product_description,Store,str,false,false,false,18.0,false,false,"55045150",,,,false,,false,"{}",false,200,false,false
204,Model Description,model_description,Product,str,false,false,false,19.0,false,false,"55045151",,,,false,,false,"{}",false,200,false,false
204,Supersede Flag,supersede_flag,Product,str,false,false,false,20.0,false,false,"55045152",,,,false,,false,"{}",false,200,false,false
204,On Hand,oh,store,int,false,false,false,21.0,false,false,"55045154",,,,false,,false,"{}",false,200,false,false
204,On Order,oo,store,int,false,false,false,22.0,false,false,"55045155",,,,false,,false,"{}",false,200,false,false
204,In Transit,it,store,int,false,false,false,23.0,false,false,"55045156",,,,false,,false,"{}",false,200,false,false
204,Total Inventory,tot_inv,store,int,false,false,false,24.0,false,false,"55045157",,,,false,,false,"{}",false,200,false,false
204,Min Stock Ratio,min_stock_ratio,store,int,false,false,false,25.0,false,false,"55045159",,,,false,,false,"{}",false,200,false,false
204,Min Supply Ratio,min_supply_ratio,store,int,false,false,false,26.0,false,false,"55045160",,,,false,,false,"{}",false,200,false,false
204,In Stock % Details,instock_pct_details,store,int,false,false,false,27.0,false,false,"55045161",,,,false,,false,"{}",false,200,false,false
204,Negative Store OH,negative_inventory_oh,store,str,false,false,false,28.0,false,false,"55045162",,,,false,,false,"{}",false,200,false,false
204,Min Constraint,min_constraints,store,int,false,false,false,30.0,false,false,"55045165",,,,false,,false,"{}",false,200,false,false
204,Max Constraint,max_constraints,store,int,false,false,false,31.0,false,false,"55045166",,,,false,,false,"{}",false,200,false,false
204,TWOS,twos,store,int,false,false,false,32.0,false,false,"55045167",,,,false,,false,"{}",false,200,false,false
204,WTD Sales Unit,week_to_date_sales_units,store,int,false,false,false,33.0,false,false,"55045169",,,,false,,false,"{}",false,200,false,false
204,"1 Week Ago Sales Units",one_week_ago_sales_units,store,int,false,false,false,34.0,false,false,"55045170",,,,false,,false,"{}",false,200,false,false
204,Last 3 W Sales Units,three_week_ago_sales_units,store,int,false,false,false,35.0,false,false,"55045171",,,,false,,false,"{}",false,200,false,false
204,Last 4 W Sales Units,four_week_ago_sales_units,store,int,false,false,false,36.0,false,false,"55045172",,,,false,,false,"{}",false,200,false,false
204,Capped Demand,capped_demand,store,int,false,false,false,38.0,false,false,"55045174",,,,false,,false,"{}",false,200,false,false
204,Estimated Demand,estimated_demand,store,int,false,false,false,39.0,false,false,"55045175",,,,false,,false,"{}",false,200,false,false
209,Products,product_code,product,list,FALSE,TRUE,FALSE,1,FALSE,FALSE,55078,,,,FALSE,,FALSE,{},FALSE,200,FALSE,FALSE
209,Store ID,store_code,store,list,FALSE,TRUE,FALSE,2,FALSE,FALSE,13532,,,,FALSE,,FALSE,{},FALSE,200,FALSE,FALSE
209,Delete,delete_icon,product,delete_icon,FALSE,TRUE,FALSE,3,FALSE,FALSE,55077,,,,FALSE,,FALSE,{},FALSE,200,FALSE,FALSE
220,Store Number,store_code,Inventory,str,FALSE,FALSE,FALSE,1,FALSE,FALSE,321400,,,,FALSE,,TRUE,{},TRUE,200,FALSE,FALSE
220,Store name,store_name,Inventory,str,FALSE,FALSE,FALSE,2,FALSE,FALSE,321402,,,,FALSE,,TRUE,{},TRUE,200,FALSE,FALSE
220,Sizes,sizes,Inventory,str,FALSE,FALSE,FALSE,3,FALSE,FALSE,321403,,,,FALSE,,TRUE,{},TRUE,200,FALSE,FALSE
220,Store Currency,currency_cd,Inventory,str,FALSE,FALSE,FALSE,2.5,FALSE,FALSE,321999,,,,FALSE,,TRUE,{},TRUE,200,FALSE,FALSE
221,DC,store_code,Inventory,str,FALSE,FALSE,FALSE,1,FALSE,FALSE,321404,,,,FALSE,,TRUE,{},TRUE,200,FALSE,FALSE
221,Sizes,sizes,Inventory,str,FALSE,FALSE,FALSE,2,FALSE,FALSE,321407,,,,FALSE,,TRUE,{},TRUE,200,FALSE,FALSE
316,Store,store,Store,radio,TRUE,TRUE,FALSE,1,FALSE,FALSE,55190,,,,FALSE,,TRUE,{},FALSE,200,FALSE,FALSE
316,Store-Grade,store_grade,Store,radio,TRUE,TRUE,FALSE,2,FALSE,FALSE,55191,,,,FALSE,,TRUE,{},FALSE,200,FALSE,FALSE
316,Store-Eligibility-Group,store_group,Store,radio,TRUE,TRUE,FALSE,3,FALSE,FALSE,2487,,,,FALSE,,TRUE,{},FALSE,200,FALSE,FALSE
317,Material Number,article,Inventory,link,TRUE,TRUE,FALSE,1,FALSE,FALSE,2545,,,,FALSE,,TRUE,{},TRUE,200,FALSE,FALSE
317,Allocation Plan Name,plan_name,Inventory,str,TRUE,FALSE,FALSE,2,FALSE,FALSE,55164,,,,FALSE,,TRUE,{},TRUE,200,FALSE,FALSE
317,Style Description,product_description,Inventory,str,FALSE,FALSE,FALSE,3,FALSE,FALSE,2549,,,,FALSE,,TRUE,{},TRUE,200,FALSE,FALSE
317,Style Color,color,Inventory,str,FALSE,FALSE,FALSE,4,FALSE,FALSE,2542,,,,FALSE,,TRUE,{},TRUE,200,FALSE,FALSE
317,Total Unit Allocated,unit_allocated,Inventory,str,FALSE,FALSE,FALSE,5,FALSE,FALSE,2548,,,,FALSE,,TRUE,{},TRUE,200,FALSE,FALSE
317,DC Available,dc_available,Inventory,str,FALSE,FALSE,FALSE,6,FALSE,FALSE,2547,,,,FALSE,,TRUE,{},TRUE,200,FALSE,FALSE
317,Reserve Quantity,reserve_quantity,Inventory,str,FALSE,FALSE,FALSE,12,FALSE,FALSE,2546,,,,FALSE,,TRUE,{},TRUE,200,FALSE,FALSE
317,Brand,brand,Product,str,FALSE,FALSE,FALSE,4.8,FALSE,FALSE,321500,,,,FALSE,,TRUE,{},FALSE,200,FALSE,FALSE
317,Model Description,model_description,Product,str,FALSE,FALSE,FALSE,3.5,FALSE,FALSE,"25491",,,,FALSE,,TRUE,{},FALSE,200,FALSE,FALSE
318,Store Number,retail_facility_code,Inventory,link,TRUE,TRUE,FALSE,1,FALSE,FALSE,13533,,,,FALSE,,TRUE,{},TRUE,200,FALSE,FALSE
318,Store Name,store_name,Inventory,str,TRUE,FALSE,FALSE,2,FALSE,FALSE,2551,,,,FALSE,,TRUE,{},TRUE,200,FALSE,FALSE
318,Unit Allocated,unit_allocated,Inventory,str,FALSE,FALSE,FALSE,3,FALSE,FALSE,2550,,,,FALSE,,TRUE,{},TRUE,200,FALSE,FALSE
318,IT,it,Inventory,str,FALSE,FALSE,FALSE,5,FALSE,FALSE,2554,,,,FALSE,,TRUE,{},TRUE,200,FALSE,FALSE
318,OH,oh,Inventory,str,FALSE,FALSE,FALSE,6,FALSE,FALSE,2555,,,,FALSE,,TRUE,{},TRUE,200,FALSE,FALSE
318,OO,oo,Inventory,str,FALSE,FALSE,FALSE,7,FALSE,FALSE,2556,,,,FALSE,,TRUE,{},TRUE,200,FALSE,FALSE
318,Store Currency,currency_cd,Store,str,FALSE,FALSE,TRUE,2.5,FALSE,FALSE,321603,,,,FALSE,,FALSE,{},FALSE,200,FALSE,FALSE
319,Actuals,transaction_qty,Product,int,FALSE,FALSE,FALSE,2,FALSE,FALSE,2566,,,,FALSE,,TRUE,{},TRUE,200,FALSE,FALSE
319,IA Forecast (var%),actual_vs_predicted_percentage,Product,str,FALSE,FALSE,FALSE,3,FALSE,FALSE,2567,,,,FALSE,,TRUE,{},TRUE,200,FALSE,FALSE
320,Sizes,sizes_dynamic,Inventory,int,FALSE,FALSE,FALSE,3,FALSE,FALSE,9560,,,,FALSE,,TRUE,"{""dynamicMaxKey"": ""units_available__"",""ignoreSuppressSizeToFit"":""true""}",TRUE,200,FALSE,FALSE
321,Material Number,article,Product,str,FALSE,FALSE,FALSE,1,FALSE,FALSE,2569,,,,FALSE,,TRUE,{},TRUE,200,FALSE,FALSE
321,Group Division,l0_name,Product,str,FALSE,FALSE,FALSE,2,FALSE,FALSE,2572,,unique,,FALSE,,TRUE,{},TRUE,200,FALSE,FALSE
321,Division,l1_name,Product,str,FALSE,FALSE,FALSE,3,FALSE,FALSE,2571,,unique,,FALSE,,TRUE,{},TRUE,200,FALSE,FALSE
321,Department,l2_name,Product,str,FALSE,FALSE,FALSE,4,FALSE,FALSE,2570,,unique,,FALSE,,TRUE,{},TRUE,200,FALSE,FALSE
322,Material Number,article,Product,str,FALSE,FALSE,FALSE,1,FALSE,FALSE,2573,,,,FALSE,,TRUE,{},TRUE,200,FALSE,FALSE
322,Group Division,l0_name,Product,str,FALSE,FALSE,FALSE,2,FALSE,FALSE,2576,,unique,,FALSE,,TRUE,{},TRUE,200,FALSE,FALSE
322,Division,l1_name,Product,str,FALSE,FALSE,FALSE,3,FALSE,FALSE,2575,,unique,,FALSE,,TRUE,{},TRUE,200,FALSE,FALSE
322,Department,l2_name,Product,str,FALSE,FALSE,FALSE,4,FALSE,FALSE,2574,,unique,,FALSE,,TRUE,{},TRUE,200,FALSE,FALSE
323,Pack Name,name,Product,str,FALSE,FALSE,FALSE,1,FALSE,FALSE,2581,,,,FALSE,,TRUE,{},TRUE,200,FALSE,FALSE
323,Product Name,product_name,Product,str,FALSE,FALSE,FALSE,2,FALSE,FALSE,2582,,,,FALSE,,TRUE,{},TRUE,240,FALSE,FALSE
323,Material Number,article,Product,str,FALSE,FALSE,FALSE,3,FALSE,FALSE,2577,,,,FALSE,,TRUE,{},TRUE,200,FALSE,FALSE
323,Group Division,l0_name,Product,str,FALSE,FALSE,FALSE,4,FALSE,FALSE,2580,,unique,,FALSE,,TRUE,{},TRUE,200,FALSE,FALSE
323,Division,l1_name,Product,str,FALSE,FALSE,FALSE,5,FALSE,FALSE,2579,,unique,,FALSE,,TRUE,{},TRUE,220,FALSE,FALSE
323,Department,l2_name,Product,str,FALSE,FALSE,FALSE,6,FALSE,FALSE,2578,,unique,,FALSE,,TRUE,{},TRUE,200,FALSE,FALSE
324,PO Code,po_code,Product,str,FALSE,FALSE,FALSE,1,FALSE,FALSE,2605,,,,FALSE,,TRUE,{},TRUE,210,FALSE,FALSE
324,Material Number,article,Product,str,FALSE,FALSE,FALSE,2,FALSE,FALSE,2606,,,,FALSE,,TRUE,{},TRUE,210,FALSE,FALSE
324,Group Division,l0_name,Product,str,FALSE,FALSE,FALSE,3,FALSE,FALSE,2607,,unique,,FALSE,,TRUE,{},TRUE,210,FALSE,FALSE
324,Division,l1_name,Product,str,FALSE,FALSE,FALSE,4,FALSE,FALSE,2608,,unique,,FALSE,,TRUE,{},TRUE,210,FALSE,FALSE
324,Department,l2_name,Product,str,FALSE,FALSE,FALSE,5,FALSE,FALSE,2609,,unique,,FALSE,,TRUE,{},TRUE,210,FALSE,FALSE
324,Available to Allocate,available_qty,Product,str,FALSE,FALSE,FALSE,7,FALSE,FALSE,2610,,,,FALSE,,TRUE,{},TRUE,210,FALSE,FALSE
325,Plan Code,plan_code,Inventory,str,TRUE,FALSE,FALSE,1,FALSE,FALSE,55193,,,,FALSE,,FALSE,{},TRUE,200,FALSE,FALSE
325,Name,name,Inventory,str,FALSE,FALSE,FALSE,2,FALSE,FALSE,55192,,,,FALSE,,TRUE,{},TRUE,200,FALSE,FALSE
325,Channel,channel,Inventory,str,FALSE,FALSE,FALSE,3,FALSE,FALSE,55194,,,,FALSE,,TRUE,{},TRUE,200,FALSE,FALSE
325,Group Division,l0_name,Inventory,str,FALSE,FALSE,FALSE,4,FALSE,FALSE,55195,,,,FALSE,,TRUE,{},TRUE,200,FALSE,FALSE
325,Division,l1_name,Inventory,str,FALSE,FALSE,FALSE,5,FALSE,FALSE,55196,,,,FALSE,,TRUE,{},TRUE,200,FALSE,FALSE
325,Department,l2_name,Inventory,str,FALSE,FALSE,FALSE,7,FALSE,FALSE,55103,,,,FALSE,,TRUE,{},TRUE,200,FALSE,FALSE
325,Total Allocated,allocated_total,Inventory,int,FALSE,FALSE,FALSE,9,FALSE,FALSE,55200,,,,FALSE,,FALSE,{},TRUE,200,FALSE,FALSE
325,Inventory Available,inv_avai,Inventory,int,FALSE,FALSE,FALSE,10,FALSE,FALSE,55201,,,,FALSE,,FALSE,{},TRUE,200,FALSE,FALSE
325,Style Description,product_description,Inventory,str,FALSE,FALSE,FALSE,11,FALSE,FALSE,321170,,,,FALSE,,FALSE,{},FALSE,200,FALSE,FALSE
325,Color Name,color_name,Inventory,str,FALSE,FALSE,FALSE,12,FALSE,FALSE,321166,,,,FALSE,,FALSE,{},FALSE,200,FALSE,FALSE
325,Coordinate Description,rtl_coordinate_group_desc,Inventory,str,FALSE,FALSE,FALSE,15,FALSE,FALSE,321169,,,,FALSE,,FALSE,{},FALSE,200,FALSE,FALSE
325,Action,action,Inventory,review_btn,FALSE,TRUE,FALSE,16,FALSE,FALSE,55300,,,,FALSE,,FALSE,{},FALSE,200,FALSE,FALSE
326,Plan Code,plan_code,Inventory,str,TRUE,FALSE,FALSE,1,FALSE,FALSE,9104,,,,FALSE,,FALSE,{},TRUE,200,FALSE,FALSE
326,Name,name,Inventory,str,FALSE,FALSE,FALSE,2,FALSE,FALSE,9100,,,,FALSE,,TRUE,{},TRUE,200,FALSE,FALSE
326,Material Number,article,Inventory,str,TRUE,FALSE,FALSE,3,FALSE,FALSE,9111,,,,FALSE,,TRUE,{},TRUE,200,FALSE,FALSE
326,Channel,channel,Inventory,str,FALSE,FALSE,FALSE,4,FALSE,FALSE,9105,,,,FALSE,,TRUE,{},TRUE,200,FALSE,FALSE
326,Style Color,color,Inventory,str,TRUE,FALSE,FALSE,4,FALSE,FALSE,55098,,,,FALSE,,TRUE,{},TRUE,200,FALSE,FALSE
326,Group Division,l0_name,Inventory,str,FALSE,FALSE,FALSE,5,FALSE,FALSE,9106,,,,FALSE,,TRUE,{},TRUE,200,FALSE,FALSE
326,Division,l1_name,Inventory,str,FALSE,FALSE,FALSE,6,FALSE,FALSE,9107,,,,FALSE,,TRUE,{},TRUE,200,FALSE,FALSE
326,Department,l2_name,Inventory,str,FALSE,FALSE,FALSE,8,FALSE,FALSE,55100,,,,FALSE,,TRUE,{},TRUE,200,FALSE,FALSE
326,Total Allocated,allocated_total,Inventory,int,FALSE,FALSE,FALSE,14,FALSE,FALSE,9112,,,,FALSE,,FALSE,{},TRUE,200,FALSE,FALSE
326,Inventory Available,inv_avai,Inventory,int,FALSE,FALSE,FALSE,15,FALSE,FALSE,9113,,,,FALSE,,FALSE,{},TRUE,200,FALSE,FALSE
326,Default Store Groups,selected_store_group_names,Inventory,str,false,false,false,16.0,false,false,"91051",,,,false,,true,"{}",true,200,false,false
326,Brand,brand,Product,str,FALSE,FALSE,FALSE,11,FALSE,FALSE,321487,,,,FALSE,,TRUE,{},TRUE,200,FALSE,FALSE
326,Vendor Case Pack Quantity,vendor_case_pack,Inventory,str,false,false,false,21.0,,false,"3218701",,,,false,,true,"{}",true,200,false,false
330,Cluster Name,name,Other,str,TRUE,FALSE,FALSE,1,FALSE,TRUE,2900,,,,FALSE,,TRUE,{},TRUE,200,FALSE,FALSE
330,Created By,created_by,Other,str,FALSE,FALSE,FALSE,2,FALSE,TRUE,2903,,,,FALSE,,TRUE,{},TRUE,200,FALSE,FALSE
330,Created On,created_at,Other,DateTimeField,FALSE,FALSE,FALSE,3,FALSE,TRUE,2904,,,,FALSE,,TRUE,{},TRUE,200,FALSE,FALSE
330,Updated On,updated_at,Other,DateTimeField,FALSE,FALSE,FALSE,4,FALSE,FALSE,2905,,,,FALSE,,TRUE,{},TRUE,200,FALSE,FALSE
330,Hierarchy,hierarchy_level,Other,str,FALSE,FALSE,FALSE,5,TRUE,TRUE,2906,,,,FALSE,,TRUE,{},TRUE,200,FALSE,FALSE
330,Reference Period,selling_period,Other,DateTimeField,FALSE,FALSE,FALSE,6,FALSE,TRUE,2907,,,,FALSE,,TRUE,{},TRUE,200,FALSE,FALSE
330,Channel Type,channel,Other,array,FALSE,FALSE,FALSE,7,FALSE,TRUE,2908,,,,FALSE,,TRUE,{},TRUE,200,FALSE,FALSE
330,Sub Channel,sub_channel,Other,array,FALSE,FALSE,FALSE,8,FALSE,TRUE,55080,,,,FALSE,,TRUE,{},TRUE,200,FALSE,FALSE
330,Status,status,Other,str,FALSE,FALSE,FALSE,10,TRUE,TRUE,2910,,,,FALSE,,TRUE,{},TRUE,200,FALSE,FALSE
330,Plan Step,plan_step_desc,Other,str,FALSE,FALSE,FALSE,11,FALSE,FALSE,2911,,,,FALSE,,TRUE,{},TRUE,200,FALSE,FALSE
331,Cluster Code,cluster_code,Other,str,TRUE,FALSE,FALSE,1,FALSE,FALSE,50018,,,,FALSE,,FALSE,{},FALSE,200,FALSE,FALSE
331,Channel,channel,Other,str,FALSE,FALSE,FALSE,2,TRUE,FALSE,50020,,,roundOff,FALSE,,FALSE,{},FALSE,150,FALSE,FALSE
331,Display Cluster Name,cluster_name,Other,str,FALSE,TRUE,FALSE,3,FALSE,FALSE,50019,,,roundOff,FALSE,,FALSE,{},FALSE,150,FALSE,FALSE
350,Store Number,retail_facility_code,Product Mapping,str,FALSE,FALSE,FALSE,1,FALSE,TRUE,13534,,,,FALSE,,TRUE,{},TRUE,200,FALSE,FALSE
350,Store Name,store_name,Product Mapping,str,FALSE,FALSE,FALSE,2,FALSE,TRUE,55073,,,,FALSE,,TRUE,{},TRUE,200,FALSE,FALSE
350,District,s2_name,Product Mapping,str,FALSE,FALSE,FALSE,4,FALSE,TRUE,55075,,,,FALSE,,TRUE,{},TRUE,200,FALSE,FALSE
350,Region Description,s1_name,Product Mapping,str,FALSE,FALSE,FALSE,5,FALSE,TRUE,55128,,,,FALSE,,TRUE,{},TRUE,200,FALSE,FALSE
350,Store Currency,currency_cd,Store,str,FALSE,FALSE,TRUE,6,FALSE,FALSE,321296,,,,FALSE,,TRUE,{},TRUE,200,FALSE,FALSE
350,Source Is Uploaded?,created_type,Product Mapping,boolean,false,false,false,6.0,false,true,"1353435",,,,false,,true,"{}",true,200,false,false
350,Updated At,updated_at,Product Mapping,datetime,false,false,false,8.0,false,true,"350_updated_at_Updated At_Product Mapping",,,DD-MM-YYYY HH:mm:ss,false,,true,"{}",true,200,false,false
350,Updated By,updated_by,Product Mapping,str,false,false,false,9.0,false,true,"350_updated_by_Updated By_Product Mapping",,,,false,,true,"{}",true,200,false,false
351,Store Number,retail_facility_code,store,str,FALSE,FALSE,FALSE,1,FALSE,FALSE,55176,,,,FALSE,,TRUE,{},TRUE,200,FALSE,FALSE
351,Store Name,store_name,store,str,FALSE,FALSE,FALSE,3,TRUE,FALSE,55177,,,,FALSE,,TRUE,{},TRUE,200,FALSE,FALSE
351,Transit Time,transit_time,store,float,FALSE,TRUE,FALSE,4,FALSE,FALSE,60175,,,,FALSE,,FALSE,{},TRUE,200,FALSE,FALSE
690,PO Number,raw_po_code,Product,str,FALSE,FALSE,FALSE,1,FALSE,FALSE,690001,,,,FALSE,,TRUE,{},TRUE,298,false,false
690,Source Warehouse,dest_whouse,Product,str,FALSE,FALSE,FALSE,1,FALSE,FALSE,690002,,,,FALSE,,TRUE,{},TRUE,298,false,false
690,Sizes,sizes,Product,str,FALSE,FALSE,FALSE,1,FALSE,FALSE,690003,,,,FALSE,,TRUE,{},TRUE,298,false,false
4000,KPI/Metric,metric,other,str,TRUE,FALSE,FALSE,1,FALSE,TRUE,7250,,,,FALSE,,FALSE,{},FALSE,200,FALSE,FALSE
4000,Formula,formula,other,str,FALSE,FALSE,FALSE,2,FALSE,TRUE,7229,,,,FALSE,,FALSE,{},FALSE,200,FALSE,FALSE
4000,Default Visibility,default_visibility,other,bool,FALSE,TRUE,FALSE,3,FALSE,TRUE,7252,,,,FALSE,,FALSE,{},FALSE,200,FALSE,FALSE
4000,Lock,lock,other,list,FALSE,TRUE,FALSE,4,FALSE,TRUE,7251,,,,FALSE,,FALSE,{},FALSE,200,FALSE,FALSE
4000,Dependency,dependency,other,str,FALSE,FALSE,FALSE,5,FALSE,TRUE,7253,,,,FALSE,,FALSE,{},FALSE,200,FALSE,FALSE
4001,Store Code,retail_facility_code,Store,str,FALSE,FALSE,FALSE,1,FALSE,FALSE,321068,,,,FALSE,,TRUE,{},TRUE,200,FALSE,FALSE
4001,Store Name,store_name,Store,str,FALSE,FALSE,FALSE,2,FALSE,FALSE,321124,,,,FALSE,,TRUE,{},TRUE,200,FALSE,FALSE
4001,Channel,channel,Store,str,FALSE,FALSE,FALSE,3,FALSE,FALSE,321135,,,,FALSE,,TRUE,{},TRUE,200,FALSE,FALSE
4001,Sub Department,l3_name,Store,str,FALSE,FALSE,FALSE,4,FALSE,FALSE,321148,,,,FALSE,,TRUE,{},TRUE,200,FALSE,FALSE
4001,Brand,brand,Product,str,FALSE,FALSE,FALSE,5,FALSE,FALSE,321149,,,,FALSE,,TRUE,{},TRUE,200,FALSE,FALSE
4001,Group Division,l0_name,Product,str,FALSE,FALSE,FALSE,6,FALSE,FALSE,321150,,,,FALSE,,TRUE,{},TRUE,200,FALSE,FALSE
4001,Division,l1_name,Product,str,FALSE,FALSE,FALSE,7,FALSE,FALSE,321154,,,,FALSE,,TRUE,{},TRUE,200,FALSE,FALSE
4001,Department,l2_name,Product,str,FALSE,FALSE,FALSE,8,FALSE,FALSE,321151,,,,FALSE,,TRUE,{},TRUE,200,FALSE,FALSE
4001,Class,l4_name,Product,str,FALSE,FALSE,FALSE,9,FALSE,FALSE,321152,,,,FALSE,,TRUE,{},TRUE,200,FALSE,FALSE
4001,Material Number,article,Product,str,FALSE,FALSE,FALSE,12,FALSE,FALSE,321096,,,,FALSE,,TRUE,{},TRUE,200,FALSE,FALSE
4001,Original Capacity,original_capacity,Store,int,FALSE,FALSE,FALSE,14,TRUE,FALSE,4001006,,,,FALSE,,TRUE,{},TRUE,200,FALSE,FALSE
4001,Store Physical Capacity,unit_capacity,Store,int,FALSE,FALSE,FALSE,14,TRUE,FALSE,321098,4001006,,,FALSE,,TRUE,{},TRUE,200,FALSE,FALSE
4001,Store Daily Capacity,receipt_capacity,Store,int,FALSE,FALSE,FALSE,14,TRUE,FALSE,4001001,4001006,,,FALSE,,TRUE,{},TRUE,200,FALSE,FALSE
4001,Daily Carton Capacity,carton_capacity,Store,int,FALSE,FALSE,FALSE,14,TRUE,FALSE,4001002,4001006,,,FALSE,,TRUE,{},TRUE,200,FALSE,FALSE
4001,OH+OO+IT,store_inv,Product,int,FALSE,FALSE,FALSE,15,FALSE,FALSE,321153,,,,FALSE,,TRUE,{},TRUE,200,FALSE,FALSE
4001,Allocated Reserve,allocated_reserve_qty,Product,int,FALSE,FALSE,FALSE,16,FALSE,FALSE,321084,,,,FALSE,,TRUE,{},TRUE,200,FALSE,FALSE
4001,DC Net Available,net_available,Product,int,FALSE,FALSE,FALSE,17,FALSE,FALSE,321086,,,,FALSE,,TRUE,{},TRUE,200,FALSE,FALSE
4001,Net Available Capacity,net_available_capacity,Store,int,FALSE,FALSE,FALSE,14,TRUE,FALSE,4001005,,,,FALSE,,TRUE,{},TRUE,200,FALSE,FALSE
4001,Store Physical Capacity,net_capacity,Store,int,FALSE,FALSE,FALSE,18,FALSE,FALSE,321087,4001005,,,FALSE,,TRUE,{},TRUE,200,FALSE,FALSE
4001,Store Daily Capacity,net_receipt_capacity,Store,int,FALSE,FALSE,FALSE,18,FALSE,FALSE,4001003,4001005,,,FALSE,,TRUE,{},TRUE,200,FALSE,FALSE
4001,Daily Carton Capacity,net_carton_capacity,Store,int,FALSE,FALSE,FALSE,18,FALSE,FALSE,4001004,4001005,,,FALSE,,TRUE,{},TRUE,200,FALSE,FALSE
4001,Current Allocation Recom.,allocated_qty,Product,link,FALSE,TRUE,FALSE,19,FALSE,FALSE,321088,,,,FALSE,,TRUE,{},TRUE,200,FALSE,FALSE
4001,TWOS,twos,Product,int,FALSE,FALSE,FALSE,21,FALSE,FALSE,321091,,,,FALSE,,TRUE,{},TRUE,200,FALSE,FALSE
4001,FWOS,fwos,Product,int,FALSE,FALSE,FALSE,22,FALSE,FALSE,321092,,,,FALSE,,TRUE,{},TRUE,200,FALSE,FALSE
4001,LW Sales Units,lw_qty,Product,int,FALSE,FALSE,FALSE,23,FALSE,FALSE,321093,,,,FALSE,,TRUE,{},TRUE,200,FALSE,FALSE
4001,LW Sales $,lw_revenue,Product,int,FALSE,FALSE,FALSE,24,FALSE,FALSE,321136,,,,FALSE,,TRUE,{},TRUE,200,FALSE,FALSE
4001,LW Sales Margin,lw_margin,Product,int,FALSE,FALSE,FALSE,25,FALSE,FALSE,321147,,,,FALSE,,TRUE,{},TRUE,200,FALSE,FALSE
4001,2 Week Ago Sales,sales_2_ago,Product,int,FALSE,FALSE,FALSE,27,FALSE,FALSE,321138,,,,FALSE,,TRUE,{},TRUE,200,FALSE,FALSE
4001,3 Week Ago Sales,sales_3_ago,Product,int,FALSE,FALSE,FALSE,28,FALSE,FALSE,321137,,,,FALSE,,TRUE,{},TRUE,200,FALSE,FALSE
4001,4 Week Ago Sales,sales_4_ago,Product,int,FALSE,FALSE,FALSE,29,FALSE,FALSE,331141,,,,FALSE,,TRUE,{},TRUE,200,FALSE,FALSE
4001,Store Currency,currency_cd,Store,str,FALSE,FALSE,TRUE,2.5,FALSE,FALSE,321206,,,,FALSE,,TRUE,{},TRUE,200,FALSE,FALSE
4001,Total,net_available,Product,int,FALSE,FALSE,FALSE,17.3,,FALSE,322562,321086,,,FALSE,,FALSE,{},FALSE,200,FALSE,FALSE
4001,Packs,net_available_packs,Product,int,FALSE,FALSE,FALSE,17.1,,FALSE,322563,321086,,,FALSE,,FALSE,{},FALSE,200,FALSE,FALSE
4001,Eaches,net_available_eaches,Product,int,FALSE,FALSE,FALSE,17.2,,FALSE,322564,321086,,,FALSE,,FALSE,{},FALSE,200,FALSE,FALSE
4001,Total,allocated_qty,Product,link,FALSE,TRUE,FALSE,19.3,,FALSE,322565,321088,,,FALSE,,FALSE,{},FALSE,200,FALSE,FALSE
4001,Packs,packs_allocated_qty,Product,int,FALSE,FALSE,FALSE,19.1,,FALSE,322566,321088,,,FALSE,,FALSE,{},FALSE,200,FALSE,FALSE
4001,Eaches,loose_units_allocated,Product,int,FALSE,FALSE,FALSE,19.2,,FALSE,322567,321088,,,FALSE,,FALSE,{},FALSE,200,FALSE,FALSE
210,Transit Time,transit_time_og,store,int,FALSE,TRUE,FALSE,4,FALSE,FALSE,6101,,,roundOfftoTwoDecimals,FALSE,,FALSE,"{""updateOnBlur"":true}",TRUE,200,FALSE,FALSE
210,Store Name,store_name,Store,str,TRUE,FALSE,TRUE,1,FALSE,FALSE,6102,,,,FALSE,,TRUE,{},TRUE,200,FALSE,FALSE
210,Channel,channel,Store,str,FALSE,FALSE,TRUE,2,FALSE,FALSE,6103,,,,FALSE,,TRUE,{},TRUE,200,FALSE,FALSE
210,Store Number,retail_facility_code,Store,str,TRUE,FALSE,TRUE,1,FALSE,FALSE,6105,,,,FALSE,,TRUE,"{""isLevelPresent"": true, ""levelName"": ""store_lead_time""}",TRUE,200,FALSE,FALSE
210,DC Rank,dc_rank,store,int,FALSE,TRUE,FALSE,5.1,FALSE,FALSE,6106,,,,FALSE,,FALSE,"{""canBeDisabled"": true}",TRUE,200,FALSE,FALSE
210,DC Processing Time,processing_time,store,int,FALSE,TRUE,FALSE,3,FALSE,FALSE,6107,,,roundOfftoTwoDecimals,FALSE,,FALSE,"{""updateOnBlur"":true}",TRUE,200,FALSE,FALSE
210,DC,dc_name,Store,str,FALSE,FALSE,FALSE,2,FALSE,FALSE,6104,,,,FALSE,,TRUE,{},TRUE,200,FALSE,FALSE
210,Store Lead Time,lead_time,store,float,FALSE,FALSE,FALSE,5,FALSE,FALSE,321322220,,,roundOfftoTwoDecimals,FALSE,,FALSE,{},TRUE,200,FALSE,FALSE
210,Updated By,user_name,Store,str,FALSE,FALSE,FALSE,6,FALSE,FALSE,321322221,,,,FALSE,,TRUE,{},TRUE,200,FALSE,FALSE
210,Updated At,updated_at,Store,str,FALSE,FALSE,FALSE,7,FALSE,FALSE,321322222,,,,FALSE,,FALSE,{},FALSE,200,FALSE,FALSE
210,Region,region,Store,str,FALSE,FALSE,FALSE,2.1,,FALSE,321322223,,,,FALSE,,TRUE,{},TRUE,200,FALSE,FALSE
210,Climate,climate,Store,str,FALSE,FALSE,FALSE,2.2,,FALSE,321322224,,,,FALSE,,TRUE,{},TRUE,200,FALSE,FALSE
210,City,s4_name,Store,str,FALSE,FALSE,FALSE,2.3,,FALSE,321322225,,,,FALSE,,TRUE,{},TRUE,200,FALSE,FALSE
210,State,s3_name,Store,str,FALSE,FALSE,FALSE,2.4,,FALSE,321322226,,,,FALSE,,TRUE,{},TRUE,200,FALSE,FALSE
210,District,district,Store,str,FALSE,FALSE,FALSE,2.5,,FALSE,321322227,,,,FALSE,,TRUE,{},TRUE,200,FALSE,FALSE
210,Country,s1_name,Store,str,FALSE,FALSE,FALSE,2.6,,FALSE,321322228,,,,FALSE,,TRUE,{},TRUE,200,FALSE,FALSE
210,Store Currency,currency_cd,Store,str,FALSE,FALSE,TRUE,1.5,FALSE,FALSE,321604,,,,FALSE,,TRUE,{},TRUE,200,FALSE,FALSE
123,Material Number,article,Product,str,True,False,False,1.0,False,False,10001,,,,False,,True,"{""infiniteScrollingLoader"":""true"",""NoDownloadEstimationMessage"":""true""}",True,200,False,False
123,Style Description,product_description,Product,str,true,false,false,18.2,false,false,"10004","321214",,,false,,true,"{""displayClusteredCol"":true}",true,200,false,false
123,Product Hierarchy,Product Hierarchy,Product,str,false,false,false,17.0,false,false,"10019",,,,false,,true,"{}",true,200,false,false
123,Group Division,l0_name,Product,str,false,false,false,17.1,false,false,"10016","10019",,,false,,true,"{""displayClusteredCol"":true}",true,200,false,false
123,LW Margin,lw_margin,Product,dollar,false,false,false,21.93,false,false,"10022","321466",,,false,,false,"{}",false,120,false,false
123,Store Inventory, Store Inventory,Product,str,false,false,false,19.0,false,false,"10025",,,,false,,false,"{}",false,120,false,false
123,Week to date sales,week_to_date_sales,Inventory,int,false,false,false,21.2,false,false,"10039","321466",,roundOff,false,,false,"{}",false,200,false,false
123,"2 W Ago Sales Units",sales_2_ago,Product,link,false,false,false,21.4,false,false,"10041","321466",,roundOff,false,,false,"{""isRangeFilter"": true}",false,240,false,false
123,"3 W Ago Sales Units",sales_3_ago,Product,link,false,false,false,21.5,false,false,"10042","321466",,roundOff,false,,false,"{""isRangeFilter"": true}",false,240,false,false
123,"4 W Ago Sales Units",sales_4_ago,Product,link,false,false,false,21.6,false,false,"10043","321466",,roundOff,false,,false,"{""isRangeFilter"": true}",false,240,false,false
123,"5 W Ago Sales Units",sales_5_ago,Product,link,false,false,false,21.7,false,false,"10054","321466",,roundOff,false,,false,"{""isRangeFilter"": true}",false,240,false,false
123,"6 W Ago Sales Units",sales_6_ago,Product,link,false,false,false,21.8,false,false,"10055","321466",,roundOff,false,,false,"{""isRangeFilter"": true}",false,240,false,false
123,"7 W Ago Sales Units",sales_7_ago,Product,link,false,false,false,21.9,false,false,"10056","321466",,roundOff,false,,false,"{""isRangeFilter"": true}",false,240,false,false
123,"8 W Ago Sales Units",sales_8_ago,Product,link,false,false,false,21.91,false,false,"10057","321466",,roundOff,false,,false,"{""isRangeFilter"": true}",false,240,false,false
123,Product Attributes,Product Attributes,Product,str,false,false,false,18.0,false,false,"321214",,,,false,,true,"{}",true,200,false,false
123,Style Color Id,style_color_id,Product,str,false,false,false,18.1,false,false,"10012","321214",,,false,,true,"{}",true,200,false,false
123,Division,l1_name,Product,str,false,false,false,17.2,false,false,"10017","10019",,,false,,true,"{}",true,200,false,false
123,Department,l2_name,Product,str,false,false,false,17.3,false,false,"10018","10019",,,false,,true,"{}",true,200,false,false
123,Sales Metrics,Sales Metrics,Product,str,false,false,false,21.0,false,false,"321466",,,,false,,false,"{}",false,120,false,false
123,LW Sales Units,lw_units,Product,int,false,false,false,21.1,false,false,"10020","321466",,,false,,false,"{""isRangeFilter"": ""true"", ""displayClusteredCol"": ""true""}",false,150,false,false
123,LW Sales $,lw_revenue,Product,dollar,false,false,false,21.92,false,false,"10021","321466",,,false,,false,"{""isRangeFilter"": true}",false,160,false,false
123,Discount %,promo_percentage,Product,percentage,false,false,false,21.94,false,false,"10023","321466",,,false,,false,"{""isRangeFilter"": true}",false,120,false,false
123,AUR,aur,Product,dollar,false,false,false,21.95,false,false,"10024","321466",,,false,,false,"{""isRangeFilter"": true}",false,120,false,false
123,Yesterday Sales Units,last_day_sales,Inventory,str,false,false,false,21.3,false,false,"10052","321466",,,false,,false,"{""isRangeFilter"": true}",false,200,false,false
123,Store on Order,oo,Product,link,false,false,false,19.2,false,false,"10050","10025",,roundOff,false,,false,"{""isRangeFilter"": true}",false,250,false,false
123,DC OH,dc_oh_header,Product,link,false,false,false,58.0,false,false,"10049",,,roundOff,false,,false,"{""isRangeFilter"": true}",false,240,false,false
123,Store On Hand,oh,Product,link,false,false,false,19.1,false,false,"10026","10025",,roundOff,false,,false,"{""isRangeFilter"": true}",false,200,false,false
123,In-Transit to Store,it,Product,link,false,false,false,19.3,false,false,"10051","10025",,roundOff,false,,false,"{""isRangeFilter"": true}",false,250,false,false
123,Total Inventory,oh_oo_it,Product,int,false,false,false,19.4,false,false,"321484","10025",,roundOff,false,,false,"{""isRangeFilter"": ""true"" , ""displayClusteredCol"": ""true""}",false,250,false,false
123,Inventory Health Metrics,Inventory Health Metrics,Inventory,str,false,false,false,20.0,false,false,"321213",,,,false,,true,"{}",true,200,false,false
123,Size Integrity,size_integrity,Product,percentage,false,false,false,20.1,false,false,"10031","321213",,,false,,false,"{}",false,220,false,false
123,Sub-Department,l3_name,Product,str,false,false,false,17.4,false,false,"10053","10019",,,false,,true,"{}",true,210,false,false
123,FOE year,foe_year,Product,str,false,false,false,18.7,,false,"10060","321214",,,false,,true,"{}",true,200,false,false
123,Season,season,Product,str,false,false,false,18.8,,false,"10061","321214",,,false,,true,"{}",true,200,false,false
123,Demand Metrics,Demand Metrics,Product,str,false,false,false,58.0,,false,"321470",,,,false,,false,"{}",false,200,false,false
123,FWOS,wos,Product,float,false,false,false,58.1,,false,"10062","321470",,,false,,false,"{}",false,200,false,false
123,Store Count,store_count,Product,link,false,true,false,33.0,false,false,"321210",,,roundOff,false,,false,"{}",false,200,false,false
123,Brand,brand,Product,str,false,false,false,17.5,false,false,"321488","10019",,,false,,true,"{}",true,200,false,false
123,Vendor Case Pack Quantity,vendor_case_pack,Inventory,str,false,false,false,18.4,,false,"321552","321214",,,false,,true,"{}",true,200,false,false
123,Model Description,model_description,Product,str,false,false,false,18.3,false,false,"100041","321214",,,false,,true,"{}",true,200,false,false
123,DC Inventory,dc_inventory,product,str,false,false,false,20.5,false,false,"10063",,,,false,,true,"{}",false,200,false,false
123,Pack ID,pack_type_id,Inventory,str,FALSE,FALSE,FALSE,13.1,,FALSE,321551,,,,FALSE,,FALSE,{},FALSE,200,FALSE,FALSE
123,Eaches,oh_dc,Product,int,FALSE,FALSE,FALSE,51.2,,FALSE,321558,10049,,,FALSE,,FALSE,{},FALSE,200,FALSE,FALSE
123,Packs,oh_pack_qty,Product,int,FALSE,FALSE,FALSE,51.1,,FALSE,321557,10049,,,FALSE,,FALSE,{},FALSE,200,FALSE,FALSE
123,Total,oh_dc_total,Product,int,FALSE,FALSE,FALSE,51.3,,FALSE,321559,10049,,,FALSE,,FALSE,{},FALSE,200,FALSE,FALSE
146,Store Code,retail_facility_code,inventory,str,TRUE,FALSE,FALSE,2,FALSE,FALSE,321315,,,,FALSE,,TRUE,{},FALSE,200,FALSE,FALSE
146,Store Name,store_name,Inventory,str,TRUE,FALSE,FALSE,3,FALSE,FALSE,321316,,,,FALSE,,TRUE,{},FALSE,200,FALSE,FALSE
146,Material Number,article,Inventory,str,TRUE,FALSE,FALSE,1,FALSE,FALSE,321339,,,,FALSE,,TRUE,"{""infiniteScrollingLoader"": true, ""isLevelPresent"": true,""levelName"": ""article_size"", ""report_type"": ""lost_sales""}",FALSE,200,FALSE,FALSE
146,Group Division,l0_name,Product,str,False,False,False,3.1,False,False,146001,,,,False,,True,{},True,200,False,False
146,Division,l1_name,Product,str,False,False,False,3.2,False,False,146002,,,,False,,True,{},True,200,False,False
146,Department,l2_name,Product,str,False,False,False,3.3,False,False,146003,,,,False,,True,{},True,200,False,False
146,Sub-Department,l3_name,Product,str,False,False,False,3.4,False,False,146004,,,,False,,True,{},True,200,False,False
146,Class,l4_name,Product,str,FALSE,FALSE,FALSE,3.5,FALSE,FALSE,146005,,,,FALSE,,TRUE,{},TRUE,200,FALSE,FALSE
146,Size,size,Inventory,str,FALSE,FALSE,FALSE,4,FALSE,FALSE,321340,,,,FALSE,,TRUE,{},FALSE,200,FALSE,FALSE
146,Fiscal Week,fiscal_week,Inventory,int,FALSE,FALSE,FALSE,5,FALSE,FALSE,321350,,,,FALSE,,FALSE,{},FALSE,200,FALSE,FALSE
146,Fiscal Year,fiscal_year,Inventory,str,FALSE,FALSE,FALSE,6,FALSE,FALSE,321337,,,,FALSE,,FALSE,{},FALSE,200,FALSE,FALSE
146,WOS,wos_pred,Inventory,int,FALSE,FALSE,FALSE,6.1,FALSE,FALSE,321323235,,,,FALSE,,FALSE,{},FALSE,200,FALSE,FALSE
146,Style Description,product_description,Inventory,str,FALSE,FALSE,FALSE,7,FALSE,FALSE,321351,,,,FALSE,,TRUE,{},FALSE,200,FALSE,FALSE
146,Style Color,color,Inventory,str,FALSE,FALSE,FALSE,8,FALSE,FALSE,321352,,,,FALSE,,TRUE,{},FALSE,200,FALSE,FALSE
146,Cluster Avg Sales,cluster_avg_sales,Inventory,float,FALSE,FALSE,FALSE,9,FALSE,FALSE,321353,,,,FALSE,,FALSE,{},FALSE,200,FALSE,FALSE
146,Opening Inventory,week_open_balance,Inventory,int,FALSE,FALSE,FALSE,10,FALSE,FALSE,321354,,,,FALSE,,FALSE,{},FALSE,200,FALSE,FALSE
146,Quantity,total_quantity,Inventory,int,FALSE,FALSE,FALSE,11,FALSE,FALSE,321338,,,,FALSE,,FALSE,{},FALSE,200,FALSE,FALSE
146,Lost Opportunity (Units),lost_units,Inventory,int,FALSE,FALSE,FALSE,13,FALSE,FALSE,321355,,,,FALSE,,FALSE,{},FALSE,200,FALSE,FALSE
146,Lost Opportunity (Revenue) $,line_amount,Inventory,float,FALSE,FALSE,FALSE,14,FALSE,FALSE,321356,,,,FALSE,,FALSE,{},FALSE,200,FALSE,FALSE
146,Lost Sales $,lost_sales,Inventory,float,FALSE,FALSE,FALSE,15,FALSE,FALSE,321336,,,,FALSE,,FALSE,{},FALSE,200,FALSE,FALSE
146,Brand,brand,Product,str,FALSE,FALSE,FALSE,8.8,FALSE,FALSE,321495,,,,FALSE,,TRUE,{},FALSE,200,FALSE,FALSE
146,Store Currency,currency_cd,Store,str,FALSE,FALSE,TRUE,4.5,FALSE,FALSE,321612,,,,FALSE,,FALSE,{},FALSE,200,FALSE,FALSE
146,Supersede Flag,supersede_flag,Product,str,FALSE,FALSE,FALSE,16,FALSE,FALSE,321323280,,,,FALSE,,TRUE,{},FALSE,200,FALSE,FALSE
146,Model Description,model_description,Product,str,FALSE,FALSE,FALSE,7.5,FALSE,FALSE,"3213511",,,,FALSE,,TRUE,{},FALSE,200,FALSE,FALSE
199,Store Code,retail_facility_code,inventory,str,TRUE,FALSE,FALSE,2,FALSE,FALSE,321301,,,,FALSE,,TRUE,{},FALSE,200,FALSE,FALSE
199,Store Name,store_name,Inventory,str,TRUE,FALSE,FALSE,3,FALSE,FALSE,321300,,,,FALSE,,TRUE,{},FALSE,200,FALSE,FALSE
199,Material Number,article,Inventory,str,TRUE,FALSE,FALSE,1,FALSE,FALSE,321304,,,,FALSE,,TRUE,"{""infiniteScrollingLoader"": true, ""isLevelPresent"": true,""levelName"": ""article_store"", ""report_type"": ""lost_sales""}",FALSE,200,FALSE,FALSE
199,Group Division,l0_name,Product,str,False,False,False,3.1,False,False,199001,,,,False,,True,{},True,200,False,False
199,Division,l1_name,Product,str,False,False,False,3.2,False,False,199002,,,,False,,True,{},True,200,False,False
199,Department,l2_name,Product,str,False,False,False,3.3,False,False,199003,,,,False,,True,{},True,200,False,False
199,Sub-Department,l3_name,Product,str,False,False,False,3.4,False,False,199004,,,,False,,True,{},True,200,False,False
199,Class,l4_name,Product,str,FALSE,FALSE,FALSE,3.5,FALSE,FALSE,199005,,,,FALSE,,TRUE,{},TRUE,200,FALSE,FALSE
199,Fiscal Week,fiscal_week,Inventory,int,FALSE,FALSE,FALSE,4,FALSE,FALSE,321303,,,,FALSE,,FALSE,{},FALSE,200,FALSE,FALSE
199,Fiscal Year,fiscal_year,Inventory,str,FALSE,FALSE,FALSE,5,FALSE,FALSE,321312,,,,FALSE,,FALSE,{},FALSE,200,FALSE,FALSE
199,Style Description,product_description,Inventory,str,FALSE,FALSE,FALSE,6,FALSE,FALSE,321305,,,,FALSE,,TRUE,{},FALSE,200,FALSE,FALSE
199,WOS,wos_pred,Inventory,int,FALSE,FALSE,FALSE,6.1,FALSE,FALSE,321323234,,,,FALSE,,FALSE,{},FALSE,200,FALSE,FALSE
199,Style Color,color,Inventory,str,FALSE,FALSE,FALSE,7,FALSE,FALSE,321306,,,,FALSE,,TRUE,{},FALSE,200,FALSE,FALSE
199,Cluster Avg Sales,cluster_avg_sales,Inventory,float,FALSE,FALSE,FALSE,8,FALSE,FALSE,321307,,,,FALSE,,FALSE,{},FALSE,200,FALSE,FALSE
199,Opening Inventory,week_open_balance,Inventory,int,FALSE,FALSE,FALSE,9,FALSE,FALSE,321308,,,,FALSE,,FALSE,{},FALSE,200,FALSE,FALSE
199,Quantity,total_quantity,Inventory,int,FALSE,FALSE,FALSE,11,FALSE,FALSE,321314,,,,FALSE,,FALSE,{},FALSE,200,FALSE,FALSE
199,Lost Opportunity (Units),lost_units,Inventory,int,FALSE,FALSE,FALSE,13,FALSE,FALSE,321309,,,,FALSE,,FALSE,{},FALSE,200,FALSE,FALSE
199,Lost Opportunity (Revenue) $,line_amount,Inventory,float,FALSE,FALSE,FALSE,14,FALSE,FALSE,321310,,,,FALSE,,FALSE,{},FALSE,200,FALSE,FALSE
199,Lost Sales $,lost_sales,Inventory,float,FALSE,FALSE,FALSE,15,FALSE,FALSE,321311,,,,FALSE,,FALSE,{},FALSE,200,FALSE,FALSE
199,Brand,brand,Product,str,FALSE,FALSE,FALSE,7.8,FALSE,FALSE,321494,,,,FALSE,,TRUE,{},FALSE,200,FALSE,FALSE
199,Store Currency,currency_cd,Store,str,FALSE,FALSE,TRUE,5.5,FALSE,FALSE,321611,,,,FALSE,,FALSE,{},FALSE,200,FALSE,FALSE
199,Supersede Flag,supersede_flag,Product,str,FALSE,FALSE,FALSE,17,FALSE,FALSE,321323279,,,,FALSE,,TRUE,{},FALSE,200,FALSE,FALSE
199,Model Description,model_description,Product,str,FALSE,FALSE,FALSE,6.05,FALSE,FALSE,"3213051",,,,FALSE,,TRUE,{},FALSE,200,FALSE,FALSE
555,Store Group Name,store_group_names,Store,str,FALSE,FALSE,FALSE,2,,FALSE,200025,,,,FALSE,,TRUE,{},TRUE,200,FALSE,FALSE
555,Store Name,store_name,Store,str,FALSE,FALSE,FALSE,3,,FALSE,200026,,,,FALSE,,TRUE,{},TRUE,200,FALSE,FALSE
555,Store Classification,channel,Store,str,FALSE,FALSE,FALSE,4,,FALSE,200027,,,,FALSE,,TRUE,{},TRUE,200,FALSE,FALSE
555,Region Description,region,Store,str,FALSE,FALSE,FALSE,5,,FALSE,200028,,,,FALSE,,TRUE,{},TRUE,200,FALSE,FALSE
555,Retail Facility Code,retail_facility_code,Store,str,FALSE,FALSE,FALSE,1,,FALSE,200100,,,,FALSE,,TRUE,{},TRUE,200,FALSE,FALSE
371,LW Sales Units,lw_qty,Product,str,FALSE,FALSE,FALSE,3,FALSE,FALSE,321323102,321323210,,,FALSE,,TRUE,{},TRUE,200,FALSE,FALSE
371,Forecast FWOS,wos_predicted,Product,str,FALSE,FALSE,FALSE,3,FALSE,FALSE,321323105,321323211,,numbersWithComma,FALSE,,TRUE,{},TRUE,200,FALSE,FALSE
371,Forecast APS,forecast_aps,Product,float,FALSE,FALSE,FALSE,4,FALSE,FALSE,321323111,321323211,,,FALSE,,TRUE,{},TRUE,200,FALSE,FALSE
371,Allocated for Min.,min,Product,float,FALSE,FALSE,FALSE,9,FALSE,FALSE,321323112,321323212,,,FALSE,,TRUE,{},TRUE,200,FALSE,FALSE
371,Allocated for Demand,wos_allocation_size,Product,int,FALSE,FALSE,FALSE,10,FALSE,FALSE,321323113,321323212,,,FALSE,,TRUE,{},TRUE,200,FALSE,FALSE
371,Size,size,Product,str,FALSE,FALSE,FALSE,0,FALSE,FALSE,321323104,,,,FALSE,,TRUE,{},TRUE,200,FALSE,FALSE
371,Inventory Position,projected_inventory,Product,str,FALSE,FALSE,FALSE,2,,FALSE,321323200,,,,FALSE,,FALSE,{},FALSE,300,FALSE,FALSE
371,Net DC Available,net_dc_available,Product,str,FALSE,FALSE,FALSE,1,,FALSE,321323201,321323200,,,FALSE,,FALSE,{},FALSE,200,FALSE,FALSE
371,Store Inv,store_inv,Product,str,FALSE,FALSE,FALSE,2,,FALSE,321323202,321323200,,,FALSE,,FALSE,{},FALSE,200,FALSE,FALSE
371,Sales Metrics,sales_metrics,Store,str,FALSE,FALSE,FALSE,3,,FALSE,321323210,,,,FALSE,,FALSE,{},FALSE,200,FALSE,FALSE
371,Forecast Metrics,forecast_metrics,Store,str,FALSE,FALSE,FALSE,4,,FALSE,321323211,,,,FALSE,,FALSE,{},FALSE,200,FALSE,FALSE
371,Allocated Quantity,allocated_header,Store,str,FALSE,FALSE,FALSE,8,,FALSE,321323212,,,,FALSE,,FALSE,{},FALSE,200,FALSE,FALSE
371,Constraints,constraints,Store,str,FALSE,FALSE,FALSE,7,,FALSE,321323213,,,,FALSE,,FALSE,{},FALSE,200,FALSE,FALSE
371,Non-Edited,non_edited,Store,str,FALSE,FALSE,FALSE,7.1,,FALSE,321323217,321323213,,,FALSE,,FALSE,{},FALSE,200,FALSE,FALSE
371,Edited,edited,Store,str,FALSE,FALSE,FALSE,7.2,,FALSE,321323218,321323213,,,FALSE,,FALSE,{},FALSE,200,FALSE,FALSE
371,OH+OO+IT+Allocated,inventory_position,Product,int,FALSE,FALSE,FALSE,11,FALSE,FALSE,321163,,,,FALSE,,TRUE,{},TRUE,200,FALSE,FALSE
371,Min Influenced Allocation,min_influenced_allocation,Product,boolean,FALSE,FALSE,FALSE,12,FALSE,FALSE,321165,,,,FALSE,,FALSE,{},TRUE,200,FALSE,FALSE
211,Channel,channel,Store,str,FALSE,FALSE,TRUE,3,FALSE,FALSE,321074,,,,FALSE,,TRUE,{},FALSE,200,FALSE,FALSE
211,Store Code,retail_facility_code,Store,str,FALSE,FALSE,TRUE,4,FALSE,FALSE,321076,,,,FALSE,,TRUE,{},FALSE,200,FALSE,FALSE
211,Store Name,store_name,store,str,FALSE,FALSE,TRUE,5,FALSE,FALSE,321080,,,,FALSE,,TRUE,"{""isLevelPresent"": true, ""levelName"": ""store_capacity_eu""}",FALSE,200,FALSE,FALSE
211,Updated at,updated_at,Store,str,FALSE,FALSE,FALSE,7,FALSE,FALSE,321085,,,,FALSE,,FALSE,{},FALSE,200,FALSE,FALSE
211,Updated by,updated_by,Store,str,FALSE,FALSE,FALSE,8,FALSE,FALSE,321089,,,,FALSE,,FALSE,{},FALSE,200,FALSE,FALSE
211,Store Physical Capacity,capacity,store,int,FALSE,TRUE,TRUE,6,FALSE,FALSE,321083,,,,FALSE,,TRUE,{},FALSE,200,FALSE,FALSE
211,Store Daily Capacity,receipt_capacity,store,int,FALSE,TRUE,TRUE,6.2,FALSE,FALSE,321172,,,,FALSE,,TRUE,{},FALSE,200,FALSE,FALSE
211,Daily Carton Capacity,carton_capacity,store,int,FALSE,TRUE,TRUE,6.3,FALSE,FALSE,321173,,,,FALSE,,TRUE,{},FALSE,200,FALSE,FALSE
211,Store Currency,currency_cd,Store,str,FALSE,FALSE,TRUE,5.5,FALSE,FALSE,321600,,,,FALSE,,TRUE,{},FALSE,200,FALSE,FALSE
211,Is Uploaded?,upload_flag,Product,str,false,false,false,9.0,,false,"3211894",,,,false,,true,"{}",FALSE,200,false,false
145,Store Code,retail_facility_code,inventory,str,TRUE,FALSE,FALSE,2.1,FALSE,FALSE,321367,,,,FALSE,,TRUE,{},FALSE,200,FALSE,FALSE
145,Store Name,store_name,Inventory,str,TRUE,FALSE,FALSE,2,FALSE,FALSE,321368,,,,FALSE,,TRUE,{},FALSE,200,FALSE,FALSE
145,Size,size,Inventory,str,FALSE,FALSE,FALSE,2,FALSE,FALSE,321369,,,,FALSE,,TRUE,{},FALSE,200,FALSE,FALSE
145,Material Number,article,Inventory,str,TRUE,FALSE,FALSE,1,FALSE,FALSE,321344,,,,FALSE,,TRUE,"{""infiniteScrollingLoader"": true, ""isLevelPresent"": true,""levelName"": ""article_size"", ""report_type"": ""excess_inventory""}",FALSE,200,FALSE,FALSE
145,Fiscal Week,fiscal_week,Inventory,int,FALSE,FALSE,FALSE,3,FALSE,FALSE,321345,,,,FALSE,,FALSE,{},FALSE,200,FALSE,FALSE
145,Fiscal Year,fiscal_year,Inventory,str,FALSE,FALSE,FALSE,4,FALSE,FALSE,321343,,,,FALSE,,FALSE,{},FALSE,200,FALSE,FALSE
145,Style Description,product_description,Inventory,str,FALSE,FALSE,FALSE,5,FALSE,FALSE,321347,,,,FALSE,,TRUE,{},FALSE,200,FALSE,FALSE
145,Color,color,Inventory,str,FALSE,FALSE,FALSE,5,FALSE,FALSE,321348,,,,FALSE,,TRUE,{},FALSE,200,FALSE,FALSE
145,Style Color ID,style_color_id,inventory,str,FALSE,FALSE,FALSE,6,FALSE,FALSE,321341,,,,FALSE,,FALSE,{},FALSE,200,FALSE,FALSE
145,OH,total_oh,Inventory,int,FALSE,FALSE,FALSE,8,FALSE,FALSE,321342,,,,FALSE,,FALSE,{},FALSE,200,FALSE,FALSE
145,OO,total_oo,Inventory,int,FALSE,FALSE,FALSE,9,FALSE,FALSE,321346,,,,FALSE,,FALSE,{},FALSE,200,FALSE,FALSE
145,IT,total_it,Inventory,int,FALSE,FALSE,FALSE,10,FALSE,FALSE,321349,,,,FALSE,,FALSE,{},FALSE,200,FALSE,FALSE
145,Unit Sold,total_week_qty,Inventory,int,FALSE,FALSE,FALSE,11,FALSE,FALSE,321360,,,,FALSE,,FALSE,{},FALSE,200,FALSE,FALSE
145,ROS,total_ros,Inventory,float,FALSE,FALSE,FALSE,12,FALSE,FALSE,321361,,,,FALSE,,FALSE,{},FALSE,200,FALSE,FALSE
145,WOS threshold,total_target_wos,Inventory,int,FALSE,FALSE,FALSE,13,FALSE,FALSE,321362,,,,FALSE,,FALSE,{},FALSE,200,FALSE,FALSE
145,WOS,total_wos_pred,Inventory,int,FALSE,FALSE,FALSE,14,FALSE,FALSE,321363,,,,FALSE,,FALSE,{},FALSE,200,FALSE,FALSE
145,Excess Inventory,total_execss_inv,Inventory,int,FALSE,FALSE,FALSE,15,FALSE,FALSE,321364,,,,FALSE,,FALSE,{},FALSE,200,FALSE,FALSE
145,Excess Inventory($),total_excess_inv_cost,Inventory,float,FALSE,FALSE,FALSE,16,FALSE,FALSE,321365,,,,FALSE,,FALSE,{},FALSE,200,FALSE,FALSE
145,Inventory Closing Balance,sum_tot_inv,Inventory,int,FALSE,FALSE,FALSE,17,FALSE,FALSE,321366,,,,FALSE,,FALSE,{},FALSE,200,FALSE,FALSE
145,Brand,brand,Product,str,FALSE,FALSE,FALSE,7,FALSE,FALSE,321498,,,,FALSE,,TRUE,{},FALSE,200,FALSE,FALSE
145,Store Currency,currency_cd,Store,str,FALSE,FALSE,TRUE,2.5,FALSE,FALSE,321614,,,,FALSE,,FALSE,{},FALSE,200,FALSE,FALSE
145,Supersede Flag,supersede_flag,Product,str,FALSE,FALSE,FALSE,18,FALSE,FALSE,321323283,,,,FALSE,,TRUE,{},FALSE,200,FALSE,FALSE
145,Model Description,model_description,Product,str,FALSE,FALSE,FALSE,5.5,FALSE,FALSE,"3213471",,,,FALSE,,TRUE,{},FALSE,200,FALSE,FALSE
145,Min,min_stock,Inventory,int,false,false,false,19.0,false,false,"100002",,,,false,,false,"{}",false,200,false,false
201,Store Code,retail_facility_code,inventory,str,TRUE,FALSE,FALSE,2,FALSE,FALSE,321317,,,,FALSE,,TRUE,{},FALSE,200,FALSE,FALSE
201,Store Name,store_name,Inventory,str,TRUE,FALSE,FALSE,3,FALSE,FALSE,321318,,,,FALSE,,TRUE,{},FALSE,200,FALSE,FALSE
201,Material Number,article,Inventory,str,TRUE,FALSE,FALSE,1,FALSE,FALSE,321323,,,,FALSE,,TRUE,"{""infiniteScrollingLoader"": true, ""isLevelPresent"": true,""levelName"": ""article_store"", ""report_type"": ""excess_inventory""}",FALSE,200,FALSE,FALSE
201,Fiscal Week,fiscal_week,Inventory,int,FALSE,FALSE,FALSE,4,FALSE,FALSE,321324,,,,FALSE,,FALSE,{},FALSE,200,FALSE,FALSE
201,Fiscal Year,fiscal_year,Inventory,str,FALSE,FALSE,FALSE,5,FALSE,FALSE,321322,,,,FALSE,,FALSE,{},FALSE,200,FALSE,FALSE
201,Style Color ID,style_color_id,inventory,str,FALSE,FALSE,FALSE,6,FALSE,FALSE,321320,,,,FALSE,,FALSE,{},FALSE,200,FALSE,FALSE
201,Style Description,product_description,Inventory,str,FALSE,FALSE,FALSE,6,FALSE,FALSE,321325,,,,FALSE,,TRUE,{},FALSE,200,FALSE,FALSE
201,Color,color,Inventory,str,FALSE,FALSE,FALSE,7,FALSE,FALSE,321326,,,,FALSE,,TRUE,{},FALSE,200,FALSE,FALSE
201,OH,total_oh,Inventory,int,FALSE,FALSE,FALSE,8,FALSE,FALSE,321321,,,,FALSE,,FALSE,{},FALSE,200,FALSE,FALSE
201,OO,total_oo,Inventory,int,FALSE,FALSE,FALSE,9,FALSE,FALSE,321319,,,,FALSE,,FALSE,{},FALSE,200,FALSE,FALSE
201,IT,total_it,Inventory,int,FALSE,FALSE,FALSE,10,FALSE,FALSE,321327,,,,FALSE,,FALSE,{},FALSE,200,FALSE,FALSE
201,Unit Sold,total_week_qty,Inventory,int,FALSE,FALSE,FALSE,11,FALSE,FALSE,321328,,,,FALSE,,FALSE,{},FALSE,200,FALSE,FALSE
201,ROS,total_ros,Inventory,float,FALSE,FALSE,FALSE,12,FALSE,FALSE,321329,,,,FALSE,,FALSE,{},FALSE,200,FALSE,FALSE
201,WOS threshold,total_target_wos,Inventory,int,FALSE,FALSE,FALSE,13,FALSE,FALSE,321330,,,,FALSE,,FALSE,{},FALSE,200,FALSE,FALSE
201,WOS,total_wos_pred,Inventory,int,FALSE,FALSE,FALSE,14,FALSE,FALSE,321331,,,,FALSE,,FALSE,{},FALSE,200,FALSE,FALSE
201,Excess Inventory,total_execss_inv,Inventory,int,FALSE,FALSE,FALSE,15,FALSE,FALSE,321332,,,,FALSE,,FALSE,{},FALSE,200,FALSE,FALSE
201,Excess Inventory($),total_excess_inv_cost,Inventory,float,FALSE,FALSE,FALSE,16,FALSE,FALSE,321333,,,roundOfftoTwoDecimals,FALSE,,FALSE,{},FALSE,200,FALSE,FALSE
201,Inventory Closing Balance,sum_tot_inv,Inventory,int,FALSE,FALSE,FALSE,17,FALSE,FALSE,321334,,,,FALSE,,FALSE,{},FALSE,200,FALSE,FALSE
201,Brand,brand,Product,str,FALSE,FALSE,FALSE,6.5,FALSE,FALSE,321497,,,,FALSE,,TRUE,{},FALSE,200,FALSE,FALSE
201,Store Currency,currency_cd,Store,str,FALSE,FALSE,TRUE,5.5,FALSE,FALSE,321613,,,,FALSE,,FALSE,{},FALSE,200,FALSE,FALSE
201,Supersede Flag,supersede_flag,Product,str,FALSE,FALSE,FALSE,18,FALSE,FALSE,201001,,,,FALSE,,TRUE,{},FALSE,200,FALSE,FALSE
201,Model Description,model_description,Product,str,FALSE,FALSE,FALSE,6.2,FALSE,FALSE,"3213251",,,,FALSE,,TRUE,{},FALSE,200,FALSE,FALSE
201,Min,min_stock,Inventory,int,false,false,false,19.0,false,false,"100001",,,,false,,false,"{}",false,200,false,false
384,Class,l4_name,Product,str,FALSE,FALSE,FALSE,1.7,FALSE,FALSE,321253,,,,FALSE,,TRUE,"{""isLevelPresent"": true,""levelName"": """"}",TRUE,200,FALSE,FALSE
384,Clearance,clearance_date,Product,multiple_daterangepicker,FALSE,FALSE,FALSE,3,FALSE,FALSE,321097,,,DD-MM-YYYY,FALSE,,FALSE,"{""displayDateFormat"": ""DD-MM-YYYY"", ""disablePast"": true}",FALSE,200,FALSE,FALSE
384,Store Currency,currency_cd,Store,str,FALSE,FALSE,TRUE,2.5,FALSE,FALSE,321607,,,,FALSE,,TRUE,{},TRUE,200,FALSE,FALSE
384,Current Status,current_status,Product,str,FALSE,FALSE,FALSE,6,FALSE,FALSE,321157,,,,FALSE,,FALSE,{},FALSE,200,FALSE,FALSE
384,Department,l2_name,Product,str,FALSE,FALSE,FALSE,1.5,FALSE,FALSE,321251,,,,FALSE,,TRUE,{},TRUE,200,FALSE,FALSE
384,Division,l1_name,Product,str,FALSE,FALSE,FALSE,1.4,FALSE,FALSE,321241,,,,FALSE,,TRUE,{},TRUE,200,FALSE,FALSE
384,Floorset Date,launch_date,Product,datetime,FALSE,TRUE,FALSE,5,FALSE,FALSE,321156,,,DD-MM-YYYY,FALSE,,FALSE,"{""displayDateFormat"": ""DD-MM-YYYY"", ""disablePast"": true}",FALSE,200,FALSE,FALSE
384,Group Division,l0_name,Product,str,FALSE,FALSE,FALSE,1.3,FALSE,FALSE,321234,,,,FALSE,,TRUE,{},TRUE,200,FALSE,FALSE
384,Mark Down,markdown_date,Product,multiple_daterangepicker,FALSE,FALSE,FALSE,4,FALSE,FALSE,321155,,,DD-MM-YYYY,FALSE,,FALSE,"{""displayDateFormat"": ""DD-MM-YYYY"", ""disablePast"": true}",FALSE,200,FALSE,FALSE
384,Material Number,article,Product,str,FALSE,FALSE,FALSE,1,FALSE,FALSE,321073,,,,FALSE,,TRUE,{},FALSE,200,FALSE,FALSE
384,Store Number,retail_facility_code,Product,str,FALSE,FALSE,FALSE,2,FALSE,FALSE,321095,,,,FALSE,,TRUE,{},TRUE,200,FALSE,FALSE
384,Style Color Id,style_color_id,Product,str,FALSE,FALSE,FALSE,1.1,FALSE,FALSE,321232,,,,FALSE,,TRUE,{},TRUE,200,FALSE,FALSE
384,Style Description,product_description,Product,str,TRUE,FALSE,FALSE,1.2,FALSE,FALSE,321233,,,,FALSE,,TRUE,{},TRUE,200,FALSE,FALSE
384,Sub-Department,l3_name,Product,str,FALSE,FALSE,FALSE,1.6,FALSE,FALSE,321252,,,,FALSE,,TRUE,{},TRUE,200,FALSE,FALSE
384,Supersede Flag,supersede_flag,Product,str,FALSE,FALSE,FALSE,9,FALSE,FALSE,321000,,,,FALSE,,TRUE,{},TRUE,200,FALSE,FALSE
384,Updated at,updated_at,Product,str,FALSE,FALSE,FALSE,7,FALSE,FALSE,321158,,,,FALSE,,FALSE,{},TRUE,200,FALSE,FALSE
384,Updated by,name,Product,str,FALSE,FALSE,FALSE,8,FALSE,FALSE,321159,,,,FALSE,,TRUE,{},TRUE,200,FALSE,FALSE
384,Model Description,model_description,Product,str,FALSE,FALSE,FALSE,1.25,FALSE,FALSE,"3212331",,,,FALSE,,TRUE,{},TRUE,200,FALSE,FALSE
384,Is Uploaded?,upload_flag,Product,str,false,false,false,8.5,,false,"3211590",,,,false,,false,"{}",false,200,false,false
4003,Sizes,size,Product,link,FALSE,TRUE,FALSE,0,FALSE,FALSE,321323221,,,,FALSE,,FALSE,{},FALSE,200,FALSE,FALSE
4003,Allocated Quantity,allocated_header,Store,str,FALSE,FALSE,FALSE,3,,FALSE,321323222,,,,FALSE,,FALSE,{},FALSE,200,FALSE,FALSE
4003,OH+OO+IT,oh_oo_it_size,Product,int,FALSE,FALSE,FALSE,5,FALSE,FALSE,321323232,,,,FALSE,,FALSE,{},FALSE,200,FALSE,FALSE
4003,Min,min_size,Product,int,FALSE,FALSE,FALSE,6,FALSE,FALSE,321323230,,,,FALSE,,FALSE,{},FALSE,200,FALSE,FALSE
4003,Max,max_size,Product,int,FALSE,FALSE,FALSE,7,FALSE,FALSE,321323231,,,,FALSE,,FALSE,{},FALSE,200,FALSE,FALSE
4003,Net DC Available,net_dc_available,Product,str,FALSE,FALSE,FALSE,2,,FALSE,321323225,,,,FALSE,,FALSE,{},FALSE,200,FALSE,FALSE
352,Store Group Count,store_groups_count,Inventory,link,false,true,false,9.0,false,false,"352001",,,,false,,true,"{}",true,170,false,false
352,Material Count,material_count,Inventory,str,false,false,false,8.0,false,false,"352002",,,,false,,true,"{}",true,170,false,false
352,Allocated Quantity,allocated_quantity,Inventory,str,false,false,false,7.0,false,false,"352003",,,,false,,true,"{}",true,170,false,false
352,Store Opening Date,open_date,Inventory,date,false,false,false,3.0,false,false,"352004",,,,false,,true,"{}",true,170,false,false
352,In Store Date,instore_date,Inventory,date,false,false,false,6.0,false,false,"352005",,,,false,,true,"{}",true,170,false,false
352,Allocation End Date,allocation_end_date,Inventory,date,false,false,false,5.0,false,false,"352006",,,,false,,true,"{}",true,170,false,false
352,Allocation Start Date,allocation_start_date,Inventory,date,false,false,false,4.0,false,false,"352007",,,,false,,true,"{}",true,170,false,false
352,Store Name,store_name,Inventory,str,true,false,false,2.0,false,false,"352008",,,,false,,true,"{}",true,170,false,false
352,Store Number,retail_facility_code,Inventory,str,true,false,false,1.0,false,false,"352009",,,,false,,true,"{}",true,170,false,false
353,Material Number,article,Inventory,int,TRUE,FALSE,FALSE,1,FALSE,FALSE,321216,,,,FALSE,,TRUE,"{""disableRangeFilter"": true, ""disableCommaFormatting"": true}",TRUE,170,FALSE,FALSE
353,Store Number,store_code,Inventory,str,FALSE,FALSE,FALSE,3,FALSE,FALSE,321218,,,,FALSE,,TRUE,{},TRUE,170,FALSE,FALSE
353,Store Name,store_name,Inventory,str,FALSE,FALSE,FALSE,4,FALSE,FALSE,321219,,,,FALSE,,TRUE,{},TRUE,170,FALSE,FALSE
353,Channel,channel,Inventory,str,FALSE,FALSE,FALSE,5,FALSE,FALSE,321220,,,,FALSE,,TRUE,{},TRUE,170,FALSE,FALSE
353,Department,l0_name,Inventory,str,FALSE,FALSE,FALSE,6,FALSE,FALSE,321221,,,,FALSE,,TRUE,{},TRUE,170,FALSE,FALSE
353,Class,l1_name,Inventory,str,FALSE,FALSE,FALSE,7,FALSE,FALSE,321222,,,,FALSE,,TRUE,{},TRUE,170,FALSE,FALSE
353,Sub Class,l2_name,Inventory,str,FALSE,FALSE,FALSE,8,FALSE,FALSE,321223,,,,FALSE,,TRUE,{},TRUE,170,FALSE,FALSE
353,Demand,original_reserved,Inventory,str,FALSE,FALSE,FALSE,9,FALSE,FALSE,321226,,,,FALSE,,TRUE,{},TRUE,170,FALSE,FALSE
353,Model Stock,actual_approved,Inventory,str,FALSE,FALSE,FALSE,11,FALSE,FALSE,321227,,,,FALSE,,TRUE,{},TRUE,170,FALSE,FALSE
353,Store Inv (OH + IT + In Progress Allocations),actual_allocated,Inventory,str,FALSE,FALSE,FALSE,12,FALSE,FALSE,321228,,,,FALSE,,TRUE,{},TRUE,170,FALSE,FALSE
353,Brand,brand,Product,str,FALSE,FALSE,FALSE,8.5,FALSE,FALSE,321475,,,,FALSE,,TRUE,{},TRUE,200,FALSE,FALSE
354,DC Name,dc,Product,dynamic-list,False,True,False,1.0,False,False,321208,,,,False,,False,"{""options_column"": ""dc_options"", ""onChangeCustomFunction"": true}",True,200,False,False
354,DC Priority,dc_rank,Product,dynamic-list,False,True,False,2.0,False,False,3210799,,,,False,,False,"{""options_column"": ""dc_rank_options"", ""onChangeCustomFunction"": true}",True,200,False,False
354,DC Transit Time(in days),transit_time_og,Product,int,False,True,False,3.0,False,False,3211333,,,,False,,False,{},True,160,False,False
354,DC Processing Time(in days),processing_time,Product,int,False,True,False,4.0,False,False,321139,,,,False,,False,{},True,160,False,False
354,Lead Time (in days),lead_time,Product,int,False,False,False,5.0,False,False,321209,,,,False,,False,{},True,160,False,False
355,Store Number,retail_facility_code,Store,str,False,False,False,1.0,False,False,321235,,,,False,,False,{},True,300,False,False
355,Store Name,store_name,Store,str,False,False,False,9.0,False,False,321236,,,,False,,False,{},True,300,False,False
355,Channel,channel,Store,str,False,False,False,2.0,False,False,321237,,,,False,,False,{},True,300,False,False
355,State,s2_name,Store,str,False,False,False,5.0,False,False,321238,,,,False,,False,{},True,300,False,False
355,Region,region,Store,str,False,False,False,4.0,False,False,321239,,,,False,,False,{},True,300,False,False
355,District,district,Store,str,False,False,False,7.0,False,False,321240,,,,False,,False,{},True,300,False,False
355,Com/Non-comp,store_comp_status_cd,Store,str,false,false,false,11.0,false,false,"3212644",,"","",false,"",false,"{}",true,300,False,False
355,Opening Date,open_date,Store,str,false,false,false,10.0,false,false,"3212355",,,,false,,false,"{}",true,300,false,False
355,Country,s1_name,Store,str,false,false,false,3.0,false,false,"3212356",,,,false,,false,"{}",true,300,false,False
355,Climate,climate,Store,str,false,false,false,8.0,false,false,"3212357",,,,false,,false,"{}",true,300,false,False
355,City,s4_name,Store,str,false,false,false,6.0,false,false,"3212358",,,,false,,false,"{}",true,300,false,false
355,Store code,store_code,str,str,false,false,false,12.0,true,false,"3212359",,,,false,,false,"{}",true,200,false,false
366,SKU Number,article,Inventory,str,TRUE,FALSE,FALSE,1,FALSE,FALSE,321242,,,,FALSE,,TRUE,{},TRUE,170,FALSE,FALSE
366,Store Number,store_code,Inventory,str,FALSE,FALSE,FALSE,3,FALSE,FALSE,321243,,,,FALSE,,TRUE,{},TRUE,170,FALSE,FALSE
366,Store Name,store_name,Inventory,str,FALSE,FALSE,FALSE,4,FALSE,FALSE,321244,,,,FALSE,,TRUE,{},TRUE,170,FALSE,FALSE
366,Channel,channel,Inventory,str,FALSE,FALSE,FALSE,5,FALSE,FALSE,321245,,,,FALSE,,TRUE,{},TRUE,170,FALSE,FALSE
366,Category,l0_name,Inventory,str,FALSE,FALSE,FALSE,6,FALSE,FALSE,321246,,,,FALSE,,TRUE,{},TRUE,170,FALSE,FALSE
366,Department,l1_name,Inventory,str,FALSE,FALSE,FALSE,7,FALSE,FALSE,321247,,,,FALSE,,TRUE,{},TRUE,170,FALSE,FALSE
366,Class,l2_name,Inventory,str,FALSE,FALSE,FALSE,8,FALSE,FALSE,321248,,,,FALSE,,TRUE,{},TRUE,170,FALSE,FALSE
366,Demand,original_reserved,Inventory,int,FALSE,TRUE,FALSE,12,FALSE,FALSE,321249,,,,FALSE,,TRUE,{},TRUE,170,FALSE,FALSE
366,SKU Description,product_description,Inventory,str,TRUE,FALSE,FALSE,2,FALSE,FALSE,321250,,,,FALSE,,TRUE,{},TRUE,170,FALSE,FALSE
367,Class,l1_name,Product,str,FALSE,FALSE,FALSE,4,FALSE,FALSE,321254,,,,FALSE,,TRUE,{},TRUE,300,FALSE,FALSE
367,Sub Class,l2_name,Product,str,FALSE,FALSE,FALSE,5,FALSE,FALSE,321255,,,,FALSE,,TRUE,{},TRUE,300,FALSE,FALSE
367,Store Number,store_code,Store,str,TRUE,FALSE,FALSE,1,FALSE,FALSE,321259,,,,FALSE,,TRUE,{},TRUE,300,FALSE,FALSE
367,Store Name,store_name,Store,str,TRUE,FALSE,FALSE,2,FALSE,FALSE,321260,,,,FALSE,,TRUE,{},TRUE,300,FALSE,FALSE
367,Departments,l0_name,Product,str,FALSE,FALSE,FALSE,3,FALSE,FALSE,321261,,,,FALSE,,TRUE,{},TRUE,300,FALSE,FALSE
368,DC Number,dc_code,Store,str,FALSE,FALSE,FALSE,1,FALSE,FALSE,321262,,,,FALSE,,TRUE,{},TRUE,300,FALSE,FALSE
368,DC Name,dc_name,Store,str,FALSE,FALSE,FALSE,2,FALSE,FALSE,321263,,,,FALSE,,TRUE,{},TRUE,300,FALSE,FALSE
368,State,state,Store,str,FALSE,FALSE,FALSE,3,FALSE,FALSE,321264,,,,FALSE,,TRUE,{},TRUE,300,FALSE,FALSE
368,Lead Time,lead_time,Store,str,FALSE,FALSE,FALSE,4,FALSE,FALSE,321265,,,,FALSE,,TRUE,{},TRUE,300,FALSE,FALSE
369,Forecast,forecast_estimated,Inventory,float,FALSE,FALSE,FALSE,21,FALSE,FALSE,321266,,,roundOfftoThreeDecimals,FALSE,,FALSE,{},FALSE,200,FALSE,FALSE
369,Demand Estimated,demand_estimated,Inventory,int,FALSE,FALSE,FALSE,22,FALSE,FALSE,321267,,,,FALSE,,FALSE,{},FALSE,200,FALSE,FALSE
369,Store Number,store_code,Inventory,str,FALSE,FALSE,FALSE,3,FALSE,FALSE,321269,,,,FALSE,,TRUE,{},TRUE,150,FALSE,FALSE
369,Store Name,store_name,Inventory,str,FALSE,FALSE,FALSE,4,FALSE,FALSE,321270,,,,FALSE,,TRUE,{},TRUE,200,FALSE,FALSE
369,Channel,channel,Inventory,str,FALSE,FALSE,FALSE,8,FALSE,FALSE,321271,,,,FALSE,,TRUE,{},TRUE,200,FALSE,FALSE
369,Sub Class,l2_name,Inventory,str,FALSE,FALSE,FALSE,11,FALSE,FALSE,321272,,,,FALSE,,TRUE,{},TRUE,200,FALSE,FALSE
369,Size,size,Inventory,str,FALSE,FALSE,FALSE,13,FALSE,FALSE,321273,,,,FALSE,,TRUE,{},TRUE,150,FALSE,FALSE
369,WOS,wos,Inventory,int,FALSE,FALSE,FALSE,19,FALSE,FALSE,321274,,,,FALSE,,TRUE,{},TRUE,170,FALSE,FALSE
369,Product Profile Mapped,ia_recommended,Inventory,link,FALSE,TRUE,FALSE,23,FALSE,FALSE,321275,,,,FALSE,,FALSE,{},FALSE,250,FALSE,FALSE
369,Max per store ,max_stock,Inventory,int,FALSE,FALSE,FALSE,18,FALSE,FALSE,321276,,,,FALSE,,TRUE,{},TRUE,170,FALSE,FALSE
369,Department,l0_name,Inventory,str,FALSE,FALSE,FALSE,9,FALSE,FALSE,321277,,,,FALSE,,TRUE,{},TRUE,200,FALSE,FALSE
369,Class,l1_name,Inventory,str,FALSE,FALSE,FALSE,10,FALSE,FALSE,321278,,,,FALSE,,TRUE,{},TRUE,200,FALSE,FALSE
369,SKU Number,article,Inventory,int,TRUE,FALSE,FALSE,1,FALSE,FALSE,321279,,,,FALSE,,TRUE,"{""disableRangeFilter"": true, ""disableCommaFormatting"": true}",TRUE,200,FALSE,FALSE
369,Min per store ,min_stock,Inventory,int,FALSE,FALSE,FALSE,17,FALSE,FALSE,321280,,,,FALSE,,TRUE,{},TRUE,170,FALSE,FALSE
369,SKU Description,product_description,Inventory,str,TRUE,FALSE,FALSE,2,FALSE,FALSE,321281,,,,FALSE,,TRUE,{},TRUE,200,FALSE,FALSE
369,Brand,brand,Product,str,FALSE,FALSE,FALSE,12,FALSE,FALSE,321477,,,,FALSE,,TRUE,{},TRUE,200,FALSE,FALSE
370,SKU Number,article,Inventory,str,FALSE,FALSE,FALSE,1,FALSE,FALSE,321282,,,,FALSE,,TRUE,{},TRUE,170,FALSE,FALSE
370,Store Number,store_code,Inventory,str,FALSE,FALSE,FALSE,3,FALSE,FALSE,321283,,,,FALSE,,TRUE,{},TRUE,170,FALSE,FALSE
370,Store Name,store_name,Inventory,str,FALSE,FALSE,FALSE,4,FALSE,FALSE,321284,,,,FALSE,,TRUE,{},TRUE,170,FALSE,FALSE
370,Channel,channel,Inventory,str,FALSE,FALSE,FALSE,5,FALSE,FALSE,321285,,,,FALSE,,TRUE,{},TRUE,170,FALSE,FALSE
370,Category,l0_name,Inventory,str,FALSE,FALSE,FALSE,6,FALSE,FALSE,321286,,,,FALSE,,TRUE,{},TRUE,170,FALSE,FALSE
370,Department,l1_name,Inventory,str,FALSE,FALSE,FALSE,7,FALSE,FALSE,321287,,,,FALSE,,TRUE,{},TRUE,170,FALSE,FALSE
370,Class,l2_name,Inventory,str,FALSE,FALSE,FALSE,8,FALSE,FALSE,321288,,,,FALSE,,TRUE,{},TRUE,170,FALSE,FALSE
370,Demand,original_reserved,Inventory,str,FALSE,FALSE,FALSE,9,FALSE,FALSE,321291,,,,FALSE,,TRUE,{},TRUE,170,FALSE,FALSE
370,Reserved Qty.,actual_reserved,Inventory,str,FALSE,FALSE,FALSE,10,FALSE,FALSE,321292,,,,FALSE,,TRUE,{},TRUE,170,FALSE,FALSE
370,Model Stock,actual_approved,Inventory,str,FALSE,FALSE,FALSE,11,FALSE,FALSE,321293,,,,FALSE,,TRUE,{},TRUE,170,FALSE,FALSE
370,Store Inv (OH + IT + In Progress Allocations),actual_allocated,Inventory,str,FALSE,FALSE,FALSE,12,FALSE,FALSE,321294,,,,FALSE,,TRUE,{},TRUE,170,FALSE,FALSE
372,Group Division,l0_name,Inventory,dynamic-list,True,True,False,1.0,False,False,321357,,,,False,,False,"{""options_column"": ""l0_name_options"",
      ""is_multi"": true,
      ""width"":  200
     }",False,200,False,False
372,Division,l1_name,Inventory,dynamic-list,True,True,False,2.0,False,False,321299,,,,False,,False,"{""options_column"": ""l1_name_options"",
      ""is_multi"": true,
      ""width"":  200
     }",False,200,False,False
372,Department,l2_name,Inventory,dynamic-list,False,True,False,3.0,False,False,321302,,,,False,,False,"{""options_column"": ""l2_name_options"",
      ""is_multi"": true,
      ""width"":  200
     }",False,200,False,False
372,Sub Department,l3_name,Inventory,dynamic-list,False,True,False,4.0,False,False,3212251,,,,False,,False,"{""options_column"": ""l3_name_options"",
      ""is_multi"": true,
      ""width"":  200
     }",False,200,False,False
372,Class,l4_name,Inventory,dynamic-list,False,True,False,5.0,False,False,3212311,,,,False,,False,"{""options_column"": ""l4_name_options"",
      ""is_multi"": true,
      ""width"":  200
     }",False,200,False,False
372,Sister Store,retail_facility_code,Inventory,dynamic-list,False,True,False,7.0,False,False,321358,,,,False,,False,"{
      ""options_column"": ""retail_facility_code_options"",
      ""onChangeCustomFunction"": true
    }",False,200,False,False
372,Mapping Till Date,mapping_till_date,store,datetime,False,True,False,8.0,False,False,331156,,,DD-MM-YYYY,False,,False,"{""isKeyBoardDisableWithNoClearbutton"": true}",False,200,False,False
372,Multiplier,multiplier,store,float,False,True,False,9.0,False,False,331376,,,,False,,False,"{""options_column"":""multiplier_options""}",False,170,False,False
373, Store Inv ( OH+IT+ In Progress Allocations),actual_allocated,Inventory,str,FALSE,FALSE,FALSE,11,FALSE,FALSE,321197,,,,FALSE,,TRUE,{},TRUE,170,FALSE,FALSE
373,Reservation Start Date,reservation_date,Inventory,str,FALSE,FALSE,FALSE,3,FALSE,FALSE,321359,,,,FALSE,,TRUE,{},TRUE,170,FALSE,FALSE
373,Store Opening Date,opening_date,Inventory,str,FALSE,FALSE,FALSE,4,FALSE,FALSE,321375,,,,FALSE,,TRUE,{},TRUE,170,FALSE,FALSE
373,Demand,original_reserved,Inventory,str,FALSE,FALSE,FALSE,5,FALSE,FALSE,321376,,,,FALSE,,TRUE,{},TRUE,170,FALSE,FALSE
373,Model Stock,actual_approved,Inventory,str,FALSE,FALSE,FALSE,10,FALSE,FALSE,321377,,,,FALSE,,TRUE,{},TRUE,170,FALSE,FALSE
373,Store Number,store_code,Inventory,str,TRUE,FALSE,FALSE,1,FALSE,FALSE,321379,,,,FALSE,,TRUE,{},TRUE,170,FALSE,FALSE
373,Store Name,store_name,Inventory,str,TRUE,FALSE,FALSE,2,FALSE,FALSE,321380,,,,FALSE,,TRUE,{},TRUE,170,FALSE,FALSE
374,Forecast,forecast_estimated,Inventory,float,FALSE,FALSE,FALSE,21,FALSE,FALSE,321385,,,roundOfftoThreeDecimals,FALSE,,FALSE,{},FALSE,200,FALSE,FALSE
374,Demand Estimated,demand_estimated,Inventory,int,FALSE,TRUE,FALSE,22,FALSE,FALSE,321386,,,,FALSE,,FALSE,{},FALSE,200,FALSE,FALSE
374,Store Grade,store_grade,Inventory,str,FALSE,FALSE,FALSE,5,TRUE,FALSE,321387,,,,FALSE,,TRUE,{},TRUE,200,FALSE,FALSE
374,Store Number,store_code,Inventory,str,FALSE,FALSE,FALSE,3,FALSE,FALSE,321388,,,,FALSE,,TRUE,{},TRUE,150,FALSE,FALSE
374,Store Name,store_name,Inventory,str,FALSE,FALSE,FALSE,4,FALSE,FALSE,321389,,,,FALSE,,TRUE,{},TRUE,200,FALSE,FALSE
374,Channel,channel,Inventory,str,FALSE,FALSE,FALSE,8,FALSE,FALSE,321390,,,,FALSE,,TRUE,{},TRUE,200,FALSE,FALSE
374,Sub Class,l2_name,Inventory,str,FALSE,FALSE,FALSE,11,FALSE,FALSE,321391,,,,FALSE,,TRUE,{},TRUE,200,FALSE,FALSE
374,Size,size,Inventory,str,FALSE,FALSE,FALSE,13,FALSE,FALSE,321392,,,,FALSE,,TRUE,{},TRUE,150,FALSE,FALSE
374,WOS,wos,Inventory,int,FALSE,TRUE,FALSE,19,FALSE,FALSE,321393,,,,FALSE,,TRUE,{},TRUE,170,FALSE,FALSE
374,Min per store ,min_stock,Inventory,int,FALSE,TRUE,FALSE,17,FALSE,FALSE,321394,,,,FALSE,,TRUE,{},TRUE,170,FALSE,FALSE
374,Max per store ,max_stock,Inventory,int,FALSE,TRUE,FALSE,18,FALSE,FALSE,321395,,,,FALSE,,TRUE,{},TRUE,170,FALSE,FALSE
374,Department,l0_name,Inventory,str,FALSE,FALSE,FALSE,9,FALSE,FALSE,321396,,,,FALSE,,TRUE,{},TRUE,200,FALSE,FALSE
374,Class,l1_name,Inventory,str,FALSE,FALSE,FALSE,10,FALSE,FALSE,321397,,,,FALSE,,TRUE,{},TRUE,200,FALSE,FALSE
374,SKU Number,article,Inventory,int,TRUE,FALSE,FALSE,1,FALSE,FALSE,321398,,,,FALSE,,TRUE,"{""disableRangeFilter"": true, ""disableCommaFormatting"": true}",TRUE,200,FALSE,FALSE
374,SKU Description,product_description,Inventory,str,TRUE,FALSE,FALSE,2,FALSE,FALSE,321399,,,,FALSE,,TRUE,{},TRUE,200,FALSE,FALSE
374,Brand,brand,Product,str,FALSE,FALSE,FALSE,12,FALSE,FALSE,321476,,,,FALSE,,TRUE,{},TRUE,200,FALSE,FALSE
375,Store Group Count,store_groups_count,Inventory,link,false,true,false,9.0,false,false,"37501",,,,false,,false,"{}",false,170,false,false
375,Material Count,material_count,Inventory,str,false,false,false,8.0,false,false,"37502",,,,false,,false,"{}",false,170,false,false
375,Allocated Quantity,allocated_quantity,Inventory,str,false,false,false,7.0,false,false,"37503",,,,false,,false,"{}",false,170,false,false
375,Store Opening Date,open_date,Inventory,str,false,false,false,3.0,false,false,"37504",,,,false,,false,"{}",false,170,false,false
375,In Store Date,instore_date,Inventory,str,false,false,false,6.0,false,false,"37505",,,,false,,false,"{}",false,170,false,false
375,Allocation End Date,allocation_end_date,Inventory,str,false,false,false,5.0,false,false,"37506",,,,false,,false,"{}",false,170,false,false
375,Allocation Start Date,allocation_start_date,Inventory,str,false,false,false,4.0,false,false,"37507",,,,false,,false,"{}",false,170,false,false
375,Store Name,store_name,Inventory,str,true,false,false,2.0,false,false,"37508",,,,false,,false,"{}",false,170,false,false
375,Store Number,retail_facility_code,Inventory,str,true,false,false,1.0,false,false,"37509",,,,false,,false,"{}",false,170,false,false
376,Store Group Name,sg_name,Inventory,str,false,false,false,1.0,false,false,"37601",,,,false,,true,"{}",true,170,false,false
376,No. of stores,count,Inventory,int,false,false,false,2.0,false,false,"37602",,,,false,,true,"{}",true,170,false,false
376,Group Type,group_type,Inventory,str,false,false,false,3.0,false,false,"37603",,,,false,,true,"{}",true,170,false,false
376,Created By,sg_created_by,Inventory,str,false,false,false,4.0,false,false,"37604",,,,false,,true,"{}",true,170,false,false
377,Material Number,article,Inventory,str,true,false,false,1.0,false,false,"37701",,,,false,,true,"{}",true,170,false,false
377,Style Description,style_description,Inventory,str,true,false,false,2.0,false,false,"37702",,,,false,,true,"{}",true,170,false,false
377,Size,size,Inventory,str,true,false,false,3.0,false,false,"37703",,,,false,,true,"{}",true,170,false,false
377,Store Code,store_code,Inventory,str,false,false,false,4.0,false,false,"37704",,,,false,,true,"{}",true,170,false,false
377,Store Name,store_name,Inventory,str,false,false,false,5.0,false,false,"37705",,,,false,,true,"{}",true,170,false,false
377,Style Color ID,style_color_id,Inventory,str,false,false,false,6.0,false,false,"37706",,,,false,,true,"{}",true,170,false,false
377,Group Division,l0_name,Inventory,str,false,false,false,7.0,false,false,"37707",,,,false,,true,"{}",true,170,false,false
377,Division,l1_name,Inventory,str,false,false,false,8.0,false,false,"37708",,,,false,,true,"{}",true,170,false,false
377,Department,l2_name,Inventory,str,false,false,false,9.0,false,false,"37709",,,,false,,true,"{}",true,170,false,false
377,Sub-department,l3_name,Inventory,str,false,false,false,10.0,false,false,"37710",,,,false,,true,"{}",true,170,false,false
377,Class,l4_name,Inventory,str,false,false,false,11.0,false,false,"37711",,,,false,,true,"{}",true,170,false,false
377,Brand,brand,Inventory,str,false,false,false,13.0,false,false,"37713",,,,false,,true,"{}",true,170,false,false
377,Channel,channel,Inventory,str,false,false,false,14.0,false,false,"37714",,,,false,,true,"{}",true,170,false,false
377,Allocated Quantity,allocated_quantity,Inventory,int,false,false,false,15.0,false,false,"37715",,,,false,,true,"{}",true,170,false,false
381,Department,l2_name,Inventory,str,FALSE,FALSE,FALSE,8,FALSE,FALSE,5512482,,,,FALSE,,TRUE,{},TRUE,200,FALSE,FALSE
381,Division,l1_name,Inventory,str,FALSE,FALSE,FALSE,7,FALSE,FALSE,5512481,,,,FALSE,,TRUE,{},TRUE,200,FALSE,FALSE
381,Sub Department,l3_name,Inventory,str,FALSE,FALSE,FALSE,9,FALSE,FALSE,5512582,,,,FALSE,,TRUE,{},TRUE,200,FALSE,FALSE
381,Group Division,l0_name,Inventory,str,FALSE,FALSE,FALSE,6,FALSE,FALSE,5512480,,,,FALSE,,TRUE,{},TRUE,200,FALSE,FALSE
381,Product Code,product_code,Inventory,str,TRUE,FALSE,FALSE,1,FALSE,FALSE,321370,,,,FALSE,,TRUE,{},TRUE,200,FALSE,FALSE
381,DC Name,dc_name,Inventory,str,FALSE,FALSE,FALSE,5,FALSE,FALSE,5512502,,,,FALSE,,TRUE,{},TRUE,200,FALSE,FALSE
381,Style Description,product_description,Inventory,str,FALSE,FALSE,FALSE,5.1,FALSE,FALSE,5512479,,,,FALSE,,TRUE,{},TRUE,200,FALSE,FALSE
381,Style Color Id,style_color_id,Inventory,str,FALSE,FALSE,FALSE,4,FALSE,FALSE,321372,,,,FALSE,,TRUE,{},TRUE,200,FALSE,FALSE
381,User Reserve (In Units),user_reserve,Inventory,int,FALSE,TRUE,FALSE,19,FALSE,FALSE,5512493,,,,FALSE,,FALSE,{},TRUE,200,FALSE,FALSE
381,User Reserve (In %),user_reserve_percentage,Inventory,int,FALSE,TRUE,FALSE,20,FALSE,FALSE,5512494,,,,FALSE,,FALSE,"{ ""isPercentValue"":true }",TRUE,200,FALSE,FALSE
381,Total Units Reserved,total_units_reserved,Inventory,int,FALSE,FALSE,FALSE,21,FALSE,FALSE,5512495,,,,FALSE,,FALSE,{},TRUE,200,FALSE,FALSE
381,DC Available,net_available,Inventory,int,FALSE,FALSE,FALSE,22,FALSE,FALSE,5512489,,,,FALSE,,FALSE,{},TRUE,200,FALSE,FALSE
381,Last Updated By,updated_by,Inventory,str,FALSE,FALSE,FALSE,25,FALSE,FALSE,5512498,,,,FALSE,,FALSE,{},TRUE,200,FALSE,FALSE
381,Updated At,updated_at,Inventory,str,FALSE,FALSE,FALSE,26,FALSE,FALSE,321374,,,DD-MM-YYYY HH:mm:ss,FALSE,,FALSE,{},TRUE,200,FALSE,FALSE
381,Material Number,article,Inventory,str,TRUE,FALSE,FALSE,0,FALSE,FALSE,5512478,,,,FALSE,,TRUE,"{""infiniteScrollingLoader"":true,""isLevelPresent"": true, ""levelName"": """"}",TRUE,200,FALSE,FALSE
381,Channel,channel,Inventory,str,FALSE,FALSE,FALSE,10.1,,FALSE,5512500,,,,FALSE,,TRUE,{},TRUE,200,FALSE,FALSE
381,Size,pack_type_id,Inventory,str,TRUE,FALSE,FALSE,0.1,,FALSE,5512501,,,,FALSE,,TRUE,{},TRUE,200,FALSE,FALSE
381,Brand,brand,Product,str,FALSE,FALSE,FALSE,9.5,FALSE,FALSE,321485,,,,FALSE,,TRUE,{},TRUE,200,FALSE,FALSE
381,Model Description,model_description,Product,str,FALSE,FALSE,FALSE,5.5,FALSE,FALSE,"55124791",,,,FALSE,,TRUE,{},TRUE,200,FALSE,FALSE
381,Is Uploaded,is_uploaded,Product,str,false,false,false,27,false,false,"55124792",,,,false,,false,"{}",false,200,false,false
134,Channel,channel,Inventory,str,FALSE,FALSE,FALSE,1,FALSE,FALSE,322025,,,,FALSE,,FALSE,{},FALSE,200,FALSE,FALSE
134,Country,country,Inventory,str,FALSE,FALSE,FALSE,1.1,FALSE,FALSE,322078,,,,FALSE,,FALSE,{},FALSE,200,FALSE,FALSE
134,Metric,metric,Inventory,str,FALSE,FALSE,FALSE,2,FALSE,FALSE,322026,,,,FALSE,,FALSE,{},FALSE,200,FALSE,FALSE
134,Week 1,Week_1,Inventory,str,FALSE,FALSE,FALSE,3,FALSE,FALSE,322027,,,,FALSE,,FALSE,{},FALSE,200,FALSE,FALSE
134,Week 2,Week_2,Inventory,str,FALSE,FALSE,FALSE,4,FALSE,FALSE,322028,,,,FALSE,,FALSE,{},FALSE,200,FALSE,FALSE
134,Week 3,Week_3,Inventory,str,FALSE,FALSE,FALSE,5,FALSE,FALSE,322029,,,,FALSE,,FALSE,{},FALSE,200,FALSE,FALSE
134,Week 4,Week_4,Inventory,str,FALSE,FALSE,FALSE,6,FALSE,FALSE,322030,,,,FALSE,,FALSE,{},FALSE,200,FALSE,FALSE
134,Week 5,Week_5,Inventory,str,FALSE,FALSE,FALSE,7,FALSE,FALSE,322031,,,,FALSE,,FALSE,{},FALSE,200,FALSE,FALSE
134,Week 6,Week_6,Inventory,str,FALSE,FALSE,FALSE,8,FALSE,FALSE,322032,,,,FALSE,,FALSE,{},FALSE,200,FALSE,FALSE
134,Week 7,Week_7,Inventory,str,FALSE,FALSE,FALSE,9,FALSE,FALSE,322033,,,,FALSE,,FALSE,{},FALSE,200,FALSE,FALSE
134,Week 8,Week_8,Inventory,str,FALSE,FALSE,FALSE,10,FALSE,FALSE,322034,,,,FALSE,,FALSE,{},FALSE,200,FALSE,FALSE
134,Week 9,Week_9,Inventory,str,FALSE,FALSE,FALSE,11,FALSE,FALSE,322035,,,,FALSE,,FALSE,{},FALSE,200,FALSE,FALSE
134,Week 10,Week_10,Inventory,str,FALSE,FALSE,FALSE,12,FALSE,FALSE,322036,,,,FALSE,,FALSE,{},FALSE,200,FALSE,FALSE
134,Week 11,Week_11,Inventory,str,FALSE,FALSE,FALSE,13,FALSE,FALSE,322037,,,,FALSE,,FALSE,{},FALSE,200,FALSE,FALSE
134,Week 12,Week_12,Inventory,str,FALSE,FALSE,FALSE,14,FALSE,FALSE,322038,,,,FALSE,,FALSE,{},FALSE,200,FALSE,FALSE
134,Week 13,Week_13,Inventory,str,FALSE,FALSE,FALSE,15,FALSE,FALSE,322002,,,,FALSE,,FALSE,{},FALSE,200,FALSE,FALSE
135,Store Code,retail_facility_code,Inventory,str,FALSE,FALSE,FALSE,1,FALSE,FALSE,322039,,,,FALSE,,FALSE,{},FALSE,200,FALSE,FALSE
135,Channel,channel,Inventory,str,FALSE,FALSE,FALSE,2,FALSE,FALSE,322040,,,,FALSE,,FALSE,{},FALSE,200,FALSE,FALSE
135,Country,country,Inventory,str,FALSE,FALSE,FALSE,2.1,FALSE,FALSE,322079,,,,FALSE,,FALSE,{},FALSE,200,FALSE,FALSE
135,Material,article,Inventory,str,FALSE,FALSE,FALSE,3,FALSE,FALSE,322041,,,,FALSE,,FALSE,{},FALSE,200,FALSE,FALSE
135,Group Division,l0_name,Inventory,str,FALSE,FALSE,FALSE,3.1,FALSE,FALSE,321201,,,,FALSE,,FALSE,{},FALSE,200,FALSE,FALSE
135,Style Description,product_description,Inventory,str,false,false,false,3.15,false,false,110000,,,,false,,false,"{}",false,200,false,false
135,Division,l1_name,Inventory,str,FALSE,FALSE,FALSE,3.2,FALSE,FALSE,321202,,,,FALSE,,FALSE,{},FALSE,200,FALSE,FALSE
135,Department,l2_name,Inventory,str,FALSE,FALSE,FALSE,3.3,FALSE,FALSE,321203,,,,FALSE,,FALSE,{},FALSE,200,FALSE,FALSE
135,Sub Department,l3_name,Inventory,str,FALSE,FALSE,FALSE,3.4,FALSE,FALSE,321204,,,,FALSE,,FALSE,{},FALSE,200,FALSE,FALSE
135,Metric,metric,Inventory,str,FALSE,FALSE,FALSE,4,FALSE,FALSE,322042,,,,FALSE,,FALSE,{},FALSE,200,FALSE,FALSE
135,DC Out of Stock,dc_out_of_stock,Inventory,str,FALSE,FALSE,FALSE,3.5,FALSE,FALSE,322083,,,,FALSE,,FALSE,{},FALSE,200,FALSE,FALSE
135,Week 1,Week_1,Inventory,str,FALSE,FALSE,FALSE,5,FALSE,FALSE,322043,,,,FALSE,,FALSE,{},FALSE,200,FALSE,FALSE
135,Week 2,Week_2,Inventory,str,FALSE,FALSE,FALSE,6,FALSE,FALSE,322044,,,,FALSE,,FALSE,{},FALSE,200,FALSE,FALSE
135,Week 3,Week_3,Inventory,str,FALSE,FALSE,FALSE,7,FALSE,FALSE,322045,,,,FALSE,,FALSE,{},FALSE,200,FALSE,FALSE
135,Week 4,Week_4,Inventory,str,FALSE,FALSE,FALSE,8,FALSE,FALSE,322046,,,,FALSE,,FALSE,{},FALSE,200,FALSE,FALSE
135,Week 5,Week_5,Inventory,str,FALSE,FALSE,FALSE,9,FALSE,FALSE,322047,,,,FALSE,,FALSE,{},FALSE,200,FALSE,FALSE
135,Week 6,Week_6,Inventory,str,FALSE,FALSE,FALSE,10,FALSE,FALSE,322048,,,,FALSE,,FALSE,{},FALSE,200,FALSE,FALSE
135,Week 7,Week_7,Inventory,str,FALSE,FALSE,FALSE,11,FALSE,FALSE,322049,,,,FALSE,,FALSE,{},FALSE,200,FALSE,FALSE
135,Week 8,Week_8,Inventory,str,FALSE,FALSE,FALSE,12,FALSE,FALSE,322050,,,,FALSE,,FALSE,{},FALSE,200,FALSE,FALSE
135,Week 9,Week_9,Inventory,str,FALSE,FALSE,FALSE,13,FALSE,FALSE,322051,,,,FALSE,,FALSE,{},FALSE,200,FALSE,FALSE
135,Week 10,Week_10,Inventory,str,FALSE,FALSE,FALSE,14,FALSE,FALSE,322052,,,,FALSE,,FALSE,{},FALSE,200,FALSE,FALSE
135,Week 11,Week_11,Inventory,str,FALSE,FALSE,FALSE,15,FALSE,FALSE,322053,,,,FALSE,,FALSE,{},FALSE,200,FALSE,FALSE
135,Week 12,Week_12,Inventory,str,FALSE,FALSE,FALSE,16,FALSE,FALSE,322054,,,,FALSE,,FALSE,{},FALSE,200,FALSE,FALSE
135,Week 13,Week_13,Inventory,str,FALSE,FALSE,FALSE,17,FALSE,FALSE,322008,,,,FALSE,,FALSE,{},FALSE,200,FALSE,FALSE
135,Brand,brand,Product,str,FALSE,FALSE,FALSE,3.45,FALSE,FALSE,355008,,,,FALSE,,TRUE,{},TRUE,200,FALSE,FALSE
135,Store Currency,currency_cd,Inventory,str,FALSE,FALSE,FALSE,1.5,FALSE,FALSE,321997,,,,FALSE,,FALSE,{},FALSE,200,FALSE,FALSE
136,Channel,channel,Inventory,str,TRUE,FALSE,FALSE,3,FALSE,FALSE,322057,,,,FALSE,,FALSE,{},FALSE,200,FALSE,FALSE
136,Country,country,Inventory,str,TRUE,FALSE,FALSE,4,FALSE,FALSE,322058,,,,FALSE,,FALSE,{},FALSE,200,FALSE,FALSE
136,Group Division,l0_name,Inventory,str,TRUE,FALSE,FALSE,1,FALSE,FALSE,322059,,,,FALSE,,FALSE,{},FALSE,200,FALSE,FALSE
136,Division,l1_name,Inventory,str,TRUE,FALSE,FALSE,2,FALSE,FALSE,322060,,,,FALSE,,FALSE,{},FALSE,200,FALSE,FALSE
136,# Materials,article_count,Inventory,str,TRUE,FALSE,FALSE,5,FALSE,FALSE,322061,,,,FALSE,,FALSE,{},FALSE,200,FALSE,FALSE
136,Style Description,product_description,Inventory,str,false,false,false,5.1,false,false,110001,,,,false,,false,"{}",false,200,false,false
136,Metric,metric,Inventory,str,FALSE,FALSE,FALSE,6,FALSE,FALSE,322062,,,,FALSE,,FALSE,{},FALSE,200,FALSE,FALSE
136,Week 1,Week_1,Inventory,str,FALSE,FALSE,FALSE,7,FALSE,FALSE,322063,,,,FALSE,,FALSE,{},FALSE,200,FALSE,FALSE
136,Week 2,Week_2,Inventory,str,FALSE,FALSE,FALSE,8,FALSE,FALSE,322064,,,,FALSE,,FALSE,{},FALSE,200,FALSE,FALSE
136,Week 3,Week_3,Inventory,str,FALSE,FALSE,FALSE,9,FALSE,FALSE,322065,,,,FALSE,,FALSE,{},FALSE,200,FALSE,FALSE
136,Week 4,Week_4,Inventory,str,FALSE,FALSE,FALSE,10,FALSE,FALSE,322066,,,,FALSE,,FALSE,{},FALSE,200,FALSE,FALSE
136,Week 5,Week_5,Inventory,str,FALSE,FALSE,FALSE,11,FALSE,FALSE,322067,,,,FALSE,,FALSE,{},FALSE,200,FALSE,FALSE
136,Week 6,Week_6,Inventory,str,FALSE,FALSE,FALSE,12,FALSE,FALSE,322068,,,,FALSE,,FALSE,{},FALSE,200,FALSE,FALSE
136,Week 7,Week_7,Inventory,str,FALSE,FALSE,FALSE,13,FALSE,FALSE,322069,,,,FALSE,,FALSE,{},FALSE,200,FALSE,FALSE
136,Week 8,Week_8,Inventory,str,FALSE,FALSE,FALSE,14,FALSE,FALSE,322070,,,,FALSE,,FALSE,{},FALSE,200,FALSE,FALSE
136,Week 9,Week_9,Inventory,str,FALSE,FALSE,FALSE,15,FALSE,FALSE,322071,,,,FALSE,,FALSE,{},FALSE,200,FALSE,FALSE
136,Week 10,Week_10,Inventory,str,FALSE,FALSE,FALSE,16,FALSE,FALSE,322072,,,,FALSE,,FALSE,{},FALSE,200,FALSE,FALSE
136,Week 11,Week_11,Inventory,str,FALSE,FALSE,FALSE,17,FALSE,FALSE,322073,,,,FALSE,,FALSE,{},FALSE,200,FALSE,FALSE
136,Week 12,Week_12,Inventory,str,FALSE,FALSE,FALSE,18,FALSE,FALSE,322074,,,,FALSE,,FALSE,{},FALSE,200,FALSE,FALSE
136,Week 13,Week_13,Inventory,str,FALSE,FALSE,FALSE,19,FALSE,FALSE,322075,,,,FALSE,,FALSE,{},FALSE,200,FALSE,FALSE
361,User Reserve %,percentage,product,IntegerField,FALSE,TRUE,FALSE,1,,FALSE,322513,,,,FALSE,,FALSE,{},FALSE,200,FALSE,FALSE
361,User Reserve Quantity,quantity,product,IntegerField,FALSE,TRUE,FALSE,2,,FALSE,322514,,,,FALSE,,FALSE,{},FALSE,200,FALSE,FALSE
385,Material Number,article,Product,str,FALSE,FALSE,FALSE,2,FALSE,FALSE,321175,,,,FALSE,,TRUE,{},TRUE,200,FALSE,FALSE
385,Style Description,product_description,Inventory,str,TRUE,FALSE,FALSE,1,FALSE,FALSE,321176,,,,FALSE,,TRUE,{},TRUE,200,FALSE,FALSE
385,Style Color Id,style_color_id,Product,str,FALSE,FALSE,FALSE,3,FALSE,FALSE,321174,,,,FALSE,,TRUE,{},TRUE,200,FALSE,FALSE
385,Department,l2_name,Product,str,FALSE,FALSE,FALSE,6,FALSE,FALSE,321179,,,,FALSE,,TRUE,{},TRUE,200,FALSE,FALSE
385,Sub-Department,l3_name,Product,str,FALSE,FALSE,FALSE,7,FALSE,FALSE,321180,,,,FALSE,,TRUE,{},TRUE,200,FALSE,FALSE
385,Class,l4_name,Product,str,FALSE,FALSE,FALSE,8,FALSE,FALSE,321181,,,,FALSE,,TRUE,{},TRUE,200,FALSE,FALSE
385,Brand,brand,Product,str,FALSE,FALSE,FALSE,10,FALSE,FALSE,321182,,,,FALSE,,TRUE,{},TRUE,200,FALSE,FALSE
385,Store Number,retail_facility_code,Store,str,FALSE,FALSE,FALSE,9,FALSE,FALSE,321183,,,,FALSE,,TRUE,{},TRUE,200,FALSE,FALSE
385,Store Currency,currency_cd,Store,str,false,false,false,9.5,false,false,"3211830",,"","",false,"",true,"{}",true,200,false,false
385,Updated at,updated_at,Product,str,FALSE,FALSE,FALSE,22,FALSE,FALSE,2181,,,,FALSE,,FALSE,{},FALSE,200,FALSE,FALSE
385,Updated by,updated_by,Product,str,FALSE,FALSE,FALSE,22,FALSE,FALSE,2182,,,,FALSE,,TRUE,{},TRUE,200,FALSE,FALSE
385,Group Division,l0_name,Product,str,FALSE,FALSE,FALSE,4,FALSE,FALSE,321177,,,,FALSE,,TRUE,{},TRUE,200,FALSE,FALSE
385,Division,l1_name,Product,str,FALSE,FALSE,FALSE,5,FALSE,FALSE,321178,,,,FALSE,,TRUE,{},TRUE,200,FALSE,FALSE
385,Supersede Flag,supersede_flag,Product,str,FALSE,FALSE,FALSE,22,FALSE,FALSE,321185,,,,FALSE,,TRUE,{},FALSE,200,FALSE,FALSE
385,Priority Code,priority_code,product,list,FALSE,TRUE,FALSE,11,FALSE,FALSE,321184,,,,FALSE,,FALSE,"{ ""bulkEdit"": true,
  ""enableEditOnChange"": true,
  ""disableSubHeader"": true,
  ""column_name"": ""priority_code"",
  ""options"": [
    {
      ""label"": ""1"",
      ""value"": ""1""
    },
    {
      ""label"": ""2"",
      ""value"": ""2""
    },
    {
      ""label"": ""3"",
      ""value"": ""3""
    },
    {
      ""label"": ""4"",
      ""value"": ""4""
    },
    {
      ""label"": ""5"",
      ""value"": ""5""
    },
    {
      ""label"": ""6"",
      ""value"": ""6""
    },
    {
      ""label"": ""7"",
      ""value"": ""7""
    },
    {
      ""label"": ""8"",
      ""value"": ""8""
    },
    {
      ""label"": ""9"",
      ""value"": ""9""
    }
  ]
}",FALSE,200,FALSE,FALSE
385,InStore Date,instore_date,Product,datetime,false,true,false,12.0,false,false,"321994",,,DD-MM-YYYY,false,,true,"{""displayDateFormat"": ""DD-MM-YYYY"",""disablePast"": true,""isKeyBoardDisableWithNoClearbutton"":true}",true,200,false,false
385,Model Description,model_description,Product,str,FALSE,FALSE,FALSE,1.5,FALSE,FALSE,"3211761",,,,FALSE,,TRUE,{},TRUE,200,FALSE,FALSE
395,Agg. Actuals,overall_actuals,Inventory,float,False,False,False,10.0,False,False,321456,,,roundOfftoTwoDecimals,False,,False,{},False,200,False,False
395,Agg. IA Forecast,overall_ia_forecast,Inventory,float,False,False,False,11.0,False,False,321455,,,roundOfftoTwoDecimals,False,,False,{},False,200,False,False
395,Variance%,varience_percentage,Inventory,str,False,False,False,12.0,False,False,321454,,,,False,,False,{},False,200,False,False
395,Bias Type,bias_type,Inventory,str,False,False,False,13.0,False,False,321457,,,,False,,False,{},False,200,False,False
500,Application name,module_type,Product,link,FALSE,TRUE,FALSE,1,FALSE,FALSE,200029,,,,FALSE,,TRUE,{},FALSE,200,FALSE,FALSE
500,Closed tickets,closed,Product,link,FALSE,TRUE,FALSE,5,FALSE,FALSE,200030,,,,FALSE,,TRUE,{},TRUE,200,FALSE,FALSE
500,Open tickets,open,Product,link,FALSE,TRUE,FALSE,4,FALSE,FALSE,200031,,,,FALSE,,TRUE,{},TRUE,200,FALSE,FALSE
500,Total tickets,total,Product,link,FALSE,TRUE,FALSE,3,FALSE,FALSE,200032,,,,FALSE,,TRUE,{},TRUE,200,FALSE,FALSE
501,Closed tickets,closed,Product,link,FALSE,TRUE,FALSE,5,FALSE,FALSE,200033,,,,FALSE,,TRUE,{},TRUE,200,FALSE,FALSE
501,Open tickets,open,Product,link,FALSE,TRUE,FALSE,4,FALSE,FALSE,200034,,,,FALSE,,TRUE,{},TRUE,200,FALSE,FALSE
501,Requestor name,user_name,Product,str,FALSE,FALSE,FALSE,2,FALSE,FALSE,200035,,,,FALSE,,TRUE,{},TRUE,200,FALSE,FALSE
501,Total tickets,total,Product,link,FALSE,TRUE,FALSE,3,FALSE,FALSE,200036,,,,FALSE,,TRUE,{},TRUE,200,FALSE,FALSE
501,User id,user_id,Product,link,FALSE,TRUE,FALSE,1,FALSE,FALSE,200037,,,,FALSE,,TRUE,{},TRUE,200,FALSE,FALSE
502,Closed on,closed_on,Product,str,FALSE,FALSE,FALSE,6,FALSE,FALSE,200066,,,,FALSE,,TRUE,{},TRUE,200,FALSE,FALSE
502,Created on,created_on,Product,str,FALSE,FALSE,FALSE,4,FALSE,FALSE,200039,,,,FALSE,,TRUE,{},TRUE,200,FALSE,FALSE
502,Issue Type,issue_type,Product,str,FALSE,FALSE,FALSE,9,FALSE,FALSE,200040,,,,FALSE,,TRUE,{},TRUE,200,FALSE,FALSE
502,Module,module_type,Product,str,FALSE,FALSE,FALSE,12,FALSE,FALSE,200041,,,,FALSE,,TRUE,{},TRUE,200,FALSE,FALSE
502,Priority,priority,Product,str,FALSE,FALSE,FALSE,3,FALSE,FALSE,200042,,,,FALSE,,TRUE,{},TRUE,200,FALSE,FALSE
502,Status,status,Product,str,FALSE,FALSE,FALSE,2,FALSE,FALSE,200043,,,,FALSE,,TRUE,{},TRUE,200,FALSE,FALSE
502,Ticket id,id,Product,int,FALSE,FALSE,FALSE,1,FALSE,FALSE,200044,,,,FALSE,,TRUE,{},TRUE,200,FALSE,FALSE
502,Title,title,Product,str,FALSE,FALSE,FALSE,11,FALSE,FALSE,200045,,,,FALSE,,TRUE,{},TRUE,200,FALSE,FALSE
502,Updated on,updated_on,Product,str,FALSE,FALSE,FALSE,5,FALSE,FALSE,200046,,,,FALSE,,TRUE,{},TRUE,200,FALSE,FALSE
502,User Id,user_id,Product,int,FALSE,FALSE,FALSE,7,FALSE,FALSE,200047,,,,FALSE,,TRUE,{},TRUE,200,FALSE,FALSE
502,User Name,user_name,Product,str,FALSE,FALSE,FALSE,8,FALSE,FALSE,200048,,,,FALSE,,TRUE,{},TRUE,200,FALSE,FALSE
503,Issue Type,issue_type,Product,str,FALSE,FALSE,FALSE,8,FALSE,FALSE,200049,,,,FALSE,,TRUE,{},TRUE,200,FALSE,FALSE
503,Module,module_type,Product,str,FALSE,FALSE,FALSE,3,FALSE,FALSE,200050,,,,FALSE,,TRUE,{},TRUE,200,FALSE,FALSE
503,Priority,priority,Product,str,FALSE,FALSE,FALSE,2,FALSE,FALSE,200051,,,,FALSE,,TRUE,{},TRUE,200,FALSE,FALSE
503,Recent Activity,update_details,Product,str,FALSE,FALSE,FALSE,9,FALSE,FALSE,200052,,,,FALSE,,TRUE,{},TRUE,200,FALSE,FALSE
503,Ticket id,id,Product,int,FALSE,FALSE,FALSE,1,FALSE,FALSE,200053,,,,FALSE,,TRUE,{},TRUE,200,FALSE,FALSE
503,Title,title,Product,str,FALSE,FALSE,FALSE,7,FALSE,FALSE,200054,,,,FALSE,,TRUE,{},TRUE,200,FALSE,FALSE
503,Updated on,updated_on,Product,str,FALSE,FALSE,FALSE,4,FALSE,FALSE,200055,,,,FALSE,,TRUE,{},TRUE,200,FALSE,FALSE
503,User Id,user_id,Product,int,FALSE,FALSE,FALSE,6,FALSE,FALSE,200056,,,,FALSE,,TRUE,{},TRUE,200,FALSE,FALSE
503,User Name,user_name,Product,str,FALSE,FALSE,FALSE,5,FALSE,FALSE,200057,,,,FALSE,,TRUE,{},TRUE,200,FALSE,FALSE
504,Created Date,created_on,Product,date,FALSE,FALSE,FALSE,8,FALSE,FALSE,200058,,,"MM-DD-YYYY, HH:mm:ss",FALSE,,TRUE,{},TRUE,200,FALSE,FALSE
504,Last modified date,updated_on,Product,date,FALSE,FALSE,FALSE,9,FALSE,FALSE,200059,,,"MM-DD-YYYY, HH:mm:ss",FALSE,,TRUE,{},TRUE,200,FALSE,FALSE
504,Priority,priority,Product,chip,TRUE,FALSE,FALSE,4,FALSE,FALSE,200060,,,,FALSE,,TRUE,{},TRUE,200,FALSE,FALSE
504,Product,module_type,Product,str,FALSE,FALSE,FALSE,6,FALSE,FALSE,200061,,,,FALSE,,TRUE,{},TRUE,200,FALSE,FALSE
504,Requestor Name,user_name,Product,str,FALSE,FALSE,FALSE,5,FALSE,FALSE,200062,,,,FALSE,,TRUE,{},TRUE,200,FALSE,FALSE
504,Status,status,Product,chip,TRUE,FALSE,FALSE,2,FALSE,FALSE,200063,,,,FALSE,,TRUE,{},TRUE,200,FALSE,FALSE
504,Subject,title,Product,str,TRUE,FALSE,FALSE,3,FALSE,FALSE,200064,,,,FALSE,,TRUE,{},TRUE,200,FALSE,FALSE
504,Ticket id,id,Product,link,TRUE,TRUE,FALSE,1,FALSE,FALSE,200065,,,,FALSE,,TRUE,{},TRUE,200,FALSE,FALSE
382,Store Number,retail_facility_code,product,str,false,false,false,1.0,,false,"322713",,,,false,,true,"{}",false,200,false,false
382,Store Name,store_name,product,str,false,false,false,2.0,,false,"322714",,,,false,,true,"{}",false,200,false,false
383,Last Modified,last_modified,product,date,false,true,false,4.0,,false,"322616",,,,false,,false,"{}",false,200,false,false
383,Modified By,modified_by,product,str,false,true,false,3.0,,false,"322615",,,,false,,false,"{}",false,200,false,false
383,Rule Definations,rule_definations,product,str,false,true,false,2.0,,false,"322614",,,,false,,false,"{}",false,200,false,false
383,Rule Name,rule_name,product,str,false,true,false,1.0,,false,"322613",,,,false,,false,"{}",false,200,false,false
383,Store Exceptions,store_exceptions,product,link,false,true,false,5.0,,false,"322617",,,,false,,false,"{}",false,200,false,false
386,Scheduler Name,rule_name,Inventory,str,true,false,false,1.0,false,false,"321079",,,,false,,true,"{}",true,200,false,false
386,Scheduler Frequency,rule_definitions,Inventory,str,false,false,false,2.0,false,false,"321133",,,,false,,false,"{}",false,200,false,false
386,Modify By,updated_by,Inventory,str,false,false,false,3.0,false,false,"321168",,,,false,,false,"{}",false,200,false,false
386,Last Modified,updated_at,Inventory,date,false,false,false,4.0,false,false,"321186",,,DD-MM-YYYY,false,,false,"{}",false,200,false,false
386,Edit,edit,Inventory,edit_icon,false,true,false,6.0,false,false,"321200",,,,false,,false,"{""ignore_in_api"": false, ""showEditIcon"": ""can_edit""}",false,150,false,false
386,Delete,delete,Inventory,delete_icon,false,true,false,7.0,false,false,"321225",,,,false,,false,"{""ignore_in_api"": false, ""showDeleteIcon"": ""can_delete""}",false,150,false,false
387,Scheduler Name,rule_name,Inventory,str,true,false,false,1.0,false,false,"321231",,,,false,,true,"{}",true,200,false,false
387,Scheduler Definition,rule_definitions,Inventory,str,true,false,false,2.0,false,false,"322231",,,,false,,true,"{}",true,200,false,false
7,Is Uploaded?,is_uploaded,Store,str,false,false,false,10.0,,false,"21830",,"","",false,"",true,"{}",true,200,false,false
111112,Last Modified,updated_at,Inventory,DateTimeField,false,false,false,4.0,,false,"3143",,,,false,,true,"{}",true,200,false,false
111112,Modified By,updated_by,Inventory,str,false,false,false,3.0,,false,"9876",,,,false,,true,"{}",true,200,false,false
111112,Scheduler Definition,rule_definitions,Inventory,str,false,false,false,2.0,,false,"3456",,,,false,,FALSE,"{}",FALSE,200,false,false
111112,Scheduler Name,rule_name,Inventory,str,false,false,false,1.0,,false,"44556",,,,false,,true,"{}",true,200,false,false
111113,Auto Allocation Scheduler,rule_name,Inventory,str,false,false,false,4.0,,false,"3340",,,,false,,true,"{}",true,200,false,false
111113,Store Grade,store_grade,Inventory,str,false,false,false,3.0,,false,"4236",,,,false,,true,"{}",true,200,false,false
111113,Store Name,store_name,Inventory,str,false,false,false,2.0,,false,"42356",,,,false,,true,"{}",true,200,false,false
111113,Store Number,retail_facility_code,Inventory,str,false,false,false,1.0,,false,"28934",,,,false,,true,"{}",true,200,false,false
363,AutoAllocation Threshold ,threshold,Product,str,false,false,false,3.0,false,false,"111116",,,,false,,true,"{}",true,200,false,false
363,Material Number,article,Product,str,false,false,false,3.0,false,false,"111111",,,,false,,true,"{}",true,200,false,false
363,Release Type,approval_type,Product,str,false,false,false,3.0,false,false,"111115",,,,false,,true,"{}",true,200,false,false
363,Rule Definition,rule_definitions,Product,str,false,false,false,3.0,false,false,"111114",,,,false,,true,"{}",true,200,false,false
363,Rule Name,rule_name,Product,str,false,false,false,3.0,false,false,"111113",,,,false,,true,"{}",true,200,false,false
363,Store Code,store_code,Product,str,false,false,false,3.0,false,false,"111112",,,,false,,true,"{}",true,200,false,false
52235,Mapped Stores,retail_facility_code,Product,str,false,false,false,1.0,false,false,"52235_retail_facility_code_Store Number_Product",,,,false,,true,"{}",true,200,false,false
52234,Sub Department,l3_name,"{""Product""}",str,false,false,true,5.0,false,false,"52234_l3_name_Sub Department_{""Product""}",,,,false,,true,"{}",true,200,false,false
52234,Size,size,"{""Product""}",str,false,false,true,9.0,false,false,"52234_size_Size_{""Product""}",,,,false,,true,"{}",true,200,false,false
52234,Material Number,article,"{""Product""}",str,false,false,true,7.0,false,false,"52234_article_Material Number_{""Product""}",,,,false,,true,"{}",true,200,false,false
52234,Group Division,l0_name,"{""Product""}",str,false,false,true,2.0,false,false,"52234_l0_name_Group Division_{""Product""}",,,,false,,true,"{}",true,200,false,false
52234,Division,l1_name,"{""Product""}",str,false,false,true,3.0,false,false,"52234_l1_name_Division_{""Product""}",,,,false,,true,"{}",true,200,false,false
52234,Department,l2_name,"{""Product""}",str,false,false,true,4.0,false,false,"52234_l2_name_Department_{""Product""}",,,,false,,true,"{}",true,200,false,false
52234,Brand,brand,Product,str,false,false,false,8.0,false,false,"52234_brand_Brand_Product",,,,false,,true,"{}",true,200,false,false
327,Store Opening date,open_date,Inventory,datetime,false,false,false,3.0,false,false,"90303",,,MM-DD-YYYY,false,,false,"{""dateFormat"": ""MM-DD-YYYY""}",false,200,false,false
327,Plan,plan_code,Inventory,int,false,false,false,4.0,false,false,"90304",,,,false,,false,"{}",true,200,false,false
327,Store Number,retail_facility_code,Inventory,str,true,false,false,1.0,false,false,"90301",,,,false,,true,"{}",true,200,false,false
327,Store Name,store_name,Inventory,str,false,false,false,2.0,false,false,"90302",,,,false,,false,"{}",true,200,false,false
327,Allocated Units,allocated_total,Inventory,int,false,false,false,5.0,false,false,"90305",,,,false,,false,"{}",true,200,false,false
505,Priority Code,priority_code,product,str,false,false,false,13.0,,false,e82d2239-e23c-4640-89ed-7b58a64c665a,,,,false,,true,"{}",true,200,false,false
505,DC,dc_code,product,str,false,false,false,11.0,,false,"5fad6854-0e17-425d-ab8e-ceaf761a94f0",,,,false,,true,"{}",true,200,false,false
505,Sum of Allocated Units,allocated_total_orig,product,str,false,false,false,14.0,,false,"94ee3a74-74ff-4fde-86c2-bd871b76e05f",,,,false,,true,"{}",true,200,false,false
505,Approver User ID,updated_by,product,str,false,false,false,15.0,,false,"51233846-c97d-4326-9477-f19fa5c6de7e",,,,false,,true,"{}",true,200,false,false
505,Store,retail_facility_code,store,str,false,false,false,12.0,,false,"9d7942ac-273e-4049-b78f-ac16355cf453",,,,false,,true,"{}",true,200,false,false
505,Group Division,l0_name,product,str,false,false,false,1.0,,false,"115f40b1-32bb-4e7a-865c-66f6edbc3c27",,,,false,,true,"{}",true,200,false,false
505,Division,l1_name,product,str,false,false,false,2.0,,false,"5dc60f5d-fc6d-4c9a-8e10-0306eefe6da3",,,,false,,true,"{}",true,200,false,false
505,Department,l2_name,product,str,false,false,false,3.0,,false,"5e0949bf-3bad-4b38-a61d-a4f7a3106cbf",,,,false,,true,"{}",true,200,false,false
505,Sub Department,l3_name,product,str,false,false,false,4.0,,false,"70956422-7b42-4a9c-abb8-b98845ef4548",,,,false,,true,"{}",true,200,false,false
505,Class,l4_name,product,str,false,false,false,5.0,,false,"4914c4a0-24fc-4f18-8f64-ce44ea1b3ebe",,,,false,,true,"{}",true,200,false,false
505,Vendor,vendor,product,str,false,false,false,6.0,,false,fa0847f5-e3af-4957-be3b-d32e95441613,,,,false,,true,"{}",true,200,false,false
505,Style Number,style_og,product,str,false,false,false,7.0,,false,"4bc8c6be-f47d-4058-97ed-2e3fe9e79347",,,,false,,true,"{}",true,200,false,false
505,Color,color_id_og,product,str,false,false,false,8.0,,false,"1f6ddd7c-3236-4361-98a0-4385353e71c0",,,,false,,true,"{}",true,200,false,false
505,Material Number,article,product,str,false,false,false,9.0,,false,"35ee9b78-908c-4a01-8865-ec64819de40d",,,,false,,true,"{}",true,200,false,false
505,Brand,brand,Product,str,false,false,false,10.0,,false,d2e965c8-05fa-445f-b43b-d931f58d3a74,,,,false,,true,"{}",true,200,false,false
506,Material Number,article,product,str,false,false,false,1.0,false,false,"10000000",,,,false,,false,"{}",false,200,false,false
506,Approver User ID,updated_by,product,str,false,false,false,2.0,false,false,"10000001",,,,false,,false,"{}",false,200,false,false
506,Status Datetime,updated_at,product,datetime,false,false,false,3.0,false,false,"10000002",,,,false,,false,"{}",false,200,false,false
506,Plan Code,plan_code,product,str,false,false,false,4.0,false,false,"1000003",,,,false,,false,"{}",false,200,false,false
506,Inventory Source,inventory_source,product,str,false,false,false,5.0,false,false,"1000004",,,,false,,false,"{}",false,200,false,false
506,Division Number,l1_id,product,str,false,false,false,6.0,false,false,"1000005",,,,false,,false,"{}",false,200,false,false
506,Division,l1_name,product,str,false,false,false,7.0,false,false,"1000006",,,,false,,false,"{}",false,200,false,false
506,Department Number,l2_id,product,str,false,false,false,8.0,false,false,"1000007",,,,false,,false,"{}",false,200,false,false
506,Department,l2_name,product,str,false,false,false,9.0,false,false,"1000008",,,,false,,false,"{}",false,200,false,false
506,Sub Department Number,l3_id,product,str,false,false,false,10.0,false,false,"1000009",,,,false,,false,"{}",false,200,false,false
506,Sub Department,l3_name,product,str,false,false,false,11.0,false,false,"1000010",,,,false,,false,"{}",false,200,false,false
506,Class Number,l4_id,product,str,false,false,false,12.0,false,false,"1000011",,,,false,,false,"{}",false,200,false,false
506,Class,l4_name,product,str,false,false,false,13.0,false,false,"1000012",,,,false,,false,"{}",false,200,false,false
506,Vendor,vendor,product,str,false,false,false,14.0,false,false,"1000013",,,,false,,false,"{}",false,200,false,false
506,Color,color_id_og,product,str,false,false,false,15.0,false,false,"1000014",,,,false,,false,"{}",false,200,false,false
506,Color Name,color_name_og,product,str,false,false,false,16.0,false,false,"1000015",,,,false,,false,"{}",false,200,false,false
506,Style Number,style_og,product,str,false,false,false,17.0,false,false,"1000016",,,,false,,false,"{}",false,200,false,false
506,Style Description,item_desc_og,product,str,false,false,false,18.0,false,false,"1000017",,,,false,,false,"{}",false,200,false,false
506,Model Description,model_description,Product,str,false,false,false,19.0,false,false,"1000018",,,,false,,false,"{}",false,200,false,false
506,Style Color ID,style_color_id_og,product,str,false,false,false,20.0,false,false,"1000019",,,,false,,false,"{}",false,200,false,false
506,Size,size,product,str,false,false,false,21.0,false,false,"1000020",,,,false,,false,"{}",false,200,false,false
506,Vendor Case Pack Quantity,case_pack_qty,product,int,false,false,false,22.0,false,false,"1000021",,,,false,,false,"{}",false,200,false,false
506,Size Name,size_name,product,str,false,false,false,23.0,false,false,"1000028",,,,false,,false,"{}",false,200,false,false
506,Store Number,retail_facility_code,store,str,false,false,false,24.0,false,false,"1000029",,,,false,,false,"{}",false,200,false,false
506,Store Name,store_name,store,str,false,false,false,25.0,false,false,"1000022",,,,false,,false,"{}",false,200,false,false
506,Store Currency,currency_cd,Store,str,false,false,true,26.0,false,false,"1000023",,,,false,,false,"{}",false,200,false,false
506,Priority Code,priority_code,product,str,false,false,false,27.0,false,false,"1000024",,,,false,,false,"{}",false,200,false,false
506,Source WHSE,dc_code,product,str,false,false,false,28.0,false,false,"1000025",,,,false,,false,"{}",false,200,false,false
506,Original Available Quantity,available_qty,product,str,false,false,false,29.0,false,false,"1000026",,,,false,,false,"{}",false,200,false,false
506,Current Available to Allocate,current_available,product,str,false,false,false,30.0,false,false,"1000027",,,,false,,false,"{}",false,200,false,false
506,Available Packs,oh_packs,product,int,false,false,false,31.0,false,false,"1000030",,,,false,,false,"{}",false,200,false,false
506,Available Eaches,current_available,product,int,false,false,false,32.0,false,false,"1000031",,,,false,,false,"{}",false,200,false,false
506,Store (OH + OO + IT),oh_oo_intransit,store,int,false,false,false,33.0,false,false,"1000032",,,,false,,false,"{}",false,200,false,false
506,Demand,demand,product,float,false,false,false,34.0,false,false,"1000033",,,,false,,false,"{}",false,200,false,false
506,Allocated Qty.,allocated_qty,product,str,false,false,false,35.0,false,false,"1000034",,,,false,,false,"{}",false,200,false,false
506,Allocated Packs,packs_allocated_qty,product,int,false,false,false,36.0,false,false,"1000035",,,,false,,false,"{}",false,200,false,false
506,Allocated Qty. (Non-Edited),allocated_total_orig,product,str,false,false,false,37.0,false,false,"1000036",,,,false,,false,"{}",false,200,false,false
506,Allocated Eaches,loose_allocated_qty,product,int,false,false,false,38.0,false,false,"1000037",,,,false,,false,"{}",false,200,false,false
506,Is Edited,is_edited,product,str,false,false,false,39.0,false,false,"1000038",,,,false,,false,"{}",false,200,false,false
506,Max Suppressing Allocation Flag,max_supression_flag,product,str,false,false,false,40.0,false,false,"1000039",,,,false,,false,"{}",false,200,false,false
506,Min (Edited),min,product,int,false,false,false,41.0,false,false,"1000040",,,,false,,false,"{}",false,200,false,false
506,Max (Edited),max,product,int,false,false,false,42.0,false,false,"1000041",,,,false,,false,"{}",false,200,false,false
506,Min (Non Edited),unedited_min,product,int,false,false,false,43.0,false,false,"1000042",,,,false,,false,"{}",false,200,false,false
506,Max (Non Edited),unedited_max,product,int,false,false,false,44.0,false,false,"1000043",,,,false,,false,"{}",false,200,false,false
506,FWOS*,wos_predicted,product,float,false,false,false,45.0,false,false,"1000044",,,,false,,false,"{}",false,200,false,false
506,Brand,brand,product,str,false,false,false,46.0,false,false,"1000045",,,,false,,false,"{}",false,200,false,false
506,Min Influenced Allocation,min_influenced_allocation,product,str,false,false,false,47.0,false,false,"1000046",,,,false,,false,"{}",false,200,false,false
506,Allocation Type,allocation_type,product,str,false,false,false,48.0,false,false,"1000047",,,,false,,false,"{}",false,200,false,false
506,Estimated Demand,constrained_demand,product,int,false,false,false,49.0,false,false,"1000048",,,,false,,false,"{}",false,200,false,false
506,Unconstrained Demand,original_forecast,product,int,false,false,false,50.0,false,false,"1000049",,,,false,,false,"{}",false,200,false,false
506,Order Rejection Reason,order_rejection_reason,product,str,false,false,false,51.0,false,false,"1000050",,,,false,,false,"{}",false,200,false,false
506,Category,status_tag,product,str,false,false,false,52.0,false,false,"1000051",,,,false,,false,"{}",false,200,false,false
506,Merch Status Desc,merch_status_desc,product,str,false,false,false,53.0,false,false,"1000052",,,,false,,false,"{}",false,200,false,false
506,Shape Type,vendor_case_pack,product,str,false,false,false,54.0,false,false,"1000053",,,,false,,false,"{}",false,200,false,false
506,Season,season,product,str,false,false,false,55.0,false,false,"1000054",,,,false,,false,"{}",false,200,false,false
506,UPC,upc,product,str,false,false,false,56.0,false,false,"1000055",,,,false,,false,"{}",false,200,false,false
506,IP Short SKU,sku,product,str,false,false,false,57.0,false,false,"1000056",,,,false,,false,"{}",false,200,false,false
506,Supersede Flag,supersede_flag,Product,str,false,false,false,58.0,false,false,"1000057",,,,false,,false,"{}",false,200,false,false
95,Material Number,article,Product Profile,link,TRUE,FALSE,FALSE,1,FALSE,TRUE,95001,,,,FALSE,,TRUE,{},TRUE,200,FALSE,FALSE
95,Style Description,product_description,Product,str,TRUE,FALSE,FALSE,2,FALSE,FALSE,95002,,,,FALSE,,TRUE,{},TRUE,200,FALSE,FALSE
95,Style Color,color,Product Profile,str,TRUE,FALSE,FALSE,3,FALSE,TRUE,95003,,,,FALSE,,TRUE,{},TRUE,140,FALSE,FALSE
95,Style Color Id,style_color_id,Inventory,str,TRUE,FALSE,FALSE,3.1,FALSE,FALSE,95004,,,,FALSE,,TRUE,"{""width"": 220}",TRUE,200,FALSE,FALSE
95,Group Division,l0_name,Product Profile,str,FALSE,FALSE,FALSE,6,FALSE,TRUE,95005,,,,FALSE,,TRUE,{},TRUE,200,FALSE,FALSE
95,Division,l1_name,Product Profile,str,FALSE,FALSE,FALSE,7,FALSE,TRUE,95006,,,,FALSE,,TRUE,{},TRUE,200,FALSE,FALSE
95,Department,l2_name,Product Profile,str,FALSE,FALSE,FALSE,9,FALSE,TRUE,95007,,,,FALSE,,TRUE,{},TRUE,200,FALSE,FALSE
95,Sub Department,l3_name,Product Profile,str,FALSE,FALSE,FALSE,9,FALSE,TRUE,95008,,,,FALSE,,TRUE,{},TRUE,200,FALSE,FALSE
95,Class,l4_name,Product Profile,str,FALSE,FALSE,FALSE,9,FALSE,TRUE,95009,,,,FALSE,,TRUE,{},TRUE,200,FALSE,FALSE
95,Brand,brand,Product,str,FALSE,FALSE,FALSE,9.5,FALSE,FALSE,95010,,,,FALSE,,TRUE,{},TRUE,200,FALSE,FALSE
95,Supersede Flag,supersede_flag,Product,str,FALSE,FALSE,FALSE,13,FALSE,FALSE,95011,,,,FALSE,,TRUE,{},TRUE,200,FALSE,FALSE
95,Model Description,model_description,Product,str,FALSE,FALSE,FALSE,2.5,FALSE,FALSE,95012,,,,FALSE,,TRUE,{},TRUE,200,FALSE,FALSE
95,Delete,delete,Product Profile,delete_icon,FALSE,TRUE,FALSE,14.0,FALSE,TRUE,95013,,,,FALSE,,FALSE,{},FALSE,200,FALSE,FALSE
95,Created At,created_at,Product Profile,date,False,False,False,12,False,True,95014,,,DD-MM-YYYY,False,,False,{},True,200,False,False
95,Created By,user_name,Product Profile,str,False,False,False,13,False,True,95015,,,,False,,True,{},True,200,False,False
606,PO Number,raw_po_code,Product,str,TRUE,FALSE,FALSE,1,FALSE,FALSE,606001,,,,FALSE,,TRUE,{},TRUE,180,false,false
606,Expected Delivery,anticipate_date,Product,date,FALSE,FALSE,FALSE,2,FALSE,FALSE,606002,,,,FALSE,,TRUE,{},TRUE,150,false,false
606,Destination DC,dest_whouse,Product,str,FALSE,FALSE,FALSE,3,FALSE,FALSE,606003,,,,FALSE,,TRUE,{},TRUE,140,false,false
606,# Materials,count,Product,str,FALSE,FALSE,FALSE,5,FALSE,FALSE,606005,,,,FALSE,,FALSE,{},TRUE,120,false,false
606,Available Qty,current_available_qty,Product,str,FALSE,FALSE,FALSE,6,FALSE,FALSE,606006,,,,FALSE,,TRUE,{},TRUE,140,false,false
606,Country Code,s1_id,Product,str,FALSE,FALSE,FALSE,10,FALSE,FALSE,606011,,,,FALSE,,TRUE,{},TRUE,120,false,false
606,Action,action,Inventory,review_btn,FALSE,true,false,11,FALSE,FALSE,606007,,,,FALSE,,FALSE,{},FALSE,200,false,false
607,Material Number,article,Product,str,FALSE,FALSE,FALSE,1,FALSE,FALSE,607001,,,,FALSE,,TRUE,{},TRUE,150,false,false
607,Style Color ID,style_color_id_og,Product,str,FALSE,FALSE,FALSE,2,FALSE,FALSE,607010,,,,FALSE,,TRUE,{},TRUE,150,false,false
607,Style Description,product_description,Product,str,FALSE,FALSE,FALSE,3,FALSE,FALSE,607011,,,,FALSE,,TRUE,{},TRUE,250,false,false
607,Store Group,store_group,Product,list,FALSE,FALSE,FALSE,4,FALSE,FALSE,607005,,,,FALSE,,TRUE,{},TRUE,150,false,false
607,Destination DC,dest_whouse,Product,str,FALSE,FALSE,FALSE,3,FALSE,FALSE,607003,,,,FALSE,,TRUE,{},TRUE,140,false,false
607,Available Qty for Allocation,current_available_qty,Product,str,FALSE,FALSE,FALSE,5,FALSE,FALSE,607018,,,,FALSE,,TRUE,{},TRUE,140,false,false
607,Group Division,l0_name,Product,str,FALSE,FALSE,FALSE,6,FALSE,FALSE,607012,,,,FALSE,,TRUE,{},TRUE,150,false,false
607,Division,l1_name,Product,str,FALSE,FALSE,FALSE,7,FALSE,FALSE,607013,,,,FALSE,,TRUE,{},TRUE,150,false,false
607,Department,l2_name,Product,str,FALSE,FALSE,FALSE,8,FALSE,FALSE,607014,,,,FALSE,,TRUE,{},TRUE,150,false,false
607,Sub-Department,l3_name,Product,str,FALSE,FALSE,FALSE,9,FALSE,FALSE,607015,,,,FALSE,,TRUE,{},TRUE,150,false,false
607,Brand,brand,Product,str,FALSE,FALSE,FALSE,10,FALSE,FALSE,607016,,,,FALSE,,TRUE,{},TRUE,150,false,false
607,Coordinate Group Description,rtl_coordinate_group_desc,Product,str,FALSE,FALSE,FALSE,11,FALSE,FALSE,607017,,,,FALSE,,TRUE,{},TRUE,180,false,false
607,Country Code,s1_id,Product,str,FALSE,FALSE,FALSE,13,FALSE,FALSE,607020,,,,FALSE,,TRUE,{},TRUE,120,false,false
607,Ordered Qty,purchqty,Product,link,FALSE,TRUE,FALSE,14,FALSE,FALSE,607006,,,,FALSE,,TRUE,{},TRUE,180,false,false
607,Last Allocated Date,last_allocated_date,Product,date,FALSE,FALSE,FALSE,15,FALSE,FALSE,607021,,,,FALSE,,TRUE,{},TRUE,150,false,false
607,Last Allocated Qty,last_allocated_quantity,Product,str,FALSE,FALSE,FALSE,16,FALSE,FALSE,607022,,,,FALSE,,TRUE,{},TRUE,150,false,false
691,Rule Name,rule_name,DC Transfer,link,FALSE,TRUE,FALSE,1,FALSE,TRUE,32130,,,,FALSE,,TRUE,"{""isLevelPresent"": true, ""levelName"": """"}",FALSE,200,FALSE,FALSE
691,Channel,channel,DC Transfer,list,FALSE,FALSE,FALSE,2,FALSE,TRUE,32131,,,,FALSE,,TRUE,{},FALSE,200,FALSE,FALSE
691,Created At,created_at,DC Transfer,datetime,FALSE,FALSE,FALSE,3,FALSE,FALSE,32132,,,DD-MM-YYYY,FALSE,,FALSE,{},FALSE,200,FALSE,FALSE
691,Created By,created_by,DC Transfer,str,FALSE,FALSE,FALSE,4,FALSE,FALSE,32185,,,,FALSE,,FALSE,{},FALSE,200,FALSE,FALSE
691,Updated At,updated_at,DC Transfer,datetime,FALSE,FALSE,FALSE,5,FALSE,FALSE,32133,,,DD-MM-YYYY,FALSE,,FALSE,{},FALSE,200,FALSE,FALSE
691,Updated By,updated_by,DC Transfer,str,FALSE,FALSE,FALSE,6,FALSE,FALSE,32134,,,,FALSE,,FALSE,{},FALSE,200,FALSE,FALSE
691,Edit,edit,Inventory,edit_icon,FALSE,TRUE,FALSE,7,FALSE,FALSE,32135,,,,FALSE,,FALSE,"{""ignore_in_api"": false, ""showEditIcon"": ""can_edit""}",FALSE,150,FALSE,FALSE
691,Delete,delete,Inventory,delete_icon,FALSE,TRUE,FALSE,8,FALSE,FALSE,32136,,,,FALSE,,FALSE,"{""ignore_in_api"": false, ""showDeleteIcon"": ""can_delete""}",FALSE,150,FALSE,FALSE
692,Rule,rule_name,DC Transfer,str,FALSE,FALSE,FALSE,1,FALSE,TRUE,32137,,,,FALSE,,FALSE,{},FALSE,200,FALSE,FALSE
692,Source DC,source_dc,DC Transfer,str,FALSE,FALSE,FALSE,2,FALSE,TRUE,32138,,,,FALSE,,TRUE,{},FALSE,200,FALSE,FALSE
692,Destination DC,destination_dc,DC Transfer,str,FALSE,FALSE,FALSE,3,FALSE,TRUE,32139,,,,FALSE,,TRUE,{},FALSE,200,FALSE,FALSE
692,Priority,priority,DC Transfer,str,FALSE,TRUE,FALSE,4,FALSE,FALSE,32142,,,,FALSE,,FALSE,{},FALSE,150,FALSE,FALSE
692,Parameter,parameter_weeks,DC Transfer,str,FALSE,TRUE,FALSE,5,FALSE,FALSE,32143,,,,FALSE,,FALSE,{},FALSE,200,FALSE,FALSE
692,Source WOS,src_wos_threshold,DC Transfer,str,FALSE,TRUE,FALSE,6,FALSE,FALSE,32144,,,,FALSE,,FALSE,{},FALSE,200,FALSE,FALSE
692,Destination WOS,des_wos_threshold,DC Transfer,str,FALSE,TRUE,FALSE,7,FALSE,FALSE,32145,,,,FALSE,,FALSE,{},FALSE,200,FALSE,FALSE
692,Min Transfer Quantity,min_transfer_quantity,DC Transfer,str,FALSE,TRUE,FALSE,8,FALSE,FALSE,32146,,,,FALSE,,FALSE,{},FALSE,200,FALSE,FALSE
693,Rule,rule_name,DC Transfer,str,FALSE,FALSE,FALSE,1,FALSE,TRUE,32147,,,,FALSE,,FALSE,{},FALSE,200,FALSE,FALSE
693,Source DC,source_dc,DC Transfer,str,FALSE,FALSE,FALSE,2,FALSE,TRUE,32148,,,,FALSE,,TRUE,{},FALSE,200,FALSE,FALSE
693,Destination DC,destination_dc,DC Transfer,str,FALSE,FALSE,FALSE,3,FALSE,TRUE,32149,,,,FALSE,,TRUE,{},FALSE,200,FALSE,FALSE
693,Priority,priority,DC Transfer,str,FALSE,FALSE,FALSE,4,FALSE,FALSE,32152,,,,FALSE,,FALSE,{},FALSE,150,FALSE,FALSE
693,Parameter,parameter_weeks,DC Transfer,str,FALSE,FALSE,FALSE,5,FALSE,FALSE,32153,,,,FALSE,,FALSE,{},FALSE,200,FALSE,FALSE
693,Source WOS,src_wos_threshold,DC Transfer,str,FALSE,FALSE,FALSE,6,FALSE,FALSE,32154,,,,FALSE,,FALSE,{},FALSE,200,FALSE,FALSE
693,Destination WOS,des_wos_threshold,DC Transfer,str,FALSE,FALSE,FALSE,7,FALSE,FALSE,32155,,,,FALSE,,FALSE,{},FALSE,200,FALSE,FALSE
693,Min Transfer Quantity,min_transfer_quantity,DC Transfer,str,FALSE,FALSE,FALSE,8,FALSE,FALSE,32156,,,,FALSE,,FALSE,{},FALSE,200,FALSE,FALSE
694,Material Number,article,DC Transfer,str,FALSE,FALSE,FALSE,1,FALSE,TRUE,32157,,,,FALSE,,TRUE,{},FALSE,200,FALSE,FALSE
694,Style Description,product_description,DC Transfer,str,FALSE,FALSE,FALSE,2,FALSE,TRUE,32158,,,,FALSE,,TRUE,{},FALSE,200,FALSE,FALSE
694,Style Color ID,style_color_id,DC Transfer,str,FALSE,FALSE,FALSE,3,FALSE,TRUE,32159,,,,FALSE,,TRUE,{},FALSE,200,FALSE,FALSE
694,Group Division,l0_name,DC Transfer,str,FALSE,FALSE,FALSE,4,FALSE,TRUE,32160,,,,FALSE,,FALSE,{},FALSE,200,FALSE,FALSE
694,Division,l1_name,DC Transfer,str,FALSE,FALSE,FALSE,5,FALSE,TRUE,32161,,,,FALSE,,FALSE,{},FALSE,200,FALSE,FALSE
694,Sub Department,l3_name,DC Transfer,str,FALSE,FALSE,FALSE,6,FALSE,TRUE,32162,,,,FALSE,,FALSE,{},FALSE,150,FALSE,FALSE
694,Class,l4_name,DC Transfer,str,FALSE,FALSE,FALSE,7,FALSE,TRUE,32163,,,,FALSE,,FALSE,{},FALSE,200,FALSE,FALSE
694,BRAND,brand,DC Transfer,str,FALSE,FALSE,FALSE,8,FALSE,TRUE,32164,,,,FALSE,,FALSE,{},FALSE,200,FALSE,FALSE
694,AUR,aur,DC Transfer,str,FALSE,FALSE,FALSE,9,FALSE,TRUE,32165,,,,FALSE,,FALSE,{},FALSE,200,FALSE,FALSE
694,GM%,gm_perc,DC Transfer,str,FALSE,FALSE,FALSE,10,FALSE,TRUE,32166,,,,FALSE,,FALSE,{},FALSE,200,FALSE,FALSE
694,Transfer Rule,transfer_rule,DC Transfer,link,FALSE,FALSE,FALSE,11,FALSE,TRUE,32167,,,,FALSE,,FALSE,{},FALSE,200,FALSE,FALSE
694,Recommend DC2DC Transfer?,recommend_dc_transfer,DC Transfer,ToogleField,FALSE,TRUE,FALSE,12,FALSE,TRUE,32168,,,,FALSE,,FALSE,{},FALSE,200,FALSE,FALSE
700,Rule Name,rule_name,Store Transfer,link,FALSE,TRUE,FALSE,1,FALSE,TRUE,32173,,,,FALSE,,TRUE,"{""isLevelPresent"": true, ""levelName"": """"}",FALSE,200,FALSE,FALSE
700,Channel,channel,Store Transfer,list,FALSE,FALSE,FALSE,2,FALSE,TRUE,32174,,,,FALSE,,TRUE,{},FALSE,200,FALSE,FALSE
700,Transfer Within,transfer_within,Store Transfer,str,FALSE,FALSE,FALSE,3,FALSE,TRUE,32279,,,,FALSE,,TRUE,{},FALSE,200,FALSE,FALSE
700,Created At,created_at,Store Transfer,datetime,FALSE,FALSE,FALSE,3,FALSE,FALSE,32175,,,MM-DD-YYYY,FALSE,,FALSE,{},FALSE,200,FALSE,FALSE
700,Created By,created_by,Store Transfer,str,FALSE,FALSE,FALSE,4,FALSE,FALSE,4304,,,,FALSE,,FALSE,{},FALSE,200,FALSE,FALSE
700,Updated At,updated_at,Store Transfer,datetime,FALSE,FALSE,FALSE,5,FALSE,FALSE,32176,,,MM-DD-YYYY,FALSE,,TRUE,{},FALSE,200,FALSE,FALSE
700,Updated By,updated_by,Store Transfer,str,FALSE,FALSE,FALSE,6,FALSE,FALSE,32177,,,,FALSE,,FALSE,{},FALSE,200,FALSE,FALSE
700,Edit,edit,Inventory,edit_icon,FALSE,TRUE,FALSE,7,FALSE,FALSE,4305,,,,FALSE,,FALSE,"{""ignore_in_api"": false, ""showEditIcon"": ""can_edit""}",FALSE,150,FALSE,FALSE
700,Delete,delete,Inventory,delete_icon,FALSE,TRUE,FALSE,8,FALSE,FALSE,4306,,,,FALSE,,FALSE,"{""ignore_in_api"": false, ""showDeleteIcon"": ""can_delete""}",FALSE,150,FALSE,FALSE
701,Store Number,store_number,Store Transfer,str,FALSE,FALSE,FALSE,1,FALSE,TRUE,32178,,,,FALSE,,TRUE,{},FALSE,200,FALSE,FALSE
701,Store Name,store_name,Store Transfer,str,FALSE,FALSE,FALSE,2,FALSE,TRUE,32179,,,,FALSE,,TRUE,{},FALSE,200,FALSE,FALSE
701,Country,country,Store Transfer,str,FALSE,FALSE,FALSE,3,FALSE,TRUE,32180,,,,FALSE,,TRUE,{},FALSE,200,FALSE,FALSE
701,Region,region,Store Transfer,str,FALSE,FALSE,FALSE,4,FALSE,TRUE,32181,,,,FALSE,,TRUE,{},FALSE,200,FALSE,FALSE
702,Source,Source,StoreTransfer,str,FALSE,FALSE,FALSE,1,FALSE,FALSE,4001,,,,FALSE,,FALSE,{},TRUE,200,FALSE,FALSE
702,Store Number,source_store_id,StoreTransfer,str,FALSE,FALSE,FALSE,2,FALSE,FALSE,4101,4001,,,FALSE,,TRUE,{},TRUE,120,FALSE,FALSE
702,Store Name,source_store_name,StoreTransfer,str,FALSE,FALSE,FALSE,3,FALSE,FALSE,4102,4001,,,FALSE,,TRUE,{},TRUE,180,FALSE,FALSE
702,Country,source_country,StoreTransfer,str,FALSE,FALSE,FALSE,4,FALSE,FALSE,4103,4001,,,FALSE,,TRUE,{},TRUE,120,FALSE,FALSE
702,Region,source_region,StoreTransfer,str,FALSE,FALSE,FALSE,5,FALSE,FALSE,4104,4001,,,FALSE,,TRUE,{},TRUE,120,FALSE,FALSE
702,Destination,Destination,StoreTransfer,str,FALSE,FALSE,FALSE,6,FALSE,FALSE,4002,,,,FALSE,,FALSE,{},TRUE,200,FALSE,FALSE
702,Store Number,dest_store_id,StoreTransfer,str,FALSE,FALSE,FALSE,7,FALSE,FALSE,4201,4002,,,FALSE,,TRUE,{},TRUE,120,FALSE,FALSE
702,Store Name,dest_store_name,StoreTransfer,str,FALSE,FALSE,FALSE,8,FALSE,FALSE,4202,4002,,,FALSE,,TRUE,{},TRUE,180,FALSE,FALSE
702,Country,dest_country,StoreTransfer,str,FALSE,FALSE,FALSE,9,FALSE,FALSE,4203,4002,,,FALSE,,TRUE,{},TRUE,120,FALSE,FALSE
702,Region,dest_region,StoreTransfer,str,FALSE,FALSE,FALSE,10,FALSE,FALSE,4204,4002,,,FALSE,,TRUE,{},TRUE,120,FALSE,FALSE
702,Priority,priority,StoreTransfer,int,FALSE,TRUE,FALSE,11,FALSE,FALSE,4301,,,,FALSE,,FALSE,{},TRUE,100,FALSE,FALSE
702,Lead Time,lead_time,StoreTransfer,int,FALSE,TRUE,FALSE,12,FALSE,FALSE,4302,,,,FALSE,,FALSE,{},TRUE,120,FALSE,FALSE
702,Min Transfer Qty,min_transfer_qty,StoreTransfer,int,FALSE,TRUE,FALSE,13,FALSE,FALSE,4303,,,,FALSE,,FALSE,{},TRUE,140,FALSE,FALSE
703,Source,Source,StoreTransfer,str,FALSE,FALSE,FALSE,1,FALSE,FALSE,4401,,,,FALSE,,FALSE,{},TRUE,200,FALSE,FALSE
703,Store Number,src_store,StoreTransfer,str,FALSE,FALSE,FALSE,2,FALSE,FALSE,4402,4401,,,FALSE,,TRUE,{},TRUE,120,FALSE,FALSE
703,Store Name,src_store_name,StoreTransfer,str,FALSE,FALSE,FALSE,3,FALSE,FALSE,4403,4401,,,FALSE,,TRUE,{},TRUE,180,FALSE,FALSE
703,Country,src_country,StoreTransfer,str,FALSE,FALSE,FALSE,4,FALSE,FALSE,4404,4401,,,FALSE,,TRUE,{},TRUE,120,FALSE,FALSE
703,Region,src_region,StoreTransfer,str,FALSE,FALSE,FALSE,5,FALSE,FALSE,4405,4401,,,FALSE,,TRUE,{},TRUE,120,FALSE,FALSE
703,Destination,Destination,StoreTransfer,str,FALSE,FALSE,FALSE,6,FALSE,FALSE,5406,,,,FALSE,,FALSE,{},TRUE,200,FALSE,FALSE
703,Store Number,des_store,StoreTransfer,str,FALSE,FALSE,FALSE,7,FALSE,FALSE,5407,5406,,,FALSE,,TRUE,{},TRUE,120,FALSE,FALSE
703,Store Name,des_store_name,StoreTransfer,str,FALSE,FALSE,FALSE,8,FALSE,FALSE,5408,5406,,,FALSE,,TRUE,{},TRUE,180,FALSE,FALSE
703,Country,des_country,StoreTransfer,str,FALSE,FALSE,FALSE,9,FALSE,FALSE,5409,5406,,,FALSE,,TRUE,{},TRUE,120,FALSE,FALSE
703,Region,des_region,StoreTransfer,str,FALSE,FALSE,FALSE,10,FALSE,FALSE,5410,5406,,,FALSE,,TRUE,{},TRUE,120,FALSE,FALSE
703,Priority,priority,StoreTransfer,int,FALSE,FALSE,FALSE,11,FALSE,FALSE,5411,,,,FALSE,,FALSE,{},TRUE,100,FALSE,FALSE
703,Lead Time,lead_time,StoreTransfer,int,FALSE,FALSE,FALSE,12,FALSE,FALSE,5412,,,,FALSE,,FALSE,{},TRUE,120,FALSE,FALSE
703,Min Transfer Qty,min_transfer_qty,StoreTransfer,int,FALSE,FALSE,FALSE,13,FALSE,FALSE,5413,,,,FALSE,,FALSE,{},TRUE,140,FALSE,FALSE
704,Material Number,article,StoreTransfer,str,FALSE,FALSE,FALSE,1,FALSE,TRUE,5414,,,,FALSE,,TRUE,{},FALSE,200,FALSE,FALSE
704,Style Description,product_description,StoreTransfer,str,FALSE,FALSE,FALSE,2,FALSE,TRUE,5415,,,,FALSE,,TRUE,{},FALSE,200,FALSE,FALSE
704,Style Color ID,style_color_id,StoreTransfer,str,FALSE,FALSE,FALSE,3,FALSE,TRUE,5416,,,,FALSE,,TRUE,{},FALSE,200,FALSE,FALSE
704,Group Division,l0_name,StoreTransfer,str,FALSE,FALSE,FALSE,4,FALSE,TRUE,5417,,,,FALSE,,FALSE,{},FALSE,200,FALSE,FALSE
704,Division,l1_name,StoreTransfer,str,FALSE,FALSE,FALSE,5,FALSE,TRUE,5418,,,,FALSE,,FALSE,{},FALSE,200,FALSE,FALSE
704,Sub Department,l3_name,StoreTransfer,str,FALSE,FALSE,FALSE,6,FALSE,TRUE,5419,,,,FALSE,,FALSE,{},FALSE,150,FALSE,FALSE
704,Class,l4_name,StoreTransfer,str,FALSE,FALSE,FALSE,7,FALSE,TRUE,5420,,,,FALSE,,FALSE,{},FALSE,200,FALSE,FALSE
704,BRAND,brand,StoreTransfer,str,FALSE,FALSE,FALSE,8,FALSE,TRUE,5421,,,,FALSE,,FALSE,{},FALSE,200,FALSE,FALSE
704,AUR,aur,StoreTransfer,str,FALSE,FALSE,FALSE,9,FALSE,TRUE,5422,,,,FALSE,,FALSE,{},FALSE,200,FALSE,FALSE
704,GM%,gm_perc,StoreTransfer,str,FALSE,FALSE,FALSE,10,FALSE,TRUE,5423,,,,FALSE,,FALSE,{},FALSE,200,FALSE,FALSE
704,Transfer Strategy,transfer_strategy,StoreTransfer,list,FALSE,TRUE,FALSE,11,FALSE,TRUE,5424,,,,FALSE,,FALSE,"{""options"": [{""label"": ""Min Only"", ""value"": ""min_only""}, {""label"": ""Demand Only"", ""value"": ""demand_only""}, {""label"": ""Min + Demand"", ""value"": ""min_demand""}]}",FALSE,200,FALSE,FALSE
704,Transfer Rule,transfer_rule,StoreTransfer,link,FALSE,FALSE,FALSE,12,FALSE,TRUE,5425,,,,FALSE,,FALSE,{},FALSE,200,FALSE,FALSE
704,DC INV Threshold (Min),dc_inventory_threshold,StoreTransfer,str,FALSE,TRUE,FALSE,13,FALSE,TRUE,5426,,,,FALSE,,FALSE,{},FALSE,200,FALSE,FALSE
704,Source WOS Threshold (Multiplier),source_wos_threshold,StoreTransfer,str,FALSE,TRUE,FALSE,14,FALSE,TRUE,5427,,,,FALSE,,FALSE,{},FALSE,200,FALSE,FALSE
704,Destination WOS Threshold (Multiplier),dest_wos_threshold,StoreTransfer,str,FALSE,TRUE,FALSE,15,FALSE,TRUE,5428,,,,FALSE,,FALSE,{},FALSE,200,FALSE,FALSE
704,Recommend S2S Transfer?,recommend_store_transfer,StoreTransfer,ToogleField,FALSE,TRUE,FALSE,16,FALSE,TRUE,5429,,,,FALSE,,FALSE,{},FALSE,200,FALSE,FALSE
705,Rule Name,rule_name,StoreTransfer,str,true,false,false,1.0,false,false,5430,,,,false,,true,"{}",true,200,false,false
706,Source DC,src_dc,DC Transfer,str,FALSE,FALSE,FALSE,1,FALSE,TRUE,5431,,,,FALSE,,TRUE,{},FALSE,200,FALSE,FALSE
706,Destination DC,des_dc,DC Transfer,str,FALSE,FALSE,FALSE,2,FALSE,TRUE,5432,,,,FALSE,,TRUE,{},FALSE,200,FALSE,FALSE
706,Priority,priority,DC Transfer,str,FALSE,FALSE,FALSE,5,FALSE,FALSE,5435,,,,FALSE,,FALSE,{},FALSE,150,FALSE,FALSE
706,Parameter,parameter_weeks,DC Transfer,str,FALSE,FALSE,FALSE,6,FALSE,FALSE,5436,,,,FALSE,,FALSE,{},FALSE,200,FALSE,FALSE
706,Source WOS,src_wos_threshold,DC Transfer,str,FALSE,FALSE,FALSE,7,FALSE,FALSE,5437,,,,FALSE,,FALSE,{},FALSE,200,FALSE,FALSE
706,Destination WOS,des_wos_threshold,DC Transfer,str,FALSE,FALSE,FALSE,8,FALSE,FALSE,5438,,,,FALSE,,FALSE,{},FALSE,200,FALSE,FALSE
706,Min Transfer Quantity,min_transfer_quantity,DC Transfer,str,FALSE,FALSE,FALSE,9,FALSE,FALSE,5439,,,,FALSE,,FALSE,{},FALSE,200,FALSE,FALSE