"week_id","date_id","geo","event_name","event_additional_info","ly_comparable","lly_comparable","ly_comparable_dt","lly_comparable_dt","number_of_days"
202001,2020-02-02,United States of America,No_Event, ,201901,201801,2019-02-03,2018-02-04,1
202001,2020-02-03,United States of America,No_Event, ,201901,201801,2019-02-04,2018-02-05,1
202001,2020-02-04,United States of America,No_Event, ,201901,201801,2019-02-05,2018-02-06,1
202001,2020-02-05,United States of America,No_Event, ,201901,201801,2019-02-06,2018-02-07,1
202001,2020-02-06,United States of America,No_Event, ,201901,201801,2019-02-07,2018-02-08,1
202001,2020-02-07,United States of America,No_Event, ,201901,201801,2019-02-08,2018-02-09,1
202001,2020-02-08,United States of America,No_Event, ,201901,201801,2019-02-09,2018-02-10,1
202002,2020-02-09,United States of America,No_Event, ,201902,201802,2019-02-10,2018-02-11,1
202002,2020-02-10,United States of America,No_Event, ,201902,201802,2019-02-11,2018-02-12,1
202002,2020-02-11,United States of America,No_Event, ,201902,201802,2019-02-12,2018-02-13,1
202002,2020-02-12,United States of America,No_Event, ,201902,201802,2019-02-13,2018-02-14,1
202002,2020-02-13,United States of America,No_Event, ,201902,201802,2019-02-14,2018-02-15,1
202002,2020-02-14,United States of America,Valentines Day, ,201902,201802,2019-02-15,2018-02-16,1
202002,2020-02-15,United States of America,No_Event, ,201902,201802,2019-02-16,2018-02-17,1
202003,2020-02-16,United States of America,No_Event, ,201903,201803,2019-02-17,2018-02-18,1
202003,2020-02-17,United States of America,Presidents Day, ,201903,201803,2019-02-18,2018-02-19,1
202003,2020-02-18,United States of America,No_Event, ,201903,201803,2019-02-19,2018-02-20,1
202003,2020-02-19,United States of America,No_Event, ,201903,201803,2019-02-20,2018-02-21,1
202003,2020-02-20,United States of America,No_Event, ,201903,201803,2019-02-21,2018-02-22,1
202003,2020-02-21,United States of America,No_Event, ,201903,201803,2019-02-22,2018-02-23,1
202003,2020-02-22,United States of America,No_Event, ,201903,201803,2019-02-23,2018-02-24,1
202004,2020-02-23,United States of America,No_Event, ,201904,201804,2019-02-24,2018-02-25,1
202004,2020-02-24,United States of America,No_Event, ,201904,201804,2019-02-25,2018-02-26,1
202004,2020-02-25,United States of America,No_Event, ,201904,201804,2019-02-26,2018-02-27,1
202004,2020-02-26,United States of America,No_Event, ,201904,201804,2019-02-27,2018-02-28,1
202004,2020-02-27,United States of America,No_Event, ,201904,201804,2019-02-28,2018-03-01,1
202004,2020-02-28,United States of America,No_Event, ,201904,201804,2019-03-01,2018-03-02,1
202004,2020-02-29,United States of America,No_Event, ,201904,201804,2019-03-02,2018-03-03,1
202005,2020-03-01,United States of America,No_Event, ,201905,201805,2019-03-03,2018-03-04,1
202005,2020-03-02,United States of America,No_Event, ,201905,201805,2019-03-04,2018-03-05,1
202005,2020-03-03,United States of America,No_Event, ,201905,201805,2019-03-05,2018-03-06,1
202005,2020-03-04,United States of America,No_Event, ,201905,201805,2019-03-06,2018-03-07,1
202005,2020-03-05,United States of America,No_Event, ,201905,201805,2019-03-07,2018-03-08,1
202005,2020-03-06,United States of America,No_Event, ,201905,201805,2019-03-08,2018-03-09,1
202005,2020-03-07,United States of America,No_Event, ,201905,201805,2019-03-09,2018-03-10,1
202006,2020-03-08,United States of America,No_Event, ,201906,201806,2019-03-10,2018-03-11,1
202006,2020-03-09,United States of America,No_Event, ,201906,201806,2019-03-11,2018-03-12,1
202006,2020-03-10,United States of America,No_Event, ,201906,201806,2019-03-12,2018-03-13,1
202006,2020-03-11,United States of America,No_Event, ,201906,201806,2019-03-13,2018-03-14,1
202006,2020-03-12,United States of America,No_Event, ,201906,201806,2019-03-14,2018-03-15,1
202006,2020-03-13,United States of America,No_Event, ,201906,201806,2019-03-15,2018-03-16,1
202006,2020-03-14,United States of America,No_Event, ,201906,201806,2019-03-16,2018-03-17,1
202007,2020-03-15,United States of America,No_Event, ,201907,201807,2019-03-17,2018-03-18,1
202007,2020-03-16,United States of America,No_Event, ,201907,201807,2019-03-18,2018-03-19,1
202007,2020-03-17,United States of America,No_Event, ,201907,201807,2019-03-19,2018-03-20,1
202007,2020-03-18,United States of America,No_Event, ,201907,201807,2019-03-20,2018-03-21,1
202007,2020-03-19,United States of America,No_Event, ,201907,201807,2019-03-21,2018-03-22,1
202007,2020-03-20,United States of America,No_Event, ,201907,201807,2019-03-22,2018-03-23,1
202007,2020-03-21,United States of America,No_Event, ,201907,201807,2019-03-23,2018-03-24,1
202008,2020-03-22,United States of America,No_Event, ,201908,201808,2019-03-24,2018-03-25,1
202008,2020-03-23,United States of America,No_Event, ,201908,201808,2019-03-25,2018-03-26,1
202008,2020-03-24,United States of America,No_Event, ,201908,201808,2019-03-26,2018-03-27,1
202008,2020-03-25,United States of America,No_Event, ,201908,201808,2019-03-27,2018-03-28,1
202008,2020-03-26,United States of America,No_Event, ,201908,201808,2019-03-28,2018-03-29,1
202008,2020-03-27,United States of America,No_Event, ,201908,201808,2019-03-29,2018-03-30,1
202008,2020-03-28,United States of America,No_Event, ,201908,201808,2019-03-30,2018-03-31,1
202009,2020-03-29,United States of America,No_Event, ,201909,201809,2019-03-31,2018-04-01,1
202009,2020-03-30,United States of America,No_Event, ,201909,201809,2019-04-01,2018-04-02,1
202009,2020-03-31,United States of America,No_Event, ,201909,201809,2019-04-02,2018-04-03,1
202009,2020-04-01,United States of America,No_Event, ,201909,201809,2019-04-03,2018-04-04,1
202009,2020-04-02,United States of America,No_Event, ,201909,201809,2019-04-04,2018-04-05,1
202009,2020-04-03,United States of America,No_Event, ,201909,201809,2019-04-05,2018-04-06,1
202009,2020-04-04,United States of America,No_Event, ,201909,201809,2019-04-06,2018-04-07,1
202010,2020-04-05,United States of America,No_Event, ,201910,201810,2019-04-07,2018-04-08,1
202010,2020-04-06,United States of America,No_Event, ,201910,201810,2019-04-08,2018-04-09,1
202010,2020-04-07,United States of America,No_Event, ,201910,201810,2019-04-09,2018-04-10,1
202010,2020-04-08,United States of America,No_Event, ,201910,201810,2019-04-10,2018-04-11,1
202010,2020-04-09,United States of America,No_Event, ,201910,201810,2019-04-11,2018-04-12,1
202010,2020-04-10,United States of America,Good Friday, ,201910,201810,2019-04-12,2018-04-13,1
202010,2020-04-11,United States of America,No_Event, ,201910,201810,2019-04-13,2018-04-14,1
202011,2020-04-12,United States of America,Easter, ,201911,201811,2019-04-14,2018-04-15,1
202011,2020-04-13,United States of America,No_Event, ,201911,201811,2019-04-15,2018-04-16,1
202011,2020-04-14,United States of America,No_Event, ,201911,201811,2019-04-16,2018-04-17,1
202011,2020-04-15,United States of America,No_Event, ,201911,201811,2019-04-17,2018-04-18,1
202011,2020-04-16,United States of America,No_Event, ,201911,201811,2019-04-18,2018-04-19,1
202011,2020-04-17,United States of America,No_Event, ,201911,201811,2019-04-19,2018-04-20,1
202011,2020-04-18,United States of America,No_Event, ,201911,201811,2019-04-20,2018-04-21,1
202012,2020-04-19,United States of America,No_Event, ,201912,201812,2019-04-21,2018-04-22,1
202012,2020-04-20,United States of America,No_Event, ,201912,201812,2019-04-22,2018-04-23,1
202012,2020-04-21,United States of America,No_Event, ,201912,201812,2019-04-23,2018-04-24,1
202012,2020-04-22,United States of America,No_Event, ,201912,201812,2019-04-24,2018-04-25,1
202012,2020-04-23,United States of America,No_Event, ,201912,201812,2019-04-25,2018-04-26,1
202012,2020-04-24,United States of America,No_Event, ,201912,201812,2019-04-26,2018-04-27,1
202012,2020-04-25,United States of America,No_Event, ,201912,201812,2019-04-27,2018-04-28,1
202013,2020-04-26,United States of America,No_Event, ,201913,201813,2019-04-28,2018-04-29,1
202013,2020-04-27,United States of America,No_Event, ,201913,201813,2019-04-29,2018-04-30,1
202013,2020-04-28,United States of America,No_Event, ,201913,201813,2019-04-30,2018-05-01,1
202013,2020-04-29,United States of America,No_Event, ,201913,201813,2019-05-01,2018-05-02,1
202013,2020-04-30,United States of America,No_Event, ,201913,201813,2019-05-02,2018-05-03,1
202013,2020-05-01,United States of America,No_Event, ,201913,201813,2019-05-03,2018-05-04,1
202013,2020-05-02,United States of America,No_Event, ,201913,201813,2019-05-04,2018-05-05,1
202014,2020-05-03,United States of America,No_Event, ,201914,201814,2019-05-05,2018-05-06,1
202014,2020-05-04,United States of America,No_Event, ,201914,201814,2019-05-06,2018-05-07,1
202014,2020-05-05,United States of America,No_Event, ,201914,201814,2019-05-07,2018-05-08,1
202014,2020-05-06,United States of America,No_Event, ,201914,201814,2019-05-08,2018-05-09,1
202014,2020-05-07,United States of America,No_Event, ,201914,201814,2019-05-09,2018-05-10,1
202014,2020-05-08,United States of America,No_Event, ,201914,201814,2019-05-10,2018-05-11,1
202014,2020-05-09,United States of America,No_Event, ,201914,201814,2019-05-11,2018-05-12,1
202015,2020-05-10,United States of America,Mothers Day, ,201915,201815,2019-05-12,2018-05-13,1
202015,2020-05-11,United States of America,No_Event, ,201915,201815,2019-05-13,2018-05-14,1
202015,2020-05-12,United States of America,Easter, ,201915,201815,2019-05-14,2018-05-15,1
202015,2020-05-13,United States of America,No_Event, ,201915,201815,2019-05-15,2018-05-16,1
202015,2020-05-14,United States of America,No_Event, ,201915,201815,2019-05-16,2018-05-17,1
202015,2020-05-15,United States of America,No_Event, ,201915,201815,2019-05-17,2018-05-18,1
202015,2020-05-16,United States of America,No_Event, ,201915,201815,2019-05-18,2018-05-19,1
202016,2020-05-17,United States of America,No_Event, ,201916,201816,2019-05-19,2018-05-20,1
202016,2020-05-18,United States of America,No_Event, ,201916,201816,2019-05-20,2018-05-21,1
202016,2020-05-19,United States of America,No_Event, ,201916,201816,2019-05-21,2018-05-22,1
202016,2020-05-20,United States of America,No_Event, ,201916,201816,2019-05-22,2018-05-23,1
202016,2020-05-21,United States of America,No_Event, ,201916,201816,2019-05-23,2018-05-24,1
202016,2020-05-22,United States of America,No_Event, ,201916,201816,2019-05-24,2018-05-25,1
202016,2020-05-23,United States of America,No_Event, ,201916,201816,2019-05-25,2018-05-26,1
202017,2020-05-24,United States of America,No_Event, ,201917,201817,2019-05-26,2018-05-27,1
202017,2020-05-25,United States of America,Memorial Day, ,201917,201817,2019-05-27,2018-05-28,1
202017,2020-05-26,United States of America,No_Event, ,201917,201817,2019-05-28,2018-05-29,1
202017,2020-05-27,United States of America,No_Event, ,201917,201817,2019-05-29,2018-05-30,1
202017,2020-05-28,United States of America,No_Event, ,201917,201817,2019-05-30,2018-05-31,1
202017,2020-05-29,United States of America,No_Event, ,201917,201817,2019-05-31,2018-06-01,1
202017,2020-05-30,United States of America,No_Event, ,201917,201817,2019-06-01,2018-06-02,1
202018,2020-05-31,United States of America,No_Event, ,201918,201818,2019-06-02,2018-06-03,1
202018,2020-06-01,United States of America,No_Event, ,201918,201818,2019-06-03,2018-06-04,1
202018,2020-06-02,United States of America,No_Event, ,201918,201818,2019-06-04,2018-06-05,1
202018,2020-06-03,United States of America,No_Event, ,201918,201818,2019-06-05,2018-06-06,1
202018,2020-06-04,United States of America,No_Event, ,201918,201818,2019-06-06,2018-06-07,1
202018,2020-06-05,United States of America,No_Event, ,201918,201818,2019-06-07,2018-06-08,1
202018,2020-06-06,United States of America,No_Event, ,201918,201818,2019-06-08,2018-06-09,1
202019,2020-06-07,United States of America,No_Event, ,201919,201819,2019-06-09,2018-06-10,1
202019,2020-06-08,United States of America,No_Event, ,201919,201819,2019-06-10,2018-06-11,1
202019,2020-06-09,United States of America,No_Event, ,201919,201819,2019-06-11,2018-06-12,1
202019,2020-06-10,United States of America,No_Event, ,201919,201819,2019-06-12,2018-06-13,1
202019,2020-06-11,United States of America,No_Event, ,201919,201819,2019-06-13,2018-06-14,1
202019,2020-06-12,United States of America,No_Event, ,201919,201819,2019-06-14,2018-06-15,1
202019,2020-06-13,United States of America,No_Event, ,201919,201819,2019-06-15,2018-06-16,1
202020,2020-06-14,United States of America,No_Event, ,201920,201820,2019-06-16,2018-06-17,1
202020,2020-06-15,United States of America,No_Event, ,201920,201820,2019-06-17,2018-06-18,1
202020,2020-06-16,United States of America,No_Event, ,201920,201820,2019-06-18,2018-06-19,1
202020,2020-06-17,United States of America,No_Event, ,201920,201820,2019-06-19,2018-06-20,1
202020,2020-06-18,United States of America,No_Event, ,201920,201820,2019-06-20,2018-06-21,1
202020,2020-06-19,United States of America,No_Event, ,201920,201820,2019-06-21,2018-06-22,1
202020,2020-06-20,United States of America,No_Event, ,201920,201820,2019-06-22,2018-06-23,1
202021,2020-06-21,United States of America,Fathers Day, ,201921,201821,2019-06-23,2018-06-24,1
202021,2020-06-22,United States of America,No_Event, ,201921,201821,2019-06-24,2018-06-25,1
202021,2020-06-23,United States of America,No_Event, ,201921,201821,2019-06-25,2018-06-26,1
202021,2020-06-24,United States of America,No_Event, ,201921,201821,2019-06-26,2018-06-27,1
202021,2020-06-25,United States of America,No_Event, ,201921,201821,2019-06-27,2018-06-28,1
202021,2020-06-26,United States of America,No_Event, ,201921,201821,2019-06-28,2018-06-29,1
202021,2020-06-27,United States of America,No_Event, ,201921,201821,2019-06-29,2018-06-30,1
202022,2020-06-28,United States of America,No_Event, ,201922,201822,2019-06-30,2018-07-01,1
202022,2020-06-29,United States of America,No_Event, ,201922,201822,2019-07-01,2018-07-02,1
202022,2020-06-30,United States of America,No_Event, ,201922,201822,2019-07-02,2018-07-03,1
202022,2020-07-01,United States of America,No_Event, ,201922,201822,2019-07-03,2018-07-04,1
202022,2020-07-02,United States of America,No_Event, ,201922,201822,2019-07-04,2018-07-05,1
202022,2020-07-03,United States of America,No_Event, ,201922,201822,2019-07-05,2018-07-06,1
202022,2020-07-04,United States of America,Independence Day, ,201922,201822,2019-07-06,2018-07-07,1
202023,2020-07-05,United States of America,No_Event, ,201923,201823,2019-07-07,2018-07-08,1
202023,2020-07-06,United States of America,No_Event, ,201923,201823,2019-07-08,2018-07-09,1
202023,2020-07-07,United States of America,No_Event, ,201923,201823,2019-07-09,2018-07-10,1
202023,2020-07-08,United States of America,No_Event, ,201923,201823,2019-07-10,2018-07-11,1
202023,2020-07-09,United States of America,No_Event, ,201923,201823,2019-07-11,2018-07-12,1
202023,2020-07-10,United States of America,No_Event, ,201923,201823,2019-07-12,2018-07-13,1
202023,2020-07-11,United States of America,No_Event, ,201923,201823,2019-07-13,2018-07-14,1
202024,2020-07-12,United States of America,No_Event, ,201924,201824,2019-07-14,2018-07-15,1
202024,2020-07-13,United States of America,No_Event, ,201924,201824,2019-07-15,2018-07-16,1
202024,2020-07-14,United States of America,No_Event, ,201924,201824,2019-07-16,2018-07-17,1
202024,2020-07-15,United States of America,No_Event, ,201924,201824,2019-07-17,2018-07-18,1
202024,2020-07-16,United States of America,No_Event, ,201924,201824,2019-07-18,2018-07-19,1
202024,2020-07-17,United States of America,No_Event, ,201924,201824,2019-07-19,2018-07-20,1
202024,2020-07-18,United States of America,No_Event, ,201924,201824,2019-07-20,2018-07-21,1
202025,2020-07-19,United States of America,No_Event, ,201925,201825,2019-07-21,2018-07-22,1
202025,2020-07-20,United States of America,No_Event, ,201925,201825,2019-07-22,2018-07-23,1
202025,2020-07-21,United States of America,No_Event, ,201925,201825,2019-07-23,2018-07-24,1
202025,2020-07-22,United States of America,No_Event, ,201925,201825,2019-07-24,2018-07-25,1
202025,2020-07-23,United States of America,No_Event, ,201925,201825,2019-07-25,2018-07-26,1
202025,2020-07-24,United States of America,No_Event, ,201925,201825,2019-07-26,2018-07-27,1
202025,2020-07-25,United States of America,No_Event, ,201925,201825,2019-07-27,2018-07-28,1
202026,2020-07-26,United States of America,No_Event, ,201926,201826,2019-07-28,2018-07-29,1
202026,2020-07-27,United States of America,No_Event, ,201926,201826,2019-07-29,2018-07-30,1
202026,2020-07-28,United States of America,No_Event, ,201926,201826,2019-07-30,2018-07-31,1
202026,2020-07-29,United States of America,No_Event, ,201926,201826,2019-07-31,2018-08-01,1
202026,2020-07-30,United States of America,No_Event, ,201926,201826,2019-08-01,2018-08-02,1
202026,2020-07-31,United States of America,No_Event, ,201926,201826,2019-08-02,2018-08-03,1
202026,2020-08-01,United States of America,No_Event, ,201926,201826,2019-08-03,2018-08-04,1
202027,2020-08-02,United States of America,No_Event, ,201927,201827,2019-08-04,2018-08-05,1
202027,2020-08-03,United States of America,No_Event, ,201927,201827,2019-08-05,2018-08-06,1
202027,2020-08-04,United States of America,No_Event, ,201927,201827,2019-08-06,2018-08-07,1
202027,2020-08-05,United States of America,No_Event, ,201927,201827,2019-08-07,2018-08-08,1
202027,2020-08-06,United States of America,No_Event, ,201927,201827,2019-08-08,2018-08-09,1
202027,2020-08-07,United States of America,No_Event, ,201927,201827,2019-08-09,2018-08-10,1
202027,2020-08-08,United States of America,No_Event, ,201927,201827,2019-08-10,2018-08-11,1
202028,2020-08-09,United States of America,No_Event, ,201928,201828,2019-08-11,2018-08-12,1
202028,2020-08-10,United States of America,No_Event, ,201928,201828,2019-08-12,2018-08-13,1
202028,2020-08-11,United States of America,No_Event, ,201928,201828,2019-08-13,2018-08-14,1
202028,2020-08-12,United States of America,No_Event, ,201928,201828,2019-08-14,2018-08-15,1
202028,2020-08-13,United States of America,No_Event, ,201928,201828,2019-08-15,2018-08-16,1
202028,2020-08-14,United States of America,No_Event, ,201928,201828,2019-08-16,2018-08-17,1
202028,2020-08-15,United States of America,No_Event, ,201928,201828,2019-08-17,2018-08-18,1
202029,2020-08-16,United States of America,No_Event, ,201929,201829,2019-08-18,2018-08-19,1
202029,2020-08-17,United States of America,No_Event, ,201929,201829,2019-08-19,2018-08-20,1
202029,2020-08-18,United States of America,No_Event, ,201929,201829,2019-08-20,2018-08-21,1
202029,2020-08-19,United States of America,No_Event, ,201929,201829,2019-08-21,2018-08-22,1
202029,2020-08-20,United States of America,No_Event, ,201929,201829,2019-08-22,2018-08-23,1
202029,2020-08-21,United States of America,No_Event, ,201929,201829,2019-08-23,2018-08-24,1
202029,2020-08-22,United States of America,No_Event, ,201929,201829,2019-08-24,2018-08-25,1
202030,2020-08-23,United States of America,No_Event, ,201930,201830,2019-08-25,2018-08-26,1
202030,2020-08-24,United States of America,No_Event, ,201930,201830,2019-08-26,2018-08-27,1
202030,2020-08-25,United States of America,No_Event, ,201930,201830,2019-08-27,2018-08-28,1
202030,2020-08-26,United States of America,No_Event, ,201930,201830,2019-08-28,2018-08-29,1
202030,2020-08-27,United States of America,No_Event, ,201930,201830,2019-08-29,2018-08-30,1
202030,2020-08-28,United States of America,No_Event, ,201930,201830,2019-08-30,2018-08-31,1
202030,2020-08-29,United States of America,No_Event, ,201930,201830,2019-08-31,2018-09-01,1
202031,2020-08-30,United States of America,No_Event, ,201931,201831,2019-09-01,2018-09-02,1
202031,2020-08-31,United States of America,No_Event, ,201931,201831,2019-09-02,2018-09-03,1
202031,2020-09-01,United States of America,No_Event, ,201931,201831,2019-09-03,2018-09-04,1
202031,2020-09-02,United States of America,No_Event, ,201931,201831,2019-09-04,2018-09-05,1
202031,2020-09-03,United States of America,No_Event, ,201931,201831,2019-09-05,2018-09-06,1
202031,2020-09-04,United States of America,No_Event, ,201931,201831,2019-09-06,2018-09-07,1
202031,2020-09-05,United States of America,No_Event, ,201931,201831,2019-09-07,2018-09-08,1
202032,2020-09-06,United States of America,No_Event, ,201932,201832,2019-09-08,2018-09-09,1
202032,2020-09-07,United States of America,Labour Day, ,201932,201832,2019-09-09,2018-09-10,1
202032,2020-09-08,United States of America,No_Event, ,201932,201832,2019-09-10,2018-09-11,1
202032,2020-09-09,United States of America,No_Event, ,201932,201832,2019-09-11,2018-09-12,1
202032,2020-09-10,United States of America,No_Event, ,201932,201832,2019-09-12,2018-09-13,1
202032,2020-09-11,United States of America,No_Event, ,201932,201832,2019-09-13,2018-09-14,1
202032,2020-09-12,United States of America,No_Event, ,201932,201832,2019-09-14,2018-09-15,1
202033,2020-09-13,United States of America,No_Event, ,201933,201833,2019-09-15,2018-09-16,1
202033,2020-09-14,United States of America,No_Event, ,201933,201833,2019-09-16,2018-09-17,1
202033,2020-09-15,United States of America,No_Event, ,201933,201833,2019-09-17,2018-09-18,1
202033,2020-09-16,United States of America,No_Event, ,201933,201833,2019-09-18,2018-09-19,1
202033,2020-09-17,United States of America,No_Event, ,201933,201833,2019-09-19,2018-09-20,1
202033,2020-09-18,United States of America,No_Event, ,201933,201833,2019-09-20,2018-09-21,1
202033,2020-09-19,United States of America,No_Event, ,201933,201833,2019-09-21,2018-09-22,1
202034,2020-09-20,United States of America,No_Event, ,201934,201834,2019-09-22,2018-09-23,1
202034,2020-09-21,United States of America,No_Event, ,201934,201834,2019-09-23,2018-09-24,1
202034,2020-09-22,United States of America,No_Event, ,201934,201834,2019-09-24,2018-09-25,1
202034,2020-09-23,United States of America,No_Event, ,201934,201834,2019-09-25,2018-09-26,1
202034,2020-09-24,United States of America,No_Event, ,201934,201834,2019-09-26,2018-09-27,1
202034,2020-09-25,United States of America,No_Event, ,201934,201834,2019-09-27,2018-09-28,1
202034,2020-09-26,United States of America,No_Event, ,201934,201834,2019-09-28,2018-09-29,1
202035,2020-09-27,United States of America,No_Event, ,201935,201835,2019-09-29,2018-09-30,1
202035,2020-09-28,United States of America,No_Event, ,201935,201835,2019-09-30,2018-10-01,1
202035,2020-09-29,United States of America,No_Event, ,201935,201835,2019-10-01,2018-10-02,1
202035,2020-09-30,United States of America,No_Event, ,201935,201835,2019-10-02,2018-10-03,1
202035,2020-10-01,United States of America,No_Event, ,201935,201835,2019-10-03,2018-10-04,1
202035,2020-10-02,United States of America,No_Event, ,201935,201835,2019-10-04,2018-10-05,1
202035,2020-10-03,United States of America,No_Event, ,201935,201835,2019-10-05,2018-10-06,1
202036,2020-10-04,United States of America,No_Event, ,201936,201836,2019-10-06,2018-10-07,1
202036,2020-10-05,United States of America,No_Event, ,201936,201836,2019-10-07,2018-10-08,1
202036,2020-10-06,United States of America,No_Event, ,201936,201836,2019-10-08,2018-10-09,1
202036,2020-10-07,United States of America,No_Event, ,201936,201836,2019-10-09,2018-10-10,1
202036,2020-10-08,United States of America,No_Event, ,201936,201836,2019-10-10,2018-10-11,1
202036,2020-10-09,United States of America,No_Event, ,201936,201836,2019-10-11,2018-10-12,1
202036,2020-10-10,United States of America,No_Event, ,201936,201836,2019-10-12,2018-10-13,1
202037,2020-10-11,United States of America,No_Event, ,201937,201837,2019-10-13,2018-10-14,1
202037,2020-10-12,United States of America,Columbus Day, ,201937,201837,2019-10-14,2018-10-15,1
202037,2020-10-13,United States of America,No_Event, ,201937,201837,2019-10-15,2018-10-16,1
202037,2020-10-14,United States of America,No_Event, ,201937,201837,2019-10-16,2018-10-17,1
202037,2020-10-15,United States of America,No_Event, ,201937,201837,2019-10-17,2018-10-18,1
202037,2020-10-16,United States of America,No_Event, ,201937,201837,2019-10-18,2018-10-19,1
202037,2020-10-17,United States of America,No_Event, ,201937,201837,2019-10-19,2018-10-20,1
202038,2020-10-18,United States of America,No_Event, ,201938,201838,2019-10-20,2018-10-21,1
202038,2020-10-19,United States of America,No_Event, ,201938,201838,2019-10-21,2018-10-22,1
202038,2020-10-20,United States of America,No_Event, ,201938,201838,2019-10-22,2018-10-23,1
202038,2020-10-21,United States of America,No_Event, ,201938,201838,2019-10-23,2018-10-24,1
202038,2020-10-22,United States of America,No_Event, ,201938,201838,2019-10-24,2018-10-25,1
202038,2020-10-23,United States of America,No_Event, ,201938,201838,2019-10-25,2018-10-26,1
202038,2020-10-24,United States of America,No_Event, ,201938,201838,2019-10-26,2018-10-27,1
202039,2020-10-25,United States of America,No_Event, ,201939,201839,2019-10-27,2018-10-28,1
202039,2020-10-26,United States of America,No_Event, ,201939,201839,2019-10-28,2018-10-29,1
202039,2020-10-27,United States of America,No_Event, ,201939,201839,2019-10-29,2018-10-30,1
202039,2020-10-28,United States of America,No_Event, ,201939,201839,2019-10-30,2018-10-31,1
202039,2020-10-29,United States of America,No_Event, ,201939,201839,2019-10-31,2018-11-01,1
202039,2020-10-30,United States of America,No_Event, ,201939,201839,2019-11-01,2018-11-02,1
202039,2020-10-31,United States of America,Halloween, ,201939,201839,2019-11-02,2018-11-03,1
202040,2020-11-01,United States of America,No_Event, ,201940,201840,2019-11-03,2018-11-04,1
202040,2020-11-02,United States of America,No_Event, ,201940,201840,2019-11-04,2018-11-05,1
202040,2020-11-03,United States of America,No_Event, ,201940,201840,2019-11-05,2018-11-06,1
202040,2020-11-04,United States of America,No_Event, ,201940,201840,2019-11-06,2018-11-07,1
202040,2020-11-05,United States of America,No_Event, ,201940,201840,2019-11-07,2018-11-08,1
202040,2020-11-06,United States of America,No_Event, ,201940,201840,2019-11-08,2018-11-09,1
202040,2020-11-07,United States of America,No_Event, ,201940,201840,2019-11-09,2018-11-10,1
202041,2020-11-08,United States of America,No_Event, ,201941,201841,2019-11-10,2018-11-11,1
202041,2020-11-09,United States of America,No_Event, ,201941,201841,2019-11-11,2018-11-12,1
202041,2020-11-10,United States of America,No_Event, ,201941,201841,2019-11-12,2018-11-13,1
202041,2020-11-11,United States of America,No_Event, ,201941,201841,2019-11-13,2018-11-14,1
202041,2020-11-12,United States of America,No_Event, ,201941,201841,2019-11-14,2018-11-15,1
202041,2020-11-13,United States of America,No_Event, ,201941,201841,2019-11-15,2018-11-16,1
202041,2020-11-14,United States of America,No_Event, ,201941,201841,2019-11-16,2018-11-17,1
202042,2020-11-15,United States of America,No_Event, ,201942,201842,2019-11-17,2018-11-18,1
202042,2020-11-16,United States of America,No_Event, ,201942,201842,2019-11-18,2018-11-19,1
202042,2020-11-17,United States of America,No_Event, ,201942,201842,2019-11-19,2018-11-20,1
202042,2020-11-18,United States of America,No_Event, ,201942,201842,2019-11-20,2018-11-21,1
202042,2020-11-19,United States of America,No_Event, ,201942,201842,2019-11-21,2018-11-22,1
202042,2020-11-20,United States of America,No_Event, ,201942,201842,2019-11-22,2018-11-23,1
202042,2020-11-21,United States of America,No_Event, ,201942,201842,2019-11-23,2018-11-24,1
202043,2020-11-22,United States of America,No_Event, ,201943,201843,2019-11-24,2018-11-25,1
202043,2020-11-23,United States of America,No_Event, ,201943,201843,2019-11-25,2018-11-26,1
202043,2020-11-24,United States of America,No_Event, ,201943,201843,2019-11-26,2018-11-27,1
202043,2020-11-25,United States of America,No_Event, ,201943,201843,2019-11-27,2018-11-28,1
202043,2020-11-26,United States of America,Thanksgiving, ,201943,201843,2019-11-28,2018-11-29,1
202043,2020-11-27,United States of America,No_Event, ,201943,201843,2019-11-29,2018-11-30,1
202043,2020-11-28,United States of America,No_Event, ,201943,201843,2019-11-30,2018-12-01,1
202044,2020-11-29,United States of America,No_Event, ,201944,201844,2019-12-01,2018-12-02,1
202044,2020-11-30,United States of America,No_Event, ,201944,201844,2019-12-02,2018-12-03,1
202044,2020-12-01,United States of America,No_Event, ,201944,201844,2019-12-03,2018-12-04,1
202044,2020-12-02,United States of America,No_Event, ,201944,201844,2019-12-04,2018-12-05,1
202044,2020-12-03,United States of America,No_Event, ,201944,201844,2019-12-05,2018-12-06,1
202044,2020-12-04,United States of America,No_Event, ,201944,201844,2019-12-06,2018-12-07,1
202044,2020-12-05,United States of America,No_Event, ,201944,201844,2019-12-07,2018-12-08,1
202045,2020-12-06,United States of America,No_Event, ,201945,201845,2019-12-08,2018-12-09,1
202045,2020-12-07,United States of America,No_Event, ,201945,201845,2019-12-09,2018-12-10,1
202045,2020-12-08,United States of America,No_Event, ,201945,201845,2019-12-10,2018-12-11,1
202045,2020-12-09,United States of America,No_Event, ,201945,201845,2019-12-11,2018-12-12,1
202045,2020-12-10,United States of America,No_Event, ,201945,201845,2019-12-12,2018-12-13,1
202045,2020-12-11,United States of America,No_Event, ,201945,201845,2019-12-13,2018-12-14,1
202045,2020-12-12,United States of America,No_Event, ,201945,201845,2019-12-14,2018-12-15,1
202046,2020-12-13,United States of America,No_Event, ,201946,201846,2019-12-15,2018-12-16,1
202046,2020-12-14,United States of America,No_Event, ,201946,201846,2019-12-16,2018-12-17,1
202046,2020-12-15,United States of America,No_Event, ,201946,201846,2019-12-17,2018-12-18,1
202046,2020-12-16,United States of America,No_Event, ,201946,201846,2019-12-18,2018-12-19,1
202046,2020-12-17,United States of America,No_Event, ,201946,201846,2019-12-19,2018-12-20,1
202046,2020-12-18,United States of America,No_Event, ,201946,201846,2019-12-20,2018-12-21,1
202046,2020-12-19,United States of America,No_Event, ,201946,201846,2019-12-21,2018-12-22,1
202047,2020-12-20,United States of America,No_Event, ,201947,201847,2019-12-22,2018-12-23,1
202047,2020-12-21,United States of America,No_Event, ,201947,201847,2019-12-23,2018-12-24,1
202047,2020-12-22,United States of America,No_Event, ,201947,201847,2019-12-24,2018-12-25,1
202047,2020-12-23,United States of America,No_Event, ,201947,201847,2019-12-25,2018-12-26,1
202047,2020-12-24,United States of America,No_Event, ,201947,201847,2019-12-26,2018-12-27,1
202047,2020-12-25,United States of America,Christmas, ,201947,201847,2019-12-27,2018-12-28,1
202047,2020-12-26,United States of America,No_Event, ,201947,201847,2019-12-28,2018-12-29,1
202048,2020-12-27,United States of America,No_Event, ,201948,201848,2019-12-29,2018-12-30,1
202048,2020-12-28,United States of America,No_Event, ,201948,201848,2019-12-30,2018-12-31,1
202048,2020-12-29,United States of America,No_Event, ,201948,201848,2019-12-31,2019-01-01,1
202048,2020-12-30,United States of America,No_Event, ,201948,201848,2020-01-01,2019-01-02,1
202048,2020-12-31,United States of America,No_Event, ,201948,201848,2020-01-02,2019-01-03,1
202048,2021-01-01,United States of America,New Year, ,201948,201848,2020-01-03,2019-01-04,1
202048,2021-01-02,United States of America,No_Event, ,201948,201848,2020-01-04,2019-01-05,1
202049,2021-01-03,United States of America,No_Event, ,201949,201849,2020-01-05,2019-01-06,1
202049,2021-01-04,United States of America,No_Event, ,201949,201849,2020-01-06,2019-01-07,1
202049,2021-01-05,United States of America,No_Event, ,201949,201849,2020-01-07,2019-01-08,1
202049,2021-01-06,United States of America,No_Event, ,201949,201849,2020-01-08,2019-01-09,1
202049,2021-01-07,United States of America,No_Event, ,201949,201849,2020-01-09,2019-01-10,1
202049,2021-01-08,United States of America,No_Event, ,201949,201849,2020-01-10,2019-01-11,1
202049,2021-01-09,United States of America,No_Event, ,201949,201849,2020-01-11,2019-01-12,1
202050,2021-01-10,United States of America,No_Event, ,201950,201850,2020-01-12,2019-01-13,1
202050,2021-01-11,United States of America,Winter Warm Up, ,201950,201850,2020-01-13,2019-01-14,1
202050,2021-01-12,United States of America,Winter Warm Up, ,201950,201850,2020-01-14,2019-01-15,1
202050,2021-01-13,United States of America,Winter Warm Up, ,201950,201850,2020-01-15,2019-01-16,1
202050,2021-01-14,United States of America,Winter Warm Up, ,201950,201850,2020-01-16,2019-01-17,1
202050,2021-01-15,United States of America,Winter Warm Up, ,201950,201850,2020-01-17,2019-01-18,1
202050,2021-01-16,United States of America,No_Event, ,201950,201850,2020-01-18,2019-01-19,1
202051,2021-01-17,United States of America,No_Event, ,201951,201851,2020-01-19,2019-01-20,1
202051,2021-01-18,United States of America,MLK Day, ,201951,201851,2020-01-20,2019-01-21,1
202051,2021-01-19,United States of America,No_Event, ,201951,201851,2020-01-21,2019-01-22,1
202051,2021-01-20,United States of America,No_Event, ,201951,201851,2020-01-22,2019-01-23,1
202051,2021-01-21,United States of America,No_Event, ,201951,201851,2020-01-23,2019-01-24,1
202051,2021-01-22,United States of America,No_Event, ,201951,201851,2020-01-24,2019-01-25,1
202051,2021-01-23,United States of America,No_Event, ,201951,201851,2020-01-25,2019-01-26,1
202052,2021-01-24,United States of America,No_Event, ,201952,201852,2020-01-26,2019-01-27,1
202052,2021-01-25,United States of America,No_Event, ,201952,201852,2020-01-27,2019-01-28,1
202052,2021-01-26,United States of America,No_Event, ,201952,201852,2020-01-28,2019-01-29,1
202052,2021-01-27,United States of America,No_Event, ,201952,201852,2020-01-29,2019-01-30,1
202052,2021-01-28,United States of America,No_Event, ,201952,201852,2020-01-30,2019-01-31,1
202052,2021-01-29,United States of America,No_Event, ,201952,201852,2020-01-31,2019-02-01,1
202052,2021-01-30,United States of America,No_Event, ,201952,201852,2020-02-01,2019-02-02,1
202101,2021-01-31,United States of America,No_Event, ,202001,201901,2020-02-02,2019-02-03,1
202101,2021-02-01,United States of America,No_Event, ,202001,201901,2020-02-03,2019-02-04,1
202101,2021-02-02,United States of America,No_Event, ,202001,201901,2020-02-04,2019-02-05,1
202101,2021-02-03,United States of America,No_Event, ,202001,201901,2020-02-05,2019-02-06,1
202101,2021-02-04,United States of America,No_Event, ,202001,201901,2020-02-06,2019-02-07,1
202101,2021-02-05,United States of America,No_Event, ,202001,201901,2020-02-07,2019-02-08,1
202101,2021-02-06,United States of America,No_Event, ,202001,201901,2020-02-08,2019-02-09,1
202102,2021-02-07,United States of America,No_Event, ,202002,201902,2020-02-09,2019-02-10,1
202102,2021-02-08,United States of America,No_Event, ,202002,201902,2020-02-10,2019-02-11,1
202102,2021-02-09,United States of America,No_Event, ,202002,201902,2020-02-11,2019-02-12,1
202102,2021-02-10,United States of America,No_Event, ,202002,201902,2020-02-12,2019-02-13,1
202102,2021-02-11,United States of America,No_Event, ,202002,201902,2020-02-13,2019-02-14,1
202102,2021-02-12,United States of America,No_Event, ,202002,201902,2020-02-14,2019-02-15,1
202102,2021-02-13,United States of America,No_Event, ,202002,201902,2020-02-15,2019-02-16,1
202103,2021-02-14,United States of America,Valentines Day, ,202003,201903,2020-02-16,2019-02-17,1
202103,2021-02-15,United States of America,Presidents Day, ,202003,201903,2020-02-17,2019-02-18,1
202103,2021-02-16,United States of America,No_Event, ,202003,201903,2020-02-18,2019-02-19,1
202103,2021-02-17,United States of America,No_Event, ,202003,201903,2020-02-19,2019-02-20,1
202103,2021-02-18,United States of America,No_Event, ,202003,201903,2020-02-20,2019-02-21,1
202103,2021-02-19,United States of America,No_Event, ,202003,201903,2020-02-21,2019-02-22,1
202103,2021-02-20,United States of America,No_Event, ,202003,201903,2020-02-22,2019-02-23,1
202104,2021-02-21,United States of America,No_Event, ,202004,201904,2020-02-23,2019-02-24,1
202104,2021-02-22,United States of America,No_Event, ,202004,201904,2020-02-24,2019-02-25,1
202104,2021-02-23,United States of America,No_Event, ,202004,201904,2020-02-25,2019-02-26,1
202104,2021-02-24,United States of America,No_Event, ,202004,201904,2020-02-26,2019-02-27,1
202104,2021-02-25,United States of America,No_Event, ,202004,201904,2020-02-27,2019-02-28,1
202104,2021-02-26,United States of America,No_Event, ,202004,201904,2020-02-28,2019-03-01,1
202104,2021-02-27,United States of America,No_Event, ,202004,201904,2020-02-29,2019-03-02,1
202105,2021-02-28,United States of America,No_Event, ,202005,201905,2020-03-01,2019-03-03,1
202105,2021-03-01,United States of America,No_Event, ,202005,201905,2020-03-02,2019-03-04,1
202105,2021-03-02,United States of America,No_Event, ,202005,201905,2020-03-03,2019-03-05,1
202105,2021-03-03,United States of America,No_Event, ,202005,201905,2020-03-04,2019-03-06,1
202105,2021-03-04,United States of America,No_Event, ,202005,201905,2020-03-05,2019-03-07,1
202105,2021-03-05,United States of America,No_Event, ,202005,201905,2020-03-06,2019-03-08,1
202105,2021-03-06,United States of America,No_Event, ,202005,201905,2020-03-07,2019-03-09,1
202106,2021-03-07,United States of America,No_Event, ,202006,201906,2020-03-08,2019-03-10,1
202106,2021-03-08,United States of America,No_Event, ,202006,201906,2020-03-09,2019-03-11,1
202106,2021-03-09,United States of America,No_Event, ,202006,201906,2020-03-10,2019-03-12,1
202106,2021-03-10,United States of America,No_Event, ,202006,201906,2020-03-11,2019-03-13,1
202106,2021-03-11,United States of America,No_Event, ,202006,201906,2020-03-12,2019-03-14,1
202106,2021-03-12,United States of America,No_Event, ,202006,201906,2020-03-13,2019-03-15,1
202106,2021-03-13,United States of America,No_Event, ,202006,201906,2020-03-14,2019-03-16,1
202107,2021-03-14,United States of America,No_Event, ,202007,201907,2020-03-15,2019-03-17,1
202107,2021-03-15,United States of America,No_Event, ,202007,201907,2020-03-16,2019-03-18,1
202107,2021-03-16,United States of America,No_Event, ,202007,201907,2020-03-17,2019-03-19,1
202107,2021-03-17,United States of America,No_Event, ,202007,201907,2020-03-18,2019-03-20,1
202107,2021-03-18,United States of America,No_Event, ,202007,201907,2020-03-19,2019-03-21,1
202107,2021-03-19,United States of America,No_Event, ,202007,201907,2020-03-20,2019-03-22,1
202107,2021-03-20,United States of America,No_Event, ,202007,201907,2020-03-21,2019-03-23,1
202108,2021-03-21,United States of America,No_Event, ,202008,201908,2020-03-22,2019-03-24,1
202108,2021-03-22,United States of America,No_Event, ,202008,201908,2020-03-23,2019-03-25,1
202108,2021-03-23,United States of America,No_Event, ,202008,201908,2020-03-24,2019-03-26,1
202108,2021-03-24,United States of America,No_Event, ,202008,201908,2020-03-25,2019-03-27,1
202108,2021-03-25,United States of America,No_Event, ,202008,201908,2020-03-26,2019-03-28,1
202108,2021-03-26,United States of America,No_Event, ,202008,201908,2020-03-27,2019-03-29,1
202108,2021-03-27,United States of America,No_Event, ,202008,201908,2020-03-28,2019-03-30,1
202109,2021-03-28,United States of America,No_Event, ,202009,201909,2020-03-29,2019-03-31,1
202109,2021-03-29,United States of America,No_Event, ,202009,201909,2020-03-30,2019-04-01,1
202109,2021-03-30,United States of America,No_Event, ,202009,201909,2020-03-31,2019-04-02,1
202109,2021-03-31,United States of America,No_Event, ,202009,201909,2020-04-01,2019-04-03,1
202109,2021-04-01,United States of America,No_Event, ,202009,201909,2020-04-02,2019-04-04,1
202109,2021-04-02,United States of America,Good Friday, ,202009,201909,2020-04-03,2019-04-05,1
202109,2021-04-03,United States of America,No_Event, ,202009,201909,2020-04-04,2019-04-06,1
202110,2021-04-04,United States of America,Easter, ,202010,201910,2020-04-05,2019-04-07,1
202110,2021-04-05,United States of America,No_Event, ,202010,201910,2020-04-06,2019-04-08,1
202110,2021-04-06,United States of America,No_Event, ,202010,201910,2020-04-07,2019-04-09,1
202110,2021-04-07,United States of America,No_Event, ,202010,201910,2020-04-08,2019-04-10,1
202110,2021-04-08,United States of America,No_Event, ,202010,201910,2020-04-09,2019-04-11,1
202110,2021-04-09,United States of America,No_Event, ,202010,201910,2020-04-10,2019-04-12,1
202110,2021-04-10,United States of America,No_Event, ,202010,201910,2020-04-11,2019-04-13,1
202111,2021-04-11,United States of America,No_Event, ,202011,201911,2020-04-12,2019-04-14,1
202111,2021-04-12,United States of America,No_Event, ,202011,201911,2020-04-13,2019-04-15,1
202111,2021-04-13,United States of America,No_Event, ,202011,201911,2020-04-14,2019-04-16,1
202111,2021-04-14,United States of America,No_Event, ,202011,201911,2020-04-15,2019-04-17,1
202111,2021-04-15,United States of America,No_Event, ,202011,201911,2020-04-16,2019-04-18,1
202111,2021-04-16,United States of America,No_Event, ,202011,201911,2020-04-17,2019-04-19,1
202111,2021-04-17,United States of America,No_Event, ,202011,201911,2020-04-18,2019-04-20,1
202112,2021-04-18,United States of America,Easter, ,202012,201912,2020-04-19,2019-04-21,1
202112,2021-04-19,United States of America,No_Event, ,202012,201912,2020-04-20,2019-04-22,1
202112,2021-04-20,United States of America,No_Event, ,202012,201912,2020-04-21,2019-04-23,1
202112,2021-04-21,United States of America,No_Event, ,202012,201912,2020-04-22,2019-04-24,1
202112,2021-04-22,United States of America,No_Event, ,202012,201912,2020-04-23,2019-04-25,1
202112,2021-04-23,United States of America,No_Event, ,202012,201912,2020-04-24,2019-04-26,1
202112,2021-04-24,United States of America,No_Event, ,202012,201912,2020-04-25,2019-04-27,1
202113,2021-04-25,United States of America,No_Event, ,202013,201913,2020-04-26,2019-04-28,1
202113,2021-04-26,United States of America,No_Event, ,202013,201913,2020-04-27,2019-04-29,1
202113,2021-04-27,United States of America,No_Event, ,202013,201913,2020-04-28,2019-04-30,1
202113,2021-04-28,United States of America,No_Event, ,202013,201913,2020-04-29,2019-05-01,1
202113,2021-04-29,United States of America,No_Event, ,202013,201913,2020-04-30,2019-05-02,1
202113,2021-04-30,United States of America,No_Event, ,202013,201913,2020-05-01,2019-05-03,1
202113,2021-05-01,United States of America,No_Event, ,202013,201913,2020-05-02,2019-05-04,1
202114,2021-05-02,United States of America,No_Event, ,202014,201914,2020-05-03,2019-05-05,1
202114,2021-05-03,United States of America,No_Event, ,202014,201914,2020-05-04,2019-05-06,1
202114,2021-05-04,United States of America,No_Event, ,202014,201914,2020-05-05,2019-05-07,1
202114,2021-05-05,United States of America,No_Event, ,202014,201914,2020-05-06,2019-05-08,1
202114,2021-05-06,United States of America,No_Event, ,202014,201914,2020-05-07,2019-05-09,1
202114,2021-05-07,United States of America,No_Event, ,202014,201914,2020-05-08,2019-05-10,1
202114,2021-05-08,United States of America,No_Event, ,202014,201914,2020-05-09,2019-05-11,1
202115,2021-05-09,United States of America,Mothers Day, ,202015,201915,2020-05-10,2019-05-12,1
202115,2021-05-10,United States of America,No_Event, ,202015,201915,2020-05-11,2019-05-13,1
202115,2021-05-11,United States of America,No_Event, ,202015,201915,2020-05-12,2019-05-14,1
202115,2021-05-12,United States of America,No_Event, ,202015,201915,2020-05-13,2019-05-15,1
202115,2021-05-13,United States of America,No_Event, ,202015,201915,2020-05-14,2019-05-16,1
202115,2021-05-14,United States of America,No_Event, ,202015,201915,2020-05-15,2019-05-17,1
202115,2021-05-15,United States of America,No_Event, ,202015,201915,2020-05-16,2019-05-18,1
202116,2021-05-16,United States of America,No_Event, ,202016,201916,2020-05-17,2019-05-19,1
202116,2021-05-17,United States of America,No_Event, ,202016,201916,2020-05-18,2019-05-20,1
202116,2021-05-18,United States of America,No_Event, ,202016,201916,2020-05-19,2019-05-21,1
202116,2021-05-19,United States of America,No_Event, ,202016,201916,2020-05-20,2019-05-22,1
202116,2021-05-20,United States of America,No_Event, ,202016,201916,2020-05-21,2019-05-23,1
202116,2021-05-21,United States of America,No_Event, ,202016,201916,2020-05-22,2019-05-24,1
202116,2021-05-22,United States of America,No_Event, ,202016,201916,2020-05-23,2019-05-25,1
202117,2021-05-23,United States of America,No_Event, ,202017,201917,2020-05-24,2019-05-26,1
202117,2021-05-24,United States of America,No_Event, ,202017,201917,2020-05-25,2019-05-27,1
202117,2021-05-25,United States of America,No_Event, ,202017,201917,2020-05-26,2019-05-28,1
202117,2021-05-26,United States of America,No_Event, ,202017,201917,2020-05-27,2019-05-29,1
202117,2021-05-27,United States of America,No_Event, ,202017,201917,2020-05-28,2019-05-30,1
202117,2021-05-28,United States of America,No_Event, ,202017,201917,2020-05-29,2019-05-31,1
202117,2021-05-29,United States of America,No_Event, ,202017,201917,2020-05-30,2019-06-01,1
202118,2021-05-30,United States of America,No_Event, ,202018,201918,2020-05-31,2019-06-02,1
202118,2021-05-31,United States of America,Memorial Day, ,202018,201918,2020-06-01,2019-06-03,1
202118,2021-06-01,United States of America,No_Event, ,202018,201918,2020-06-02,2019-06-04,1
202118,2021-06-02,United States of America,No_Event, ,202018,201918,2020-06-03,2019-06-05,1
202118,2021-06-03,United States of America,No_Event, ,202018,201918,2020-06-04,2019-06-06,1
202118,2021-06-04,United States of America,No_Event, ,202018,201918,2020-06-05,2019-06-07,1
202118,2021-06-05,United States of America,No_Event, ,202018,201918,2020-06-06,2019-06-08,1
202119,2021-06-06,United States of America,No_Event, ,202019,201919,2020-06-07,2019-06-09,1
202119,2021-06-07,United States of America,No_Event, ,202019,201919,2020-06-08,2019-06-10,1
202119,2021-06-08,United States of America,No_Event, ,202019,201919,2020-06-09,2019-06-11,1
202119,2021-06-09,United States of America,No_Event, ,202019,201919,2020-06-10,2019-06-12,1
202119,2021-06-10,United States of America,No_Event, ,202019,201919,2020-06-11,2019-06-13,1
202119,2021-06-11,United States of America,No_Event, ,202019,201919,2020-06-12,2019-06-14,1
202119,2021-06-12,United States of America,No_Event, ,202019,201919,2020-06-13,2019-06-15,1
202120,2021-06-13,United States of America,No_Event, ,202020,201920,2020-06-14,2019-06-16,1
202120,2021-06-14,United States of America,No_Event, ,202020,201920,2020-06-15,2019-06-17,1
202120,2021-06-15,United States of America,No_Event, ,202020,201920,2020-06-16,2019-06-18,1
202120,2021-06-16,United States of America,No_Event, ,202020,201920,2020-06-17,2019-06-19,1
202120,2021-06-17,United States of America,No_Event, ,202020,201920,2020-06-18,2019-06-20,1
202120,2021-06-18,United States of America,No_Event, ,202020,201920,2020-06-19,2019-06-21,1
202120,2021-06-19,United States of America,No_Event, ,202020,201920,2020-06-20,2019-06-22,1
202121,2021-06-20,United States of America,Fathers Day, ,202021,201921,2020-06-21,2019-06-23,1
202121,2021-06-21,United States of America,No_Event, ,202021,201921,2020-06-22,2019-06-24,1
202121,2021-06-22,United States of America,No_Event, ,202021,201921,2020-06-23,2019-06-25,1
202121,2021-06-23,United States of America,No_Event, ,202021,201921,2020-06-24,2019-06-26,1
202121,2021-06-24,United States of America,No_Event, ,202021,201921,2020-06-25,2019-06-27,1
202121,2021-06-25,United States of America,No_Event, ,202021,201921,2020-06-26,2019-06-28,1
202121,2021-06-26,United States of America,No_Event, ,202021,201921,2020-06-27,2019-06-29,1
202122,2021-06-27,United States of America,No_Event, ,202022,201922,2020-06-28,2019-06-30,1
202122,2021-06-28,United States of America,No_Event, ,202022,201922,2020-06-29,2019-07-01,1
202122,2021-06-29,United States of America,No_Event, ,202022,201922,2020-06-30,2019-07-02,1
202122,2021-06-30,United States of America,No_Event, ,202022,201922,2020-07-01,2019-07-03,1
202122,2021-07-01,United States of America,No_Event, ,202022,201922,2020-07-02,2019-07-04,1
202122,2021-07-02,United States of America,No_Event, ,202022,201922,2020-07-03,2019-07-05,1
202122,2021-07-03,United States of America,No_Event, ,202022,201922,2020-07-04,2019-07-06,1
202123,2021-07-04,United States of America,Independence Day, ,202023,201923,2020-07-05,2019-07-07,1
202123,2021-07-05,United States of America,Independence Day, ,202023,201923,2020-07-06,2019-07-08,1
202123,2021-07-06,United States of America,No_Event, ,202023,201923,2020-07-07,2019-07-09,1
202123,2021-07-07,United States of America,No_Event, ,202023,201923,2020-07-08,2019-07-10,1
202123,2021-07-08,United States of America,No_Event, ,202023,201923,2020-07-09,2019-07-11,1
202123,2021-07-09,United States of America,No_Event, ,202023,201923,2020-07-10,2019-07-12,1
202123,2021-07-10,United States of America,No_Event, ,202023,201923,2020-07-11,2019-07-13,1
202124,2021-07-11,United States of America,No_Event, ,202024,201924,2020-07-12,2019-07-14,1
202124,2021-07-12,United States of America,No_Event, ,202024,201924,2020-07-13,2019-07-15,1
202124,2021-07-13,United States of America,No_Event, ,202024,201924,2020-07-14,2019-07-16,1
202124,2021-07-14,United States of America,No_Event, ,202024,201924,2020-07-15,2019-07-17,1
202124,2021-07-15,United States of America,No_Event, ,202024,201924,2020-07-16,2019-07-18,1
202124,2021-07-16,United States of America,No_Event, ,202024,201924,2020-07-17,2019-07-19,1
202124,2021-07-17,United States of America,No_Event, ,202024,201924,2020-07-18,2019-07-20,1
202125,2021-07-18,United States of America,No_Event, ,202025,201925,2020-07-19,2019-07-21,1
202125,2021-07-19,United States of America,No_Event, ,202025,201925,2020-07-20,2019-07-22,1
202125,2021-07-20,United States of America,No_Event, ,202025,201925,2020-07-21,2019-07-23,1
202125,2021-07-21,United States of America,No_Event, ,202025,201925,2020-07-22,2019-07-24,1
202125,2021-07-22,United States of America,No_Event, ,202025,201925,2020-07-23,2019-07-25,1
202125,2021-07-23,United States of America,No_Event, ,202025,201925,2020-07-24,2019-07-26,1
202125,2021-07-24,United States of America,No_Event, ,202025,201925,2020-07-25,2019-07-27,1
202126,2021-07-25,United States of America,No_Event, ,202026,201926,2020-07-26,2019-07-28,1
202126,2021-07-26,United States of America,No_Event, ,202026,201926,2020-07-27,2019-07-29,1
202126,2021-07-27,United States of America,No_Event, ,202026,201926,2020-07-28,2019-07-30,1
202126,2021-07-28,United States of America,No_Event, ,202026,201926,2020-07-29,2019-07-31,1
202126,2021-07-29,United States of America,No_Event, ,202026,201926,2020-07-30,2019-08-01,1
202126,2021-07-30,United States of America,No_Event, ,202026,201926,2020-07-31,2019-08-02,1
202126,2021-07-31,United States of America,No_Event, ,202026,201926,2020-08-01,2019-08-03,1
202127,2021-08-01,United States of America,No_Event, ,202027,201927,2020-08-02,2019-08-04,1
202127,2021-08-02,United States of America,No_Event, ,202027,201927,2020-08-03,2019-08-05,1
202127,2021-08-03,United States of America,No_Event, ,202027,201927,2020-08-04,2019-08-06,1
202127,2021-08-04,United States of America,No_Event, ,202027,201927,2020-08-05,2019-08-07,1
202127,2021-08-05,United States of America,No_Event, ,202027,201927,2020-08-06,2019-08-08,1
202127,2021-08-06,United States of America,No_Event, ,202027,201927,2020-08-07,2019-08-09,1
202127,2021-08-07,United States of America,No_Event, ,202027,201927,2020-08-08,2019-08-10,1
202128,2021-08-08,United States of America,No_Event, ,202028,201928,2020-08-09,2019-08-11,1
202128,2021-08-09,United States of America,No_Event, ,202028,201928,2020-08-10,2019-08-12,1
202128,2021-08-10,United States of America,No_Event, ,202028,201928,2020-08-11,2019-08-13,1
202128,2021-08-11,United States of America,No_Event, ,202028,201928,2020-08-12,2019-08-14,1
202128,2021-08-12,United States of America,No_Event, ,202028,201928,2020-08-13,2019-08-15,1
202128,2021-08-13,United States of America,No_Event, ,202028,201928,2020-08-14,2019-08-16,1
202128,2021-08-14,United States of America,No_Event, ,202028,201928,2020-08-15,2019-08-17,1
202129,2021-08-15,United States of America,No_Event, ,202029,201929,2020-08-16,2019-08-18,1
202129,2021-08-16,United States of America,No_Event, ,202029,201929,2020-08-17,2019-08-19,1
202129,2021-08-17,United States of America,No_Event, ,202029,201929,2020-08-18,2019-08-20,1
202129,2021-08-18,United States of America,No_Event, ,202029,201929,2020-08-19,2019-08-21,1
202129,2021-08-19,United States of America,No_Event, ,202029,201929,2020-08-20,2019-08-22,1
202129,2021-08-20,United States of America,No_Event, ,202029,201929,2020-08-21,2019-08-23,1
202129,2021-08-21,United States of America,No_Event, ,202029,201929,2020-08-22,2019-08-24,1
202130,2021-08-22,United States of America,No_Event, ,202030,201930,2020-08-23,2019-08-25,1
202130,2021-08-23,United States of America,No_Event, ,202030,201930,2020-08-24,2019-08-26,1
202130,2021-08-24,United States of America,No_Event, ,202030,201930,2020-08-25,2019-08-27,1
202130,2021-08-25,United States of America,No_Event, ,202030,201930,2020-08-26,2019-08-28,1
202130,2021-08-26,United States of America,No_Event, ,202030,201930,2020-08-27,2019-08-29,1
202130,2021-08-27,United States of America,No_Event, ,202030,201930,2020-08-28,2019-08-30,1
202130,2021-08-28,United States of America,No_Event, ,202030,201930,2020-08-29,2019-08-31,1
202131,2021-08-29,United States of America,No_Event, ,202031,201931,2020-08-30,2019-09-01,1
202131,2021-08-30,United States of America,Labour Day, ,202031,201931,2020-08-31,2019-09-02,1
202131,2021-08-31,United States of America,No_Event, ,202031,201931,2020-09-01,2019-09-03,1
202131,2021-09-01,United States of America,No_Event, ,202031,201931,2020-09-02,2019-09-04,1
202131,2021-09-02,United States of America,No_Event, ,202031,201931,2020-09-03,2019-09-05,1
202131,2021-09-03,United States of America,No_Event, ,202031,201931,2020-09-04,2019-09-06,1
202131,2021-09-04,United States of America,No_Event, ,202031,201931,2020-09-05,2019-09-07,1
202132,2021-09-05,United States of America,No_Event, ,202032,201932,2020-09-06,2019-09-08,1
202132,2021-09-06,United States of America,Labour Day, ,202032,201932,2020-09-07,2019-09-09,1
202132,2021-09-07,United States of America,No_Event, ,202032,201932,2020-09-08,2019-09-10,1
202132,2021-09-08,United States of America,No_Event, ,202032,201932,2020-09-09,2019-09-11,1
202132,2021-09-09,United States of America,No_Event, ,202032,201932,2020-09-10,2019-09-12,1
202132,2021-09-10,United States of America,No_Event, ,202032,201932,2020-09-11,2019-09-13,1
202132,2021-09-11,United States of America,No_Event, ,202032,201932,2020-09-12,2019-09-14,1
202133,2021-09-12,United States of America,No_Event, ,202033,201933,2020-09-13,2019-09-15,1
202133,2021-09-13,United States of America,No_Event, ,202033,201933,2020-09-14,2019-09-16,1
202133,2021-09-14,United States of America,No_Event, ,202033,201933,2020-09-15,2019-09-17,1
202133,2021-09-15,United States of America,No_Event, ,202033,201933,2020-09-16,2019-09-18,1
202133,2021-09-16,United States of America,No_Event, ,202033,201933,2020-09-17,2019-09-19,1
202133,2021-09-17,United States of America,No_Event, ,202033,201933,2020-09-18,2019-09-20,1
202133,2021-09-18,United States of America,No_Event, ,202033,201933,2020-09-19,2019-09-21,1
202134,2021-09-19,United States of America,No_Event, ,202034,201934,2020-09-20,2019-09-22,1
202134,2021-09-20,United States of America,No_Event, ,202034,201934,2020-09-21,2019-09-23,1
202134,2021-09-21,United States of America,No_Event, ,202034,201934,2020-09-22,2019-09-24,1
202134,2021-09-22,United States of America,No_Event, ,202034,201934,2020-09-23,2019-09-25,1
202134,2021-09-23,United States of America,No_Event, ,202034,201934,2020-09-24,2019-09-26,1
202134,2021-09-24,United States of America,No_Event, ,202034,201934,2020-09-25,2019-09-27,1
202134,2021-09-25,United States of America,No_Event, ,202034,201934,2020-09-26,2019-09-28,1
202135,2021-09-26,United States of America,No_Event, ,202035,201935,2020-09-27,2019-09-29,1
202135,2021-09-27,United States of America,No_Event, ,202035,201935,2020-09-28,2019-09-30,1
202135,2021-09-28,United States of America,No_Event, ,202035,201935,2020-09-29,2019-10-01,1
202135,2021-09-29,United States of America,No_Event, ,202035,201935,2020-09-30,2019-10-02,1
202135,2021-09-30,United States of America,No_Event, ,202035,201935,2020-10-01,2019-10-03,1
202135,2021-10-01,United States of America,No_Event, ,202035,201935,2020-10-02,2019-10-04,1
202135,2021-10-02,United States of America,No_Event, ,202035,201935,2020-10-03,2019-10-05,1
202136,2021-10-03,United States of America,No_Event, ,202036,201936,2020-10-04,2019-10-06,1
202136,2021-10-04,United States of America,No_Event, ,202036,201936,2020-10-05,2019-10-07,1
202136,2021-10-05,United States of America,No_Event, ,202036,201936,2020-10-06,2019-10-08,1
202136,2021-10-06,United States of America,No_Event, ,202036,201936,2020-10-07,2019-10-09,1
202136,2021-10-07,United States of America,No_Event, ,202036,201936,2020-10-08,2019-10-10,1
202136,2021-10-08,United States of America,No_Event, ,202036,201936,2020-10-09,2019-10-11,1
202136,2021-10-09,United States of America,No_Event, ,202036,201936,2020-10-10,2019-10-12,1
202137,2021-10-10,United States of America,No_Event, ,202037,201937,2020-10-11,2019-10-13,1
202137,2021-10-11,United States of America,Columbus Day, ,202037,201937,2020-10-12,2019-10-14,1
202137,2021-10-12,United States of America,No_Event, ,202037,201937,2020-10-13,2019-10-15,1
202137,2021-10-13,United States of America,No_Event, ,202037,201937,2020-10-14,2019-10-16,1
202137,2021-10-14,United States of America,No_Event, ,202037,201937,2020-10-15,2019-10-17,1
202137,2021-10-15,United States of America,No_Event, ,202037,201937,2020-10-16,2019-10-18,1
202137,2021-10-16,United States of America,No_Event, ,202037,201937,2020-10-17,2019-10-19,1
202138,2021-10-17,United States of America,No_Event, ,202038,201938,2020-10-18,2019-10-20,1
202138,2021-10-18,United States of America,No_Event, ,202038,201938,2020-10-19,2019-10-21,1
202138,2021-10-19,United States of America,No_Event, ,202038,201938,2020-10-20,2019-10-22,1
202138,2021-10-20,United States of America,No_Event, ,202038,201938,2020-10-21,2019-10-23,1
202138,2021-10-21,United States of America,No_Event, ,202038,201938,2020-10-22,2019-10-24,1
202138,2021-10-22,United States of America,No_Event, ,202038,201938,2020-10-23,2019-10-25,1
202138,2021-10-23,United States of America,No_Event, ,202038,201938,2020-10-24,2019-10-26,1
202139,2021-10-24,United States of America,No_Event, ,202039,201939,2020-10-25,2019-10-27,1
202139,2021-10-25,United States of America,No_Event, ,202039,201939,2020-10-26,2019-10-28,1
202139,2021-10-26,United States of America,No_Event, ,202039,201939,2020-10-27,2019-10-29,1
202139,2021-10-27,United States of America,No_Event, ,202039,201939,2020-10-28,2019-10-30,1
202139,2021-10-28,United States of America,No_Event, ,202039,201939,2020-10-29,2019-10-31,1
202139,2021-10-29,United States of America,No_Event, ,202039,201939,2020-10-30,2019-11-01,1
202139,2021-10-30,United States of America,No_Event, ,202039,201939,2020-10-31,2019-11-02,1
202140,2021-10-31,United States of America,Halloween, ,202040,201940,2020-11-01,2019-11-03,1
202140,2021-11-01,United States of America,No_Event, ,202040,201940,2020-11-02,2019-11-04,1
202140,2021-11-02,United States of America,No_Event, ,202040,201940,2020-11-03,2019-11-05,1
202140,2021-11-03,United States of America,No_Event, ,202040,201940,2020-11-04,2019-11-06,1
202140,2021-11-04,United States of America,No_Event, ,202040,201940,2020-11-05,2019-11-07,1
202140,2021-11-05,United States of America,No_Event, ,202040,201940,2020-11-06,2019-11-08,1
202140,2021-11-06,United States of America,No_Event, ,202040,201940,2020-11-07,2019-11-09,1
202141,2021-11-07,United States of America,No_Event, ,202041,201941,2020-11-08,2019-11-10,1
202141,2021-11-08,United States of America,No_Event, ,202041,201941,2020-11-09,2019-11-11,1
202141,2021-11-09,United States of America,No_Event, ,202041,201941,2020-11-10,2019-11-12,1
202141,2021-11-10,United States of America,No_Event, ,202041,201941,2020-11-11,2019-11-13,1
202141,2021-11-11,United States of America,No_Event, ,202041,201941,2020-11-12,2019-11-14,1
202141,2021-11-12,United States of America,No_Event, ,202041,201941,2020-11-13,2019-11-15,1
202141,2021-11-13,United States of America,No_Event, ,202041,201941,2020-11-14,2019-11-16,1
202142,2021-11-14,United States of America,No_Event, ,202042,201942,2020-11-15,2019-11-17,1
202142,2021-11-15,United States of America,No_Event, ,202042,201942,2020-11-16,2019-11-18,1
202142,2021-11-16,United States of America,No_Event, ,202042,201942,2020-11-17,2019-11-19,1
202142,2021-11-17,United States of America,No_Event, ,202042,201942,2020-11-18,2019-11-20,1
202142,2021-11-18,United States of America,No_Event, ,202042,201942,2020-11-19,2019-11-21,1
202142,2021-11-19,United States of America,No_Event, ,202042,201942,2020-11-20,2019-11-22,1
202142,2021-11-20,United States of America,No_Event, ,202042,201942,2020-11-21,2019-11-23,1
202143,2021-11-21,United States of America,No_Event, ,202043,201943,2020-11-22,2019-11-24,1
202143,2021-11-22,United States of America,No_Event, ,202043,201943,2020-11-23,2019-11-25,1
202143,2021-11-23,United States of America,No_Event, ,202043,201943,2020-11-24,2019-11-26,1
202143,2021-11-24,United States of America,No_Event, ,202043,201943,2020-11-25,2019-11-27,1
202143,2021-11-25,United States of America,Thanksgiving, ,202043,201943,2020-11-26,2019-11-28,1
202143,2021-11-26,United States of America,No_Event, ,202043,201943,2020-11-27,2019-11-29,1
202143,2021-11-27,United States of America,No_Event, ,202043,201943,2020-11-28,2019-11-30,1
202144,2021-11-28,United States of America,No_Event, ,202044,201944,2020-11-29,2019-12-01,1
202144,2021-11-29,United States of America,No_Event, ,202044,201944,2020-11-30,2019-12-02,1
202144,2021-11-30,United States of America,No_Event, ,202044,201944,2020-12-01,2019-12-03,1
202144,2021-12-01,United States of America,No_Event, ,202044,201944,2020-12-02,2019-12-04,1
202144,2021-12-02,United States of America,No_Event, ,202044,201944,2020-12-03,2019-12-05,1
202144,2021-12-03,United States of America,No_Event, ,202044,201944,2020-12-04,2019-12-06,1
202144,2021-12-04,United States of America,No_Event, ,202044,201944,2020-12-05,2019-12-07,1
202145,2021-12-05,United States of America,No_Event, ,202045,201945,2020-12-06,2019-12-08,1
202145,2021-12-06,United States of America,No_Event, ,202045,201945,2020-12-07,2019-12-09,1
202145,2021-12-07,United States of America,No_Event, ,202045,201945,2020-12-08,2019-12-10,1
202145,2021-12-08,United States of America,No_Event, ,202045,201945,2020-12-09,2019-12-11,1
202145,2021-12-09,United States of America,No_Event, ,202045,201945,2020-12-10,2019-12-12,1
202145,2021-12-10,United States of America,No_Event, ,202045,201945,2020-12-11,2019-12-13,1
202145,2021-12-11,United States of America,No_Event, ,202045,201945,2020-12-12,2019-12-14,1
202146,2021-12-12,United States of America,No_Event, ,202046,201946,2020-12-13,2019-12-15,1
202146,2021-12-13,United States of America,No_Event, ,202046,201946,2020-12-14,2019-12-16,1
202146,2021-12-14,United States of America,No_Event, ,202046,201946,2020-12-15,2019-12-17,1
202146,2021-12-15,United States of America,No_Event, ,202046,201946,2020-12-16,2019-12-18,1
202146,2021-12-16,United States of America,No_Event, ,202046,201946,2020-12-17,2019-12-19,1
202146,2021-12-17,United States of America,No_Event, ,202046,201946,2020-12-18,2019-12-20,1
202146,2021-12-18,United States of America,No_Event, ,202046,201946,2020-12-19,2019-12-21,1
202147,2021-12-19,United States of America,No_Event, ,202047,201947,2020-12-20,2019-12-22,1
202147,2021-12-20,United States of America,No_Event, ,202047,201947,2020-12-21,2019-12-23,1
202147,2021-12-21,United States of America,No_Event, ,202047,201947,2020-12-22,2019-12-24,1
202147,2021-12-22,United States of America,No_Event, ,202047,201947,2020-12-23,2019-12-25,1
202147,2021-12-23,United States of America,No_Event, ,202047,201947,2020-12-24,2019-12-26,1
202147,2021-12-24,United States of America,No_Event, ,202047,201947,2020-12-25,2019-12-27,1
202147,2021-12-25,United States of America,Christmas, ,202047,201947,2020-12-26,2019-12-28,1
202148,2021-12-26,United States of America,No_Event, ,202048,201948,2020-12-27,2019-12-29,1
202148,2021-12-27,United States of America,No_Event, ,202048,201948,2020-12-28,2019-12-30,1
202148,2021-12-28,United States of America,No_Event, ,202048,201948,2020-12-29,2019-12-31,1
202148,2021-12-29,United States of America,No_Event, ,202048,201948,2020-12-30,2020-01-01,1
202148,2021-12-30,United States of America,No_Event, ,202048,201948,2020-12-31,2020-01-02,1
202148,2021-12-31,United States of America,No_Event, ,202048,201948,2021-01-01,2020-01-03,1
202148,2022-01-01,United States of America,New Year, ,202048,201948,2021-01-02,2020-01-04,1
202149,2022-01-02,United States of America,No_Event, ,202049,201949,2021-01-03,2020-01-05,1
202149,2022-01-03,United States of America,No_Event, ,202049,201949,2021-01-04,2020-01-06,1
202149,2022-01-04,United States of America,No_Event, ,202049,201949,2021-01-05,2020-01-07,1
202149,2022-01-05,United States of America,No_Event, ,202049,201949,2021-01-06,2020-01-08,1
202149,2022-01-06,United States of America,No_Event, ,202049,201949,2021-01-07,2020-01-09,1
202149,2022-01-07,United States of America,No_Event, ,202049,201949,2021-01-08,2020-01-10,1
202149,2022-01-08,United States of America,No_Event, ,202049,201949,2021-01-09,2020-01-11,1
202150,2022-01-09,United States of America,No_Event, ,202050,201950,2021-01-10,2020-01-12,1
202150,2022-01-10,United States of America,No_Event, ,202050,201950,2021-01-11,2020-01-13,1
202150,2022-01-11,United States of America,Winter Warm Up, ,202050,201950,2021-01-12,2020-01-14,1
202150,2022-01-12,United States of America,Winter Warm Up, ,202050,201950,2021-01-13,2020-01-15,1
202150,2022-01-13,United States of America,Winter Warm Up, ,202050,201950,2021-01-14,2020-01-16,1
202150,2022-01-14,United States of America,Winter Warm Up, ,202050,201950,2021-01-15,2020-01-17,1
202150,2022-01-15,United States of America,Winter Warm Up, ,202050,201950,2021-01-16,2020-01-18,1
202151,2022-01-16,United States of America,No_Event, ,202051,201951,2021-01-17,2020-01-19,1
202151,2022-01-17,United States of America,MLK Day, ,202051,201951,2021-01-18,2020-01-20,1
202151,2022-01-18,United States of America,No_Event, ,202051,201951,2021-01-19,2020-01-21,1
202151,2022-01-19,United States of America,No_Event, ,202051,201951,2021-01-20,2020-01-22,1
202151,2022-01-20,United States of America,No_Event, ,202051,201951,2021-01-21,2020-01-23,1
202151,2022-01-21,United States of America,No_Event, ,202051,201951,2021-01-22,2020-01-24,1
202151,2022-01-22,United States of America,No_Event, ,202051,201951,2021-01-23,2020-01-25,1
202152,2022-01-23,United States of America,No_Event, ,202052,201952,2021-01-24,2020-01-26,1
202152,2022-01-24,United States of America,No_Event, ,202052,201952,2021-01-25,2020-01-27,1
202152,2022-01-25,United States of America,No_Event, ,202052,201952,2021-01-26,2020-01-28,1
202152,2022-01-26,United States of America,No_Event, ,202052,201952,2021-01-27,2020-01-29,1
202152,2022-01-27,United States of America,No_Event, ,202052,201952,2021-01-28,2020-01-30,1
202152,2022-01-28,United States of America,No_Event, ,202052,201952,2021-01-29,2020-01-31,1
202152,2022-01-29,United States of America,No_Event, ,202052,201952,2021-01-30,2020-02-01,1
202201,2022-01-30,United States of America,No_Event, ,202101,202001,2021-01-31,2020-02-02,1
202201,2022-01-31,United States of America,No_Event, ,202101,202001,2021-02-01,2020-02-03,1
202201,2022-02-01,United States of America,No_Event, ,202101,202001,2021-02-02,2020-02-04,1
202201,2022-02-02,United States of America,No_Event, ,202101,202001,2021-02-03,2020-02-05,1
202201,2022-02-03,United States of America,No_Event, ,202101,202001,2021-02-04,2020-02-06,1
202201,2022-02-04,United States of America,No_Event, ,202101,202001,2021-02-05,2020-02-07,1
202201,2022-02-05,United States of America,No_Event, ,202101,202001,2021-02-06,2020-02-08,1
202202,2022-02-06,United States of America,No_Event, ,202102,202002,2021-02-07,2020-02-09,1
202202,2022-02-07,United States of America,No_Event, ,202102,202002,2021-02-08,2020-02-10,1
202202,2022-02-08,United States of America,No_Event, ,202102,202002,2021-02-09,2020-02-11,1
202202,2022-02-09,United States of America,No_Event, ,202102,202002,2021-02-10,2020-02-12,1
202202,2022-02-10,United States of America,No_Event, ,202102,202002,2021-02-11,2020-02-13,1
202202,2022-02-11,United States of America,No_Event, ,202102,202002,2021-02-12,2020-02-14,1
202202,2022-02-12,United States of America,No_Event, ,202102,202002,2021-02-13,2020-02-15,1
202203,2022-02-13,United States of America,No_Event, ,202103,202003,2021-02-14,2020-02-16,1
202203,2022-02-14,United States of America,Valentines Day, ,202103,202003,2021-02-15,2020-02-17,1
202203,2022-02-15,United States of America,No_Event, ,202103,202003,2021-02-16,2020-02-18,1
202203,2022-02-16,United States of America,No_Event, ,202103,202003,2021-02-17,2020-02-19,1
202203,2022-02-17,United States of America,No_Event, ,202103,202003,2021-02-18,2020-02-20,1
202203,2022-02-18,United States of America,No_Event, ,202103,202003,2021-02-19,2020-02-21,1
202203,2022-02-19,United States of America,No_Event, ,202103,202003,2021-02-20,2020-02-22,1
202204,2022-02-20,United States of America,No_Event, ,202104,202004,2021-02-21,2020-02-23,1
202204,2022-02-21,United States of America,Presidents Day, ,202104,202004,2021-02-22,2020-02-24,1
202204,2022-02-22,United States of America,No_Event, ,202104,202004,2021-02-23,2020-02-25,1
202204,2022-02-23,United States of America,No_Event, ,202104,202004,2021-02-24,2020-02-26,1
202204,2022-02-24,United States of America,No_Event, ,202104,202004,2021-02-25,2020-02-27,1
202204,2022-02-25,United States of America,No_Event, ,202104,202004,2021-02-26,2020-02-28,1
202204,2022-02-26,United States of America,No_Event, ,202104,202004,2021-02-27,2020-02-29,1
202205,2022-02-27,United States of America,No_Event, ,202105,202005,2021-02-28,2020-03-01,1
202205,2022-02-28,United States of America,No_Event, ,202105,202005,2021-03-01,2020-03-02,1
202205,2022-03-01,United States of America,No_Event, ,202105,202005,2021-03-02,2020-03-03,1
202205,2022-03-02,United States of America,No_Event, ,202105,202005,2021-03-03,2020-03-04,1
202205,2022-03-03,United States of America,No_Event, ,202105,202005,2021-03-04,2020-03-05,1
202205,2022-03-04,United States of America,No_Event, ,202105,202005,2021-03-05,2020-03-06,1
202205,2022-03-05,United States of America,No_Event, ,202105,202005,2021-03-06,2020-03-07,1
202206,2022-03-06,United States of America,No_Event, ,202106,202006,2021-03-07,2020-03-08,1
202206,2022-03-07,United States of America,No_Event, ,202106,202006,2021-03-08,2020-03-09,1
202206,2022-03-08,United States of America,No_Event, ,202106,202006,2021-03-09,2020-03-10,1
202206,2022-03-09,United States of America,No_Event, ,202106,202006,2021-03-10,2020-03-11,1
202206,2022-03-10,United States of America,No_Event, ,202106,202006,2021-03-11,2020-03-12,1
202206,2022-03-11,United States of America,No_Event, ,202106,202006,2021-03-12,2020-03-13,1
202206,2022-03-12,United States of America,No_Event, ,202106,202006,2021-03-13,2020-03-14,1
202207,2022-03-13,United States of America,No_Event, ,202107,202007,2021-03-14,2020-03-15,1
202207,2022-03-14,United States of America,No_Event, ,202107,202007,2021-03-15,2020-03-16,1
202207,2022-03-15,United States of America,No_Event, ,202107,202007,2021-03-16,2020-03-17,1
202207,2022-03-16,United States of America,No_Event, ,202107,202007,2021-03-17,2020-03-18,1
202207,2022-03-17,United States of America,No_Event, ,202107,202007,2021-03-18,2020-03-19,1
202207,2022-03-18,United States of America,No_Event, ,202107,202007,2021-03-19,2020-03-20,1
202207,2022-03-19,United States of America,No_Event, ,202107,202007,2021-03-20,2020-03-21,1
202208,2022-03-20,United States of America,No_Event, ,202108,202008,2021-03-21,2020-03-22,1
202208,2022-03-21,United States of America,No_Event, ,202108,202008,2021-03-22,2020-03-23,1
202208,2022-03-22,United States of America,No_Event, ,202108,202008,2021-03-23,2020-03-24,1
202208,2022-03-23,United States of America,No_Event, ,202108,202008,2021-03-24,2020-03-25,1
202208,2022-03-24,United States of America,No_Event, ,202108,202008,2021-03-25,2020-03-26,1
202208,2022-03-25,United States of America,No_Event, ,202108,202008,2021-03-26,2020-03-27,1
202208,2022-03-26,United States of America,No_Event, ,202108,202008,2021-03-27,2020-03-28,1
202209,2022-03-27,United States of America,No_Event, ,202109,202009,2021-03-28,2020-03-29,1
202209,2022-03-28,United States of America,No_Event, ,202109,202009,2021-03-29,2020-03-30,1
202209,2022-03-29,United States of America,No_Event, ,202109,202009,2021-03-30,2020-03-31,1
202209,2022-03-30,United States of America,No_Event, ,202109,202009,2021-03-31,2020-04-01,1
202209,2022-03-31,United States of America,No_Event, ,202109,202009,2021-04-01,2020-04-02,1
202209,2022-04-01,United States of America,No_Event, ,202109,202009,2021-04-02,2020-04-03,1
202209,2022-04-02,United States of America,No_Event, ,202109,202009,2021-04-03,2020-04-04,1
202210,2022-04-03,United States of America,No_Event, ,202110,202010,2021-04-04,2020-04-05,1
202210,2022-04-04,United States of America,No_Event, ,202110,202010,2021-04-05,2020-04-06,1
202210,2022-04-05,United States of America,No_Event, ,202110,202010,2021-04-06,2020-04-07,1
202210,2022-04-06,United States of America,No_Event, ,202110,202010,2021-04-07,2020-04-08,1
202210,2022-04-07,United States of America,No_Event, ,202110,202010,2021-04-08,2020-04-09,1
202210,2022-04-08,United States of America,No_Event, ,202110,202010,2021-04-09,2020-04-10,1
202210,2022-04-09,United States of America,No_Event, ,202110,202010,2021-04-10,2020-04-11,1
202211,2022-04-10,United States of America,No_Event, ,202111,202011,2021-04-11,2020-04-12,1
202211,2022-04-11,United States of America,No_Event, ,202111,202011,2021-04-12,2020-04-13,1
202211,2022-04-12,United States of America,No_Event, ,202111,202011,2021-04-13,2020-04-14,1
202211,2022-04-13,United States of America,No_Event, ,202111,202011,2021-04-14,2020-04-15,1
202211,2022-04-14,United States of America,No_Event, ,202111,202011,2021-04-15,2020-04-16,1
202211,2022-04-15,United States of America,Good Friday, ,202111,202011,2021-04-16,2020-04-17,1
202211,2022-04-16,United States of America,No_Event, ,202111,202011,2021-04-17,2020-04-18,1
202212,2022-04-17,United States of America,Easter, ,202112,202012,2021-04-18,2020-04-19,1
202212,2022-04-18,United States of America,No_Event, ,202112,202012,2021-04-19,2020-04-20,1
202212,2022-04-19,United States of America,No_Event, ,202112,202012,2021-04-20,2020-04-21,1
202212,2022-04-20,United States of America,No_Event, ,202112,202012,2021-04-21,2020-04-22,1
202212,2022-04-21,United States of America,No_Event, ,202112,202012,2021-04-22,2020-04-23,1
202212,2022-04-22,United States of America,No_Event, ,202112,202012,2021-04-23,2020-04-24,1
202212,2022-04-23,United States of America,No_Event, ,202112,202012,2021-04-24,2020-04-25,1
202213,2022-04-24,United States of America,No_Event, ,202113,202013,2021-04-25,2020-04-26,1
202213,2022-04-25,United States of America,No_Event, ,202113,202013,2021-04-26,2020-04-27,1
202213,2022-04-26,United States of America,No_Event, ,202113,202013,2021-04-27,2020-04-28,1
202213,2022-04-27,United States of America,No_Event, ,202113,202013,2021-04-28,2020-04-29,1
202213,2022-04-28,United States of America,No_Event, ,202113,202013,2021-04-29,2020-04-30,1
202213,2022-04-29,United States of America,No_Event, ,202113,202013,2021-04-30,2020-05-01,1
202213,2022-04-30,United States of America,No_Event, ,202113,202013,2021-05-01,2020-05-02,1
202214,2022-05-01,United States of America,No_Event, ,202114,202014,2021-05-02,2020-05-03,1
202214,2022-05-02,United States of America,No_Event, ,202114,202014,2021-05-03,2020-05-04,1
202214,2022-05-03,United States of America,No_Event, ,202114,202014,2021-05-04,2020-05-05,1
202214,2022-05-04,United States of America,No_Event, ,202114,202014,2021-05-05,2020-05-06,1
202214,2022-05-05,United States of America,No_Event, ,202114,202014,2021-05-06,2020-05-07,1
202214,2022-05-06,United States of America,No_Event, ,202114,202014,2021-05-07,2020-05-08,1
202214,2022-05-07,United States of America,No_Event, ,202114,202014,2021-05-08,2020-05-09,1
202215,2022-05-08,United States of America,Mothers Day, ,202115,202015,2021-05-09,2020-05-10,1
202215,2022-05-09,United States of America,No_Event, ,202115,202015,2021-05-10,2020-05-11,1
202215,2022-05-10,United States of America,No_Event, ,202115,202015,2021-05-11,2020-05-12,1
202215,2022-05-11,United States of America,No_Event, ,202115,202015,2021-05-12,2020-05-13,1
202215,2022-05-12,United States of America,No_Event, ,202115,202015,2021-05-13,2020-05-14,1
202215,2022-05-13,United States of America,No_Event, ,202115,202015,2021-05-14,2020-05-15,1
202215,2022-05-14,United States of America,No_Event, ,202115,202015,2021-05-15,2020-05-16,1
202216,2022-05-15,United States of America,No_Event, ,202116,202016,2021-05-16,2020-05-17,1
202216,2022-05-16,United States of America,No_Event, ,202116,202016,2021-05-17,2020-05-18,1
202216,2022-05-17,United States of America,No_Event, ,202116,202016,2021-05-18,2020-05-19,1
202216,2022-05-18,United States of America,No_Event, ,202116,202016,2021-05-19,2020-05-20,1
202216,2022-05-19,United States of America,No_Event, ,202116,202016,2021-05-20,2020-05-21,1
202216,2022-05-20,United States of America,No_Event, ,202116,202016,2021-05-21,2020-05-22,1
202216,2022-05-21,United States of America,No_Event, ,202116,202016,2021-05-22,2020-05-23,1
202217,2022-05-22,United States of America,No_Event, ,202117,202017,2021-05-23,2020-05-24,1
202217,2022-05-23,United States of America,No_Event, ,202117,202017,2021-05-24,2020-05-25,1
202217,2022-05-24,United States of America,No_Event, ,202117,202017,2021-05-25,2020-05-26,1
202217,2022-05-25,United States of America,No_Event, ,202117,202017,2021-05-26,2020-05-27,1
202217,2022-05-26,United States of America,No_Event, ,202117,202017,2021-05-27,2020-05-28,1
202217,2022-05-27,United States of America,No_Event, ,202117,202017,2021-05-28,2020-05-29,1
202217,2022-05-28,United States of America,No_Event, ,202117,202017,2021-05-29,2020-05-30,1
202218,2022-05-29,United States of America,No_Event, ,202118,202018,2021-05-30,2020-05-31,1
202218,2022-05-30,United States of America,Memorial Day, ,202118,202018,2021-05-31,2020-06-01,1
202218,2022-05-31,United States of America,No_Event, ,202118,202018,2021-06-01,2020-06-02,1
202218,2022-06-01,United States of America,No_Event, ,202118,202018,2021-06-02,2020-06-03,1
202218,2022-06-02,United States of America,No_Event, ,202118,202018,2021-06-03,2020-06-04,1
202218,2022-06-03,United States of America,No_Event, ,202118,202018,2021-06-04,2020-06-05,1
202218,2022-06-04,United States of America,No_Event, ,202118,202018,2021-06-05,2020-06-06,1
202219,2022-06-05,United States of America,No_Event, ,202119,202019,2021-06-06,2020-06-07,1
202219,2022-06-06,United States of America,No_Event, ,202119,202019,2021-06-07,2020-06-08,1
202219,2022-06-07,United States of America,No_Event, ,202119,202019,2021-06-08,2020-06-09,1
202219,2022-06-08,United States of America,No_Event, ,202119,202019,2021-06-09,2020-06-10,1
202219,2022-06-09,United States of America,No_Event, ,202119,202019,2021-06-10,2020-06-11,1
202219,2022-06-10,United States of America,No_Event, ,202119,202019,2021-06-11,2020-06-12,1
202219,2022-06-11,United States of America,No_Event, ,202119,202019,2021-06-12,2020-06-13,1
202220,2022-06-12,United States of America,No_Event, ,202120,202020,2021-06-13,2020-06-14,1
202220,2022-06-13,United States of America,No_Event, ,202120,202020,2021-06-14,2020-06-15,1
202220,2022-06-14,United States of America,No_Event, ,202120,202020,2021-06-15,2020-06-16,1
202220,2022-06-15,United States of America,No_Event, ,202120,202020,2021-06-16,2020-06-17,1
202220,2022-06-16,United States of America,No_Event, ,202120,202020,2021-06-17,2020-06-18,1
202220,2022-06-17,United States of America,No_Event, ,202120,202020,2021-06-18,2020-06-19,1
202220,2022-06-18,United States of America,No_Event, ,202120,202020,2021-06-19,2020-06-20,1
202221,2022-06-19,United States of America,Fathers Day, ,202121,202021,2021-06-20,2020-06-21,1
202221,2022-06-20,United States of America,No_Event, ,202121,202021,2021-06-21,2020-06-22,1
202221,2022-06-21,United States of America,No_Event, ,202121,202021,2021-06-22,2020-06-23,1
202221,2022-06-22,United States of America,No_Event, ,202121,202021,2021-06-23,2020-06-24,1
202221,2022-06-23,United States of America,No_Event, ,202121,202021,2021-06-24,2020-06-25,1
202221,2022-06-24,United States of America,No_Event, ,202121,202021,2021-06-25,2020-06-26,1
202221,2022-06-25,United States of America,No_Event, ,202121,202021,2021-06-26,2020-06-27,1
202222,2022-06-26,United States of America,No_Event, ,202122,202022,2021-06-27,2020-06-28,1
202222,2022-06-27,United States of America,No_Event, ,202122,202022,2021-06-28,2020-06-29,1
202222,2022-06-28,United States of America,No_Event, ,202122,202022,2021-06-29,2020-06-30,1
202222,2022-06-29,United States of America,No_Event, ,202122,202022,2021-06-30,2020-07-01,1
202222,2022-06-30,United States of America,No_Event, ,202122,202022,2021-07-01,2020-07-02,1
202222,2022-07-01,United States of America,No_Event, ,202122,202022,2021-07-02,2020-07-03,1
202222,2022-07-02,United States of America,No_Event, ,202122,202022,2021-07-03,2020-07-04,1
202223,2022-07-03,United States of America,No_Event, ,202123,202023,2021-07-04,2020-07-05,1
202223,2022-07-04,United States of America,Independence Day, ,202123,202023,2021-07-05,2020-07-06,1
202223,2022-07-05,United States of America,No_Event, ,202123,202023,2021-07-06,2020-07-07,1
202223,2022-07-06,United States of America,No_Event, ,202123,202023,2021-07-07,2020-07-08,1
202223,2022-07-07,United States of America,No_Event, ,202123,202023,2021-07-08,2020-07-09,1
202223,2022-07-08,United States of America,No_Event, ,202123,202023,2021-07-09,2020-07-10,1
202223,2022-07-09,United States of America,No_Event, ,202123,202023,2021-07-10,2020-07-11,1
202224,2022-07-10,United States of America,No_Event, ,202124,202024,2021-07-11,2020-07-12,1
202224,2022-07-11,United States of America,No_Event, ,202124,202024,2021-07-12,2020-07-13,1
202224,2022-07-12,United States of America,No_Event, ,202124,202024,2021-07-13,2020-07-14,1
202224,2022-07-13,United States of America,No_Event, ,202124,202024,2021-07-14,2020-07-15,1
202224,2022-07-14,United States of America,No_Event, ,202124,202024,2021-07-15,2020-07-16,1
202224,2022-07-15,United States of America,No_Event, ,202124,202024,2021-07-16,2020-07-17,1
202224,2022-07-16,United States of America,No_Event, ,202124,202024,2021-07-17,2020-07-18,1
202225,2022-07-17,United States of America,No_Event, ,202125,202025,2021-07-18,2020-07-19,1
202225,2022-07-18,United States of America,No_Event, ,202125,202025,2021-07-19,2020-07-20,1
202225,2022-07-19,United States of America,No_Event, ,202125,202025,2021-07-20,2020-07-21,1
202225,2022-07-20,United States of America,No_Event, ,202125,202025,2021-07-21,2020-07-22,1
202225,2022-07-21,United States of America,No_Event, ,202125,202025,2021-07-22,2020-07-23,1
202225,2022-07-22,United States of America,No_Event, ,202125,202025,2021-07-23,2020-07-24,1
202225,2022-07-23,United States of America,No_Event, ,202125,202025,2021-07-24,2020-07-25,1
202226,2022-07-24,United States of America,No_Event, ,202126,202026,2021-07-25,2020-07-26,1
202226,2022-07-25,United States of America,No_Event, ,202126,202026,2021-07-26,2020-07-27,1
202226,2022-07-26,United States of America,No_Event, ,202126,202026,2021-07-27,2020-07-28,1
202226,2022-07-27,United States of America,No_Event, ,202126,202026,2021-07-28,2020-07-29,1
202226,2022-07-28,United States of America,No_Event, ,202126,202026,2021-07-29,2020-07-30,1
202226,2022-07-29,United States of America,No_Event, ,202126,202026,2021-07-30,2020-07-31,1
202226,2022-07-30,United States of America,No_Event, ,202126,202026,2021-07-31,2020-08-01,1
202227,2022-07-31,United States of America,No_Event, ,202127,202027,2021-08-01,2020-08-02,1
202227,2022-08-01,United States of America,No_Event, ,202127,202027,2021-08-02,2020-08-03,1
202227,2022-08-02,United States of America,No_Event, ,202127,202027,2021-08-03,2020-08-04,1
202227,2022-08-03,United States of America,No_Event, ,202127,202027,2021-08-04,2020-08-05,1
202227,2022-08-04,United States of America,No_Event, ,202127,202027,2021-08-05,2020-08-06,1
202227,2022-08-05,United States of America,No_Event, ,202127,202027,2021-08-06,2020-08-07,1
202227,2022-08-06,United States of America,No_Event, ,202127,202027,2021-08-07,2020-08-08,1
202228,2022-08-07,United States of America,No_Event, ,202128,202028,2021-08-08,2020-08-09,1
202228,2022-08-08,United States of America,No_Event, ,202128,202028,2021-08-09,2020-08-10,1
202228,2022-08-09,United States of America,No_Event, ,202128,202028,2021-08-10,2020-08-11,1
202228,2022-08-10,United States of America,No_Event, ,202128,202028,2021-08-11,2020-08-12,1
202228,2022-08-11,United States of America,No_Event, ,202128,202028,2021-08-12,2020-08-13,1
202228,2022-08-12,United States of America,No_Event, ,202128,202028,2021-08-13,2020-08-14,1
202228,2022-08-13,United States of America,No_Event, ,202128,202028,2021-08-14,2020-08-15,1
202229,2022-08-14,United States of America,No_Event, ,202129,202029,2021-08-15,2020-08-16,1
202229,2022-08-15,United States of America,No_Event, ,202129,202029,2021-08-16,2020-08-17,1
202229,2022-08-16,United States of America,No_Event, ,202129,202029,2021-08-17,2020-08-18,1
202229,2022-08-17,United States of America,No_Event, ,202129,202029,2021-08-18,2020-08-19,1
202229,2022-08-18,United States of America,No_Event, ,202129,202029,2021-08-19,2020-08-20,1
202229,2022-08-19,United States of America,No_Event, ,202129,202029,2021-08-20,2020-08-21,1
202229,2022-08-20,United States of America,No_Event, ,202129,202029,2021-08-21,2020-08-22,1
202230,2022-08-21,United States of America,No_Event, ,202130,202030,2021-08-22,2020-08-23,1
202230,2022-08-22,United States of America,No_Event, ,202130,202030,2021-08-23,2020-08-24,1
202230,2022-08-23,United States of America,No_Event, ,202130,202030,2021-08-24,2020-08-25,1
202230,2022-08-24,United States of America,No_Event, ,202130,202030,2021-08-25,2020-08-26,1
202230,2022-08-25,United States of America,No_Event, ,202130,202030,2021-08-26,2020-08-27,1
202230,2022-08-26,United States of America,No_Event, ,202130,202030,2021-08-27,2020-08-28,1
202230,2022-08-27,United States of America,No_Event, ,202130,202030,2021-08-28,2020-08-29,1
202231,2022-08-28,United States of America,No_Event, ,202131,202031,2021-08-29,2020-08-30,1
202231,2022-08-29,United States of America,No_Event, ,202131,202031,2021-08-30,2020-08-31,1
202231,2022-08-30,United States of America,No_Event, ,202131,202031,2021-08-31,2020-09-01,1
202231,2022-08-31,United States of America,No_Event, ,202131,202031,2021-09-01,2020-09-02,1
202231,2022-09-01,United States of America,No_Event, ,202131,202031,2021-09-02,2020-09-03,1
202231,2022-09-02,United States of America,No_Event, ,202131,202031,2021-09-03,2020-09-04,1
202231,2022-09-03,United States of America,No_Event, ,202131,202031,2021-09-04,2020-09-05,1
202232,2022-09-04,United States of America,No_Event, ,202132,202032,2021-09-05,2020-09-06,1
202232,2022-09-05,United States of America,Labour Day, ,202132,202032,2021-09-06,2020-09-07,1
202232,2022-09-06,United States of America,No_Event, ,202132,202032,2021-09-07,2020-09-08,1
202232,2022-09-07,United States of America,No_Event, ,202132,202032,2021-09-08,2020-09-09,1
202232,2022-09-08,United States of America,No_Event, ,202132,202032,2021-09-09,2020-09-10,1
202232,2022-09-09,United States of America,No_Event, ,202132,202032,2021-09-10,2020-09-11,1
202232,2022-09-10,United States of America,No_Event, ,202132,202032,2021-09-11,2020-09-12,1
202233,2022-09-11,United States of America,No_Event, ,202133,202033,2021-09-12,2020-09-13,1
202233,2022-09-12,United States of America,No_Event, ,202133,202033,2021-09-13,2020-09-14,1
202233,2022-09-13,United States of America,No_Event, ,202133,202033,2021-09-14,2020-09-15,1
202233,2022-09-14,United States of America,No_Event, ,202133,202033,2021-09-15,2020-09-16,1
202233,2022-09-15,United States of America,No_Event, ,202133,202033,2021-09-16,2020-09-17,1
202233,2022-09-16,United States of America,No_Event, ,202133,202033,2021-09-17,2020-09-18,1
202233,2022-09-17,United States of America,No_Event, ,202133,202033,2021-09-18,2020-09-19,1
202234,2022-09-18,United States of America,No_Event, ,202134,202034,2021-09-19,2020-09-20,1
202234,2022-09-19,United States of America,No_Event, ,202134,202034,2021-09-20,2020-09-21,1
202234,2022-09-20,United States of America,No_Event, ,202134,202034,2021-09-21,2020-09-22,1
202234,2022-09-21,United States of America,No_Event, ,202134,202034,2021-09-22,2020-09-23,1
202234,2022-09-22,United States of America,No_Event, ,202134,202034,2021-09-23,2020-09-24,1
202234,2022-09-23,United States of America,No_Event, ,202134,202034,2021-09-24,2020-09-25,1
202234,2022-09-24,United States of America,No_Event, ,202134,202034,2021-09-25,2020-09-26,1
202235,2022-09-25,United States of America,No_Event, ,202135,202035,2021-09-26,2020-09-27,1
202235,2022-09-26,United States of America,No_Event, ,202135,202035,2021-09-27,2020-09-28,1
202235,2022-09-27,United States of America,No_Event, ,202135,202035,2021-09-28,2020-09-29,1
202235,2022-09-28,United States of America,No_Event, ,202135,202035,2021-09-29,2020-09-30,1
202235,2022-09-29,United States of America,No_Event, ,202135,202035,2021-09-30,2020-10-01,1
202235,2022-09-30,United States of America,No_Event, ,202135,202035,2021-10-01,2020-10-02,1
202235,2022-10-01,United States of America,No_Event, ,202135,202035,2021-10-02,2020-10-03,1
202236,2022-10-02,United States of America,No_Event, ,202136,202036,2021-10-03,2020-10-04,1
202236,2022-10-03,United States of America,No_Event, ,202136,202036,2021-10-04,2020-10-05,1
202236,2022-10-04,United States of America,No_Event, ,202136,202036,2021-10-05,2020-10-06,1
202236,2022-10-05,United States of America,No_Event, ,202136,202036,2021-10-06,2020-10-07,1
202236,2022-10-06,United States of America,No_Event, ,202136,202036,2021-10-07,2020-10-08,1
202236,2022-10-07,United States of America,No_Event, ,202136,202036,2021-10-08,2020-10-09,1
202236,2022-10-08,United States of America,No_Event, ,202136,202036,2021-10-09,2020-10-10,1
202237,2022-10-09,United States of America,No_Event, ,202137,202037,2021-10-10,2020-10-11,1
202237,2022-10-10,United States of America,Columbus Day, ,202137,202037,2021-10-11,2020-10-12,1
202237,2022-10-11,United States of America,No_Event, ,202137,202037,2021-10-12,2020-10-13,1
202237,2022-10-12,United States of America,No_Event, ,202137,202037,2021-10-13,2020-10-14,1
202237,2022-10-13,United States of America,No_Event, ,202137,202037,2021-10-14,2020-10-15,1
202237,2022-10-14,United States of America,No_Event, ,202137,202037,2021-10-15,2020-10-16,1
202237,2022-10-15,United States of America,No_Event, ,202137,202037,2021-10-16,2020-10-17,1
202238,2022-10-16,United States of America,No_Event, ,202138,202038,2021-10-17,2020-10-18,1
202238,2022-10-17,United States of America,No_Event, ,202138,202038,2021-10-18,2020-10-19,1
202238,2022-10-18,United States of America,No_Event, ,202138,202038,2021-10-19,2020-10-20,1
202238,2022-10-19,United States of America,No_Event, ,202138,202038,2021-10-20,2020-10-21,1
202238,2022-10-20,United States of America,No_Event, ,202138,202038,2021-10-21,2020-10-22,1
202238,2022-10-21,United States of America,No_Event, ,202138,202038,2021-10-22,2020-10-23,1
202238,2022-10-22,United States of America,No_Event, ,202138,202038,2021-10-23,2020-10-24,1
202239,2022-10-23,United States of America,No_Event, ,202139,202039,2021-10-24,2020-10-25,1
202239,2022-10-24,United States of America,No_Event, ,202139,202039,2021-10-25,2020-10-26,1
202239,2022-10-25,United States of America,No_Event, ,202139,202039,2021-10-26,2020-10-27,1
202239,2022-10-26,United States of America,No_Event, ,202139,202039,2021-10-27,2020-10-28,1
202239,2022-10-27,United States of America,No_Event, ,202139,202039,2021-10-28,2020-10-29,1
202239,2022-10-28,United States of America,No_Event, ,202139,202039,2021-10-29,2020-10-30,1
202239,2022-10-29,United States of America,No_Event, ,202139,202039,2021-10-30,2020-10-31,1
202240,2022-10-30,United States of America,No_Event, ,202140,202040,2021-10-31,2020-11-01,1
202240,2022-10-31,United States of America,Halloween, ,202140,202040,2021-11-01,2020-11-02,1
202240,2022-11-01,United States of America,No_Event, ,202140,202040,2021-11-02,2020-11-03,1
202240,2022-11-02,United States of America,No_Event, ,202140,202040,2021-11-03,2020-11-04,1
202240,2022-11-03,United States of America,No_Event, ,202140,202040,2021-11-04,2020-11-05,1
202240,2022-11-04,United States of America,No_Event, ,202140,202040,2021-11-05,2020-11-06,1
202240,2022-11-05,United States of America,No_Event, ,202140,202040,2021-11-06,2020-11-07,1
202241,2022-11-06,United States of America,No_Event, ,202141,202041,2021-11-07,2020-11-08,1
202241,2022-11-07,United States of America,No_Event, ,202141,202041,2021-11-08,2020-11-09,1
202241,2022-11-08,United States of America,No_Event, ,202141,202041,2021-11-09,2020-11-10,1
202241,2022-11-09,United States of America,No_Event, ,202141,202041,2021-11-10,2020-11-11,1
202241,2022-11-10,United States of America,No_Event, ,202141,202041,2021-11-11,2020-11-12,1
202241,2022-11-11,United States of America,No_Event, ,202141,202041,2021-11-12,2020-11-13,1
202241,2022-11-12,United States of America,No_Event, ,202141,202041,2021-11-13,2020-11-14,1
202242,2022-11-13,United States of America,No_Event, ,202142,202042,2021-11-14,2020-11-15,1
202242,2022-11-14,United States of America,No_Event, ,202142,202042,2021-11-15,2020-11-16,1
202242,2022-11-15,United States of America,No_Event, ,202142,202042,2021-11-16,2020-11-17,1
202242,2022-11-16,United States of America,No_Event, ,202142,202042,2021-11-17,2020-11-18,1
202242,2022-11-17,United States of America,No_Event, ,202142,202042,2021-11-18,2020-11-19,1
202242,2022-11-18,United States of America,No_Event, ,202142,202042,2021-11-19,2020-11-20,1
202242,2022-11-19,United States of America,No_Event, ,202142,202042,2021-11-20,2020-11-21,1
202243,2022-11-20,United States of America,No_Event, ,202143,202043,2021-11-21,2020-11-22,1
202243,2022-11-21,United States of America,No_Event, ,202143,202043,2021-11-22,2020-11-23,1
202243,2022-11-22,United States of America,No_Event, ,202143,202043,2021-11-23,2020-11-24,1
202243,2022-11-23,United States of America,No_Event, ,202143,202043,2021-11-24,2020-11-25,1
202243,2022-11-24,United States of America,Thanksgiving, ,202143,202043,2021-11-25,2020-11-26,1
202243,2022-11-25,United States of America,No_Event, ,202143,202043,2021-11-26,2020-11-27,1
202243,2022-11-26,United States of America,No_Event, ,202143,202043,2021-11-27,2020-11-28,1
202244,2022-11-27,United States of America,No_Event, ,202144,202044,2021-11-28,2020-11-29,1
202244,2022-11-28,United States of America,No_Event, ,202144,202044,2021-11-29,2020-11-30,1
202244,2022-11-29,United States of America,No_Event, ,202144,202044,2021-11-30,2020-12-01,1
202244,2022-11-30,United States of America,No_Event, ,202144,202044,2021-12-01,2020-12-02,1
202244,2022-12-01,United States of America,No_Event, ,202144,202044,2021-12-02,2020-12-03,1
202244,2022-12-02,United States of America,No_Event, ,202144,202044,2021-12-03,2020-12-04,1
202244,2022-12-03,United States of America,No_Event, ,202144,202044,2021-12-04,2020-12-05,1
202245,2022-12-04,United States of America,No_Event, ,202145,202045,2021-12-05,2020-12-06,1
202245,2022-12-05,United States of America,No_Event, ,202145,202045,2021-12-06,2020-12-07,1
202245,2022-12-06,United States of America,No_Event, ,202145,202045,2021-12-07,2020-12-08,1
202245,2022-12-07,United States of America,No_Event, ,202145,202045,2021-12-08,2020-12-09,1
202245,2022-12-08,United States of America,No_Event, ,202145,202045,2021-12-09,2020-12-10,1
202245,2022-12-09,United States of America,No_Event, ,202145,202045,2021-12-10,2020-12-11,1
202245,2022-12-10,United States of America,No_Event, ,202145,202045,2021-12-11,2020-12-12,1
202246,2022-12-11,United States of America,No_Event, ,202146,202046,2021-12-12,2020-12-13,1
202246,2022-12-12,United States of America,No_Event, ,202146,202046,2021-12-13,2020-12-14,1
202246,2022-12-13,United States of America,No_Event, ,202146,202046,2021-12-14,2020-12-15,1
202246,2022-12-14,United States of America,No_Event, ,202146,202046,2021-12-15,2020-12-16,1
202246,2022-12-15,United States of America,No_Event, ,202146,202046,2021-12-16,2020-12-17,1
202246,2022-12-16,United States of America,No_Event, ,202146,202046,2021-12-17,2020-12-18,1
202246,2022-12-17,United States of America,No_Event, ,202146,202046,2021-12-18,2020-12-19,1
202247,2022-12-18,United States of America,No_Event, ,202147,202047,2021-12-19,2020-12-20,1
202247,2022-12-19,United States of America,No_Event, ,202147,202047,2021-12-20,2020-12-21,1
202247,2022-12-20,United States of America,No_Event, ,202147,202047,2021-12-21,2020-12-22,1
202247,2022-12-21,United States of America,No_Event, ,202147,202047,2021-12-22,2020-12-23,1
202247,2022-12-22,United States of America,No_Event, ,202147,202047,2021-12-23,2020-12-24,1
202247,2022-12-23,United States of America,No_Event, ,202147,202047,2021-12-24,2020-12-25,1
202247,2022-12-24,United States of America,No_Event, ,202147,202047,2021-12-25,2020-12-26,1
202248,2022-12-25,United States of America,Christmas, ,202148,202048,2021-12-26,2020-12-27,1
202248,2022-12-26,United States of America,No_Event, ,202148,202048,2021-12-27,2020-12-28,1
202248,2022-12-27,United States of America,No_Event, ,202148,202048,2021-12-28,2020-12-29,1
202248,2022-12-28,United States of America,No_Event, ,202148,202048,2021-12-29,2020-12-30,1
202248,2022-12-29,United States of America,No_Event, ,202148,202048,2021-12-30,2020-12-31,1
202248,2022-12-30,United States of America,No_Event, ,202148,202048,2021-12-31,2021-01-01,1
202248,2022-12-31,United States of America,No_Event, ,202148,202048,2022-01-01,2021-01-02,1
202249,2023-01-01,United States of America,No_Event, ,202149,202049,2022-01-02,2021-01-03,1
202249,2023-01-02,United States of America,No_Event, ,202149,202049,2022-01-03,2021-01-04,1
202249,2023-01-03,United States of America,No_Event, ,202149,202049,2022-01-04,2021-01-05,1
202249,2023-01-04,United States of America,No_Event, ,202149,202049,2022-01-05,2021-01-06,1
202249,2023-01-05,United States of America,No_Event, ,202149,202049,2022-01-06,2021-01-07,1
202249,2023-01-06,United States of America,No_Event, ,202149,202049,2022-01-07,2021-01-08,1
202249,2023-01-07,United States of America,No_Event, ,202149,202049,2022-01-08,2021-01-09,1
202250,2023-01-08,United States of America,No_Event, ,202150,202050,2022-01-09,2021-01-10,1
202250,2023-01-09,United States of America,No_Event, ,202150,202050,2022-01-10,2021-01-11,1
202250,2023-01-10,United States of America,No_Event, ,202150,202050,2022-01-11,2021-01-12,1
202250,2023-01-11,United States of America,Winter Warm Up, ,202150,202050,2022-01-12,2021-01-13,1
202250,2023-01-12,United States of America,Winter Warm Up, ,202150,202050,2022-01-13,2021-01-14,1
202250,2023-01-13,United States of America,Winter Warm Up, ,202150,202050,2022-01-14,2021-01-15,1
202250,2023-01-14,United States of America,Winter Warm Up, ,202150,202050,2022-01-15,2021-01-16,1
202251,2023-01-15,United States of America,Winter Warm Up, ,202151,202051,2022-01-16,2021-01-17,1
202251,2023-01-16,United States of America,MLK Day, ,202151,202051,2022-01-17,2021-01-18,1
202251,2023-01-17,United States of America,No_Event, ,202151,202051,2022-01-18,2021-01-19,1
202251,2023-01-18,United States of America,No_Event, ,202151,202051,2022-01-19,2021-01-20,1
202251,2023-01-19,United States of America,No_Event, ,202151,202051,2022-01-20,2021-01-21,1
202251,2023-01-20,United States of America,No_Event, ,202151,202051,2022-01-21,2021-01-22,1
202251,2023-01-21,United States of America,No_Event, ,202151,202051,2022-01-22,2021-01-23,1
202252,2023-01-22,United States of America,No_Event, ,202152,202052,2022-01-23,2021-01-24,1
202252,2023-01-23,United States of America,No_Event, ,202152,202052,2022-01-24,2021-01-25,1
202252,2023-01-24,United States of America,No_Event, ,202152,202052,2022-01-25,2021-01-26,1
202252,2023-01-25,United States of America,No_Event, ,202152,202052,2022-01-26,2021-01-27,1
202252,2023-01-26,United States of America,No_Event, ,202152,202052,2022-01-27,2021-01-28,1
202252,2023-01-27,United States of America,No_Event, ,202152,202052,2022-01-28,2021-01-29,1
202252,2023-01-28,United States of America,No_Event, ,202152,202052,2022-01-29,2021-01-30,1
202301,2023-01-29,United States of America,No_Event, ,202201,202101,2022-01-30,2021-01-31,1
202301,2023-01-30,United States of America,No_Event, ,202201,202101,2022-01-31,2021-02-01,1
202301,2023-01-31,United States of America,No_Event, ,202201,202101,2022-02-01,2021-02-02,1
202301,2023-02-01,United States of America,No_Event, ,202201,202101,2022-02-02,2021-02-03,1
202301,2023-02-02,United States of America,No_Event, ,202201,202101,2022-02-03,2021-02-04,1
202301,2023-02-03,United States of America,No_Event, ,202201,202101,2022-02-04,2021-02-05,1
202301,2023-02-04,United States of America,No_Event, ,202201,202101,2022-02-05,2021-02-06,1
202302,2023-02-05,United States of America,No_Event, ,202202,202102,2022-02-06,2021-02-07,1
202302,2023-02-06,United States of America,No_Event, ,202202,202102,2022-02-07,2021-02-08,1
202302,2023-02-07,United States of America,No_Event, ,202202,202102,2022-02-08,2021-02-09,1
202302,2023-02-08,United States of America,No_Event, ,202202,202102,2022-02-09,2021-02-10,1
202302,2023-02-09,United States of America,No_Event, ,202202,202102,2022-02-10,2021-02-11,1
202302,2023-02-10,United States of America,No_Event, ,202202,202102,2022-02-11,2021-02-12,1
202302,2023-02-11,United States of America,No_Event, ,202202,202102,2022-02-12,2021-02-13,1
202303,2023-02-12,United States of America,No_Event, ,202203,202103,2022-02-13,2021-02-14,1
202303,2023-02-13,United States of America,No_Event, ,202203,202103,2022-02-14,2021-02-15,1
202303,2023-02-14,United States of America,Valentines Day, ,202203,202103,2022-02-15,2021-02-16,1
202303,2023-02-15,United States of America,No_Event, ,202203,202103,2022-02-16,2021-02-17,1
202303,2023-02-16,United States of America,No_Event, ,202203,202103,2022-02-17,2021-02-18,1
202303,2023-02-17,United States of America,No_Event, ,202203,202103,2022-02-18,2021-02-19,1
202303,2023-02-18,United States of America,No_Event, ,202203,202103,2022-02-19,2021-02-20,1
202304,2023-02-19,United States of America,No_Event, ,202204,202104,2022-02-20,2021-02-21,1
202304,2023-02-20,United States of America,Presidents Day, ,202204,202104,2022-02-21,2021-02-22,1
202304,2023-02-21,United States of America,No_Event, ,202204,202104,2022-02-22,2021-02-23,1
202304,2023-02-22,United States of America,No_Event, ,202204,202104,2022-02-23,2021-02-24,1
202304,2023-02-23,United States of America,No_Event, ,202204,202104,2022-02-24,2021-02-25,1
202304,2023-02-24,United States of America,No_Event, ,202204,202104,2022-02-25,2021-02-26,1
202304,2023-02-25,United States of America,No_Event, ,202204,202104,2022-02-26,2021-02-27,1
202305,2023-02-26,United States of America,No_Event, ,202205,202105,2022-02-27,2021-02-28,1
202305,2023-02-27,United States of America,No_Event, ,202205,202105,2022-02-28,2021-03-01,1
202305,2023-02-28,United States of America,No_Event, ,202205,202105,2022-03-01,2021-03-02,1
202305,2023-03-01,United States of America,No_Event, ,202205,202105,2022-03-02,2021-03-03,1
202305,2023-03-02,United States of America,No_Event, ,202205,202105,2022-03-03,2021-03-04,1
202305,2023-03-03,United States of America,No_Event, ,202205,202105,2022-03-04,2021-03-05,1
202305,2023-03-04,United States of America,No_Event, ,202205,202105,2022-03-05,2021-03-06,1
202306,2023-03-05,United States of America,No_Event, ,202206,202106,2022-03-06,2021-03-07,1
202306,2023-03-06,United States of America,No_Event, ,202206,202106,2022-03-07,2021-03-08,1
202306,2023-03-07,United States of America,No_Event, ,202206,202106,2022-03-08,2021-03-09,1
202306,2023-03-08,United States of America,No_Event, ,202206,202106,2022-03-09,2021-03-10,1
202306,2023-03-09,United States of America,No_Event, ,202206,202106,2022-03-10,2021-03-11,1
202306,2023-03-10,United States of America,No_Event, ,202206,202106,2022-03-11,2021-03-12,1
202306,2023-03-11,United States of America,No_Event, ,202206,202106,2022-03-12,2021-03-13,1
202307,2023-03-12,United States of America,No_Event, ,202207,202107,2022-03-13,2021-03-14,1
202307,2023-03-13,United States of America,No_Event, ,202207,202107,2022-03-14,2021-03-15,1
202307,2023-03-14,United States of America,No_Event, ,202207,202107,2022-03-15,2021-03-16,1
202307,2023-03-15,United States of America,No_Event, ,202207,202107,2022-03-16,2021-03-17,1
202307,2023-03-16,United States of America,No_Event, ,202207,202107,2022-03-17,2021-03-18,1
202307,2023-03-17,United States of America,No_Event, ,202207,202107,2022-03-18,2021-03-19,1
202307,2023-03-18,United States of America,No_Event, ,202207,202107,2022-03-19,2021-03-20,1
202308,2023-03-19,United States of America,No_Event, ,202208,202108,2022-03-20,2021-03-21,1
202308,2023-03-20,United States of America,No_Event, ,202208,202108,2022-03-21,2021-03-22,1
202308,2023-03-21,United States of America,No_Event, ,202208,202108,2022-03-22,2021-03-23,1
202308,2023-03-22,United States of America,No_Event, ,202208,202108,2022-03-23,2021-03-24,1
202308,2023-03-23,United States of America,No_Event, ,202208,202108,2022-03-24,2021-03-25,1
202308,2023-03-24,United States of America,No_Event, ,202208,202108,2022-03-25,2021-03-26,1
202308,2023-03-25,United States of America,No_Event, ,202208,202108,2022-03-26,2021-03-27,1
202309,2023-03-26,United States of America,No_Event, ,202209,202109,2022-03-27,2021-03-28,1
202309,2023-03-27,United States of America,No_Event, ,202209,202109,2022-03-28,2021-03-29,1
202309,2023-03-28,United States of America,No_Event, ,202209,202109,2022-03-29,2021-03-30,1
202309,2023-03-29,United States of America,No_Event, ,202209,202109,2022-03-30,2021-03-31,1
202309,2023-03-30,United States of America,No_Event, ,202209,202109,2022-03-31,2021-04-01,1
202309,2023-03-31,United States of America,No_Event, ,202209,202109,2022-04-01,2021-04-02,1
202309,2023-04-01,United States of America,No_Event, ,202209,202109,2022-04-02,2021-04-03,1
202310,2023-04-02,United States of America,No_Event, ,202210,202110,2022-04-03,2021-04-04,1
202310,2023-04-03,United States of America,No_Event, ,202210,202110,2022-04-04,2021-04-05,1
202310,2023-04-04,United States of America,No_Event, ,202210,202110,2022-04-05,2021-04-06,1
202310,2023-04-05,United States of America,No_Event, ,202210,202110,2022-04-06,2021-04-07,1
202310,2023-04-06,United States of America,No_Event, ,202210,202110,2022-04-07,2021-04-08,1
202310,2023-04-07,United States of America,Good Friday, ,202210,202110,2022-04-08,2021-04-09,1
202310,2023-04-08,United States of America,No_Event, ,202210,202110,2022-04-09,2021-04-10,1
202311,2023-04-09,United States of America,Easter, ,202211,202111,2022-04-10,2021-04-11,1
202311,2023-04-10,United States of America,No_Event, ,202211,202111,2022-04-11,2021-04-12,1
202311,2023-04-11,United States of America,No_Event, ,202211,202111,2022-04-12,2021-04-13,1
202311,2023-04-12,United States of America,No_Event, ,202211,202111,2022-04-13,2021-04-14,1
202311,2023-04-13,United States of America,No_Event, ,202211,202111,2022-04-14,2021-04-15,1
202311,2023-04-14,United States of America,No_Event, ,202211,202111,2022-04-15,2021-04-16,1
202311,2023-04-15,United States of America,No_Event, ,202211,202111,2022-04-16,2021-04-17,1
202312,2023-04-16,United States of America,No_Event, ,202212,202112,2022-04-17,2021-04-18,1
202312,2023-04-17,United States of America,No_Event, ,202212,202112,2022-04-18,2021-04-19,1
202312,2023-04-18,United States of America,No_Event, ,202212,202112,2022-04-19,2021-04-20,1
202312,2023-04-19,United States of America,No_Event, ,202212,202112,2022-04-20,2021-04-21,1
202312,2023-04-20,United States of America,No_Event, ,202212,202112,2022-04-21,2021-04-22,1
202312,2023-04-21,United States of America,No_Event, ,202212,202112,2022-04-22,2021-04-23,1
202312,2023-04-22,United States of America,No_Event, ,202212,202112,2022-04-23,2021-04-24,1
202313,2023-04-23,United States of America,No_Event, ,202213,202113,2022-04-24,2021-04-25,1
202313,2023-04-24,United States of America,No_Event, ,202213,202113,2022-04-25,2021-04-26,1
202313,2023-04-25,United States of America,No_Event, ,202213,202113,2022-04-26,2021-04-27,1
202313,2023-04-26,United States of America,No_Event, ,202213,202113,2022-04-27,2021-04-28,1
202313,2023-04-27,United States of America,No_Event, ,202213,202113,2022-04-28,2021-04-29,1
202313,2023-04-28,United States of America,No_Event, ,202213,202113,2022-04-29,2021-04-30,1
202313,2023-04-29,United States of America,No_Event, ,202213,202113,2022-04-30,2021-05-01,1
202314,2023-04-30,United States of America,No_Event, ,202214,202114,2022-05-01,2021-05-02,1
202314,2023-05-01,United States of America,No_Event, ,202214,202114,2022-05-02,2021-05-03,1
202314,2023-05-02,United States of America,No_Event, ,202214,202114,2022-05-03,2021-05-04,1
202314,2023-05-03,United States of America,No_Event, ,202214,202114,2022-05-04,2021-05-05,1
202314,2023-05-04,United States of America,No_Event, ,202214,202114,2022-05-05,2021-05-06,1
202314,2023-05-05,United States of America,No_Event, ,202214,202114,2022-05-06,2021-05-07,1
202314,2023-05-06,United States of America,No_Event, ,202214,202114,2022-05-07,2021-05-08,1
202315,2023-05-07,United States of America,No_Event, ,202215,202115,2022-05-08,2021-05-09,1
202315,2023-05-08,United States of America,No_Event, ,202215,202115,2022-05-09,2021-05-10,1
202315,2023-05-09,United States of America,No_Event, ,202215,202115,2022-05-10,2021-05-11,1
202315,2023-05-10,United States of America,No_Event, ,202215,202115,2022-05-11,2021-05-12,1
202315,2023-05-11,United States of America,No_Event, ,202215,202115,2022-05-12,2021-05-13,1
202315,2023-05-12,United States of America,No_Event, ,202215,202115,2022-05-13,2021-05-14,1
202315,2023-05-13,United States of America,No_Event, ,202215,202115,2022-05-14,2021-05-15,1
202316,2023-05-14,United States of America,Mothers Day, ,202216,202116,2022-05-15,2021-05-16,1
202316,2023-05-15,United States of America,No_Event, ,202216,202116,2022-05-16,2021-05-17,1
202316,2023-05-16,United States of America,No_Event, ,202216,202116,2022-05-17,2021-05-18,1
202316,2023-05-17,United States of America,No_Event, ,202216,202116,2022-05-18,2021-05-19,1
202316,2023-05-18,United States of America,No_Event, ,202216,202116,2022-05-19,2021-05-20,1
202316,2023-05-19,United States of America,No_Event, ,202216,202116,2022-05-20,2021-05-21,1
202316,2023-05-20,United States of America,No_Event, ,202216,202116,2022-05-21,2021-05-22,1
202317,2023-05-21,United States of America,No_Event, ,202217,202117,2022-05-22,2021-05-23,1
202317,2023-05-22,United States of America,No_Event, ,202217,202117,2022-05-23,2021-05-24,1
202317,2023-05-23,United States of America,No_Event, ,202217,202117,2022-05-24,2021-05-25,1
202317,2023-05-24,United States of America,No_Event, ,202217,202117,2022-05-25,2021-05-26,1
202317,2023-05-25,United States of America,No_Event, ,202217,202117,2022-05-26,2021-05-27,1
202317,2023-05-26,United States of America,No_Event, ,202217,202117,2022-05-27,2021-05-28,1
202317,2023-05-27,United States of America,No_Event, ,202217,202117,2022-05-28,2021-05-29,1
202318,2023-05-28,United States of America,No_Event, ,202218,202118,2022-05-29,2021-05-30,1
202318,2023-05-29,United States of America,Memorial Day, ,202218,202118,2022-05-30,2021-05-31,1
202318,2023-05-30,United States of America,No_Event, ,202218,202118,2022-05-31,2021-06-01,1
202318,2023-05-31,United States of America,No_Event, ,202218,202118,2022-06-01,2021-06-02,1
202318,2023-06-01,United States of America,No_Event, ,202218,202118,2022-06-02,2021-06-03,1
202318,2023-06-02,United States of America,No_Event, ,202218,202118,2022-06-03,2021-06-04,1
202318,2023-06-03,United States of America,No_Event, ,202218,202118,2022-06-04,2021-06-05,1
202319,2023-06-04,United States of America,No_Event, ,202219,202119,2022-06-05,2021-06-06,1
202319,2023-06-05,United States of America,No_Event, ,202219,202119,2022-06-06,2021-06-07,1
202319,2023-06-06,United States of America,No_Event, ,202219,202119,2022-06-07,2021-06-08,1
202319,2023-06-07,United States of America,No_Event, ,202219,202119,2022-06-08,2021-06-09,1
202319,2023-06-08,United States of America,No_Event, ,202219,202119,2022-06-09,2021-06-10,1
202319,2023-06-09,United States of America,No_Event, ,202219,202119,2022-06-10,2021-06-11,1
202319,2023-06-10,United States of America,No_Event, ,202219,202119,2022-06-11,2021-06-12,1
202320,2023-06-11,United States of America,No_Event, ,202220,202120,2022-06-12,2021-06-13,1
202320,2023-06-12,United States of America,No_Event, ,202220,202120,2022-06-13,2021-06-14,1
202320,2023-06-13,United States of America,No_Event, ,202220,202120,2022-06-14,2021-06-15,1
202320,2023-06-14,United States of America,No_Event, ,202220,202120,2022-06-15,2021-06-16,1
202320,2023-06-15,United States of America,No_Event, ,202220,202120,2022-06-16,2021-06-17,1
202320,2023-06-16,United States of America,No_Event, ,202220,202120,2022-06-17,2021-06-18,1
202320,2023-06-17,United States of America,No_Event, ,202220,202120,2022-06-18,2021-06-19,1
202321,2023-06-18,United States of America,Fathers Day, ,202221,202121,2022-06-19,2021-06-20,1
202321,2023-06-19,United States of America,No_Event, ,202221,202121,2022-06-20,2021-06-21,1
202321,2023-06-20,United States of America,No_Event, ,202221,202121,2022-06-21,2021-06-22,1
202321,2023-06-21,United States of America,No_Event, ,202221,202121,2022-06-22,2021-06-23,1
202321,2023-06-22,United States of America,No_Event, ,202221,202121,2022-06-23,2021-06-24,1
202321,2023-06-23,United States of America,No_Event, ,202221,202121,2022-06-24,2021-06-25,1
202321,2023-06-24,United States of America,No_Event, ,202221,202121,2022-06-25,2021-06-26,1
202322,2023-06-25,United States of America,No_Event, ,202222,202122,2022-06-26,2021-06-27,1
202322,2023-06-26,United States of America,No_Event, ,202222,202122,2022-06-27,2021-06-28,1
202322,2023-06-27,United States of America,No_Event, ,202222,202122,2022-06-28,2021-06-29,1
202322,2023-06-28,United States of America,No_Event, ,202222,202122,2022-06-29,2021-06-30,1
202322,2023-06-29,United States of America,No_Event, ,202222,202122,2022-06-30,2021-07-01,1
202322,2023-06-30,United States of America,No_Event, ,202222,202122,2022-07-01,2021-07-02,1
202322,2023-07-01,United States of America,No_Event, ,202222,202122,2022-07-02,2021-07-03,1
202323,2023-07-02,United States of America,No_Event, ,202223,202123,2022-07-03,2021-07-04,1
202323,2023-07-03,United States of America,No_Event, ,202223,202123,2022-07-04,2021-07-05,1
202323,2023-07-04,United States of America,Independence Day, ,202223,202123,2022-07-05,2021-07-06,1
202323,2023-07-05,United States of America,No_Event, ,202223,202123,2022-07-06,2021-07-07,1
202323,2023-07-06,United States of America,No_Event, ,202223,202123,2022-07-07,2021-07-08,1
202323,2023-07-07,United States of America,No_Event, ,202223,202123,2022-07-08,2021-07-09,1
202323,2023-07-08,United States of America,No_Event, ,202223,202123,2022-07-09,2021-07-10,1
202324,2023-07-09,United States of America,No_Event, ,202224,202124,2022-07-10,2021-07-11,1
202324,2023-07-10,United States of America,No_Event, ,202224,202124,2022-07-11,2021-07-12,1
202324,2023-07-11,United States of America,No_Event, ,202224,202124,2022-07-12,2021-07-13,1
202324,2023-07-12,United States of America,No_Event, ,202224,202124,2022-07-13,2021-07-14,1
202324,2023-07-13,United States of America,No_Event, ,202224,202124,2022-07-14,2021-07-15,1
202324,2023-07-14,United States of America,No_Event, ,202224,202124,2022-07-15,2021-07-16,1
202324,2023-07-15,United States of America,No_Event, ,202224,202124,2022-07-16,2021-07-17,1
202325,2023-07-16,United States of America,No_Event, ,202225,202125,2022-07-17,2021-07-18,1
202325,2023-07-17,United States of America,No_Event, ,202225,202125,2022-07-18,2021-07-19,1
202325,2023-07-18,United States of America,No_Event, ,202225,202125,2022-07-19,2021-07-20,1
202325,2023-07-19,United States of America,No_Event, ,202225,202125,2022-07-20,2021-07-21,1
202325,2023-07-20,United States of America,No_Event, ,202225,202125,2022-07-21,2021-07-22,1
202325,2023-07-21,United States of America,No_Event, ,202225,202125,2022-07-22,2021-07-23,1
202325,2023-07-22,United States of America,No_Event, ,202225,202125,2022-07-23,2021-07-24,1
202326,2023-07-23,United States of America,No_Event, ,202226,202126,2022-07-24,2021-07-25,1
202326,2023-07-24,United States of America,No_Event, ,202226,202126,2022-07-25,2021-07-26,1
202326,2023-07-25,United States of America,No_Event, ,202226,202126,2022-07-26,2021-07-27,1
202326,2023-07-26,United States of America,No_Event, ,202226,202126,2022-07-27,2021-07-28,1
202326,2023-07-27,United States of America,No_Event, ,202226,202126,2022-07-28,2021-07-29,1
202326,2023-07-28,United States of America,No_Event, ,202226,202126,2022-07-29,2021-07-30,1
202326,2023-07-29,United States of America,No_Event, ,202226,202126,2022-07-30,2021-07-31,1
202327,2023-07-30,United States of America,No_Event, ,202227,202127,2022-07-31,2021-08-01,1
202327,2023-07-31,United States of America,No_Event, ,202227,202127,2022-08-01,2021-08-02,1
202327,2023-08-01,United States of America,No_Event, ,202227,202127,2022-08-02,2021-08-03,1
202327,2023-08-02,United States of America,No_Event, ,202227,202127,2022-08-03,2021-08-04,1
202327,2023-08-03,United States of America,No_Event, ,202227,202127,2022-08-04,2021-08-05,1
202327,2023-08-04,United States of America,No_Event, ,202227,202127,2022-08-05,2021-08-06,1
202327,2023-08-05,United States of America,No_Event, ,202227,202127,2022-08-06,2021-08-07,1
202328,2023-08-06,United States of America,No_Event, ,202228,202128,2022-08-07,2021-08-08,1
202328,2023-08-07,United States of America,No_Event, ,202228,202128,2022-08-08,2021-08-09,1
202328,2023-08-08,United States of America,No_Event, ,202228,202128,2022-08-09,2021-08-10,1
202328,2023-08-09,United States of America,No_Event, ,202228,202128,2022-08-10,2021-08-11,1
202328,2023-08-10,United States of America,No_Event, ,202228,202128,2022-08-11,2021-08-12,1
202328,2023-08-11,United States of America,No_Event, ,202228,202128,2022-08-12,2021-08-13,1
202328,2023-08-12,United States of America,No_Event, ,202228,202128,2022-08-13,2021-08-14,1
202329,2023-08-13,United States of America,No_Event, ,202229,202129,2022-08-14,2021-08-15,1
202329,2023-08-14,United States of America,No_Event, ,202229,202129,2022-08-15,2021-08-16,1
202329,2023-08-15,United States of America,No_Event, ,202229,202129,2022-08-16,2021-08-17,1
202329,2023-08-16,United States of America,No_Event, ,202229,202129,2022-08-17,2021-08-18,1
202329,2023-08-17,United States of America,No_Event, ,202229,202129,2022-08-18,2021-08-19,1
202329,2023-08-18,United States of America,No_Event, ,202229,202129,2022-08-19,2021-08-20,1
202329,2023-08-19,United States of America,No_Event, ,202229,202129,2022-08-20,2021-08-21,1
202330,2023-08-20,United States of America,No_Event, ,202230,202130,2022-08-21,2021-08-22,1
202330,2023-08-21,United States of America,No_Event, ,202230,202130,2022-08-22,2021-08-23,1
202330,2023-08-22,United States of America,No_Event, ,202230,202130,2022-08-23,2021-08-24,1
202330,2023-08-23,United States of America,No_Event, ,202230,202130,2022-08-24,2021-08-25,1
202330,2023-08-24,United States of America,No_Event, ,202230,202130,2022-08-25,2021-08-26,1
202330,2023-08-25,United States of America,No_Event, ,202230,202130,2022-08-26,2021-08-27,1
202330,2023-08-26,United States of America,No_Event, ,202230,202130,2022-08-27,2021-08-28,1
202331,2023-08-27,United States of America,No_Event, ,202231,202131,2022-08-28,2021-08-29,1
202331,2023-08-28,United States of America,No_Event, ,202231,202131,2022-08-29,2021-08-30,1
202331,2023-08-29,United States of America,No_Event, ,202231,202131,2022-08-30,2021-08-31,1
202331,2023-08-30,United States of America,No_Event, ,202231,202131,2022-08-31,2021-09-01,1
202331,2023-08-31,United States of America,No_Event, ,202231,202131,2022-09-01,2021-09-02,1
202331,2023-09-01,United States of America,No_Event, ,202231,202131,2022-09-02,2021-09-03,1
202331,2023-09-02,United States of America,No_Event, ,202231,202131,2022-09-03,2021-09-04,1
202332,2023-09-03,United States of America,No_Event, ,202232,202132,2022-09-04,2021-09-05,1
202332,2023-09-04,United States of America,Labour Day, ,202232,202132,2022-09-05,2021-09-06,1
202332,2023-09-05,United States of America,No_Event, ,202232,202132,2022-09-06,2021-09-07,1
202332,2023-09-06,United States of America,No_Event, ,202232,202132,2022-09-07,2021-09-08,1
202332,2023-09-07,United States of America,No_Event, ,202232,202132,2022-09-08,2021-09-09,1
202332,2023-09-08,United States of America,No_Event, ,202232,202132,2022-09-09,2021-09-10,1
202332,2023-09-09,United States of America,No_Event, ,202232,202132,2022-09-10,2021-09-11,1
202333,2023-09-10,United States of America,No_Event, ,202233,202133,2022-09-11,2021-09-12,1
202333,2023-09-11,United States of America,No_Event, ,202233,202133,2022-09-12,2021-09-13,1
202333,2023-09-12,United States of America,No_Event, ,202233,202133,2022-09-13,2021-09-14,1
202333,2023-09-13,United States of America,No_Event, ,202233,202133,2022-09-14,2021-09-15,1
202333,2023-09-14,United States of America,No_Event, ,202233,202133,2022-09-15,2021-09-16,1
202333,2023-09-15,United States of America,No_Event, ,202233,202133,2022-09-16,2021-09-17,1
202333,2023-09-16,United States of America,No_Event, ,202233,202133,2022-09-17,2021-09-18,1
202334,2023-09-17,United States of America,No_Event, ,202234,202134,2022-09-18,2021-09-19,1
202334,2023-09-18,United States of America,No_Event, ,202234,202134,2022-09-19,2021-09-20,1
202334,2023-09-19,United States of America,No_Event, ,202234,202134,2022-09-20,2021-09-21,1
202334,2023-09-20,United States of America,No_Event, ,202234,202134,2022-09-21,2021-09-22,1
202334,2023-09-21,United States of America,No_Event, ,202234,202134,2022-09-22,2021-09-23,1
202334,2023-09-22,United States of America,No_Event, ,202234,202134,2022-09-23,2021-09-24,1
202334,2023-09-23,United States of America,No_Event, ,202234,202134,2022-09-24,2021-09-25,1
202335,2023-09-24,United States of America,No_Event, ,202235,202135,2022-09-25,2021-09-26,1
202335,2023-09-25,United States of America,No_Event, ,202235,202135,2022-09-26,2021-09-27,1
202335,2023-09-26,United States of America,No_Event, ,202235,202135,2022-09-27,2021-09-28,1
202335,2023-09-27,United States of America,No_Event, ,202235,202135,2022-09-28,2021-09-29,1
202335,2023-09-28,United States of America,No_Event, ,202235,202135,2022-09-29,2021-09-30,1
202335,2023-09-29,United States of America,No_Event, ,202235,202135,2022-09-30,2021-10-01,1
202335,2023-09-30,United States of America,No_Event, ,202235,202135,2022-10-01,2021-10-02,1
202336,2023-10-01,United States of America,No_Event, ,202236,202136,2022-10-02,2021-10-03,1
202336,2023-10-02,United States of America,No_Event, ,202236,202136,2022-10-03,2021-10-04,1
202336,2023-10-03,United States of America,No_Event, ,202236,202136,2022-10-04,2021-10-05,1
202336,2023-10-04,United States of America,No_Event, ,202236,202136,2022-10-05,2021-10-06,1
202336,2023-10-05,United States of America,No_Event, ,202236,202136,2022-10-06,2021-10-07,1
202336,2023-10-06,United States of America,No_Event, ,202236,202136,2022-10-07,2021-10-08,1
202336,2023-10-07,United States of America,No_Event, ,202236,202136,2022-10-08,2021-10-09,1
202337,2023-10-08,United States of America,No_Event, ,202237,202137,2022-10-09,2021-10-10,1
202337,2023-10-09,United States of America,Columbus Day, ,202237,202137,2022-10-10,2021-10-11,1
202337,2023-10-10,United States of America,No_Event, ,202237,202137,2022-10-11,2021-10-12,1
202337,2023-10-11,United States of America,No_Event, ,202237,202137,2022-10-12,2021-10-13,1
202337,2023-10-12,United States of America,No_Event, ,202237,202137,2022-10-13,2021-10-14,1
202337,2023-10-13,United States of America,No_Event, ,202237,202137,2022-10-14,2021-10-15,1
202337,2023-10-14,United States of America,No_Event, ,202237,202137,2022-10-15,2021-10-16,1
202338,2023-10-15,United States of America,No_Event, ,202238,202138,2022-10-16,2021-10-17,1
202338,2023-10-16,United States of America,No_Event, ,202238,202138,2022-10-17,2021-10-18,1
202338,2023-10-17,United States of America,No_Event, ,202238,202138,2022-10-18,2021-10-19,1
202338,2023-10-18,United States of America,No_Event, ,202238,202138,2022-10-19,2021-10-20,1
202338,2023-10-19,United States of America,No_Event, ,202238,202138,2022-10-20,2021-10-21,1
202338,2023-10-20,United States of America,No_Event, ,202238,202138,2022-10-21,2021-10-22,1
202338,2023-10-21,United States of America,No_Event, ,202238,202138,2022-10-22,2021-10-23,1
202339,2023-10-22,United States of America,No_Event, ,202239,202139,2022-10-23,2021-10-24,1
202339,2023-10-23,United States of America,No_Event, ,202239,202139,2022-10-24,2021-10-25,1
202339,2023-10-24,United States of America,No_Event, ,202239,202139,2022-10-25,2021-10-26,1
202339,2023-10-25,United States of America,No_Event, ,202239,202139,2022-10-26,2021-10-27,1
202339,2023-10-26,United States of America,No_Event, ,202239,202139,2022-10-27,2021-10-28,1
202339,2023-10-27,United States of America,No_Event, ,202239,202139,2022-10-28,2021-10-29,1
202339,2023-10-28,United States of America,No_Event, ,202239,202139,2022-10-29,2021-10-30,1
202340,2023-10-29,United States of America,No_Event, ,202240,202140,2022-10-30,2021-10-31,1
202340,2023-10-30,United States of America,No_Event, ,202240,202140,2022-10-31,2021-11-01,1
202340,2023-10-31,United States of America,Halloween, ,202240,202140,2022-11-01,2021-11-02,1
202340,2023-11-01,United States of America,No_Event, ,202240,202140,2022-11-02,2021-11-03,1
202340,2023-11-02,United States of America,No_Event, ,202240,202140,2022-11-03,2021-11-04,1
202340,2023-11-03,United States of America,No_Event, ,202240,202140,2022-11-04,2021-11-05,1
202340,2023-11-04,United States of America,No_Event, ,202240,202140,2022-11-05,2021-11-06,1
202341,2023-11-05,United States of America,No_Event, ,202241,202141,2022-11-06,2021-11-07,1
202341,2023-11-06,United States of America,No_Event, ,202241,202141,2022-11-07,2021-11-08,1
202341,2023-11-07,United States of America,No_Event, ,202241,202141,2022-11-08,2021-11-09,1
202341,2023-11-08,United States of America,No_Event, ,202241,202141,2022-11-09,2021-11-10,1
202341,2023-11-09,United States of America,No_Event, ,202241,202141,2022-11-10,2021-11-11,1
202341,2023-11-10,United States of America,No_Event, ,202241,202141,2022-11-11,2021-11-12,1
202341,2023-11-11,United States of America,No_Event, ,202241,202141,2022-11-12,2021-11-13,1
202342,2023-11-12,United States of America,No_Event, ,202242,202142,2022-11-13,2021-11-14,1
202342,2023-11-13,United States of America,No_Event, ,202242,202142,2022-11-14,2021-11-15,1
202342,2023-11-14,United States of America,No_Event, ,202242,202142,2022-11-15,2021-11-16,1
202342,2023-11-15,United States of America,No_Event, ,202242,202142,2022-11-16,2021-11-17,1
202342,2023-11-16,United States of America,No_Event, ,202242,202142,2022-11-17,2021-11-18,1
202342,2023-11-17,United States of America,No_Event, ,202242,202142,2022-11-18,2021-11-19,1
202342,2023-11-18,United States of America,No_Event, ,202242,202142,2022-11-19,2021-11-20,1
202343,2023-11-19,United States of America,No_Event, ,202243,202143,2022-11-20,2021-11-21,1
202343,2023-11-20,United States of America,No_Event, ,202243,202143,2022-11-21,2021-11-22,1
202343,2023-11-21,United States of America,No_Event, ,202243,202143,2022-11-22,2021-11-23,1
202343,2023-11-22,United States of America,No_Event, ,202243,202143,2022-11-23,2021-11-24,1
202343,2023-11-23,United States of America,Thanksgiving, ,202243,202143,2022-11-24,2021-11-25,1
202343,2023-11-24,United States of America,No_Event, ,202243,202143,2022-11-25,2021-11-26,1
202343,2023-11-25,United States of America,No_Event, ,202243,202143,2022-11-26,2021-11-27,1
202344,2023-11-26,United States of America,No_Event, ,202244,202144,2022-11-27,2021-11-28,1
202344,2023-11-27,United States of America,No_Event, ,202244,202144,2022-11-28,2021-11-29,1
202344,2023-11-28,United States of America,No_Event, ,202244,202144,2022-11-29,2021-11-30,1
202344,2023-11-29,United States of America,No_Event, ,202244,202144,2022-11-30,2021-12-01,1
202344,2023-11-30,United States of America,No_Event, ,202244,202144,2022-12-01,2021-12-02,1
202344,2023-12-01,United States of America,No_Event, ,202244,202144,2022-12-02,2021-12-03,1
202344,2023-12-02,United States of America,No_Event, ,202244,202144,2022-12-03,2021-12-04,1
202345,2023-12-03,United States of America,No_Event, ,202245,202145,2022-12-04,2021-12-05,1
202345,2023-12-04,United States of America,No_Event, ,202245,202145,2022-12-05,2021-12-06,1
202345,2023-12-05,United States of America,No_Event, ,202245,202145,2022-12-06,2021-12-07,1
202345,2023-12-06,United States of America,No_Event, ,202245,202145,2022-12-07,2021-12-08,1
202345,2023-12-07,United States of America,No_Event, ,202245,202145,2022-12-08,2021-12-09,1
202345,2023-12-08,United States of America,No_Event, ,202245,202145,2022-12-09,2021-12-10,1
202345,2023-12-09,United States of America,No_Event, ,202245,202145,2022-12-10,2021-12-11,1
202346,2023-12-10,United States of America,No_Event, ,202246,202146,2022-12-11,2021-12-12,1
202346,2023-12-11,United States of America,No_Event, ,202246,202146,2022-12-12,2021-12-13,1
202346,2023-12-12,United States of America,No_Event, ,202246,202146,2022-12-13,2021-12-14,1
202346,2023-12-13,United States of America,No_Event, ,202246,202146,2022-12-14,2021-12-15,1
202346,2023-12-14,United States of America,No_Event, ,202246,202146,2022-12-15,2021-12-16,1
202346,2023-12-15,United States of America,No_Event, ,202246,202146,2022-12-16,2021-12-17,1
202346,2023-12-16,United States of America,No_Event, ,202246,202146,2022-12-17,2021-12-18,1
202347,2023-12-17,United States of America,No_Event, ,202247,202147,2022-12-18,2021-12-19,1
202347,2023-12-18,United States of America,No_Event, ,202247,202147,2022-12-19,2021-12-20,1
202347,2023-12-19,United States of America,No_Event, ,202247,202147,2022-12-20,2021-12-21,1
202347,2023-12-20,United States of America,No_Event, ,202247,202147,2022-12-21,2021-12-22,1
202347,2023-12-21,United States of America,No_Event, ,202247,202147,2022-12-22,2021-12-23,1
202347,2023-12-22,United States of America,No_Event, ,202247,202147,2022-12-23,2021-12-24,1
202347,2023-12-23,United States of America,No_Event, ,202247,202147,2022-12-24,2021-12-25,1
202348,2023-12-24,United States of America,No_Event, ,202248,202148,2022-12-25,2021-12-26,1
202348,2023-12-25,United States of America,Christmas, ,202248,202148,2022-12-26,2021-12-27,1
202348,2023-12-26,United States of America,No_Event, ,202248,202148,2022-12-27,2021-12-28,1
202348,2023-12-27,United States of America,No_Event, ,202248,202148,2022-12-28,2021-12-29,1
202348,2023-12-28,United States of America,No_Event, ,202248,202148,2022-12-29,2021-12-30,1
202348,2023-12-29,United States of America,No_Event, ,202248,202148,2022-12-30,2021-12-31,1
202348,2023-12-30,United States of America,No_Event, ,202248,202148,2022-12-31,2022-01-01,1
202349,2023-12-31,United States of America,No_Event, ,202249,202149,2023-01-01,2022-01-02,1
202349,2024-01-01,United States of America,No_Event, ,202249,202149,2023-01-02,2022-01-03,1
202349,2024-01-02,United States of America,No_Event, ,202249,202149,2023-01-03,2022-01-04,1
202349,2024-01-03,United States of America,No_Event, ,202249,202149,2023-01-04,2022-01-05,1
202349,2024-01-04,United States of America,No_Event, ,202249,202149,2023-01-05,2022-01-06,1
202349,2024-01-05,United States of America,No_Event, ,202249,202149,2023-01-06,2022-01-07,1
202349,2024-01-06,United States of America,No_Event, ,202249,202149,2023-01-07,2022-01-08,1
202350,2024-01-07,United States of America,No_Event, ,202250,202150,2023-01-08,2022-01-09,1
202350,2024-01-08,United States of America,No_Event, ,202250,202150,2023-01-09,2022-01-10,1
202350,2024-01-09,United States of America,No_Event, ,202250,202150,2023-01-10,2022-01-11,1
202350,2024-01-10,United States of America,No_Event, ,202250,202150,2023-01-11,2022-01-12,1
202350,2024-01-11,United States of America,Winter Warm Up, ,202250,202150,2023-01-12,2022-01-13,1
202350,2024-01-12,United States of America,Winter Warm Up, ,202250,202150,2023-01-13,2022-01-14,1
202350,2024-01-13,United States of America,Winter Warm Up, ,202250,202150,2023-01-14,2022-01-15,1
202351,2024-01-14,United States of America,Winter Warm Up, ,202251,202151,2023-01-15,2022-01-16,1
202351,2024-01-15,United States of America,MLK Day, ,202251,202151,2023-01-16,2022-01-17,1
202351,2024-01-16,United States of America,No_Event, ,202251,202151,2023-01-17,2022-01-18,1
202351,2024-01-17,United States of America,No_Event, ,202251,202151,2023-01-18,2022-01-19,1
202351,2024-01-18,United States of America,No_Event, ,202251,202151,2023-01-19,2022-01-20,1
202351,2024-01-19,United States of America,No_Event, ,202251,202151,2023-01-20,2022-01-21,1
202351,2024-01-20,United States of America,No_Event, ,202251,202151,2023-01-21,2022-01-22,1
202352,2024-01-21,United States of America,No_Event, ,202252,202152,2023-01-22,2022-01-23,1
202352,2024-01-22,United States of America,No_Event, ,202252,202152,2023-01-23,2022-01-24,1
202352,2024-01-23,United States of America,No_Event, ,202252,202152,2023-01-24,2022-01-25,1
202352,2024-01-24,United States of America,No_Event, ,202252,202152,2023-01-25,2022-01-26,1
202352,2024-01-25,United States of America,No_Event, ,202252,202152,2023-01-26,2022-01-27,1
202352,2024-01-26,United States of America,No_Event, ,202252,202152,2023-01-27,2022-01-28,1
202352,2024-01-27,United States of America,No_Event, ,202252,202152,2023-01-28,2022-01-29,1
202353,2024-01-28,United States of America,No_Event, ,202301,202201,2023-01-29,2022-01-30,1
202353,2024-01-29,United States of America,No_Event, ,202301,202201,2023-01-30,2022-01-31,1
202353,2024-01-30,United States of America,No_Event, ,202301,202201,2023-01-31,2022-02-01,1
202353,2024-01-31,United States of America,No_Event, ,202301,202201,2023-02-01,2022-02-02,1
202353,2024-02-01,United States of America,No_Event, ,202301,202201,2023-02-02,2022-02-03,1
202353,2024-02-02,United States of America,No_Event, ,202301,202201,2023-02-03,2022-02-04,1
202353,2024-02-03,United States of America,No_Event, ,202301,202201,2023-02-04,2022-02-05,1
202401,2024-02-04,United States of America,No_Event, ,202301,202201,2023-01-29,2022-01-30,1
202401,2024-02-05,United States of America,No_Event, ,202301,202201,2023-01-30,2022-01-31,1
202401,2024-02-06,United States of America,No_Event, ,202301,202201,2023-01-31,2022-02-01,1
202401,2024-02-07,United States of America,No_Event, ,202301,202201,2023-02-01,2022-02-02,1
202401,2024-02-08,United States of America,No_Event, ,202301,202201,2023-02-02,2022-02-03,1
202401,2024-02-09,United States of America,No_Event, ,202301,202201,2023-02-03,2022-02-04,1
202401,2024-02-10,United States of America,No_Event, ,202301,202201,2023-02-04,2022-02-05,1
202402,2024-02-11,United States of America,No_Event, ,202302,202202,2023-02-05,2022-02-06,1
202402,2024-02-12,United States of America,No_Event, ,202302,202202,2023-02-06,2022-02-07,1
202402,2024-02-13,United States of America,No_Event, ,202302,202202,2023-02-07,2022-02-08,1
202402,2024-02-14,United States of America,Valentines Day, ,202302,202202,2023-02-08,2022-02-09,1
202402,2024-02-15,United States of America,No_Event, ,202302,202202,2023-02-09,2022-02-10,1
202402,2024-02-16,United States of America,No_Event, ,202302,202202,2023-02-10,2022-02-11,1
202402,2024-02-17,United States of America,No_Event, ,202302,202202,2023-02-11,2022-02-12,1
202403,2024-02-18,United States of America,No_Event, ,202303,202203,2023-02-12,2022-02-13,1
202403,2024-02-19,United States of America,Presidents Day, ,202303,202203,2023-02-13,2022-02-14,1
202403,2024-02-20,United States of America,No_Event, ,202303,202203,2023-02-14,2022-02-15,1
202403,2024-02-21,United States of America,No_Event, ,202303,202203,2023-02-15,2022-02-16,1
202403,2024-02-22,United States of America,No_Event, ,202303,202203,2023-02-16,2022-02-17,1
202403,2024-02-23,United States of America,No_Event, ,202303,202203,2023-02-17,2022-02-18,1
202403,2024-02-24,United States of America,No_Event, ,202303,202203,2023-02-18,2022-02-19,1
202404,2024-02-25,United States of America,No_Event, ,202304,202204,2023-02-19,2022-02-20,1
202404,2024-02-26,United States of America,No_Event, ,202304,202204,2023-02-20,2022-02-21,1
202404,2024-02-27,United States of America,No_Event, ,202304,202204,2023-02-21,2022-02-22,1
202404,2024-02-28,United States of America,No_Event, ,202304,202204,2023-02-22,2022-02-23,1
202404,2024-02-29,United States of America,No_Event, ,202304,202204,2023-02-23,2022-02-24,1
202404,2024-03-01,United States of America,No_Event, ,202304,202204,2023-02-24,2022-02-25,1
202404,2024-03-02,United States of America,No_Event, ,202304,202204,2023-02-25,2022-02-26,1
202405,2024-03-03,United States of America,No_Event, ,202305,202205,2023-02-26,2022-02-27,1
202405,2024-03-04,United States of America,No_Event, ,202305,202205,2023-02-27,2022-02-28,1
202405,2024-03-05,United States of America,No_Event, ,202305,202205,2023-02-28,2022-03-01,1
202405,2024-03-06,United States of America,No_Event, ,202305,202205,2023-03-01,2022-03-02,1
202405,2024-03-07,United States of America,No_Event, ,202305,202205,2023-03-02,2022-03-03,1
202405,2024-03-08,United States of America,No_Event, ,202305,202205,2023-03-03,2022-03-04,1
202405,2024-03-09,United States of America,No_Event, ,202305,202205,2023-03-04,2022-03-05,1
202406,2024-03-10,United States of America,No_Event, ,202306,202206,2023-03-05,2022-03-06,1
202406,2024-03-11,United States of America,No_Event, ,202306,202206,2023-03-06,2022-03-07,1
202406,2024-03-12,United States of America,No_Event, ,202306,202206,2023-03-07,2022-03-08,1
202406,2024-03-13,United States of America,No_Event, ,202306,202206,2023-03-08,2022-03-09,1
202406,2024-03-14,United States of America,No_Event, ,202306,202206,2023-03-09,2022-03-10,1
202406,2024-03-15,United States of America,No_Event, ,202306,202206,2023-03-10,2022-03-11,1
202406,2024-03-16,United States of America,No_Event, ,202306,202206,2023-03-11,2022-03-12,1
202407,2024-03-17,United States of America,No_Event, ,202307,202207,2023-03-12,2022-03-13,1
202407,2024-03-18,United States of America,No_Event, ,202307,202207,2023-03-13,2022-03-14,1
202407,2024-03-19,United States of America,No_Event, ,202307,202207,2023-03-14,2022-03-15,1
202407,2024-03-20,United States of America,No_Event, ,202307,202207,2023-03-15,2022-03-16,1
202407,2024-03-21,United States of America,No_Event, ,202307,202207,2023-03-16,2022-03-17,1
202407,2024-03-22,United States of America,No_Event, ,202307,202207,2023-03-17,2022-03-18,1
202407,2024-03-23,United States of America,No_Event, ,202307,202207,2023-03-18,2022-03-19,1
202408,2024-03-24,United States of America,No_Event, ,202308,202208,2023-03-19,2022-03-20,1
202408,2024-03-25,United States of America,No_Event, ,202308,202208,2023-03-20,2022-03-21,1
202408,2024-03-26,United States of America,No_Event, ,202308,202208,2023-03-21,2022-03-22,1
202408,2024-03-27,United States of America,No_Event, ,202308,202208,2023-03-22,2022-03-23,1
202408,2024-03-28,United States of America,No_Event, ,202308,202208,2023-03-23,2022-03-24,1
202408,2024-03-29,United States of America,Good Friday, ,202308,202208,2023-03-24,2022-03-25,1
202408,2024-03-30,United States of America,No_Event, ,202308,202208,2023-03-25,2022-03-26,1
202409,2024-03-31,United States of America,Easter, ,202309,202209,2023-03-26,2022-03-27,1
202409,2024-04-01,United States of America,No_Event, ,202309,202209,2023-03-27,2022-03-28,1
202409,2024-04-02,United States of America,No_Event, ,202309,202209,2023-03-28,2022-03-29,1
202409,2024-04-03,United States of America,No_Event, ,202309,202209,2023-03-29,2022-03-30,1
202409,2024-04-04,United States of America,No_Event, ,202309,202209,2023-03-30,2022-03-31,1
202409,2024-04-05,United States of America,No_Event, ,202309,202209,2023-03-31,2022-04-01,1
202409,2024-04-06,United States of America,No_Event, ,202309,202209,2023-04-01,2022-04-02,1
202410,2024-04-07,United States of America,No_Event, ,202310,202210,2023-04-02,2022-04-03,1
202410,2024-04-08,United States of America,No_Event, ,202310,202210,2023-04-03,2022-04-04,1
202410,2024-04-09,United States of America,No_Event, ,202310,202210,2023-04-04,2022-04-05,1
202410,2024-04-10,United States of America,No_Event, ,202310,202210,2023-04-05,2022-04-06,1
202410,2024-04-11,United States of America,No_Event, ,202310,202210,2023-04-06,2022-04-07,1
202410,2024-04-12,United States of America,No_Event, ,202310,202210,2023-04-07,2022-04-08,1
202410,2024-04-13,United States of America,No_Event, ,202310,202210,2023-04-08,2022-04-09,1
202411,2024-04-14,United States of America,No_Event, ,202311,202211,2023-04-09,2022-04-10,1
202411,2024-04-15,United States of America,No_Event, ,202311,202211,2023-04-10,2022-04-11,1
202411,2024-04-16,United States of America,No_Event, ,202311,202211,2023-04-11,2022-04-12,1
202411,2024-04-17,United States of America,No_Event, ,202311,202211,2023-04-12,2022-04-13,1
202411,2024-04-18,United States of America,No_Event, ,202311,202211,2023-04-13,2022-04-14,1
202411,2024-04-19,United States of America,No_Event, ,202311,202211,2023-04-14,2022-04-15,1
202411,2024-04-20,United States of America,No_Event, ,202311,202211,2023-04-15,2022-04-16,1
202412,2024-04-21,United States of America,No_Event, ,202312,202212,2023-04-16,2022-04-17,1
202412,2024-04-22,United States of America,No_Event, ,202312,202212,2023-04-17,2022-04-18,1
202412,2024-04-23,United States of America,No_Event, ,202312,202212,2023-04-18,2022-04-19,1
202412,2024-04-24,United States of America,No_Event, ,202312,202212,2023-04-19,2022-04-20,1
202412,2024-04-25,United States of America,No_Event, ,202312,202212,2023-04-20,2022-04-21,1
202412,2024-04-26,United States of America,No_Event, ,202312,202212,2023-04-21,2022-04-22,1
202412,2024-04-27,United States of America,No_Event, ,202312,202212,2023-04-22,2022-04-23,1
202413,2024-04-28,United States of America,No_Event, ,202313,202213,2023-04-23,2022-04-24,1
202413,2024-04-29,United States of America,No_Event, ,202313,202213,2023-04-24,2022-04-25,1
202413,2024-04-30,United States of America,No_Event, ,202313,202213,2023-04-25,2022-04-26,1
202413,2024-05-01,United States of America,No_Event, ,202313,202213,2023-04-26,2022-04-27,1
202413,2024-05-02,United States of America,No_Event, ,202313,202213,2023-04-27,2022-04-28,1
202413,2024-05-03,United States of America,No_Event, ,202313,202213,2023-04-28,2022-04-29,1
202413,2024-05-04,United States of America,No_Event, ,202313,202213,2023-04-29,2022-04-30,1
202414,2024-05-05,United States of America,No_Event, ,202314,202214,2023-04-30,2022-05-01,1
202414,2024-05-06,United States of America,No_Event, ,202314,202214,2023-05-01,2022-05-02,1
202414,2024-05-07,United States of America,No_Event, ,202314,202214,2023-05-02,2022-05-03,1
202414,2024-05-08,United States of America,No_Event, ,202314,202214,2023-05-03,2022-05-04,1
202414,2024-05-09,United States of America,No_Event, ,202314,202214,2023-05-04,2022-05-05,1
202414,2024-05-10,United States of America,No_Event, ,202314,202214,2023-05-05,2022-05-06,1
202414,2024-05-11,United States of America,No_Event, ,202314,202214,2023-05-06,2022-05-07,1
202415,2024-05-12,United States of America,Mothers Day, ,202315,202215,2023-05-07,2022-05-08,1
202415,2024-05-13,United States of America,No_Event, ,202315,202215,2023-05-08,2022-05-09,1
202415,2024-05-14,United States of America,No_Event, ,202315,202215,2023-05-09,2022-05-10,1
202415,2024-05-15,United States of America,No_Event, ,202315,202215,2023-05-10,2022-05-11,1
202415,2024-05-16,United States of America,No_Event, ,202315,202215,2023-05-11,2022-05-12,1
202415,2024-05-17,United States of America,No_Event, ,202315,202215,2023-05-12,2022-05-13,1
202415,2024-05-18,United States of America,No_Event, ,202315,202215,2023-05-13,2022-05-14,1
202416,2024-05-19,United States of America,No_Event, ,202316,202216,2023-05-14,2022-05-15,1
202416,2024-05-20,United States of America,No_Event, ,202316,202216,2023-05-15,2022-05-16,1
202416,2024-05-21,United States of America,No_Event, ,202316,202216,2023-05-16,2022-05-17,1
202416,2024-05-22,United States of America,No_Event, ,202316,202216,2023-05-17,2022-05-18,1
202416,2024-05-23,United States of America,No_Event, ,202316,202216,2023-05-18,2022-05-19,1
202416,2024-05-24,United States of America,No_Event, ,202316,202216,2023-05-19,2022-05-20,1
202416,2024-05-25,United States of America,No_Event, ,202316,202216,2023-05-20,2022-05-21,1
202417,2024-05-26,United States of America,No_Event, ,202317,202217,2023-05-21,2022-05-22,1
202417,2024-05-27,United States of America,Memorial Day, ,202317,202217,2023-05-22,2022-05-23,1
202417,2024-05-28,United States of America,No_Event, ,202317,202217,2023-05-23,2022-05-24,1
202417,2024-05-29,United States of America,No_Event, ,202317,202217,2023-05-24,2022-05-25,1
202417,2024-05-30,United States of America,No_Event, ,202317,202217,2023-05-25,2022-05-26,1
202417,2024-05-31,United States of America,No_Event, ,202317,202217,2023-05-26,2022-05-27,1
202417,2024-06-01,United States of America,No_Event, ,202317,202217,2023-05-27,2022-05-28,1
202418,2024-06-02,United States of America,No_Event, ,202318,202218,2023-05-28,2022-05-29,1
202418,2024-06-03,United States of America,No_Event, ,202318,202218,2023-05-29,2022-05-30,1
202418,2024-06-04,United States of America,No_Event, ,202318,202218,2023-05-30,2022-05-31,1
202418,2024-06-05,United States of America,No_Event, ,202318,202218,2023-05-31,2022-06-01,1
202418,2024-06-06,United States of America,No_Event, ,202318,202218,2023-06-01,2022-06-02,1
202418,2024-06-07,United States of America,No_Event, ,202318,202218,2023-06-02,2022-06-03,1
202418,2024-06-08,United States of America,No_Event, ,202318,202218,2023-06-03,2022-06-04,1
202419,2024-06-09,United States of America,No_Event, ,202319,202219,2023-06-04,2022-06-05,1
202419,2024-06-10,United States of America,No_Event, ,202319,202219,2023-06-05,2022-06-06,1
202419,2024-06-11,United States of America,No_Event, ,202319,202219,2023-06-06,2022-06-07,1
202419,2024-06-12,United States of America,No_Event, ,202319,202219,2023-06-07,2022-06-08,1
202419,2024-06-13,United States of America,No_Event, ,202319,202219,2023-06-08,2022-06-09,1
202419,2024-06-14,United States of America,No_Event, ,202319,202219,2023-06-09,2022-06-10,1
202419,2024-06-15,United States of America,No_Event, ,202319,202219,2023-06-10,2022-06-11,1
202420,2024-06-16,United States of America,Fathers Day, ,202320,202220,2023-06-11,2022-06-12,1
202420,2024-06-17,United States of America,No_Event, ,202320,202220,2023-06-12,2022-06-13,1
202420,2024-06-18,United States of America,No_Event, ,202320,202220,2023-06-13,2022-06-14,1
202420,2024-06-19,United States of America,No_Event, ,202320,202220,2023-06-14,2022-06-15,1
202420,2024-06-20,United States of America,No_Event, ,202320,202220,2023-06-15,2022-06-16,1
202420,2024-06-21,United States of America,No_Event, ,202320,202220,2023-06-16,2022-06-17,1
202420,2024-06-22,United States of America,No_Event, ,202320,202220,2023-06-17,2022-06-18,1
202421,2024-06-23,United States of America,No_Event, ,202321,202221,2023-06-18,2022-06-19,1
202421,2024-06-24,United States of America,No_Event, ,202321,202221,2023-06-19,2022-06-20,1
202421,2024-06-25,United States of America,No_Event, ,202321,202221,2023-06-20,2022-06-21,1
202421,2024-06-26,United States of America,No_Event, ,202321,202221,2023-06-21,2022-06-22,1
202421,2024-06-27,United States of America,No_Event, ,202321,202221,2023-06-22,2022-06-23,1
202421,2024-06-28,United States of America,No_Event, ,202321,202221,2023-06-23,2022-06-24,1
202421,2024-06-29,United States of America,No_Event, ,202321,202221,2023-06-24,2022-06-25,1
202422,2024-06-30,United States of America,No_Event, ,202322,202222,2023-06-25,2022-06-26,1
202422,2024-07-01,United States of America,No_Event, ,202322,202222,2023-06-26,2022-06-27,1
202422,2024-07-02,United States of America,No_Event, ,202322,202222,2023-06-27,2022-06-28,1
202422,2024-07-03,United States of America,No_Event, ,202322,202222,2023-06-28,2022-06-29,1
202422,2024-07-04,United States of America,Independence Day, ,202322,202222,2023-06-29,2022-06-30,1
202422,2024-07-05,United States of America,No_Event, ,202322,202222,2023-06-30,2022-07-01,1
202422,2024-07-06,United States of America,No_Event, ,202322,202222,2023-07-01,2022-07-02,1
202423,2024-07-07,United States of America,No_Event, ,202323,202223,2023-07-02,2022-07-03,1
202423,2024-07-08,United States of America,No_Event, ,202323,202223,2023-07-03,2022-07-04,1
202423,2024-07-09,United States of America,No_Event, ,202323,202223,2023-07-04,2022-07-05,1
202423,2024-07-10,United States of America,No_Event, ,202323,202223,2023-07-05,2022-07-06,1
202423,2024-07-11,United States of America,No_Event, ,202323,202223,2023-07-06,2022-07-07,1
202423,2024-07-12,United States of America,No_Event, ,202323,202223,2023-07-07,2022-07-08,1
202423,2024-07-13,United States of America,No_Event, ,202323,202223,2023-07-08,2022-07-09,1
202424,2024-07-14,United States of America,No_Event, ,202324,202224,2023-07-09,2022-07-10,1
202424,2024-07-15,United States of America,No_Event, ,202324,202224,2023-07-10,2022-07-11,1
202424,2024-07-16,United States of America,No_Event, ,202324,202224,2023-07-11,2022-07-12,1
202424,2024-07-17,United States of America,No_Event, ,202324,202224,2023-07-12,2022-07-13,1
202424,2024-07-18,United States of America,No_Event, ,202324,202224,2023-07-13,2022-07-14,1
202424,2024-07-19,United States of America,No_Event, ,202324,202224,2023-07-14,2022-07-15,1
202424,2024-07-20,United States of America,No_Event, ,202324,202224,2023-07-15,2022-07-16,1
202425,2024-07-21,United States of America,No_Event, ,202325,202225,2023-07-16,2022-07-17,1
202425,2024-07-22,United States of America,No_Event, ,202325,202225,2023-07-17,2022-07-18,1
202425,2024-07-23,United States of America,No_Event, ,202325,202225,2023-07-18,2022-07-19,1
202425,2024-07-24,United States of America,No_Event, ,202325,202225,2023-07-19,2022-07-20,1
202425,2024-07-25,United States of America,No_Event, ,202325,202225,2023-07-20,2022-07-21,1
202425,2024-07-26,United States of America,No_Event, ,202325,202225,2023-07-21,2022-07-22,1
202425,2024-07-27,United States of America,No_Event, ,202325,202225,2023-07-22,2022-07-23,1
202426,2024-07-28,United States of America,No_Event, ,202326,202226,2023-07-23,2022-07-24,1
202426,2024-07-29,United States of America,No_Event, ,202326,202226,2023-07-24,2022-07-25,1
202426,2024-07-30,United States of America,No_Event, ,202326,202226,2023-07-25,2022-07-26,1
202426,2024-07-31,United States of America,No_Event, ,202326,202226,2023-07-26,2022-07-27,1
202426,2024-08-01,United States of America,No_Event, ,202326,202226,2023-07-27,2022-07-28,1
202426,2024-08-02,United States of America,No_Event, ,202326,202226,2023-07-28,2022-07-29,1
202426,2024-08-03,United States of America,No_Event, ,202326,202226,2023-07-29,2022-07-30,1
202427,2024-08-04,United States of America,No_Event, ,202327,202227,2023-07-30,2022-07-31,1
202427,2024-08-05,United States of America,No_Event, ,202327,202227,2023-07-31,2022-08-01,1
202427,2024-08-06,United States of America,No_Event, ,202327,202227,2023-08-01,2022-08-02,1
202427,2024-08-07,United States of America,No_Event, ,202327,202227,2023-08-02,2022-08-03,1
202427,2024-08-08,United States of America,No_Event, ,202327,202227,2023-08-03,2022-08-04,1
202427,2024-08-09,United States of America,No_Event, ,202327,202227,2023-08-04,2022-08-05,1
202427,2024-08-10,United States of America,No_Event, ,202327,202227,2023-08-05,2022-08-06,1
202428,2024-08-11,United States of America,No_Event, ,202328,202228,2023-08-06,2022-08-07,1
202428,2024-08-12,United States of America,No_Event, ,202328,202228,2023-08-07,2022-08-08,1
202428,2024-08-13,United States of America,No_Event, ,202328,202228,2023-08-08,2022-08-09,1
202428,2024-08-14,United States of America,No_Event, ,202328,202228,2023-08-09,2022-08-10,1
202428,2024-08-15,United States of America,No_Event, ,202328,202228,2023-08-10,2022-08-11,1
202428,2024-08-16,United States of America,No_Event, ,202328,202228,2023-08-11,2022-08-12,1
202428,2024-08-17,United States of America,No_Event, ,202328,202228,2023-08-12,2022-08-13,1
202429,2024-08-18,United States of America,No_Event, ,202329,202229,2023-08-13,2022-08-14,1
202429,2024-08-19,United States of America,No_Event, ,202329,202229,2023-08-14,2022-08-15,1
202429,2024-08-20,United States of America,No_Event, ,202329,202229,2023-08-15,2022-08-16,1
202429,2024-08-21,United States of America,No_Event, ,202329,202229,2023-08-16,2022-08-17,1
202429,2024-08-22,United States of America,No_Event, ,202329,202229,2023-08-17,2022-08-18,1
202429,2024-08-23,United States of America,No_Event, ,202329,202229,2023-08-18,2022-08-19,1
202429,2024-08-24,United States of America,No_Event, ,202329,202229,2023-08-19,2022-08-20,1
202430,2024-08-25,United States of America,No_Event, ,202330,202230,2023-08-20,2022-08-21,1
202430,2024-08-26,United States of America,No_Event, ,202330,202230,2023-08-21,2022-08-22,1
202430,2024-08-27,United States of America,No_Event, ,202330,202230,2023-08-22,2022-08-23,1
202430,2024-08-28,United States of America,No_Event, ,202330,202230,2023-08-23,2022-08-24,1
202430,2024-08-29,United States of America,No_Event, ,202330,202230,2023-08-24,2022-08-25,1
202430,2024-08-30,United States of America,No_Event, ,202330,202230,2023-08-25,2022-08-26,1
202430,2024-08-31,United States of America,No_Event, ,202330,202230,2023-08-26,2022-08-27,1
202431,2024-09-01,United States of America,No_Event, ,202331,202231,2023-08-27,2022-08-28,1
202431,2024-09-02,United States of America,Labour Day, ,202331,202231,2023-08-28,2022-08-29,1
202431,2024-09-03,United States of America,No_Event, ,202331,202231,2023-08-29,2022-08-30,1
202431,2024-09-04,United States of America,No_Event, ,202331,202231,2023-08-30,2022-08-31,1
202431,2024-09-05,United States of America,No_Event, ,202331,202231,2023-08-31,2022-09-01,1
202431,2024-09-06,United States of America,No_Event, ,202331,202231,2023-09-01,2022-09-02,1
202431,2024-09-07,United States of America,No_Event, ,202331,202231,2023-09-02,2022-09-03,1
202432,2024-09-08,United States of America,No_Event, ,202332,202232,2023-09-03,2022-09-04,1
202432,2024-09-09,United States of America,No_Event, ,202332,202232,2023-09-04,2022-09-05,1
202432,2024-09-10,United States of America,No_Event, ,202332,202232,2023-09-05,2022-09-06,1
202432,2024-09-11,United States of America,No_Event, ,202332,202232,2023-09-06,2022-09-07,1
202432,2024-09-12,United States of America,No_Event, ,202332,202232,2023-09-07,2022-09-08,1
202432,2024-09-13,United States of America,No_Event, ,202332,202232,2023-09-08,2022-09-09,1
202432,2024-09-14,United States of America,No_Event, ,202332,202232,2023-09-09,2022-09-10,1
202433,2024-09-15,United States of America,No_Event, ,202333,202233,2023-09-10,2022-09-11,1
202433,2024-09-16,United States of America,No_Event, ,202333,202233,2023-09-11,2022-09-12,1
202433,2024-09-17,United States of America,No_Event, ,202333,202233,2023-09-12,2022-09-13,1
202433,2024-09-18,United States of America,No_Event, ,202333,202233,2023-09-13,2022-09-14,1
202433,2024-09-19,United States of America,No_Event, ,202333,202233,2023-09-14,2022-09-15,1
202433,2024-09-20,United States of America,No_Event, ,202333,202233,2023-09-15,2022-09-16,1
202433,2024-09-21,United States of America,No_Event, ,202333,202233,2023-09-16,2022-09-17,1
202434,2024-09-22,United States of America,No_Event, ,202334,202234,2023-09-17,2022-09-18,1
202434,2024-09-23,United States of America,No_Event, ,202334,202234,2023-09-18,2022-09-19,1
202434,2024-09-24,United States of America,No_Event, ,202334,202234,2023-09-19,2022-09-20,1
202434,2024-09-25,United States of America,No_Event, ,202334,202234,2023-09-20,2022-09-21,1
202434,2024-09-26,United States of America,No_Event, ,202334,202234,2023-09-21,2022-09-22,1
202434,2024-09-27,United States of America,No_Event, ,202334,202234,2023-09-22,2022-09-23,1
202434,2024-09-28,United States of America,No_Event, ,202334,202234,2023-09-23,2022-09-24,1
202435,2024-09-29,United States of America,No_Event, ,202335,202235,2023-09-24,2022-09-25,1
202435,2024-09-30,United States of America,No_Event, ,202335,202235,2023-09-25,2022-09-26,1
202435,2024-10-01,United States of America,No_Event, ,202335,202235,2023-09-26,2022-09-27,1
202435,2024-10-02,United States of America,No_Event, ,202335,202235,2023-09-27,2022-09-28,1
202435,2024-10-03,United States of America,No_Event, ,202335,202235,2023-09-28,2022-09-29,1
202435,2024-10-04,United States of America,No_Event, ,202335,202235,2023-09-29,2022-09-30,1
202435,2024-10-05,United States of America,No_Event, ,202335,202235,2023-09-30,2022-10-01,1
202436,2024-10-06,United States of America,No_Event, ,202336,202236,2023-10-01,2022-10-02,1
202436,2024-10-07,United States of America,No_Event, ,202336,202236,2023-10-02,2022-10-03,1
202436,2024-10-08,United States of America,No_Event, ,202336,202236,2023-10-03,2022-10-04,1
202436,2024-10-09,United States of America,No_Event, ,202336,202236,2023-10-04,2022-10-05,1
202436,2024-10-10,United States of America,No_Event, ,202336,202236,2023-10-05,2022-10-06,1
202436,2024-10-11,United States of America,No_Event, ,202336,202236,2023-10-06,2022-10-07,1
202436,2024-10-12,United States of America,No_Event, ,202336,202236,2023-10-07,2022-10-08,1
202437,2024-10-13,United States of America,No_Event, ,202337,202237,2023-10-08,2022-10-09,1
202437,2024-10-14,United States of America,Columbus Day, ,202337,202237,2023-10-09,2022-10-10,1
202437,2024-10-15,United States of America,No_Event, ,202337,202237,2023-10-10,2022-10-11,1
202437,2024-10-16,United States of America,No_Event, ,202337,202237,2023-10-11,2022-10-12,1
202437,2024-10-17,United States of America,No_Event, ,202337,202237,2023-10-12,2022-10-13,1
202437,2024-10-18,United States of America,No_Event, ,202337,202237,2023-10-13,2022-10-14,1
202437,2024-10-19,United States of America,No_Event, ,202337,202237,2023-10-14,2022-10-15,1
202438,2024-10-20,United States of America,No_Event, ,202338,202238,2023-10-15,2022-10-16,1
202438,2024-10-21,United States of America,No_Event, ,202338,202238,2023-10-16,2022-10-17,1
202438,2024-10-22,United States of America,No_Event, ,202338,202238,2023-10-17,2022-10-18,1
202438,2024-10-23,United States of America,No_Event, ,202338,202238,2023-10-18,2022-10-19,1
202438,2024-10-24,United States of America,No_Event, ,202338,202238,2023-10-19,2022-10-20,1
202438,2024-10-25,United States of America,No_Event, ,202338,202238,2023-10-20,2022-10-21,1
202438,2024-10-26,United States of America,No_Event, ,202338,202238,2023-10-21,2022-10-22,1
202439,2024-10-27,United States of America,No_Event, ,202339,202239,2023-10-22,2022-10-23,1
202439,2024-10-28,United States of America,No_Event, ,202339,202239,2023-10-23,2022-10-24,1
202439,2024-10-29,United States of America,No_Event, ,202339,202239,2023-10-24,2022-10-25,1
202439,2024-10-30,United States of America,No_Event, ,202339,202239,2023-10-25,2022-10-26,1
202439,2024-10-31,United States of America,Halloween, ,202339,202239,2023-10-26,2022-10-27,1
202439,2024-11-01,United States of America,No_Event, ,202339,202239,2023-10-27,2022-10-28,1
202439,2024-11-02,United States of America,No_Event, ,202339,202239,2023-10-28,2022-10-29,1
202440,2024-11-03,United States of America,No_Event, ,202340,202240,2023-10-29,2022-10-30,1
202440,2024-11-04,United States of America,No_Event, ,202340,202240,2023-10-30,2022-10-31,1
202440,2024-11-05,United States of America,No_Event, ,202340,202240,2023-10-31,2022-11-01,1
202440,2024-11-06,United States of America,No_Event, ,202340,202240,2023-11-01,2022-11-02,1
202440,2024-11-07,United States of America,No_Event, ,202340,202240,2023-11-02,2022-11-03,1
202440,2024-11-08,United States of America,No_Event, ,202340,202240,2023-11-03,2022-11-04,1
202440,2024-11-09,United States of America,No_Event, ,202340,202240,2023-11-04,2022-11-05,1
202441,2024-11-10,United States of America,No_Event, ,202341,202241,2023-11-05,2022-11-06,1
202441,2024-11-11,United States of America,No_Event, ,202341,202241,2023-11-06,2022-11-07,1
202441,2024-11-12,United States of America,No_Event, ,202341,202241,2023-11-07,2022-11-08,1
202441,2024-11-13,United States of America,No_Event, ,202341,202241,2023-11-08,2022-11-09,1
202441,2024-11-14,United States of America,No_Event, ,202341,202241,2023-11-09,2022-11-10,1
202441,2024-11-15,United States of America,No_Event, ,202341,202241,2023-11-10,2022-11-11,1
202441,2024-11-16,United States of America,No_Event, ,202341,202241,2023-11-11,2022-11-12,1
202442,2024-11-17,United States of America,No_Event, ,202342,202242,2023-11-12,2022-11-13,1
202442,2024-11-18,United States of America,No_Event, ,202342,202242,2023-11-13,2022-11-14,1
202442,2024-11-19,United States of America,No_Event, ,202342,202242,2023-11-14,2022-11-15,1
202442,2024-11-20,United States of America,No_Event, ,202342,202242,2023-11-15,2022-11-16,1
202442,2024-11-21,United States of America,No_Event, ,202342,202242,2023-11-16,2022-11-17,1
202442,2024-11-22,United States of America,No_Event, ,202342,202242,2023-11-17,2022-11-18,1
202442,2024-11-23,United States of America,No_Event, ,202342,202242,2023-11-18,2022-11-19,1
202443,2024-11-24,United States of America,No_Event, ,202343,202243,2023-11-19,2022-11-20,1
202443,2024-11-25,United States of America,No_Event, ,202343,202243,2023-11-20,2022-11-21,1
202443,2024-11-26,United States of America,No_Event, ,202343,202243,2023-11-21,2022-11-22,1
202443,2024-11-27,United States of America,No_Event, ,202343,202243,2023-11-22,2022-11-23,1
202443,2024-11-28,United States of America,Thanksgiving, ,202343,202243,2023-11-23,2022-11-24,1
202443,2024-11-29,United States of America,No_Event, ,202343,202243,2023-11-24,2022-11-25,1
202443,2024-11-30,United States of America,No_Event, ,202343,202243,2023-11-25,2022-11-26,1
202444,2024-12-01,United States of America,No_Event, ,202344,202244,2023-11-26,2022-11-27,1
202444,2024-12-02,United States of America,No_Event, ,202344,202244,2023-11-27,2022-11-28,1
202444,2024-12-03,United States of America,No_Event, ,202344,202244,2023-11-28,2022-11-29,1
202444,2024-12-04,United States of America,No_Event, ,202344,202244,2023-11-29,2022-11-30,1
202444,2024-12-05,United States of America,No_Event, ,202344,202244,2023-11-30,2022-12-01,1
202444,2024-12-06,United States of America,No_Event, ,202344,202244,2023-12-01,2022-12-02,1
202444,2024-12-07,United States of America,No_Event, ,202344,202244,2023-12-02,2022-12-03,1
202445,2024-12-08,United States of America,No_Event, ,202345,202245,2023-12-03,2022-12-04,1
202445,2024-12-09,United States of America,No_Event, ,202345,202245,2023-12-04,2022-12-05,1
202445,2024-12-10,United States of America,No_Event, ,202345,202245,2023-12-05,2022-12-06,1
202445,2024-12-11,United States of America,No_Event, ,202345,202245,2023-12-06,2022-12-07,1
202445,2024-12-12,United States of America,No_Event, ,202345,202245,2023-12-07,2022-12-08,1
202445,2024-12-13,United States of America,No_Event, ,202345,202245,2023-12-08,2022-12-09,1
202445,2024-12-14,United States of America,No_Event, ,202345,202245,2023-12-09,2022-12-10,1
202446,2024-12-15,United States of America,No_Event, ,202346,202246,2023-12-10,2022-12-11,1
202446,2024-12-16,United States of America,No_Event, ,202346,202246,2023-12-11,2022-12-12,1
202446,2024-12-17,United States of America,No_Event, ,202346,202246,2023-12-12,2022-12-13,1
202446,2024-12-18,United States of America,No_Event, ,202346,202246,2023-12-13,2022-12-14,1
202446,2024-12-19,United States of America,No_Event, ,202346,202246,2023-12-14,2022-12-15,1
202446,2024-12-20,United States of America,No_Event, ,202346,202246,2023-12-15,2022-12-16,1
202446,2024-12-21,United States of America,No_Event, ,202346,202246,2023-12-16,2022-12-17,1
202447,2024-12-22,United States of America,No_Event, ,202347,202247,2023-12-17,2022-12-18,1
202447,2024-12-23,United States of America,No_Event, ,202347,202247,2023-12-18,2022-12-19,1
202447,2024-12-24,United States of America,No_Event, ,202347,202247,2023-12-19,2022-12-20,1
202447,2024-12-25,United States of America,Christmas, ,202347,202247,2023-12-20,2022-12-21,1
202447,2024-12-26,United States of America,No_Event, ,202347,202247,2023-12-21,2022-12-22,1
202447,2024-12-27,United States of America,No_Event, ,202347,202247,2023-12-22,2022-12-23,1
202447,2024-12-28,United States of America,No_Event, ,202347,202247,2023-12-23,2022-12-24,1
202448,2024-12-29,United States of America,No_Event, ,202348,202248,2023-12-24,2022-12-25,1
202448,2024-12-30,United States of America,No_Event, ,202348,202248,2023-12-25,2022-12-26,1
202448,2024-12-31,United States of America,No_Event, ,202348,202248,2023-12-26,2022-12-27,1
202448,2025-01-01,United States of America,No_Event, ,202348,202248,2023-12-27,2022-12-28,1
202448,2025-01-02,United States of America,No_Event, ,202348,202248,2023-12-28,2022-12-29,1
202448,2025-01-03,United States of America,No_Event, ,202348,202248,2023-12-29,2022-12-30,1
202448,2025-01-04,United States of America,No_Event, ,202348,202248,2023-12-30,2022-12-31,1
202449,2025-01-05,United States of America,No_Event, ,202349,202249,2023-12-31,2023-01-01,1
202449,2025-01-06,United States of America,No_Event, ,202349,202249,2024-01-01,2023-01-02,1
202449,2025-01-07,United States of America,No_Event, ,202349,202249,2024-01-02,2023-01-03,1
202449,2025-01-08,United States of America,No_Event, ,202349,202249,2024-01-03,2023-01-04,1
202449,2025-01-09,United States of America,No_Event, ,202349,202249,2024-01-04,2023-01-05,1
202449,2025-01-10,United States of America,No_Event, ,202349,202249,2024-01-05,2023-01-06,1
202449,2025-01-11,United States of America,Winter Warm Up, ,202349,202249,2024-01-06,2023-01-07,1
202450,2025-01-12,United States of America,Winter Warm Up, ,202350,202250,2024-01-07,2023-01-08,1
202450,2025-01-13,United States of America,Winter Warm Up, ,202350,202250,2024-01-08,2023-01-09,1
202450,2025-01-14,United States of America,Winter Warm Up, ,202350,202250,2024-01-09,2023-01-10,1
202450,2025-01-15,United States of America,Winter Warm Up, ,202350,202250,2024-01-10,2023-01-11,1
202450,2025-01-16,United States of America,No_Event, ,202350,202250,2024-01-11,2023-01-12,1
202450,2025-01-17,United States of America,No_Event, ,202350,202250,2024-01-12,2023-01-13,1
202450,2025-01-18,United States of America,No_Event, ,202350,202250,2024-01-13,2023-01-14,1
202451,2025-01-19,United States of America,No_Event, ,202351,202251,2024-01-14,2023-01-15,1
202451,2025-01-20,United States of America,MLK Day, ,202351,202251,2024-01-15,2023-01-16,1
202451,2025-01-21,United States of America,No_Event, ,202351,202251,2024-01-16,2023-01-17,1
202451,2025-01-22,United States of America,No_Event, ,202351,202251,2024-01-17,2023-01-18,1
202451,2025-01-23,United States of America,No_Event, ,202351,202251,2024-01-18,2023-01-19,1
202451,2025-01-24,United States of America,No_Event, ,202351,202251,2024-01-19,2023-01-20,1
202451,2025-01-25,United States of America,No_Event, ,202351,202251,2024-01-20,2023-01-21,1
202452,2025-01-26,United States of America,No_Event, ,202352,202252,2024-01-21,2023-01-22,1
202452,2025-01-27,United States of America,No_Event, ,202352,202252,2024-01-22,2023-01-23,1
202452,2025-01-28,United States of America,No_Event, ,202352,202252,2024-01-23,2023-01-24,1
202452,2025-01-29,United States of America,No_Event, ,202352,202252,2024-01-24,2023-01-25,1
202452,2025-01-30,United States of America,No_Event, ,202352,202252,2024-01-25,2023-01-26,1
202452,2025-01-31,United States of America,No_Event, ,202352,202252,2024-01-26,2023-01-27,1
202452,2025-02-01,United States of America,No_Event, ,202352,202252,2024-01-27,2023-01-28,1
202501,2025-02-02,United States of America,No_Event, ,202401,202301,2024-02-04,2023-01-29,1
202501,2025-02-03,United States of America,No_Event, ,202401,202301,2024-02-05,2023-01-30,1
202501,2025-02-04,United States of America,No_Event, ,202401,202301,2024-02-06,2023-01-31,1
202501,2025-02-05,United States of America,No_Event, ,202401,202301,2024-02-07,2023-02-01,1
202501,2025-02-06,United States of America,No_Event, ,202401,202301,2024-02-08,2023-02-02,1
202501,2025-02-07,United States of America,No_Event, ,202401,202301,2024-02-09,2023-02-03,1
202501,2025-02-08,United States of America,No_Event, ,202401,202301,2024-02-10,2023-02-04,1
202502,2025-02-09,United States of America,No_Event, ,202402,202302,2024-02-11,2023-02-05,1
202502,2025-02-10,United States of America,No_Event, ,202402,202302,2024-02-12,2023-02-06,1
202502,2025-02-11,United States of America,No_Event, ,202402,202302,2024-02-13,2023-02-07,1
202502,2025-02-12,United States of America,No_Event, ,202402,202302,2024-02-14,2023-02-08,1
202502,2025-02-13,United States of America,No_Event, ,202402,202302,2024-02-15,2023-02-09,1
202502,2025-02-14,United States of America,Valentines Day, ,202402,202302,2024-02-16,2023-02-10,1
202502,2025-02-15,United States of America,No_Event, ,202402,202302,2024-02-17,2023-02-11,1
202503,2025-02-16,United States of America,No_Event, ,202403,202303,2024-02-18,2023-02-12,1
202503,2025-02-17,United States of America,Presidents Day, ,202403,202303,2024-02-19,2023-02-13,1
202503,2025-02-18,United States of America,No_Event, ,202403,202303,2024-02-20,2023-02-14,1
202503,2025-02-19,United States of America,No_Event, ,202403,202303,2024-02-21,2023-02-15,1
202503,2025-02-20,United States of America,No_Event, ,202403,202303,2024-02-22,2023-02-16,1
202503,2025-02-21,United States of America,No_Event, ,202403,202303,2024-02-23,2023-02-17,1
202503,2025-02-22,United States of America,No_Event, ,202403,202303,2024-02-24,2023-02-18,1
202504,2025-02-23,United States of America,No_Event, ,202404,202304,2024-02-25,2023-02-19,1
202504,2025-02-24,United States of America,No_Event, ,202404,202304,2024-02-26,2023-02-20,1
202504,2025-02-25,United States of America,No_Event, ,202404,202304,2024-02-27,2023-02-21,1
202504,2025-02-26,United States of America,No_Event, ,202404,202304,2024-02-28,2023-02-22,1
202504,2025-02-27,United States of America,No_Event, ,202404,202304,2024-02-29,2023-02-23,1
202504,2025-02-28,United States of America,No_Event, ,202404,202304,2024-03-01,2023-02-24,1
202504,2025-03-01,United States of America,No_Event, ,202404,202304,2024-03-02,2023-02-25,1
202505,2025-03-02,United States of America,No_Event, ,202405,202305,2024-03-03,2023-02-26,1
202505,2025-03-03,United States of America,No_Event, ,202405,202305,2024-03-04,2023-02-27,1
202505,2025-03-04,United States of America,No_Event, ,202405,202305,2024-03-05,2023-02-28,1
202505,2025-03-05,United States of America,No_Event, ,202405,202305,2024-03-06,2023-03-01,1
202505,2025-03-06,United States of America,No_Event, ,202405,202305,2024-03-07,2023-03-02,1
202505,2025-03-07,United States of America,No_Event, ,202405,202305,2024-03-08,2023-03-03,1
202505,2025-03-08,United States of America,No_Event, ,202405,202305,2024-03-09,2023-03-04,1
202506,2025-03-09,United States of America,No_Event, ,202406,202306,2024-03-10,2023-03-05,1
202506,2025-03-10,United States of America,No_Event, ,202406,202306,2024-03-11,2023-03-06,1
202506,2025-03-11,United States of America,No_Event, ,202406,202306,2024-03-12,2023-03-07,1
202506,2025-03-12,United States of America,No_Event, ,202406,202306,2024-03-13,2023-03-08,1
202506,2025-03-13,United States of America,No_Event, ,202406,202306,2024-03-14,2023-03-09,1
202506,2025-03-14,United States of America,No_Event, ,202406,202306,2024-03-15,2023-03-10,1
202506,2025-03-15,United States of America,No_Event, ,202406,202306,2024-03-16,2023-03-11,1
202507,2025-03-16,United States of America,No_Event, ,202407,202307,2024-03-17,2023-03-12,1
202507,2025-03-17,United States of America,No_Event, ,202407,202307,2024-03-18,2023-03-13,1
202507,2025-03-18,United States of America,No_Event, ,202407,202307,2024-03-19,2023-03-14,1
202507,2025-03-19,United States of America,No_Event, ,202407,202307,2024-03-20,2023-03-15,1
202507,2025-03-20,United States of America,No_Event, ,202407,202307,2024-03-21,2023-03-16,1
202507,2025-03-21,United States of America,No_Event, ,202407,202307,2024-03-22,2023-03-17,1
202507,2025-03-22,United States of America,No_Event, ,202407,202307,2024-03-23,2023-03-18,1
202508,2025-03-23,United States of America,No_Event, ,202408,202308,2024-03-24,2023-03-19,1
202508,2025-03-24,United States of America,No_Event, ,202408,202308,2024-03-25,2023-03-20,1
202508,2025-03-25,United States of America,No_Event, ,202408,202308,2024-03-26,2023-03-21,1
202508,2025-03-26,United States of America,No_Event, ,202408,202308,2024-03-27,2023-03-22,1
202508,2025-03-27,United States of America,No_Event, ,202408,202308,2024-03-28,2023-03-23,1
202508,2025-03-28,United States of America,No_Event, ,202408,202308,2024-03-29,2023-03-24,1
202508,2025-03-29,United States of America,No_Event, ,202408,202308,2024-03-30,2023-03-25,1
202509,2025-03-30,United States of America,No_Event, ,202409,202309,2024-03-31,2023-03-26,1
202509,2025-03-31,United States of America,No_Event, ,202409,202309,2024-04-01,2023-03-27,1
202509,2025-04-01,United States of America,No_Event, ,202409,202309,2024-04-02,2023-03-28,1
202509,2025-04-02,United States of America,No_Event, ,202409,202309,2024-04-03,2023-03-29,1
202509,2025-04-03,United States of America,No_Event, ,202409,202309,2024-04-04,2023-03-30,1
202509,2025-04-04,United States of America,No_Event, ,202409,202309,2024-04-05,2023-03-31,1
202509,2025-04-05,United States of America,No_Event, ,202409,202309,2024-04-06,2023-04-01,1
202510,2025-04-06,United States of America,No_Event, ,202410,202310,2024-04-07,2023-04-02,1
202510,2025-04-07,United States of America,No_Event, ,202410,202310,2024-04-08,2023-04-03,1
202510,2025-04-08,United States of America,No_Event, ,202410,202310,2024-04-09,2023-04-04,1
202510,2025-04-09,United States of America,No_Event, ,202410,202310,2024-04-10,2023-04-05,1
202510,2025-04-10,United States of America,No_Event, ,202410,202310,2024-04-11,2023-04-06,1
202510,2025-04-11,United States of America,No_Event, ,202410,202310,2024-04-12,2023-04-07,1
202510,2025-04-12,United States of America,No_Event, ,202410,202310,2024-04-13,2023-04-08,1
202511,2025-04-13,United States of America,No_Event, ,202411,202311,2024-04-14,2023-04-09,1
202511,2025-04-14,United States of America,No_Event, ,202411,202311,2024-04-15,2023-04-10,1
202511,2025-04-15,United States of America,No_Event, ,202411,202311,2024-04-16,2023-04-11,1
202511,2025-04-16,United States of America,No_Event, ,202411,202311,2024-04-17,2023-04-12,1
202511,2025-04-17,United States of America,No_Event, ,202411,202311,2024-04-18,2023-04-13,1
202511,2025-04-18,United States of America,Good Friday, ,202411,202311,2024-04-19,2023-04-14,1
202511,2025-04-19,United States of America,No_Event, ,202411,202311,2024-04-20,2023-04-15,1
202512,2025-04-20,United States of America,Easter, ,202412,202312,2024-04-21,2023-04-16,1
202512,2025-04-21,United States of America,No_Event, ,202412,202312,2024-04-22,2023-04-17,1
202512,2025-04-22,United States of America,No_Event, ,202412,202312,2024-04-23,2023-04-18,1
202512,2025-04-23,United States of America,No_Event, ,202412,202312,2024-04-24,2023-04-19,1
202512,2025-04-24,United States of America,No_Event, ,202412,202312,2024-04-25,2023-04-20,1
202512,2025-04-25,United States of America,No_Event, ,202412,202312,2024-04-26,2023-04-21,1
202512,2025-04-26,United States of America,No_Event, ,202412,202312,2024-04-27,2023-04-22,1
202513,2025-04-27,United States of America,No_Event, ,202413,202313,2024-04-28,2023-04-23,1
202513,2025-04-28,United States of America,No_Event, ,202413,202313,2024-04-29,2023-04-24,1
202513,2025-04-29,United States of America,No_Event, ,202413,202313,2024-04-30,2023-04-25,1
202513,2025-04-30,United States of America,No_Event, ,202413,202313,2024-05-01,2023-04-26,1
202513,2025-05-01,United States of America,No_Event, ,202413,202313,2024-05-02,2023-04-27,1
202513,2025-05-02,United States of America,No_Event, ,202413,202313,2024-05-03,2023-04-28,1
202513,2025-05-03,United States of America,No_Event, ,202413,202313,2024-05-04,2023-04-29,1
202514,2025-05-04,United States of America,No_Event, ,202414,202314,2024-05-05,2023-04-30,1
202514,2025-05-05,United States of America,No_Event, ,202414,202314,2024-05-06,2023-05-01,1
202514,2025-05-06,United States of America,No_Event, ,202414,202314,2024-05-07,2023-05-02,1
202514,2025-05-07,United States of America,No_Event, ,202414,202314,2024-05-08,2023-05-03,1
202514,2025-05-08,United States of America,No_Event, ,202414,202314,2024-05-09,2023-05-04,1
202514,2025-05-09,United States of America,No_Event, ,202414,202314,2024-05-10,2023-05-05,1
202514,2025-05-10,United States of America,No_Event, ,202414,202314,2024-05-11,2023-05-06,1
202515,2025-05-11,United States of America,Mothers Day, ,202415,202315,2024-05-12,2023-05-07,1
202515,2025-05-12,United States of America,No_Event, ,202415,202315,2024-05-13,2023-05-08,1
202515,2025-05-13,United States of America,No_Event, ,202415,202315,2024-05-14,2023-05-09,1
202515,2025-05-14,United States of America,No_Event, ,202415,202315,2024-05-15,2023-05-10,1
202515,2025-05-15,United States of America,No_Event, ,202415,202315,2024-05-16,2023-05-11,1
202515,2025-05-16,United States of America,No_Event, ,202415,202315,2024-05-17,2023-05-12,1
202515,2025-05-17,United States of America,No_Event, ,202415,202315,2024-05-18,2023-05-13,1
202516,2025-05-18,United States of America,No_Event, ,202416,202316,2024-05-19,2023-05-14,1
202516,2025-05-19,United States of America,No_Event, ,202416,202316,2024-05-20,2023-05-15,1
202516,2025-05-20,United States of America,No_Event, ,202416,202316,2024-05-21,2023-05-16,1
202516,2025-05-21,United States of America,No_Event, ,202416,202316,2024-05-22,2023-05-17,1
202516,2025-05-22,United States of America,No_Event, ,202416,202316,2024-05-23,2023-05-18,1
202516,2025-05-23,United States of America,No_Event, ,202416,202316,2024-05-24,2023-05-19,1
202516,2025-05-24,United States of America,No_Event, ,202416,202316,2024-05-25,2023-05-20,1
202517,2025-05-25,United States of America,No_Event, ,202417,202317,2024-05-26,2023-05-21,1
202517,2025-05-26,United States of America,Memorial Day, ,202417,202317,2024-05-27,2023-05-22,1
202517,2025-05-27,United States of America,No_Event, ,202417,202317,2024-05-28,2023-05-23,1
202517,2025-05-28,United States of America,No_Event, ,202417,202317,2024-05-29,2023-05-24,1
202517,2025-05-29,United States of America,No_Event, ,202417,202317,2024-05-30,2023-05-25,1
202517,2025-05-30,United States of America,No_Event, ,202417,202317,2024-05-31,2023-05-26,1
202517,2025-05-31,United States of America,No_Event, ,202417,202317,2024-06-01,2023-05-27,1
202518,2025-06-01,United States of America,No_Event, ,202418,202318,2024-06-02,2023-05-28,1
202518,2025-06-02,United States of America,No_Event, ,202418,202318,2024-06-03,2023-05-29,1
202518,2025-06-03,United States of America,No_Event, ,202418,202318,2024-06-04,2023-05-30,1
202518,2025-06-04,United States of America,No_Event, ,202418,202318,2024-06-05,2023-05-31,1
202518,2025-06-05,United States of America,No_Event, ,202418,202318,2024-06-06,2023-06-01,1
202518,2025-06-06,United States of America,No_Event, ,202418,202318,2024-06-07,2023-06-02,1
202518,2025-06-07,United States of America,No_Event, ,202418,202318,2024-06-08,2023-06-03,1
202519,2025-06-08,United States of America,No_Event, ,202419,202319,2024-06-09,2023-06-04,1
202519,2025-06-09,United States of America,No_Event, ,202419,202319,2024-06-10,2023-06-05,1
202519,2025-06-10,United States of America,No_Event, ,202419,202319,2024-06-11,2023-06-06,1
202519,2025-06-11,United States of America,No_Event, ,202419,202319,2024-06-12,2023-06-07,1
202519,2025-06-12,United States of America,No_Event, ,202419,202319,2024-06-13,2023-06-08,1
202519,2025-06-13,United States of America,No_Event, ,202419,202319,2024-06-14,2023-06-09,1
202519,2025-06-14,United States of America,No_Event, ,202419,202319,2024-06-15,2023-06-10,1
202520,2025-06-15,United States of America,Fathers Day, ,202420,202320,2024-06-16,2023-06-11,1
202520,2025-06-16,United States of America,No_Event, ,202420,202320,2024-06-17,2023-06-12,1
202520,2025-06-17,United States of America,No_Event, ,202420,202320,2024-06-18,2023-06-13,1
202520,2025-06-18,United States of America,No_Event, ,202420,202320,2024-06-19,2023-06-14,1
202520,2025-06-19,United States of America,No_Event, ,202420,202320,2024-06-20,2023-06-15,1
202520,2025-06-20,United States of America,No_Event, ,202420,202320,2024-06-21,2023-06-16,1
202520,2025-06-21,United States of America,No_Event, ,202420,202320,2024-06-22,2023-06-17,1
202521,2025-06-22,United States of America,No_Event, ,202421,202321,2024-06-23,2023-06-18,1
202521,2025-06-23,United States of America,No_Event, ,202421,202321,2024-06-24,2023-06-19,1
202521,2025-06-24,United States of America,No_Event, ,202421,202321,2024-06-25,2023-06-20,1
202521,2025-06-25,United States of America,No_Event, ,202421,202321,2024-06-26,2023-06-21,1
202521,2025-06-26,United States of America,No_Event, ,202421,202321,2024-06-27,2023-06-22,1
202521,2025-06-27,United States of America,No_Event, ,202421,202321,2024-06-28,2023-06-23,1
202521,2025-06-28,United States of America,No_Event, ,202421,202321,2024-06-29,2023-06-24,1
202522,2025-06-29,United States of America,No_Event, ,202422,202322,2024-06-30,2023-06-25,1
202522,2025-06-30,United States of America,No_Event, ,202422,202322,2024-07-01,2023-06-26,1
202522,2025-07-01,United States of America,No_Event, ,202422,202322,2024-07-02,2023-06-27,1
202522,2025-07-02,United States of America,No_Event, ,202422,202322,2024-07-03,2023-06-28,1
202522,2025-07-03,United States of America,No_Event, ,202422,202322,2024-07-04,2023-06-29,1
202522,2025-07-04,United States of America,Independence Day, ,202422,202322,2024-07-05,2023-06-30,1
202522,2025-07-05,United States of America,No_Event, ,202422,202322,2024-07-06,2023-07-01,1
202523,2025-07-06,United States of America,No_Event, ,202423,202323,2024-07-07,2023-07-02,1
202523,2025-07-07,United States of America,No_Event, ,202423,202323,2024-07-08,2023-07-03,1
202523,2025-07-08,United States of America,No_Event, ,202423,202323,2024-07-09,2023-07-04,1
202523,2025-07-09,United States of America,No_Event, ,202423,202323,2024-07-10,2023-07-05,1
202523,2025-07-10,United States of America,No_Event, ,202423,202323,2024-07-11,2023-07-06,1
202523,2025-07-11,United States of America,No_Event, ,202423,202323,2024-07-12,2023-07-07,1
202523,2025-07-12,United States of America,No_Event, ,202423,202323,2024-07-13,2023-07-08,1
202524,2025-07-13,United States of America,No_Event, ,202424,202324,2024-07-14,2023-07-09,1
202524,2025-07-14,United States of America,No_Event, ,202424,202324,2024-07-15,2023-07-10,1
202524,2025-07-15,United States of America,No_Event, ,202424,202324,2024-07-16,2023-07-11,1
202524,2025-07-16,United States of America,No_Event, ,202424,202324,2024-07-17,2023-07-12,1
202524,2025-07-17,United States of America,No_Event, ,202424,202324,2024-07-18,2023-07-13,1
202524,2025-07-18,United States of America,No_Event, ,202424,202324,2024-07-19,2023-07-14,1
202524,2025-07-19,United States of America,No_Event, ,202424,202324,2024-07-20,2023-07-15,1
202525,2025-07-20,United States of America,No_Event, ,202425,202325,2024-07-21,2023-07-16,1
202525,2025-07-21,United States of America,No_Event, ,202425,202325,2024-07-22,2023-07-17,1
202525,2025-07-22,United States of America,No_Event, ,202425,202325,2024-07-23,2023-07-18,1
202525,2025-07-23,United States of America,No_Event, ,202425,202325,2024-07-24,2023-07-19,1
202525,2025-07-24,United States of America,No_Event, ,202425,202325,2024-07-25,2023-07-20,1
202525,2025-07-25,United States of America,No_Event, ,202425,202325,2024-07-26,2023-07-21,1
202525,2025-07-26,United States of America,No_Event, ,202425,202325,2024-07-27,2023-07-22,1
202526,2025-07-27,United States of America,No_Event, ,202426,202326,2024-07-28,2023-07-23,1
202526,2025-07-28,United States of America,No_Event, ,202426,202326,2024-07-29,2023-07-24,1
202526,2025-07-29,United States of America,No_Event, ,202426,202326,2024-07-30,2023-07-25,1
202526,2025-07-30,United States of America,No_Event, ,202426,202326,2024-07-31,2023-07-26,1
202526,2025-07-31,United States of America,No_Event, ,202426,202326,2024-08-01,2023-07-27,1
202526,2025-08-01,United States of America,No_Event, ,202426,202326,2024-08-02,2023-07-28,1
202526,2025-08-02,United States of America,No_Event, ,202426,202326,2024-08-03,2023-07-29,1
202527,2025-08-03,United States of America,No_Event, ,202427,202327,2024-08-04,2023-07-30,1
202527,2025-08-04,United States of America,No_Event, ,202427,202327,2024-08-05,2023-07-31,1
202527,2025-08-05,United States of America,No_Event, ,202427,202327,2024-08-06,2023-08-01,1
202527,2025-08-06,United States of America,No_Event, ,202427,202327,2024-08-07,2023-08-02,1
202527,2025-08-07,United States of America,No_Event, ,202427,202327,2024-08-08,2023-08-03,1
202527,2025-08-08,United States of America,No_Event, ,202427,202327,2024-08-09,2023-08-04,1
202527,2025-08-09,United States of America,No_Event, ,202427,202327,2024-08-10,2023-08-05,1
202528,2025-08-10,United States of America,No_Event, ,202428,202328,2024-08-11,2023-08-06,1
202528,2025-08-11,United States of America,No_Event, ,202428,202328,2024-08-12,2023-08-07,1
202528,2025-08-12,United States of America,No_Event, ,202428,202328,2024-08-13,2023-08-08,1
202528,2025-08-13,United States of America,No_Event, ,202428,202328,2024-08-14,2023-08-09,1
202528,2025-08-14,United States of America,No_Event, ,202428,202328,2024-08-15,2023-08-10,1
202528,2025-08-15,United States of America,No_Event, ,202428,202328,2024-08-16,2023-08-11,1
202528,2025-08-16,United States of America,No_Event, ,202428,202328,2024-08-17,2023-08-12,1
202529,2025-08-17,United States of America,No_Event, ,202429,202329,2024-08-18,2023-08-13,1
202529,2025-08-18,United States of America,No_Event, ,202429,202329,2024-08-19,2023-08-14,1
202529,2025-08-19,United States of America,No_Event, ,202429,202329,2024-08-20,2023-08-15,1
202529,2025-08-20,United States of America,No_Event, ,202429,202329,2024-08-21,2023-08-16,1
202529,2025-08-21,United States of America,No_Event, ,202429,202329,2024-08-22,2023-08-17,1
202529,2025-08-22,United States of America,No_Event, ,202429,202329,2024-08-23,2023-08-18,1
202529,2025-08-23,United States of America,No_Event, ,202429,202329,2024-08-24,2023-08-19,1
202530,2025-08-24,United States of America,No_Event, ,202430,202330,2024-08-25,2023-08-20,1
202530,2025-08-25,United States of America,No_Event, ,202430,202330,2024-08-26,2023-08-21,1
202530,2025-08-26,United States of America,No_Event, ,202430,202330,2024-08-27,2023-08-22,1
202530,2025-08-27,United States of America,No_Event, ,202430,202330,2024-08-28,2023-08-23,1
202530,2025-08-28,United States of America,No_Event, ,202430,202330,2024-08-29,2023-08-24,1
202530,2025-08-29,United States of America,No_Event, ,202430,202330,2024-08-30,2023-08-25,1
202530,2025-08-30,United States of America,No_Event, ,202430,202330,2024-08-31,2023-08-26,1
202531,2025-08-31,United States of America,No_Event, ,202431,202331,2024-09-01,2023-08-27,1
202531,2025-09-01,United States of America,Labour Day, ,202431,202331,2024-09-02,2023-08-28,1
202531,2025-09-02,United States of America,No_Event, ,202431,202331,2024-09-03,2023-08-29,1
202531,2025-09-03,United States of America,No_Event, ,202431,202331,2024-09-04,2023-08-30,1
202531,2025-09-04,United States of America,No_Event, ,202431,202331,2024-09-05,2023-08-31,1
202531,2025-09-05,United States of America,No_Event, ,202431,202331,2024-09-06,2023-09-01,1
202531,2025-09-06,United States of America,No_Event, ,202431,202331,2024-09-07,2023-09-02,1
202532,2025-09-07,United States of America,No_Event, ,202432,202332,2024-09-08,2023-09-03,1
202532,2025-09-08,United States of America,No_Event, ,202432,202332,2024-09-09,2023-09-04,1
202532,2025-09-09,United States of America,No_Event, ,202432,202332,2024-09-10,2023-09-05,1
202532,2025-09-10,United States of America,No_Event, ,202432,202332,2024-09-11,2023-09-06,1
202532,2025-09-11,United States of America,No_Event, ,202432,202332,2024-09-12,2023-09-07,1
202532,2025-09-12,United States of America,No_Event, ,202432,202332,2024-09-13,2023-09-08,1
202532,2025-09-13,United States of America,No_Event, ,202432,202332,2024-09-14,2023-09-09,1
202533,2025-09-14,United States of America,No_Event, ,202433,202333,2024-09-15,2023-09-10,1
202533,2025-09-15,United States of America,No_Event, ,202433,202333,2024-09-16,2023-09-11,1
202533,2025-09-16,United States of America,No_Event, ,202433,202333,2024-09-17,2023-09-12,1
202533,2025-09-17,United States of America,No_Event, ,202433,202333,2024-09-18,2023-09-13,1
202533,2025-09-18,United States of America,No_Event, ,202433,202333,2024-09-19,2023-09-14,1
202533,2025-09-19,United States of America,No_Event, ,202433,202333,2024-09-20,2023-09-15,1
202533,2025-09-20,United States of America,No_Event, ,202433,202333,2024-09-21,2023-09-16,1
202534,2025-09-21,United States of America,No_Event, ,202434,202334,2024-09-22,2023-09-17,1
202534,2025-09-22,United States of America,No_Event, ,202434,202334,2024-09-23,2023-09-18,1
202534,2025-09-23,United States of America,No_Event, ,202434,202334,2024-09-24,2023-09-19,1
202534,2025-09-24,United States of America,No_Event, ,202434,202334,2024-09-25,2023-09-20,1
202534,2025-09-25,United States of America,No_Event, ,202434,202334,2024-09-26,2023-09-21,1
202534,2025-09-26,United States of America,No_Event, ,202434,202334,2024-09-27,2023-09-22,1
202534,2025-09-27,United States of America,No_Event, ,202434,202334,2024-09-28,2023-09-23,1
202535,2025-09-28,United States of America,No_Event, ,202435,202335,2024-09-29,2023-09-24,1
202535,2025-09-29,United States of America,No_Event, ,202435,202335,2024-09-30,2023-09-25,1
202535,2025-09-30,United States of America,No_Event, ,202435,202335,2024-10-01,2023-09-26,1
202535,2025-10-01,United States of America,No_Event, ,202435,202335,2024-10-02,2023-09-27,1
202535,2025-10-02,United States of America,No_Event, ,202435,202335,2024-10-03,2023-09-28,1
202535,2025-10-03,United States of America,No_Event, ,202435,202335,2024-10-04,2023-09-29,1
202535,2025-10-04,United States of America,No_Event, ,202435,202335,2024-10-05,2023-09-30,1
202536,2025-10-05,United States of America,No_Event, ,202436,202336,2024-10-06,2023-10-01,1
202536,2025-10-06,United States of America,No_Event, ,202436,202336,2024-10-07,2023-10-02,1
202536,2025-10-07,United States of America,No_Event, ,202436,202336,2024-10-08,2023-10-03,1
202536,2025-10-08,United States of America,No_Event, ,202436,202336,2024-10-09,2023-10-04,1
202536,2025-10-09,United States of America,No_Event, ,202436,202336,2024-10-10,2023-10-05,1
202536,2025-10-10,United States of America,No_Event, ,202436,202336,2024-10-11,2023-10-06,1
202536,2025-10-11,United States of America,No_Event, ,202436,202336,2024-10-12,2023-10-07,1
202537,2025-10-12,United States of America,No_Event, ,202437,202337,2024-10-13,2023-10-08,1
202537,2025-10-13,United States of America,Columbus Day, ,202437,202337,2024-10-14,2023-10-09,1
202537,2025-10-14,United States of America,No_Event, ,202437,202337,2024-10-15,2023-10-10,1
202537,2025-10-15,United States of America,No_Event, ,202437,202337,2024-10-16,2023-10-11,1
202537,2025-10-16,United States of America,No_Event, ,202437,202337,2024-10-17,2023-10-12,1
202537,2025-10-17,United States of America,No_Event, ,202437,202337,2024-10-18,2023-10-13,1
202537,2025-10-18,United States of America,No_Event, ,202437,202337,2024-10-19,2023-10-14,1
202538,2025-10-19,United States of America,No_Event, ,202438,202338,2024-10-20,2023-10-15,1
202538,2025-10-20,United States of America,No_Event, ,202438,202338,2024-10-21,2023-10-16,1
202538,2025-10-21,United States of America,No_Event, ,202438,202338,2024-10-22,2023-10-17,1
202538,2025-10-22,United States of America,No_Event, ,202438,202338,2024-10-23,2023-10-18,1
202538,2025-10-23,United States of America,No_Event, ,202438,202338,2024-10-24,2023-10-19,1
202538,2025-10-24,United States of America,No_Event, ,202438,202338,2024-10-25,2023-10-20,1
202538,2025-10-25,United States of America,No_Event, ,202438,202338,2024-10-26,2023-10-21,1
202539,2025-10-26,United States of America,No_Event, ,202439,202339,2024-10-27,2023-10-22,1
202539,2025-10-27,United States of America,No_Event, ,202439,202339,2024-10-28,2023-10-23,1
202539,2025-10-28,United States of America,No_Event, ,202439,202339,2024-10-29,2023-10-24,1
202539,2025-10-29,United States of America,No_Event, ,202439,202339,2024-10-30,2023-10-25,1
202539,2025-10-30,United States of America,No_Event, ,202439,202339,2024-10-31,2023-10-26,1
202539,2025-10-31,United States of America,Halloween, ,202439,202339,2024-11-01,2023-10-27,1
202539,2025-11-01,United States of America,No_Event, ,202439,202339,2024-11-02,2023-10-28,1
202540,2025-11-02,United States of America,No_Event, ,202440,202340,2024-11-03,2023-10-29,1
202540,2025-11-03,United States of America,No_Event, ,202440,202340,2024-11-04,2023-10-30,1
202540,2025-11-04,United States of America,No_Event, ,202440,202340,2024-11-05,2023-10-31,1
202540,2025-11-05,United States of America,No_Event, ,202440,202340,2024-11-06,2023-11-01,1
202540,2025-11-06,United States of America,No_Event, ,202440,202340,2024-11-07,2023-11-02,1
202540,2025-11-07,United States of America,No_Event, ,202440,202340,2024-11-08,2023-11-03,1
202540,2025-11-08,United States of America,No_Event, ,202440,202340,2024-11-09,2023-11-04,1
202541,2025-11-09,United States of America,No_Event, ,202441,202341,2024-11-10,2023-11-05,1
202541,2025-11-10,United States of America,No_Event, ,202441,202341,2024-11-11,2023-11-06,1
202541,2025-11-11,United States of America,No_Event, ,202441,202341,2024-11-12,2023-11-07,1
202541,2025-11-12,United States of America,No_Event, ,202441,202341,2024-11-13,2023-11-08,1
202541,2025-11-13,United States of America,No_Event, ,202441,202341,2024-11-14,2023-11-09,1
202541,2025-11-14,United States of America,No_Event, ,202441,202341,2024-11-15,2023-11-10,1
202541,2025-11-15,United States of America,No_Event, ,202441,202341,2024-11-16,2023-11-11,1
202542,2025-11-16,United States of America,No_Event, ,202442,202342,2024-11-17,2023-11-12,1
202542,2025-11-17,United States of America,No_Event, ,202442,202342,2024-11-18,2023-11-13,1
202542,2025-11-18,United States of America,No_Event, ,202442,202342,2024-11-19,2023-11-14,1
202542,2025-11-19,United States of America,No_Event, ,202442,202342,2024-11-20,2023-11-15,1
202542,2025-11-20,United States of America,No_Event, ,202442,202342,2024-11-21,2023-11-16,1
202542,2025-11-21,United States of America,No_Event, ,202442,202342,2024-11-22,2023-11-17,1
202542,2025-11-22,United States of America,No_Event, ,202442,202342,2024-11-23,2023-11-18,1
202543,2025-11-23,United States of America,No_Event, ,202443,202343,2024-11-24,2023-11-19,1
202543,2025-11-24,United States of America,No_Event, ,202443,202343,2024-11-25,2023-11-20,1
202543,2025-11-25,United States of America,No_Event, ,202443,202343,2024-11-26,2023-11-21,1
202543,2025-11-26,United States of America,No_Event, ,202443,202343,2024-11-27,2023-11-22,1
202543,2025-11-27,United States of America,Thanksgiving, ,202443,202343,2024-11-28,2023-11-23,1
202543,2025-11-28,United States of America,No_Event, ,202443,202343,2024-11-29,2023-11-24,1
202543,2025-11-29,United States of America,No_Event, ,202443,202343,2024-11-30,2023-11-25,1
202544,2025-11-30,United States of America,No_Event, ,202444,202344,2024-12-01,2023-11-26,1
202544,2025-12-01,United States of America,No_Event, ,202444,202344,2024-12-02,2023-11-27,1
202544,2025-12-02,United States of America,No_Event, ,202444,202344,2024-12-03,2023-11-28,1
202544,2025-12-03,United States of America,No_Event, ,202444,202344,2024-12-04,2023-11-29,1
202544,2025-12-04,United States of America,No_Event, ,202444,202344,2024-12-05,2023-11-30,1
202544,2025-12-05,United States of America,No_Event, ,202444,202344,2024-12-06,2023-12-01,1
202544,2025-12-06,United States of America,No_Event, ,202444,202344,2024-12-07,2023-12-02,1
202545,2025-12-07,United States of America,No_Event, ,202445,202345,2024-12-08,2023-12-03,1
202545,2025-12-08,United States of America,No_Event, ,202445,202345,2024-12-09,2023-12-04,1
202545,2025-12-09,United States of America,No_Event, ,202445,202345,2024-12-10,2023-12-05,1
202545,2025-12-10,United States of America,No_Event, ,202445,202345,2024-12-11,2023-12-06,1
202545,2025-12-11,United States of America,No_Event, ,202445,202345,2024-12-12,2023-12-07,1
202545,2025-12-12,United States of America,No_Event, ,202445,202345,2024-12-13,2023-12-08,1
202545,2025-12-13,United States of America,No_Event, ,202445,202345,2024-12-14,2023-12-09,1
202546,2025-12-14,United States of America,No_Event, ,202446,202346,2024-12-15,2023-12-10,1
202546,2025-12-15,United States of America,No_Event, ,202446,202346,2024-12-16,2023-12-11,1
202546,2025-12-16,United States of America,No_Event, ,202446,202346,2024-12-17,2023-12-12,1
202546,2025-12-17,United States of America,No_Event, ,202446,202346,2024-12-18,2023-12-13,1
202546,2025-12-18,United States of America,No_Event, ,202446,202346,2024-12-19,2023-12-14,1
202546,2025-12-19,United States of America,No_Event, ,202446,202346,2024-12-20,2023-12-15,1
202546,2025-12-20,United States of America,No_Event, ,202446,202346,2024-12-21,2023-12-16,1
202547,2025-12-21,United States of America,No_Event, ,202447,202347,2024-12-22,2023-12-17,1
202547,2025-12-22,United States of America,No_Event, ,202447,202347,2024-12-23,2023-12-18,1
202547,2025-12-23,United States of America,No_Event, ,202447,202347,2024-12-24,2023-12-19,1
202547,2025-12-24,United States of America,No_Event, ,202447,202347,2024-12-25,2023-12-20,1
202547,2025-12-25,United States of America,Christmas, ,202447,202347,2024-12-26,2023-12-21,1
202547,2025-12-26,United States of America,No_Event, ,202447,202347,2024-12-27,2023-12-22,1
202547,2025-12-27,United States of America,No_Event, ,202447,202347,2024-12-28,2023-12-23,1
202548,2025-12-28,United States of America,No_Event, ,202448,202348,2024-12-29,2023-12-24,1
202548,2025-12-29,United States of America,No_Event, ,202448,202348,2024-12-30,2023-12-25,1
202548,2025-12-30,United States of America,No_Event, ,202448,202348,2024-12-31,2023-12-26,1
202548,2025-12-31,United States of America,No_Event, ,202448,202348,2025-01-01,2023-12-27,1
202548,2026-01-01,United States of America,No_Event, ,202448,202348,2025-01-02,2023-12-28,1
202548,2026-01-02,United States of America,No_Event, ,202448,202348,2025-01-03,2023-12-29,1
202548,2026-01-03,United States of America,No_Event, ,202448,202348,2025-01-04,2023-12-30,1
202549,2026-01-04,United States of America,No_Event, ,202449,202349,2025-01-05,2023-12-31,1
202549,2026-01-05,United States of America,No_Event, ,202449,202349,2025-01-06,2024-01-01,1
202549,2026-01-06,United States of America,No_Event, ,202449,202349,2025-01-07,2024-01-02,1
202549,2026-01-07,United States of America,No_Event, ,202449,202349,2025-01-08,2024-01-03,1
202549,2026-01-08,United States of America,No_Event, ,202449,202349,2025-01-09,2024-01-04,1
202549,2026-01-09,United States of America,No_Event, ,202449,202349,2025-01-10,2024-01-05,1
202549,2026-01-10,United States of America,No_Event, ,202449,202349,2025-01-11,2024-01-06,1
202550,2026-01-11,United States of America,No_Event, ,202450,202350,2025-01-12,2024-01-07,1
202550,2026-01-12,United States of America,No_Event, ,202450,202350,2025-01-13,2024-01-08,1
202550,2026-01-13,United States of America,No_Event, ,202450,202350,2025-01-14,2024-01-09,1
202550,2026-01-14,United States of America,No_Event, ,202450,202350,2025-01-15,2024-01-10,1
202550,2026-01-15,United States of America,No_Event, ,202450,202350,2025-01-16,2024-01-11,1
202550,2026-01-16,United States of America,No_Event, ,202450,202350,2025-01-17,2024-01-12,1
202550,2026-01-17,United States of America,No_Event, ,202450,202350,2025-01-18,2024-01-13,1
202551,2026-01-18,United States of America,No_Event, ,202451,202351,2025-01-19,2024-01-14,1
202551,2026-01-19,United States of America,MLK Day, ,202451,202351,2025-01-20,2024-01-15,1
202551,2026-01-20,United States of America,No_Event, ,202451,202351,2025-01-21,2024-01-16,1
202551,2026-01-21,United States of America,No_Event, ,202451,202351,2025-01-22,2024-01-17,1
202551,2026-01-22,United States of America,No_Event, ,202451,202351,2025-01-23,2024-01-18,1
202551,2026-01-23,United States of America,No_Event, ,202451,202351,2025-01-24,2024-01-19,1
202551,2026-01-24,United States of America,No_Event, ,202451,202351,2025-01-25,2024-01-20,1
202552,2026-01-25,United States of America,No_Event, ,202452,202352,2025-01-26,2024-01-21,1
202552,2026-01-26,United States of America,No_Event, ,202452,202352,2025-01-27,2024-01-22,1
202552,2026-01-27,United States of America,No_Event, ,202452,202352,2025-01-28,2024-01-23,1
202552,2026-01-28,United States of America,No_Event, ,202452,202352,2025-01-29,2024-01-24,1
202552,2026-01-29,United States of America,No_Event, ,202452,202352,2025-01-30,2024-01-25,1
202552,2026-01-30,United States of America,No_Event, ,202452,202352,2025-01-31,2024-01-26,1
202552,2026-01-31,United States of America,No_Event, ,202452,202352,2025-02-01,2024-01-27,1
202601,2026-02-01,United States of America,No_Event, ,202501,202401,2025-02-02,2024-02-04,1
202601,2026-02-02,United States of America,No_Event, ,202501,202401,2025-02-03,2024-02-05,1
202601,2026-02-03,United States of America,No_Event, ,202501,202401,2025-02-04,2024-02-06,1
202601,2026-02-04,United States of America,No_Event, ,202501,202401,2025-02-05,2024-02-07,1
202601,2026-02-05,United States of America,No_Event, ,202501,202401,2025-02-06,2024-02-08,1
202601,2026-02-06,United States of America,No_Event, ,202501,202401,2025-02-07,2024-02-09,1
202601,2026-02-07,United States of America,No_Event, ,202501,202401,2025-02-08,2024-02-10,1
202602,2026-02-08,United States of America,No_Event, ,202502,202402,2025-02-09,2024-02-11,1
202602,2026-02-09,United States of America,No_Event, ,202502,202402,2025-02-10,2024-02-12,1
202602,2026-02-10,United States of America,No_Event, ,202502,202402,2025-02-11,2024-02-13,1
202602,2026-02-11,United States of America,No_Event, ,202502,202402,2025-02-12,2024-02-14,1
202602,2026-02-12,United States of America,No_Event, ,202502,202402,2025-02-13,2024-02-15,1
202602,2026-02-13,United States of America,No_Event, ,202502,202402,2025-02-14,2024-02-16,1
202602,2026-02-14,United States of America,Valentines Day, ,202502,202402,2025-02-15,2024-02-17,1
202603,2026-02-15,United States of America,No_Event, ,202503,202403,2025-02-16,2024-02-18,1
202603,2026-02-16,United States of America,Presidents Day, ,202503,202403,2025-02-17,2024-02-19,1
202603,2026-02-17,United States of America,No_Event, ,202503,202403,2025-02-18,2024-02-20,1
202603,2026-02-18,United States of America,No_Event, ,202503,202403,2025-02-19,2024-02-21,1
202603,2026-02-19,United States of America,No_Event, ,202503,202403,2025-02-20,2024-02-22,1
202603,2026-02-20,United States of America,No_Event, ,202503,202403,2025-02-21,2024-02-23,1
202603,2026-02-21,United States of America,No_Event, ,202503,202403,2025-02-22,2024-02-24,1
202604,2026-02-22,United States of America,No_Event, ,202504,202404,2025-02-23,2024-02-25,1
202604,2026-02-23,United States of America,No_Event, ,202504,202404,2025-02-24,2024-02-26,1
202604,2026-02-24,United States of America,No_Event, ,202504,202404,2025-02-25,2024-02-27,1
202604,2026-02-25,United States of America,No_Event, ,202504,202404,2025-02-26,2024-02-28,1
202604,2026-02-26,United States of America,No_Event, ,202504,202404,2025-02-27,2024-02-29,1
202604,2026-02-27,United States of America,No_Event, ,202504,202404,2025-02-28,2024-03-01,1
202604,2026-02-28,United States of America,No_Event, ,202504,202404,2025-03-01,2024-03-02,1
202605,2026-03-01,United States of America,No_Event, ,202505,202405,2025-03-02,2024-03-03,1
202605,2026-03-02,United States of America,No_Event, ,202505,202405,2025-03-03,2024-03-04,1
202605,2026-03-03,United States of America,No_Event, ,202505,202405,2025-03-04,2024-03-05,1
202605,2026-03-04,United States of America,No_Event, ,202505,202405,2025-03-05,2024-03-06,1
202605,2026-03-05,United States of America,No_Event, ,202505,202405,2025-03-06,2024-03-07,1
202605,2026-03-06,United States of America,No_Event, ,202505,202405,2025-03-07,2024-03-08,1
202605,2026-03-07,United States of America,No_Event, ,202505,202405,2025-03-08,2024-03-09,1
202606,2026-03-08,United States of America,No_Event, ,202506,202406,2025-03-09,2024-03-10,1
202606,2026-03-09,United States of America,No_Event, ,202506,202406,2025-03-10,2024-03-11,1
202606,2026-03-10,United States of America,No_Event, ,202506,202406,2025-03-11,2024-03-12,1
202606,2026-03-11,United States of America,No_Event, ,202506,202406,2025-03-12,2024-03-13,1
202606,2026-03-12,United States of America,No_Event, ,202506,202406,2025-03-13,2024-03-14,1
202606,2026-03-13,United States of America,No_Event, ,202506,202406,2025-03-14,2024-03-15,1
202606,2026-03-14,United States of America,No_Event, ,202506,202406,2025-03-15,2024-03-16,1
202607,2026-03-15,United States of America,No_Event, ,202507,202407,2025-03-16,2024-03-17,1
202607,2026-03-16,United States of America,No_Event, ,202507,202407,2025-03-17,2024-03-18,1
202607,2026-03-17,United States of America,No_Event, ,202507,202407,2025-03-18,2024-03-19,1
202607,2026-03-18,United States of America,No_Event, ,202507,202407,2025-03-19,2024-03-20,1
202607,2026-03-19,United States of America,No_Event, ,202507,202407,2025-03-20,2024-03-21,1
202607,2026-03-20,United States of America,No_Event, ,202507,202407,2025-03-21,2024-03-22,1
202607,2026-03-21,United States of America,No_Event, ,202507,202407,2025-03-22,2024-03-23,1
202608,2026-03-22,United States of America,No_Event, ,202508,202408,2025-03-23,2024-03-24,1
202608,2026-03-23,United States of America,No_Event, ,202508,202408,2025-03-24,2024-03-25,1
202608,2026-03-24,United States of America,No_Event, ,202508,202408,2025-03-25,2024-03-26,1
202608,2026-03-25,United States of America,No_Event, ,202508,202408,2025-03-26,2024-03-27,1
202608,2026-03-26,United States of America,No_Event, ,202508,202408,2025-03-27,2024-03-28,1
202608,2026-03-27,United States of America,No_Event, ,202508,202408,2025-03-28,2024-03-29,1
202608,2026-03-28,United States of America,No_Event, ,202508,202408,2025-03-29,2024-03-30,1
202609,2026-03-29,United States of America,No_Event, ,202509,202409,2025-03-30,2024-03-31,1
202609,2026-03-30,United States of America,No_Event, ,202509,202409,2025-03-31,2024-04-01,1
202609,2026-03-31,United States of America,No_Event, ,202509,202409,2025-04-01,2024-04-02,1
202609,2026-04-01,United States of America,No_Event, ,202509,202409,2025-04-02,2024-04-03,1
202609,2026-04-02,United States of America,No_Event, ,202509,202409,2025-04-03,2024-04-04,1
202609,2026-04-03,United States of America,No_Event, ,202509,202409,2025-04-04,2024-04-05,1
202609,2026-04-04,United States of America,No_Event, ,202509,202409,2025-04-05,2024-04-06,1
202610,2026-04-05,United States of America,Easter, ,202510,202410,2025-04-06,2024-04-07,1
202610,2026-04-06,United States of America,No_Event, ,202510,202410,2025-04-07,2024-04-08,1
202610,2026-04-07,United States of America,No_Event, ,202510,202410,2025-04-08,2024-04-09,1
202610,2026-04-08,United States of America,No_Event, ,202510,202410,2025-04-09,2024-04-10,1
202610,2026-04-09,United States of America,No_Event, ,202510,202410,2025-04-10,2024-04-11,1
202610,2026-04-10,United States of America,No_Event, ,202510,202410,2025-04-11,2024-04-12,1
202610,2026-04-11,United States of America,No_Event, ,202510,202410,2025-04-12,2024-04-13,1
202611,2026-04-12,United States of America,No_Event, ,202511,202411,2025-04-13,2024-04-14,1
202611,2026-04-13,United States of America,No_Event, ,202511,202411,2025-04-14,2024-04-15,1
202611,2026-04-14,United States of America,No_Event, ,202511,202411,2025-04-15,2024-04-16,1
202611,2026-04-15,United States of America,No_Event, ,202511,202411,2025-04-16,2024-04-17,1
202611,2026-04-16,United States of America,No_Event, ,202511,202411,2025-04-17,2024-04-18,1
202611,2026-04-17,United States of America,No_Event, ,202511,202411,2025-04-18,2024-04-19,1
202611,2026-04-18,United States of America,No_Event, ,202511,202411,2025-04-19,2024-04-20,1
202612,2026-04-19,United States of America,No_Event, ,202512,202412,2025-04-20,2024-04-21,1
202612,2026-04-20,United States of America,No_Event, ,202512,202412,2025-04-21,2024-04-22,1
202612,2026-04-21,United States of America,No_Event, ,202512,202412,2025-04-22,2024-04-23,1
202612,2026-04-22,United States of America,No_Event, ,202512,202412,2025-04-23,2024-04-24,1
202612,2026-04-23,United States of America,No_Event, ,202512,202412,2025-04-24,2024-04-25,1
202612,2026-04-24,United States of America,No_Event, ,202512,202412,2025-04-25,2024-04-26,1
202612,2026-04-25,United States of America,No_Event, ,202512,202412,2025-04-26,2024-04-27,1
202613,2026-04-26,United States of America,No_Event, ,202513,202413,2025-04-27,2024-04-28,1
202613,2026-04-27,United States of America,No_Event, ,202513,202413,2025-04-28,2024-04-29,1
202613,2026-04-28,United States of America,No_Event, ,202513,202413,2025-04-29,2024-04-30,1
202613,2026-04-29,United States of America,No_Event, ,202513,202413,2025-04-30,2024-05-01,1
202613,2026-04-30,United States of America,No_Event, ,202513,202413,2025-05-01,2024-05-02,1
202613,2026-05-01,United States of America,No_Event, ,202513,202413,2025-05-02,2024-05-03,1
202613,2026-05-02,United States of America,No_Event, ,202513,202413,2025-05-03,2024-05-04,1
202614,2026-05-03,United States of America,No_Event, ,202514,202414,2025-05-04,2024-05-05,1
202614,2026-05-04,United States of America,No_Event, ,202514,202414,2025-05-05,2024-05-06,1
202614,2026-05-05,United States of America,No_Event, ,202514,202414,2025-05-06,2024-05-07,1
202614,2026-05-06,United States of America,No_Event, ,202514,202414,2025-05-07,2024-05-08,1
202614,2026-05-07,United States of America,No_Event, ,202514,202414,2025-05-08,2024-05-09,1
202614,2026-05-08,United States of America,No_Event, ,202514,202414,2025-05-09,2024-05-10,1
202614,2026-05-09,United States of America,No_Event, ,202514,202414,2025-05-10,2024-05-11,1
202615,2026-05-10,United States of America,Mothers Day, ,202515,202415,2025-05-11,2024-05-12,1
202615,2026-05-11,United States of America,No_Event, ,202515,202415,2025-05-12,2024-05-13,1
202615,2026-05-12,United States of America,No_Event, ,202515,202415,2025-05-13,2024-05-14,1
202615,2026-05-13,United States of America,No_Event, ,202515,202415,2025-05-14,2024-05-15,1
202615,2026-05-14,United States of America,No_Event, ,202515,202415,2025-05-15,2024-05-16,1
202615,2026-05-15,United States of America,No_Event, ,202515,202415,2025-05-16,2024-05-17,1
202615,2026-05-16,United States of America,No_Event, ,202515,202415,2025-05-17,2024-05-18,1
202616,2026-05-17,United States of America,No_Event, ,202516,202416,2025-05-18,2024-05-19,1
202616,2026-05-18,United States of America,No_Event, ,202516,202416,2025-05-19,2024-05-20,1
202616,2026-05-19,United States of America,No_Event, ,202516,202416,2025-05-20,2024-05-21,1
202616,2026-05-20,United States of America,No_Event, ,202516,202416,2025-05-21,2024-05-22,1
202616,2026-05-21,United States of America,No_Event, ,202516,202416,2025-05-22,2024-05-23,1
202616,2026-05-22,United States of America,No_Event, ,202516,202416,2025-05-23,2024-05-24,1
202616,2026-05-23,United States of America,No_Event, ,202516,202416,2025-05-24,2024-05-25,1
202617,2026-05-24,United States of America,No_Event, ,202517,202417,2025-05-25,2024-05-26,1
202617,2026-05-25,United States of America,Memorial Day, ,202517,202417,2025-05-26,2024-05-27,1
202617,2026-05-26,United States of America,No_Event, ,202517,202417,2025-05-27,2024-05-28,1
202617,2026-05-27,United States of America,No_Event, ,202517,202417,2025-05-28,2024-05-29,1
202617,2026-05-28,United States of America,No_Event, ,202517,202417,2025-05-29,2024-05-30,1
202617,2026-05-29,United States of America,No_Event, ,202517,202417,2025-05-30,2024-05-31,1
202617,2026-05-30,United States of America,No_Event, ,202517,202417,2025-05-31,2024-06-01,1
202618,2026-05-31,United States of America,No_Event, ,202518,202418,2025-06-01,2024-06-02,1
202618,2026-06-01,United States of America,No_Event, ,202518,202418,2025-06-02,2024-06-03,1
202618,2026-06-02,United States of America,No_Event, ,202518,202418,2025-06-03,2024-06-04,1
202618,2026-06-03,United States of America,No_Event, ,202518,202418,2025-06-04,2024-06-05,1
202618,2026-06-04,United States of America,No_Event, ,202518,202418,2025-06-05,2024-06-06,1
202618,2026-06-05,United States of America,No_Event, ,202518,202418,2025-06-06,2024-06-07,1
202618,2026-06-06,United States of America,No_Event, ,202518,202418,2025-06-07,2024-06-08,1
202619,2026-06-07,United States of America,No_Event, ,202519,202419,2025-06-08,2024-06-09,1
202619,2026-06-08,United States of America,No_Event, ,202519,202419,2025-06-09,2024-06-10,1
202619,2026-06-09,United States of America,No_Event, ,202519,202419,2025-06-10,2024-06-11,1
202619,2026-06-10,United States of America,No_Event, ,202519,202419,2025-06-11,2024-06-12,1
202619,2026-06-11,United States of America,No_Event, ,202519,202419,2025-06-12,2024-06-13,1
202619,2026-06-12,United States of America,No_Event, ,202519,202419,2025-06-13,2024-06-14,1
202619,2026-06-13,United States of America,No_Event, ,202519,202419,2025-06-14,2024-06-15,1
202620,2026-06-14,United States of America,No_Event, ,202520,202420,2025-06-15,2024-06-16,1
202620,2026-06-15,United States of America,No_Event, ,202520,202420,2025-06-16,2024-06-17,1
202620,2026-06-16,United States of America,No_Event, ,202520,202420,2025-06-17,2024-06-18,1
202620,2026-06-17,United States of America,No_Event, ,202520,202420,2025-06-18,2024-06-19,1
202620,2026-06-18,United States of America,No_Event, ,202520,202420,2025-06-19,2024-06-20,1
202620,2026-06-19,United States of America,No_Event, ,202520,202420,2025-06-20,2024-06-21,1
202620,2026-06-20,United States of America,No_Event, ,202520,202420,2025-06-21,2024-06-22,1
202621,2026-06-21,United States of America,Fathers Day, ,202521,202421,2025-06-22,2024-06-23,1
202621,2026-06-22,United States of America,No_Event, ,202521,202421,2025-06-23,2024-06-24,1
202621,2026-06-23,United States of America,No_Event, ,202521,202421,2025-06-24,2024-06-25,1
202621,2026-06-24,United States of America,No_Event, ,202521,202421,2025-06-25,2024-06-26,1
202621,2026-06-25,United States of America,No_Event, ,202521,202421,2025-06-26,2024-06-27,1
202621,2026-06-26,United States of America,No_Event, ,202521,202421,2025-06-27,2024-06-28,1
202621,2026-06-27,United States of America,No_Event, ,202521,202421,2025-06-28,2024-06-29,1
202622,2026-06-28,United States of America,No_Event, ,202522,202422,2025-06-29,2024-06-30,1
202622,2026-06-29,United States of America,No_Event, ,202522,202422,2025-06-30,2024-07-01,1
202622,2026-06-30,United States of America,No_Event, ,202522,202422,2025-07-01,2024-07-02,1
202622,2026-07-01,United States of America,No_Event, ,202522,202422,2025-07-02,2024-07-03,1
202622,2026-07-02,United States of America,No_Event, ,202522,202422,2025-07-03,2024-07-04,1
202622,2026-07-03,United States of America,No_Event, ,202522,202422,2025-07-04,2024-07-05,1
202622,2026-07-04,United States of America,No_Event, ,202522,202422,2025-07-05,2024-07-06,1
202623,2026-07-05,United States of America,No_Event, ,202523,202423,2025-07-06,2024-07-07,1
202623,2026-07-06,United States of America,No_Event, ,202523,202423,2025-07-07,2024-07-08,1
202623,2026-07-07,United States of America,No_Event, ,202523,202423,2025-07-08,2024-07-09,1
202623,2026-07-08,United States of America,No_Event, ,202523,202423,2025-07-09,2024-07-10,1
202623,2026-07-09,United States of America,No_Event, ,202523,202423,2025-07-10,2024-07-11,1
202623,2026-07-10,United States of America,No_Event, ,202523,202423,2025-07-11,2024-07-12,1
202623,2026-07-11,United States of America,No_Event, ,202523,202423,2025-07-12,2024-07-13,1
202624,2026-07-12,United States of America,No_Event, ,202524,202424,2025-07-13,2024-07-14,1
202624,2026-07-13,United States of America,No_Event, ,202524,202424,2025-07-14,2024-07-15,1
202624,2026-07-14,United States of America,No_Event, ,202524,202424,2025-07-15,2024-07-16,1
202624,2026-07-15,United States of America,No_Event, ,202524,202424,2025-07-16,2024-07-17,1
202624,2026-07-16,United States of America,No_Event, ,202524,202424,2025-07-17,2024-07-18,1
202624,2026-07-17,United States of America,No_Event, ,202524,202424,2025-07-18,2024-07-19,1
202624,2026-07-18,United States of America,No_Event, ,202524,202424,2025-07-19,2024-07-20,1
202625,2026-07-19,United States of America,No_Event, ,202525,202425,2025-07-20,2024-07-21,1
202625,2026-07-20,United States of America,No_Event, ,202525,202425,2025-07-21,2024-07-22,1
202625,2026-07-21,United States of America,No_Event, ,202525,202425,2025-07-22,2024-07-23,1
202625,2026-07-22,United States of America,No_Event, ,202525,202425,2025-07-23,2024-07-24,1
202625,2026-07-23,United States of America,No_Event, ,202525,202425,2025-07-24,2024-07-25,1
202625,2026-07-24,United States of America,No_Event, ,202525,202425,2025-07-25,2024-07-26,1
202625,2026-07-25,United States of America,No_Event, ,202525,202425,2025-07-26,2024-07-27,1
202626,2026-07-26,United States of America,No_Event, ,202526,202426,2025-07-27,2024-07-28,1
202626,2026-07-27,United States of America,No_Event, ,202526,202426,2025-07-28,2024-07-29,1
202626,2026-07-28,United States of America,No_Event, ,202526,202426,2025-07-29,2024-07-30,1
202626,2026-07-29,United States of America,No_Event, ,202526,202426,2025-07-30,2024-07-31,1
202626,2026-07-30,United States of America,No_Event, ,202526,202426,2025-07-31,2024-08-01,1
202626,2026-07-31,United States of America,No_Event, ,202526,202426,2025-08-01,2024-08-02,1
202626,2026-08-01,United States of America,No_Event, ,202526,202426,2025-08-02,2024-08-03,1
202627,2026-08-02,United States of America,No_Event, ,202527,202427,2025-08-03,2024-08-04,1
202627,2026-08-03,United States of America,No_Event, ,202527,202427,2025-08-04,2024-08-05,1
202627,2026-08-04,United States of America,No_Event, ,202527,202427,2025-08-05,2024-08-06,1
202627,2026-08-05,United States of America,No_Event, ,202527,202427,2025-08-06,2024-08-07,1
202627,2026-08-06,United States of America,No_Event, ,202527,202427,2025-08-07,2024-08-08,1
202627,2026-08-07,United States of America,No_Event, ,202527,202427,2025-08-08,2024-08-09,1
202627,2026-08-08,United States of America,No_Event, ,202527,202427,2025-08-09,2024-08-10,1
202628,2026-08-09,United States of America,No_Event, ,202528,202428,2025-08-10,2024-08-11,1
202628,2026-08-10,United States of America,No_Event, ,202528,202428,2025-08-11,2024-08-12,1
202628,2026-08-11,United States of America,No_Event, ,202528,202428,2025-08-12,2024-08-13,1
202628,2026-08-12,United States of America,No_Event, ,202528,202428,2025-08-13,2024-08-14,1
202628,2026-08-13,United States of America,No_Event, ,202528,202428,2025-08-14,2024-08-15,1
202628,2026-08-14,United States of America,No_Event, ,202528,202428,2025-08-15,2024-08-16,1
202628,2026-08-15,United States of America,No_Event, ,202528,202428,2025-08-16,2024-08-17,1
202629,2026-08-16,United States of America,No_Event, ,202529,202429,2025-08-17,2024-08-18,1
202629,2026-08-17,United States of America,No_Event, ,202529,202429,2025-08-18,2024-08-19,1
202629,2026-08-18,United States of America,No_Event, ,202529,202429,2025-08-19,2024-08-20,1
202629,2026-08-19,United States of America,No_Event, ,202529,202429,2025-08-20,2024-08-21,1
202629,2026-08-20,United States of America,No_Event, ,202529,202429,2025-08-21,2024-08-22,1
202629,2026-08-21,United States of America,No_Event, ,202529,202429,2025-08-22,2024-08-23,1
202629,2026-08-22,United States of America,No_Event, ,202529,202429,2025-08-23,2024-08-24,1
202630,2026-08-23,United States of America,No_Event, ,202530,202430,2025-08-24,2024-08-25,1
202630,2026-08-24,United States of America,No_Event, ,202530,202430,2025-08-25,2024-08-26,1
202630,2026-08-25,United States of America,No_Event, ,202530,202430,2025-08-26,2024-08-27,1
202630,2026-08-26,United States of America,No_Event, ,202530,202430,2025-08-27,2024-08-28,1
202630,2026-08-27,United States of America,No_Event, ,202530,202430,2025-08-28,2024-08-29,1
202630,2026-08-28,United States of America,No_Event, ,202530,202430,2025-08-29,2024-08-30,1
202630,2026-08-29,United States of America,No_Event, ,202530,202430,2025-08-30,2024-08-31,1
202631,2026-08-30,United States of America,No_Event, ,202531,202431,2025-08-31,2024-09-01,1
202631,2026-08-31,United States of America,No_Event, ,202531,202431,2025-09-01,2024-09-02,1
202631,2026-09-01,United States of America,No_Event, ,202531,202431,2025-09-02,2024-09-03,1
202631,2026-09-02,United States of America,No_Event, ,202531,202431,2025-09-03,2024-09-04,1
202631,2026-09-03,United States of America,No_Event, ,202531,202431,2025-09-04,2024-09-05,1
202631,2026-09-04,United States of America,No_Event, ,202531,202431,2025-09-05,2024-09-06,1
202631,2026-09-05,United States of America,No_Event, ,202531,202431,2025-09-06,2024-09-07,1
202632,2026-09-06,United States of America,No_Event, ,202532,202432,2025-09-07,2024-09-08,1
202632,2026-09-07,United States of America,Labour Day, ,202532,202432,2025-09-08,2024-09-09,1
202632,2026-09-08,United States of America,No_Event, ,202532,202432,2025-09-09,2024-09-10,1
202632,2026-09-09,United States of America,No_Event, ,202532,202432,2025-09-10,2024-09-11,1
202632,2026-09-10,United States of America,No_Event, ,202532,202432,2025-09-11,2024-09-12,1
202632,2026-09-11,United States of America,No_Event, ,202532,202432,2025-09-12,2024-09-13,1
202632,2026-09-12,United States of America,No_Event, ,202532,202432,2025-09-13,2024-09-14,1
202633,2026-09-13,United States of America,No_Event, ,202533,202433,2025-09-14,2024-09-15,1
202633,2026-09-14,United States of America,No_Event, ,202533,202433,2025-09-15,2024-09-16,1
202633,2026-09-15,United States of America,No_Event, ,202533,202433,2025-09-16,2024-09-17,1
202633,2026-09-16,United States of America,No_Event, ,202533,202433,2025-09-17,2024-09-18,1
202633,2026-09-17,United States of America,No_Event, ,202533,202433,2025-09-18,2024-09-19,1
202633,2026-09-18,United States of America,No_Event, ,202533,202433,2025-09-19,2024-09-20,1
202633,2026-09-19,United States of America,No_Event, ,202533,202433,2025-09-20,2024-09-21,1
202634,2026-09-20,United States of America,No_Event, ,202534,202434,2025-09-21,2024-09-22,1
202634,2026-09-21,United States of America,No_Event, ,202534,202434,2025-09-22,2024-09-23,1
202634,2026-09-22,United States of America,No_Event, ,202534,202434,2025-09-23,2024-09-24,1
202634,2026-09-23,United States of America,No_Event, ,202534,202434,2025-09-24,2024-09-25,1
202634,2026-09-24,United States of America,No_Event, ,202534,202434,2025-09-25,2024-09-26,1
202634,2026-09-25,United States of America,No_Event, ,202534,202434,2025-09-26,2024-09-27,1
202634,2026-09-26,United States of America,No_Event, ,202534,202434,2025-09-27,2024-09-28,1
202635,2026-09-27,United States of America,No_Event, ,202535,202435,2025-09-28,2024-09-29,1
202635,2026-09-28,United States of America,No_Event, ,202535,202435,2025-09-29,2024-09-30,1
202635,2026-09-29,United States of America,No_Event, ,202535,202435,2025-09-30,2024-10-01,1
202635,2026-09-30,United States of America,No_Event, ,202535,202435,2025-10-01,2024-10-02,1
202635,2026-10-01,United States of America,No_Event, ,202535,202435,2025-10-02,2024-10-03,1
202635,2026-10-02,United States of America,No_Event, ,202535,202435,2025-10-03,2024-10-04,1
202635,2026-10-03,United States of America,No_Event, ,202535,202435,2025-10-04,2024-10-05,1
202636,2026-10-04,United States of America,No_Event, ,202536,202436,2025-10-05,2024-10-06,1
202636,2026-10-05,United States of America,No_Event, ,202536,202436,2025-10-06,2024-10-07,1
202636,2026-10-06,United States of America,No_Event, ,202536,202436,2025-10-07,2024-10-08,1
202636,2026-10-07,United States of America,No_Event, ,202536,202436,2025-10-08,2024-10-09,1
202636,2026-10-08,United States of America,No_Event, ,202536,202436,2025-10-09,2024-10-10,1
202636,2026-10-09,United States of America,No_Event, ,202536,202436,2025-10-10,2024-10-11,1
202636,2026-10-10,United States of America,No_Event, ,202536,202436,2025-10-11,2024-10-12,1
202637,2026-10-11,United States of America,No_Event, ,202537,202437,2025-10-12,2024-10-13,1
202637,2026-10-12,United States of America,Columbus Day, ,202537,202437,2025-10-13,2024-10-14,1
202637,2026-10-13,United States of America,No_Event, ,202537,202437,2025-10-14,2024-10-15,1
202637,2026-10-14,United States of America,No_Event, ,202537,202437,2025-10-15,2024-10-16,1
202637,2026-10-15,United States of America,No_Event, ,202537,202437,2025-10-16,2024-10-17,1
202637,2026-10-16,United States of America,No_Event, ,202537,202437,2025-10-17,2024-10-18,1
202637,2026-10-17,United States of America,No_Event, ,202537,202437,2025-10-18,2024-10-19,1
202638,2026-10-18,United States of America,No_Event, ,202538,202438,2025-10-19,2024-10-20,1
202638,2026-10-19,United States of America,No_Event, ,202538,202438,2025-10-20,2024-10-21,1
202638,2026-10-20,United States of America,No_Event, ,202538,202438,2025-10-21,2024-10-22,1
202638,2026-10-21,United States of America,No_Event, ,202538,202438,2025-10-22,2024-10-23,1
202638,2026-10-22,United States of America,No_Event, ,202538,202438,2025-10-23,2024-10-24,1
202638,2026-10-23,United States of America,No_Event, ,202538,202438,2025-10-24,2024-10-25,1
202638,2026-10-24,United States of America,No_Event, ,202538,202438,2025-10-25,2024-10-26,1
202639,2026-10-25,United States of America,No_Event, ,202539,202439,2025-10-26,2024-10-27,1
202639,2026-10-26,United States of America,No_Event, ,202539,202439,2025-10-27,2024-10-28,1
202639,2026-10-27,United States of America,No_Event, ,202539,202439,2025-10-28,2024-10-29,1
202639,2026-10-28,United States of America,No_Event, ,202539,202439,2025-10-29,2024-10-30,1
202639,2026-10-29,United States of America,No_Event, ,202539,202439,2025-10-30,2024-10-31,1
202639,2026-10-30,United States of America,No_Event, ,202539,202439,2025-10-31,2024-11-01,1
202639,2026-10-31,United States of America,Halloween, ,202539,202439,2025-11-01,2024-11-02,1
202640,2026-11-01,United States of America,No_Event, ,202540,202440,2025-11-02,2024-11-03,1
202640,2026-11-02,United States of America,No_Event, ,202540,202440,2025-11-03,2024-11-04,1
202640,2026-11-03,United States of America,No_Event, ,202540,202440,2025-11-04,2024-11-05,1
202640,2026-11-04,United States of America,No_Event, ,202540,202440,2025-11-05,2024-11-06,1
202640,2026-11-05,United States of America,No_Event, ,202540,202440,2025-11-06,2024-11-07,1
202640,2026-11-06,United States of America,No_Event, ,202540,202440,2025-11-07,2024-11-08,1
202640,2026-11-07,United States of America,No_Event, ,202540,202440,2025-11-08,2024-11-09,1
202641,2026-11-08,United States of America,No_Event, ,202541,202441,2025-11-09,2024-11-10,1
202641,2026-11-09,United States of America,No_Event, ,202541,202441,2025-11-10,2024-11-11,1
202641,2026-11-10,United States of America,No_Event, ,202541,202441,2025-11-11,2024-11-12,1
202641,2026-11-11,United States of America,No_Event, ,202541,202441,2025-11-12,2024-11-13,1
202641,2026-11-12,United States of America,No_Event, ,202541,202441,2025-11-13,2024-11-14,1
202641,2026-11-13,United States of America,No_Event, ,202541,202441,2025-11-14,2024-11-15,1
202641,2026-11-14,United States of America,No_Event, ,202541,202441,2025-11-15,2024-11-16,1
202642,2026-11-15,United States of America,No_Event, ,202542,202442,2025-11-16,2024-11-17,1
202642,2026-11-16,United States of America,No_Event, ,202542,202442,2025-11-17,2024-11-18,1
202642,2026-11-17,United States of America,No_Event, ,202542,202442,2025-11-18,2024-11-19,1
202642,2026-11-18,United States of America,No_Event, ,202542,202442,2025-11-19,2024-11-20,1
202642,2026-11-19,United States of America,No_Event, ,202542,202442,2025-11-20,2024-11-21,1
202642,2026-11-20,United States of America,No_Event, ,202542,202442,2025-11-21,2024-11-22,1
202642,2026-11-21,United States of America,No_Event, ,202542,202442,2025-11-22,2024-11-23,1
202643,2026-11-22,United States of America,No_Event, ,202543,202443,2025-11-23,2024-11-24,1
202643,2026-11-23,United States of America,No_Event, ,202543,202443,2025-11-24,2024-11-25,1
202643,2026-11-24,United States of America,No_Event, ,202543,202443,2025-11-25,2024-11-26,1
202643,2026-11-25,United States of America,No_Event, ,202543,202443,2025-11-26,2024-11-27,1
202643,2026-11-26,United States of America,Thanksgiving, ,202543,202443,2025-11-27,2024-11-28,1
202643,2026-11-27,United States of America,No_Event, ,202543,202443,2025-11-28,2024-11-29,1
202643,2026-11-28,United States of America,No_Event, ,202543,202443,2025-11-29,2024-11-30,1
202644,2026-11-29,United States of America,No_Event, ,202544,202444,2025-11-30,2024-12-01,1
202644,2026-11-30,United States of America,No_Event, ,202544,202444,2025-12-01,2024-12-02,1
202644,2026-12-01,United States of America,No_Event, ,202544,202444,2025-12-02,2024-12-03,1
202644,2026-12-02,United States of America,No_Event, ,202544,202444,2025-12-03,2024-12-04,1
202644,2026-12-03,United States of America,No_Event, ,202544,202444,2025-12-04,2024-12-05,1
202644,2026-12-04,United States of America,No_Event, ,202544,202444,2025-12-05,2024-12-06,1
202644,2026-12-05,United States of America,No_Event, ,202544,202444,2025-12-06,2024-12-07,1
202645,2026-12-06,United States of America,No_Event, ,202545,202445,2025-12-07,2024-12-08,1
202645,2026-12-07,United States of America,No_Event, ,202545,202445,2025-12-08,2024-12-09,1
202645,2026-12-08,United States of America,No_Event, ,202545,202445,2025-12-09,2024-12-10,1
202645,2026-12-09,United States of America,No_Event, ,202545,202445,2025-12-10,2024-12-11,1
202645,2026-12-10,United States of America,No_Event, ,202545,202445,2025-12-11,2024-12-12,1
202645,2026-12-11,United States of America,No_Event, ,202545,202445,2025-12-12,2024-12-13,1
202645,2026-12-12,United States of America,No_Event, ,202545,202445,2025-12-13,2024-12-14,1
202646,2026-12-13,United States of America,No_Event, ,202546,202446,2025-12-14,2024-12-15,1
202646,2026-12-14,United States of America,No_Event, ,202546,202446,2025-12-15,2024-12-16,1
202646,2026-12-15,United States of America,No_Event, ,202546,202446,2025-12-16,2024-12-17,1
202646,2026-12-16,United States of America,No_Event, ,202546,202446,2025-12-17,2024-12-18,1
202646,2026-12-17,United States of America,No_Event, ,202546,202446,2025-12-18,2024-12-19,1
202646,2026-12-18,United States of America,No_Event, ,202546,202446,2025-12-19,2024-12-20,1
202646,2026-12-19,United States of America,No_Event, ,202546,202446,2025-12-20,2024-12-21,1
202647,2026-12-20,United States of America,No_Event, ,202547,202447,2025-12-21,2024-12-22,1
202647,2026-12-21,United States of America,No_Event, ,202547,202447,2025-12-22,2024-12-23,1
202647,2026-12-22,United States of America,No_Event, ,202547,202447,2025-12-23,2024-12-24,1
202647,2026-12-23,United States of America,No_Event, ,202547,202447,2025-12-24,2024-12-25,1
202647,2026-12-24,United States of America,No_Event, ,202547,202447,2025-12-25,2024-12-26,1
202647,2026-12-25,United States of America,Christmas, ,202547,202447,2025-12-26,2024-12-27,1
202647,2026-12-26,United States of America,No_Event, ,202547,202447,2025-12-27,2024-12-28,1
202648,2026-12-27,United States of America,No_Event, ,202548,202448,2025-12-28,2024-12-29,1
202648,2026-12-28,United States of America,No_Event, ,202548,202448,2025-12-29,2024-12-30,1
202648,2026-12-29,United States of America,No_Event, ,202548,202448,2025-12-30,2024-12-31,1
202648,2026-12-30,United States of America,No_Event, ,202548,202448,2025-12-31,2025-01-01,1
202648,2026-12-31,United States of America,No_Event, ,202548,202448,2026-01-01,2025-01-02,1
202648,2027-01-01,United States of America,No_Event, ,202548,202448,2026-01-02,2025-01-03,1
202648,2027-01-02,United States of America,No_Event, ,202548,202448,2026-01-03,2025-01-04,1
202649,2027-01-03,United States of America,No_Event, ,202549,202449,2026-01-04,2025-01-05,1
202649,2027-01-04,United States of America,No_Event, ,202549,202449,2026-01-05,2025-01-06,1
202649,2027-01-05,United States of America,No_Event, ,202549,202449,2026-01-06,2025-01-07,1
202649,2027-01-06,United States of America,No_Event, ,202549,202449,2026-01-07,2025-01-08,1
202649,2027-01-07,United States of America,No_Event, ,202549,202449,2026-01-08,2025-01-09,1
202649,2027-01-08,United States of America,No_Event, ,202549,202449,2026-01-09,2025-01-10,1
202649,2027-01-09,United States of America,No_Event, ,202549,202449,2026-01-10,2025-01-11,1
202650,2027-01-10,United States of America,No_Event, ,202550,202450,2026-01-11,2025-01-12,1
202650,2027-01-11,United States of America,No_Event, ,202550,202450,2026-01-12,2025-01-13,1
202650,2027-01-12,United States of America,No_Event, ,202550,202450,2026-01-13,2025-01-14,1
202650,2027-01-13,United States of America,No_Event, ,202550,202450,2026-01-14,2025-01-15,1
202650,2027-01-14,United States of America,No_Event, ,202550,202450,2026-01-15,2025-01-16,1
202650,2027-01-15,United States of America,No_Event, ,202550,202450,2026-01-16,2025-01-17,1
202650,2027-01-16,United States of America,No_Event, ,202550,202450,2026-01-17,2025-01-18,1
202651,2027-01-17,United States of America,No_Event, ,202551,202451,2026-01-18,2025-01-19,1
202651,2027-01-18,United States of America,No_Event, ,202551,202451,2026-01-19,2025-01-20,1
202651,2027-01-19,United States of America,No_Event, ,202551,202451,2026-01-20,2025-01-21,1
202651,2027-01-20,United States of America,No_Event, ,202551,202451,2026-01-21,2025-01-22,1
202651,2027-01-21,United States of America,No_Event, ,202551,202451,2026-01-22,2025-01-23,1
202651,2027-01-22,United States of America,No_Event, ,202551,202451,2026-01-23,2025-01-24,1
202651,2027-01-23,United States of America,No_Event, ,202551,202451,2026-01-24,2025-01-25,1
202652,2027-01-24,United States of America,No_Event, ,202552,202452,2026-01-25,2025-01-26,1
202652,2027-01-25,United States of America,No_Event, ,202552,202452,2026-01-26,2025-01-27,1
202652,2027-01-26,United States of America,No_Event, ,202552,202452,2026-01-27,2025-01-28,1
202652,2027-01-27,United States of America,No_Event, ,202552,202452,2026-01-28,2025-01-29,1
202652,2027-01-28,United States of America,No_Event, ,202552,202452,2026-01-29,2025-01-30,1
202652,2027-01-29,United States of America,No_Event, ,202552,202452,2026-01-30,2025-01-31,1
202652,2027-01-30,United States of America,No_Event, ,202552,202452,2026-01-31,2025-02-01,1
