tc_code,label,column_name,dimension,type,is_frozen,is_editable,is_aggregated,order_of_display,is_hidden,is_required,tc_mapping_code,child_tc_mapping_code,aggregate_type,formatter,is_row_span,footer,is_searchable,extra,is_sortable,width,is_deleted,is_master_group
80,Style Color ID,article,product,link,TRUE,TRUE,FALSE,1,FALSE,TRUE,2007,,,,FALSE,,TRUE,{},TRUE,200,FALSE,FALSE
80,Category,l1_name,product,str,FALSE,FALSE,FALSE,3,FALSE,TRUE,2009,,,,FALSE,,TRUE,{},TRUE,200,FALSE,FALSE
80,Sub Category,l2_name,product,str,FALSE,FALSE,FALSE,5,FALSE,FALSE,2011,,,,FALSE,,TRUE,{},TRUE,200,FALSE,FALSE
80,Brand,l3_name,product,str,TRUE,FALSE,FALSE,1.1,FALSE,TRUE,2030,,,,FALSE,,TRUE,{},TRUE,200,FALSE,FALSE
80,Merchandise Category,l5_name,product,str,FALSE,FALSE,FALSE,6,FALSE,FALSE,2012,,,,FALSE,,TRUE,{},TRUE,200,FALSE,FALSE
80,Generic Article ID,l6_name,product,str,FALSE,FALSE,FALSE,7,FALSE,TRUE,2040,,,,FALSE,,TRUE,{},TRUE,200,FALSE,FALSE
80,Color,color,product,str,FALSE,FALSE,FALSE,8,FALSE,TRUE,2041,,,,FALSE,,TRUE,{},TRUE,200,FALSE,FALSE
81,Product Profile,name,Product Profile,link,TRUE,TRUE,FALSE,1,FALSE,TRUE,2013,,,,FALSE,,TRUE,{},TRUE,200,FALSE,FALSE
81,Style Color Information,product_info,Product Profile,link,FALSE,TRUE,FALSE,2,FALSE,TRUE,321022,,,,FALSE,,TRUE,{},TRUE,200,FALSE,FALSE
81,Category,l1_name,product,str,FALSE,FALSE,FALSE,2,FALSE,TRUE,2014,321022,,,FALSE,,TRUE,{},TRUE,200,FALSE,FALSE
81,Sub Category,l2_name,product,str,FALSE,FALSE,FALSE,3,FALSE,TRUE,2024,321022,,,FALSE,,TRUE,"{""enableColumnExpand"": true, ""columnGroupShow"": ""open""}",TRUE,200,FALSE,FALSE
81,Brand,l3_name,product,str,FALSE,FALSE,FALSE,4,FALSE,TRUE,2025,321022,,,FALSE,,TRUE,"{""enableColumnExpand"": true, ""columnGroupShow"": ""open""}",TRUE,200,FALSE,FALSE
81,Merchandise Category,l5_name,product,str,FALSE,FALSE,FALSE,5,FALSE,FALSE,2026,321022,,,FALSE,,TRUE,"{""enableColumnExpand"": true, ""columnGroupShow"": ""open""}",TRUE,200,FALSE,FALSE
81,Time Attribute,date_value,Product Profile,str,FALSE,FALSE,FALSE,8,FALSE,TRUE,2017,,,,FALSE,,FALSE,{},TRUE,200,FALSE,FALSE
81,Sales Attribute,sales_attribute,Product Profile,str,FALSE,FALSE,FALSE,9,FALSE,TRUE,2023,,,,FALSE,,FALSE,{},TRUE,200,FALSE,FALSE
81,Delete,delete,Product Profile,delete_icon,FALSE,TRUE,FALSE,12,FALSE,TRUE,2021,,,,FALSE,,FALSE,{},TRUE,200,FALSE,FALSE
81,Edit,edit,Product Profile,edit_icon,FALSE,TRUE,FALSE,11,FALSE,TRUE,2020,,,,FALSE,,FALSE,{},TRUE,200,FALSE,FALSE
81,Created At,created_at,product,date,FALSE,FALSE,FALSE,10,FALSE,TRUE,2018,,,DD-MM-YYYY,FALSE,,TRUE,{},TRUE,200,FALSE,FALSE
81,Created By,user_name,Product Profile,str,FALSE,FALSE,FALSE,10.1,FALSE,TRUE,2019,,,,FALSE,,TRUE,{},TRUE,200,FALSE,FALSE
82,Style ID,article,product,str,FALSE,FALSE,FALSE,0,FALSE,TRUE,82_article_Style ID_product,,,,FALSE,,TRUE,{},TRUE,200,FALSE,FALSE
82,Product Description,style_name,product,str,FALSE,FALSE,FALSE,1,FALSE,TRUE,82_style_name_Product Description_product,,,,FALSE,,TRUE,{},TRUE,200,FALSE,FALSE
82,Contribution __ia_char_11,contribution,Product Profile,percentage,FALSE,FALSE,FALSE,2,FALSE,TRUE,82_contribution_Contribution __ia_char_11_Product Profile,,,roundOfftoTwoDecimals,FALSE,,FALSE,"{""multiplier"": true}",TRUE,200,FALSE,FALSE
83,Generic Article ID,l5_name,product,str,FALSE,FALSE,FALSE,0,FALSE,TRUE,83_l5_name_Generic Article ID_product,,,,FALSE,,TRUE,{},TRUE,200,FALSE,FALSE
83,Style Color ID,article,product,str,FALSE,FALSE,FALSE,1,FALSE,TRUE,83_article_Style Color ID_product,,,,FALSE,,TRUE,{},TRUE,200,FALSE,FALSE
83,Contribution __ia_char_11,contribution,Product Profile,percentage,FALSE,FALSE,FALSE,2,FALSE,TRUE,83_contribution_Contribution __ia_char_11_Product Profile,,,roundOfftoTwoDecimals,FALSE,,FALSE,"{""multiplier"": true}",TRUE,200,FALSE,FALSE
83,Sales Qty,sales,Product Profile,int,FALSE,FALSE,FALSE,3,FALSE,TRUE,83_sales_Sales Qty_Product Profile,,,,FALSE,,TRUE,{},TRUE,200,FALSE,FALSE
83,Sales Organisation Code,l0_name,product,str,FALSE,FALSE,FALSE,0,FALSE,FALSE,83_l0_name_Sales Organisation Code_product,,,,FALSE,,TRUE,{},TRUE,200,FALSE,FALSE
97,Store Code,store_code,store,str,FALSE,FALSE,FALSE,1,FALSE,FALSE,2772,,,,FALSE,,TRUE,{},TRUE,300,FALSE,FALSE
97,Store Name,store_name,store,str,FALSE,FALSE,FALSE,2,FALSE,FALSE,2781,,,,FALSE,,TRUE,{},TRUE,300,FALSE,FALSE
97,Store On Hand,oh,custom,int,FALSE,FALSE,FALSE,3,FALSE,FALSE,2780,,,,FALSE,,TRUE,{},TRUE,300,FALSE,FALSE
97,Store On Order,oo,custom,int,FALSE,FALSE,FALSE,4,FALSE,FALSE,2779,,,,FALSE,,TRUE,{},TRUE,300,FALSE,FALSE
97,In Transit To Store,it,custom,int,FALSE,FALSE,FALSE,5,FALSE,FALSE,2775,,,,FALSE,,TRUE,{},TRUE,300,FALSE,FALSE
97,WOC,wos,custom,int,FALSE,FALSE,FALSE,6,FALSE,FALSE,2776,,,,FALSE,,FALSE,{},TRUE,300,FALSE,FALSE
97,Size Integrity,size_integrity_oh_oo_it,custom,int,FALSE,FALSE,FALSE,7,FALSE,FALSE,2790,,,,FALSE,,FALSE,{},TRUE,300,FALSE,FALSE
97,LW Units,lw_units,custom,int,FALSE,FALSE,FALSE,8,FALSE,FALSE,2777,,,,FALSE,,TRUE,{},TRUE,300,FALSE,FALSE
97,LW Revenue,lw_revenue,custom,int,FALSE,FALSE,FALSE,9,FALSE,FALSE,2778,,,,FALSE,,TRUE,{},TRUE,300,FALSE,FALSE
97,LW Margin,lw_margin,custom,int,FALSE,FALSE,FALSE,10,FALSE,FALSE,2791,,,,FALSE,,TRUE,{},TRUE,300,FALSE,FALSE
122,Style Color Information,product_info,product,str,FALSE,FALSE,FALSE,2,FALSE,FALSE,321000,,,,FALSE,,TRUE,{},TRUE,300,FALSE,FALSE
122,Style Color ID,article,product,str,FALSE,FALSE,FALSE,1,FALSE,FALSE,12201,321000,,,FALSE,,TRUE,{},TRUE,300,FALSE,FALSE
122,Category,l1_name,product,str,FALSE,FALSE,FALSE,2,FALSE,FALSE,12202,321000,,,FALSE,,TRUE,"{""enableColumnExpand"": true, ""columnGroupShow"": ""open""}",TRUE,300,FALSE,FALSE
122,Sub Category,l2_name,product,str,FALSE,FALSE,FALSE,3,FALSE,FALSE,12203,321000,,,FALSE,,TRUE,"{""enableColumnExpand"": true, ""columnGroupShow"": ""open""}",TRUE,300,FALSE,FALSE
122,Brand,l3_name,product,str,FALSE,FALSE,FALSE,4,FALSE,FALSE,12204,321000,,,FALSE,,TRUE,"{""enableColumnExpand"": true, ""columnGroupShow"": ""open""}",TRUE,300,FALSE,FALSE
122,Merchandise Category,l5_name,product,str,FALSE,FALSE,FALSE,5,FALSE,FALSE,12205,321000,,,FALSE,,TRUE,"{""enableColumnExpand"": true, ""columnGroupShow"": ""open""}",TRUE,300,FALSE,FALSE
122,Generic Article ID,l6_name,product,str,FALSE,FALSE,FALSE,6,FALSE,FALSE,12206,321000,,,FALSE,,TRUE,"{""enableColumnExpand"": true, ""columnGroupShow"": ""open""}",TRUE,300,FALSE,FALSE
122,Style Description,style_name,product,str,FALSE,FALSE,FALSE,7,FALSE,FALSE,12207,321000,,,FALSE,,TRUE,"{""enableColumnExpand"": true, ""columnGroupShow"": ""open""}",TRUE,300,FALSE,FALSE
122,Product Life Cycle,product_type,product,str,FALSE,FALSE,FALSE,8,FALSE,FALSE,12208,321000,,,FALSE,,TRUE,"{""enableColumnExpand"": true, ""columnGroupShow"": ""open""}",TRUE,300,FALSE,FALSE
122,Product Tag,product_tag,Product,str,FALSE,FALSE,FALSE,9,FALSE,FALSE,323009,,,,FALSE,,TRUE,{},TRUE,200,FALSE,FALSE
122,Sales Performance,sales_performance,custom,str,FALSE,FALSE,FALSE,10,FALSE,FALSE,12209,,,,FALSE,,FALSE,{},TRUE,300,FALSE,FALSE
122,LW Units,lw_qty,custom,str,FALSE,FALSE,FALSE,11,FALSE,FALSE,12210,12209,,,FALSE,,FALSE,{},TRUE,300,FALSE,FALSE
122,LW Revenue $,lw_revenue,custom,float,FALSE,FALSE,FALSE,12,FALSE,FALSE,12211,12209,,roundOfftoTwoDecimals,FALSE,,FALSE,{},TRUE,300,FALSE,FALSE
122,LW Margin $,lw_margin,custom,float,FALSE,FALSE,FALSE,13,FALSE,FALSE,12212,12209,,roundOfftoTwoDecimals,FALSE,,FALSE,{},TRUE,300,FALSE,FALSE
122,ASP,aur,custom,float,FALSE,FALSE,FALSE,14,FALSE,FALSE,12214,12209,,roundOfftoTwoDecimals,FALSE,,FALSE,{},TRUE,200,FALSE,FALSE
122,Sales Last 8 Weeks,sales_last_8_weeks,Product,table-chart,FALSE,FALSE,FALSE,15,FALSE,FALSE,323001,12209,,,FALSE,,TRUE,"{""plotType"": ""line"", ""dataLabels"": [""-W8"", ""-W7"", ""-W6"", ""-W5"", ""-W4"", ""-W3"", ""-W2"", ""-W1""]}",TRUE,200,FALSE,FALSE
122,Sales - WTD vs LW,sales_cw_vs_lw,Product,table-chart,FALSE,FALSE,FALSE,16,FALSE,FALSE,323002,12209,,,FALSE,,TRUE,"{""plotType"": ""bar"", ""dataLabels"": [""Last Week"", ""This Week""]}",TRUE,200,FALSE,FALSE
122,Inventory,inventory,custom,str,FALSE,FALSE,FALSE,18,FALSE,FALSE,12215,,,,FALSE,,FALSE,{},TRUE,200,FALSE,FALSE
122,Store On Hand,oh,custom,int,FALSE,FALSE,FALSE,19,FALSE,FALSE,12216,12215,,,FALSE,,FALSE,{},TRUE,200,FALSE,FALSE
122,Store On Order,oo,custom,int,FALSE,FALSE,FALSE,20,FALSE,FALSE,12217,12215,,,FALSE,,FALSE,{},TRUE,200,FALSE,FALSE
122,In Transit to Store,it,custom,int,FALSE,FALSE,FALSE,21,FALSE,FALSE,12218,12215,,,FALSE,,FALSE,{},TRUE,200,FALSE,FALSE
122,OH +OO + IT,tot_inv,custom,int,FALSE,FALSE,FALSE,22,FALSE,FALSE,12219,12215,,,FALSE,,TRUE,{},TRUE,200,FALSE,FALSE
122,Promo __ia_char_11,promo_percentage,custom,progress-bar,FALSE,FALSE,FALSE,23,FALSE,FALSE,12220,12215,,roundOff,FALSE,,FALSE,{},TRUE,200,FALSE,FALSE
122,WOC (OH),wos_oh,custom,float,FALSE,FALSE,FALSE,24,TRUE,FALSE,12224,12215,,roundOfftoTwoDecimals,FALSE,,FALSE,{},FALSE,200,FALSE,FALSE
122,WOC (OH + IT),wos_oh_it,custom,float,FALSE,FALSE,FALSE,25,FALSE,FALSE,12225,12215,,roundOfftoTwoDecimals,FALSE,,FALSE,{},TRUE,200,FALSE,FALSE
122,WOC (OH + OO + IT),wos,custom,float,FALSE,FALSE,FALSE,26,FALSE,FALSE,12226,12215,,roundOfftoTwoDecimals,FALSE,,FALSE,{},TRUE,200,FALSE,FALSE
122,Bulk Remaining,oh_dc,custom,int,FALSE,FALSE,FALSE,27,FALSE,FALSE,12227,12215,,,FALSE,,FALSE,{},TRUE,200,FALSE,FALSE
122,Size Integrity (OH) __ia_char_11,si,custom,progress-bar,FALSE,FALSE,FALSE,28,FALSE,FALSE,12228,12215,,roundOff,FALSE,,FALSE,{},TRUE,200,FALSE,FALSE
122,Current WOS (OH),cwos,Store,cell-tag,FALSE,FALSE,FALSE,29,FALSE,FALSE,323007,,,,FALSE,,TRUE,"{""badgeLabel"": ""Target WOS""}",TRUE,200,FALSE,FALSE
122,Store Inv. Snapshot,snapshot,Store,box-plot,FALSE,FALSE,FALSE,30,FALSE,FALSE,323005,,,,FALSE,,TRUE,{},TRUE,200,FALSE,FALSE
122,Store Count,Store Count,custom,str,FALSE,FALSE,FALSE,31,FALSE,FALSE,12229,,,,FALSE,,FALSE,{},FALSE,200,FALSE,FALSE
122,Stockout,stockout,custom,link,FALSE,TRUE,FALSE,32,FALSE,FALSE,12230,12229,,roundOff,FALSE,,FALSE,{},TRUE,200,FALSE,FALSE
122,Shortfall,shortfall,custom,link,FALSE,TRUE,FALSE,33,FALSE,FALSE,12231,12229,,roundOff,FALSE,,FALSE,{},TRUE,200,FALSE,FALSE
122,Normal,normal,custom,link,FALSE,TRUE,FALSE,34,FALSE,FALSE,12232,12229,,roundOff,FALSE,,FALSE,{},TRUE,200,FALSE,FALSE
122,Overstock,excess,custom,link,FALSE,TRUE,FALSE,35,FALSE,FALSE,12233,12229,,roundOff,FALSE,,FALSE,{},TRUE,200,FALSE,FALSE
122,Custom KPIs,custom_kpis,others,str,FALSE,FALSE,FALSE,36,FALSE,FALSE,12240,,,,FALSE,,FALSE,{},TRUE,200,FALSE,FALSE
244,Store Name,store_name,store,str,TRUE,FALSE,FALSE,0,FALSE,TRUE,102_store_name_Store Name_store,,,,FALSE,,TRUE,{},TRUE,200,FALSE,FALSE
244,Store Code,store_code,store,str,TRUE,FALSE,FALSE,1,TRUE,TRUE,102_store_code_Store Code_store,,,,FALSE,,TRUE,{},TRUE,200,FALSE,FALSE
244,Overall Proportion __ia_char_11,overall_proportion,others,percentage,FALSE,FALSE,FALSE,2,FALSE,TRUE,102_overall_proportion_Overall Proportion __ia_char_11_others,,,roundOfftoTwoDecimals,FALSE,,TRUE,"{""defaultSortBy"": ""desc"", ""multiplier"": true}",TRUE,200,FALSE,FALSE
244,Product Profile Pen __ia_char_11,product_profile_pen,others,percentage,FALSE,FALSE,FALSE,3,FALSE,FALSE,102_product_profile_pen_Product Profile Pen __ia_char_11_others,,,roundOfftoTwoDecimals,FALSE,,FALSE,"{""multiplier"": true}",TRUE,200,FALSE,FALSE
240,Overall Proportion %,overall_proportion,others,percentage,FALSE,TRUE,FALSE,4,FALSE,TRUE,2053,,,roundOfftoTwoDecimals,FALSE,,FALSE,"{""defaultSortBy"": ""desc"", ""multiplier"": true}",TRUE,200,FALSE,FALSE
240,Product Profile Pen %,product_profile_pen,others,percentage,FALSE,TRUE,FALSE,5,FALSE,FALSE,2052,,,roundOfftoTwoDecimals,FALSE,,FALSE,"{""multiplier"": true}",TRUE,200,FALSE,FALSE
240,Store Code,store_code,others,str,TRUE,FALSE,FALSE,2,FALSE,TRUE,2051,,,,FALSE,,TRUE,{},TRUE,200,FALSE,FALSE
240,Store Name,store_name,others,str,TRUE,FALSE,FALSE,1,FALSE,TRUE,2050,,,,FALSE,,TRUE,{},TRUE,200,FALSE,FALSE
242,Store Name,store_name,store,str,TRUE,FALSE,FALSE,0,FALSE,TRUE,242_store_name_Store Name_store,,,,FALSE,,TRUE,{},TRUE,200,FALSE,FALSE
242,Store Code,store_code,store,str,FALSE,FALSE,FALSE,1,FALSE,TRUE,242_store_code_Store Code_store,,,,FALSE,,TRUE,{},TRUE,200,FALSE,FALSE
242,Overall Proportion __ia_char_11,overall_proportion,others,percentage,FALSE,FALSE,FALSE,2,FALSE,TRUE,242_overall_proportion_Overall Proportion __ia_char_11_others,,,roundOfftoTwoDecimals,FALSE,,FALSE,"{""defaultSortBy"": ""desc"", ""multiplier"": true}",TRUE,200,FALSE,FALSE
242,Product Profile Pen __ia_char_11,product_profile_pen,others,percentage,FALSE,FALSE,FALSE,3,FALSE,FALSE,242_product_profile_pen_Product Profile Pen __ia_char_11_others,,,roundOfftoTwoDecimals,FALSE,,FALSE,"{""multiplier"": true}",TRUE,200,FALSE,FALSE
5001,Style Color ID,article,Product,str,TRUE,FALSE,FALSE,1,FALSE,FALSE,10001,,,,FALSE,,TRUE,"{""infiniteScrollingLoader"":""true""}",TRUE,200,FALSE,FALSE
5001,Style Color Information,product_info,Product,str,FALSE,FALSE,FALSE,2,FALSE,FALSE,321023,,,,FALSE,,TRUE,{},TRUE,200,FALSE,FALSE
5001,Category,l1_name,Product,str,FALSE,FALSE,FALSE,2,FALSE,FALSE,10017,321023,,,FALSE,,TRUE,{},TRUE,200,FALSE,FALSE
5001,Sub Category,l2_name,Product,str,FALSE,FALSE,FALSE,3,FALSE,FALSE,10018,321023,,,FALSE,,TRUE,"{""enableColumnExpand"": true, ""columnGroupShow"": ""open""}",TRUE,200,FALSE,FALSE
5001,Brand,l3_name,Product,str,FALSE,FALSE,FALSE,4,FALSE,FALSE,10053,321023,,,FALSE,,TRUE,"{""enableColumnExpand"": true, ""columnGroupShow"": ""open""}",TRUE,210,FALSE,FALSE
5001,Merchandise Category,l5_name,Product,str,FALSE,FALSE,FALSE,5,FALSE,FALSE,10054,321023,,,FALSE,,TRUE,"{""enableColumnExpand"": true, ""columnGroupShow"": ""open""}",TRUE,210,FALSE,FALSE
5001,Generic Article ID,l6_name,Product,str,FALSE,FALSE,FALSE,6,FALSE,FALSE,10058,321023,,,FALSE,,TRUE,"{""enableColumnExpand"": true, ""columnGroupShow"": ""open""}",TRUE,210,FALSE,FALSE
5001,Style Description,style_name,Product,str,FALSE,FALSE,FALSE,7,FALSE,FALSE,10057,321023,,,FALSE,,TRUE,"{""enableColumnExpand"": true, ""columnGroupShow"": ""open""}",TRUE,210,FALSE,FALSE
5001,LW Units,lw_units,Product,int,FALSE,FALSE,FALSE,8,FALSE,FALSE,10020,,,,FALSE,,FALSE,{},TRUE,150,FALSE,FALSE
5001,LW Revenue $,lw_revenue,Product,dollar,FALSE,FALSE,FALSE,9,FALSE,FALSE,10021,,,,FALSE,,FALSE,{},TRUE,160,FALSE,FALSE
5001,LW Margin $,lw_margin,Product,dollar,FALSE,FALSE,FALSE,10,FALSE,FALSE,10022,,,,FALSE,,FALSE,{},TRUE,120,FALSE,FALSE
5001,Promo %,promo_percentage,Product,percentage,FALSE,FALSE,FALSE,11,FALSE,FALSE,10023,,,,FALSE,,FALSE,{},TRUE,120,FALSE,FALSE
5001,ASP,aur,Product,dollar,FALSE,FALSE,FALSE,12,FALSE,FALSE,10024,,,,FALSE,,FALSE,{},TRUE,120,FALSE,FALSE
5001,Store On Hand,oh,Product,int,FALSE,FALSE,FALSE,14,FALSE,FALSE,10026,,,roundOff,FALSE,,FALSE,{},TRUE,200,FALSE,FALSE
5001,Store On Order,oo,Product,int,FALSE,FALSE,FALSE,15,FALSE,FALSE,10050,,,roundOff,FALSE,,FALSE,"{""isRangeFilter"": true}",TRUE,250,FALSE,FALSE
5001,In Transit to Store,it,Product,int,FALSE,FALSE,FALSE,16,FALSE,FALSE,10051,,,roundOff,FALSE,,FALSE,"{""isRangeFilter"": true}",TRUE,250,FALSE,FALSE
5001,OH + OO + IT,tot_inv,Product,int,FALSE,FALSE,FALSE,17,FALSE,FALSE,10052,,,roundOff,FALSE,,FALSE,"{""isRangeFilter"": true}",TRUE,250,FALSE,FALSE
5001,WOC (OH),wos_oh,Product,float,FALSE,FALSE,FALSE,18,FALSE,FALSE,100530,,,roundOfftoTwoDecimals,FALSE,,FALSE,"{""isRangeFilter"": true}",TRUE,250,FALSE,FALSE
5001,WOC (OH + IT),wos_oh_it,Product,float,FALSE,FALSE,FALSE,19,FALSE,FALSE,100540,,,roundOfftoTwoDecimals,FALSE,,FALSE,"{""isRangeFilter"": true}",TRUE,250,FALSE,FALSE
5001,WOC (OH + OO + IT),wos,Product,float,FALSE,FALSE,FALSE,20,FALSE,FALSE,10055,,,roundOfftoTwoDecimals,FALSE,,FALSE,"{""isRangeFilter"": true}",TRUE,250,FALSE,FALSE
5001,Bulk Remaining,oh_dc,Product,int,FALSE,FALSE,FALSE,21,FALSE,FALSE,10056,,,roundOff,FALSE,,FALSE,"{""isRangeFilter"": true}",TRUE,250,FALSE,FALSE
5001,Stockout,stockout,Product,int,FALSE,FALSE,FALSE,24,FALSE,FALSE,321211,,,roundOff,FALSE,,FALSE,{},TRUE,120,FALSE,FALSE
5001,Shortfall,shortfall,Product,int,FALSE,FALSE,FALSE,25,FALSE,FALSE,321212,,,roundOff,FALSE,,FALSE,{},TRUE,120,FALSE,FALSE
5001,Normal,normal,Product,int,FALSE,FALSE,FALSE,26,FALSE,FALSE,321213,,,roundOff,FALSE,,FALSE,{},TRUE,120,FALSE,FALSE
5001,Overstock,excess,Product,int,FALSE,FALSE,FALSE,27,FALSE,FALSE,321214,,,roundOff,FALSE,,FALSE,{},TRUE,120,FALSE,FALSE
5001,Last Allocated Date,last_allocated_date,Inventory,date,FALSE,FALSE,FALSE,28,,FALSE,32000050,,,,FALSE,,TRUE,{},TRUE,200,FALSE,FALSE
5002,Style Color ID,article,Product,str,TRUE,FALSE,FALSE,1,FALSE,FALSE,5002_article,,,,FALSE,,TRUE,"{""infiniteScrollingLoader"":""true""}",TRUE,200,FALSE,FALSE
5002,Style Color Information,product_info,Product,str,FALSE,FALSE,FALSE,2,FALSE,FALSE,321008,,,,FALSE,,TRUE,{},TRUE,200,FALSE,FALSE
5002,Category,l1_name,Product,str,FALSE,FALSE,FALSE,2,FALSE,FALSE,5002_l1_name,321008,,,FALSE,,TRUE,{},TRUE,200,FALSE,FALSE
5002,Sub Category,l2_name,Product,str,FALSE,FALSE,FALSE,3,FALSE,FALSE,5002_l2_name,321008,,,FALSE,,TRUE,"{""enableColumnExpand"": true, ""columnGroupShow"": ""open""}",TRUE,200,FALSE,FALSE
5002,Brand,l3_name,Product,str,FALSE,FALSE,FALSE,4,FALSE,FALSE,5002_l3_name,321008,,,FALSE,,TRUE,"{""enableColumnExpand"": true, ""columnGroupShow"": ""open""}",TRUE,210,FALSE,FALSE
5002,Merchandise Category,l5_name,Product,str,FALSE,FALSE,FALSE,5,FALSE,FALSE,5002_l5_name,321008,,,FALSE,,TRUE,"{""enableColumnExpand"": true, ""columnGroupShow"": ""open""}",TRUE,210,FALSE,FALSE
5002,Generic Article ID,l6_name,Product,str,FALSE,FALSE,FALSE,6,FALSE,FALSE,5002_l6_name,321008,,,FALSE,,TRUE,"{""enableColumnExpand"": true, ""columnGroupShow"": ""open""}",TRUE,210,FALSE,FALSE
5002,Style Description,style_name,Product,str,FALSE,FALSE,FALSE,7,FALSE,FALSE,5002_style_name,321008,,,FALSE,,TRUE,"{""enableColumnExpand"": true, ""columnGroupShow"": ""open""}",TRUE,210,FALSE,FALSE
5002,LW Units,lw_units,Product,int,FALSE,FALSE,FALSE,8,FALSE,FALSE,5002_lw_qty,,,,FALSE,,FALSE,{},TRUE,150,FALSE,FALSE
5002,LW Revenue $,lw_revenue,Product,dollar,FALSE,FALSE,FALSE,9,FALSE,FALSE,5002_lw_revenue,,,,FALSE,,FALSE,{},TRUE,160,FALSE,FALSE
5002,LW Margin $,lw_margin,Product,dollar,FALSE,FALSE,FALSE,10,FALSE,FALSE,5002_lw_margin,,,,FALSE,,FALSE,{},TRUE,120,FALSE,FALSE
5002,Promo %,promo_percentage,Product,percentage,FALSE,FALSE,FALSE,11,FALSE,FALSE,5002_promo_percentage,,,,FALSE,,FALSE,{},TRUE,120,FALSE,FALSE
5002,ASP,aur,Product,dollar,FALSE,FALSE,FALSE,12,FALSE,FALSE,5002_aur,,,,FALSE,,FALSE,{},TRUE,120,FALSE,FALSE
5002,Store On Hand,oh,Product,int,FALSE,FALSE,FALSE,14,FALSE,FALSE,5002_oh,,,roundOff,FALSE,,FALSE,{},TRUE,200,FALSE,FALSE
5002,Store On Order,oo,Product,int,FALSE,FALSE,FALSE,15,FALSE,FALSE,5002_oo,,,roundOff,FALSE,,FALSE,"{""isRangeFilter"": true}",TRUE,250,FALSE,FALSE
5002,In Transit to Store,it,Product,int,FALSE,FALSE,FALSE,16,FALSE,FALSE,5002_it,,,roundOff,FALSE,,FALSE,"{""isRangeFilter"": true}",TRUE,250,FALSE,FALSE
5002,OH + OO + IT,tot_inv,Product,int,FALSE,FALSE,FALSE,17,FALSE,FALSE,5002_tot_inv,,,roundOff,FALSE,,FALSE,"{""isRangeFilter"": true}",TRUE,250,FALSE,FALSE
5002,WOC (OH),wos_oh,Product,float,FALSE,TRUE,FALSE,17,FALSE,FALSE,500217,,,,FALSE,,TRUE,{},TRUE,250,FALSE,FALSE
5002,WOC (OH + IT),wos_oh_it,Product,float,FALSE,TRUE,FALSE,18,FALSE,FALSE,500218,,,,FALSE,,TRUE,{},TRUE,250,FALSE,FALSE
5002,WOC (OH + OO + IT),wos,Product,float,FALSE,TRUE,FALSE,19,FALSE,FALSE,500219,,,,FALSE,,TRUE,{},TRUE,250,FALSE,FALSE
5002,Bulk Remaining,oh_dc,Product,int,FALSE,FALSE,FALSE,21,FALSE,FALSE,5002_oh_dc,,,roundOff,FALSE,,FALSE,"{""isRangeFilter"": true}",TRUE,250,FALSE,FALSE
5002,Stockout,stockout,Product,int,FALSE,FALSE,FALSE,24,FALSE,FALSE,5002_stockout,,,roundOff,FALSE,,FALSE,{},TRUE,120,FALSE,FALSE
5002,Shortfall,shortfall,Product,int,FALSE,FALSE,FALSE,25,FALSE,FALSE,5002_shortfall,,,roundOff,FALSE,,FALSE,{},TRUE,120,FALSE,FALSE
5002,Normal,normal,Product,int,FALSE,FALSE,FALSE,26,FALSE,FALSE,5002_normal,,,roundOff,FALSE,,FALSE,{},TRUE,120,FALSE,FALSE
5002,Overstock,excess,Product,int,FALSE,FALSE,FALSE,27,FALSE,FALSE,5002_excess,,,roundOff,FALSE,,FALSE,{},TRUE,120,FALSE,FALSE
5002,Last Allocated Date,last_allocated_date,Inventory,date,FALSE,FALSE,FALSE,28,,FALSE,32000030,,,,FALSE,,TRUE,{},TRUE,200,FALSE,FALSE
5003,Style Color ID,article,Product,str,TRUE,FALSE,FALSE,1,FALSE,FALSE,5003_article,,,,FALSE,,TRUE,"{""infiniteScrollingLoader"":""true""}",TRUE,200,FALSE,FALSE
5003,Style Color Information,product_info,Product,str,FALSE,FALSE,FALSE,2,FALSE,FALSE,321004,,,,FALSE,,TRUE,{},TRUE,200,FALSE,FALSE
5003,Category,l1_name,Product,str,FALSE,FALSE,FALSE,2,FALSE,FALSE,5003_l1_name,321004,,,FALSE,,TRUE,{},TRUE,200,FALSE,FALSE
5003,Sub Category,l2_name,Product,str,FALSE,FALSE,FALSE,3,FALSE,FALSE,5003_l2_name,321004,,,FALSE,,TRUE,"{""enableColumnExpand"": true, ""columnGroupShow"": ""open""}",TRUE,200,FALSE,FALSE
5003,Brand,l3_name,Product,str,FALSE,FALSE,FALSE,4,FALSE,FALSE,5003_l3_name,321004,,,FALSE,,TRUE,"{""enableColumnExpand"": true, ""columnGroupShow"": ""open""}",TRUE,210,FALSE,FALSE
5003,Merchandise Category,l5_name,Product,str,FALSE,FALSE,FALSE,5,FALSE,FALSE,5003_l5_name,321004,,,FALSE,,TRUE,"{""enableColumnExpand"": true, ""columnGroupShow"": ""open""}",TRUE,210,FALSE,FALSE
5003,Generic Article ID,l6_name,Product,str,FALSE,FALSE,FALSE,6,FALSE,FALSE,5003_l6_name,321004,,,FALSE,,TRUE,"{""enableColumnExpand"": true, ""columnGroupShow"": ""open""}",TRUE,210,FALSE,FALSE
5003,Style Description,style_name,Product,str,FALSE,FALSE,FALSE,7,FALSE,FALSE,5003_style_name,321004,,,FALSE,,TRUE,"{""enableColumnExpand"": true, ""columnGroupShow"": ""open""}",TRUE,210,FALSE,FALSE
5003,LW Units,lw_units,Product,int,FALSE,FALSE,FALSE,8,FALSE,FALSE,5003_lw_qty,,,,FALSE,,FALSE,{},TRUE,150,FALSE,FALSE
5003,LW Revenue $,lw_revenue,Product,dollar,FALSE,FALSE,FALSE,9,FALSE,FALSE,5003_lw_revenue,,,,FALSE,,FALSE,{},TRUE,160,FALSE,FALSE
5003,LW Margin $,lw_margin,Product,dollar,FALSE,FALSE,FALSE,10,FALSE,FALSE,5003_lw_margin,,,,FALSE,,FALSE,{},TRUE,120,FALSE,FALSE
5003,Promo %,promo_percentage,Product,percentage,FALSE,FALSE,FALSE,11,FALSE,FALSE,5003_promo_percentage,,,,FALSE,,FALSE,{},TRUE,120,FALSE,FALSE
5003,ASP,aur,Product,dollar,FALSE,FALSE,FALSE,12,FALSE,FALSE,5003_aur,,,,FALSE,,FALSE,{},TRUE,120,FALSE,FALSE
5003,Store On Hand,oh,Product,int,FALSE,FALSE,FALSE,14,FALSE,FALSE,5003_oh,,,roundOff,FALSE,,FALSE,{},TRUE,200,FALSE,FALSE
5003,Store On Order,oo,Product,int,FALSE,FALSE,FALSE,15,FALSE,FALSE,5003_oo,,,roundOff,FALSE,,FALSE,"{""isRangeFilter"": true}",TRUE,250,FALSE,FALSE
5003,In Transit to Store,it,Product,int,FALSE,FALSE,FALSE,16,FALSE,FALSE,5003_it,,,roundOff,FALSE,,FALSE,"{""isRangeFilter"": true}",TRUE,250,FALSE,FALSE
5003,OH + OO + IT,tot_inv,Product,int,FALSE,FALSE,FALSE,17,FALSE,FALSE,5003_tot_inv,,,roundOff,FALSE,,FALSE,"{""isRangeFilter"": true}",TRUE,250,FALSE,FALSE
5003,WOC (OH),wos_oh,Product,float,FALSE,FALSE,FALSE,17,FALSE,FALSE,500317,,,,FALSE,,TRUE,{},TRUE,250,FALSE,FALSE
5003,WOC (OH + IT),wos_oh_it,Product,float,FALSE,FALSE,FALSE,18,FALSE,FALSE,500318,,,,FALSE,,TRUE,{},TRUE,250,FALSE,FALSE
5003,WOC (OH + OO + IT),wos,Product,float,FALSE,FALSE,FALSE,19,FALSE,FALSE,500319,,,,FALSE,,TRUE,{},TRUE,250,FALSE,FALSE
5003,Bulk Remaining,oh_dc,Product,int,FALSE,FALSE,FALSE,21,FALSE,FALSE,5003_oh_dc,,,roundOff,FALSE,,FALSE,"{""isRangeFilter"": true}",TRUE,250,FALSE,FALSE
5003,Stockout,stockout,Product,int,FALSE,FALSE,FALSE,24,FALSE,FALSE,5003_stockout,,,roundOff,FALSE,,FALSE,{},TRUE,120,FALSE,FALSE
5003,Shortfall,shortfall,Product,int,FALSE,FALSE,FALSE,25,FALSE,FALSE,5003_shortfall,,,roundOff,FALSE,,FALSE,{},TRUE,120,FALSE,FALSE
5003,Normal,normal,Product,int,FALSE,FALSE,FALSE,26,FALSE,FALSE,5003_normal,,,roundOff,FALSE,,FALSE,{},TRUE,120,FALSE,FALSE
5003,Overstock,excess,Product,int,FALSE,FALSE,FALSE,27,FALSE,FALSE,5003_excess,,,roundOff,FALSE,,FALSE,{},TRUE,120,FALSE,FALSE
5003,Last Allocated Date,last_allocated_date,Inventory,date,FALSE,FALSE,FALSE,28,,FALSE,32000010,,,,FALSE,,TRUE,{},TRUE,200,FALSE,FALSE
5004,Style Color ID,article,Product,str,TRUE,FALSE,FALSE,1,FALSE,FALSE,5004_article,,,,FALSE,,TRUE,"{""infiniteScrollingLoader"":""true""}",TRUE,200,FALSE,FALSE
5004,Style Color Information,product_info,Product,str,FALSE,FALSE,FALSE,2,FALSE,FALSE,321006,,,,FALSE,,TRUE,{},TRUE,200,FALSE,FALSE
5004,Category,l1_name,Product,str,FALSE,FALSE,FALSE,2,FALSE,FALSE,5004_l1_name,321006,,,FALSE,,TRUE,{},TRUE,200,FALSE,FALSE
5004,Sub Category,l2_name,Product,str,FALSE,FALSE,FALSE,3,FALSE,FALSE,5004_l2_name,321006,,,FALSE,,TRUE,"{""enableColumnExpand"": true, ""columnGroupShow"": ""open""}",TRUE,200,FALSE,FALSE
5004,Brand,l3_name,Product,str,FALSE,FALSE,FALSE,4,FALSE,FALSE,5004_l3_name,321006,,,FALSE,,TRUE,"{""enableColumnExpand"": true, ""columnGroupShow"": ""open""}",TRUE,210,FALSE,FALSE
5004,Merchandise Category,l5_name,Product,str,FALSE,FALSE,FALSE,5,FALSE,FALSE,5004_l5_name,321006,,,FALSE,,TRUE,"{""enableColumnExpand"": true, ""columnGroupShow"": ""open""}",TRUE,210,FALSE,FALSE
5004,Generic Article ID,l6_name,Product,str,FALSE,FALSE,FALSE,6,FALSE,FALSE,5004_l6_name,321006,,,FALSE,,TRUE,"{""enableColumnExpand"": true, ""columnGroupShow"": ""open""}",TRUE,210,FALSE,FALSE
5004,Style Description,style_name,Product,str,FALSE,FALSE,FALSE,7,FALSE,FALSE,5004_style_name,321006,,,FALSE,,TRUE,"{""enableColumnExpand"": true, ""columnGroupShow"": ""open""}",TRUE,210,FALSE,FALSE
5004,LW Units,lw_units,Product,int,FALSE,FALSE,FALSE,8,FALSE,FALSE,5004_lw_qty,,,,FALSE,,FALSE,{},TRUE,150,FALSE,FALSE
5004,LW Revenue $,lw_revenue,Product,dollar,FALSE,FALSE,FALSE,9,FALSE,FALSE,5004_lw_revenue,,,,FALSE,,FALSE,{},TRUE,160,FALSE,FALSE
5004,LW Margin $,lw_margin,Product,dollar,FALSE,FALSE,FALSE,10,FALSE,FALSE,5004_lw_margin,,,,FALSE,,FALSE,{},TRUE,120,FALSE,FALSE
5004,Promo %,promo_percentage,Product,percentage,FALSE,FALSE,FALSE,11,FALSE,FALSE,5004_promo_percentage,,,,FALSE,,FALSE,{},TRUE,120,FALSE,FALSE
5004,ASP,aur,Product,dollar,FALSE,FALSE,FALSE,12,FALSE,FALSE,5004_aur,,,,FALSE,,FALSE,{},TRUE,120,FALSE,FALSE
5004,Store On Hand,oh,Product,int,FALSE,FALSE,FALSE,14,FALSE,FALSE,5004_oh,,,roundOff,FALSE,,FALSE,{},TRUE,200,FALSE,FALSE
5004,Store On Order,oo,Product,int,FALSE,FALSE,FALSE,15,FALSE,FALSE,5004_oo,,,roundOff,FALSE,,FALSE,"{""isRangeFilter"": true}",TRUE,250,FALSE,FALSE
5004,In Transit to Store,it,Product,int,FALSE,FALSE,FALSE,16,FALSE,FALSE,5004_it,,,roundOff,FALSE,,FALSE,"{""isRangeFilter"": true}",TRUE,250,FALSE,FALSE
5004,OH + OO + IT,tot_inv,Product,int,FALSE,FALSE,FALSE,17,FALSE,FALSE,5004_tot_inv,,,roundOff,FALSE,,FALSE,"{""isRangeFilter"": true}",TRUE,250,FALSE,FALSE
5004,WOC (OH),wos_oh,Product,int,FALSE,FALSE,FALSE,18,FALSE,FALSE,5004_wos_oh,,,roundOfftoTwoDecimals,FALSE,,FALSE,"{""isRangeFilter"": true}",TRUE,250,FALSE,FALSE
5004,WOC (OH + IT),wos_oh_it,Product,int,FALSE,FALSE,FALSE,19,FALSE,FALSE,5004_wos_oh_it,,,roundOfftoTwoDecimals,FALSE,,FALSE,"{""isRangeFilter"": true}",TRUE,250,FALSE,FALSE
5004,WOC (OH + OO + IT),wos,Product,int,FALSE,FALSE,FALSE,20,FALSE,FALSE,5004_wos,,,roundOfftoTwoDecimals,FALSE,,FALSE,"{""isRangeFilter"": true}",TRUE,250,FALSE,FALSE
5004,Bulk Remaining,oh_dc,Product,int,FALSE,FALSE,FALSE,21,FALSE,FALSE,5004_oh_dc,,,roundOff,FALSE,,FALSE,"{""isRangeFilter"": true}",TRUE,250,FALSE,FALSE
5004,Stockout,stockout,Product,int,FALSE,FALSE,FALSE,24,FALSE,FALSE,5004_stockout,,,roundOff,FALSE,,FALSE,{},TRUE,120,FALSE,FALSE
5004,Shortfall,shortfall,Product,int,FALSE,FALSE,FALSE,25,FALSE,FALSE,5004_shortfall,,,roundOff,FALSE,,FALSE,{},TRUE,120,FALSE,FALSE
5004,Normal,normal,Product,int,FALSE,FALSE,FALSE,26,FALSE,FALSE,5004_normal,,,roundOff,FALSE,,FALSE,{},TRUE,120,FALSE,FALSE
5004,Overstock,excess,Product,int,FALSE,FALSE,FALSE,27,FALSE,FALSE,5004_excess,,,roundOff,FALSE,,FALSE,{},TRUE,120,FALSE,FALSE
5004,Last Allocated Date,last_allocated_date,Inventory,date,FALSE,FALSE,FALSE,28,,FALSE,32000040,,,,FALSE,,TRUE,{},TRUE,200,FALSE,FALSE
149,Allocation Plan Name,name,Inventory,str,TRUE,FALSE,FALSE,1,FALSE,FALSE,149011,,,,FALSE,,TRUE,{},TRUE,200,FALSE,FALSE
149,Style Color ID,article,Inventory,str,FALSE,FALSE,FALSE,2,FALSE,FALSE,149002,,,,FALSE,,FALSE,{},TRUE,200,FALSE,FALSE
149,Inventory,inventory,Inventory,list,FALSE,FALSE,FALSE,3,FALSE,FALSE,149003,,,,FALSE,,FALSE,{},TRUE,200,FALSE,FALSE
149,Created By,created_by,Inventory,str,FALSE,FALSE,FALSE,4,FALSE,FALSE,149033,,,,FALSE,,TRUE,{},TRUE,200,FALSE,FALSE
149,Created On,created_at,Inventory,datetime,FALSE,FALSE,FALSE,5,FALSE,FALSE,149,,,DD-MM-YYYY,FALSE,,TRUE,{},TRUE,200,FALSE,FALSE
149,Status,status,Inventory,str,FALSE,FALSE,FALSE,6,FALSE,FALSE,149012,,,,FALSE,,TRUE,{},TRUE,200,FALSE,FALSE
149,# Allocated Style Colors,no_allocated_articles,Inventory,int,FALSE,FALSE,FALSE,7,FALSE,FALSE,149013,,,,FALSE,,FALSE,{},TRUE,200,FALSE,FALSE
149,# Allocated Stores,no_stores_allocated,Inventory,int,FALSE,FALSE,FALSE,8,FALSE,FALSE,149014,,,,FALSE,,FALSE,{},TRUE,200,FALSE,FALSE
243,Style Color Information,product_info,store,str,FALSE,FALSE,FALSE,2,FALSE,FALSE,321021,,,,FALSE,,TRUE,{},FALSE,200,FALSE,FALSE
243,Style Color ID,article,store,str,FALSE,FALSE,FALSE,2,FALSE,FALSE,2532,321021,,,FALSE,,TRUE,{},FALSE,200,FALSE,FALSE
243,Category,l1_name,product,str,FALSE,FALSE,FALSE,3,FALSE,FALSE,2535,321021,,,FALSE,,TRUE,"{""enableColumnExpand"": true, ""columnGroupShow"": ""open""}",FALSE,200,FALSE,FALSE
243,Sub Category,l2_name,product,str,FALSE,FALSE,FALSE,4,FALSE,FALSE,2536,321021,,,FALSE,,TRUE,"{""enableColumnExpand"": true, ""columnGroupShow"": ""open""}",FALSE,200,FALSE,FALSE
243,Brand,l3_name,product,str,FALSE,FALSE,FALSE,5,FALSE,FALSE,243001,321021,,,FALSE,,TRUE,"{""enableColumnExpand"": true, ""columnGroupShow"": ""open""}",FALSE,200,FALSE,FALSE
243,Merchandise Category,l5_name,product,str,FALSE,FALSE,FALSE,6,FALSE,FALSE,243002,321021,,,FALSE,,TRUE,"{""enableColumnExpand"": true, ""columnGroupShow"": ""open""}",FALSE,200,FALSE,FALSE
243,Generic Article ID,l6_name,product,str,FALSE,FALSE,FALSE,7,FALSE,FALSE,243003,321021,,,FALSE,,TRUE,"{""enableColumnExpand"": true, ""columnGroupShow"": ""open""}",FALSE,200,FALSE,FALSE
243,Store Information,store_info,product,str,FALSE,FALSE,FALSE,8,FALSE,FALSE,321147,,,,FALSE,,TRUE,{},FALSE,200,FALSE,FALSE
243,Store Code,store_code,product,str,FALSE,FALSE,FALSE,9,FALSE,FALSE,243004,321147,,,FALSE,,TRUE,{},FALSE,200,FALSE,FALSE
243,Store Name,store_name,product,str,FALSE,FALSE,FALSE,10,FALSE,FALSE,243005,321147,,,FALSE,,TRUE,"{""enableColumnExpand"": true, ""columnGroupShow"": ""open""}",FALSE,200,FALSE,FALSE
243,Store Grade,q_str_grade,product,str,FALSE,FALSE,FALSE,11,FALSE,FALSE,243006,321147,,,FALSE,,FALSE,"{""enableColumnExpand"": true, ""columnGroupShow"": ""open""}",FALSE,200,FALSE,FALSE
243,Total Allocated,total_allocated,product,int,FALSE,FALSE,FALSE,12,FALSE,FALSE,243011,,,,FALSE,,FALSE,{},TRUE,200,FALSE,FALSE
243,Qty Match % (Actual vs Sales),qty_match_actual_vs_sales,product,percentage,FALSE,FALSE,FALSE,16,FALSE,FALSE,243014,,,,FALSE,,FALSE,{},FALSE,200,FALSE,FALSE
243,Size Match % (Actual vs Sales),size_match_actual_vs_sales,product,percentage,FALSE,FALSE,FALSE,17,FALSE,FALSE,243015,,,,FALSE,,FALSE,{},FALSE,200,FALSE,FALSE
243,Qty Match % (Plan vs Actual),qty_match_plan_vs_actual,product,percentage,FALSE,FALSE,FALSE,18,FALSE,FALSE,243012,,,,FALSE,,FALSE,{},FALSE,200,FALSE,FALSE
243,Size Match % (Plan vs Actual),size_match_plan_vs_actual,product,percentage,FALSE,FALSE,FALSE,19,FALSE,FALSE,243013,,,,FALSE,,FALSE,{},FALSE,200,FALSE,FALSE
280,Action,action,Product,link,FALSE,FALSE,FALSE,7,FALSE,TRUE,280_action_Action_Product,,FALSE,FALSE,FALSE,FALSE,FALSE,{},FALSE,200,FALSE,FALSE
280,Priority,priority,Product,str,FALSE,FALSE,FALSE,4,FALSE,TRUE,280_priority_Priority_Product,,FALSE,FALSE,FALSE,FALSE,FALSE,{},FALSE,200,FALSE,FALSE
280,Rule Level ID,rcl_code,Product,str,FALSE,FALSE,FALSE,1,FALSE,TRUE,280_rcl_code_Rule Level ID_Product,,FALSE,FALSE,FALSE,FALSE,FALSE,{},FALSE,200,FALSE,FALSE
280,Selected Level,level,Product,list,FALSE,FALSE,FALSE,2,FALSE,TRUE,280_selected_level_Selected Level_Product,,,,FALSE,,FALSE,{},FALSE,200,FALSE,FALSE
95,Allocated Units,allocated,product,str,FALSE,FALSE,FALSE,5,FALSE,FALSE,95_allocated_allocated_,,,,FALSE,,FALSE,"{""is_dynamic"": true}",FALSE,200,FALSE,FALSE
95,Available Inventory,available,product,str,FALSE,FALSE,FALSE,3,FALSE,FALSE,95_available_available,,,,FALSE,,FALSE,"{""is_dynamic"": true}",FALSE,200,FALSE,FALSE
95,Quantity Reserved,reserved,product,str,FALSE,FALSE,FALSE,4,FALSE,FALSE,95_reserved_reserved,,,,FALSE,,FALSE,"{""is_dynamic"": true}",FALSE,200,FALSE,FALSE
5005,Style Color ID,article,Product,str,TRUE,FALSE,FALSE,1,FALSE,FALSE,10059,,,,FALSE,,TRUE,"{""infiniteScrollingLoader"":""true""}",TRUE,200,FALSE,FALSE
5005,Style Color Information,product_info,Product,str,FALSE,FALSE,FALSE,2,FALSE,FALSE,321003,,,,FALSE,,TRUE,"{""infiniteScrollingLoader"":""true""}",TRUE,200,FALSE,FALSE
5005,Category,l1_name,Product,str,FALSE,FALSE,FALSE,2.1,FALSE,FALSE,10060,321003,,,FALSE,,TRUE,{},TRUE,200,FALSE,FALSE
5005,Sub Category,l2_name,Product,str,FALSE,FALSE,FALSE,2.2,FALSE,FALSE,10061,321003,,,FALSE,,TRUE,"{""enableColumnExpand"": true, ""columnGroupShow"": ""open""}",TRUE,200,FALSE,FALSE
5005,Brand,l3_name,Product,str,FALSE,FALSE,FALSE,2.3,FALSE,FALSE,10071,321003,,,FALSE,,TRUE,"{""enableColumnExpand"": true, ""columnGroupShow"": ""open""}",TRUE,210,FALSE,FALSE
5005,Merchandise Category,l5_name,Product,str,FALSE,FALSE,FALSE,2.4,FALSE,FALSE,10073,321003,,,FALSE,,TRUE,"{""enableColumnExpand"": true, ""columnGroupShow"": ""open""}",TRUE,210,FALSE,FALSE
5005,Generic Article ID,l6_name,Product,str,FALSE,FALSE,FALSE,2.5,FALSE,FALSE,10078,321003,,,FALSE,,TRUE,"{""enableColumnExpand"": true, ""columnGroupShow"": ""open""}",TRUE,210,FALSE,FALSE
5005,Style Description,style_name,Product,str,FALSE,FALSE,FALSE,2.6,FALSE,FALSE,10077,321003,,,FALSE,,TRUE,"{""enableColumnExpand"": true, ""columnGroupShow"": ""open""}",TRUE,210,FALSE,FALSE
5005,LW Units,lw_units,Product,int,FALSE,FALSE,FALSE,3,FALSE,FALSE,10062,,,,FALSE,,FALSE,{},TRUE,150,FALSE,FALSE
5005,LW Revenue $,lw_revenue,Product,dollar,FALSE,FALSE,FALSE,4,FALSE,FALSE,10063,,,,FALSE,,FALSE,{},TRUE,160,FALSE,FALSE
5005,LW Margin $,lw_margin,Product,dollar,FALSE,FALSE,FALSE,5,FALSE,FALSE,10064,,,,FALSE,,FALSE,{},TRUE,120,FALSE,FALSE
5005,Promo %,promo_percentage,Product,percentage,FALSE,FALSE,FALSE,6,FALSE,FALSE,10065,,,,FALSE,,FALSE,{},TRUE,120,FALSE,FALSE
5005,ASP,aur,Product,dollar,FALSE,FALSE,FALSE,7,FALSE,FALSE,10066,,,,FALSE,,FALSE,{},TRUE,120,FALSE,FALSE
5005,Store On Hand,oh,Product,int,FALSE,FALSE,FALSE,8,FALSE,FALSE,10067,,,roundOff,FALSE,,FALSE,{},TRUE,200,FALSE,FALSE
5005,Store On Order,oo,Product,int,FALSE,FALSE,FALSE,9,FALSE,FALSE,10068,,,roundOff,FALSE,,FALSE,"{""isRangeFilter"": true}",TRUE,250,FALSE,FALSE
5005,In Transit to Store,it,Product,int,FALSE,FALSE,FALSE,10,FALSE,FALSE,10069,,,roundOff,FALSE,,FALSE,"{""isRangeFilter"": true}",TRUE,250,FALSE,FALSE
5005,OH + OO + IT,tot_inv,Product,int,FALSE,FALSE,FALSE,11,FALSE,FALSE,10070,,,roundOff,FALSE,,FALSE,"{""isRangeFilter"": true}",TRUE,250,FALSE,FALSE
5005,WOC (OH),wos_oh,Product,int,FALSE,FALSE,FALSE,12,FALSE,FALSE,10072,,,roundOfftoTwoDecimals,FALSE,,FALSE,"{""isRangeFilter"": true}",TRUE,250,FALSE,FALSE
5005,WOC (OH + IT),wos_oh_it,Product,int,FALSE,FALSE,FALSE,13,FALSE,FALSE,10074,,,roundOfftoTwoDecimals,FALSE,,FALSE,"{""isRangeFilter"": true}",TRUE,250,FALSE,FALSE
5005,WOC (OH + OO + IT),wos,Product,int,FALSE,FALSE,FALSE,14,FALSE,FALSE,10075,,,roundOfftoTwoDecimals,FALSE,,FALSE,"{""isRangeFilter"": true}",TRUE,250,FALSE,FALSE
5005,Bulk Remaining,oh_dc,Product,int,FALSE,FALSE,FALSE,15,FALSE,FALSE,10076,,,roundOff,FALSE,,FALSE,"{""isRangeFilter"": true}",TRUE,250,FALSE,FALSE
5005,Stockout,stockout,Product,int,FALSE,FALSE,FALSE,16,FALSE,FALSE,10079,,,roundOff,FALSE,,FALSE,{},TRUE,120,FALSE,FALSE
5005,Shortfall,shortfall,Product,int,FALSE,FALSE,FALSE,17,FALSE,FALSE,10080,,,roundOff,FALSE,,FALSE,{},TRUE,120,FALSE,FALSE
5005,Normal,normal,Product,int,FALSE,FALSE,FALSE,18,FALSE,FALSE,10081,,,roundOff,FALSE,,FALSE,{},TRUE,120,FALSE,FALSE
5005,Overstock,excess,Product,int,FALSE,FALSE,FALSE,19,FALSE,FALSE,10082,,,roundOff,FALSE,,FALSE,{},TRUE,120,FALSE,FALSE
5005,Last Allocated Date,last_allocated_date,Inventory,date,FALSE,FALSE,FALSE,20,,FALSE,32000061,,,,FALSE,,TRUE,{},TRUE,200,FALSE,FALSE
195,Allocation Code,plan_code,Inventory,str,TRUE,FALSE,FALSE,1,FALSE,FALSE,1650001,,[NULL],[NULL],FALSE,[NULL],FALSE,{},TRUE,200,FALSE,FALSE
195,Allocation Name,name,Inventory,str,TRUE,FALSE,FALSE,1,FALSE,FALSE,1650002,,[NULL],[NULL],FALSE,[NULL],FALSE,{},TRUE,200,FALSE,FALSE
195,Style Color ID,article,Inventory,str,FALSE,FALSE,FALSE,1.5,FALSE,FALSE,1650003,,[NULL],[NULL],FALSE,[NULL],TRUE,{},TRUE,200,FALSE,FALSE
195,Style Color Information,product_info,product,str,FALSE,FALSE,FALSE,2,FALSE,FALSE,321001,,,,FALSE,,TRUE,{},TRUE,300,FALSE,FALSE
195,Category,l1_name,Inventory,str,FALSE,FALSE,FALSE,3,FALSE,FALSE,1650004,321001,[NULL],[NULL],FALSE,[NULL],TRUE,{},TRUE,200,FALSE,FALSE
195,Sub Category,l2_name,Inventory,str,FALSE,FALSE,FALSE,3,FALSE,FALSE,1650005,321001,[NULL],[NULL],FALSE,[NULL],TRUE,"{""enableColumnExpand"": true, ""columnGroupShow"": ""open""}",TRUE,200,FALSE,FALSE
195,Brand,l3_name,Inventory,str,FALSE,FALSE,FALSE,4,FALSE,FALSE,1650006,321001,[NULL],[NULL],FALSE,[NULL],TRUE,"{""enableColumnExpand"": true, ""columnGroupShow"": ""open""}",TRUE,200,FALSE,FALSE
195,Merchandise Category,l5_name,Inventory,str,FALSE,FALSE,FALSE,5,FALSE,FALSE,1650007,321001,[NULL],[NULL],FALSE,[NULL],TRUE,"{""enableColumnExpand"": true, ""columnGroupShow"": ""open""}",TRUE,200,FALSE,FALSE
195,Generic Article ID,l6_name,Inventory,str,FALSE,FALSE,FALSE,6,FALSE,FALSE,1650008,321001,[NULL],[NULL],FALSE,[NULL],TRUE,"{""enableColumnExpand"": true, ""columnGroupShow"": ""open""}",TRUE,200,FALSE,FALSE
195,Style Description,style_name,Inventory,str,FALSE,FALSE,FALSE,6,FALSE,FALSE,1650009,321001,[NULL],[NULL],FALSE,[NULL],TRUE,"{""enableColumnExpand"": true, ""columnGroupShow"": ""open""}",TRUE,200,FALSE,FALSE
195,Bulk Remaining,inv_avai,Inventory,int,FALSE,FALSE,FALSE,19,FALSE,FALSE,1650010,,[NULL],[NULL],FALSE,[NULL],FALSE,{},TRUE,200,FALSE,FALSE
195,Allocated Qty,allocated_total,Inventory,int,FALSE,FALSE,FALSE,9.1,FALSE,FALSE,1650011,,[NULL],[NULL],FALSE,[NULL],FALSE,{},TRUE,200,FALSE,FALSE
195,Last Allocated Date,last_allocated_date,Inventory,date,FALSE,FALSE,FALSE,20,,FALSE,3200004,,,,FALSE,,TRUE,{},TRUE,200,FALSE,FALSE
196,Allocation Code,plan_code,Inventory,str,TRUE,FALSE,FALSE,1,FALSE,FALSE,1660001,,[NULL],[NULL],FALSE,[NULL],FALSE,{},TRUE,200,FALSE,FALSE
196,Allocation Name,name,Inventory,str,FALSE,FALSE,FALSE,2,FALSE,FALSE,1660002,,[NULL],[NULL],FALSE,[NULL],FALSE,{},TRUE,200,FALSE,FALSE
196,Style Color Information,product_info,product,str,FALSE,FALSE,FALSE,2,FALSE,FALSE,321002,,,,FALSE,,TRUE,{},TRUE,300,FALSE,FALSE
196,Category,l1_name,Inventory,str,FALSE,FALSE,FALSE,4,FALSE,FALSE,1660003,321002,[NULL],[NULL],FALSE,[NULL],TRUE,{},TRUE,200,FALSE,FALSE
196,Sub Category,l2_name,Inventory,str,FALSE,FALSE,FALSE,4,FALSE,FALSE,1660004,321002,[NULL],[NULL],FALSE,[NULL],TRUE,"{""enableColumnExpand"": true, ""columnGroupShow"": ""open""}",TRUE,200,FALSE,FALSE
196,Brand,l3_name,Inventory,str,FALSE,FALSE,FALSE,5,FALSE,FALSE,1660005,321002,[NULL],[NULL],FALSE,[NULL],TRUE,"{""enableColumnExpand"": true, ""columnGroupShow"": ""open""}",TRUE,200,FALSE,FALSE
196,Merchandise Category,l5_name,Inventory,str,FALSE,FALSE,FALSE,6,FALSE,FALSE,1660006,321002,[NULL],[NULL],FALSE,[NULL],TRUE,"{""enableColumnExpand"": true, ""columnGroupShow"": ""open""}",TRUE,200,FALSE,FALSE
196,Creation Date,created_at,Inventory,datetime,FALSE,FALSE,FALSE,8,FALSE,FALSE,1660007,,,DD-MM-YYYY,FALSE,[NULL],FALSE,{},TRUE,200,FALSE,FALSE
196,Bulk Remaining,inv_avai,Inventory,int,FALSE,FALSE,FALSE,9,FALSE,FALSE,1660008,,[NULL],[NULL],FALSE,[NULL],FALSE,{},TRUE,200,FALSE,FALSE
196,Allocated Qty,allocated_total,Inventory,int,FALSE,FALSE,FALSE,9.1,FALSE,FALSE,1660009,,[NULL],[NULL],FALSE,[NULL],FALSE,{},TRUE,200,FALSE,FALSE
104,Delete,delete,Inventory,delete_icon,FALSE,TRUE,FALSE,5,FALSE,FALSE,32400,,,,FALSE,,FALSE,{},FALSE,170,FALSE,FALSE
104,Edit,edit,Inventory,edit_icon,FALSE,TRUE,FALSE,4,FALSE,FALSE,32401,,,,FALSE,,FALSE,{},FALSE,170,FALSE,FALSE
104,Store Name,store_name,Inventory,str,FALSE,FALSE,FALSE,2,FALSE,FALSE,32402,,,,FALSE,,TRUE,{},TRUE,170,FALSE,FALSE
104,Store Number,store_code,Inventory,str,FALSE,FALSE,FALSE,1,FALSE,FALSE,32403,,,,FALSE,,TRUE,{},TRUE,170,FALSE,FALSE
104,Store Opening Date,store_opening_date,Inventory,date,FALSE,FALSE,FALSE,3,FALSE,FALSE,32404,,,,FALSE,,FALSE,{},TRUE,170,FALSE,FALSE
500,Rule ID,rule_code,product,str,TRUE,FALSE,FALSE,1,,FALSE,500501,,,,FALSE,,FALSE,{},FALSE,200,FALSE,FALSE
500,Rule Creation Level,rcl_code,product,str,TRUE,FALSE,FALSE,2,,FALSE,500502,,,,FALSE,,TRUE,{},FALSE,200,FALSE,FALSE
500,Article ID,product_code,product,str,FALSE,FALSE,FALSE,3,,FALSE,500515,,,,FALSE,,TRUE,{},FALSE,200,FALSE,FALSE
500,Brand,l3_name,product,str,FALSE,FALSE,FALSE,4,,FALSE,500503,,,,FALSE,,TRUE,{},TRUE,200,FALSE,FALSE
500,Category,l1_name,product,str,FALSE,FALSE,FALSE,5,,FALSE,500504,,,,FALSE,,TRUE,{},TRUE,200,FALSE,FALSE
500,Sub Category,l2_name,product,str,FALSE,FALSE,FALSE,6,,FALSE,500505,,,,FALSE,,TRUE,{},TRUE,200,FALSE,FALSE
500,Merchandise Category,l5_name,product,str,FALSE,FALSE,FALSE,7,,FALSE,500506,,,,FALSE,,TRUE,{},TRUE,200,FALSE,FALSE
500,Generic Article ID,l6_name,product,str,FALSE,FALSE,FALSE,8,,FALSE,500507,,,,FALSE,,TRUE,{},TRUE,200,FALSE,FALSE
500,Style Color ID,article,product,str,FALSE,FALSE,FALSE,9,,FALSE,500516,,,,FALSE,,TRUE,{},TRUE,200,FALSE,FALSE
500,Style Description,style_name,product,str,FALSE,FALSE,FALSE,10,,FALSE,500517,,,,FALSE,,TRUE,{},TRUE,200,FALSE,FALSE
500,Size,size,product,str,FALSE,FALSE,FALSE,11,,FALSE,500508,,,,FALSE,,TRUE,{},FALSE,200,FALSE,FALSE
500,Store Grade,psa_name,product,str,FALSE,FALSE,FALSE,12,,FALSE,500520,,,,FALSE,,TRUE,{},FALSE,200,FALSE,FALSE
500,Updated At,updated_at,Product,datetime,FALSE,FALSE,FALSE,19,FALSE,TRUE,500512,,FALSE,DD-MM-YYYY,FALSE,FALSE,FALSE,{},FALSE,200,FALSE,FALSE
500,Updated By,user,Product,str,FALSE,FALSE,FALSE,20,FALSE,TRUE,500513,,FALSE,DD-MM-YYYY,FALSE,FALSE,FALSE,{},FALSE,200,FALSE,FALSE
500,WOC,wos,Product,int,FALSE,TRUE,FALSE,15,FALSE,TRUE,500509,,FALSE,,FALSE,FALSE,FALSE,"{""min"": 0, ""max"": 52}",FALSE,200,FALSE,FALSE
500,Min,min_stock,product,int,FALSE,TRUE,FALSE,13,,FALSE,500510,,,,FALSE,,FALSE,"{""dynamicMaxKey"": ""max_stock"",""dynamicMinMaxOnBlur"": true,""typeFormat"": ""number"",""width"": 250}",FALSE,200,FALSE,FALSE
500,Max,max_stock,Product,int,FALSE,TRUE,FALSE,14,FALSE,TRUE,500511,,FALSE,,FALSE,FALSE,FALSE,"{""dynamicMinKey"": ""min_stock"",""dynamicMinMaxOnBlur"": true,""typeFormat"": ""number"",""noNullValues"": true,""width"": 250}",FALSE,200,FALSE,FALSE
500,Min Distribution By Size,min_distribution,product,link,FALSE,TRUE,FALSE,21.1,FALSE,FALSE,50530,,,,FALSE,,FALSE,{},FALSE,200,FALSE,FALSE
500,Size selection data,x_units_per_size,product,str,FALSE,TRUE,FALSE,21.2,TRUE,FALSE,50531,,,,FALSE,,FALSE,{},FALSE,200,FALSE,FALSE
500,Start Date,start_date,product,datetime,FALSE,TRUE,FALSE,16,,FALSE,500514,,,DD-MM-YYYY,FALSE,,FALSE,"{""dateFormat"": ""MM-DD-YYYY"", ""disablePast"": true}",FALSE,200,FALSE,FALSE
500,End Date,end_date,product,datetime,FALSE,TRUE,FALSE,17,,FALSE,500519,,,DD-MM-YYYY,FALSE,,FALSE,"{""dateFormat"": ""MM-DD-YYYY"", ""disablePast"": true}",FALSE,200,FALSE,FALSE
500,Action,action,product,action,FALSE,FALSE,FALSE,18,,FALSE,500525,,,,FALSE,,FALSE,{},FALSE,200,FALSE,FALSE
511,Rule Level ID,rcl_code,Product,str,FALSE,FALSE,FALSE,1,FALSE,TRUE,234e997f-6bbc-4c6d-966d-714139a1c7d3,,FALSE,FALSE,FALSE,FALSE,FALSE,{},FALSE,200,FALSE,FALSE
511,Selected Level,level,Product,str,FALSE,FALSE,FALSE,2,FALSE,TRUE,fcfb9099-2703-4f42-a7a2-bedf24c31f14,,,,FALSE,,FALSE,{},FALSE,200,FALSE,FALSE
511,Lowest Level,lowest_level,Product,str,FALSE,FALSE,FALSE,3,FALSE,TRUE,11884fe0-c1da-4ebc-8364-bdb72fd3f353,,FALSE,FALSE,FALSE,FALSE,FALSE,{},FALSE,200,FALSE,FALSE
511,Priority,priority,Product,str,FALSE,FALSE,FALSE,4,FALSE,TRUE,7dff6501-ff00-412a-bebb-a4174761e34c,,FALSE,FALSE,FALSE,FALSE,FALSE,{},FALSE,200,FALSE,FALSE
511,Updated By,user,Product,str,FALSE,FALSE,FALSE,5,FALSE,TRUE,7c044ba9-f5f9-4f17-a467-0c2d39bb1b68,,FALSE,FALSE,FALSE,FALSE,FALSE,{},FALSE,200,FALSE,FALSE
511,Last modified,updated_at,Product,date,FALSE,FALSE,FALSE,6,FALSE,TRUE,c4a25661-02d2-44e0-899b-e33e84f3c352,,FALSE,DD-MM-YYYY,FALSE,FALSE,FALSE,{},FALSE,200,FALSE,FALSE
511,Action,action,Product,link,FALSE,FALSE,FALSE,7,FALSE,TRUE,74d4b362-9c4b-475a-b297-1caf5f201d8f,,FALSE,FALSE,FALSE,FALSE,FALSE,{},FALSE,200,FALSE,FALSE
510,Brand,l3_name,product,str,FALSE,FALSE,FALSE,5,,FALSE,51014,,,,FALSE,,TRUE,{},FALSE,200,FALSE,FALSE
510,Merchandise Category,l5_name,product,str,FALSE,FALSE,FALSE,6,,FALSE,51015,,,,FALSE,,TRUE,{},FALSE,200,FALSE,FALSE
510,Generic Article ID,l6_name,product,str,FALSE,FALSE,FALSE,7,,FALSE,51016,,,,FALSE,,TRUE,{},FALSE,200,FALSE,FALSE
510,Style Color ID,article,product,str,FALSE,FALSE,FALSE,8,,FALSE,51017,,,,FALSE,,TRUE,{},FALSE,200,FALSE,FALSE
510,Style Description,style_name,product,str,FALSE,FALSE,FALSE,9,,FALSE,51018,,,,FALSE,,TRUE,{},FALSE,200,FALSE,FALSE
510,Size,size,product,str,FALSE,FALSE,FALSE,10,,FALSE,51019,,,,FALSE,,TRUE,{},FALSE,200,FALSE,FALSE
510,Rule ID,rule_code,product,str,TRUE,FALSE,FALSE,1,,FALSE,51010,,,,FALSE,,FALSE,{},FALSE,200,FALSE,FALSE
510,Article ID,product_code,product,str,FALSE,FALSE,FALSE,2,,FALSE,51011,,,,FALSE,,TRUE,{},FALSE,200,FALSE,FALSE
510,Category,l1_name,product,str,FALSE,FALSE,FALSE,3,,FALSE,51012,,,,FALSE,,TRUE,{},FALSE,200,FALSE,FALSE
510,Sub Category,l2_name,product,str,FALSE,FALSE,FALSE,4,,FALSE,51013,,,,FALSE,,TRUE,{},FALSE,200,FALSE,FALSE
508,Sales Organisation,sales_org_name,Store,str,FALSE,FALSE,FALSE,1,FALSE,FALSE,50801,,,,FALSE,,TRUE,{},FALSE,200,FALSE,FALSE
508,Region,region_name,Store,str,FALSE,FALSE,FALSE,8,FALSE,FALSE,50808,,,,FALSE,,TRUE,{},FALSE,200,FALSE,FALSE
508,Store Code,store_code,Store,str,FALSE,FALSE,FALSE,11,FALSE,FALSE,50811,,,,FALSE,,TRUE,{},FALSE,200,FALSE,FALSE
508,Store Name,store_name,Store,str,FALSE,FALSE,FALSE,12,FALSE,FALSE,50812,,,,FALSE,,TRUE,{},FALSE,200,FALSE,FALSE
506,Rule ID,rule_code,product,str,TRUE,FALSE,FALSE,1,,FALSE,50601,,,,FALSE,,FALSE,{},FALSE,200,FALSE,FALSE
506,Rule Creation Level,rcl_code,product,str,TRUE,FALSE,FALSE,2,,FALSE,50602,,,,FALSE,,FALSE,{},FALSE,200,FALSE,FALSE
506,Exception Rule Name,exception_rule_name,product,str,TRUE,TRUE,FALSE,2.4,,FALSE,50698,,,,FALSE,,FALSE,{},FALSE,200,FALSE,FALSE
506,Article ID,product_code,product,str,FALSE,FALSE,FALSE,3,,FALSE,50616,,,,FALSE,,FALSE,{},FALSE,200,FALSE,FALSE
506,Brand,l3_name,product,str,FALSE,FALSE,FALSE,4,,FALSE,50603,,,,FALSE,,FALSE,{},FALSE,200,FALSE,FALSE
506,Category,l1_name,product,str,FALSE,FALSE,FALSE,5,,FALSE,50604,,,,FALSE,,FALSE,{},FALSE,200,FALSE,FALSE
506,Sub Category,l2_name,product,str,FALSE,FALSE,FALSE,7,,FALSE,50605,,,,FALSE,,FALSE,{},FALSE,200,FALSE,FALSE
506,Merchandise Category,l5_name,product,str,FALSE,FALSE,FALSE,8,,FALSE,50606,,,,FALSE,,FALSE,{},FALSE,200,FALSE,FALSE
506,Generic Article ID,l6_name,product,str,FALSE,FALSE,FALSE,9,,FALSE,50607,,,,FALSE,,FALSE,{},FALSE,200,FALSE,FALSE
506,Style Color ID,article,product,str,FALSE,FALSE,FALSE,10,,FALSE,50617,,,,FALSE,,FALSE,{},FALSE,200,FALSE,FALSE
506,Style Description,style_name,product,str,FALSE,FALSE,FALSE,12,,FALSE,50618,,,,FALSE,,FALSE,{},FALSE,200,FALSE,FALSE
506,Size,size,product,str,FALSE,FALSE,FALSE,15,,FALSE,50608,,,,FALSE,,FALSE,{},FALSE,200,FALSE,FALSE
506,Store Code,store_code,Product,str,FALSE,FALSE,FALSE,16,FALSE,TRUE,50609,,,,FALSE,,FALSE,{},FALSE,200,FALSE,FALSE
506,Updated At,updated_at,Product,datetime,FALSE,FALSE,FALSE,23,FALSE,TRUE,50613,,FALSE,DD-MM-YYYY,FALSE,FALSE,FALSE,{},FALSE,200,FALSE,FALSE
506,Updated By,user,Product,str,FALSE,FALSE,FALSE,24,FALSE,TRUE,50614,,FALSE,,FALSE,FALSE,FALSE,{},FALSE,200,FALSE,FALSE
506,WoC,wos,Product,int,FALSE,TRUE,FALSE,19,FALSE,TRUE,50610,,FALSE,,FALSE,FALSE,FALSE,"{""min"": 0, ""max"": 52}",FALSE,200,FALSE,FALSE
506,Max,max_stock,Product,int,FALSE,TRUE,FALSE,18,FALSE,TRUE,50612,,FALSE,,FALSE,FALSE,FALSE,"{""dynamicMinKey"": ""min_stock"",""dynamicMinMaxOnBlur"": true,""typeFormat"": ""number"",""noNullValues"": true,""width"": 250}",FALSE,200,FALSE,FALSE
506,Min,min_stock,product,int,FALSE,TRUE,FALSE,17,,FALSE,50611,,,,FALSE,,FALSE,"{""dynamicMaxKey"": ""max_stock"",""dynamicMinMaxOnBlur"": true,""typeFormat"": ""number"", ""width"": 250}",FALSE,200,FALSE,FALSE
506,Start Date,start_date,product,datetime,FALSE,TRUE,FALSE,20,,FALSE,50615,,,DD-MM-YYYY,FALSE,,FALSE,"{""dateFormat"": ""MM-DD-YYYY"", ""disablePast"": true}",FALSE,200,FALSE,FALSE
506,End Date,end_date,product,datetime,FALSE,TRUE,FALSE,21,,FALSE,50619,,,DD-MM-YYYY,FALSE,,FALSE,"{""dateFormat"": ""MM-DD-YYYY"", ""disablePast"": true}",FALSE,200,FALSE,FALSE
506,Action,action,product,action,FALSE,FALSE,FALSE,22,,FALSE,50624,,,,FALSE,,FALSE,{},FALSE,200,FALSE,FALSE
381,Article ID,product_code,product,str,TRUE,FALSE,FALSE,1,FALSE,FALSE,38101,,,,FALSE,,TRUE,{},TRUE,200,FALSE,FALSE
381,Article Name,product_name,product,str,TRUE,FALSE,FALSE,2,FALSE,FALSE,38200,,,,FALSE,,TRUE,{},TRUE,200,FALSE,FALSE
381,Style Color Information,product_info,product,str,FALSE,FALSE,FALSE,3,FALSE,FALSE,321017,,,,FALSE,,TRUE,{},TRUE,200,FALSE,FALSE
381,Category,l1_name,product,str,FALSE,FALSE,FALSE,3,FALSE,FALSE,38201,321017,,,FALSE,,TRUE,"{""enableColumnExpand"": true, ""columnGroupShow"": ""open""}",TRUE,200,FALSE,FALSE
381,Sub Category,l2_name,product,str,FALSE,FALSE,FALSE,4,FALSE,FALSE,38202,321017,,,FALSE,,TRUE,"{""enableColumnExpand"": true, ""columnGroupShow"": ""open""}",TRUE,200,FALSE,FALSE
381,Brand,l3_name,product,str,FALSE,FALSE,FALSE,5,FALSE,FALSE,38203,321017,,,FALSE,,TRUE,"{""enableColumnExpand"": true, ""columnGroupShow"": ""open""}",TRUE,200,FALSE,FALSE
381,Merchandise Category,l5_name,product,str,FALSE,FALSE,FALSE,7,FALSE,FALSE,38204,321017,,,FALSE,,TRUE,"{""enableColumnExpand"": true, ""columnGroupShow"": ""open""}",TRUE,200,FALSE,FALSE
381,Generic Article ID,l6_name,product,str,FALSE,FALSE,FALSE,8,FALSE,FALSE,38205,321017,,,FALSE,,TRUE,"{""enableColumnExpand"": true, ""columnGroupShow"": ""open""}",TRUE,200,FALSE,FALSE
381,Style Color ID,article,product,str,FALSE,FALSE,FALSE,9,FALSE,FALSE,38206,321017,,,FALSE,,TRUE,"{""enableColumnExpand"": true, ""columnGroupShow"": ""open""}",TRUE,200,FALSE,FALSE
381,Style Description,style_name,product,str,FALSE,FALSE,FALSE,10,FALSE,FALSE,38207,321017,,,FALSE,,TRUE,"{""enableColumnExpand"": true, ""columnGroupShow"": ""open""}",TRUE,200,FALSE,FALSE
381,DC Code,dc_code_display,product,str,FALSE,FALSE,FALSE,11,FALSE,FALSE,38223,,,,FALSE,,TRUE,{},TRUE,200,FALSE,FALSE
381,Size,size,product,str,FALSE,FALSE,FALSE,12,FALSE,FALSE,38208,,,,FALSE,,TRUE,{},TRUE,200,FALSE,FALSE
381,DC OH,dc_oh,product,str,FALSE,FALSE,FALSE,13,FALSE,FALSE,38209,,,,FALSE,,TRUE,{},TRUE,200,FALSE,FALSE
381,DC IT,it,product,str,FALSE,FALSE,FALSE,14,FALSE,FALSE,38210,,,,FALSE,,TRUE,{},TRUE,200,FALSE,FALSE
381,DC OO,oo,product,str,FALSE,FALSE,FALSE,15,FALSE,FALSE,38211,,,,FALSE,,TRUE,{},TRUE,200,FALSE,FALSE
381,New Store Reserve,new_store_reserve,product,str,FALSE,FALSE,FALSE,16,FALSE,FALSE,38212,,,,FALSE,,TRUE,{},TRUE,200,FALSE,FALSE
381,New Store Reservation Date,reservation_date,product,str,FALSE,FALSE,FALSE,16,FALSE,FALSE,38213,,,,FALSE,,TRUE,{},TRUE,200,FALSE,FALSE
381,Net Available,net_available,product,str,FALSE,FALSE,FALSE,17,FALSE,FALSE,38214,,,,FALSE,,TRUE,{},TRUE,200,FALSE,FALSE
381,Incoming PO 30,incoming_po_30,product,str,FALSE,FALSE,FALSE,18,FALSE,FALSE,38215,,,,FALSE,,TRUE,{},TRUE,200,FALSE,FALSE
381,Incoming PO 60,incoming_po_31_60,product,str,FALSE,FALSE,FALSE,19,FALSE,FALSE,38216,,,,FALSE,,TRUE,{},TRUE,200,FALSE,FALSE
381,Incoming PO 90,incoming_po_61_90,product,str,FALSE,FALSE,FALSE,20,FALSE,FALSE,38217,,,,FALSE,,TRUE,{},TRUE,200,FALSE,FALSE
381,User Reserve,user_reserve,product,int,FALSE,TRUE,FALSE,21,FALSE,FALSE,38218,,,,FALSE,,TRUE,{},TRUE,200,FALSE,FALSE
381,User Reserve % (eaches),user_reserve_percentage,product,percentage,FALSE,TRUE,FALSE,22,FALSE,FALSE,38219,,,,FALSE,,TRUE,{},TRUE,200,FALSE,FALSE
381,Total Units Reserved,total_units_reserved,product,str,FALSE,FALSE,FALSE,23,FALSE,FALSE,38220,,,,FALSE,,TRUE,{},TRUE,200,FALSE,FALSE
381,Reservation Till Date,reservation_till_date,product,datetime,FALSE,TRUE,FALSE,24,FALSE,FALSE,38221,,,,FALSE,,TRUE,"{""disablePast"":true}",TRUE,200,FALSE,FALSE
381,Last Updated By,updated_by,product,str,FALSE,FALSE,FALSE,25,FALSE,FALSE,38222,,,,FALSE,,TRUE,{},TRUE,200,FALSE,FALSE
381,Comment,comment,store,str,FALSE,TRUE,FALSE,26,FALSE,FALSE,38110,,,,FALSE,,TRUE,{},TRUE,200,FALSE,FALSE
263,Rule ID,c_rule_code,Inventory,str,TRUE,FALSE,FALSE,1,FALSE,FALSE,322050,,,,FALSE,,TRUE,{},FALSE,200,FALSE,FALSE
263,Rule Creation Level,c_rcl_code,Inventory,str,TRUE,FALSE,FALSE,2,FALSE,FALSE,322051,,,,FALSE,,TRUE,{},FALSE,200,FALSE,FALSE
263,Rule Name,rule_name,Inventory,str,TRUE,FALSE,FALSE,2.1,FALSE,FALSE,323059,,,,FALSE,,TRUE,{},FALSE,200,FALSE,FALSE
263,Article ID,product_code,Product,str,FALSE,FALSE,FALSE,3,FALSE,FALSE,322052,,,,FALSE,,TRUE,{},FALSE,200,FALSE,FALSE
263,Category,l1_name,Product,str,FALSE,FALSE,FALSE,4,FALSE,FALSE,322053,,,,FALSE,,TRUE,{},FALSE,200,FALSE,FALSE
263,Sub Category,l2_name,Product,str,FALSE,FALSE,FALSE,5,FALSE,FALSE,322054,,,,FALSE,,TRUE,{},FALSE,200,FALSE,FALSE
263,Brand,l3_name,Product,str,FALSE,FALSE,FALSE,6,FALSE,FALSE,322055,,,,FALSE,,TRUE,{},FALSE,200,FALSE,FALSE
263,Merchandise Category,l5_name,Product,str,FALSE,FALSE,FALSE,7,FALSE,FALSE,322056,,,,FALSE,,TRUE,{},FALSE,200,FALSE,FALSE
263,Generic Article ID,l6_name,Product,str,FALSE,FALSE,FALSE,8,FALSE,FALSE,322057,,,,FALSE,,TRUE,{},FALSE,200,FALSE,FALSE
263,Style Color ID,article,Product,str,FALSE,FALSE,FALSE,9,FALSE,FALSE,322058,,,,FALSE,,TRUE,{},FALSE,200,FALSE,FALSE
263,Style Description,style_name,Product,str,FALSE,FALSE,FALSE,9.1,FALSE,FALSE,33111,,,,FALSE,,TRUE,{},FALSE,200,FALSE,FALSE
263,Size,size,Product,str,FALSE,FALSE,FALSE,9.2,FALSE,FALSE,33112,,,,FALSE,,TRUE,{},FALSE,200,FALSE,FALSE
263,Store/Store Groups Mapped,store_store_groups_mapped,Inventory,link,FALSE,FALSE,FALSE,13,FALSE,FALSE,322062,,,,FALSE,,FALSE,{},FALSE,200,FALSE,FALSE
263,From Date,start_date,Inventory,datetime,FALSE,TRUE,FALSE,14,FALSE,FALSE,322063,,,,FALSE,,TRUE,{},FALSE,400,FALSE,FALSE
263,To Date,end_date,Inventory,datetime,FALSE,TRUE,FALSE,15,FALSE,FALSE,322064,,,,FALSE,,TRUE,{},FALSE,400,FALSE,FALSE
263,Product Profile,product_profile,Inventory,link,FALSE,FALSE,FALSE,16,FALSE,FALSE,322065,,,,FALSE,,FALSE,{},FALSE,200,FALSE,FALSE
263,DC to Store Strategy Rules,dc_store_rule_name,Inventory,link,FALSE,FALSE,FALSE,17,FALSE,FALSE,322066,,,,FALSE,,FALSE,{},FALSE,200,FALSE,FALSE
263,Auto Allocation Rules,auto_allocation_rule_name,Inventory,link,FALSE,FALSE,FALSE,18,FALSE,FALSE,322067,,,,FALSE,,FALSE,{},FALSE,200,FALSE,FALSE
263,Auto Allocation Scheduler,auto_allocation_schedular_name,Inventory,link,FALSE,FALSE,FALSE,19,FALSE,FALSE,322068,,,,FALSE,,TRUE,{},FALSE,200,FALSE,FALSE
264,Store Group Code,sg_code,Inventory,str,TRUE,FALSE,FALSE,1,FALSE,FALSE,322075,,,,FALSE,,FALSE,{},FALSE,200,FALSE,FALSE
264,Store Group Name,name,Inventory,str,TRUE,FALSE,FALSE,2,FALSE,FALSE,322076,,,,FALSE,,FALSE,{},FALSE,200,FALSE,FALSE
264,Store Name,store_name,Inventory,str,FALSE,FALSE,FALSE,4,FALSE,FALSE,322078,,,,FALSE,,FALSE,{},FALSE,200,FALSE,FALSE
264,Store Code,store_code,Inventory,str,FALSE,FALSE,FALSE,3,FALSE,FALSE,322077,,,,FALSE,,FALSE,{},FALSE,200,FALSE,FALSE
265,Brand,l2_name,Product,str,FALSE,FALSE,FALSE,4,FALSE,FALSE,322072,,,,FALSE,,FALSE,{},FALSE,200,FALSE,FALSE
265,Channel,l1_name,Product,str,FALSE,FALSE,FALSE,3,FALSE,FALSE,322071,,,,FALSE,,FALSE,{},FALSE,200,FALSE,FALSE
265,Country,l0_name,Product,str,FALSE,FALSE,FALSE,2,FALSE,FALSE,322070,,,,FALSE,,FALSE,{},FALSE,200,FALSE,FALSE
265,Department,l4_name,Product,str,FALSE,FALSE,FALSE,6,FALSE,FALSE,322074,,,,FALSE,,FALSE,{},FALSE,200,FALSE,FALSE
265,PP Code,pp_code,Product,str,FALSE,FALSE,FALSE,1,FALSE,FALSE,322188,,,,FALSE,,FALSE,{},FALSE,200,FALSE,FALSE
265,SBU,l3_name,Product,str,FALSE,FALSE,FALSE,5,FALSE,FALSE,322073,,,,FALSE,,FALSE,{},FALSE,200,FALSE,FALSE
266,Modified At,updated_at,Inventory,DateTimeField,FALSE,FALSE,FALSE,4,FALSE,FALSE,322082,,,,FALSE,,FALSE,{},FALSE,200,FALSE,FALSE
266,Modified By,updated_by,Inventory,str,FALSE,FALSE,FALSE,3,FALSE,FALSE,322081,,,,FALSE,,FALSE,{},FALSE,200,FALSE,FALSE
266,Rule Name,rule_name,Inventory,str,FALSE,FALSE,FALSE,2,FALSE,FALSE,322080,,,,FALSE,,FALSE,{},FALSE,200,FALSE,FALSE
267,Modified At,updated_at,Inventory,DateTimeField,FALSE,FALSE,FALSE,4,FALSE,FALSE,322086,,,,FALSE,,FALSE,{},FALSE,200,FALSE,FALSE
267,Modified By,updated_by,Inventory,str,FALSE,FALSE,FALSE,3,FALSE,FALSE,322085,,,,FALSE,,FALSE,{},FALSE,200,FALSE,FALSE
267,Rule Name,rule_name,Inventory,str,FALSE,FALSE,FALSE,2,FALSE,FALSE,322084,,,,FALSE,,FALSE,{},FALSE,200,FALSE,FALSE
268,Channel,l1_name,Product Profile,str,FALSE,FALSE,FALSE,3,FALSE,FALSE,322089,,,,FALSE,,FALSE,{},FALSE,200,FALSE,FALSE
268,Country,l0_name,Product Profile,str,FALSE,FALSE,FALSE,2,FALSE,FALSE,322088,,,,FALSE,,FALSE,{},FALSE,200,FALSE,FALSE
268,Created At,created_at,Product Profile,date,FALSE,FALSE,FALSE,5,FALSE,FALSE,322092,,,DD-MM-YYYY,FALSE,,FALSE,{},FALSE,200,FALSE,FALSE
268,Created By,user_name,Product Profile,str,FALSE,FALSE,FALSE,6,FALSE,FALSE,322091,,,,FALSE,,FALSE,{},FALSE,200,FALSE,FALSE
268,Product Profile,name,Product Profile,str,TRUE,FALSE,FALSE,1,FALSE,FALSE,322087,,,,FALSE,,FALSE,{},FALSE,200,FALSE,FALSE
268,Time Attribute,date_value,Product Profile,str,FALSE,FALSE,FALSE,4,FALSE,FALSE,322090,,,,FALSE,,FALSE,{},FALSE,200,FALSE,FALSE
269,Delete,delete,Inventory,delete_icon,FALSE,TRUE,FALSE,6,FALSE,FALSE,322105,,,,FALSE,,FALSE,{},FALSE,200,FALSE,FALSE
269,Edit,edit,Inventory,edit_icon,FALSE,TRUE,FALSE,5,FALSE,FALSE,322104,,,,FALSE,,FALSE,{},FALSE,200,FALSE,FALSE
269,Modified At,updated_at,Inventory,DateTimeField,FALSE,FALSE,FALSE,4,FALSE,FALSE,322103,,,,FALSE,,FALSE,"{""dateFormat"": ""DD-MM-YYYY"", ""disablePast"": true}",FALSE,200,FALSE,FALSE
269,Modified By,updated_by,Inventory,str,FALSE,FALSE,FALSE,3,FALSE,FALSE,322102,,,,FALSE,,FALSE,{},FALSE,200,FALSE,FALSE
269,Rule Name,rule_name,Inventory,link,FALSE,FALSE,FALSE,2,FALSE,FALSE,322101,,,,FALSE,,TRUE,{},FALSE,200,FALSE,FALSE
270,Delete,delete,Inventory,delete_icon,FALSE,TRUE,FALSE,6,FALSE,FALSE,322111,,,,FALSE,,FALSE,{},FALSE,200,FALSE,FALSE
270,Edit,edit,Inventory,edit_icon,FALSE,TRUE,FALSE,5,FALSE,FALSE,322110,,,,FALSE,,FALSE,{},FALSE,200,FALSE,FALSE
270,Modified At,updated_at,Inventory,DateTimeField,FALSE,FALSE,FALSE,4,FALSE,FALSE,322109,,,,FALSE,,FALSE,{},FALSE,200,FALSE,FALSE
270,Modified By,updated_by,Inventory,str,FALSE,FALSE,FALSE,3,FALSE,FALSE,322108,,,,FALSE,,FALSE,{},FALSE,200,FALSE,FALSE
270,Rule Name,rule_name,Inventory,link,FALSE,FALSE,FALSE,2,FALSE,FALSE,322107,,,,FALSE,,FALSE,{},FALSE,200,FALSE,FALSE
271,Action,action,Product,link,FALSE,FALSE,FALSE,7,FALSE,TRUE,322112,,FALSE,FALSE,FALSE,FALSE,FALSE,{},TRUE,200,FALSE,FALSE
271,Last modified,updated_at,Product,str,FALSE,FALSE,FALSE,6,FALSE,TRUE,322113,,FALSE,FALSE,FALSE,FALSE,FALSE,{},TRUE,200,FALSE,FALSE
271,Lowest Level,lowest_level,Product,str,FALSE,FALSE,FALSE,3,FALSE,TRUE,322114,,FALSE,FALSE,FALSE,FALSE,FALSE,{},TRUE,200,FALSE,FALSE
271,Priority,priority,Product,str,FALSE,FALSE,FALSE,4,FALSE,TRUE,322115,,FALSE,FALSE,FALSE,FALSE,FALSE,{},TRUE,200,FALSE,FALSE
271,Rule Level ID,rcl_code,Product,str,FALSE,FALSE,FALSE,1,FALSE,TRUE,322116,,FALSE,FALSE,FALSE,FALSE,FALSE,{},TRUE,200,FALSE,FALSE
271,Selected Level,level,Product,str,FALSE,FALSE,FALSE,2,FALSE,TRUE,322117,,,,FALSE,,FALSE,{},TRUE,200,FALSE,FALSE
271,Updated By,user,Product,str,FALSE,FALSE,FALSE,5,FALSE,TRUE,322118,,FALSE,FALSE,FALSE,FALSE,FALSE,{},TRUE,200,FALSE,FALSE
272,Rule ID,c_rule_code,Inventory,str,TRUE,FALSE,FALSE,1,FALSE,FALSE,272016,,,,FALSE,,TRUE,{},FALSE,200,FALSE,FALSE
272,Rule Creation Level,c_rcl_code,Inventory,str,TRUE,FALSE,FALSE,2,FALSE,FALSE,272015,,,,FALSE,,TRUE,{},FALSE,200,FALSE,FALSE
272,Rule Name,rule_name,product,str,TRUE,FALSE,FALSE,2.2,FALSE,FALSE,272099,,,,FALSE,,TRUE,{},FALSE,200,FALSE,FALSE
272,Article ID,product_code,Product,str,FALSE,FALSE,FALSE,3,FALSE,FALSE,272005,,,,FALSE,,TRUE,{},FALSE,200,FALSE,FALSE
272,Category,l1_name,Product,str,FALSE,FALSE,FALSE,4,FALSE,FALSE,272017,,,,FALSE,,TRUE,{},FALSE,200,FALSE,FALSE
272,Sub Category,l2_name,Product,str,FALSE,FALSE,FALSE,5,FALSE,FALSE,272011,,,,FALSE,,TRUE,{},FALSE,200,FALSE,FALSE
272,Brand,l3_name,Product,str,FALSE,FALSE,FALSE,6,FALSE,FALSE,272008,,,,FALSE,,TRUE,{},FALSE,200,FALSE,FALSE
272,Merchandise Category,l5_name,Product,str,FALSE,FALSE,FALSE,7,FALSE,FALSE,272006,,,,FALSE,,TRUE,{},FALSE,200,FALSE,FALSE
272,Generic Article ID,l6_name,Product,str,FALSE,FALSE,FALSE,8,FALSE,FALSE,272023,,,,FALSE,,TRUE,{},FALSE,200,FALSE,FALSE
272,Style Color ID,article,Product,str,FALSE,FALSE,FALSE,9,FALSE,FALSE,272007,,,,FALSE,,TRUE,{},FALSE,200,FALSE,FALSE
272,Style Description,style_name,Product,str,FALSE,FALSE,FALSE,9.1,FALSE,FALSE,34111,,,,FALSE,,TRUE,{},FALSE,200,FALSE,FALSE
272,Size,size,Product,str,FALSE,FALSE,FALSE,9.2,FALSE,FALSE,34112,,,,FALSE,,TRUE,{},FALSE,200,FALSE,FALSE
272,Store/Store Groups Mapped,store_store_groups_mapped,Inventory,link,FALSE,FALSE,FALSE,13,FALSE,FALSE,272021,,,,FALSE,,FALSE,{},FALSE,200,FALSE,FALSE
272,From Date,start_date,Inventory,datetime,FALSE,TRUE,FALSE,14,FALSE,FALSE,272012,,,,FALSE,,TRUE,{},FALSE,400,FALSE,FALSE
272,To Date,end_date,Inventory,datetime,FALSE,TRUE,FALSE,15,FALSE,FALSE,272024,,,,FALSE,,TRUE,{},FALSE,400,FALSE,FALSE
272,Product Profile,product_profile,Inventory,link,FALSE,FALSE,FALSE,16,FALSE,FALSE,272013,,,,FALSE,,FALSE,{},FALSE,200,FALSE,FALSE
272,DC to Store Strategy Rules,dc_store_rule_name,Inventory,link,FALSE,FALSE,FALSE,17,FALSE,FALSE,272010,,,,FALSE,,FALSE,{},FALSE,200,FALSE,FALSE
272,Auto Allocation Rules,auto_allocation_rule_name,Inventory,link,FALSE,FALSE,FALSE,18,FALSE,FALSE,272002,,,,FALSE,,FALSE,{},FALSE,200,FALSE,FALSE
272,Auto Allocation Scheduler,auto_allocation_schedular_name,Inventory,link,FALSE,FALSE,FALSE,19,FALSE,FALSE,272003,,,,FALSE,,FALSE,{},FALSE,200,FALSE,FALSE
273,Edit,edit,Inventory,edit_icon,FALSE,TRUE,FALSE,5,FALSE,FALSE,322154,,,,FALSE,,FALSE,{},FALSE,200,FALSE,FALSE
273,Delete,delete,Inventory,delete_icon,FALSE,TRUE,FALSE,6,FALSE,FALSE,322155,,,,FALSE,,FALSE,{},FALSE,200,FALSE,FALSE
273,Modified At,updated_at,Inventory,DateTimeField,FALSE,FALSE,FALSE,4,FALSE,FALSE,322153,,,,FALSE,,FALSE,{},FALSE,200,FALSE,FALSE
273,Modified By,updated_by,Inventory,str,FALSE,FALSE,FALSE,3,FALSE,FALSE,322152,,,,FALSE,,FALSE,{},FALSE,200,FALSE,FALSE
273,Scheduler Frequency,sh_frequency,Inventory,link,FALSE,FALSE,FALSE,2,FALSE,FALSE,322151,,,,FALSE,,FALSE,{},FALSE,200,FALSE,FALSE
273,Scheduler Name,sh_name,Inventory,link,FALSE,FALSE,FALSE,1,FALSE,FALSE,322150,,,,FALSE,,FALSE,{},FALSE,200,FALSE,FALSE
274,Modified At,updated_at,Inventory,DateTimeField,FALSE,FALSE,FALSE,4,FALSE,FALSE,322253,,,,FALSE,,FALSE,{},FALSE,200,FALSE,FALSE
274,Modified By,updated_by,Inventory,str,FALSE,FALSE,FALSE,3,FALSE,FALSE,322252,,,,FALSE,,FALSE,{},FALSE,200,FALSE,FALSE
274,Scheduler Name,sh_name,Inventory,str,FALSE,FALSE,FALSE,2,FALSE,FALSE,322251,,,,FALSE,,FALSE,{},FALSE,200,FALSE,FALSE
275,Rule Name,rule_name,Inventory,str,FALSE,TRUE,FALSE,12,FALSE,FALSE,275062,,,,FALSE,,TRUE,{},FALSE,400,FALSE,FALSE
275,Auto Allocation Rules,auto_allocation_rule_name,Inventory,link,FALSE,FALSE,FALSE,18,FALSE,FALSE,275067,,,,FALSE,,FALSE,{},FALSE,200,FALSE,FALSE
275,Auto Allocation Scheduler,auto_allocation_schedular_name,Inventory,link,FALSE,FALSE,FALSE,19,FALSE,FALSE,275068,,,,FALSE,,FALSE,{},FALSE,200,FALSE,FALSE
275,DC to Store Strategy,dc_store_rule_name,Inventory,link,FALSE,FALSE,FALSE,17,FALSE,FALSE,275066,,,,FALSE,,FALSE,{},FALSE,200,FALSE,FALSE
275,From Date,start_date,Inventory,datetime,FALSE,TRUE,FALSE,14,FALSE,FALSE,275063,,,,FALSE,,TRUE,{},FALSE,400,FALSE,FALSE
275,Product Profile,product_profile,Inventory,link,FALSE,FALSE,FALSE,16,FALSE,FALSE,275065,,,,FALSE,,FALSE,{},FALSE,200,FALSE,FALSE
275,Store/Store Groups Mapped,store_store_groups_mapped,Inventory,link,FALSE,FALSE,FALSE,13,FALSE,FALSE,275061,,,,FALSE,,FALSE,{},FALSE,200,FALSE,FALSE
275,To Date,end_date,Inventory,datetime,FALSE,TRUE,FALSE,15,FALSE,FALSE,275064,,,,FALSE,,TRUE,{},FALSE,400,FALSE,FALSE
241,User Reserve Quantity,quantity,product,IntegerField,FALSE,TRUE,FALSE,1,,FALSE,320051,,,,FALSE,,FALSE,{},FALSE,200,FALSE,FALSE
241,User Reserve %,percentage,product,IntegerField,FALSE,TRUE,FALSE,2,,FALSE,320052,,,,FALSE,,FALSE,{},FALSE,200,FALSE,FALSE
241,Reservation till date,reservation_till_date,product,DateTimeField,FALSE,TRUE,FALSE,3,,FALSE,320053,,,,FALSE,,FALSE,{},FALSE,200,FALSE,FALSE
241,Comment,comment,product,TextField,FALSE,TRUE,FALSE,4,,FALSE,320054,,,,FALSE,,FALSE,{},FALSE,200,FALSE,FALSE
137,Article ID,product_code,product,str,FALSE,FALSE,FALSE,1,,FALSE,320100,,,,FALSE,,TRUE,{},TRUE,200,FALSE,FALSE
137,Style Color Information,product_info,product,str,FALSE,FALSE,FALSE,2,,FALSE,321020,,,,FALSE,,TRUE,{},TRUE,200,FALSE,FALSE
137,Style Color ID,article,product,str,FALSE,FALSE,FALSE,2,,FALSE,320101,321020,,,FALSE,,TRUE,{},TRUE,200,FALSE,FALSE
137,Sales Organisation,sales_org_name,product,str,FALSE,FALSE,FALSE,3,,FALSE,320111,321020,,,FALSE,,TRUE,"{""enableColumnExpand"": true, ""columnGroupShow"": ""open""}",TRUE,200,FALSE,FALSE
137,Category,l1_name,product,str,FALSE,FALSE,FALSE,4,,FALSE,320105,321020,,,FALSE,,TRUE,"{""enableColumnExpand"": true, ""columnGroupShow"": ""open""}",TRUE,200,FALSE,FALSE
137,Sub Category,l2_name,product,str,FALSE,FALSE,FALSE,5,,FALSE,320106,321020,,,FALSE,,TRUE,"{""enableColumnExpand"": true, ""columnGroupShow"": ""open""}",TRUE,200,FALSE,FALSE
137,Brand,l3_name,product,str,FALSE,FALSE,FALSE,6,,FALSE,320107,321020,,,FALSE,,TRUE,"{""enableColumnExpand"": true, ""columnGroupShow"": ""open""}",TRUE,200,FALSE,FALSE
137,Merchandise Category,l5_name,product,str,FALSE,FALSE,FALSE,7,,FALSE,320108,321020,,,FALSE,,TRUE,"{""enableColumnExpand"": true, ""columnGroupShow"": ""open""}",TRUE,200,FALSE,FALSE
137,Generic Article ID,l6_name,product,str,FALSE,FALSE,FALSE,8,,FALSE,320109,321020,,,FALSE,,TRUE,"{""enableColumnExpand"": true, ""columnGroupShow"": ""open""}",TRUE,200,FALSE,FALSE
137,Style Description,style_name,product,str,FALSE,FALSE,FALSE,9,,FALSE,320110,321020,,,FALSE,,TRUE,"{""enableColumnExpand"": true, ""columnGroupShow"": ""open""}",TRUE,200,FALSE,FALSE
137,Size,size,product,str,FALSE,FALSE,FALSE,10,,FALSE,320102,,,,FALSE,,TRUE,{},TRUE,200,FALSE,FALSE
137,Store Information,store_info,product,str,FALSE,FALSE,FALSE,11,,FALSE,321144,,,,FALSE,,TRUE,"{""is_header"": true}",TRUE,200,FALSE,FALSE
137,Store Code,store_code,product,str,FALSE,FALSE,FALSE,11,,FALSE,320103,321144,,,FALSE,,TRUE,{},TRUE,200,FALSE,FALSE
137,Store Name,store_name,product,str,FALSE,FALSE,FALSE,12,,FALSE,320104,321144,,,FALSE,,TRUE,"{""enableColumnExpand"": true, ""columnGroupShow"": ""open""}",TRUE,200,FALSE,FALSE
137,Region Name,region_name,product,str,FALSE,FALSE,FALSE,13,,FALSE,320112,321144,,,FALSE,,TRUE,"{""enableColumnExpand"": true, ""columnGroupShow"": ""open""}",TRUE,200,FALSE,FALSE
137,Fiscal Year,fiscal_year,product,str,FALSE,FALSE,FALSE,14,,FALSE,320113,,,,FALSE,,FALSE,{},FALSE,200,FALSE,FALSE
137,Fiscal Week,fiscal_week,product,int,FALSE,FALSE,FALSE,15,,FALSE,320114,,,,FALSE,,FALSE,{},FALSE,200,FALSE,FALSE
137,OH,oh,product,int,FALSE,FALSE,FALSE,16,,FALSE,320115,,,,FALSE,,FALSE,{},FALSE,200,FALSE,FALSE
137,OO,oo,product,int,FALSE,FALSE,FALSE,17,,FALSE,320116,,,,FALSE,,FALSE,{},FALSE,200,FALSE,FALSE
137,IT,it,product,int,FALSE,FALSE,FALSE,18,,FALSE,320117,,,,FALSE,,FALSE,{},FALSE,200,FALSE,FALSE
137,ROS,ros,product,float,FALSE,FALSE,FALSE,19,,FALSE,320118,,,roundOffToTwoDecimals,FALSE,,FALSE,{},FALSE,200,FALSE,FALSE
137,Units Sold,units_sold,product,int,FALSE,FALSE,FALSE,19.5,,FALSE,320123,,,,FALSE,,FALSE,{},FALSE,200,FALSE,FALSE
137,WOC Threshold,wos_predicted,product,int,FALSE,FALSE,FALSE,20,,FALSE,320119,,,,FALSE,,FALSE,{},FALSE,200,FALSE,FALSE
137,WOC,target_wos,product,int,FALSE,FALSE,FALSE,21,,FALSE,320120,,,roundOffToTwoDecimals,FALSE,,FALSE,{},FALSE,200,FALSE,FALSE
137,Excess Inventory,excess_inv,product,int,FALSE,FALSE,FALSE,22,,FALSE,320121,,,,FALSE,,FALSE,{},FALSE,200,FALSE,FALSE
137,Excess Inventory ($),excess_inv_cost,product,dollar,FALSE,FALSE,FALSE,23,,FALSE,320122,,,roundOffToTwoDecimals,FALSE,,FALSE,{},TRUE,200,FALSE,FALSE
137,Custom KPIs,custom_kpis,others,str,FALSE,FALSE,FALSE,24,FALSE,FALSE,320124,,,,FALSE,,FALSE,{},TRUE,200,FALSE,FALSE
301,Action Item,name,product,str,FALSE,FALSE,FALSE,1,FALSE,FALSE,345000,,,,FALSE,,TRUE,{},TRUE,200,FALSE,FALSE
301,Description,description,product,str,FALSE,FALSE,FALSE,2,FALSE,FALSE,345001,,,,FALSE,,TRUE,{},TRUE,300,FALSE,FALSE
301,#Style Colors,article_count,custom,int,FALSE,FALSE,FALSE,3,FALSE,FALSE,345002,,,,FALSE,,TRUE,{},TRUE,200,FALSE,FALSE
180,Plan Name,name,Inventory,str,TRUE,FALSE,FALSE,1,FALSE,FALSE,2331,,,,FALSE,,TRUE,{},TRUE,220,FALSE,FALSE
180,#Style Colors Allocated,no_allocated_articles,Inventory,int,FALSE,FALSE,FALSE,2,FALSE,FALSE,2448,,,,FALSE,,FALSE,{},FALSE,200,FALSE,FALSE
180,# Stores,no_stores_allocated,Inventory,int,FALSE,FALSE,FALSE,3,FALSE,FALSE,2449,,,,FALSE,,FALSE,{},FALSE,200,FALSE,FALSE
180,Total Allocated ,total_allocated_qty,Inventory,int,FALSE,FALSE,FALSE,4,FALSE,FALSE,322030,,,,FALSE,,FALSE,{},FALSE,240,FALSE,FALSE
180,Created On,created_at,Inventory,datetime,FALSE,FALSE,FALSE,5,FALSE,FALSE,2330,,,DD-MM-YYYY,FALSE,,TRUE,"{""dateFormat"": ""DD-MM-YYYY""}",TRUE,200,FALSE,FALSE
180,Created By,created_by,Inventory,str,FALSE,FALSE,FALSE,6,FALSE,FALSE,2327,,,,FALSE,,TRUE,{},TRUE,200,FALSE,FALSE
180,Released On,updated_at,Inventory,datetime,FALSE,FALSE,FALSE,7,FALSE,FALSE,2329,,,DD-MM-YYYY,FALSE,,TRUE,"{""dateFormat"": ""DD-MM-YYYY""}",TRUE,200,FALSE,FALSE
180,Status,status,Inventory,str,FALSE,FALSE,FALSE,8,FALSE,FALSE,2328,,,,FALSE,,FALSE,{},FALSE,200,FALSE,FALSE
180,Action,action,Inventory,review_btn,FALSE,TRUE,FALSE,9,FALSE,FALSE,2332,,,,FALSE,,FALSE,"{""ignore_in_api"": true}",FALSE,200,FALSE,FALSE
4001,Store Information,store_info,store,str,FALSE,FALSE,FALSE,1,FALSE,FALSE,321149,,,,FALSE,,TRUE,{},TRUE,200,FALSE,FALSE
4001,Store Code,store_code,store,str,FALSE,FALSE,FALSE,1,FALSE,FALSE,4000001,321149,,,FALSE,,TRUE,{},TRUE,200,FALSE,FALSE
4001,Store Name,store_name,store,str,FALSE,FALSE,FALSE,2,FALSE,FALSE,4000002,321149,,,FALSE,,TRUE,"{""enableColumnExpand"": true, ""columnGroupShow"": ""open""}",TRUE,200,FALSE,FALSE
4001,Store Grade,store_grade,store,str,FALSE,FALSE,FALSE,3,FALSE,FALSE,4000003,321149,,,FALSE,,TRUE,"{""enableColumnExpand"": true, ""columnGroupShow"": ""open""}",TRUE,200,FALSE,FALSE
4001,Style Color ID,article,product,str,FALSE,FALSE,FALSE,4,FALSE,FALSE,4000004,,,,FALSE,,TRUE,{},TRUE,200,FALSE,FALSE
4001,Style Color Information,product_info,product,str,FALSE,FALSE,FALSE,4,FALSE,FALSE,321013,,,,FALSE,,TRUE,"{""is_header"": true}",TRUE,200,FALSE,FALSE
4001,Category,l1_name,product,str,FALSE,FALSE,FALSE,5,FALSE,FALSE,4000005,321013,,,FALSE,,TRUE,{},TRUE,200,FALSE,FALSE
4001,Sub Category,l2_name,product,str,FALSE,FALSE,FALSE,6,FALSE,FALSE,4000006,321013,,,FALSE,,TRUE,"{""enableColumnExpand"": true, ""columnGroupShow"": ""open""}",TRUE,200,FALSE,FALSE
4001,Brand,l3_name,product,str,FALSE,FALSE,FALSE,7,FALSE,FALSE,4000007,321013,,,FALSE,,TRUE,"{""enableColumnExpand"": true, ""columnGroupShow"": ""open""}",TRUE,200,FALSE,FALSE
4001,Merchandise Category,l5_name,product,str,FALSE,FALSE,FALSE,8,FALSE,FALSE,4000008,321013,,,FALSE,,TRUE,"{""enableColumnExpand"": true, ""columnGroupShow"": ""open""}",TRUE,200,FALSE,FALSE
4001,Generic Article ID,l6_name,product,str,FALSE,FALSE,FALSE,9,FALSE,FALSE,4000009,321013,,,FALSE,,TRUE,"{""enableColumnExpand"": true, ""columnGroupShow"": ""open""}",TRUE,200,FALSE,FALSE
4001,Style Description,style_name,product,str,FALSE,FALSE,FALSE,10,FALSE,FALSE,4000010,321013,,,FALSE,,TRUE,"{""enableColumnExpand"": true, ""columnGroupShow"": ""open""}",TRUE,200,FALSE,FALSE
4001,Capacity,unit_capacity,Inventory,int,FALSE,FALSE,FALSE,11,FALSE,FALSE,4000011,,,,FALSE,,TRUE,{},TRUE,200,FALSE,FALSE
4001,OH + OO + IT,oh_it_oo,Inventory,int,FALSE,FALSE,FALSE,12,FALSE,FALSE,4000012,,,,FALSE,,TRUE,{},TRUE,200,FALSE,FALSE
4001,Allocated Reserve,user_reserve_qty,Inventory,int,FALSE,FALSE,FALSE,13,FALSE,FALSE,4000013,,,,FALSE,,TRUE,{},TRUE,200,FALSE,FALSE
4001,DC Net Available,net_available,Inventory,int,FALSE,FALSE,FALSE,14,FALSE,FALSE,4000014,,,,FALSE,,TRUE,{},TRUE,200,FALSE,FALSE
4001,Current Allocation Recommendation,allocated_qty,Inventory,int,FALSE,FALSE,FALSE,15,FALSE,FALSE,4000015,,,,FALSE,,TRUE,{},TRUE,200,FALSE,FALSE
4001,Net Available Capacity,net_capacity,Inventory,link,FALSE,FALSE,FALSE,16,FALSE,FALSE,4000016,,,,FALSE,,TRUE,{},TRUE,200,FALSE,FALSE
4001,FWOS,FWOS,Inventory,int,FALSE,FALSE,FALSE,17,FALSE,FALSE,4000017,,,,FALSE,,TRUE,{},TRUE,200,FALSE,FALSE
4110,Sizes,size,Product,str,FALSE,FALSE,FALSE,0,FALSE,FALSE,321323221,,,,FALSE,,FALSE,{},FALSE,200,FALSE,FALSE
4110,Net DC Available,net_dc_available,Product,str,FALSE,FALSE,FALSE,2,FALSE,FALSE,321323225,,,,FALSE,,FALSE,{},FALSE,200,FALSE,FALSE
4110,Allocated Quantity,allocated_header,Store,str,FALSE,FALSE,FALSE,3,FALSE,FALSE,321323222,,,,FALSE,,FALSE,{},FALSE,200,FALSE,FALSE
4110,OH+OO+IT,oh_oo_it_size,Product,int,FALSE,FALSE,FALSE,5,FALSE,FALSE,321323232,,,,FALSE,,FALSE,{},FALSE,200,FALSE,FALSE
4110,Min,min_size,Product,int,FALSE,FALSE,FALSE,6,FALSE,FALSE,321323230,,,,FALSE,,FALSE,{},FALSE,200,FALSE,FALSE
4110,Max,max_size,Product,int,FALSE,FALSE,FALSE,7,FALSE,FALSE,321323231,,,,FALSE,,FALSE,{},FALSE,200,FALSE,FALSE
189,Aggregated Max,max_stock_sum,Others,float,FALSE,FALSE,FALSE,12,FALSE,TRUE,119,,,,FALSE,,TRUE,"{""dynamicMaxKey"": ""max_stock""}",TRUE,200,FALSE,FALSE
189,Aggregated Min,min_stock_sum,Others,float,FALSE,FALSE,FALSE,11,FALSE,TRUE,120,,,,FALSE,,TRUE,"{""dynamicMinKey"": ""min_stock""}",TRUE,200,FALSE,FALSE
189,APS/User Defined ROS,aps/ros_rounded,Others,float,FALSE,FALSE,FALSE,6,FALSE,TRUE,105,,,,FALSE,,TRUE,{},TRUE,320,FALSE,FALSE
189,Estimated Demand,estimated_demand,Others,int,FALSE,FALSE,FALSE,10,FALSE,TRUE,118,,,,FALSE,,TRUE,{},TRUE,260,FALSE,FALSE
189,Max,max_stock,Others,int,FALSE,TRUE,FALSE,4,FALSE,TRUE,116,,,,FALSE,,TRUE,{},TRUE,200,FALSE,FALSE
189,Min,min_stock,Others,int,FALSE,TRUE,FALSE,3.5,FALSE,TRUE,106,,,,FALSE,,TRUE,{},TRUE,200,FALSE,FALSE
189,OH+OO+IT,oh_oo_it,Others,float,FALSE,FALSE,FALSE,18,FALSE,TRUE,115,,,,FALSE,,FALSE,{},TRUE,200,FALSE,FALSE
189,Overall Proportion (%),overall_proportion,Others,percentage,FALSE,FALSE,FALSE,5,FALSE,TRUE,103,,,roundOfftoTwoDecimals,FALSE,,FALSE,{},TRUE,400,FALSE,FALSE
189,Size To Overall Store Contribution %,size_level_proportion,Others,str,FALSE,FALSE,FALSE,5,FALSE,TRUE,104,,,,FALSE,,FALSE,{},TRUE,400,FALSE,FALSE
189,Store In Transit,in_transit,Others,float,FALSE,FALSE,FALSE,15,FALSE,TRUE,112,,,,FALSE,,FALSE,{},TRUE,200,FALSE,FALSE
189,Store Information,store_info,Store,str,TRUE,FALSE,FALSE,1,FALSE,TRUE,321142,,,,FALSE,,FALSE,{},TRUE,200,FALSE,FALSE
189,Store Code,store_code,Store,str,TRUE,FALSE,FALSE,1,FALSE,TRUE,100,321142,,,FALSE,,TRUE,{},TRUE,200,FALSE,FALSE
189,Store Name,store_name,Store,str,TRUE,FALSE,FALSE,2,FALSE,TRUE,101,321142,,,FALSE,,TRUE,"{""enableColumnExpand"": true, ""columnGroupShow"": ""open""}",TRUE,200,FALSE,FALSE
189,Store Grade,store_grade,Store,str,TRUE,FALSE,FALSE,3,FALSE,TRUE,102,321142,,,FALSE,,TRUE,"{""enableColumnExpand"": true, ""columnGroupShow"": ""open""}",TRUE,200,FALSE,FALSE
189,Store On Hand,on_hand,Others,float,FALSE,FALSE,FALSE,14,FALSE,TRUE,111,,,,FALSE,,FALSE,{},TRUE,200,FALSE,FALSE
189,Store On Order,on_order,Others,float,FALSE,FALSE,FALSE,16,FALSE,TRUE,113,,,,FALSE,,FALSE,{},TRUE,200,FALSE,FALSE
189,Transit Time,transit_time,Others,float,FALSE,FALSE,FALSE,13,FALSE,TRUE,110,,,,FALSE,,TRUE,{},TRUE,200,FALSE,FALSE
189,WoC,wos_rounded,Others,int,FALSE,TRUE,FALSE,13,FALSE,TRUE,117,,,,FALSE,,TRUE,"{""typeFormat"": ""number""}",TRUE,200,FALSE,FALSE
189,Like Store,ref_store,Store,list,FALSE,TRUE,FALSE,19,FALSE,TRUE,121,,,,FALSE,,TRUE,{},TRUE,200,FALSE,FALSE
187,PO Number,po_code,custom,str,FALSE,FALSE,FALSE,1,FALSE,FALSE,f1acad72-2b65-4a55-9fcf-50f6ee8b5b76,,[NULL],[NULL],FALSE,[NULL],TRUE,{},TRUE,200,FALSE,FALSE
187,DC Name,dc_name,custom,str,FALSE,FALSE,FALSE,1.1,FALSE,FALSE,f1acad72-2b65-4a55-9fcf-50f6ee8b5b77,,[NULL],[NULL],FALSE,[NULL],TRUE,{},TRUE,200,FALSE,FALSE
187,# Style Color,style_count,custom,int,FALSE,FALSE,FALSE,1.2,FALSE,FALSE,068d642d-8f2e-486e-a8a5-e9d7c05714bd,,[NULL],[NULL],FALSE,[NULL],TRUE,{},TRUE,200,FALSE,FALSE
187,Style Color,article,product,str,FALSE,FALSE,FALSE,2,FALSE,FALSE,ab3b190a-3767-4480-9ecc-823e36ecdc71,,[NULL],[NULL],FALSE,[NULL],TRUE,{},TRUE,200,FALSE,FALSE
187,Style Description,style_name,product,str,FALSE,FALSE,FALSE,3,FALSE,FALSE,a6b5d3d6-f663-4bf3-83de-60d9c0ace3ab,,[NULL],[NULL],FALSE,[NULL],TRUE,{},TRUE,200,FALSE,FALSE
187,Delivery Date,requirement_date,custom,date,FALSE,FALSE,FALSE,4,FALSE,FALSE,8b1a8463-2c3f-41e3-9da9-bab33704897e,,,,FALSE,[NULL],TRUE,{},TRUE,200,FALSE,FALSE
187,Available to Allocate,available_qty,custom,int,FALSE,FALSE,FALSE,5,FALSE,FALSE,c96e99ef-e891-4d1c-8756-856215c4b3e6,,[NULL],[NULL],FALSE,[NULL],TRUE,{},TRUE,200,FALSE,FALSE
324,PO Number,po_code,custom,str,FALSE,FALSE,FALSE,1,FALSE,FALSE,67026a22-cdcd-4960-b13f-563a309fbd4d,,[NULL],[NULL],FALSE,[NULL],FALSE,{},TRUE,200,FALSE,FALSE
324,Style Color ID,article,product,str,FALSE,FALSE,FALSE,2,FALSE,FALSE,9dd50cc5-2da2-4f83-a407-cc955286f49c,,[NULL],[NULL],FALSE,[NULL],TRUE,{},TRUE,200,FALSE,FALSE
324,Category,l1_name,product,str,FALSE,FALSE,FALSE,6,FALSE,FALSE,0eb85618-92dd-425a-8785-6083e58e6256,,[NULL],[NULL],FALSE,[NULL],TRUE,{},TRUE,200,FALSE,FALSE
324,Sub Category,l2_name,product,str,FALSE,FALSE,FALSE,6,FALSE,FALSE,0eb85618-92dd-425a-8785-6083e58e6257,,[NULL],[NULL],FALSE,[NULL],TRUE,{},TRUE,200,FALSE,FALSE
324,Brand,l3_name,product,str,FALSE,FALSE,FALSE,7,FALSE,FALSE,6aff74bd-5910-476d-bf0d-3d6f51c3eb6e,,[NULL],[NULL],FALSE,[NULL],TRUE,{},TRUE,200,FALSE,FALSE
324,Merchandise Category,l5_name,product,str,FALSE,FALSE,FALSE,8,FALSE,FALSE,cd7b014f-7b3a-48e2-87ca-b54e316f06e5,,[NULL],[NULL],FALSE,[NULL],TRUE,{},TRUE,200,FALSE,FALSE
324,Generic Article ID,l6_name,product,str,FALSE,FALSE,FALSE,9,FALSE,FALSE,76ed1238-8541-4bf9-828f-bfd8e22d45dc,,[NULL],[NULL],FALSE,[NULL],TRUE,{},TRUE,200,FALSE,FALSE
324,Style Description,style_name,product,str,FALSE,FALSE,FALSE,10,FALSE,FALSE,90ced714-8530-4bf6-80b5-6976203eb2f0,,[NULL],[NULL],FALSE,[NULL],TRUE,{},TRUE,200,FALSE,FALSE
324,Available to Allocate,available_qty,custom,int,FALSE,FALSE,FALSE,12,FALSE,FALSE,37415677-6e8c-4307-9542-13244b3eb7af,,[NULL],[NULL],FALSE,[NULL],TRUE,{},TRUE,200,FALSE,FALSE
317,Article ID,product_code,Inventory,str,FALSE,FALSE,FALSE,1,FALSE,FALSE,9103,,,,FALSE,,TRUE,{},TRUE,200,FALSE,FALSE
317,Style Color Information,product_info,Inventory,str,FALSE,FALSE,FALSE,0,FALSE,FALSE,321146,,,,FALSE,,TRUE,{},TRUE,200,FALSE,FALSE
317,Style Color ID,article,Inventory,str,FALSE,FALSE,FALSE,2,FALSE,FALSE,9115,321146,,,FALSE,,TRUE,{},TRUE,200,FALSE,FALSE
317,Size,size,Inventory,str,FALSE,FALSE,FALSE,3,FALSE,FALSE,9105,321146,,,FALSE,,TRUE,"{""enableColumnExpand"": true, ""columnGroupShow"": ""open""}",TRUE,200,FALSE,FALSE
317,Category,l1_name,Inventory,str,FALSE,FALSE,FALSE,4,FALSE,FALSE,9104,321146,,,FALSE,,TRUE,"{""enableColumnExpand"": true, ""columnGroupShow"": ""open""}",TRUE,200,FALSE,FALSE
317,Sub Category,l2_name,Inventory,str,FALSE,FALSE,FALSE,5,FALSE,FALSE,9112,321146,,,FALSE,,TRUE,"{""enableColumnExpand"": true, ""columnGroupShow"": ""open""}",TRUE,200,FALSE,FALSE
317,Total Units Allocated,total_units_allocated,Inventory,int,FALSE,FALSE,FALSE,6,FALSE,FALSE,19109,,,,FALSE,,FALSE,{},FALSE,200,FALSE,FALSE
317,Min Units Allocated,min_units_allocation,Inventory,int,FALSE,FALSE,FALSE,7,FALSE,FALSE,9100,,,,FALSE,,FALSE,{},FALSE,200,FALSE,FALSE
317,WOC Units Allocated,wos_units_allocation,Inventory,int,FALSE,FALSE,FALSE,8,FALSE,FALSE,9107,,,,FALSE,,FALSE,{},FALSE,200,FALSE,FALSE
317,DC Available,inv_avai,Inventory,int,FALSE,FALSE,FALSE,9,FALSE,FALSE,9113,,,,FALSE,,FALSE,{},FALSE,200,FALSE,FALSE
317,Reserve Quantity,reserve_quantity,Inventory,int,FALSE,FALSE,FALSE,10,FALSE,FALSE,321007,,,,FALSE,,FALSE,{},FALSE,200,FALSE,FALSE
318,Store Code,store_code,Inventory,str,FALSE,FALSE,FALSE,1,FALSE,FALSE,55194,,,,FALSE,,TRUE,{},TRUE,200,FALSE,FALSE
318,Store Name,store_name,Inventory,str,FALSE,FALSE,FALSE,2,FALSE,FALSE,55193,,,,FALSE,,TRUE,{},TRUE,200,FALSE,FALSE
318,OH,oh,Inventory,str,FALSE,FALSE,FALSE,3,FALSE,FALSE,55202,,,,FALSE,,TRUE,{},TRUE,200,FALSE,FALSE
318,IT,it,Inventory,str,FALSE,FALSE,FALSE,4,FALSE,FALSE,55198,,,,FALSE,,TRUE,{},TRUE,200,FALSE,FALSE
318,OO,oo,Inventory,str,FALSE,FALSE,FALSE,5,FALSE,FALSE,55201,,,,FALSE,,TRUE,{},TRUE,200,FALSE,FALSE
318,Total Units Allocated,allocated_total,Inventory,str,FALSE,FALSE,FALSE,6,FALSE,FALSE,55203,,,,FALSE,,FALSE,{},FALSE,200,FALSE,FALSE
318,Min Units Allocated,min_units_allocated,Inventory,float,FALSE,FALSE,FALSE,7,FALSE,FALSE,55200,,,roundOffToTwoDecimals,FALSE,,FALSE,{},FALSE,200,FALSE,FALSE
318,WOC Units Allocated,wos_units_allocated,Inventory,float,FALSE,FALSE,FALSE,8,FALSE,FALSE,55192,,,roundOffToTwoDecimals,FALSE,,FALSE,{},FALSE,200,FALSE,FALSE
120,Style Color Information,product_info,Custom,str,FALSE,FALSE,FALSE,1.0,FALSE,FALSE,321009,,,,FALSE,,TRUE,{},TRUE,300,FALSE,FALSE
120,Style Color ID,article,Product,str,FALSE,FALSE,FALSE,1.0,FALSE,FALSE,120_style_style_Product,321009,,,FALSE,,TRUE,{},FALSE,200,FALSE,FALSE
120,Category,l1_name,Product,str,FALSE,FALSE,FALSE,3.0,FALSE,FALSE,120_country_country_Product,321009,,,FALSE,,TRUE,"{""enableColumnExpand"": true, ""columnGroupShow"": ""open""}",FALSE,200,FALSE,FALSE
120,Sub Category,l2_name,Product,str,FALSE,FALSE,FALSE,4.0,FALSE,FALSE,120_brand_brand_Product,321009,,,FALSE,,TRUE,"{""enableColumnExpand"": true, ""columnGroupShow"": ""open""}",FALSE,200,FALSE,FALSE
120,Brand,l3_name,Product,str,FALSE,FALSE,FALSE,5.0,FALSE,FALSE,120_sbu_sbu_Product,321009,,,FALSE,,TRUE,"{""enableColumnExpand"": true, ""columnGroupShow"": ""open""}",FALSE,200,FALSE,FALSE
120,Merchandise Category,l5_name,Product,str,FALSE,FALSE,FALSE,6.0,FALSE,FALSE,120_department_department_Product,321009,,,FALSE,,TRUE,"{""enableColumnExpand"": true, ""columnGroupShow"": ""open""}",FALSE,200,FALSE,FALSE
120,Generic Article ID,l6_name,Product,str,FALSE,FALSE,FALSE,7.0,FALSE,FALSE,120_collection_total_collection_total_Product,321009,,,FALSE,,TRUE,"{""enableColumnExpand"": true, ""columnGroupShow"": ""open""}",FALSE,200,FALSE,FALSE
120,Style Description,style,Product,str,FALSE,FALSE,FALSE,8.0,FALSE,FALSE,120_style_description_style_description,321009,,,FALSE,,TRUE,"{""enableColumnExpand"": true, ""columnGroupShow"": ""open""}",FALSE,200,FALSE,FALSE
120,Product Life Cycle,article_status_tag,Product,str,FALSE,FALSE,FALSE,9.0,FALSE,FALSE,120_article_status_tag_article_status_tag,321009,,,FALSE,,TRUE,"{""enableColumnExpand"": true, ""columnGroupShow"": ""open""}",FALSE,200,FALSE,FALSE
120,Last Allocated,last_allocated,Custom,datetime,FALSE,FALSE,FALSE,10.0,FALSE,FALSE,120_last_allocated_last_allocated_Product,,,MM-DD-YYYY,FALSE,,FALSE,{},FALSE,200,FALSE,FALSE
120,Demand Type,demand_type,Custom,list,FALSE,TRUE,FALSE,11.0,FALSE,FALSE,120_demand_type_demand_type_Product,,,,FALSE,,FALSE,"{""options"": [{""label"": ""Fixed"",""value"": ""Fixed""},{""label"": ""IA Forecast"",""value"": ""IA""}]}",FALSE,200,FALSE,FALSE
120,Planned WOC,wos,Custom,float,FALSE,TRUE,FALSE,13.0,FALSE,FALSE,120_FWOS_FWOS_Product,,,,FALSE,,FALSE,{},FALSE,200,FALSE,FALSE
120,Product Profile,product_profiles,Custom,dynamic-list,FALSE,TRUE,FALSE,15.0,FALSE,FALSE,120_product_profile_product_profile_Product,,,,FALSE,,FALSE,"{""options_column"": ""product_profiles_options""}",FALSE,200,FALSE,FALSE
120,Size Profile,sizes,Custom,dynamic-list,FALSE,TRUE,FALSE,16.0,FALSE,FALSE,120_size_profile_size_profile_Product,,,,FALSE,,FALSE,"{""options_column"": ""sizes_options"", ""is_multi"": true, ""width"": 200}",FALSE,200,FALSE,FALSE
120,Store Eligibility Groups,store_groups,Custom,dynamic-list,FALSE,TRUE,FALSE,17.0,FALSE,FALSE,120_store_eligibility_groups_store_eligibility_groups_Product,,,,FALSE,,FALSE,"{""options_column"": ""store_groups_options"", ""is_multi"": true}",FALSE,200,FALSE,FALSE
120,No. Eligible Stores,mapped_stores_count,Custom,str,FALSE,FALSE,FALSE,18.0,FALSE,FALSE,120_no_eligible_stores_no_eligible_stores_Product,,,,FALSE,,FALSE,{},FALSE,200,FALSE,FALSE
120,DC,dcs,Custom,dynamic-list,FALSE,TRUE,FALSE,19.0,FALSE,FALSE,120_dcs_Product,,,,FALSE,,FALSE,"{""options_column"": ""dcs_options"", ""is_multi"": true}",FALSE,200,FALSE,FALSE
120,Beginning Available to Allocate ,beginning_available_to_allocate_eaches_oh,Custom,str,FALSE,FALSE,FALSE,20.0,FALSE,FALSE,120_beginning_available_to_allocate_eaches_beginning_available_to_allocate_eaches_Product,,,,FALSE,,FALSE,{},FALSE,200,FALSE,FALSE
120,DC Inv On Hand,oh,Custom,str,FALSE,FALSE,FALSE,21.0,FALSE,FALSE,120_dc_inv_on_hand_dc_inv_on_hand_Product,,,,FALSE,,FALSE,{},FALSE,200,FALSE,FALSE
120,Reserve Quantity at DC,reserve_quantity,Custom,str,FALSE,FALSE,FALSE,23.0,FALSE,FALSE,120_reserve_quantity_at_dc_reserve_quantity_at_dc_Product,,,,FALSE,,FALSE,{},FALSE,200,FALSE,FALSE
120,Allocation Reserve Quantity,allocated_units,Custom,str,FALSE,FALSE,FALSE,24.0,FALSE,FALSE,120_allocation_reserve_quantity_allocation_reserve_quantity_Product,,,,FALSE,,FALSE,{},FALSE,200,FALSE,FALSE
120,Inv. Source,inventory_source,Custom,list,FALSE,TRUE,FALSE,25.0,FALSE,FALSE,120_inv_source_inv_source_Product,,,,FALSE,,FALSE,"{""dc"":{""options"":[{""label"":""DC Inv. on Hand"",""value"":""on_hand""}]},""pdq"":{""options"":[{""label"":""PDQ Alert"",""value"":""pdq""}]},""po"":{""options"":[{""label"":""PO"",""value"":""po""}]},""options"":[{""label"":""DC Inv. on Hand"",""value"":""on_hand""}]}",FALSE,200,FALSE,FALSE
120,Current Available to Allocate,net_available_inventory,Custom,str,FALSE,FALSE,FALSE,26.0,FALSE,FALSE,120_current_available_to_allocate_eaches_current_available_to_allocate_eaches_Product,,,,FALSE,,FALSE,{},FALSE,200,FALSE,FALSE
120,User Defined Inv. in %,user_def_inv_perc,Custom,int,FALSE,TRUE,FALSE,36.0,FALSE,FALSE,120_user_defined_inv_in_user_defined_inv_in_Product,,,,FALSE,,FALSE,"{""min"": 0,""max"": 100}",FALSE,200,FALSE,FALSE
120,Fixed Inv. Push,user_def_inv,Custom,int,FALSE,TRUE,FALSE,37.0,FALSE,FALSE,120_fixed_inv_push_fixed_inv_push_Product,,,,FALSE,,FALSE,"{""dynamicMaxKey"": ""net_available_inventory""}",FALSE,200,FALSE,FALSE
120,Fixed Qty to Allocate,final_tot_inventory,Custom,str,FALSE,FALSE,FALSE,38.0,FALSE,FALSE,120_fixed_qty_to_allocate_fixed_qty_to_allocate_Product,,,,FALSE,,FALSE,"{""valueGetter"": ""data.net_available_inventory*data.user_def_inv_perc/100""}",FALSE,200,FALSE,FALSE
120,Custom KPIs,custom_kpis,others,str,false,false,false,40.0,false,false,"12040",,,,false,,false,"{}",false,200,false,false
522,Article ID,product_code,Product,str,FALSE,FALSE,FALSE,1,FALSE,FALSE,3120,,,,FALSE,,TRUE,{},TRUE,300,FALSE,FALSE
522,Style Color Information,product_info,Product,str,FALSE,FALSE,FALSE,2,FALSE,FALSE,321018,,,,FALSE,,TRUE,"{""is_header"": true}",TRUE,200,FALSE,FALSE
522,Style Color ID,article,Product,str,FALSE,FALSE,FALSE,2,FALSE,FALSE,3121,321018,,,FALSE,,TRUE,{},TRUE,300,FALSE,FALSE
522,Sales Organisation,l0_name,Product,str,FALSE,FALSE,FALSE,3,FALSE,FALSE,3131,321018,,,FALSE,,TRUE,"{""enableColumnExpand"": true, ""columnGroupShow"": ""open""}",TRUE,200,FALSE,FALSE
522,Category,l1_name,Product,str,FALSE,FALSE,FALSE,4,FALSE,FALSE,3125,321018,,,FALSE,,TRUE,"{""enableColumnExpand"": true, ""columnGroupShow"": ""open""}",TRUE,200,FALSE,FALSE
522,Sub Category,l2_name,Product,str,FALSE,FALSE,FALSE,5,FALSE,FALSE,3126,321018,,,FALSE,,TRUE,"{""enableColumnExpand"": true, ""columnGroupShow"": ""open""}",TRUE,300,FALSE,FALSE
522,Brand,l3_name,Product,str,FALSE,FALSE,FALSE,6,FALSE,FALSE,3127,321018,,,FALSE,,TRUE,"{""enableColumnExpand"": true, ""columnGroupShow"": ""open""}",TRUE,300,FALSE,FALSE
522,Merchandise Category,l5_name,Product,str,FALSE,FALSE,FALSE,7,FALSE,FALSE,3128,321018,,,FALSE,,TRUE,"{""enableColumnExpand"": true, ""columnGroupShow"": ""open""}",TRUE,300,FALSE,FALSE
522,Generic Article ID,l6_name,Product,str,FALSE,FALSE,FALSE,8,FALSE,FALSE,3129,321018,,,FALSE,,TRUE,"{""enableColumnExpand"": true, ""columnGroupShow"": ""open""}",TRUE,300,FALSE,FALSE
522,Style Description,style_name,Product,str,FALSE,FALSE,FALSE,9,FALSE,FALSE,3130,321018,,,FALSE,,TRUE,"{""enableColumnExpand"": true, ""columnGroupShow"": ""open""}",TRUE,200,FALSE,FALSE
522,Size,size,Product,str,FALSE,FALSE,FALSE,10,FALSE,FALSE,3122,,,,FALSE,,TRUE,{},TRUE,300,FALSE,FALSE
522,Store Information,store_info,Product,str,FALSE,FALSE,FALSE,11,FALSE,FALSE,321143,,,,FALSE,,TRUE,"{""is_header"": true}",TRUE,200,FALSE,FALSE
522,Store Code,store_code,Product,str,FALSE,FALSE,FALSE,11,FALSE,FALSE,3123,321143,,,FALSE,,TRUE,{},TRUE,300,FALSE,FALSE
522,Store Name,store_name,Product,str,FALSE,FALSE,FALSE,12,FALSE,FALSE,3124,321143,,,FALSE,,TRUE,"{""enableColumnExpand"": true, ""columnGroupShow"": ""open""}",TRUE,200,FALSE,FALSE
522,Region Name,region_name,Product,str,FALSE,FALSE,FALSE,13,FALSE,FALSE,3132,321143,,,FALSE,,TRUE,"{""enableColumnExpand"": true, ""columnGroupShow"": ""open""}",TRUE,300,FALSE,FALSE
522,Store Grade,store_grade,Product,str,FALSE,FALSE,FALSE,14,FALSE,FALSE,3133,321143,,,FALSE,,FALSE,"{""enableColumnExpand"": true, ""columnGroupShow"": ""open""}",FALSE,200,FALSE,FALSE
522,Fiscal Year,fiscal_year,Product,str,FALSE,FALSE,FALSE,15,FALSE,FALSE,3134,,,,FALSE,,FALSE,{},FALSE,200,FALSE,FALSE
522,Fiscal Week,fiscal_week,Product,int,FALSE,FALSE,FALSE,16,FALSE,FALSE,3135,,,,FALSE,,FALSE,{},FALSE,200,FALSE,FALSE
522,Opening Inventory,opening_inventory,Product,str,FALSE,FALSE,FALSE,17,FALSE,FALSE,3136,,,,FALSE,,FALSE,{},FALSE,200,FALSE,FALSE
522,Units Sold,units,Product,float,FALSE,FALSE,FALSE,18,FALSE,FALSE,3137,,,,FALSE,,FALSE,{},FALSE,200,FALSE,FALSE
522,Cluster Avg Sales,cluster_avg_sales,Product,str,FALSE,FALSE,FALSE,19,FALSE,FALSE,3138,,,,FALSE,,FALSE,{},FALSE,300,FALSE,FALSE
522,Lost Opportunity (Units),lost_units,Product,int,FALSE,FALSE,FALSE,20,FALSE,FALSE,3139,,,,FALSE,,FALSE,{},FALSE,200,FALSE,FALSE
522,Lost Opportunity (Revenue) $,lost_sales,Product,dollar,FALSE,FALSE,FALSE,21,FALSE,FALSE,3140,,,,FALSE,,FALSE,{},FALSE,200,FALSE,FALSE
522,Custom KPIs,custom_kpis,others,str,FALSE,FALSE,FALSE,22,FALSE,FALSE,3141,,,,FALSE,,FALSE,{},TRUE,200,FALSE,FALSE
160,#Styles,no_style_color,Store,int,FALSE,FALSE,FALSE,1,FALSE,FALSE,7006,,,,FALSE,,FALSE,"{""iconType"": ""style""}",FALSE,200,FALSE,FALSE
160,#Allocated Stores,allocated_stores,Store,int,FALSE,FALSE,FALSE,2,FALSE,FALSE,7007,,,,FALSE,,FALSE,"{""iconType"": ""store""}",FALSE,200,FALSE,FALSE
160,#Allocated StyleColor-Stores,allocated_stylecolor_store_cnt,Store,int,FALSE,FALSE,FALSE,3.1,FALSE,FALSE,7114,,,,FALSE,,FALSE,"{""iconType"": ""stylecolor_store""}",FALSE,200,FALSE,FALSE
160,LW Sales Units,lw_qty,Store,int,FALSE,FALSE,FALSE,4,FALSE,FALSE,7009,,,,FALSE,,FALSE,"{""iconType"": ""sales_unit""}",FALSE,200,FALSE,FALSE
160,LW Margin,lw_margin,Store,int,FALSE,FALSE,FALSE,5,FALSE,FALSE,7010,,,,FALSE,,FALSE,"{""iconType"": ""lw_margin""}",FALSE,200,FALSE,FALSE
160,Remaining DC Available To Allocate (Net DC Available),net_dc_available,Store,int,FALSE,FALSE,FALSE,6,FALSE,FALSE,7008,,,,FALSE,,FALSE,"{""iconType"": ""dc_available""}",FALSE,200,FALSE,FALSE
160,DC Allocated Quantity(By Size),allocated_qty,Store,int,FALSE,FALSE,FALSE,7,FALSE,FALSE,7011,,,,FALSE,,FALSE,"{""iconType"": ""dc_allocated_qty""}",FALSE,200,FALSE,FALSE
160,Total Allocated Quantity,total_allocated_qty,Store,int,FALSE,FALSE,FALSE,8,FALSE,FALSE,7013,,,,FALSE,,FALSE,"{""iconType"": ""allocated_qty_total""}",FALSE,200,FALSE,FALSE
161,#Styles,art_cnt,Product,str,FALSE,FALSE,FALSE,1,FALSE,FALSE,7072,,,,FALSE,,TRUE,"{""iconType"": ""style""}",TRUE,200,FALSE,FALSE
161,#Allocated Stores,store_cnt,Product,str,FALSE,FALSE,FALSE,2,FALSE,FALSE,7073,,,,FALSE,,TRUE,"{""iconType"": ""store""}",TRUE,200,FALSE,FALSE
161,#Allocated StyleColor-Stores,allocated_stylecolor_store_cnt,Product,str,FALSE,FALSE,FALSE,2.1,FALSE,FALSE,7174,,,,FALSE,,TRUE,"{""iconType"": ""stylecolor_store""}",TRUE,200,FALSE,FALSE
161,Style Depth Per Store,sku_depth_per_store,Product,str,FALSE,FALSE,FALSE,3,FALSE,FALSE,7074,,,,FALSE,,TRUE,"{""iconType"": ""style_depth_per_store""}",TRUE,200,FALSE,FALSE
161,Avg Units Per Store,avg_units_per_store,Product,str,FALSE,FALSE,FALSE,4,FALSE,FALSE,7075,,,,FALSE,,TRUE,"{""iconType"": ""avg_unit_per_store""}",TRUE,200,FALSE,FALSE
161,LW Margin,lw_margin,Product,str,FALSE,FALSE,FALSE,5,FALSE,FALSE,7077,,,,FALSE,,TRUE,"{""iconType"": ""lw_margin""}",TRUE,200,FALSE,FALSE
161,LW Sales Units,lw_qty,Product,str,FALSE,FALSE,FALSE,6,FALSE,FALSE,7076,,,,FALSE,,TRUE,"{""iconType"": ""sales_unit""}",TRUE,200,FALSE,FALSE
161,DC Allocated Qty,dc_allocated,Product,str,FALSE,FALSE,FALSE,7,FALSE,FALSE,7078,,,,FALSE,,TRUE,"{""iconType"": ""dc_allocated_qty""}",TRUE,200,FALSE,FALSE
161,DC Remaining Available To Allocate,dc_available,Product,str,FALSE,FALSE,FALSE,8,FALSE,FALSE,7079,,,,FALSE,,TRUE,"{""iconType"": ""dc_available""}",TRUE,200,FALSE,FALSE
161,Store Grade Allocated Qty,store_grade_allocated,Product,str,FALSE,FALSE,FALSE,9,FALSE,FALSE,7080,,,,FALSE,,TRUE,"{""iconType"": ""store_grade_allocated_qty""}",TRUE,200,FALSE,FALSE
161,Store Grade Allocated Percentage,store_grade_perc,Product,str,FALSE,FALSE,FALSE,10,FALSE,FALSE,7081,,,,FALSE,,TRUE,"{""iconType"": ""store_grade_allocated_qty""}",TRUE,200,FALSE,FALSE
162,Style Color ID,article,Product,link,TRUE,TRUE,FALSE,1,FALSE,FALSE,7028,,,,FALSE,,TRUE,{},TRUE,200,FALSE,FALSE
162,Style Color Information,product_info,Product,str,FALSE,FALSE,FALSE,2,FALSE,FALSE,321010,,,,FALSE,,TRUE,{},TRUE,200,FALSE,FALSE
162,Style Description,description,Product,str,FALSE,FALSE,FALSE,3,FALSE,FALSE,7029,321010,,,FALSE,,TRUE,{},TRUE,200,FALSE,FALSE
162,Category,l1_name,Product,str,FALSE,FALSE,FALSE,5.8,FALSE,FALSE,7036,321010,,,FALSE,,TRUE,"{""enableColumnExpand"": true, ""columnGroupShow"": ""open""}",TRUE,200,FALSE,FALSE
162,Sub Category,l2_name,Product,str,FALSE,FALSE,FALSE,6,FALSE,FALSE,7033,321010,,,FALSE,,TRUE,"{""enableColumnExpand"": true, ""columnGroupShow"": ""open""}",TRUE,200,FALSE,FALSE
162,Brand,l3_name,Product,str,FALSE,FALSE,FALSE,7,FALSE,FALSE,7034,321010,,,FALSE,,TRUE,"{""enableColumnExpand"": true, ""columnGroupShow"": ""open""}",TRUE,200,FALSE,FALSE
162,Merchandise Category,l5_name,Product,str,FALSE,FALSE,FALSE,8,FALSE,FALSE,7035,321010,,,FALSE,,TRUE,"{""enableColumnExpand"": true, ""columnGroupShow"": ""open""}",TRUE,200,FALSE,FALSE
162,Generic Article ID,l6_name,Product,str,FALSE,FALSE,FALSE,8.1,FALSE,FALSE,7099,321010,,,FALSE,,TRUE,"{""enableColumnExpand"": true, ""columnGroupShow"": ""open""}",TRUE,200,FALSE,FALSE
162,Product Life Cycle,product_life_cycle,Product,str,FALSE,FALSE,FALSE,8.2,FALSE,FALSE,7039,321010,,,FALSE,,TRUE,"{""enableColumnExpand"": true, ""columnGroupShow"": ""open""}",TRUE,200,FALSE,FALSE
162,# Allocated Stores,store_cnt,Product,str,FALSE,FALSE,FALSE,9.5,FALSE,FALSE,7030,,,,FALSE,,TRUE,{},TRUE,200,FALSE,FALSE
162,# Eligible Stores,all_stores,Product,str,FALSE,FALSE,FALSE,9.6,FALSE,FALSE,7031,,,,FALSE,,TRUE,{},TRUE,200,FALSE,FALSE
162,Aggregated Demand (for the Target WOS),demand,Product,float,FALSE,FALSE,FALSE,10,FALSE,FALSE,7037,,,roundOff,FALSE,,TRUE,{},TRUE,200,FALSE,FALSE
162,Demand Type,demand_type,Product,str,FALSE,FALSE,FALSE,11,FALSE,FALSE,7038,,,,FALSE,,TRUE,{},TRUE,200,FALSE,FALSE
162,LW Sales Unit,lw_qty,Product,str,FALSE,FALSE,FALSE,13,FALSE,FALSE,7040,,,,FALSE,,TRUE,{},TRUE,200,FALSE,FALSE
162,LW Margin,lw_margin,Product,str,FALSE,FALSE,FALSE,14,FALSE,FALSE,7041,,,,FALSE,,TRUE,{},TRUE,200,FALSE,FALSE
162,Aggregated Min,min,Product,str,FALSE,FALSE,FALSE,15,FALSE,FALSE,7042,,,,FALSE,,TRUE,{},TRUE,200,FALSE,FALSE
162,Aggregated Max,max,Product,str,FALSE,FALSE,FALSE,16,FALSE,FALSE,7043,,,,FALSE,,TRUE,{},TRUE,200,FALSE,FALSE
162,Store On Hand,oh,Product,str,FALSE,FALSE,FALSE,17,FALSE,FALSE,7044,,,,FALSE,,TRUE,{},TRUE,200,FALSE,FALSE
162,Store On Order,oo,Product,str,FALSE,FALSE,FALSE,18,FALSE,FALSE,7045,,,,FALSE,,TRUE,{},TRUE,200,FALSE,FALSE
162,Store In Transit,it,Product,str,FALSE,FALSE,FALSE,19,FALSE,FALSE,7046,,,,FALSE,,TRUE,{},TRUE,200,FALSE,FALSE
162,Remaining DC Available to Allocate,net_available,Product,int,FALSE,FALSE,FALSE,21,FALSE,FALSE,7048,,,,FALSE,,TRUE,{},TRUE,200,FALSE,FALSE
162,Allocated Quantity (By Size),allocated_quantity_size,Product,str,FALSE,FALSE,FALSE,22,FALSE,FALSE,7049,,,,FALSE,,TRUE,{},TRUE,200,FALSE,FALSE
162,Allocation %(By Size),allocated_percentage,Product,str,FALSE,FALSE,FALSE,23,FALSE,FALSE,7050,,,,FALSE,,TRUE,{},TRUE,200,FALSE,FALSE
162,Total allocated Qty,total_allocated_qty,Product,str,FALSE,FALSE,FALSE,24,FALSE,FALSE,7051,,,,FALSE,,TRUE,{},TRUE,200,FALSE,FALSE
164,Store Information,store_info,Store,str,FALSE,FALSE,FALSE,1,FALSE,FALSE,321148,,,,FALSE,,TRUE,{},TRUE,200,FALSE,FALSE
164,Store Code,store_code,Product,str,FALSE,FALSE,FALSE,1,FALSE,FALSE,7052,321148,,,FALSE,,TRUE,{},TRUE,200,FALSE,FALSE
164,Store Name,store_name,Product,str,FALSE,FALSE,FALSE,2,FALSE,FALSE,7053,321148,,,FALSE,,TRUE,"{""enableColumnExpand"": true, ""columnGroupShow"": ""open""}",TRUE,200,FALSE,FALSE
164,Store Grade,store_grade,Product,str,FALSE,FALSE,FALSE,3,FALSE,FALSE,7054,321148,,,FALSE,,TRUE,"{""enableColumnExpand"": true, ""columnGroupShow"": ""open""}",TRUE,200,FALSE,FALSE
164,Aggregated Demand (For the Target WOS),aggregated_demand,Product,float,FALSE,FALSE,FALSE,5,FALSE,FALSE,7056,,,roundOff,FALSE,,TRUE,{},TRUE,200,FALSE,FALSE
164,Demand Type,demand_type,Product,str,FALSE,FALSE,FALSE,6,FALSE,FALSE,7057,,,,FALSE,,TRUE,{},TRUE,200,FALSE,FALSE
164,LW Sales Units,lw_qty,Product,str,FALSE,FALSE,FALSE,7,FALSE,FALSE,7058,,,,FALSE,,TRUE,{},TRUE,200,FALSE,FALSE
164,LW Margin,lw_margin,Product,str,FALSE,FALSE,FALSE,8,FALSE,FALSE,7059,,,,FALSE,,TRUE,{},TRUE,200,FALSE,FALSE
164,Store On Hand,oh,Product,str,FALSE,FALSE,FALSE,9,FALSE,FALSE,7060,,,,FALSE,,TRUE,{},TRUE,200,FALSE,FALSE
164,Store On Order,oo,Product,str,FALSE,FALSE,FALSE,10,FALSE,FALSE,7061,,,,FALSE,,TRUE,{},TRUE,200,FALSE,FALSE
164,In Transit to Store,it,Product,str,FALSE,FALSE,FALSE,11,FALSE,FALSE,7062,,,,FALSE,,TRUE,{},TRUE,200,FALSE,FALSE
164,Aggregated MIN,min_store,Product,str,FALSE,FALSE,FALSE,12,FALSE,FALSE,7063,,,,FALSE,,TRUE,{},TRUE,200,FALSE,FALSE
164,Aggregated MAX,max_store,Product,str,FALSE,FALSE,FALSE,13,FALSE,FALSE,7064,,,,FALSE,,TRUE,{},TRUE,200,FALSE,FALSE
164,Allocated Total Quantity,allocated_quantity,Product,str,FALSE,FALSE,FALSE,14,FALSE,FALSE,7065,,,,FALSE,,TRUE,{},TRUE,200,FALSE,FALSE
164,OH+IT+OO,oh_oo_it_total,Product,str,FALSE,FALSE,FALSE,15,FALSE,FALSE,7066,,,,FALSE,,TRUE,{},TRUE,200,FALSE,FALSE
164,PO_TYPE,po_type,Product,str,FALSE,FALSE,FALSE,16,FALSE,FALSE,7067,,,,FALSE,,TRUE,{},TRUE,200,FALSE,FALSE
164,Delivery Date,store_start_date,Product,datetime,FALSE,TRUE,FALSE,17,FALSE,FALSE,7068,,,,FALSE,,TRUE,"{""dateFormat"": ""MM-DD-YYYY""}",TRUE,200,FALSE,FALSE
164,Allocated Pack Quantity,allocated_qty_by_pack_dc_level,Product,str,FALSE,TRUE,FALSE,18,FALSE,FALSE,7069,,,,FALSE,,TRUE,{},TRUE,200,FALSE,FALSE
164,Available Pack Quantity,available_qty_by_pack,Product,str,FALSE,FALSE,FALSE,19,FALSE,FALSE,7070,,,,FALSE,,TRUE,{},TRUE,200,FALSE,FALSE
164,Allocated Quantity (by pack-ID),allocated_qty_by_pack_id,Product,str,FALSE,FALSE,FALSE,20,FALSE,FALSE,7071,,,,FALSE,,TRUE,{},TRUE,200,FALSE,FALSE
164,Allocated For Min,min_allocation,Product,str,FALSE,FALSE,FALSE,21,FALSE,FALSE,7097,,,,FALSE,,TRUE,{},TRUE,200,FALSE,FALSE
164,Allocated For Demand,wos_allocation,Product,str,FALSE,FALSE,FALSE,22,FALSE,FALSE,7098,,,,FALSE,,TRUE,{},TRUE,200,FALSE,FALSE
165,Store Code,store_code,Product,link,FALSE,TRUE,FALSE,1,FALSE,FALSE,7082,,,,FALSE,,TRUE,{},TRUE,200,FALSE,FALSE
165,Store Name,store_name,Product,str,FALSE,FALSE,FALSE,2,FALSE,FALSE,7083,,,,FALSE,,TRUE,{},TRUE,200,FALSE,FALSE
165,# Style,style_color_cnt,Product,str,FALSE,FALSE,FALSE,5,FALSE,FALSE,7086,,,,FALSE,,TRUE,{},TRUE,200,FALSE,FALSE
165,Store on Hand,oh,Product,str,FALSE,FALSE,FALSE,6,FALSE,FALSE,7087,,,,FALSE,,TRUE,{},TRUE,200,FALSE,FALSE
165,Store on Order,oo,Product,str,FALSE,FALSE,FALSE,7,FALSE,FALSE,7088,,,,FALSE,,TRUE,{},TRUE,200,FALSE,FALSE
165,In Transit to Store,it,Product,str,FALSE,FALSE,FALSE,8,FALSE,FALSE,7089,,,,FALSE,,TRUE,{},TRUE,200,FALSE,FALSE
165,LW Sales Units,lw_qty,Product,str,FALSE,FALSE,FALSE,9,FALSE,FALSE,7090,,,,FALSE,,TRUE,{},TRUE,200,FALSE,FALSE
165,LW Margin,lw_margin,Product,str,FALSE,FALSE,FALSE,10,FALSE,FALSE,7091,,,,FALSE,,TRUE,{},TRUE,200,FALSE,FALSE
165,Aggregated Min,min_store,Product,str,FALSE,FALSE,FALSE,11,FALSE,FALSE,7092,,,,FALSE,,TRUE,{},TRUE,200,FALSE,FALSE
165,Aggregated Max,max_store,Product,str,FALSE,FALSE,FALSE,12,FALSE,FALSE,7093,,,,FALSE,,TRUE,{},TRUE,200,FALSE,FALSE
165,Allocated For Min,min_allocation,Product,str,FALSE,FALSE,FALSE,13,FALSE,FALSE,7094,,,,FALSE,,TRUE,{},TRUE,200,FALSE,FALSE
165,Allocated For Demand,wos_allocation,Product,str,FALSE,FALSE,FALSE,14,FALSE,FALSE,7095,,,,FALSE,,TRUE,{},TRUE,200,FALSE,FALSE
165,Allocated Qty,allocated_quantity,Product,str,FALSE,FALSE,FALSE,15,FALSE,FALSE,7096,,,,FALSE,,TRUE,{},TRUE,200,FALSE,FALSE
371,Pack ID,packs_allocated,Product,str,FALSE,FALSE,FALSE,1,FALSE,FALSE,7000058,,,,FALSE,,TRUE,{},TRUE,200,FALSE,FALSE
371,OH,oh,Product,int,FALSE,FALSE,FALSE,2,FALSE,FALSE,7000055,,,,FALSE,,TRUE,{},TRUE,200,FALSE,FALSE
371,OO,oo,Product,int,FALSE,FALSE,FALSE,3,FALSE,FALSE,7000056,,,,FALSE,,TRUE,{},TRUE,200,FALSE,FALSE
371,IT,it,Product,int,FALSE,FALSE,FALSE,4,FALSE,FALSE,7000057,,,,FALSE,,TRUE,{},TRUE,200,FALSE,FALSE
371,OH+IT+OO,oh_oo_it_total,Product,int,FALSE,FALSE,FALSE,5,FALSE,FALSE,7000054,,,,FALSE,,TRUE,{},TRUE,200,FALSE,FALSE
371,MIN,min_store,Product,int,FALSE,FALSE,FALSE,6,FALSE,FALSE,7000052,,,,FALSE,,TRUE,{},TRUE,200,FALSE,FALSE
371,MAX,max_store,Product,int,FALSE,FALSE,FALSE,7,FALSE,FALSE,7000051,,,,FALSE,,TRUE,{},TRUE,200,FALSE,FALSE
371,Allocated Total Quantity,packs_allocated_qty,Product,int,FALSE,TRUE,FALSE,8,FALSE,FALSE,7000053,,,,FALSE,,TRUE,{},TRUE,200,FALSE,FALSE
371,Net DC Available,dc_available,Product,str,FALSE,FALSE,FALSE,9,FALSE,FALSE,7000059,,,,FALSE,,TRUE,{},TRUE,200,FALSE,FALSE
130,Article ID,product_code,Inventory,str,FALSE,FALSE,FALSE,1,FALSE,FALSE,321100,,,,FALSE,,TRUE,"{""be_configs"": {""is_in_group_by_clause"": true}}",TRUE,200,FALSE,FALSE
130,Style Color Information,product_info,Inventory,str,FALSE,FALSE,FALSE,0,FALSE,FALSE,321019,,,,FALSE,,TRUE,"{""is_header"": true}",TRUE,200,FALSE,FALSE
130,Style Color ID,article,Inventory,str,FALSE,FALSE,FALSE,2,FALSE,FALSE,321101,321019,,,FALSE,,TRUE,"{""be_configs"": {""is_in_group_by_clause"": true}}",TRUE,200,FALSE,FALSE
130,Sales Organisation,l0_name,Inventory,str,FALSE,FALSE,FALSE,3,FALSE,FALSE,321105,321019,,,FALSE,,TRUE,"{""enableColumnExpand"": true, ""columnGroupShow"": ""open"", ""be_configs"": {""is_in_group_by_clause"": true}}",TRUE,200,FALSE,FALSE
130,Category,l1_name,Inventory,str,FALSE,FALSE,FALSE,4,FALSE,FALSE,321106,321019,,,FALSE,,TRUE,"{""enableColumnExpand"": true, ""columnGroupShow"": ""open"", ""be_configs"": {""is_in_group_by_clause"": true}}",TRUE,200,FALSE,FALSE
130,Sub Category,l2_name,Inventory,str,FALSE,FALSE,FALSE,5,FALSE,FALSE,321107,321019,,,FALSE,,TRUE,"{""enableColumnExpand"": true, ""columnGroupShow"": ""open"", ""be_configs"": {""is_in_group_by_clause"": true}}",TRUE,200,FALSE,FALSE
130,Brand,l3_name,Inventory,str,FALSE,FALSE,FALSE,6,FALSE,FALSE,321108,321019,,,FALSE,,TRUE,"{""enableColumnExpand"": true, ""columnGroupShow"": ""open"", ""be_configs"": {""is_in_group_by_clause"": true}}",TRUE,200,FALSE,FALSE
130,Merchandise Category,l5_name,Inventory,str,FALSE,FALSE,FALSE,7,FALSE,FALSE,321109,321019,,,FALSE,,TRUE,"{""enableColumnExpand"": true, ""columnGroupShow"": ""open"", ""be_configs"": {""is_in_group_by_clause"": true}}",TRUE,200,FALSE,FALSE
130,Generic Article ID,l6_name,Inventory,str,FALSE,FALSE,FALSE,8,FALSE,FALSE,321110,321019,,,FALSE,,TRUE,"{""enableColumnExpand"": true, ""columnGroupShow"": ""open""}",TRUE,200,FALSE,FALSE
130,Style Description,style_name,Inventory,str,FALSE,FALSE,FALSE,9,FALSE,FALSE,321111,321019,,,FALSE,,TRUE,"{""enableColumnExpand"": true, ""columnGroupShow"": ""open"", ""be_configs"": {""is_in_group_by_clause"": true}}",TRUE,200,FALSE,FALSE
130,Size,size,Inventory,str,FALSE,FALSE,FALSE,10,FALSE,FALSE,321102,,,,FALSE,,TRUE,"{""be_configs"": {""is_in_group_by_clause"": true}}",TRUE,200,FALSE,FALSE
130,Store Information,store_info,Inventory,str,FALSE,FALSE,FALSE,11,FALSE,FALSE,321145,,,,FALSE,,TRUE,"{""is_header"": true}",TRUE,200,FALSE,FALSE
130,Store Code,store_code,Inventory,str,FALSE,FALSE,FALSE,11,FALSE,FALSE,321103,321145,,,FALSE,,TRUE,"{""be_configs"": {""is_in_group_by_clause"": true}}",TRUE,200,FALSE,FALSE
130,Store Name,store_name,Inventory,str,FALSE,FALSE,FALSE,12,FALSE,FALSE,321104,321145,,,FALSE,,TRUE,"{""enableColumnExpand"": true, ""columnGroupShow"": ""open"", ""be_configs"": {""is_in_group_by_clause"": true}}",TRUE,200,FALSE,FALSE
130,Region Name,region_name,Inventory,str,FALSE,FALSE,FALSE,13,FALSE,FALSE,321112,321145,,,FALSE,,TRUE,"{""enableColumnExpand"": true, ""columnGroupShow"": ""open"", ""be_configs"": {""is_in_group_by_clause"": true}}",TRUE,200,FALSE,FALSE
130,Store Grade,store_grade,Inventory,str,FALSE,FALSE,FALSE,14,FALSE,FALSE,321113,321145,,,FALSE,,FALSE,"{""enableColumnExpand"": true, ""columnGroupShow"": ""open"", ""be_configs"": {""is_in_group_by_clause"": true}}",FALSE,200,FALSE,FALSE
130,Article Status,style_color_status,Inventory,str,FALSE,FALSE,FALSE,15,FALSE,FALSE,321114,,,,FALSE,,TRUE,"{""be_configs"": {""is_in_group_by_clause"": true}}",TRUE,200,FALSE,FALSE
130,Store Status,store_status,Inventory,str,FALSE,FALSE,FALSE,16,FALSE,FALSE,321115,,,,FALSE,,TRUE,"{""be_configs"": {""is_in_group_by_clause"": true}}",TRUE,200,FALSE,FALSE
130,Product Type,article_status_tag,Inventory,str,FALSE,FALSE,FALSE,17,FALSE,FALSE,321116,,,,FALSE,,TRUE,"{""be_configs"": {""is_in_group_by_clause"": true}}",TRUE,200,FALSE,FALSE
130,LW Units,lw_units,Inventory,int,FALSE,FALSE,FALSE,18,FALSE,FALSE,321125,,,,FALSE,,FALSE,"{""be_configs"": {""sql_alias"": ""SUM(COALESCE(lw_qty, 0)) AS lw_units""}}",FALSE,200,FALSE,FALSE
130,Size Integrity,size_integrity,Inventory,percentage,FALSE,FALSE,FALSE,19,FALSE,FALSE,321117,,,roundOffToTwoDecimals,FALSE,,FALSE,"{""be_configs"": {""sql_alias"": ""ROUND(IFNULL(size_integrity, 0), 2) AS size_integrity"", ""is_in_group_by_clause"": true}}",FALSE,200,FALSE,FALSE
130,WOC (OH),wos_predicted_oh,Inventory,float,FALSE,FALSE,FALSE,20,FALSE,FALSE,321118,,,roundOffToTwoDecimals,FALSE,,FALSE,"{""be_configs"": {""sql_alias"": ""ROUND(IFNULL(wos_predicted_oh, 0), 2) AS wos_predicted_oh"", ""is_in_group_by_clause"": true}}",FALSE,200,FALSE,FALSE
130,WOC (OH + IT),wos_predicted_oh_it,Inventory,float,FALSE,FALSE,FALSE,21,FALSE,FALSE,321119,,,roundOffToTwoDecimals,FALSE,,FALSE,"{""be_configs"": {""sql_alias"": ""ROUND(IFNULL(wos_predicted_oh_it, 0), 2) AS wos_predicted_oh_it"", ""is_in_group_by_clause"": true}}",FALSE,200,FALSE,FALSE
130,WOC (OH + OO + IT),wos_predicted,Inventory,float,FALSE,FALSE,FALSE,22,FALSE,FALSE,321120,,,roundOffToTwoDecimals,FALSE,,FALSE,"{""be_configs"": {""sql_alias"": ""ROUND(IFNULL(wos_predicted, 0), 2) AS wos_predicted"", ""is_in_group_by_clause"": true}}",FALSE,200,FALSE,FALSE
130,On Hand,store_avail_oh,Inventory,int,FALSE,FALSE,FALSE,23,FALSE,FALSE,321121,,,,FALSE,,FALSE,"{""be_configs"": {""sql_alias"": ""SUM(COALESCE(store_avail_oh,0)) as store_avail_oh""}}",FALSE,200,FALSE,FALSE
130,In Transit,store_in_transit,Inventory,int,FALSE,FALSE,FALSE,24,FALSE,FALSE,321122,,,,FALSE,,FALSE,"{""be_configs"": {""sql_alias"": ""SUM(COALESCE(store_in_transit, 0)) AS store_in_transit""}}",FALSE,200,FALSE,FALSE
130,On Order,oo,Inventory,int,FALSE,FALSE,FALSE,25,FALSE,FALSE,321123,,,,FALSE,,FALSE,"{""be_configs"": {""sql_alias"": ""SUM(COALESCE(oo, 0)) AS oo""}}",FALSE,200,FALSE,FALSE
130,Total Inventory,tot_inv,Inventory,int,FALSE,FALSE,FALSE,26,FALSE,FALSE,321124,,,,FALSE,,FALSE,"{""be_configs"": {""sql_alias"": ""SUM(COALESCE(tot_inv, 0)) AS tot_inv""}}",FALSE,200,FALSE,FALSE
130,DC Inventory,sum_it_oo_oh,Inventory,int,FALSE,FALSE,FALSE,27,FALSE,FALSE,321128,,,,FALSE,,FALSE,"{""be_configs"": {""sql_alias"": ""ROUND(SUM(COALESCE(it_dc, 0) + COALESCE(oo_dc, 0) + COALESCE(oh_dc, 0)), 0) AS sum_it_oo_oh""}}",FALSE,200,FALSE,FALSE
130,DC Available to Allocate,available_to_allocate,Inventory,int,FALSE,FALSE,FALSE,28,FALSE,FALSE,321126,,,,FALSE,,FALSE,"{""be_configs"": {""sql_alias"": ""SUM(COALESCE(available_to_allocate, 0)) AS available_to_allocate""}}",FALSE,200,FALSE,FALSE
130,Instock %,instock_pct,Inventory,percentage,FALSE,FALSE,FALSE,29,FALSE,FALSE,321127,,,roundOffToTwoDecimals,FALSE,,FALSE,"{""be_configs"": {""sql_alias"": ""SUM(COALESCE(available_stores_percentage, 0)) AS instock_pct""}}",FALSE,200,FALSE,FALSE
130,Custom KPIs,custom_kpis,others,str,FALSE,FALSE,FALSE,30,FALSE,FALSE,321129,,,,FALSE,,FALSE,{},TRUE,200,FALSE,FALSE
100,Style Color ID,article,product,str,FALSE,FALSE,FALSE,1,FALSE,FALSE,4353432,,,,FALSE,,TRUE,{},TRUE,200,FALSE,FALSE
100,Category,l1_name,product,str,FALSE,FALSE,FALSE,2,FALSE,FALSE,7564384,,,,FALSE,,TRUE,{},TRUE,200,FALSE,FALSE
100,Sub Category,l2_name,product,str,FALSE,FALSE,FALSE,3,FALSE,FALSE,745639,,,,FALSE,,TRUE,{},TRUE,200,FALSE,FALSE
100,Brand,l3_name,product,str,FALSE,FALSE,FALSE,4,FALSE,FALSE,323342,,,,FALSE,,TRUE,{},TRUE,200,FALSE,FALSE
100,Merchandise Category,l4_name,product,str,FALSE,FALSE,FALSE,5,FALSE,FALSE,42314534,,,,FALSE,,TRUE,{},TRUE,200,FALSE,FALSE
100,Generic Article ID,l5_name,product,str,FALSE,FALSE,FALSE,6,FALSE,FALSE,4384274,,,,FALSE,,TRUE,{},TRUE,200,FALSE,FALSE
100,Style Description,style_name,product,str,FALSE,FALSE,FALSE,7,FALSE,FALSE,8362374,,,,FALSE,,TRUE,{},TRUE,200,FALSE,FALSE
100,LW Units,lw_qty,product,int,FALSE,FALSE,FALSE,8,FALSE,FALSE,8746342,,,,FALSE,,TRUE,{},TRUE,200,FALSE,FALSE
100,LW Revenue $,lw_revenue,product,float,FALSE,FALSE,FALSE,9,FALSE,FALSE,836643,,,,FALSE,,FALSE,{},TRUE,200,FALSE,FALSE
100,LW Margin $,lw_margin,product,float,FALSE,FALSE,FALSE,10,FALSE,FALSE,62352734,,,,FALSE,,FALSE,{},TRUE,200,FALSE,FALSE
100,Promo %,promo_percentage,product,percentage,FALSE,FALSE,FALSE,11,FALSE,FALSE,8326434,,,,FALSE,,FALSE,{},TRUE,200,FALSE,FALSE
100,Past 4 Weeks Actual,past_4_weeks_actual,product,int,FALSE,FALSE,FALSE,12,FALSE,FALSE,35453,,,,FALSE,,FALSE,{},TRUE,200,FALSE,FALSE
100,Past 4 Weeks Forecast,past_4_weeks_forecast,product,int,FALSE,FALSE,FALSE,13,FALSE,FALSE,786756,,,,FALSE,,FALSE,{},TRUE,200,FALSE,FALSE
100,Forecast Deviation %,forecast_deviation,product,percentage,FALSE,FALSE,FALSE,14,FALSE,FALSE,8372462,,,,FALSE,,FALSE,{},TRUE,200,FALSE,FALSE
100,SKU Count Deviation,sku_count_deviation,product,percentage,FALSE,FALSE,FALSE,15,FALSE,FALSE,8757483,,,,FALSE,,FALSE,{},TRUE,200,FALSE,FALSE
100,Store Penetration Deviation,store_penetration_deviation,product,percentage,FALSE,FALSE,FALSE,16,FALSE,FALSE,545647568,,,,FALSE,,FALSE,{},TRUE,200,FALSE,FALSE
100,Discount% Deviation,discount_deviation,product,percentage,FALSE,FALSE,FALSE,17,FALSE,FALSE,74364,,,,FALSE,,FALSE,{},TRUE,200,FALSE,FALSE
100,MSRP Deviation,msrp_deviation,product,percentage,FALSE,FALSE,FALSE,18,FALSE,FALSE,74634,,,,FALSE,,FALSE,{},TRUE,200,FALSE,FALSE
100,Inventory Deviation,inventory_deviation,product,percentage,FALSE,FALSE,FALSE,19,FALSE,FALSE,843646,,,,FALSE,,FALSE,{},TRUE,200,FALSE,FALSE
100,Deviation Type,deviation_type,product,str,FALSE,FALSE,FALSE,3,FALSE,FALSE,74563965657,,,,FALSE,,TRUE,{},TRUE,200,FALSE,FALSE
101,Style Color ID,article,product,str,FALSE,FALSE,FALSE,1,FALSE,FALSE,baab5192-3424-42bf-bdbd-1fc2025ebfa9,,,,FALSE,,TRUE,{},TRUE,200,FALSE,FALSE
101,Category,l1_name,product,str,FALSE,FALSE,FALSE,2,FALSE,FALSE,c3f731a7-a95d-4c2e-81e1-23e7094f6c12,,,,FALSE,,TRUE,{},TRUE,200,FALSE,FALSE
101,Sub Category,l2_name,product,str,FALSE,FALSE,FALSE,3,FALSE,FALSE,9d8c4e3b-ef22-4a63-9d45-5a2f3b84c577,,,,FALSE,,TRUE,{},TRUE,200,FALSE,FALSE
101,Brand,l3_name,product,str,FALSE,FALSE,FALSE,4,FALSE,FALSE,a12d5b7f-e806-49d9-b48b-1de231fe7c34,,,,FALSE,,TRUE,{},TRUE,200,FALSE,FALSE
101,Merchandise Category,l4_name,product,str,FALSE,FALSE,FALSE,5,FALSE,FALSE,4f3a6882-b9e1-4d5f-b2de-178c4790ac8a,,,,FALSE,,TRUE,{},TRUE,200,FALSE,FALSE
101,Generic Article ID,l5_name,product,str,FALSE,FALSE,FALSE,6,FALSE,FALSE,e7d90c53-5f3a-469b-a29a-3f8c472bae91,,,,FALSE,,TRUE,{},TRUE,200,FALSE,FALSE
101,Style Description,style_name,product,str,FALSE,FALSE,FALSE,7,FALSE,FALSE,2c7a801d-64e9-42b4-8fc3-f0a652379d05,,,,FALSE,,TRUE,{},TRUE,200,FALSE,FALSE
101,LW Units,lw_qty,product,int,FALSE,FALSE,FALSE,8,FALSE,FALSE,fb12b34e-9217-4c6d-9ede-dc2313781a7b,,,,FALSE,,FALSE,{},TRUE,200,FALSE,FALSE
101,LW Revenue $,lw_revenue,product,float,FALSE,FALSE,FALSE,9,FALSE,FALSE,9b0ecf1a-3a74-4620-8f3e-8f7b73219dcb,,,roundOffToTwoDecimals,FALSE,,FALSE,{},TRUE,200,FALSE,FALSE
101,LW Margin $,lw_margin,product,float,FALSE,FALSE,FALSE,10,FALSE,FALSE,65d4e28b-fd2b-498b-bf8d-d2fa3c75a3bf,,,roundOffToTwoDecimals,FALSE,,FALSE,{},TRUE,200,FALSE,FALSE
101,Promo %,promo_percentage,product,percentage,FALSE,FALSE,FALSE,11,FALSE,FALSE,8b91a374-15f8-4d52-abc1-1ce297a40d8f,,,roundOfftoTwoDecimals,FALSE,,FALSE,{},TRUE,200,FALSE,FALSE
101,Average Weekly Sales (Past 4 Week),past_4_weeks_sales_avg,product,float,FALSE,FALSE,FALSE,12,FALSE,FALSE,dda9346e-14cc-4b97-9b2e-d79920e0ad79,,,roundOffToTwoDecimals,FALSE,,FALSE,{},TRUE,200,FALSE,FALSE
101,Average Weekly Sales (Past 4 Week De-seasonlized),past_4_weeks_sales_deseason_avg,product,float,FALSE,FALSE,FALSE,13,FALSE,FALSE,726f023a-5a14-4e68-8e79-9f4976e6103b,,,roundOffToTwoDecimals,FALSE,,FALSE,{},TRUE,200,FALSE,FALSE
101,Average Weekly Forecast (Next 4 Week),next_4_weeks_forecast_avg,product,float,FALSE,FALSE,FALSE,14,FALSE,FALSE,e1256f89-2a1d-4144-8c7a-80cb712ede58,,,roundOffToTwoDecimals,FALSE,,FALSE,{},TRUE,200,FALSE,FALSE
101,Average Weekly Forecast (Next 4 Week De-seasonlized),next_4_weeks_forecast_deseason_avg,product,float,FALSE,FALSE,FALSE,15,FALSE,FALSE,833c61a5-3b96-4ed1-9348-5fbc024d79f2,,,roundOffToTwoDecimals,FALSE,,FALSE,{},TRUE,200,FALSE,FALSE
101,Average Weekly Sales LY,weekly_sales_ly_avg,product,float,FALSE,FALSE,FALSE,16,FALSE,FALSE,1b976cdd-9ca2-49a3-b51f-a2c3787adf0d,,,roundOffToTwoDecimals,FALSE,,FALSE,{},TRUE,200,FALSE,FALSE
101,Deviation From LY,deviation_ly,product,percentage,FALSE,FALSE,FALSE,17,FALSE,FALSE,7efb342c-2c5f-45d1-9c35-4c71e78b90ac,,,roundOfftoTwoDecimals,FALSE,,FALSE,{},TRUE,200,FALSE,FALSE
101,Deviation From Recent ROS,deviation_recent_ros,product,percentage,FALSE,FALSE,FALSE,18,FALSE,FALSE,0fdce127-a94e-4c5d-8421-37f0baac0f53,,,roundOfftoTwoDecimals,FALSE,,FALSE,{},TRUE,200,FALSE,FALSE
103,Style Color ID,article,product,str,FALSE,FALSE,FALSE,1,FALSE,FALSE,3e2f61a7-d194-4d83-aef7-9e89ba4e3f5c,,,,FALSE,,TRUE,{},TRUE,200,FALSE,FALSE
103,Category,l1_name,product,str,FALSE,FALSE,FALSE,2,FALSE,FALSE,58bc9364-5703-4e0a-8b10-197b4ab15292,,,,FALSE,,TRUE,{},TRUE,200,FALSE,FALSE
103,Sub Category,l2_name,product,str,FALSE,FALSE,FALSE,3,FALSE,FALSE,7a8ff4c0-c7e7-4b06-b2a4-e64d9ba8bb7b,,,,FALSE,,TRUE,{},TRUE,200,FALSE,FALSE
103,Brand,l3_name,product,str,FALSE,FALSE,FALSE,4,FALSE,FALSE,1f6d344b-469f-4db8-99f1-bd5b958cf456,,,,FALSE,,TRUE,{},TRUE,200,FALSE,FALSE
103,Merchandise Category,l4_name,product,str,FALSE,FALSE,FALSE,5,FALSE,FALSE,d42ac1e7-5d8b-4d28-a981-e2ea2fb8f39e,,,,FALSE,,TRUE,{},TRUE,200,FALSE,FALSE
103,Generic Article ID,l5_name,product,str,FALSE,FALSE,FALSE,6,FALSE,FALSE,5ccf2b76-378e-4d1a-89a5-055ebd0eaa42,,,,FALSE,,TRUE,{},TRUE,200,FALSE,FALSE
103,Style Description,style_name,product,str,FALSE,FALSE,FALSE,7,FALSE,FALSE,2e9fcca7-11c4-4a22-83fd-30b401d58e9a,,,,FALSE,,TRUE,{},TRUE,200,FALSE,FALSE
103,LW Units,lw_qty,product,int,FALSE,FALSE,FALSE,8,FALSE,FALSE,8f1d7ccc-ca9d-42a7-846e-bd7b7be6b19d,,,,FALSE,,FALSE,{},TRUE,200,FALSE,FALSE
103,LW Revenue $,lw_revenue,product,float,FALSE,FALSE,FALSE,9,FALSE,FALSE,51bc98b3-6ee9-4e7d-b4af-8b51dc8505f3,,,roundOffToTwoDecimals,FALSE,,FALSE,{},TRUE,200,FALSE,FALSE
103,LW Margin $,lw_margin,product,float,FALSE,FALSE,FALSE,10,FALSE,FALSE,bf5d3169-0869-420c-a06f-c3767958e2d9,,,roundOffToTwoDecimals,FALSE,,FALSE,{},TRUE,200,FALSE,FALSE
103,Promo %,promo_percentage,product,percentage,FALSE,FALSE,FALSE,11,FALSE,FALSE,3bb19b9d-0ed0-459d-bf68-2cb566b4fbf1,,,roundOffToTwoDecimals,FALSE,,FALSE,{},TRUE,200,FALSE,FALSE
103,Past 4 Weeks Actual,past_4_weeks_actual,product,int,FALSE,FALSE,FALSE,12,FALSE,FALSE,a45edcc1-7d2a-4d5c-9bed-7e761e80e576,,,,FALSE,,FALSE,{},TRUE,200,FALSE,FALSE
103,Past 4 Weeks Forecast,past_4_weeks_forecast,product,int,FALSE,FALSE,FALSE,13,FALSE,FALSE,778b8ffe-6f97-4bca-8db3-4a1e0a0a809d,,,,FALSE,,FALSE,{},TRUE,200,FALSE,FALSE
103,Forecast Deviation %,forecast_deviation,product,percentage,FALSE,FALSE,FALSE,14,FALSE,FALSE,4ee1e440-8149-4ea9-8bf9-6dc60bb6358d,,,roundOffToTwoDecimals,FALSE,,FALSE,{},TRUE,200,FALSE,FALSE
103,Deviation Type,deviation_type,product,str,FALSE,FALSE,FALSE,15,FALSE,FALSE,e037362c-33aa-4ce4-821f-282f93d26931,,,,FALSE,,TRUE,{},TRUE,200,FALSE,FALSE
105,Brand,l3_name,product,str,FALSE,FALSE,FALSE,4,FALSE,FALSE,7a8ff4c0-c7e7-4b06-b2a4-e64d9ba8bb7f,,,,FALSE,,TRUE,{},TRUE,200,FALSE,FALSE
105,Category,l1_name,product,str,FALSE,FALSE,FALSE,2,FALSE,FALSE,7a8ff4c0-c7e7-4b06-b2a4-e64d9ba8bb7d,,,,FALSE,,TRUE,{},TRUE,200,FALSE,FALSE
105,Generic Article ID,l5_name,product,str,FALSE,FALSE,FALSE,6,FALSE,FALSE,8a8ff4c0-c7e7-4b06-b2a4-e64d9ba8bb7d,,,,FALSE,,TRUE,{},TRUE,200,FALSE,FALSE
105,LW Margin $,lw_margin,product,float,FALSE,FALSE,FALSE,10,FALSE,FALSE,9a8ff4c0-c7e7-4b06-b2a4-e64d9ba8bb7b,,,roundOfftoTwoDecimals,FALSE,,FALSE,{},TRUE,200,FALSE,FALSE
105,LW Revenue $,lw_revenue,product,float,FALSE,FALSE,FALSE,9,FALSE,FALSE,9a8ff4c0-c7e7-4b06-b2a4-e64d9ba8bb7a,,,roundOfftoTwoDecimals,FALSE,,FALSE,{},TRUE,200,FALSE,FALSE
105,LW Units,lw_qty,product,int,FALSE,FALSE,FALSE,8,FALSE,FALSE,8a8ff4c0-c7e7-4b06-b2a4-e64d9ba8bb7f,,,,FALSE,,FALSE,{},TRUE,200,FALSE,FALSE
105,Merchandise Category,l4_name,product,str,FALSE,FALSE,FALSE,5,FALSE,FALSE,8a8ff4c0-c7e7-4b06-b2a4-e64d9ba8bb7c,,,,FALSE,,TRUE,{},TRUE,200,FALSE,FALSE
105,Model Error % (Test),model_error,product,percentage,FALSE,FALSE,FALSE,12,FALSE,FALSE,9a8ff4c0-c7e7-4b06-b2a4-e64d9ba8bb7d,,,roundOfftoTwoDecimals,FALSE,,FALSE,{},TRUE,200,FALSE,FALSE
105,Promo %,promo_percentage,product,percentage,FALSE,FALSE,FALSE,11,FALSE,FALSE,9a8ff4c0-c7e7-4b06-b2a4-e64d9ba8bb7c,,,roundOfftoTwoDecimals,FALSE,,FALSE,{},TRUE,200,FALSE,FALSE
105,Style Color ID,article,product,str,FALSE,FALSE,FALSE,1,FALSE,FALSE,7a8ff4c0-c7e7-4b06-b2a4-e64d9ba8bb7c,,,,FALSE,,TRUE,{},TRUE,200,FALSE,FALSE
105,Style Description,style_name,product,str,FALSE,FALSE,FALSE,7,FALSE,FALSE,8a8ff4c0-c7e7-4b06-b2a4-e64d9ba8bb7e,,,,FALSE,,TRUE,{},TRUE,200,FALSE,FALSE
105,Sub Category,l2_name,product,str,FALSE,FALSE,FALSE,3,FALSE,FALSE,7a8ff4c0-c7e7-4b06-b2a4-e64d9ba8bb7e,,,,FALSE,,TRUE,{},TRUE,200,FALSE,FALSE
151,Style Color ID,article,product,string,FALSE,FALSE,FALSE,1,FALSE,TRUE,15101,,,,FALSE,,TRUE,,TRUE,200,FALSE,FALSE
151,Category,l1_name,product,string,FALSE,FALSE,FALSE,2,FALSE,TRUE,15102,,,,FALSE,,TRUE,,TRUE,200,FALSE,FALSE
151,Sub Category,l2_name,product,string,FALSE,FALSE,FALSE,3,FALSE,TRUE,15103,,,,FALSE,,TRUE,,TRUE,200,FALSE,FALSE
151,Brand,l3_name,product,string,FALSE,FALSE,FALSE,4,FALSE,TRUE,15104,,,,FALSE,,TRUE,,TRUE,200,FALSE,FALSE
151,Merchandise Category,l4_name,product,string,FALSE,FALSE,FALSE,5,FALSE,TRUE,15105,,,,FALSE,,TRUE,,TRUE,200,FALSE,FALSE
151,Generic Article ID,l5_name,product,string,FALSE,FALSE,FALSE,6,FALSE,TRUE,15106,,,,FALSE,,TRUE,,TRUE,200,FALSE,FALSE
151,Style Description,style_name,product,string,FALSE,FALSE,FALSE,7,FALSE,TRUE,15107,,,,FALSE,,TRUE,,TRUE,200,FALSE,FALSE
151,LW Units,lw_qty,product,int,FALSE,FALSE,FALSE,8,FALSE,TRUE,15108,,,,FALSE,,FALSE,,TRUE,200,FALSE,FALSE
151,LW Revenue $,lw_revenue,product,float,FALSE,FALSE,FALSE,9,FALSE,TRUE,15109,,,,FALSE,,FALSE,,TRUE,200,FALSE,FALSE
151,LW Margin $,lw_margin,product,float,FALSE,FALSE,FALSE,10,FALSE,TRUE,15110,,,,FALSE,,FALSE,,TRUE,200,FALSE,FALSE
151,Promo %,promo_percentage,product,percentage,FALSE,FALSE,FALSE,11,FALSE,TRUE,15111,,,,FALSE,,FALSE,,TRUE,200,FALSE,FALSE
151,SKU Count Deviation,sku_count_deviation,product,percentage,FALSE,FALSE,FALSE,12,FALSE,TRUE,15112,,,,FALSE,,FALSE,,TRUE,200,FALSE,FALSE
151,Store Penetration Deviation,store_penetration_deviation,product,percentage,FALSE,FALSE,FALSE,13,FALSE,TRUE,15113,,,,FALSE,,FALSE,,TRUE,200,FALSE,FALSE
151,Discount% Deviation,discount_deviation,product,string,FALSE,FALSE,FALSE,14,FALSE,TRUE,15114,,,,FALSE,,FALSE,,TRUE,200,FALSE,FALSE
151,MSRP Deviation,msrp_deviation,product,percentage,FALSE,FALSE,FALSE,15,FALSE,TRUE,15115,,,,FALSE,,FALSE,,TRUE,200,FALSE,FALSE
151,Inventory Deviation,inventory_deviation,product,percentage,FALSE,FALSE,FALSE,16,FALSE,TRUE,15116,,,,FALSE,,FALSE,,TRUE,200,FALSE,FALSE
5006,Style Color ID,article,Product,str,FALSE,FALSE,FALSE,1,,FALSE,a23aa2a2-d354-4bf3-9720-894fa65f1f9c,,,,FALSE,,TRUE,{},TRUE,200,FALSE,FALSE
5006,Category,l1_name,Product,str,FALSE,FALSE,FALSE,2,,FALSE,7a01c54f-df1b-45c3-86c2-06c24aeadf87,,,,FALSE,,TRUE,{},TRUE,200,FALSE,FALSE
5006,Sub Category,l2_name,Product,str,FALSE,FALSE,FALSE,3,,FALSE,78b1a591-1ff0-42b0-a22f-414fd4f9ef5d,,,,FALSE,,TRUE,{},TRUE,200,FALSE,FALSE
5006,Brand,l3_name,Product,str,FALSE,FALSE,FALSE,4,,FALSE,26447136-399b-41af-8cd9-fe5c1da68dd9,,,,FALSE,,TRUE,{},TRUE,200,FALSE,FALSE
5006,Merchandise Category,l4_name,Product,str,FALSE,FALSE,FALSE,5,,FALSE,814a7a89-53e6-4a5a-b5e9-edc0157389ad,,,,FALSE,,TRUE,{},TRUE,200,FALSE,FALSE
5006,Generic Article ID,l5_name,Product,str,FALSE,FALSE,FALSE,6,,FALSE,5914d839-7f3c-4ebe-b096-7a44c2fcd7c5,,,,FALSE,,TRUE,{},TRUE,200,FALSE,FALSE
5006,Style Description,style_name,Product,str,FALSE,FALSE,FALSE,7,,FALSE,5d31979f-cf08-495a-ac94-6df31fab0b3d,,,,FALSE,,TRUE,{},TRUE,200,FALSE,FALSE
5006,LW Units,lw_qty,Product,int,FALSE,FALSE,FALSE,8,,FALSE,055dc62d-51f6-4b75-a3b8-e26f692faa29,,,,FALSE,,FALSE,{},TRUE,200,FALSE,FALSE
5006,LW Revenue $,lw_revenue,Product,float,FALSE,FALSE,FALSE,9,,FALSE,fa40672b-7659-4bc7-a924-0628240e7879,,,roundOffToTwoDecimals,FALSE,,FALSE,{},TRUE,200,FALSE,FALSE
5006,LW Margin $,lw_margin,Product,float,FALSE,FALSE,FALSE,10,,FALSE,a946e04f-c14d-4817-b881-5ac43d13cee3,,,roundOffToTwoDecimals,FALSE,,FALSE,{},TRUE,200,FALSE,FALSE
5006,Promo %,promo_percentage,Product,percentage,FALSE,FALSE,FALSE,11,,FALSE,75e515e0-0e8a-4c75-86d7-97132b3b4eb8,,,roundOfftoTwoDecimals,FALSE,,FALSE,{},TRUE,200,FALSE,FALSE
86,Product Profile,name,Product Profile,link,TRUE,TRUE,FALSE,1,FALSE,TRUE,320047,,,,FALSE,,TRUE,{},TRUE,200,FALSE,FALSE
86,Category,l1_name,Product Profile,str,FALSE,FALSE,FALSE,2,FALSE,TRUE,320041,,,,FALSE,,TRUE,{},TRUE,200,FALSE,FALSE
86,Sub Category,l2_name,Product Profile,str,FALSE,FALSE,FALSE,3,FALSE,TRUE,320042,,,,FALSE,,TRUE,{},TRUE,200,FALSE,FALSE
86,Brand,l3_name,Product Profile,str,FALSE,FALSE,FALSE,4,FALSE,TRUE,320049,,,,FALSE,,TRUE,{},TRUE,200,FALSE,FALSE
86,Merchandise Category,l4_name,Product Profile,str,FALSE,FALSE,FALSE,5,FALSE,TRUE,320048,,,,FALSE,,TRUE,{},TRUE,200,FALSE,FALSE
86,Product Attribute,product_value,Product Profile,str,FALSE,FALSE,FALSE,6,FALSE,TRUE,320046,,,,FALSE,,FALSE,{},TRUE,200,FALSE,FALSE
86,Created At,created_at,Product Profile,datetime,FALSE,FALSE,FALSE,7,FALSE,TRUE,320043,,,MM-DD-YYYY,FALSE,,TRUE,{},TRUE,200,FALSE,FALSE
86,Created By,user_name,Product Profile,str,FALSE,FALSE,FALSE,8,FALSE,TRUE,320044,,,,FALSE,,TRUE,{},TRUE,200,FALSE,FALSE
86,Delete,delete,Product Profile,delete_icon,FALSE,TRUE,FALSE,9,FALSE,TRUE,320045,,,,FALSE,,FALSE,{},TRUE,200,FALSE,FALSE
190,Formula,formula,Product,,FALSE,FALSE,FALSE,3,FALSE,FALSE,451347654,,,,FALSE,,FALSE,{},FALSE,200,FALSE,FALSE
190,Modules,modules,Product,,FALSE,FALSE,FALSE,5,FALSE,FALSE,67347589,,,,FALSE,,TRUE,{},FALSE,200,FALSE,FALSE
190,KPI Name,kpi_name,Product,,FALSE,FALSE,FALSE,1,FALSE,FALSE,1243237656,,,,FALSE,,TRUE,{},TRUE,200,FALSE,FALSE
190,Data Source,data_sources,Product,,FALSE,FALSE,FALSE,4,FALSE,FALSE,5233524354,,,,FALSE,,TRUE,{},FALSE,200,FALSE,FALSE
190,KPI Description,kpi_description,Product,,FALSE,FALSE,FALSE,2,FALSE,FALSE,54535,,,,FALSE,,TRUE,{},TRUE,200,FALSE,FALSE
190,Updated By,updated_by,Product,,FALSE,FALSE,FALSE,6,FALSE,FALSE,54536,,,,FALSE,,TRUE,{},TRUE,200,FALSE,FALSE
190,Updated At,updated_at,Product,,FALSE,FALSE,FALSE,7,FALSE,FALSE,54537,,,,FALSE,,FALSE,{},TRUE,200,FALSE,FALSE
191,Calculated Field,field_label,Product,,FALSE,FALSE,FALSE,1,,FALSE,68758,,,,FALSE,,TRUE,{},TRUE,200,FALSE,FALSE
191,Data Source,derived_from_sources,Product,,FALSE,FALSE,FALSE,2,,FALSE,966578,,,,FALSE,,TRUE,{},TRUE,200,FALSE,FALSE
191,Format,field_type,Product,,FALSE,FALSE,FALSE,3,,FALSE,986467,,,,FALSE,,TRUE,{},TRUE,200,FALSE,FALSE
191,Formula,formula_expression,Product,,FALSE,FALSE,FALSE,4,,FALSE,9376646,,,,FALSE,,TRUE,{},TRUE,200,FALSE,FALSE
191,KPI List,kpi_list,Product,,FALSE,FALSE,FALSE,5,,FALSE,478755,,,,FALSE,,TRUE,{},TRUE,200,FALSE,FALSE
191,Updated At,updated_at,Product,date,FALSE,FALSE,FALSE,7,,FALSE,8954647,,,,FALSE,,TRUE,{},TRUE,200,FALSE,FALSE
191,Updated By,updated_by,Product,,FALSE,FALSE,FALSE,6,,FALSE,52597,,,,FALSE,,TRUE,{},TRUE,200,FALSE,FALSE
133,Style Color Information,product_info,Inventory,str,FALSE,FALSE,FALSE,0,FALSE,FALSE,133019,,,,FALSE,,TRUE,"{""is_header"": true}",TRUE,200,FALSE,FALSE
133,Style Color ID,article,Inventory,str,FALSE,FALSE,FALSE,2,FALSE,FALSE,133101,133019,,,FALSE,,TRUE,"{""be_configs"": {""is_in_group_by_clause"": true}}",TRUE,200,FALSE,FALSE
133,Sales Organisation,l0_name,Inventory,str,FALSE,FALSE,FALSE,3,FALSE,FALSE,133105,133019,,,FALSE,,TRUE,"{""enableColumnExpand"": true, ""columnGroupShow"": ""open"", ""be_configs"": {""is_in_group_by_clause"": true}}",TRUE,200,FALSE,FALSE
133,Category,l1_name,Inventory,str,FALSE,FALSE,FALSE,4,FALSE,FALSE,133106,133019,,,FALSE,,TRUE,"{""enableColumnExpand"": true, ""columnGroupShow"": ""open"", ""be_configs"": {""is_in_group_by_clause"": true}}",TRUE,200,FALSE,FALSE
133,Sub Category,l2_name,Inventory,str,FALSE,FALSE,FALSE,5,FALSE,FALSE,133107,133019,,,FALSE,,TRUE,"{""enableColumnExpand"": true, ""columnGroupShow"": ""open"", ""be_configs"": {""is_in_group_by_clause"": true}}",TRUE,200,FALSE,FALSE
133,Brand,l3_name,Inventory,str,FALSE,FALSE,FALSE,6,FALSE,FALSE,133108,133019,,,FALSE,,TRUE,"{""enableColumnExpand"": true, ""columnGroupShow"": ""open"", ""be_configs"": {""is_in_group_by_clause"": true}}",TRUE,200,FALSE,FALSE
133,Merchandise Category,l5_name,Inventory,str,FALSE,FALSE,FALSE,7,FALSE,FALSE,133109,133019,,,FALSE,,TRUE,"{""enableColumnExpand"": true, ""columnGroupShow"": ""open"", ""be_configs"": {""is_in_group_by_clause"": true}}",TRUE,200,FALSE,FALSE
133,Generic Article ID,l6_name,Inventory,str,FALSE,FALSE,FALSE,8,FALSE,FALSE,133110,133019,,,FALSE,,TRUE,"{""enableColumnExpand"": true, ""columnGroupShow"": ""open""}",TRUE,200,FALSE,FALSE
133,Style Description,style_name,Inventory,str,FALSE,FALSE,FALSE,9,FALSE,FALSE,133111,133019,,,FALSE,,TRUE,"{""enableColumnExpand"": true, ""columnGroupShow"": ""open"", ""be_configs"": {""is_in_group_by_clause"": true}}",TRUE,200,FALSE,FALSE
133,#Stores,store_count,Inventory,str,FALSE,FALSE,FALSE,11,FALSE,FALSE,133145,,,,FALSE,,TRUE,"{""be_configs"": {""sql_alias"": ""COUNT(DISTINCT store_code) AS store_count""}}",TRUE,200,FALSE,FALSE
133,Store Status,store_status,Inventory,str,FALSE,FALSE,FALSE,16,FALSE,FALSE,133115,,,,FALSE,,TRUE,"{""be_configs"": {""is_in_group_by_clause"": true}}",TRUE,200,FALSE,FALSE
133,Product Type,article_status_tag,Inventory,str,FALSE,FALSE,FALSE,17,FALSE,FALSE,133116,,,,FALSE,,TRUE,"{""be_configs"": {""is_in_group_by_clause"": true}}",TRUE,200,FALSE,FALSE
133,LW Units,lw_units,Inventory,int,FALSE,FALSE,FALSE,18,FALSE,FALSE,133125,,,,FALSE,,FALSE,"{""be_configs"": {""sql_alias"": ""SUM(COALESCE(lw_qty, 0)) AS lw_units""}}",FALSE,200,FALSE,FALSE
133,Size Integrity,size_integrity,Inventory,percentage,FALSE,FALSE,FALSE,19,FALSE,FALSE,133117,,,roundOffToTwoDecimals,FALSE,,FALSE,"{""be_configs"": {""sql_alias"": ""ROUND(AVG(IFNULL(size_integrity, 0)), 2) AS size_integrity""}}",FALSE,200,FALSE,FALSE
133,WOC (OH),wos_predicted_oh,Inventory,int,FALSE,FALSE,FALSE,20,FALSE,FALSE,133118,,,roundOffToTwoDecimals,FALSE,,FALSE,"{""be_configs"": {""sql_alias"": ""ROUND(COALESCE(SUM(store_avail_oh * wos_predicted_oh), 0) / NULLIF(COALESCE(SUM(store_avail_oh), 0), 0), 2) AS wos_predicted_oh""}}",FALSE,200,FALSE,FALSE
133,WOC (OH + IT),wos_predicted_oh_it,Inventory,int,FALSE,FALSE,FALSE,21,FALSE,FALSE,133119,,,roundOffToTwoDecimals,FALSE,,FALSE,"{""be_configs"": {""sql_alias"": ""ROUND(COALESCE(SUM((store_in_transit + store_avail_oh) * wos_predicted_oh_it), 0) / NULLIF(COALESCE(SUM(store_avail_oh), 0) + COALESCE(SUM(store_in_transit), 0), 0), 2) AS wos_predicted_oh_it""}}",FALSE,200,FALSE,FALSE
133,WOC (OH + OO + IT),wos_predicted,Inventory,int,FALSE,FALSE,FALSE,22,FALSE,FALSE,133120,,,roundOffToTwoDecimals,FALSE,,FALSE,"{""be_configs"": {""sql_alias"": ""ROUND(COALESCE(SUM((store_in_transit + store_avail_oh + oo) * wos_predicted), 0) / NULLIF(COALESCE(SUM(store_avail_oh), 0) + COALESCE(SUM(store_in_transit), 0) + COALESCE(SUM(oo), 0), 0), 2) AS wos_predicted""}}",FALSE,200,FALSE,FALSE
133,On Hand,store_avail_oh,Inventory,int,FALSE,FALSE,FALSE,23,FALSE,FALSE,133121,,,,FALSE,,FALSE,"{""be_configs"": {""sql_alias"": ""SUM(COALESCE(store_avail_oh, 0)) AS store_avail_oh""}}",FALSE,200,FALSE,FALSE
133,In Transit,store_in_transit,Inventory,int,FALSE,FALSE,FALSE,24,FALSE,FALSE,133122,,,,FALSE,,FALSE,"{""be_configs"": {""sql_alias"": ""SUM(COALESCE(store_in_transit, 0)) AS store_in_transit""}}",FALSE,200,FALSE,FALSE
133,On Order,oo,Inventory,int,FALSE,FALSE,FALSE,25,FALSE,FALSE,133123,,,,FALSE,,FALSE,"{""be_configs"": {""sql_alias"": ""SUM(COALESCE(oo, 0)) AS oo""}}",FALSE,200,FALSE,FALSE
133,Total Inventory,tot_inv,Inventory,int,FALSE,FALSE,FALSE,26,FALSE,FALSE,133124,,,,FALSE,,FALSE,"{""be_configs"": {""sql_alias"": ""SUM(COALESCE(tot_inv, 0)) AS tot_inv""}}",FALSE,200,FALSE,FALSE
133,DC Inventory,sum_it_oo_oh,Inventory,int,FALSE,FALSE,FALSE,27,FALSE,FALSE,133128,,,,FALSE,,FALSE,"{""be_configs"": {""sql_alias"": ""ROUND(SUM(DISTINCT COALESCE(it_dc, 0)) + SUM(DISTINCT COALESCE(oo_dc, 0)) + SUM(DISTINCT COALESCE(oh_dc, 0)), 0) AS sum_it_oo_oh""}}",FALSE,200,FALSE,FALSE
133,DC Available to Allocate,available_to_allocate,Inventory,int,FALSE,FALSE,FALSE,28,FALSE,FALSE,133126,,,,FALSE,,FALSE,"{""be_configs"": {""sql_alias"": ""SUM(DISTINCT(COALESCE(available_to_allocate, 0))) AS available_to_allocate""}}",FALSE,200,FALSE,FALSE
133,Instock %,instock_pct,Inventory,percentage,FALSE,FALSE,FALSE,29,FALSE,FALSE,133127,,,roundOffToTwoDecimals,FALSE,,FALSE,"{""be_configs"": {""sql_alias"": ""ROUND(AVG(COALESCE(available_stores_percentage, 0)), 2) AS instock_pct""}}",FALSE,200,FALSE,FALSE
133,Custom KPIs,custom_kpis,others,str,FALSE,FALSE,FALSE,30,FALSE,FALSE,133129,,,,FALSE,,FALSE,{},TRUE,200,FALSE,FALSE
136,Store Name,store_name,Store,str,FALSE,FALSE,FALSE,2,FALSE,FALSE,24102,,,,FALSE,,FALSE,{},FALSE,200,FALSE,FALSE
136,Store Number,store_code,Store,str,FALSE,FALSE,FALSE,1.1,FALSE,FALSE,24101,,,,FALSE,,FALSE,{},FALSE,200,FALSE,FALSE
136,Sizes,sizes,Inventory,str,FALSE,FALSE,FALSE,3,FALSE,FALSE,330000,,,,FALSE,,TRUE,{},TRUE,200,FALSE,FALSE
5001,Custom KPIs,custom_kpis,others,str,FALSE,FALSE,FALSE,29,FALSE,FALSE,12252,,,,FALSE,,FALSE,{},TRUE,200,FALSE,FALSE
5002,Custom KPIs,custom_kpis,others,str,FALSE,FALSE,FALSE,29,FALSE,FALSE,12241,,,,FALSE,,FALSE,{},TRUE,200,FALSE,FALSE
5003,Custom KPIs,custom_kpis,others,str,FALSE,FALSE,FALSE,29,FALSE,FALSE,12242,,,,FALSE,,FALSE,{},TRUE,200,FALSE,FALSE
5004,Custom KPIs,custom_kpis,others,str,FALSE,FALSE,FALSE,29,FALSE,FALSE,12243,,,,FALSE,,FALSE,{},TRUE,200,FALSE,FALSE
5005,Custom KPIs,custom_kpis,others,str,FALSE,FALSE,FALSE,21,FALSE,FALSE,12244,,,,FALSE,,FALSE,{},TRUE,200,FALSE,FALSE
5007,Style Color ID,article,Product,str,TRUE,FALSE,FALSE,1,FALSE,FALSE,50071,,,,FALSE,,TRUE,"{""infiniteScrollingLoader"":""true""}",TRUE,200,FALSE,FALSE
5007,Category,l1_name,Product,str,FALSE,FALSE,FALSE,2,FALSE,FALSE,50072,,,,FALSE,,TRUE,{},TRUE,200,FALSE,FALSE
5007,Sub Category,l2_name,Product,str,FALSE,FALSE,FALSE,3,FALSE,FALSE,50073,,,,FALSE,,TRUE,{},TRUE,200,FALSE,FALSE
5007,Brand,l3_name,Product,str,FALSE,FALSE,FALSE,4,FALSE,FALSE,50074,,,,FALSE,,TRUE,{},TRUE,210,FALSE,FALSE
5007,Merchandise Category,l5_name,Product,str,FALSE,FALSE,FALSE,5,FALSE,FALSE,50075,,,,FALSE,,TRUE,{},TRUE,210,FALSE,FALSE
5007,Generic Article ID,l6_name,Product,str,FALSE,FALSE,FALSE,6,FALSE,FALSE,50076,,,,FALSE,,TRUE,{},TRUE,210,FALSE,FALSE
5007,Style Description,style_name,Product,str,FALSE,FALSE,FALSE,7,FALSE,FALSE,50077,,,,FALSE,,TRUE,{},TRUE,210,FALSE,FALSE
5007,LW Units,lw_units,Product,int,FALSE,FALSE,FALSE,8,FALSE,FALSE,50078,,,,FALSE,,FALSE,{},TRUE,150,FALSE,FALSE
5007,LW Revenue $,lw_revenue,Product,dollar,FALSE,FALSE,FALSE,9,FALSE,FALSE,50079,,,,FALSE,,FALSE,{},TRUE,160,FALSE,FALSE
5007,LW Margin $,lw_margin,Product,dollar,FALSE,FALSE,FALSE,10,FALSE,FALSE,50080,,,,FALSE,,FALSE,{},TRUE,120,FALSE,FALSE
5007,Promo %,promo_percentage,Product,percentage,FALSE,FALSE,FALSE,11,FALSE,FALSE,50081,,,,FALSE,,FALSE,{},TRUE,120,FALSE,FALSE
5007,ASP,aur,Product,dollar,FALSE,FALSE,FALSE,12,FALSE,FALSE,50082,,,,FALSE,,FALSE,{},TRUE,120,FALSE,FALSE
5007,Store On Hand,oh,Product,int,FALSE,FALSE,FALSE,13,FALSE,FALSE,50083,,,roundOff,FALSE,,FALSE,{},TRUE,200,FALSE,FALSE
5007,Store On Order,oo,Product,int,FALSE,FALSE,FALSE,14,FALSE,FALSE,50084,,,roundOff,FALSE,,FALSE,"{""isRangeFilter"": true}",TRUE,250,FALSE,FALSE
5007,In Transit to Store,it,Product,int,FALSE,FALSE,FALSE,15,FALSE,FALSE,50085,,,roundOff,FALSE,,FALSE,"{""isRangeFilter"": true}",TRUE,250,FALSE,FALSE
5007,OH + OO + IT,tot_inv,Product,int,FALSE,FALSE,FALSE,16,FALSE,FALSE,50086,,,roundOff,FALSE,,FALSE,"{""isRangeFilter"": true}",TRUE,250,FALSE,FALSE
5007,Bulk Remaining,oh_dc,Product,int,FALSE,FALSE,FALSE,17,FALSE,FALSE,50087,,,roundOff,FALSE,,FALSE,"{""isRangeFilter"": true}",TRUE,250,FALSE,FALSE
100,Custom KPIs,custom_kpis,others,str,FALSE,FALSE,FALSE,20,FALSE,FALSE,12245,,,,FALSE,,FALSE,{},TRUE,200,FALSE,FALSE
101,Custom KPIs,custom_kpis,others,str,FALSE,FALSE,FALSE,20,FALSE,FALSE,12246,,,,FALSE,,FALSE,{},TRUE,200,FALSE,FALSE
103,Custom KPIs,custom_kpis,others,str,FALSE,FALSE,FALSE,16,FALSE,FALSE,12247,,,,FALSE,,FALSE,{},TRUE,200,FALSE,FALSE
105,Custom KPIs,custom_kpis,others,str,FALSE,FALSE,FALSE,14,FALSE,FALSE,12248,,,,FALSE,,FALSE,{},TRUE,200,FALSE,FALSE
151,Custom KPIs,custom_kpis,others,str,FALSE,FALSE,FALSE,18,FALSE,FALSE,12249,,,,FALSE,,FALSE,{},TRUE,200,FALSE,FALSE
5006,Custom KPIs,custom_kpis,others,str,FALSE,FALSE,FALSE,12,FALSE,FALSE,12250,,,,FALSE,,FALSE,{},TRUE,200,FALSE,FALSE
97,Custom KPIs,custom_kpis,others,str,FALSE,FALSE,FALSE,11,FALSE,FALSE,12251,,,,FALSE,,FALSE,{},TRUE,200,FALSE,FALSE
249,Rule Level ID,rcl_code,Product,str,FALSE,FALSE,FALSE,1,FALSE,TRUE,249001,,FALSE,FALSE,FALSE,FALSE,FALSE,{},FALSE,200,FALSE,FALSE
249,Selected Level,level,Product,str,FALSE,FALSE,FALSE,2,FALSE,TRUE,249002,,,,FALSE,,FALSE,{},FALSE,200,FALSE,FALSE
249,Lowest Level,lowest_level,Product,str,FALSE,FALSE,FALSE,3,FALSE,TRUE,249003,,FALSE,FALSE,FALSE,FALSE,FALSE,{},FALSE,200,FALSE,FALSE
249,Priority,priority,Product,str,FALSE,FALSE,FALSE,4,FALSE,TRUE,249004,,FALSE,FALSE,FALSE,FALSE,FALSE,{},FALSE,200,FALSE,FALSE
249,Updated By,user,Product,str,FALSE,FALSE,FALSE,5,FALSE,TRUE,249005,,FALSE,FALSE,FALSE,FALSE,FALSE,{},FALSE,200,FALSE,FALSE
249,Last modified,updated_at,Product,date,FALSE,FALSE,FALSE,6,FALSE,TRUE,249006,,FALSE,DD-MM-YYYY,FALSE,FALSE,FALSE,{},FALSE,200,FALSE,FALSE
249,Action,action,Product,link,FALSE,FALSE,FALSE,7,FALSE,TRUE,249007,,FALSE,FALSE,FALSE,FALSE,FALSE,{},FALSE,200,FALSE,FALSE
2,SKU,product_code,product,str,TRUE,FALSE,FALSE,1,FALSE,FALSE,3,,,,FALSE,,TRUE,"{""is_grouping_key"": true}",TRUE,200,FALSE,FALSE
2,Style Color ID,article,product,str,TRUE,FALSE,FALSE,2,FALSE,FALSE,4,,unique,,FALSE,,TRUE,{},TRUE,200,FALSE,FALSE
2,Style Color Information,product_info,product,str,FALSE,FALSE,FALSE,3,FALSE,FALSE,321011,,,,FALSE,,TRUE,{},TRUE,200,FALSE,FALSE
2,Category,l1_name,product,str,FALSE,FALSE,FALSE,3,FALSE,FALSE,48,321011,unique,,FALSE,,TRUE,{},TRUE,200,FALSE,FALSE
2,Sub Category,l2_name,product,str,FALSE,FALSE,FALSE,4,FALSE,FALSE,47,321011,unique,,FALSE,,TRUE,"{""enableColumnExpand"": true, ""columnGroupShow"": ""open""}",TRUE,200,FALSE,FALSE
2,Brand,l3_name,product,str,FALSE,FALSE,FALSE,5,FALSE,FALSE,8,321011,unique,,FALSE,,TRUE,"{""enableColumnExpand"": true, ""columnGroupShow"": ""open""}",TRUE,200,FALSE,FALSE
2,Merchandise Category,l5_name,product,str,FALSE,FALSE,FALSE,6,FALSE,FALSE,9,321011,unique,,FALSE,,TRUE,"{""enableColumnExpand"": true, ""columnGroupShow"": ""open""}",TRUE,200,FALSE,FALSE
2,Generic Article ID,l6_name,product,str,FALSE,FALSE,FALSE,7,FALSE,FALSE,7,321011,unique,,FALSE,,TRUE,"{""enableColumnExpand"": true, ""columnGroupShow"": ""open""}",TRUE,200,FALSE,FALSE
2,Color,color,product,str,FALSE,FALSE,FALSE,8,FALSE,FALSE,55,321011,,,FALSE,,TRUE,"{""enableColumnExpand"": true, ""columnGroupShow"": ""open""}",TRUE,200,FALSE,FALSE
2,Size,size,product,str,FALSE,FALSE,FALSE,9,FALSE,FALSE,550000,,,,FALSE,,TRUE,{},TRUE,200,FALSE,FALSE
2,Status,status,custom,list,FALSE,TRUE,FALSE,10,FALSE,TRUE,1077,,count,,FALSE,,FALSE,"{""in_table_edit"": true}",FALSE,200,FALSE,FALSE
2,Status From Date,status_start_time,custom,datetime,FALSE,TRUE,FALSE,11,FALSE,TRUE,1917,,,,FALSE,,FALSE,"{""in_table_edit"": true}",FALSE,200,FALSE,FALSE
2,Status To Date,status_end_time,custom,datetime,FALSE,TRUE,FALSE,12,FALSE,FALSE,1918,,,,FALSE,,FALSE,"{""in_table_edit"": true}",FALSE,200,FALSE,FALSE
2,Updated At,updated_at,product,date,FALSE,FALSE,FALSE,13,FALSE,FALSE,1918000,,,,FALSE,,FALSE,{},FALSE,200,FALSE,FALSE
2,Updated By,updated_by,product,str,FALSE,FALSE,FALSE,14,FALSE,FALSE,19180001,,,,FALSE,,FALSE,{},FALSE,200,FALSE,FALSE
8,Style Color ID,article,product,str,TRUE,FALSE,FALSE,2,FALSE,FALSE,804,,unique,,FALSE,,TRUE,"{""is_grouping_key"": true}",TRUE,200,FALSE,FALSE
8,Style Color Information,product_info,product,str,FALSE,FALSE,FALSE,3,FALSE,FALSE,321012,,,,FALSE,,TRUE,{},TRUE,200,FALSE,FALSE
8,Category,l1_name,product,str,FALSE,FALSE,FALSE,3,FALSE,FALSE,8048,321012,unique,,FALSE,,TRUE,{},TRUE,200,FALSE,FALSE
8,Sub Category,l2_name,product,str,FALSE,FALSE,FALSE,4,FALSE,FALSE,8047,321012,unique,,FALSE,,TRUE,"{""enableColumnExpand"": true, ""columnGroupShow"": ""open""}",TRUE,200,FALSE,FALSE
8,Brand,l3_name,product,str,FALSE,FALSE,FALSE,5,FALSE,FALSE,808,321012,unique,,FALSE,,TRUE,"{""enableColumnExpand"": true, ""columnGroupShow"": ""open""}",TRUE,200,FALSE,FALSE
8,Merchandise Category,l5_name,product,str,FALSE,FALSE,FALSE,6,FALSE,FALSE,809,321012,unique,,FALSE,,TRUE,"{""enableColumnExpand"": true, ""columnGroupShow"": ""open""}",TRUE,200,FALSE,FALSE
8,Generic Article ID,l6_name,product,str,FALSE,FALSE,FALSE,7,FALSE,FALSE,807,321012,unique,,FALSE,,TRUE,"{""enableColumnExpand"": true, ""columnGroupShow"": ""open""}",TRUE,200,FALSE,FALSE
8,Color,color,product,str,FALSE,FALSE,FALSE,8,FALSE,FALSE,8055,321012,,,FALSE,,TRUE,"{""enableColumnExpand"": true, ""columnGroupShow"": ""open""}",TRUE,200,FALSE,FALSE
8,Size,size,product,str,FALSE,FALSE,FALSE,9,FALSE,FALSE,80550000,,,,FALSE,,TRUE,{},TRUE,200,FALSE,FALSE
8,Status,status,product,list,FALSE,TRUE,FALSE,10,FALSE,TRUE,801077,,count,,FALSE,,FALSE,"{""in_table_edit"": true}",FALSE,200,FALSE,FALSE
8,Status From Date,status_start_time,product,datetime,FALSE,TRUE,FALSE,11,FALSE,TRUE,801917,,,,FALSE,,FALSE,"{""in_table_edit"": true}",FALSE,200,FALSE,FALSE
8,Status To Date,status_end_time,product,datetime,FALSE,TRUE,FALSE,12,FALSE,FALSE,801918,,,,FALSE,,FALSE,"{""in_table_edit"": true}",FALSE,200,FALSE,FALSE
8,Updated At,updated_at,product,DateTimeField,FALSE,FALSE,FALSE,13,FALSE,FALSE,801918000,,,,FALSE,,FALSE,{},FALSE,200,FALSE,FALSE
8,Updated By,updated_by,product,str,FALSE,FALSE,FALSE,14,FALSE,FALSE,8019180001,,,,FALSE,,FALSE,{},FALSE,200,FALSE,FALSE
6,From Date ,status_start_time,custom,datetime,FALSE,TRUE,FALSE,5,FALSE,TRUE,6_status_start_time_From Date _custom,,,,FALSE,,FALSE,{},FALSE,200,FALSE,FALSE
6,Status,status,custom,list,FALSE,TRUE,FALSE,4,FALSE,TRUE,6_status_Status_custom,,count,,FALSE,,FALSE,{},FALSE,200,FALSE,FALSE
6,Store Name,store_name,store,str,TRUE,FALSE,FALSE,2,FALSE,FALSE,70,,unique,,FALSE,,TRUE,{},TRUE,200,FALSE,FALSE
6,Store Code,store_code,store,str,TRUE,FALSE,FALSE,1,FALSE,FALSE,10,,,,FALSE,,TRUE,"{""is_grouping_key"": true}",TRUE,200,FALSE,FALSE
6,Store Type,store_type,store,str,FALSE,FALSE,FALSE,4,FALSE,FALSE,5512316,,,,FALSE,,TRUE,{},TRUE,200,FALSE,FALSE
6,Region,region_name,store,str,FALSE,FALSE,FALSE,5,FALSE,FALSE,5512317,,,,FALSE,,TRUE,{},TRUE,200,FALSE,FALSE
6,To Date,status_end_time,custom,datetime,FALSE,TRUE,FALSE,6,FALSE,TRUE,6_status_end_time_To Date_custom,,,,FALSE,,FALSE,{},FALSE,200,FALSE,FALSE
6,Updated By,updated_by,store,str,FALSE,FALSE,FALSE,14,FALSE,FALSE,5512464,,,,FALSE,,TRUE,{},FALSE,200,FALSE,FALSE
6,Updated At,updated_at,store,DateTimeField,FALSE,FALSE,FALSE,15,FALSE,FALSE,5512465,,,,FALSE,,FALSE,{},FALSE,200,FALSE,FALSE
9,Article ID,product_code,product,str,TRUE,FALSE,FALSE,1,FALSE,FALSE,9001,,,,FALSE,,TRUE,{},TRUE,200,FALSE,FALSE
9,Generic Article ID,l6_name,product,str,TRUE,FALSE,FALSE,2,FALSE,FALSE,9002,,,,FALSE,,TRUE,{},TRUE,200,FALSE,FALSE
9,Product Description,product_description,product,str,TRUE,FALSE,FALSE,1,FALSE,FALSE,900133,,,,FALSE,,TRUE,{},TRUE,200,FALSE,FALSE
27,DC Name,store_name,store,str,TRUE,FALSE,FALSE,3,FALSE,FALSE,1f77dff7-8331-42e3-842c-ea50ef543b1b,,unique,,FALSE,,TRUE,{},TRUE,200,FALSE,FALSE
27,DC Number,store_code,store,str,TRUE,FALSE,FALSE,1,FALSE,FALSE,27_store_code_DC Number_store,,,,FALSE,,TRUE,"{""is_grouping_key"": true}",TRUE,200,FALSE,FALSE
27,From Date ,start_time,custom,datetime,FALSE,TRUE,FALSE,5,FALSE,TRUE,27_status_start_time_From Date _store,,,,FALSE,,FALSE,"{""in_table_edit"": true}",FALSE,200,FALSE,FALSE
27,Region,region_name,store,str,FALSE,FALSE,FALSE,7,FALSE,FALSE,f25d3860-fbc2-4cd9-bf16-f8302800bd8e,,,,FALSE,,TRUE,{},TRUE,200,FALSE,FALSE
27,Sales Organisation,sales_org_name,store,str,TRUE,FALSE,FALSE,2,FALSE,FALSE,27_store_code_Sales Organisation_Store,,,,FALSE,,TRUE,"{""is_grouping_key"": true}",TRUE,200,FALSE,FALSE
27,Status,status,custom,list,FALSE,TRUE,FALSE,4,FALSE,TRUE,27_status_Status_store,,count,,FALSE,,FALSE,"{""in_table_edit"": true}",FALSE,200,FALSE,FALSE
27,To Date,end_time,custom,datetime,FALSE,TRUE,FALSE,6,FALSE,TRUE,27_status_end_time_To Date_store,,,,FALSE,,FALSE,"{""in_table_edit"": true}",FALSE,200,FALSE,FALSE
27,Updated By,updated_by,store,str,FALSE,FALSE,FALSE,8,FALSE,FALSE,301000008,,,,FALSE,,FALSE,{},FALSE,200,FALSE,FALSE
27,Updated At,updated_at,store,DateTimeField,FALSE,FALSE,FALSE,9,FALSE,FALSE,700505005,,,,FALSE,,FALSE,{},FALSE,200,FALSE,FALSE
250,Style Color ID,article,product,str,TRUE,FALSE,FALSE,1,FALSE,FALSE,250001,,,,FALSE,,TRUE,"{""json_parent"" : ""rcl_dimension""}",FALSE,200,FALSE,FALSE
250,Size,size,product,str,TRUE,FALSE,FALSE,2,FALSE,FALSE,250002,,,,FALSE,,TRUE,"{""json_parent"" : ""rcl_dimension""}",FALSE,200,FALSE,FALSE
250,Style Color Information,product_info,product,str,FALSE,FALSE,FALSE,3,FALSE,FALSE,321014,,,,FALSE,,TRUE,{},FALSE,200,FALSE,FALSE
250,Article ID,product_code,product,str,FALSE,FALSE,FALSE,3,FALSE,FALSE,250003,321014,,,FALSE,,TRUE,{},TRUE,200,FALSE,FALSE
250,Category,l1_name,product,str,FALSE,FALSE,FALSE,4,FALSE,FALSE,250004,321014,,,FALSE,,TRUE,"{""json_parent"" : ""rcl_dimension"", ""enableColumnExpand"": true, ""columnGroupShow"": ""open""}",FALSE,200,FALSE,FALSE
250,Sub Category,l2_name,product,str,FALSE,FALSE,FALSE,5,FALSE,FALSE,250005,321014,,,FALSE,,TRUE,"{""json_parent"" : ""rcl_dimension"", ""enableColumnExpand"": true, ""columnGroupShow"": ""open""}",FALSE,200,FALSE,FALSE
250,Brand,l3_name,product,str,FALSE,FALSE,FALSE,6,FALSE,FALSE,250006,321014,,,FALSE,,TRUE,"{""json_parent"" : ""rcl_dimension"", ""enableColumnExpand"": true, ""columnGroupShow"": ""open""}",FALSE,200,FALSE,FALSE
250,Merchandise Category,l5_name,product,str,FALSE,FALSE,FALSE,7,FALSE,FALSE,250007,321014,,,FALSE,,TRUE,"{""json_parent"" : ""rcl_dimension"", ""enableColumnExpand"": true, ""columnGroupShow"": ""open""}",FALSE,200,FALSE,FALSE
250,Generic Article ID,l6_name,product,str,FALSE,FALSE,FALSE,8,FALSE,FALSE,250008,321014,,,FALSE,,TRUE,"{""json_parent"" : ""rcl_dimension"", ""enableColumnExpand"": true, ""columnGroupShow"": ""open""}",FALSE,200,FALSE,FALSE
250,Style Description,style_name,product,str,FALSE,FALSE,FALSE,9,FALSE,FALSE,250009,321014,,,FALSE,,TRUE,"{""enableColumnExpand"": true, ""columnGroupShow"": ""open""}",TRUE,200,FALSE,FALSE
250,Mapped Stores,mapped_stores_count,custom,link,FALSE,FALSE,FALSE,10,FALSE,FALSE,250010,,,,FALSE,,FALSE,{},FALSE,200,FALSE,FALSE
251,Action,action,Product,edit_icon,FALSE,FALSE,FALSE,5,FALSE,FALSE,251005,,,,FALSE,,FALSE,{},FALSE,200,FALSE,FALSE
251,Store Number,store_code,Store,str,FALSE,FALSE,FALSE,1,FALSE,FALSE,251001,,,,FALSE,,TRUE,{},TRUE,200,FALSE,FALSE
251,Sales Organisation,sales_org_name,Store,str,FALSE,FALSE,FALSE,3,FALSE,FALSE,251003,,,,FALSE,,TRUE,{},TRUE,200,FALSE,FALSE
251,Region,region_name,store,str,FALSE,FALSE,FALSE,4,FALSE,FALSE,251004,,,,FALSE,,TRUE,{},TRUE,200,FALSE,FALSE
251,Store Name,store_name,Store,str,FALSE,FALSE,FALSE,2,FALSE,FALSE,251002,,,,FALSE,,TRUE,{},TRUE,200,FALSE,FALSE
258,Region,region_name,Store,str,FALSE,FALSE,FALSE,1,FALSE,TRUE,258001,,,,FALSE,,TRUE,{},TRUE,200,FALSE,FALSE
258,Store Name,store_name,Store,str,FALSE,FALSE,FALSE,2,FALSE,TRUE,258002,,,,FALSE,,TRUE,{},TRUE,200,FALSE,FALSE
253,Store Code,store_code,Store,str,FALSE,FALSE,FALSE,1,FALSE,FALSE,253001,,,,FALSE,,TRUE,{},TRUE,200,FALSE,FALSE
253,Store Name,store_name,Store,str,FALSE,FALSE,FALSE,2,FALSE,FALSE,253002,,,,FALSE,,TRUE,{},TRUE,200,FALSE,FALSE
253,Region,region_name,Store,str,FALSE,FALSE,FALSE,3,FALSE,FALSE,253003,,,,FALSE,,TRUE,{},TRUE,200,FALSE,FALSE
253,From Date,from_date,Product Mapping,datetime,FALSE,FALSE,FALSE,4,FALSE,FALSE,253004,253006,,,FALSE,,FALSE,{},FALSE,200,FALSE,FALSE
253,To Date,to_date,Product Mapping,datetime,FALSE,FALSE,FALSE,4,FALSE,FALSE,253005,253006,,,FALSE,,FALSE,{},FALSE,200,FALSE,FALSE
253,Time Period,validity,Product Mapping,str,FALSE,FALSE,FALSE,5,FALSE,FALSE,253006,,,,FALSE,,FALSE,{},FALSE,200,FALSE,FALSE
232,Style/Style~Size,article,Product Mapping,,FALSE,FALSE,FALSE,,,FALSE,232001,,,,FALSE,,TRUE,{},TRUE,200,FALSE,FALSE
232,Style/Style~Size,size,Product Mapping,list,FALSE,TRUE,FALSE,1,FALSE,TRUE,232002,,,,FALSE,,FALSE,{},FALSE,200,FALSE,FALSE
19,Style Color ID,article,product,str,FALSE,FALSE,FALSE,1,FALSE,FALSE,113098434,,,,FALSE,,TRUE,"{""is_grouping_key"": true}",TRUE,200,FALSE,FALSE
19,Style Color Information,product_info,product,str,FALSE,FALSE,FALSE,2,FALSE,FALSE,321015,,,,FALSE,,TRUE,{},TRUE,200,FALSE,FALSE
19,Style Description,style_name,product,str,FALSE,FALSE,FALSE,2,FALSE,FALSE,713987411,321015,,,FALSE,,TRUE,{},TRUE,200,FALSE,FALSE
19,Category,l1_name,product,str,FALSE,FALSE,FALSE,4,FALSE,TRUE,113893905,321015,,,FALSE,,TRUE,"{""enableColumnExpand"": true, ""columnGroupShow"": ""open""}",TRUE,200,FALSE,FALSE
19,Brand,l3_name,product,str,FALSE,FALSE,FALSE,5,FALSE,TRUE,15394804,321015,,,FALSE,,TRUE,"{""enableColumnExpand"": true, ""columnGroupShow"": ""open""}",TRUE,200,FALSE,FALSE
19,Merchandise Category,l5_name,product,str,FALSE,FALSE,FALSE,6,FALSE,FALSE,134390846,321015,,,FALSE,,TRUE,"{""enableColumnExpand"": true, ""columnGroupShow"": ""open""}",TRUE,200,FALSE,FALSE
19,DC Mapped,dc_map,custom,list,FALSE,TRUE,FALSE,7,FALSE,TRUE,115656656,,,,FALSE,,FALSE,"{""hideToolTip"": true}",FALSE,200,FALSE,FALSE
281,Brand,l3_name,Product,str,FALSE,FALSE,TRUE,6,FALSE,FALSE,281_l3_name_SBU_Product,,,,FALSE,,TRUE,"{""json_parent"" : ""rcl_dimension""}",FALSE,200,FALSE,FALSE
281,Category,l1_name,Product,str,FALSE,FALSE,TRUE,4,FALSE,FALSE,281_l1_name_Channel_Product,,,,FALSE,,TRUE,"{""json_parent"" : ""rcl_dimension""}",FALSE,200,FALSE,FALSE
281,From Date,from_date,Product Mapping,datetime,FALSE,FALSE,FALSE,5.1,FALSE,TRUE,281_from_date_From date_Product Mapping,281_validity_Time Periods_Product Mapping,,,FALSE,,FALSE,{},FALSE,200,FALSE,FALSE
281,Merchandise Category,l5_name,Product,str,TRUE,FALSE,FALSE,2,FALSE,FALSE,281_size_Size_Product,,,,FALSE,,TRUE,"{""json_parent"" : ""rcl_dimension""}",FALSE,200,FALSE,FALSE
281,Sales Organisation Code,l0_name,Product,str,FALSE,FALSE,TRUE,3,FALSE,FALSE,281_l0_name_Country_Product,,,,FALSE,,TRUE,"{""json_parent"" : ""rcl_dimension""}",FALSE,200,FALSE,FALSE
281,Store Code,psa_name,Store,str,TRUE,FALSE,TRUE,1,FALSE,FALSE,281_psa_name_Store Code_Store,,,,FALSE,,TRUE,{},FALSE,200,FALSE,FALSE
281,Style Color,article,Product,str,TRUE,FALSE,TRUE,1,FALSE,FALSE,281_article_Article_Product,,,,FALSE,,TRUE,"{""json_parent"" : ""rcl_dimension""}",FALSE,200,FALSE,FALSE
281,Style ID,l5_name,Product,str,FALSE,FALSE,FALSE,1,FALSE,FALSE,281_l5_name_Collection Total_Product,,,,FALSE,,TRUE,"{""json_parent"" : ""rcl_dimension""}",FALSE,200,FALSE,FALSE
281,Sub Category,l2_name,Product,str,FALSE,FALSE,TRUE,5,FALSE,FALSE,281_l2_name_Brand_Product,,,,FALSE,,TRUE,"{""json_parent"" : ""rcl_dimension""}",FALSE,200,FALSE,FALSE
281,Time Periods,validity,Product Mapping,str,FALSE,FALSE,FALSE,5,FALSE,TRUE,281_validity_Time Periods_Product Mapping,,,,FALSE,,FALSE,{},FALSE,200,FALSE,FALSE
281,To Date,to_date,Product Mapping,datetime,FALSE,FALSE,FALSE,5.2,FALSE,TRUE,281_to_date_To Date_Product Mapping,281_validity_Time Periods_Product Mapping,,,FALSE,,FALSE,{},FALSE,200,FALSE,FALSE